outline_frame_id,outline_id,document_id,filename,product_model,heading_block_id,heading_text,section_path,parent_section_path,depth,page_start,page_end,page_bin,direct_text_block_count,descendant_text_block_count,direct_question_candidate_count,descendant_question_candidate_count,direct_char_count,descendant_char_count,direct_token_estimate,descendant_token_estimate,table_figure_block_count,direct_block_ids,descendant_block_ids,direct_source_frame_ids,question_outline_allowed,review_reason,stratum_id,candidate_rank_in_stratum,selected_for_question,selection_seed,selection_stage,review_status
7b2e79c5-ed95-43f3-bb4b-e882e3bfeefa:OUTLINE:3664e7fa7bf257b3,7b2e79c5-ed95-43f3-bb4b-e882e3bfeefa:OUTLINE:3664e7fa7bf257b3,7b2e79c5-ed95-43f3-bb4b-e882e3bfeefa,netgear-cm2000.pdf,CM2000,aca02ed3-3845-516e-940d-1d6d1389ccd4,Front Panel and LEDs,Hardware Setup > Front Panel and LEDs,Hardware Setup,2,5,6,P1,1,1,1,1,1613,1613,404,404,1,833c7618-7c73-5ea3-aaf6-5f74eae69f52,833c7618-7c73-5ea3-aaf6-5f74eae69f52,7b2e79c5-ed95-43f3-bb4b-e882e3bfeefa:833c7618-7c73-5ea3-aaf6-5f74eae69f52,True,leaf outline with direct text candidate,7b2e79c5-ed95-43f3-bb4b-e882e3bfeefa::P1,1,False,20260831,outline_random_pick,pending_manual_review
7b2e79c5-ed95-43f3-bb4b-e882e3bfeefa:OUTLINE:e271e0b47a14e4d5,7b2e79c5-ed95-43f3-bb4b-e882e3bfeefa:OUTLINE:e271e0b47a14e4d5,7b2e79c5-ed95-43f3-bb4b-e882e3bfeefa,netgear-cm2000.pdf,CM2000,85225b82-a0c7-5859-8f9d-a96a0e10512c,Rear Panel,Hardware Setup > Rear Panel,Hardware Setup,2,6,8,P1,1,1,1,1,821,821,206,206,1,724d26e2-ed75-5043-b025-de4c01da0714,724d26e2-ed75-5043-b025-de4c01da0714,7b2e79c5-ed95-43f3-bb4b-e882e3bfeefa:724d26e2-ed75-5043-b025-de4c01da0714,True,leaf outline with direct text candidate,7b2e79c5-ed95-43f3-bb4b-e882e3bfeefa::P1,2,True,20260831,outline_random_pick,pending_manual_review
7b2e79c5-ed95-43f3-bb4b-e882e3bfeefa:OUTLINE:7cd40e7c102d4666,7b2e79c5-ed95-43f3-bb4b-e882e3bfeefa:OUTLINE:7cd40e7c102d4666,7b2e79c5-ed95-43f3-bb4b-e882e3bfeefa,netgear-cm2000.pdf,CM2000,4e2eb180-851b-54cf-a8c0-f090eefb302a,Label,Hardware Setup > Label,Hardware Setup,2,8,8,P2,1,1,1,1,110,110,28,28,1,b9899548-cfa5-5bb4-8284-7d82e663abd1,b9899548-cfa5-5bb4-8284-7d82e663abd1,7b2e79c5-ed95-43f3-bb4b-e882e3bfeefa:b9899548-cfa5-5bb4-8284-7d82e663abd1,True,leaf outline with direct text candidate,7b2e79c5-ed95-43f3-bb4b-e882e3bfeefa::P2,4,True,20260831,outline_random_pick,pending_manual_review
7b2e79c5-ed95-43f3-bb4b-e882e3bfeefa:OUTLINE:00c717bfc128a4fa,7b2e79c5-ed95-43f3-bb4b-e882e3bfeefa:OUTLINE:00c717bfc128a4fa,7b2e79c5-ed95-43f3-bb4b-e882e3bfeefa,netgear-cm2000.pdf,CM2000,8892e19b-29ce-5433-83fc-d2f9e2da6c80,System Requirements,Hardware Setup > System Requirements,Hardware Setup,2,8,9,P2,1,1,1,1,402,402,101,101,0,2114aed4-1869-5c44-956a-f740b1082208,2114aed4-1869-5c44-956a-f740b1082208,7b2e79c5-ed95-43f3-bb4b-e882e3bfeefa:2114aed4-1869-5c44-956a-f740b1082208,True,leaf outline with direct text candidate,7b2e79c5-ed95-43f3-bb4b-e882e3bfeefa::P2,2,False,20260831,outline_random_pick,pending_manual_review
7b2e79c5-ed95-43f3-bb4b-e882e3bfeefa:OUTLINE:8887f5821b17179f,7b2e79c5-ed95-43f3-bb4b-e882e3bfeefa:OUTLINE:8887f5821b17179f,7b2e79c5-ed95-43f3-bb4b-e882e3bfeefa,netgear-cm2000.pdf,CM2000,6e492186-7b00-50a2-97bf-5a0ec184f854,Activate Your Internet Service,Hardware Setup > Install and Activate Your Cable Modem > Activate Your Internet Service,Hardware Setup > Install and Activate Your Cable Modem,3,10,11,P2,1,1,1,1,1789,1789,448,448,1,4270da4c-a5fb-5ae4-a513-fd42dc41cfbb,4270da4c-a5fb-5ae4-a513-fd42dc41cfbb,7b2e79c5-ed95-43f3-bb4b-e882e3bfeefa:4270da4c-a5fb-5ae4-a513-fd42dc41cfbb,True,leaf outline with direct text candidate,7b2e79c5-ed95-43f3-bb4b-e882e3bfeefa::P2,5,False,20260831,outline_random_pick,pending_manual_review
7b2e79c5-ed95-43f3-bb4b-e882e3bfeefa:OUTLINE:4b622d7b00d4e652,7b2e79c5-ed95-43f3-bb4b-e882e3bfeefa:OUTLINE:4b622d7b00d4e652,7b2e79c5-ed95-43f3-bb4b-e882e3bfeefa,netgear-cm2000.pdf,CM2000,214a490c-d529-5e3c-8c90-c8b9c0df6214,Connect Your Cable Modem to a Router After Installation and Activation,Hardware Setup > Install and Activate Your Cable Modem > Connect Your Cable Modem to a Router After Installation and Activation,Hardware Setup > Install and Activate Your Cable Modem,3,11,12,P2,1,1,1,1,705,705,177,177,0,8fd1b794-0507-59d3-88fa-2209736ef6da,8fd1b794-0507-59d3-88fa-2209736ef6da,7b2e79c5-ed95-43f3-bb4b-e882e3bfeefa:8fd1b794-0507-59d3-88fa-2209736ef6da,True,leaf outline with direct text candidate,7b2e79c5-ed95-43f3-bb4b-e882e3bfeefa::P2,1,True,20260831,outline_random_pick,pending_manual_review
7b2e79c5-ed95-43f3-bb4b-e882e3bfeefa:OUTLINE:5db7da070fe8fbd5,7b2e79c5-ed95-43f3-bb4b-e882e3bfeefa:OUTLINE:5db7da070fe8fbd5,7b2e79c5-ed95-43f3-bb4b-e882e3bfeefa,netgear-cm2000.pdf,CM2000,907308c4-30c4-5025-ad88-92440f633c4a,Perform a Speed Test,Hardware Setup > Install and Activate Your Cable Modem > Perform a Speed Test,Hardware Setup > Install and Activate Your Cable Modem,3,11,11,P2,1,1,1,1,224,224,56,56,0,8ed480ba-e35c-5a7d-85ba-ad748ae7732c,8ed480ba-e35c-5a7d-85ba-ad748ae7732c,7b2e79c5-ed95-43f3-bb4b-e882e3bfeefa:8ed480ba-e35c-5a7d-85ba-ad748ae7732c,True,leaf outline with direct text candidate,7b2e79c5-ed95-43f3-bb4b-e882e3bfeefa::P2,3,False,20260831,outline_random_pick,pending_manual_review
7b2e79c5-ed95-43f3-bb4b-e882e3bfeefa:OUTLINE:98f6c2f591f61009,7b2e79c5-ed95-43f3-bb4b-e882e3bfeefa:OUTLINE:98f6c2f591f61009,7b2e79c5-ed95-43f3-bb4b-e882e3bfeefa,netgear-cm2000.pdf,CM2000,3b6d4494-0910-5625-b417-33271fd4b6a2,Change the admin password,Manage Your Network > Change the admin password,Manage Your Network,2,14,15,P3,1,1,1,1,964,964,241,241,0,0de5a970-8b6a-5e57-ba98-6f57671a841c,0de5a970-8b6a-5e57-ba98-6f57671a841c,7b2e79c5-ed95-43f3-bb4b-e882e3bfeefa:0de5a970-8b6a-5e57-ba98-6f57671a841c,True,leaf outline with direct text candidate,7b2e79c5-ed95-43f3-bb4b-e882e3bfeefa::P3,4,True,20260831,outline_random_pick,pending_manual_review
7b2e79c5-ed95-43f3-bb4b-e882e3bfeefa:OUTLINE:6e8fcf4fbb28e0d9,7b2e79c5-ed95-43f3-bb4b-e882e3bfeefa:OUTLINE:6e8fcf4fbb28e0d9,7b2e79c5-ed95-43f3-bb4b-e882e3bfeefa,netgear-cm2000.pdf,CM2000,0d14c314-69fe-5546-8a29-bd062227dd8b,Log in to the cable modem,Manage Your Network > Log in to the cable modem,Manage Your Network,2,14,14,P3,1,1,1,1,661,661,166,166,0,4cb893dc-21bd-5b88-92cb-a874cd79e74e,4cb893dc-21bd-5b88-92cb-a874cd79e74e,7b2e79c5-ed95-43f3-bb4b-e882e3bfeefa:4cb893dc-21bd-5b88-92cb-a874cd79e74e,True,leaf outline with direct text candidate,7b2e79c5-ed95-43f3-bb4b-e882e3bfeefa::P3,1,False,20260831,outline_random_pick,pending_manual_review
7b2e79c5-ed95-43f3-bb4b-e882e3bfeefa:OUTLINE:6a53389304868c8b,7b2e79c5-ed95-43f3-bb4b-e882e3bfeefa:OUTLINE:6a53389304868c8b,7b2e79c5-ed95-43f3-bb4b-e882e3bfeefa,netgear-cm2000.pdf,CM2000,3267e31d-06e1-52ec-9be0-daf2ee12b678,View cable modem initialization,Manage Your Network > View cable modem initialization,Manage Your Network,2,15,15,P3,1,1,1,1,1223,1223,306,306,0,eb2ebf98-481f-54be-b4a3-56ea1bdf5749,eb2ebf98-481f-54be-b4a3-56ea1bdf5749,7b2e79c5-ed95-43f3-bb4b-e882e3bfeefa:eb2ebf98-481f-54be-b4a3-56ea1bdf5749,True,leaf outline with direct text candidate,7b2e79c5-ed95-43f3-bb4b-e882e3bfeefa::P3,2,True,20260831,outline_random_pick,pending_manual_review
7b2e79c5-ed95-43f3-bb4b-e882e3bfeefa:OUTLINE:3bc23220bb587976,7b2e79c5-ed95-43f3-bb4b-e882e3bfeefa:OUTLINE:3bc23220bb587976,7b2e79c5-ed95-43f3-bb4b-e882e3bfeefa,netgear-cm2000.pdf,CM2000,3459eefa-44c1-5b42-ace0-13f6dddd8d51,View cable modem status,Manage Your Network > View cable modem status,Manage Your Network,2,16,16,P3,1,1,1,1,490,490,123,123,0,89ec02e1-535c-52f6-9162-6966ecfbb9c3,89ec02e1-535c-52f6-9162-6966ecfbb9c3,7b2e79c5-ed95-43f3-bb4b-e882e3bfeefa:89ec02e1-535c-52f6-9162-6966ecfbb9c3,True,leaf outline with direct text candidate,7b2e79c5-ed95-43f3-bb4b-e882e3bfeefa::P3,3,False,20260831,outline_random_pick,pending_manual_review
7b2e79c5-ed95-43f3-bb4b-e882e3bfeefa:OUTLINE:806d55507579d4a7,7b2e79c5-ed95-43f3-bb4b-e882e3bfeefa:OUTLINE:806d55507579d4a7,7b2e79c5-ed95-43f3-bb4b-e882e3bfeefa,netgear-cm2000.pdf,CM2000,2c65e289-14c5-5b03-ad95-3337a4c6962a,Reboot the cable modem,Manage Your Network > Reboot the cable modem,Manage Your Network,2,17,18,P4,1,1,1,1,815,815,204,204,0,6d3c3709-9edf-533b-925d-d30eb7852b75,6d3c3709-9edf-533b-925d-d30eb7852b75,7b2e79c5-ed95-43f3-bb4b-e882e3bfeefa:6d3c3709-9edf-533b-925d-d30eb7852b75,True,leaf outline with direct text candidate,7b2e79c5-ed95-43f3-bb4b-e882e3bfeefa::P4,3,False,20260831,outline_random_pick,pending_manual_review
7b2e79c5-ed95-43f3-bb4b-e882e3bfeefa:OUTLINE:af19bc7befb0ca10,7b2e79c5-ed95-43f3-bb4b-e882e3bfeefa:OUTLINE:af19bc7befb0ca10,7b2e79c5-ed95-43f3-bb4b-e882e3bfeefa,netgear-cm2000.pdf,CM2000,f82e3bfa-b979-56d1-81a5-1a75022e378b,Specify the cable connection starting frequency,Manage Your Network > Specify the cable connection starting frequency,Manage Your Network,2,17,17,P4,1,1,1,1,850,850,213,213,0,d4e41f41-b904-5986-9e36-8f33dd80da5c,d4e41f41-b904-5986-9e36-8f33dd80da5c,7b2e79c5-ed95-43f3-bb4b-e882e3bfeefa:d4e41f41-b904-5986-9e36-8f33dd80da5c,True,leaf outline with direct text candidate,7b2e79c5-ed95-43f3-bb4b-e882e3bfeefa::P4,4,False,20260831,outline_random_pick,pending_manual_review
7b2e79c5-ed95-43f3-bb4b-e882e3bfeefa:OUTLINE:922aff4d97250b1a,7b2e79c5-ed95-43f3-bb4b-e882e3bfeefa:OUTLINE:922aff4d97250b1a,7b2e79c5-ed95-43f3-bb4b-e882e3bfeefa,netgear-cm2000.pdf,CM2000,a3606c4f-befa-5c17-b4b4-4717e4f6c4c2,Use the factory reset software button,Manage Your Network > Reset the cable modem to factory default settings > Use the factory reset software button,Manage Your Network > Reset the cable modem to factory default settings,3,19,19,P4,1,1,1,1,1028,1028,257,257,0,62f9a09d-d5a8-5805-8b92-4d0be62383ce,62f9a09d-d5a8-5805-8b92-4d0be62383ce,7b2e79c5-ed95-43f3-bb4b-e882e3bfeefa:62f9a09d-d5a8-5805-8b92-4d0be62383ce,True,leaf outline with direct text candidate,7b2e79c5-ed95-43f3-bb4b-e882e3bfeefa::P4,2,True,20260831,outline_random_pick,pending_manual_review
7b2e79c5-ed95-43f3-bb4b-e882e3bfeefa:OUTLINE:25d276b399cc0e63,7b2e79c5-ed95-43f3-bb4b-e882e3bfeefa:OUTLINE:25d276b399cc0e63,7b2e79c5-ed95-43f3-bb4b-e882e3bfeefa,netgear-cm2000.pdf,CM2000,0a341e5e-02d2-5640-be56-456e012bd56b,Use the reset button on the back panel,Manage Your Network > Reset the cable modem to factory default settings > Use the reset button on the back panel,Manage Your Network > Reset the cable modem to factory default settings,3,19,19,P4,1,1,1,1,433,433,109,109,0,c5c4c17f-c329-5b9c-837f-7d33e641682f,c5c4c17f-c329-5b9c-837f-7d33e641682f,7b2e79c5-ed95-43f3-bb4b-e882e3bfeefa:c5c4c17f-c329-5b9c-837f-7d33e641682f,True,leaf outline with direct text candidate,7b2e79c5-ed95-43f3-bb4b-e882e3bfeefa::P4,1,True,20260831,outline_random_pick,pending_manual_review
7b2e79c5-ed95-43f3-bb4b-e882e3bfeefa:OUTLINE:a071a10fef9360ce,7b2e79c5-ed95-43f3-bb4b-e882e3bfeefa:OUTLINE:a071a10fef9360ce,7b2e79c5-ed95-43f3-bb4b-e882e3bfeefa,netgear-cm2000.pdf,CM2000,f0acd1b4-cdf0-58be-a328-257d51ea348e,Cannot log in to the cable modem,Troubleshooting > Cannot log in to the cable modem,Troubleshooting,2,23,23,P5,1,1,1,1,1170,1170,293,293,0,85bd9c8e-a264-5649-acbc-73648b7ce861,85bd9c8e-a264-5649-acbc-73648b7ce861,7b2e79c5-ed95-43f3-bb4b-e882e3bfeefa:85bd9c8e-a264-5649-acbc-73648b7ce861,True,leaf outline with direct text candidate,7b2e79c5-ed95-43f3-bb4b-e882e3bfeefa::P5,3,True,20260831,outline_random_pick,pending_manual_review
7b2e79c5-ed95-43f3-bb4b-e882e3bfeefa:OUTLINE:8f47581d1b5990c8,7b2e79c5-ed95-43f3-bb4b-e882e3bfeefa:OUTLINE:8f47581d1b5990c8,7b2e79c5-ed95-43f3-bb4b-e882e3bfeefa,netgear-cm2000.pdf,CM2000,5efb2827-8535-50aa-80d2-e73318cd720a,Factory Settings,Supplemental Information > Factory Settings,Supplemental Information,2,25,25,P5,1,1,1,1,377,377,95,95,1,aaab89bf-432b-54b0-8b19-e4aba634a9a7,aaab89bf-432b-54b0-8b19-e4aba634a9a7,7b2e79c5-ed95-43f3-bb4b-e882e3bfeefa:aaab89bf-432b-54b0-8b19-e4aba634a9a7,True,leaf outline with direct text candidate,7b2e79c5-ed95-43f3-bb4b-e882e3bfeefa::P5,2,False,20260831,outline_random_pick,pending_manual_review
7b2e79c5-ed95-43f3-bb4b-e882e3bfeefa:OUTLINE:b934612f8b7cd99e,7b2e79c5-ed95-43f3-bb4b-e882e3bfeefa:OUTLINE:b934612f8b7cd99e,7b2e79c5-ed95-43f3-bb4b-e882e3bfeefa,netgear-cm2000.pdf,CM2000,7da7ea54-a795-5e86-813b-2c4cf96f42f5,Technical Specifications,Supplemental Information > Technical Specifications,Supplemental Information,2,25,26,P5,1,1,1,1,758,758,190,190,1,88695618-cf2a-5bf0-9a58-da1167d8f0c6,88695618-cf2a-5bf0-9a58-da1167d8f0c6,7b2e79c5-ed95-43f3-bb4b-e882e3bfeefa:88695618-cf2a-5bf0-9a58-da1167d8f0c6,True,leaf outline with direct text candidate,7b2e79c5-ed95-43f3-bb4b-e882e3bfeefa::P5,1,True,20260831,outline_random_pick,pending_manual_review
398c0bb9-3253-4629-a5ed-18f51d9fb36b:OUTLINE:601b0367a99c78a5,398c0bb9-3253-4629-a5ed-18f51d9fb36b:OUTLINE:601b0367a99c78a5,398c0bb9-3253-4629-a5ed-18f51d9fb36b,netgear-lm1200.pdf,LM1200,d13a1e0d-f4aa-5dbc-bc84-7485a209e361,Supported Mobile Broadband Bands,Introduction and Hardware Overview > Supported Mobile Broadband Bands,Introduction and Hardware Overview,2,8,9,P1,1,1,1,1,736,736,184,184,1,8906d18b-9f42-59e8-80d2-6a61d61889ce,8906d18b-9f42-59e8-80d2-6a61d61889ce,398c0bb9-3253-4629-a5ed-18f51d9fb36b:8906d18b-9f42-59e8-80d2-6a61d61889ce,True,leaf outline with direct text candidate,398c0bb9-3253-4629-a5ed-18f51d9fb36b::P1,4,False,20260831,outline_random_pick,pending_manual_review
398c0bb9-3253-4629-a5ed-18f51d9fb36b:OUTLINE:9238290c613deeba,398c0bb9-3253-4629-a5ed-18f51d9fb36b:OUTLINE:9238290c613deeba,398c0bb9-3253-4629-a5ed-18f51d9fb36b,netgear-lm1200.pdf,LM1200,6df4a1f6-d3db-5b5e-8bd2-1a546ef77702,Install the Nano SIM Card,Introduction and Hardware Overview > Install the Nano SIM Card,Introduction and Hardware Overview,2,10,10,P1,1,1,1,1,365,365,92,92,1,37f50132-32d9-5fb0-a62d-366e401ac417,37f50132-32d9-5fb0-a62d-366e401ac417,398c0bb9-3253-4629-a5ed-18f51d9fb36b:37f50132-32d9-5fb0-a62d-366e401ac417,True,leaf outline with direct text candidate,398c0bb9-3253-4629-a5ed-18f51d9fb36b::P1,2,True,20260831,outline_random_pick,pending_manual_review
398c0bb9-3253-4629-a5ed-18f51d9fb36b:OUTLINE:74c21fb15ad5bc5c,398c0bb9-3253-4629-a5ed-18f51d9fb36b:OUTLINE:74c21fb15ad5bc5c,398c0bb9-3253-4629-a5ed-18f51d9fb36b,netgear-lm1200.pdf,LM1200,fc660c00-9d33-5bdc-9fa4-f41f389bd0ce,Optional External Antenna,Introduction and Hardware Overview > Optional External Antenna,Introduction and Hardware Overview,2,16,16,P1,1,1,1,1,440,440,110,110,0,6bf86f5e-3407-5530-ae87-83da33229909,6bf86f5e-3407-5530-ae87-83da33229909,398c0bb9-3253-4629-a5ed-18f51d9fb36b:6bf86f5e-3407-5530-ae87-83da33229909,True,leaf outline with direct text candidate,398c0bb9-3253-4629-a5ed-18f51d9fb36b::P1,1,False,20260831,outline_random_pick,pending_manual_review
398c0bb9-3253-4629-a5ed-18f51d9fb36b:OUTLINE:48e34928377b828f,398c0bb9-3253-4629-a5ed-18f51d9fb36b:OUTLINE:48e34928377b828f,398c0bb9-3253-4629-a5ed-18f51d9fb36b,netgear-lm1200.pdf,LM1200,3f453e3c-a045-5259-8be3-7e0e07866e93,Connect a Computer to the LAN Port of the Modem,"Get Started > Connect a Computer, Switch, Hub, Router, or WiFi Router to the Modem > Connect a Computer to the LAN Port of the Modem","Get Started > Connect a Computer, Switch, Hub, Router, or WiFi Router to the Modem",3,19,19,P1,1,1,1,1,343,343,86,86,0,36789817-932f-55f7-9c50-bb45d2df0cbe,36789817-932f-55f7-9c50-bb45d2df0cbe,398c0bb9-3253-4629-a5ed-18f51d9fb36b:36789817-932f-55f7-9c50-bb45d2df0cbe,True,leaf outline with direct text candidate,398c0bb9-3253-4629-a5ed-18f51d9fb36b::P1,3,True,20260831,outline_random_pick,pending_manual_review
398c0bb9-3253-4629-a5ed-18f51d9fb36b:OUTLINE:38b50e33ee1e7189,398c0bb9-3253-4629-a5ed-18f51d9fb36b:OUTLINE:38b50e33ee1e7189,398c0bb9-3253-4629-a5ed-18f51d9fb36b,netgear-lm1200.pdf,LM1200,565ad6e1-3740-556d-adec-13ec2e8fd4df,Change the DHCP Server Settings,Manage the Modem LAN Settings > Change the DHCP Server Settings,Manage the Modem LAN Settings,2,28,30,P2,1,1,1,1,3574,3574,894,894,0,fa675707-eec3-5dae-b80f-46a21238adcf,fa675707-eec3-5dae-b80f-46a21238adcf,398c0bb9-3253-4629-a5ed-18f51d9fb36b:fa675707-eec3-5dae-b80f-46a21238adcf,True,leaf outline with direct text candidate,398c0bb9-3253-4629-a5ed-18f51d9fb36b::P2,3,True,20260831,outline_random_pick,pending_manual_review
398c0bb9-3253-4629-a5ed-18f51d9fb36b:OUTLINE:a3e6063e16c54654,398c0bb9-3253-4629-a5ed-18f51d9fb36b:OUTLINE:a3e6063e16c54654,398c0bb9-3253-4629-a5ed-18f51d9fb36b,netgear-lm1200.pdf,LM1200,4942335f-8f3b-5a77-a8ea-1b5aa6e4f717,Manage Mobile Broadband Auto Connect Options,Manage the Mobile Broadband Connection > Manage Mobile Broadband Auto Connect Options,Manage the Mobile Broadband Connection,2,35,36,P2,1,1,1,1,1544,1544,386,386,0,44157573-a57c-5a85-a69b-05c25c03dc6a,44157573-a57c-5a85-a69b-05c25c03dc6a,398c0bb9-3253-4629-a5ed-18f51d9fb36b:44157573-a57c-5a85-a69b-05c25c03dc6a,True,leaf outline with direct text candidate,398c0bb9-3253-4629-a5ed-18f51d9fb36b::P2,2,False,20260831,outline_random_pick,pending_manual_review
398c0bb9-3253-4629-a5ed-18f51d9fb36b:OUTLINE:88b9a28663a8f104,398c0bb9-3253-4629-a5ed-18f51d9fb36b:OUTLINE:88b9a28663a8f104,398c0bb9-3253-4629-a5ed-18f51d9fb36b,netgear-lm1200.pdf,LM1200,0805ead1-ea40-5062-bcdb-899924c35308,Manually Connect to or Disconnect From the Mobile Broadband Network,Manage the Mobile Broadband Connection > Manually Connect to or Disconnect From the Mobile Broadband Network,Manage the Mobile Broadband Connection,2,36,37,P2,1,1,1,1,1248,1248,312,312,0,cf1f57e0-473a-57f3-8d91-a52b0070e80b,cf1f57e0-473a-57f3-8d91-a52b0070e80b,398c0bb9-3253-4629-a5ed-18f51d9fb36b:cf1f57e0-473a-57f3-8d91-a52b0070e80b,True,leaf outline with direct text candidate,398c0bb9-3253-4629-a5ed-18f51d9fb36b::P2,1,True,20260831,outline_random_pick,pending_manual_review
398c0bb9-3253-4629-a5ed-18f51d9fb36b:OUTLINE:86696f313ad41e44,398c0bb9-3253-4629-a5ed-18f51d9fb36b:OUTLINE:86696f313ad41e44,398c0bb9-3253-4629-a5ed-18f51d9fb36b,netgear-lm1200.pdf,LM1200,8254775c-f286-555e-8e51-0cde64f336f7,Remove a Service or Application for Port Forwarding,Secure Your Network > Manage Port Forwarding for Incoming Traffic > Remove a Service or Application for Port Forwarding,Secure Your Network > Manage Port Forwarding for Incoming Traffic,3,46,47,P3,1,1,1,1,1111,1111,278,278,0,72dd6f50-8da8-5970-b90b-3a0719762e64,72dd6f50-8da8-5970-b90b-3a0719762e64,398c0bb9-3253-4629-a5ed-18f51d9fb36b:72dd6f50-8da8-5970-b90b-3a0719762e64,True,leaf outline with direct text candidate,398c0bb9-3253-4629-a5ed-18f51d9fb36b::P3,3,True,20260831,outline_random_pick,pending_manual_review
398c0bb9-3253-4629-a5ed-18f51d9fb36b:OUTLINE:f8bc4360594722fe,398c0bb9-3253-4629-a5ed-18f51d9fb36b:OUTLINE:f8bc4360594722fe,398c0bb9-3253-4629-a5ed-18f51d9fb36b,netgear-lm1200.pdf,LM1200,8bebaa3a-a8b7-59f5-84b4-6a6086088eac,Disable SIM Card Security,Secure Your Network > Manage SIM Card Security > Disable SIM Card Security,Secure Your Network > Manage SIM Card Security,3,60,61,P3,1,1,1,1,1674,1674,419,419,0,eb06abbc-3f74-5ddc-bfd6-17572beb2155,eb06abbc-3f74-5ddc-bfd6-17572beb2155,398c0bb9-3253-4629-a5ed-18f51d9fb36b:eb06abbc-3f74-5ddc-bfd6-17572beb2155,True,leaf outline with direct text candidate,398c0bb9-3253-4629-a5ed-18f51d9fb36b::P3,1,True,20260831,outline_random_pick,pending_manual_review
398c0bb9-3253-4629-a5ed-18f51d9fb36b:OUTLINE:f86a789c9e9a0005,398c0bb9-3253-4629-a5ed-18f51d9fb36b:OUTLINE:f86a789c9e9a0005,398c0bb9-3253-4629-a5ed-18f51d9fb36b,netgear-lm1200.pdf,LM1200,c694c98c-a035-5d1a-b18f-fc4fa95946a9,Unblock the SIM Card With a PUK,Secure Your Network > Manage SIM Card Security > Unblock the SIM Card With a PUK,Secure Your Network > Manage SIM Card Security,3,61,63,P3,1,1,1,1,2265,2265,567,567,0,f06eeb80-8260-5ab3-b32e-10d527e746ba,f06eeb80-8260-5ab3-b32e-10d527e746ba,398c0bb9-3253-4629-a5ed-18f51d9fb36b:f06eeb80-8260-5ab3-b32e-10d527e746ba,True,leaf outline with direct text candidate,398c0bb9-3253-4629-a5ed-18f51d9fb36b::P3,2,False,20260831,outline_random_pick,pending_manual_review
398c0bb9-3253-4629-a5ed-18f51d9fb36b:OUTLINE:b4a5a1f2d7436471,398c0bb9-3253-4629-a5ed-18f51d9fb36b:OUTLINE:b4a5a1f2d7436471,398c0bb9-3253-4629-a5ed-18f51d9fb36b,netgear-lm1200.pdf,LM1200,03b224c9-0753-5994-a901-f3c690482ca9,Use the Reset Button,Manage the Modem and Monitor Usage and the Network > Return the Modem to Its Factory Default Settings > Use the Reset Button,Manage the Modem and Monitor Usage and the Network > Return the Modem to Its Factory Default Settings,3,68,68,P4,1,1,1,1,540,540,135,135,0,e7264e0e-16a2-518b-8299-9a9b07e24bc6,e7264e0e-16a2-518b-8299-9a9b07e24bc6,398c0bb9-3253-4629-a5ed-18f51d9fb36b:e7264e0e-16a2-518b-8299-9a9b07e24bc6,True,leaf outline with direct text candidate,398c0bb9-3253-4629-a5ed-18f51d9fb36b::P4,4,False,20260831,outline_random_pick,pending_manual_review
398c0bb9-3253-4629-a5ed-18f51d9fb36b:OUTLINE:65329abb6d0ed1e0,398c0bb9-3253-4629-a5ed-18f51d9fb36b:OUTLINE:65329abb6d0ed1e0,398c0bb9-3253-4629-a5ed-18f51d9fb36b,netgear-lm1200.pdf,LM1200,a0c797d2-5996-58f9-9e97-fcb40dc23499,View Monthly Data and Session Data Usage,Manage the Modem and Monitor Usage and the Network > View Monthly Data and Session Data Usage,Manage the Modem and Monitor Usage and the Network,2,69,70,P4,1,1,1,1,1711,1711,428,428,0,7e1a62c7-f256-5d08-a456-a62949c30491,7e1a62c7-f256-5d08-a456-a62949c30491,398c0bb9-3253-4629-a5ed-18f51d9fb36b:7e1a62c7-f256-5d08-a456-a62949c30491,True,leaf outline with direct text candidate,398c0bb9-3253-4629-a5ed-18f51d9fb36b::P4,3,True,20260831,outline_random_pick,pending_manual_review
398c0bb9-3253-4629-a5ed-18f51d9fb36b:OUTLINE:445d1e1ec41ff4e9,398c0bb9-3253-4629-a5ed-18f51d9fb36b:OUTLINE:445d1e1ec41ff4e9,398c0bb9-3253-4629-a5ed-18f51d9fb36b,netgear-lm1200.pdf,LM1200,f6aa16e1-51f9-54b0-8d61-703e1302f096,Set a Plan Limit for the Data Counter,Manage the Modem and Monitor Usage and the Network > Set a Plan Limit for the Data Counter,Manage the Modem and Monitor Usage and the Network,2,70,71,P4,1,1,1,1,1390,1390,348,348,0,0ccb8b69-decb-5c77-9ef9-18e520716b11,0ccb8b69-decb-5c77-9ef9-18e520716b11,398c0bb9-3253-4629-a5ed-18f51d9fb36b:0ccb8b69-decb-5c77-9ef9-18e520716b11,True,leaf outline with direct text candidate,398c0bb9-3253-4629-a5ed-18f51d9fb36b::P4,5,False,20260831,outline_random_pick,pending_manual_review
398c0bb9-3253-4629-a5ed-18f51d9fb36b:OUTLINE:c5ec0706d24d88c7,398c0bb9-3253-4629-a5ed-18f51d9fb36b:OUTLINE:c5ec0706d24d88c7,398c0bb9-3253-4629-a5ed-18f51d9fb36b,netgear-lm1200.pdf,LM1200,8cf131b4-ea9c-5029-81ff-977ba17f8b88,What do I do when I can’t access the Internet?,Frequently Asked Questions > What do I do when I can’t access the Internet?,Frequently Asked Questions,2,83,83,P4,1,1,1,1,558,558,140,140,0,22b9d588-290e-56c3-b9f2-4a21b8441b18,22b9d588-290e-56c3-b9f2-4a21b8441b18,398c0bb9-3253-4629-a5ed-18f51d9fb36b:22b9d588-290e-56c3-b9f2-4a21b8441b18,True,leaf outline with direct text candidate,398c0bb9-3253-4629-a5ed-18f51d9fb36b::P4,1,False,20260831,outline_random_pick,pending_manual_review
398c0bb9-3253-4629-a5ed-18f51d9fb36b:OUTLINE:623d8b68d20208e6,398c0bb9-3253-4629-a5ed-18f51d9fb36b:OUTLINE:623d8b68d20208e6,398c0bb9-3253-4629-a5ed-18f51d9fb36b,netgear-lm1200.pdf,LM1200,04e3bb95-caf7-55e5-9bc1-9a5c777f48b1,How do I access the modem’s web pages?,Frequently Asked Questions > How do I access the modem’s web pages?,Frequently Asked Questions,2,84,84,P4,1,1,1,1,118,118,30,30,0,43434cb0-0be2-5d97-be19-dfb7256b7c44,43434cb0-0be2-5d97-be19-dfb7256b7c44,398c0bb9-3253-4629-a5ed-18f51d9fb36b:43434cb0-0be2-5d97-be19-dfb7256b7c44,True,leaf outline with direct text candidate,398c0bb9-3253-4629-a5ed-18f51d9fb36b::P4,2,True,20260831,outline_random_pick,pending_manual_review
398c0bb9-3253-4629-a5ed-18f51d9fb36b:OUTLINE:d07dcb731c37a0a4,398c0bb9-3253-4629-a5ed-18f51d9fb36b:OUTLINE:d07dcb731c37a0a4,398c0bb9-3253-4629-a5ed-18f51d9fb36b,netgear-lm1200.pdf,LM1200,604fed05-b71b-523d-a976-95a5bfc30754,How do I disconnect from the mobile broadband network?,Frequently Asked Questions > How do I disconnect from the mobile broadband network?,Frequently Asked Questions,2,85,85,P5,1,1,1,1,770,770,193,193,0,28cee3a7-23fe-576a-84f2-2a8e77e2689c,28cee3a7-23fe-576a-84f2-2a8e77e2689c,398c0bb9-3253-4629-a5ed-18f51d9fb36b:28cee3a7-23fe-576a-84f2-2a8e77e2689c,True,leaf outline with direct text candidate,398c0bb9-3253-4629-a5ed-18f51d9fb36b::P5,2,False,20260831,outline_random_pick,pending_manual_review
398c0bb9-3253-4629-a5ed-18f51d9fb36b:OUTLINE:d3163e7ae31e618d,398c0bb9-3253-4629-a5ed-18f51d9fb36b:OUTLINE:d3163e7ae31e618d,398c0bb9-3253-4629-a5ed-18f51d9fb36b,netgear-lm1200.pdf,LM1200,04519b9f-b01d-557c-b4c6-1c36beeee581,Alert Messages,Alerts and Troubleshooting > Alert Messages,Alerts and Troubleshooting,2,91,91,P5,1,1,1,1,1200,1200,300,300,1,ecb1143f-6095-5459-b965-f4eca8e4245c,ecb1143f-6095-5459-b965-f4eca8e4245c,398c0bb9-3253-4629-a5ed-18f51d9fb36b:ecb1143f-6095-5459-b965-f4eca8e4245c,True,leaf outline with direct text candidate,398c0bb9-3253-4629-a5ed-18f51d9fb36b::P5,5,False,20260831,outline_random_pick,pending_manual_review
398c0bb9-3253-4629-a5ed-18f51d9fb36b:OUTLINE:6359ba84b27768d6,398c0bb9-3253-4629-a5ed-18f51d9fb36b:OUTLINE:6359ba84b27768d6,398c0bb9-3253-4629-a5ed-18f51d9fb36b,netgear-lm1200.pdf,LM1200,bb921a9e-5afd-5f1a-b34b-be3e6be3ad15,Quick Tips for Troubleshooting,Alerts and Troubleshooting > Quick Tips for Troubleshooting,Alerts and Troubleshooting,2,91,92,P5,1,1,1,1,1073,1073,269,269,1,82ef2627-a58c-55ae-ab74-3f865a33e979,82ef2627-a58c-55ae-ab74-3f865a33e979,398c0bb9-3253-4629-a5ed-18f51d9fb36b:82ef2627-a58c-55ae-ab74-3f865a33e979,True,leaf outline with direct text candidate,398c0bb9-3253-4629-a5ed-18f51d9fb36b::P5,3,True,20260831,outline_random_pick,pending_manual_review
398c0bb9-3253-4629-a5ed-18f51d9fb36b:OUTLINE:540f7aed0e05d214,398c0bb9-3253-4629-a5ed-18f51d9fb36b:OUTLINE:540f7aed0e05d214,398c0bb9-3253-4629-a5ed-18f51d9fb36b,netgear-lm1200.pdf,LM1200,69c28e5f-e669-58fd-a825-6252c69d74a0,Obtain an Internet IP Address From Your Service Provider,Alerts and Troubleshooting > Troubleshoot the Mobile Broadband Internet Connection > Obtain an Internet IP Address From Your Service Provider,Alerts and Troubleshooting > Troubleshoot the Mobile Broadband Internet Connection,3,95,96,P5,1,1,1,1,898,898,225,225,0,6f442d4b-b8ba-5fe7-b4e9-9e90463dc194,6f442d4b-b8ba-5fe7-b4e9-9e90463dc194,398c0bb9-3253-4629-a5ed-18f51d9fb36b:6f442d4b-b8ba-5fe7-b4e9-9e90463dc194,True,leaf outline with direct text candidate,398c0bb9-3253-4629-a5ed-18f51d9fb36b::P5,1,True,20260831,outline_random_pick,pending_manual_review
398c0bb9-3253-4629-a5ed-18f51d9fb36b:OUTLINE:46dbdc8c2215d3a5,398c0bb9-3253-4629-a5ed-18f51d9fb36b:OUTLINE:46dbdc8c2215d3a5,398c0bb9-3253-4629-a5ed-18f51d9fb36b,netgear-lm1200.pdf,LM1200,8929301f-af95-5d23-a36a-4a5b7dce334e,Test the Path From Your Computer to a Remote Device,Alerts and Troubleshooting > TCP/IP Network Not Responding > Test the Path From Your Computer to a Remote Device,Alerts and Troubleshooting > TCP/IP Network Not Responding,3,97,98,P5,1,1,1,1,1322,1322,331,331,0,2650f530-95f3-5f7a-b11f-acb33d44bc62,2650f530-95f3-5f7a-b11f-acb33d44bc62,398c0bb9-3253-4629-a5ed-18f51d9fb36b:2650f530-95f3-5f7a-b11f-acb33d44bc62,True,leaf outline with direct text candidate,398c0bb9-3253-4629-a5ed-18f51d9fb36b::P5,4,False,20260831,outline_random_pick,pending_manual_review
d363d52d-99b4-4258-9e83-eca4fbdf4722:OUTLINE:5e35b0410f75a90b,d363d52d-99b4-4258-9e83-eca4fbdf4722:OUTLINE:5e35b0410f75a90b,d363d52d-99b4-4258-9e83-eca4fbdf4722,netgear-r6350.pdf,R6350,330747fc-d02d-5e9d-b9d3-c3f035aa42b8,Wall-Mount Your Router,Hardware Overview of the Router > Wall-Mount Your Router,Hardware Overview of the Router,2,16,17,P1,1,1,1,1,537,537,135,135,1,82df858c-58dc-5218-ab49-31371a22c36b,82df858c-58dc-5218-ab49-31371a22c36b,d363d52d-99b4-4258-9e83-eca4fbdf4722:82df858c-58dc-5218-ab49-31371a22c36b,True,leaf outline with direct text candidate,d363d52d-99b4-4258-9e83-eca4fbdf4722::P1,3,False,20260831,outline_random_pick,pending_manual_review
d363d52d-99b4-4258-9e83-eca4fbdf4722:OUTLINE:45cb4eb30e732d61,d363d52d-99b4-4258-9e83-eca4fbdf4722:OUTLINE:45cb4eb30e732d61,d363d52d-99b4-4258-9e83-eca4fbdf4722,netgear-r6350.pdf,R6350,a807c8ef-49b0-50a8-b37a-fb6bad347d8f,Change the language,Connect to the Network and Access the Router > Change the language,Connect to the Network and Access the Router,2,23,23,P1,1,1,1,1,705,705,177,177,0,828f4d55-febe-5dbd-a701-f2a193bb73b3,828f4d55-febe-5dbd-a701-f2a193bb73b3,d363d52d-99b4-4258-9e83-eca4fbdf4722:828f4d55-febe-5dbd-a701-f2a193bb73b3,True,leaf outline with direct text candidate,d363d52d-99b4-4258-9e83-eca4fbdf4722::P1,2,False,20260831,outline_random_pick,pending_manual_review
d363d52d-99b4-4258-9e83-eca4fbdf4722:OUTLINE:d0ee27b3b2631033,d363d52d-99b4-4258-9e83-eca4fbdf4722:OUTLINE:d0ee27b3b2631033,d363d52d-99b4-4258-9e83-eca4fbdf4722,netgear-r6350.pdf,R6350,68ca60e0-75b4-5d91-a8c3-ffbd314ff508,Specify an Internet connection that uses a login and PPPoE service,Specify Your Internet Settings > Manually set up the Internet connection > Specify an Internet connection that uses a login and PPPoE service,Specify Your Internet Settings > Manually set up the Internet connection,3,27,28,P1,1,1,1,1,3179,3179,795,795,0,1190a45f-877b-5cd2-a8d9-5ab1c390c374,1190a45f-877b-5cd2-a8d9-5ab1c390c374,d363d52d-99b4-4258-9e83-eca4fbdf4722:1190a45f-877b-5cd2-a8d9-5ab1c390c374,True,leaf outline with direct text candidate,d363d52d-99b4-4258-9e83-eca4fbdf4722::P1,4,True,20260831,outline_random_pick,pending_manual_review
d363d52d-99b4-4258-9e83-eca4fbdf4722:OUTLINE:d330686b16c734af,d363d52d-99b4-4258-9e83-eca4fbdf4722:OUTLINE:d330686b16c734af,d363d52d-99b4-4258-9e83-eca4fbdf4722,netgear-r6350.pdf,R6350,acfe1994-f10a-5e64-8fdf-f049293fd228,Set up an IPv6 6to4 tunnel Internet connection,Specify Your Internet Settings > Specify IPv6 Internet connections > Set up an IPv6 6to4 tunnel Internet connection,Specify Your Internet Settings > Specify IPv6 Internet connections,3,34,35,P1,1,1,1,1,2548,2548,637,637,0,ad49e55f-a53b-5c41-8bf1-a36c022c9b3b,ad49e55f-a53b-5c41-8bf1-a36c022c9b3b,d363d52d-99b4-4258-9e83-eca4fbdf4722:ad49e55f-a53b-5c41-8bf1-a36c022c9b3b,True,leaf outline with direct text candidate,d363d52d-99b4-4258-9e83-eca4fbdf4722::P1,1,True,20260831,outline_random_pick,pending_manual_review
d363d52d-99b4-4258-9e83-eca4fbdf4722:OUTLINE:88cdae4e848e09b9,d363d52d-99b4-4258-9e83-eca4fbdf4722:OUTLINE:88cdae4e848e09b9,d363d52d-99b4-4258-9e83-eca4fbdf4722,netgear-r6350.pdf,R6350,1f607def-6af3-595e-9fdb-3e8b327a3b8a,MTU concepts,Specify Your Internet Settings > Manage the MTU size > MTU concepts,Specify Your Internet Settings > Manage the MTU size,3,42,43,P2,1,1,1,1,2005,2005,502,502,1,ae418564-dba4-5258-bb5b-731e4c45585d,ae418564-dba4-5258-bb5b-731e4c45585d,d363d52d-99b4-4258-9e83-eca4fbdf4722:ae418564-dba4-5258-bb5b-731e4c45585d,True,leaf outline with direct text candidate,d363d52d-99b4-4258-9e83-eca4fbdf4722::P2,1,False,20260831,outline_random_pick,pending_manual_review
d363d52d-99b4-4258-9e83-eca4fbdf4722:OUTLINE:fac12b6c6fd62dc2,d363d52d-99b4-4258-9e83-eca4fbdf4722:OUTLINE:fac12b6c6fd62dc2,d363d52d-99b4-4258-9e83-eca4fbdf4722,netgear-r6350.pdf,R6350,2478c3d2-0377-50d1-b69b-f398fe80e168,Change the MTU size,Specify Your Internet Settings > Manage the MTU size > Change the MTU size,Specify Your Internet Settings > Manage the MTU size,3,43,43,P2,1,1,1,1,1049,1049,263,263,0,d4e1d4fc-7655-51fc-8d81-af75a4b11734,d4e1d4fc-7655-51fc-8d81-af75a4b11734,d363d52d-99b4-4258-9e83-eca4fbdf4722:d4e1d4fc-7655-51fc-8d81-af75a4b11734,True,leaf outline with direct text candidate,d363d52d-99b4-4258-9e83-eca4fbdf4722::P2,4,True,20260831,outline_random_pick,pending_manual_review
d363d52d-99b4-4258-9e83-eca4fbdf4722:OUTLINE:f870b0410fe0711a,d363d52d-99b4-4258-9e83-eca4fbdf4722:OUTLINE:f870b0410fe0711a,d363d52d-99b4-4258-9e83-eca4fbdf4722,netgear-r6350.pdf,R6350,b2c2acf8-ba60-5f63-a4c1-b5a12fc1bf64,Remove a QoS Rule,Optimize Performance > Manage Default and Custom QoS Rules > Remove a QoS Rule,Optimize Performance > Manage Default and Custom QoS Rules,3,49,49,P2,1,1,1,1,780,780,195,195,0,31b5dd16-326a-5e79-817f-c2585e0248a2,31b5dd16-326a-5e79-817f-c2585e0248a2,d363d52d-99b4-4258-9e83-eca4fbdf4722:31b5dd16-326a-5e79-817f-c2585e0248a2,True,leaf outline with direct text candidate,d363d52d-99b4-4258-9e83-eca4fbdf4722::P2,3,True,20260831,outline_random_pick,pending_manual_review
d363d52d-99b4-4258-9e83-eca4fbdf4722:OUTLINE:ab4abb4e4c6e01de,d363d52d-99b4-4258-9e83-eca4fbdf4722:OUTLINE:ab4abb4e4c6e01de,d363d52d-99b4-4258-9e83-eca4fbdf4722,netgear-r6350.pdf,R6350,a301de28-b8f9-5876-9d74-f9c8c3fe11d7,Manage the Basic WiFi Settings and WiFi Security of the Guest Network,Manage the Basic WiFi Network Settings > Manage the Basic WiFi Settings and WiFi Security of the Guest Network,Manage the Basic WiFi Network Settings,2,67,70,P2,1,1,1,1,8548,8548,2137,2137,0,5a8ea064-f6fa-5420-9823-be8bde7d1d4c,5a8ea064-f6fa-5420-9823-be8bde7d1d4c,d363d52d-99b4-4258-9e83-eca4fbdf4722:5a8ea064-f6fa-5420-9823-be8bde7d1d4c,True,leaf outline with direct text candidate,d363d52d-99b4-4258-9e83-eca4fbdf4722::P2,2,False,20260831,outline_random_pick,pending_manual_review
d363d52d-99b4-4258-9e83-eca4fbdf4722:OUTLINE:c13e62b9f187f6d4,d363d52d-99b4-4258-9e83-eca4fbdf4722:OUTLINE:c13e62b9f187f6d4,d363d52d-99b4-4258-9e83-eca4fbdf4722,netgear-r6350.pdf,R6350,743c607c-7df2-502d-be68-fe7782d17d8e,Map a USB device to a Windows network drive,Share USB Storage Devices Attached to the Router > Map a USB device to a Windows network drive,Share USB Storage Devices Attached to the Router,2,92,93,P3,1,1,1,1,1170,1170,293,293,0,99499532-5b21-5760-a622-cfdce7cb36f4,99499532-5b21-5760-a622-cfdce7cb36f4,d363d52d-99b4-4258-9e83-eca4fbdf4722:99499532-5b21-5760-a622-cfdce7cb36f4,True,leaf outline with direct text candidate,d363d52d-99b4-4258-9e83-eca4fbdf4722::P3,4,False,20260831,outline_random_pick,pending_manual_review
d363d52d-99b4-4258-9e83-eca4fbdf4722:OUTLINE:8ea5c049a8abf47b,d363d52d-99b4-4258-9e83-eca4fbdf4722:OUTLINE:8ea5c049a8abf47b,d363d52d-99b4-4258-9e83-eca4fbdf4722,netgear-r6350.pdf,R6350,1fdf46d2-8518-5b1b-a1b2-dffede20f159,Manage Access to a Storage Device,Share USB Storage Devices Attached to the Router > Manage Access to a Storage Device,Share USB Storage Devices Attached to the Router,2,97,98,P3,1,1,1,1,3868,3868,967,967,0,0528f0b9-15e5-5482-9a68-0f02d2d61d68,0528f0b9-15e5-5482-9a68-0f02d2d61d68,d363d52d-99b4-4258-9e83-eca4fbdf4722:0528f0b9-15e5-5482-9a68-0f02d2d61d68,True,leaf outline with direct text candidate,d363d52d-99b4-4258-9e83-eca4fbdf4722::P3,5,True,20260831,outline_random_pick,pending_manual_review
d363d52d-99b4-4258-9e83-eca4fbdf4722:OUTLINE:902cbde304aea84b,d363d52d-99b4-4258-9e83-eca4fbdf4722:OUTLINE:902cbde304aea84b,d363d52d-99b4-4258-9e83-eca4fbdf4722,netgear-r6350.pdf,R6350,2c8dccb2-22ff-57f9-a084-ef5395d58db1,Edit a network folder on a USB storage device,Share USB Storage Devices Attached to the Router > Edit a network folder on a USB storage device,Share USB Storage Devices Attached to the Router,2,101,102,P3,1,1,1,1,859,859,215,215,0,12d6aaad-d982-5f95-8b7d-63ba7706aba5,12d6aaad-d982-5f95-8b7d-63ba7706aba5,d363d52d-99b4-4258-9e83-eca4fbdf4722:12d6aaad-d982-5f95-8b7d-63ba7706aba5,True,leaf outline with direct text candidate,d363d52d-99b4-4258-9e83-eca4fbdf4722::P3,2,True,20260831,outline_random_pick,pending_manual_review
d363d52d-99b4-4258-9e83-eca4fbdf4722:OUTLINE:286ec77ba10a2808,d363d52d-99b4-4258-9e83-eca4fbdf4722:OUTLINE:286ec77ba10a2808,d363d52d-99b4-4258-9e83-eca4fbdf4722,netgear-r6350.pdf,R6350,0b91f5d2-170e-5454-8777-46fc2d4898ce,Set Up the Router’s iTunes Server With the Remote App,Use the Router as a Media Server > Play Music From a Storage Device With iTunes Server > Set Up the Router’s iTunes Server With the Remote App,Use the Router as a Media Server > Play Music From a Storage Device With iTunes Server,3,112,113,P3,1,1,1,1,1933,1933,484,484,0,87bbfe04-4eff-5911-879c-c7b27d6bcb7a,87bbfe04-4eff-5911-879c-c7b27d6bcb7a,d363d52d-99b4-4258-9e83-eca4fbdf4722:87bbfe04-4eff-5911-879c-c7b27d6bcb7a,True,leaf outline with direct text candidate,d363d52d-99b4-4258-9e83-eca4fbdf4722::P3,1,False,20260831,outline_random_pick,pending_manual_review
d363d52d-99b4-4258-9e83-eca4fbdf4722:OUTLINE:c27c0cf701a42141,d363d52d-99b4-4258-9e83-eca4fbdf4722:OUTLINE:c27c0cf701a42141,d363d52d-99b4-4258-9e83-eca4fbdf4722,netgear-r6350.pdf,R6350,2c18ffa4-9554-58b4-8ced-e1d2b5aceae1,Manage VPN Pass-Through,Manage the WAN and LAN Network Settings > Manage VPN Pass-Through,Manage the WAN and LAN Network Settings,2,119,119,P3,1,1,1,1,1041,1041,261,261,0,3fbed70d-f242-5a78-90cc-f0f2674fe5f7,3fbed70d-f242-5a78-90cc-f0f2674fe5f7,d363d52d-99b4-4258-9e83-eca4fbdf4722:3fbed70d-f242-5a78-90cc-f0f2674fe5f7,True,leaf outline with direct text candidate,d363d52d-99b4-4258-9e83-eca4fbdf4722::P3,3,True,20260831,outline_random_pick,pending_manual_review
d363d52d-99b4-4258-9e83-eca4fbdf4722:OUTLINE:7ab9b7da4356c04e,d363d52d-99b4-4258-9e83-eca4fbdf4722:OUTLINE:7ab9b7da4356c04e,d363d52d-99b4-4258-9e83-eca4fbdf4722,netgear-r6350.pdf,R6350,f832cd2c-4625-53fd-8792-59d48cfa5ed4,Manage the SIP Application-Level Gateway,Manage the WAN and LAN Network Settings > Manage the SIP Application-Level Gateway,Manage the WAN and LAN Network Settings,2,120,121,P3,1,1,1,1,973,973,244,244,0,b2b929c7-6625-5a91-b295-f5bcfed06e09,b2b929c7-6625-5a91-b295-f5bcfed06e09,d363d52d-99b4-4258-9e83-eca4fbdf4722:b2b929c7-6625-5a91-b295-f5bcfed06e09,True,leaf outline with direct text candidate,d363d52d-99b4-4258-9e83-eca4fbdf4722::P3,6,False,20260831,outline_random_pick,pending_manual_review
d363d52d-99b4-4258-9e83-eca4fbdf4722:OUTLINE:5283c300a58533cf,d363d52d-99b4-4258-9e83-eca4fbdf4722:OUTLINE:5283c300a58533cf,d363d52d-99b4-4258-9e83-eca4fbdf4722,netgear-r6350.pdf,R6350,376b37ac-f978-596a-81ad-0b1f58adbf88,Set Up a Bridge for a Port Group,Manage the WAN and LAN Network Settings > Set Up a Bridge for a Port Group or VLAN Tag Group > Set Up a Bridge for a Port Group,Manage the WAN and LAN Network Settings > Set Up a Bridge for a Port Group or VLAN Tag Group,3,131,131,P4,1,1,1,1,1679,1679,420,420,0,92de127d-5c3f-5d2a-a801-234fc3e5b014,92de127d-5c3f-5d2a-a801-234fc3e5b014,d363d52d-99b4-4258-9e83-eca4fbdf4722:92de127d-5c3f-5d2a-a801-234fc3e5b014,True,leaf outline with direct text candidate,d363d52d-99b4-4258-9e83-eca4fbdf4722::P4,4,True,20260831,outline_random_pick,pending_manual_review
d363d52d-99b4-4258-9e83-eca4fbdf4722:OUTLINE:759d64cd684a03d3,d363d52d-99b4-4258-9e83-eca4fbdf4722:OUTLINE:759d64cd684a03d3,d363d52d-99b4-4258-9e83-eca4fbdf4722,netgear-r6350.pdf,R6350,f4d97b7e-3d34-5bdd-aab5-b3639d2c0e28,Check for new firmware and update the router,Manage Your Router > Update the router firmware > Check for new firmware and update the router,Manage Your Router > Update the router firmware,3,135,136,P4,1,1,1,1,1581,1581,396,396,0,2a3ade55-f893-5d78-8ead-3ff6b3d197c7,2a3ade55-f893-5d78-8ead-3ff6b3d197c7,d363d52d-99b4-4258-9e83-eca4fbdf4722:2a3ade55-f893-5d78-8ead-3ff6b3d197c7,True,leaf outline with direct text candidate,d363d52d-99b4-4258-9e83-eca4fbdf4722::P4,2,True,20260831,outline_random_pick,pending_manual_review
d363d52d-99b4-4258-9e83-eca4fbdf4722:OUTLINE:c406dcd0d505ed73,d363d52d-99b4-4258-9e83-eca4fbdf4722:OUTLINE:c406dcd0d505ed73,d363d52d-99b4-4258-9e83-eca4fbdf4722,netgear-r6350.pdf,R6350,08ef1d87-c57a-5842-9b91-658675869362,Disable or Enable LED Blinking or Turn Off LEDs,Manage Your Router > Disable or Enable LED Blinking or Turn Off LEDs,Manage Your Router,2,140,141,P4,1,1,1,1,1187,1187,297,297,0,5a7fc3bd-5bd0-57b2-944d-5a981598dcf7,5a7fc3bd-5bd0-57b2-944d-5a981598dcf7,d363d52d-99b4-4258-9e83-eca4fbdf4722:5a7fc3bd-5bd0-57b2-944d-5a981598dcf7,True,leaf outline with direct text candidate,d363d52d-99b4-4258-9e83-eca4fbdf4722::P4,5,True,20260831,outline_random_pick,pending_manual_review
d363d52d-99b4-4258-9e83-eca4fbdf4722:OUTLINE:f36311c9fbb5c33b,d363d52d-99b4-4258-9e83-eca4fbdf4722:OUTLINE:f36311c9fbb5c33b,d363d52d-99b4-4258-9e83-eca4fbdf4722,netgear-r6350.pdf,R6350,2026fd8d-cbd9-5bdf-b01a-174132e6d9a0,Erase the settings,Manage Your Router > Return the router to its factory default settings > Erase the settings,Manage Your Router > Return the router to its factory default settings,3,142,142,P4,1,1,1,1,1000,1000,250,250,0,30cb5af4-ad9a-5de4-b044-140768a610eb,30cb5af4-ad9a-5de4-b044-140768a610eb,d363d52d-99b4-4258-9e83-eca4fbdf4722:30cb5af4-ad9a-5de4-b044-140768a610eb,True,leaf outline with direct text candidate,d363d52d-99b4-4258-9e83-eca4fbdf4722::P4,1,False,20260831,outline_random_pick,pending_manual_review
d363d52d-99b4-4258-9e83-eca4fbdf4722:OUTLINE:68fbe6ef545dd2f2,d363d52d-99b4-4258-9e83-eca4fbdf4722:OUTLINE:68fbe6ef545dd2f2,d363d52d-99b4-4258-9e83-eca4fbdf4722,netgear-r6350.pdf,R6350,58c32c42-66bf-5675-b864-20c5ebfb18b8,Unblock the Traffic Meter After the Traffic Limit Is Reached,Manage Your Router > Monitor and Meter Internet Traffic > Unblock the Traffic Meter After the Traffic Limit Is Reached,Manage Your Router > Monitor and Meter Internet Traffic,3,152,152,P4,1,1,1,1,989,989,248,248,0,7856e894-111e-53fa-a711-a0d01acdcad8,7856e894-111e-53fa-a711-a0d01acdcad8,d363d52d-99b4-4258-9e83-eca4fbdf4722:7856e894-111e-53fa-a711-a0d01acdcad8,True,leaf outline with direct text candidate,d363d52d-99b4-4258-9e83-eca4fbdf4722::P4,3,False,20260831,outline_random_pick,pending_manual_review
d363d52d-99b4-4258-9e83-eca4fbdf4722:OUTLINE:034e36ac4554a972,d363d52d-99b4-4258-9e83-eca4fbdf4722:OUTLINE:034e36ac4554a972,d363d52d-99b4-4258-9e83-eca4fbdf4722,netgear-r6350.pdf,R6350,6096f807-00e2-51a3-8fc0-4cf7c245b420,Specify VPN Service in the Router,Use VPN to Access Your Network > Specify VPN Service in the Router,Use VPN to Access Your Network,2,167,168,P5,1,1,1,1,1176,1176,294,294,0,5a2880cf-d756-5339-84e6-c63563eeb2cb,5a2880cf-d756-5339-84e6-c63563eeb2cb,d363d52d-99b4-4258-9e83-eca4fbdf4722:5a2880cf-d756-5339-84e6-c63563eeb2cb,True,leaf outline with direct text candidate,d363d52d-99b4-4258-9e83-eca4fbdf4722::P5,3,False,20260831,outline_random_pick,pending_manual_review
d363d52d-99b4-4258-9e83-eca4fbdf4722:OUTLINE:6ed76a05b7efc6c6,d363d52d-99b4-4258-9e83-eca4fbdf4722:OUTLINE:6ed76a05b7efc6c6,d363d52d-99b4-4258-9e83-eca4fbdf4722,netgear-r6350.pdf,R6350,07552742-3941-5c07-aafb-e2db44d7c9db,Install OpenVPN Software on Your Mac Computer,Use VPN to Access Your Network > Install OpenVPN software > Install OpenVPN Software on Your Mac Computer,Use VPN to Access Your Network > Install OpenVPN software,3,170,171,P5,1,1,1,1,1422,1422,356,356,0,0ba5e5ee-8685-5618-80d5-a6ee39e3cf64,0ba5e5ee-8685-5618-80d5-a6ee39e3cf64,d363d52d-99b4-4258-9e83-eca4fbdf4722:0ba5e5ee-8685-5618-80d5-a6ee39e3cf64,True,leaf outline with direct text candidate,d363d52d-99b4-4258-9e83-eca4fbdf4722::P5,2,False,20260831,outline_random_pick,pending_manual_review
d363d52d-99b4-4258-9e83-eca4fbdf4722:OUTLINE:4f0479dd9f44afab,d363d52d-99b4-4258-9e83-eca4fbdf4722:OUTLINE:4f0479dd9f44afab,d363d52d-99b4-4258-9e83-eca4fbdf4722,netgear-r6350.pdf,R6350,410e12ee-9b49-513c-8060-d94f45367d10,Install OpenVPN Software on an iOS Device,Use VPN to Access Your Network > Install OpenVPN software > Install OpenVPN Software on an iOS Device,Use VPN to Access Your Network > Install OpenVPN software,3,171,171,P5,1,1,1,1,1346,1346,337,337,0,99954e13-239d-5fda-87ed-f6509a54b9f5,99954e13-239d-5fda-87ed-f6509a54b9f5,d363d52d-99b4-4258-9e83-eca4fbdf4722:99954e13-239d-5fda-87ed-f6509a54b9f5,True,leaf outline with direct text candidate,d363d52d-99b4-4258-9e83-eca4fbdf4722::P5,4,False,20260831,outline_random_pick,pending_manual_review
d363d52d-99b4-4258-9e83-eca4fbdf4722:OUTLINE:aaa110d73c5ebaf9,d363d52d-99b4-4258-9e83-eca4fbdf4722:OUTLINE:aaa110d73c5ebaf9,d363d52d-99b4-4258-9e83-eca4fbdf4722,netgear-r6350.pdf,R6350,61db75aa-17ff-59eb-806b-3cf436822083,Install OpenVPN Software on an Android Device,Use VPN to Access Your Network > Install OpenVPN software > Install OpenVPN Software on an Android Device,Use VPN to Access Your Network > Install OpenVPN software,3,172,172,P5,1,1,1,1,1348,1348,337,337,0,006d8e6b-77f6-54fa-826b-6d417979808f,006d8e6b-77f6-54fa-826b-6d417979808f,d363d52d-99b4-4258-9e83-eca4fbdf4722:006d8e6b-77f6-54fa-826b-6d417979808f,True,leaf outline with direct text candidate,d363d52d-99b4-4258-9e83-eca4fbdf4722::P5,1,True,20260831,outline_random_pick,pending_manual_review
d363d52d-99b4-4258-9e83-eca4fbdf4722:OUTLINE:6ca762548278f56e,d363d52d-99b4-4258-9e83-eca4fbdf4722:OUTLINE:6ca762548278f56e,d363d52d-99b4-4258-9e83-eca4fbdf4722,netgear-r6350.pdf,R6350,9b7ada98-f56d-52d7-b714-bcd034c41864,Troubleshoot Internet browsing,Troubleshooting > Troubleshoot Internet browsing,Troubleshooting,2,194,195,P5,1,1,1,1,1129,1129,283,283,0,818e0932-f3ff-5602-b5b9-5f1d94d353ed,818e0932-f3ff-5602-b5b9-5f1d94d353ed,d363d52d-99b4-4258-9e83-eca4fbdf4722:818e0932-f3ff-5602-b5b9-5f1d94d353ed,True,leaf outline with direct text candidate,d363d52d-99b4-4258-9e83-eca4fbdf4722::P5,5,True,20260831,outline_random_pick,pending_manual_review
8a56b2bf-5d68-4806-abb7-de39894bb404:OUTLINE:a51f9d983a829e2f,8a56b2bf-5d68-4806-abb7-de39894bb404:OUTLINE:a51f9d983a829e2f,8a56b2bf-5d68-4806-abb7-de39894bb404,netgear-r7000.pdf,R7000,57b6e412-eb1a-520f-acff-d30907d1eb62,Router Label,Hardware Setup > Router Label,Hardware Setup,2,15,15,P1,1,1,1,1,192,192,48,48,1,74570597-5fb2-5834-adff-d6592b3c509d,74570597-5fb2-5834-adff-d6592b3c509d,8a56b2bf-5d68-4806-abb7-de39894bb404:74570597-5fb2-5834-adff-d6592b3c509d,True,leaf outline with direct text candidate,8a56b2bf-5d68-4806-abb7-de39894bb404::P1,2,False,20260831,outline_random_pick,pending_manual_review
8a56b2bf-5d68-4806-abb7-de39894bb404:OUTLINE:8549e88eb21b4078,8a56b2bf-5d68-4806-abb7-de39894bb404:OUTLINE:8549e88eb21b4078,8a56b2bf-5d68-4806-abb7-de39894bb404,netgear-r7000.pdf,R7000,e321abb8-43ee-538d-845e-9fb6b75fb53b,Position Your Router,Hardware Setup > Position Your Router,Hardware Setup,2,16,17,P1,1,1,1,1,1431,1431,358,358,0,a558a4fd-f5ea-5ad7-8f40-f63c42201e36,a558a4fd-f5ea-5ad7-8f40-f63c42201e36,8a56b2bf-5d68-4806-abb7-de39894bb404:a558a4fd-f5ea-5ad7-8f40-f63c42201e36,True,leaf outline with direct text candidate,8a56b2bf-5d68-4806-abb7-de39894bb404::P1,1,False,20260831,outline_random_pick,pending_manual_review
8a56b2bf-5d68-4806-abb7-de39894bb404:OUTLINE:0cc5c443004437fd,8a56b2bf-5d68-4806-abb7-de39894bb404:OUTLINE:0cc5c443004437fd,8a56b2bf-5d68-4806-abb7-de39894bb404,netgear-r7000.pdf,R7000,f4e87e48-1dc6-5903-a6b0-05ba1e2482d7,Wired Connection,Connect to the Network and Access the Router > Connect to the Network > Wired Connection,Connect to the Network and Access the Router > Connect to the Network,3,19,19,P1,1,1,1,1,456,456,114,114,0,cf6a9c70-f40a-521b-8ee5-c0a7ff8c1279,cf6a9c70-f40a-521b-8ee5-c0a7ff8c1279,8a56b2bf-5d68-4806-abb7-de39894bb404:cf6a9c70-f40a-521b-8ee5-c0a7ff8c1279,True,leaf outline with direct text candidate,8a56b2bf-5d68-4806-abb7-de39894bb404::P1,4,True,20260831,outline_random_pick,pending_manual_review
8a56b2bf-5d68-4806-abb7-de39894bb404:OUTLINE:615f1a78bd39eb84,8a56b2bf-5d68-4806-abb7-de39894bb404:OUTLINE:615f1a78bd39eb84,8a56b2bf-5d68-4806-abb7-de39894bb404,netgear-r7000.pdf,R7000,e55cffd6-4c4d-5154-a60f-390c1f3cfc4f,Use the Internet Setup Wizard,Specify Your Internet Settings > Use the Internet Setup Wizard,Specify Your Internet Settings,2,25,25,P1,1,1,1,1,1031,1031,258,258,0,9213a4bb-497e-56d3-be43-8791bb53a54e,9213a4bb-497e-56d3-be43-8791bb53a54e,8a56b2bf-5d68-4806-abb7-de39894bb404:9213a4bb-497e-56d3-be43-8791bb53a54e,True,leaf outline with direct text candidate,8a56b2bf-5d68-4806-abb7-de39894bb404::P1,3,True,20260831,outline_random_pick,pending_manual_review
8a56b2bf-5d68-4806-abb7-de39894bb404:OUTLINE:f4bd6a547d16c31d,8a56b2bf-5d68-4806-abb7-de39894bb404:OUTLINE:f4bd6a547d16c31d,8a56b2bf-5d68-4806-abb7-de39894bb404,netgear-r7000.pdf,R7000,758c46f3-698b-5565-b355-017c357c2992,Add a QoS Rule by LAN pot,Optimize Performance > Optimize Internet Streaming With Dynamic QoS > Enable Advanced QoS and Manually Set Up QoS Rules > Add a QoS Rule by LAN pot,Optimize Performance > Optimize Internet Streaming With Dynamic QoS > Enable Advanced QoS and Manually Set Up QoS Rules,4,56,57,P2,1,1,1,1,989,989,248,248,0,8aecb252-6293-553d-8e28-ef7b756f0c82,8aecb252-6293-553d-8e28-ef7b756f0c82,8a56b2bf-5d68-4806-abb7-de39894bb404:8aecb252-6293-553d-8e28-ef7b756f0c82,True,leaf outline with direct text candidate,8a56b2bf-5d68-4806-abb7-de39894bb404::P2,2,True,20260831,outline_random_pick,pending_manual_review
8a56b2bf-5d68-4806-abb7-de39894bb404:OUTLINE:08da0d3cf6f7d113,8a56b2bf-5d68-4806-abb7-de39894bb404:OUTLINE:08da0d3cf6f7d113,8a56b2bf-5d68-4806-abb7-de39894bb404,netgear-r7000.pdf,R7000,97277a8e-9988-5fbc-accd-59e211a1aec3,Improve Network Connections With Universal Plug-N-Play,Optimize Performance > Improve Network Connections With Universal Plug-N-Play,Optimize Performance,2,61,62,P2,1,1,1,1,2446,2446,612,612,0,54a5ae0e-dabe-533f-8906-cd65b27661ec,54a5ae0e-dabe-533f-8906-cd65b27661ec,8a56b2bf-5d68-4806-abb7-de39894bb404:54a5ae0e-dabe-533f-8906-cd65b27661ec,True,leaf outline with direct text candidate,8a56b2bf-5d68-4806-abb7-de39894bb404::P2,5,True,20260831,outline_random_pick,pending_manual_review
8a56b2bf-5d68-4806-abb7-de39894bb404:OUTLINE:d57e6bd4481fd591,8a56b2bf-5d68-4806-abb7-de39894bb404:OUTLINE:d57e6bd4481fd591,8a56b2bf-5d68-4806-abb7-de39894bb404,netgear-r7000.pdf,R7000,80867e6b-9d67-5921-9ed3-55725f5cee62,Change the LAN TCP/IP Settings,Manage Network Settings > Change the LAN TCP/IP Settings,Manage Network Settings,2,67,69,P2,1,1,1,1,2422,2422,606,606,0,5daae3a0-c73e-5639-84a1-0761839ee2e8,5daae3a0-c73e-5639-84a1-0761839ee2e8,8a56b2bf-5d68-4806-abb7-de39894bb404:5daae3a0-c73e-5639-84a1-0761839ee2e8,True,leaf outline with direct text candidate,8a56b2bf-5d68-4806-abb7-de39894bb404::P2,1,False,20260831,outline_random_pick,pending_manual_review
8a56b2bf-5d68-4806-abb7-de39894bb404:OUTLINE:31492668154ad027,8a56b2bf-5d68-4806-abb7-de39894bb404:OUTLINE:31492668154ad027,8a56b2bf-5d68-4806-abb7-de39894bb404,netgear-r7000.pdf,R7000,95926e3e-f67c-5942-ae37-3e6bd07fe193,Reserve an IP Address,Manage Network Settings > Manage Reserved LAN IP Addresses > Reserve an IP Address,Manage Network Settings > Manage Reserved LAN IP Addresses,3,71,72,P2,1,1,1,1,1177,1177,295,295,0,1ffc5577-ba76-5c13-96f7-9639c441a28b,1ffc5577-ba76-5c13-96f7-9639c441a28b,8a56b2bf-5d68-4806-abb7-de39894bb404:1ffc5577-ba76-5c13-96f7-9639c441a28b,True,leaf outline with direct text candidate,8a56b2bf-5d68-4806-abb7-de39894bb404::P2,3,False,20260831,outline_random_pick,pending_manual_review
8a56b2bf-5d68-4806-abb7-de39894bb404:OUTLINE:32fbc46ff6fbb138,8a56b2bf-5d68-4806-abb7-de39894bb404:OUTLINE:32fbc46ff6fbb138,8a56b2bf-5d68-4806-abb7-de39894bb404,netgear-r7000.pdf,R7000,a828bff6-154a-51f4-8ff0-40bce2dceb74,Edit a Reserved IP Address,Manage Network Settings > Manage Reserved LAN IP Addresses > Edit a Reserved IP Address,Manage Network Settings > Manage Reserved LAN IP Addresses,3,72,72,P2,1,1,1,1,732,732,183,183,0,c03fece9-71eb-590c-bc23-3d5a9d175b2b,c03fece9-71eb-590c-bc23-3d5a9d175b2b,8a56b2bf-5d68-4806-abb7-de39894bb404:c03fece9-71eb-590c-bc23-3d5a9d175b2b,True,leaf outline with direct text candidate,8a56b2bf-5d68-4806-abb7-de39894bb404::P2,4,False,20260831,outline_random_pick,pending_manual_review
8a56b2bf-5d68-4806-abb7-de39894bb404:OUTLINE:02eb99aaf0ddb8b1,8a56b2bf-5d68-4806-abb7-de39894bb404:OUTLINE:02eb99aaf0ddb8b1,8a56b2bf-5d68-4806-abb7-de39894bb404,netgear-r7000.pdf,R7000,c5abb380-1b89-52ca-9f13-d0036f0f59f4,Set Up the Router as a WiFi Repeater,Manage Network Settings > Set Up the Router as a WiFi Repeater,Manage Network Settings,2,86,87,P3,1,1,1,1,2146,2146,537,537,0,9a37a3e7-3b9a-5ac3-a422-1082072b55f1,9a37a3e7-3b9a-5ac3-a422-1082072b55f1,8a56b2bf-5d68-4806-abb7-de39894bb404:9a37a3e7-3b9a-5ac3-a422-1082072b55f1,True,leaf outline with direct text candidate,8a56b2bf-5d68-4806-abb7-de39894bb404::P3,3,False,20260831,outline_random_pick,pending_manual_review
8a56b2bf-5d68-4806-abb7-de39894bb404:OUTLINE:2b84714e210fd033,8a56b2bf-5d68-4806-abb7-de39894bb404:OUTLINE:2b84714e210fd033,8a56b2bf-5d68-4806-abb7-de39894bb404,netgear-r7000.pdf,R7000,6ce57a8e-b8f4-5455-99c5-16722de55603,Check the Internet Connection Status,Manage Your Router > Check the Internet Connection Status,Manage Your Router,2,101,102,P3,1,1,1,1,1501,1501,376,376,0,537310b8-39d1-57ca-81f0-ddddc2ad9916,537310b8-39d1-57ca-81f0-ddddc2ad9916,8a56b2bf-5d68-4806-abb7-de39894bb404:537310b8-39d1-57ca-81f0-ddddc2ad9916,True,leaf outline with direct text candidate,8a56b2bf-5d68-4806-abb7-de39894bb404::P3,2,True,20260831,outline_random_pick,pending_manual_review
8a56b2bf-5d68-4806-abb7-de39894bb404:OUTLINE:4f8154605dabd682,8a56b2bf-5d68-4806-abb7-de39894bb404:OUTLINE:4f8154605dabd682,8a56b2bf-5d68-4806-abb7-de39894bb404,netgear-r7000.pdf,R7000,4476e27a-d3e6-5e60-a774-01121b4b0dfb,View and Manage Logs of Router Activity,Manage Your Router > View and Manage Logs of Router Activity,Manage Your Router,2,102,102,P3,1,1,1,1,1627,1627,407,407,0,371880ae-aa71-5a21-85f4-7420d05fd2a5,371880ae-aa71-5a21-85f4-7420d05fd2a5,8a56b2bf-5d68-4806-abb7-de39894bb404:371880ae-aa71-5a21-85f4-7420d05fd2a5,True,leaf outline with direct text candidate,8a56b2bf-5d68-4806-abb7-de39894bb404::P3,4,False,20260831,outline_random_pick,pending_manual_review
8a56b2bf-5d68-4806-abb7-de39894bb404:OUTLINE:42bc10659811af2c,8a56b2bf-5d68-4806-abb7-de39894bb404:OUTLINE:42bc10659811af2c,8a56b2bf-5d68-4806-abb7-de39894bb404,netgear-r7000.pdf,R7000,6a03b9b0-cb34-5d9f-82ae-4c2fa5214c65,Set Up Remote Management,Manage Your Router > Remote Access > Set Up Remote Management,Manage Your Router > Remote Access,3,107,108,P3,1,1,1,1,1615,1615,404,404,0,79d677ad-2fef-50d3-92dd-c07a6df0f14e,79d677ad-2fef-50d3-92dd-c07a6df0f14e,8a56b2bf-5d68-4806-abb7-de39894bb404:79d677ad-2fef-50d3-92dd-c07a6df0f14e,True,leaf outline with direct text candidate,8a56b2bf-5d68-4806-abb7-de39894bb404::P3,1,True,20260831,outline_random_pick,pending_manual_review
8a56b2bf-5d68-4806-abb7-de39894bb404:OUTLINE:f79ea7be006eeae3,8a56b2bf-5d68-4806-abb7-de39894bb404:OUTLINE:f79ea7be006eeae3,8a56b2bf-5d68-4806-abb7-de39894bb404,netgear-r7000.pdf,R7000,0ac0b429-cdd9-5935-a8ac-ba55919c03f8,Change the NTP Server,Manage Your Router > Change the NTP Server,Manage Your Router,2,110,110,P3,1,1,1,1,882,882,221,221,0,d4980606-c8d1-5aca-adbe-96e35254c9e1,d4980606-c8d1-5aca-adbe-96e35254c9e1,8a56b2bf-5d68-4806-abb7-de39894bb404:d4980606-c8d1-5aca-adbe-96e35254c9e1,True,leaf outline with direct text candidate,8a56b2bf-5d68-4806-abb7-de39894bb404::P3,5,True,20260831,outline_random_pick,pending_manual_review
8a56b2bf-5d68-4806-abb7-de39894bb404:OUTLINE:c57a24db43b9086e,8a56b2bf-5d68-4806-abb7-de39894bb404:OUTLINE:c57a24db43b9086e,8a56b2bf-5d68-4806-abb7-de39894bb404,netgear-r7000.pdf,R7000,a26088b7-1e3c-53b3-a69a-0b46efac7ea3,Use Time Machine to Back Up Onto a USB Hard Disk,Share USB Storage Devices Attached to the Router > Back Up Mac Computers With Time Machine > Use Time Machine to Back Up Onto a USB Hard Disk,Share USB Storage Devices Attached to the Router > Back Up Mac Computers With Time Machine,3,119,120,P4,1,1,1,1,1955,1955,489,489,0,bc04d898-6ac5-5464-bada-56570a81cc78,bc04d898-6ac5-5464-bada-56570a81cc78,8a56b2bf-5d68-4806-abb7-de39894bb404:bc04d898-6ac5-5464-bada-56570a81cc78,True,leaf outline with direct text candidate,8a56b2bf-5d68-4806-abb7-de39894bb404::P4,2,False,20260831,outline_random_pick,pending_manual_review
8a56b2bf-5d68-4806-abb7-de39894bb404:OUTLINE:d633c352b7bcd685,8a56b2bf-5d68-4806-abb7-de39894bb404:OUTLINE:d633c352b7bcd685,8a56b2bf-5d68-4806-abb7-de39894bb404,netgear-r7000.pdf,R7000,99c5b3bd-20d5-5888-8409-e04688e4636c,View or Change Network Folders on a Storage Device,Share USB Storage Devices Attached to the Router > View or Change Network Folders on a Storage Device,Share USB Storage Devices Attached to the Router,2,121,122,P4,1,1,1,1,1545,1545,387,387,0,fe9a945d-04ba-5396-9310-969fd3b0cda3,fe9a945d-04ba-5396-9310-969fd3b0cda3,8a56b2bf-5d68-4806-abb7-de39894bb404:fe9a945d-04ba-5396-9310-969fd3b0cda3,True,leaf outline with direct text candidate,8a56b2bf-5d68-4806-abb7-de39894bb404::P4,1,False,20260831,outline_random_pick,pending_manual_review
8a56b2bf-5d68-4806-abb7-de39894bb404:OUTLINE:c609b236ba26c5f0,8a56b2bf-5d68-4806-abb7-de39894bb404:OUTLINE:c609b236ba26c5f0,8a56b2bf-5d68-4806-abb7-de39894bb404,netgear-r7000.pdf,R7000,3fad320f-5d9b-5f4c-bb12-29852cea0515,Download Files Using NETGEAR Downloader,Share USB Storage Devices Attached to the Router > Set Up NETGEAR Downloader > Download Files Using NETGEAR Downloader,Share USB Storage Devices Attached to the Router > Set Up NETGEAR Downloader,3,124,125,P4,1,1,1,1,1480,1480,370,370,0,53f8662a-eb74-5082-b7b5-b4a49221dd56,53f8662a-eb74-5082-b7b5-b4a49221dd56,8a56b2bf-5d68-4806-abb7-de39894bb404:53f8662a-eb74-5082-b7b5-b4a49221dd56,True,leaf outline with direct text candidate,8a56b2bf-5d68-4806-abb7-de39894bb404::P4,3,False,20260831,outline_random_pick,pending_manual_review
8a56b2bf-5d68-4806-abb7-de39894bb404:OUTLINE:6cca2b13d46fd9ff,8a56b2bf-5d68-4806-abb7-de39894bb404:OUTLINE:6cca2b13d46fd9ff,8a56b2bf-5d68-4806-abb7-de39894bb404,netgear-r7000.pdf,R7000,65952a2a-4c0f-56f5-ac4c-564f6c2e6129,Access USB Storage Devices Through the Internet,Use Dynamic DNS to Access USB Storage Devices Through the Internet > Access USB Storage Devices Through the Internet,Use Dynamic DNS to Access USB Storage Devices Through the Internet,2,135,135,P4,1,1,1,1,646,646,162,162,0,af255485-98d7-59f8-94db-806fd6280e64,af255485-98d7-59f8-94db-806fd6280e64,8a56b2bf-5d68-4806-abb7-de39894bb404:af255485-98d7-59f8-94db-806fd6280e64,True,leaf outline with direct text candidate,8a56b2bf-5d68-4806-abb7-de39894bb404::P4,5,True,20260831,outline_random_pick,pending_manual_review
8a56b2bf-5d68-4806-abb7-de39894bb404:OUTLINE:0fc676a3a4479418,8a56b2bf-5d68-4806-abb7-de39894bb404:OUTLINE:0fc676a3a4479418,8a56b2bf-5d68-4806-abb7-de39894bb404,netgear-r7000.pdf,R7000,7797ef5d-39d7-5b0a-acd5-be8fd48d8e6b,Create a ReadyCLOUD Account,Use Dynamic DNS to Access USB Storage Devices Through the Internet > Remotely Access a USB Device Using ReadyCLOUD > Create a ReadyCLOUD Account,Use Dynamic DNS to Access USB Storage Devices Through the Internet > Remotely Access a USB Device Using ReadyCLOUD,3,135,136,P4,1,1,1,1,495,495,124,124,0,89cf7641-ad76-514d-a38e-ff036b200250,89cf7641-ad76-514d-a38e-ff036b200250,8a56b2bf-5d68-4806-abb7-de39894bb404:89cf7641-ad76-514d-a38e-ff036b200250,True,leaf outline with direct text candidate,8a56b2bf-5d68-4806-abb7-de39894bb404::P4,4,True,20260831,outline_random_pick,pending_manual_review
8a56b2bf-5d68-4806-abb7-de39894bb404:OUTLINE:fdf9a6339ff3dcd8,8a56b2bf-5d68-4806-abb7-de39894bb404:OUTLINE:fdf9a6339ff3dcd8,8a56b2bf-5d68-4806-abb7-de39894bb404,netgear-r7000.pdf,R7000,ab2ecd61-26ef-50cf-a194-8fa78fff7746,Install OpenVPN Software on an iOS Device,Use VPN to Access Your Network > Install OpenVPN Software > Install OpenVPN Software on an iOS Device,Use VPN to Access Your Network > Install OpenVPN Software,3,155,155,P5,1,1,1,1,1349,1349,338,338,0,0cff8f5c-96b8-5d33-9c11-37f93f8300fb,0cff8f5c-96b8-5d33-9c11-37f93f8300fb,8a56b2bf-5d68-4806-abb7-de39894bb404:0cff8f5c-96b8-5d33-9c11-37f93f8300fb,True,leaf outline with direct text candidate,8a56b2bf-5d68-4806-abb7-de39894bb404::P5,2,True,20260831,outline_random_pick,pending_manual_review
8a56b2bf-5d68-4806-abb7-de39894bb404:OUTLINE:2d37d42c99e677a0,8a56b2bf-5d68-4806-abb7-de39894bb404:OUTLINE:2d37d42c99e677a0,8a56b2bf-5d68-4806-abb7-de39894bb404,netgear-r7000.pdf,R7000,63fab821-b7a6-5139-b447-8eaec84801a5,Enable Port Triggering,Manage Port Forwarding and Port Triggering > Port Triggering > Enable Port Triggering,Manage Port Forwarding and Port Triggering > Port Triggering,3,169,169,P5,1,1,1,1,1087,1087,272,272,0,d3434e35-bd8e-5fb1-abf1-dc473fa6e873,d3434e35-bd8e-5fb1-abf1-dc473fa6e873,8a56b2bf-5d68-4806-abb7-de39894bb404:d3434e35-bd8e-5fb1-abf1-dc473fa6e873,True,leaf outline with direct text candidate,8a56b2bf-5d68-4806-abb7-de39894bb404::P5,5,False,20260831,outline_random_pick,pending_manual_review
8a56b2bf-5d68-4806-abb7-de39894bb404:OUTLINE:59222463e26d1879,8a56b2bf-5d68-4806-abb7-de39894bb404:OUTLINE:59222463e26d1879,8a56b2bf-5d68-4806-abb7-de39894bb404,netgear-r7000.pdf,R7000,391bcfea-10bc-5979-bd3a-5983890e2a5b,Sequence to Restart Your Network,Troubleshooting > Quick Tips > Sequence to Restart Your Network,Troubleshooting > Quick Tips,3,172,172,P5,1,1,1,1,212,212,53,53,0,f2289449-f54e-5af6-8243-762118ef305b,f2289449-f54e-5af6-8243-762118ef305b,8a56b2bf-5d68-4806-abb7-de39894bb404:f2289449-f54e-5af6-8243-762118ef305b,True,leaf outline with direct text candidate,8a56b2bf-5d68-4806-abb7-de39894bb404::P5,3,True,20260831,outline_random_pick,pending_manual_review
8a56b2bf-5d68-4806-abb7-de39894bb404:OUTLINE:2be192fda8a4722e,8a56b2bf-5d68-4806-abb7-de39894bb404:OUTLINE:2be192fda8a4722e,8a56b2bf-5d68-4806-abb7-de39894bb404,netgear-r7000.pdf,R7000,eabe3bdb-238a-5c70-b0f2-0cfafdfe24b2,Troubleshoot WiFi Connectivity,Troubleshooting > Troubleshoot WiFi Connectivity,Troubleshooting,2,177,178,P5,1,1,1,1,1225,1225,307,307,0,65aa662f-9473-5c74-b996-74e7f545f09c,65aa662f-9473-5c74-b996-74e7f545f09c,8a56b2bf-5d68-4806-abb7-de39894bb404:65aa662f-9473-5c74-b996-74e7f545f09c,True,leaf outline with direct text candidate,8a56b2bf-5d68-4806-abb7-de39894bb404::P5,1,True,20260831,outline_random_pick,pending_manual_review
8a56b2bf-5d68-4806-abb7-de39894bb404:OUTLINE:6d1843f7bb5a6235,8a56b2bf-5d68-4806-abb7-de39894bb404:OUTLINE:6d1843f7bb5a6235,8a56b2bf-5d68-4806-abb7-de39894bb404,netgear-r7000.pdf,R7000,13cb6ca9-e8a4-5b54-8722-595760ab13c1,Test the Path From a Windows-Based Computer to a Remote Device,Troubleshooting > Troubleshoot Your Network Using the Ping Utility > Test the Path From a Windows-Based Computer to a Remote Device,Troubleshooting > Troubleshoot Your Network Using the Ping Utility,3,179,180,P5,1,1,1,1,1579,1579,395,395,0,57e4bd0c-1f9c-5965-be15-b5de64a53388,57e4bd0c-1f9c-5965-be15-b5de64a53388,8a56b2bf-5d68-4806-abb7-de39894bb404:57e4bd0c-1f9c-5965-be15-b5de64a53388,True,leaf outline with direct text candidate,8a56b2bf-5d68-4806-abb7-de39894bb404::P5,4,False,20260831,outline_random_pick,pending_manual_review
d69381d0-06ed-49bf-9fe1-6050d9374432:OUTLINE:89ac3ac6d4a7bbea,d69381d0-06ed-49bf-9fe1-6050d9374432:OUTLINE:89ac3ac6d4a7bbea,d69381d0-06ed-49bf-9fe1-6050d9374432,netgear-rax120.pdf,RAX120,68766dea-6c83-50c8-a4da-d49f6fa20e0e,Unpack your router,Hardware Setup > Unpack your router,Hardware Setup,2,10,10,P1,1,1,1,1,102,102,26,26,1,89d399fa-1c1b-5d37-b35a-194ce673ec69,89d399fa-1c1b-5d37-b35a-194ce673ec69,d69381d0-06ed-49bf-9fe1-6050d9374432:89d399fa-1c1b-5d37-b35a-194ce673ec69,True,leaf outline with direct text candidate,d69381d0-06ed-49bf-9fe1-6050d9374432::P1,3,True,20260831,outline_random_pick,pending_manual_review
d69381d0-06ed-49bf-9fe1-6050d9374432:OUTLINE:79aeb7edd70d3319,d69381d0-06ed-49bf-9fe1-6050d9374432:OUTLINE:79aeb7edd70d3319,d69381d0-06ed-49bf-9fe1-6050d9374432,netgear-rax120.pdf,RAX120,161c1958-c1ef-5a83-9ab1-d2789d653f2f,Position your router,Hardware Setup > Position your router,Hardware Setup,2,15,16,P1,1,1,1,1,1431,1431,358,358,0,a598cdde-568d-5aea-8f59-8c49a63df425,a598cdde-568d-5aea-8f59-8c49a63df425,d69381d0-06ed-49bf-9fe1-6050d9374432:a598cdde-568d-5aea-8f59-8c49a63df425,True,leaf outline with direct text candidate,d69381d0-06ed-49bf-9fe1-6050d9374432::P1,1,False,20260831,outline_random_pick,pending_manual_review
d69381d0-06ed-49bf-9fe1-6050d9374432:OUTLINE:4bdaaa28252d41a2,d69381d0-06ed-49bf-9fe1-6050d9374432:OUTLINE:4bdaaa28252d41a2,d69381d0-06ed-49bf-9fe1-6050d9374432,netgear-rax120.pdf,RAX120,5b7ca033-a763-5c91-94c0-3d8ca435da12,Types of logins,Connect to the network and access the router > Types of logins,Connect to the network and access the router,2,21,21,P1,1,1,1,1,909,909,228,228,0,6af6a140-458c-5188-b116-2f8430c69437,6af6a140-458c-5188-b116-2f8430c69437,d69381d0-06ed-49bf-9fe1-6050d9374432:6af6a140-458c-5188-b116-2f8430c69437,True,leaf outline with direct text candidate,d69381d0-06ed-49bf-9fe1-6050d9374432::P1,2,True,20260831,outline_random_pick,pending_manual_review
d69381d0-06ed-49bf-9fe1-6050d9374432:OUTLINE:7dcc6744e0e7954c,d69381d0-06ed-49bf-9fe1-6050d9374432:OUTLINE:7dcc6744e0e7954c,d69381d0-06ed-49bf-9fe1-6050d9374432,netgear-rax120.pdf,RAX120,31994e09-1fdf-5619-b2d4-863d00862603,Set up an IPv6 pass-through Internet connection,Specify Your Internet Settings > Specify IPv6 Internet connections > Set up an IPv6 pass-through Internet connection,Specify Your Internet Settings > Specify IPv6 Internet connections,3,36,36,P2,1,1,1,1,883,883,221,221,0,f02b327f-e424-5fbd-884a-afa982cfba97,f02b327f-e424-5fbd-884a-afa982cfba97,d69381d0-06ed-49bf-9fe1-6050d9374432:f02b327f-e424-5fbd-884a-afa982cfba97,True,leaf outline with direct text candidate,d69381d0-06ed-49bf-9fe1-6050d9374432::P2,4,True,20260831,outline_random_pick,pending_manual_review
d69381d0-06ed-49bf-9fe1-6050d9374432:OUTLINE:8b21da5331cde3b1,d69381d0-06ed-49bf-9fe1-6050d9374432:OUTLINE:8b21da5331cde3b1,d69381d0-06ed-49bf-9fe1-6050d9374432,netgear-rax120.pdf,RAX120,e857758f-9fab-572a-90bd-cf09a2a61dc5,Prevent blocking on a trusted computer,Control Access to the Internet > Prevent blocking on a trusted computer,Control Access to the Internet,2,57,57,P2,1,1,1,1,980,980,245,245,0,b5a0a7c4-36cf-5be3-9862-fc0052d5a08b,b5a0a7c4-36cf-5be3-9862-fc0052d5a08b,d69381d0-06ed-49bf-9fe1-6050d9374432:b5a0a7c4-36cf-5be3-9862-fc0052d5a08b,True,leaf outline with direct text candidate,d69381d0-06ed-49bf-9fe1-6050d9374432::P2,3,False,20260831,outline_random_pick,pending_manual_review
d69381d0-06ed-49bf-9fe1-6050d9374432:OUTLINE:9ca4dc7d4b328d33,d69381d0-06ed-49bf-9fe1-6050d9374432:OUTLINE:9ca4dc7d4b328d33,d69381d0-06ed-49bf-9fe1-6050d9374432,netgear-rax120.pdf,RAX120,53e79640-91e9-5630-9a5a-9c6914760a88,Delete all QoS rules,Optimize Performance > Optimize Internet streaming with QoS > Delete all QoS rules,Optimize Performance > Optimize Internet streaming with QoS,3,64,64,P2,1,1,1,1,676,676,169,169,0,713f1e84-9851-5a0c-ae94-b7c693ff503c,713f1e84-9851-5a0c-ae94-b7c693ff503c,d69381d0-06ed-49bf-9fe1-6050d9374432:713f1e84-9851-5a0c-ae94-b7c693ff503c,True,leaf outline with direct text candidate,d69381d0-06ed-49bf-9fe1-6050d9374432::P2,1,False,20260831,outline_random_pick,pending_manual_review
d69381d0-06ed-49bf-9fe1-6050d9374432:OUTLINE:b393aec4e5f20ee4,d69381d0-06ed-49bf-9fe1-6050d9374432:OUTLINE:b393aec4e5f20ee4,d69381d0-06ed-49bf-9fe1-6050d9374432,netgear-rax120.pdf,RAX120,b4fccd31-9bbf-5482-a56e-49b6b16fe44a,View or change the WAN settings,Manage Network Settings > View or change the WAN settings,Manage Network Settings,2,70,71,P2,1,1,1,1,2491,2491,623,623,0,304579c0-2505-541b-9272-41a33abdc404,304579c0-2505-541b-9272-41a33abdc404,d69381d0-06ed-49bf-9fe1-6050d9374432:304579c0-2505-541b-9272-41a33abdc404,True,leaf outline with direct text candidate,d69381d0-06ed-49bf-9fe1-6050d9374432::P2,2,True,20260831,outline_random_pick,pending_manual_review
d69381d0-06ed-49bf-9fe1-6050d9374432:OUTLINE:43ec202019e41936,d69381d0-06ed-49bf-9fe1-6050d9374432:OUTLINE:43ec202019e41936,d69381d0-06ed-49bf-9fe1-6050d9374432,netgear-rax120.pdf,RAX120,8218ada3-fd43-5112-80dc-1b94928620e0,Reserve an IP address,Manage Network Settings > Manage reserved LAN IP addresses > Reserve an IP address,Manage Network Settings > Manage reserved LAN IP addresses,3,76,77,P3,1,1,1,1,1216,1216,304,304,0,ebd82415-b17d-5082-8472-3811a168faaf,ebd82415-b17d-5082-8472-3811a168faaf,d69381d0-06ed-49bf-9fe1-6050d9374432:ebd82415-b17d-5082-8472-3811a168faaf,True,leaf outline with direct text candidate,d69381d0-06ed-49bf-9fe1-6050d9374432::P3,3,True,20260831,outline_random_pick,pending_manual_review
d69381d0-06ed-49bf-9fe1-6050d9374432:OUTLINE:8d66e90b801f07f3,d69381d0-06ed-49bf-9fe1-6050d9374432:OUTLINE:8d66e90b801f07f3,d69381d0-06ed-49bf-9fe1-6050d9374432,netgear-rax120.pdf,RAX120,510e5e00-0a64-5310-806d-c9d604d80c9f,Change the WiFi password or the WiFi security,Manage Network Settings > Change the WiFi password or the WiFi security,Manage Network Settings,2,80,82,P3,1,1,1,1,2484,2484,621,621,0,0f01b620-ac86-5a3e-bacb-6893a15e210e,0f01b620-ac86-5a3e-bacb-6893a15e210e,d69381d0-06ed-49bf-9fe1-6050d9374432:0f01b620-ac86-5a3e-bacb-6893a15e210e,True,leaf outline with direct text candidate,d69381d0-06ed-49bf-9fe1-6050d9374432::P3,1,True,20260831,outline_random_pick,pending_manual_review
d69381d0-06ed-49bf-9fe1-6050d9374432:OUTLINE:983e3bfb9dd40518,d69381d0-06ed-49bf-9fe1-6050d9374432:OUTLINE:983e3bfb9dd40518,d69381d0-06ed-49bf-9fe1-6050d9374432,netgear-rax120.pdf,RAX120,95aff227-7004-5b38-ba6c-622908e221cc,Set up a guest WiFi network,Manage Network Settings > Set up a guest WiFi network,Manage Network Settings,2,84,86,P3,1,1,1,1,4816,4816,1204,1204,0,4a3c6ae0-2e2e-5feb-aeaa-341b1b45b1aa,4a3c6ae0-2e2e-5feb-aeaa-341b1b45b1aa,d69381d0-06ed-49bf-9fe1-6050d9374432:4a3c6ae0-2e2e-5feb-aeaa-341b1b45b1aa,True,leaf outline with direct text candidate,d69381d0-06ed-49bf-9fe1-6050d9374432::P3,4,False,20260831,outline_random_pick,pending_manual_review
d69381d0-06ed-49bf-9fe1-6050d9374432:OUTLINE:953b99e50503f0ea,d69381d0-06ed-49bf-9fe1-6050d9374432:OUTLINE:953b99e50503f0ea,d69381d0-06ed-49bf-9fe1-6050d9374432,netgear-rax120.pdf,RAX120,4c90f081-dbb5-53e2-8fff-ead66f8e5a91,Use the WiFi On/Off button,Manage Network Settings > Control the WiFi radios > Use the WiFi On/Off button,Manage Network Settings > Control the WiFi radios,3,86,86,P3,1,1,1,1,300,300,75,75,0,b6cc7aff-44a9-5be7-9857-6f294095095e,b6cc7aff-44a9-5be7-9857-6f294095095e,d69381d0-06ed-49bf-9fe1-6050d9374432:b6cc7aff-44a9-5be7-9857-6f294095095e,True,leaf outline with direct text candidate,d69381d0-06ed-49bf-9fe1-6050d9374432::P3,2,False,20260831,outline_random_pick,pending_manual_review
d69381d0-06ed-49bf-9fe1-6050d9374432:OUTLINE:a173f7c825733973,d69381d0-06ed-49bf-9fe1-6050d9374432:OUTLINE:a173f7c825733973,d69381d0-06ed-49bf-9fe1-6050d9374432,netgear-rax120.pdf,RAX120,3f669e22-2983-5926-9fbf-6f47a29fcf0a,Set up an IPTV port,Manage Network Settings > Set up a bridge for a port group or VLAN tag group > Set up an IPTV port,Manage Network Settings > Set up a bridge for a port group or VLAN tag group,3,94,95,P3,1,1,1,1,1992,1992,498,498,0,dffbff0d-dbad-54a9-9134-59aefb3504d0,dffbff0d-dbad-54a9-9134-59aefb3504d0,d69381d0-06ed-49bf-9fe1-6050d9374432:dffbff0d-dbad-54a9-9134-59aefb3504d0,True,leaf outline with direct text candidate,d69381d0-06ed-49bf-9fe1-6050d9374432::P3,5,False,20260831,outline_random_pick,pending_manual_review
d69381d0-06ed-49bf-9fe1-6050d9374432:OUTLINE:2a9eeb8814512f23,d69381d0-06ed-49bf-9fe1-6050d9374432:OUTLINE:2a9eeb8814512f23,d69381d0-06ed-49bf-9fe1-6050d9374432,netgear-rax120.pdf,RAX120,543a54ae-26cf-52ca-a136-0359ad32c59f,Change the admin password,Manage Your Router > Change the admin password,Manage Your Router,2,106,106,P4,1,1,1,1,1009,1009,253,253,0,ecffda61-8412-5d08-b713-fa6582b8dfc8,ecffda61-8412-5d08-b713-fa6582b8dfc8,d69381d0-06ed-49bf-9fe1-6050d9374432:ecffda61-8412-5d08-b713-fa6582b8dfc8,True,leaf outline with direct text candidate,d69381d0-06ed-49bf-9fe1-6050d9374432::P4,6,False,20260831,outline_random_pick,pending_manual_review
d69381d0-06ed-49bf-9fe1-6050d9374432:OUTLINE:b12173e1e134fdbc,d69381d0-06ed-49bf-9fe1-6050d9374432:OUTLINE:b12173e1e134fdbc,d69381d0-06ed-49bf-9fe1-6050d9374432,netgear-rax120.pdf,RAX120,c087c9bc-d09f-58f5-961b-5c0e63cdeac5,View information about the router and the Internet and WiFi settings,Manage Your Router > View information about the router and the Internet and WiFi settings,Manage Your Router,2,109,109,P4,1,1,1,1,1252,1252,313,313,0,831da047-4284-54aa-ab28-c39a018336ae,831da047-4284-54aa-ab28-c39a018336ae,d69381d0-06ed-49bf-9fe1-6050d9374432:831da047-4284-54aa-ab28-c39a018336ae,True,leaf outline with direct text candidate,d69381d0-06ed-49bf-9fe1-6050d9374432::P4,5,False,20260831,outline_random_pick,pending_manual_review
d69381d0-06ed-49bf-9fe1-6050d9374432:OUTLINE:c2e5aa6c07760fe3,d69381d0-06ed-49bf-9fe1-6050d9374432:OUTLINE:c2e5aa6c07760fe3,d69381d0-06ed-49bf-9fe1-6050d9374432,netgear-rax120.pdf,RAX120,d16dd78e-9e26-547d-8299-37397f25a146,Specify ReadyDLNA media server settings,Manage Your Router > Specify ReadyDLNA media server settings,Manage Your Router,2,119,120,P4,1,1,1,1,1475,1475,369,369,0,40b456e8-9a3f-59fd-882c-9a6cd05c4ded,40b456e8-9a3f-59fd-882c-9a6cd05c4ded,d69381d0-06ed-49bf-9fe1-6050d9374432:40b456e8-9a3f-59fd-882c-9a6cd05c4ded,True,leaf outline with direct text candidate,d69381d0-06ed-49bf-9fe1-6050d9374432::P4,3,False,20260831,outline_random_pick,pending_manual_review
d69381d0-06ed-49bf-9fe1-6050d9374432:OUTLINE:30e6bc1f5ecbb7b4,d69381d0-06ed-49bf-9fe1-6050d9374432:OUTLINE:30e6bc1f5ecbb7b4,d69381d0-06ed-49bf-9fe1-6050d9374432,netgear-rax120.pdf,RAX120,2d6d37a3-becf-55df-8df9-fe4e33e079f7,Connect a USB storage device to the router,Share USB Storage Devices Attached to the Router > Connect a USB storage device to the router,Share USB Storage Devices Attached to the Router,2,123,123,P4,1,1,1,1,646,646,162,162,0,bb9735df-2bc3-50f1-9fb8-2235613d714e,bb9735df-2bc3-50f1-9fb8-2235613d714e,d69381d0-06ed-49bf-9fe1-6050d9374432:bb9735df-2bc3-50f1-9fb8-2235613d714e,True,leaf outline with direct text candidate,d69381d0-06ed-49bf-9fe1-6050d9374432::P4,1,True,20260831,outline_random_pick,pending_manual_review
d69381d0-06ed-49bf-9fe1-6050d9374432:OUTLINE:7e8558c76cede228,d69381d0-06ed-49bf-9fe1-6050d9374432:OUTLINE:7e8558c76cede228,d69381d0-06ed-49bf-9fe1-6050d9374432,netgear-rax120.pdf,RAX120,f6e1d773-aff1-501a-90d1-21ed2ef6a1e2,Add a network folder on a USB storage device,Share USB Storage Devices Attached to the Router > Add a network folder on a USB storage device,Share USB Storage Devices Attached to the Router,2,130,131,P4,1,1,1,1,1771,1771,443,443,0,9d1e53fd-0a2d-51bd-bb64-2521b239e8f3,9d1e53fd-0a2d-51bd-bb64-2521b239e8f3,d69381d0-06ed-49bf-9fe1-6050d9374432:9d1e53fd-0a2d-51bd-bb64-2521b239e8f3,True,leaf outline with direct text candidate,d69381d0-06ed-49bf-9fe1-6050d9374432::P4,4,True,20260831,outline_random_pick,pending_manual_review
d69381d0-06ed-49bf-9fe1-6050d9374432:OUTLINE:6bfd2d1ed7baea6f,d69381d0-06ed-49bf-9fe1-6050d9374432:OUTLINE:6bfd2d1ed7baea6f,d69381d0-06ed-49bf-9fe1-6050d9374432,netgear-rax120.pdf,RAX120,53a8093f-b32e-5813-99b4-b16c13e77ae1,Change the Dynamic DNS settings,Use Dynamic DNS to Access USB Storage Devices Through the Internet > Set up and manage Dynamic DNS > Change the Dynamic DNS settings,Use Dynamic DNS to Access USB Storage Devices Through the Internet > Set up and manage Dynamic DNS,3,136,136,P4,1,1,1,1,673,673,169,169,0,d7d2bc93-72bb-53d6-945c-0708fde2888b,d7d2bc93-72bb-53d6-945c-0708fde2888b,d69381d0-06ed-49bf-9fe1-6050d9374432:d7d2bc93-72bb-53d6-945c-0708fde2888b,True,leaf outline with direct text candidate,d69381d0-06ed-49bf-9fe1-6050d9374432::P4,2,True,20260831,outline_random_pick,pending_manual_review
d69381d0-06ed-49bf-9fe1-6050d9374432:OUTLINE:73af42b29ef02388,d69381d0-06ed-49bf-9fe1-6050d9374432:OUTLINE:73af42b29ef02388,d69381d0-06ed-49bf-9fe1-6050d9374432,netgear-rax120.pdf,RAX120,7a4def3e-5a44-5bd6-acf4-8d9a50f9d114,LAN IP addressing in VPN networks,Use OpenVPN to Access Your Network > LAN IP addressing in VPN networks,Use OpenVPN to Access Your Network,2,150,150,P5,1,1,1,1,717,717,180,180,0,bf69a6ec-f1d8-59ef-9f24-3e6f511b61a6,bf69a6ec-f1d8-59ef-9f24-3e6f511b61a6,d69381d0-06ed-49bf-9fe1-6050d9374432:bf69a6ec-f1d8-59ef-9f24-3e6f511b61a6,True,leaf outline with direct text candidate,d69381d0-06ed-49bf-9fe1-6050d9374432::P5,3,False,20260831,outline_random_pick,pending_manual_review
d69381d0-06ed-49bf-9fe1-6050d9374432:OUTLINE:daf5f533fe9ebdbe,d69381d0-06ed-49bf-9fe1-6050d9374432:OUTLINE:daf5f533fe9ebdbe,d69381d0-06ed-49bf-9fe1-6050d9374432,netgear-rax120.pdf,RAX120,845f39c3-a4c3-54d5-8f82-7eae56fe1454,Set up port forwarding to a local server,Manage port forwarding and port triggering > Manage port forwarding to a local server > Set up port forwarding to a local server,Manage port forwarding and port triggering > Manage port forwarding to a local server,3,154,155,P5,1,1,1,1,1328,1328,332,332,0,bd4c95a1-759d-5ce0-931c-626479b66080,bd4c95a1-759d-5ce0-931c-626479b66080,d69381d0-06ed-49bf-9fe1-6050d9374432:bd4c95a1-759d-5ce0-931c-626479b66080,True,leaf outline with direct text candidate,d69381d0-06ed-49bf-9fe1-6050d9374432::P5,1,False,20260831,outline_random_pick,pending_manual_review
d69381d0-06ed-49bf-9fe1-6050d9374432:OUTLINE:467073553419e71c,d69381d0-06ed-49bf-9fe1-6050d9374432:OUTLINE:467073553419e71c,d69381d0-06ed-49bf-9fe1-6050d9374432,netgear-rax120.pdf,RAX120,cfdd6801-0999-5574-a016-f62d24f94704,Edit a port forwarding service,Manage port forwarding and port triggering > Manage port forwarding to a local server > Edit a port forwarding service,Manage port forwarding and port triggering > Manage port forwarding to a local server,3,156,156,P5,1,1,1,1,866,866,217,217,0,c2704dca-8973-5ecf-af15-2fedb90d9ea4,c2704dca-8973-5ecf-af15-2fedb90d9ea4,d69381d0-06ed-49bf-9fe1-6050d9374432:c2704dca-8973-5ecf-af15-2fedb90d9ea4,True,leaf outline with direct text candidate,d69381d0-06ed-49bf-9fe1-6050d9374432::P5,6,False,20260831,outline_random_pick,pending_manual_review
d69381d0-06ed-49bf-9fe1-6050d9374432:OUTLINE:0d5b6e0a7ba7bfe2,d69381d0-06ed-49bf-9fe1-6050d9374432:OUTLINE:0d5b6e0a7ba7bfe2,d69381d0-06ed-49bf-9fe1-6050d9374432,netgear-rax120.pdf,RAX120,8ec85f88-fd79-5770-95ff-9f22cbb3646d,How the router implements the port forwarding rule,Manage port forwarding and port triggering > Manage port forwarding to a local server > How the router implements the port forwarding rule,Manage port forwarding and port triggering > Manage port forwarding to a local server,3,158,158,P5,1,1,1,1,926,926,232,232,0,cf516841-9648-5ad0-aaaa-b65b9c5d85aa,cf516841-9648-5ad0-aaaa-b65b9c5d85aa,d69381d0-06ed-49bf-9fe1-6050d9374432:cf516841-9648-5ad0-aaaa-b65b9c5d85aa,True,leaf outline with direct text candidate,d69381d0-06ed-49bf-9fe1-6050d9374432::P5,5,True,20260831,outline_random_pick,pending_manual_review
d69381d0-06ed-49bf-9fe1-6050d9374432:OUTLINE:392ff4fbd7ee9772,d69381d0-06ed-49bf-9fe1-6050d9374432:OUTLINE:392ff4fbd7ee9772,d69381d0-06ed-49bf-9fe1-6050d9374432,netgear-rax120.pdf,RAX120,319e5fd1-8b31-54c9-87b1-1db4d6aa68ab,Troubleshoot WiFi connectivity,Troubleshooting > Troubleshoot WiFi connectivity,Troubleshooting,2,169,169,P5,1,1,1,1,1221,1221,306,306,0,48b55cf6-5b08-527e-bd26-f4183bca41e2,48b55cf6-5b08-527e-bd26-f4183bca41e2,d69381d0-06ed-49bf-9fe1-6050d9374432:48b55cf6-5b08-527e-bd26-f4183bca41e2,True,leaf outline with direct text candidate,d69381d0-06ed-49bf-9fe1-6050d9374432::P5,4,True,20260831,outline_random_pick,pending_manual_review
d69381d0-06ed-49bf-9fe1-6050d9374432:OUTLINE:41c9cb735a542932,d69381d0-06ed-49bf-9fe1-6050d9374432:OUTLINE:41c9cb735a542932,d69381d0-06ed-49bf-9fe1-6050d9374432,netgear-rax120.pdf,RAX120,5e8ff238-74ea-5b0b-84a3-747d6165ef9c,Factory settings,Supplemental Information > Factory settings,Supplemental Information,2,173,174,P5,1,1,1,1,1558,1558,390,390,1,7059c14f-c840-5863-9050-2518f69aa8d5,7059c14f-c840-5863-9050-2518f69aa8d5,d69381d0-06ed-49bf-9fe1-6050d9374432:7059c14f-c840-5863-9050-2518f69aa8d5,True,leaf outline with direct text candidate,d69381d0-06ed-49bf-9fe1-6050d9374432::P5,2,True,20260831,outline_random_pick,pending_manual_review
e65eaa31-8579-448d-a22c-88a8fde64409:OUTLINE:c2b8a7a81af8d017,e65eaa31-8579-448d-a22c-88a8fde64409:OUTLINE:c2b8a7a81af8d017,e65eaa31-8579-448d-a22c-88a8fde64409,netgear-rax50.pdf,RAX50,d9d34bde-2bf7-5507-bf85-df84fd806450,Top panel LEDs and buttons,Hardware Setup > Top panel LEDs and buttons,Hardware Setup,2,10,11,P1,1,1,1,1,1984,1984,496,496,1,768db634-23d4-52e8-85b2-64f39b4bb22f,768db634-23d4-52e8-85b2-64f39b4bb22f,e65eaa31-8579-448d-a22c-88a8fde64409:768db634-23d4-52e8-85b2-64f39b4bb22f,True,leaf outline with direct text candidate,e65eaa31-8579-448d-a22c-88a8fde64409::P1,4,False,20260831,outline_random_pick,pending_manual_review
e65eaa31-8579-448d-a22c-88a8fde64409:OUTLINE:ab68deb3acd243ff,e65eaa31-8579-448d-a22c-88a8fde64409:OUTLINE:ab68deb3acd243ff,e65eaa31-8579-448d-a22c-88a8fde64409,netgear-rax50.pdf,RAX50,7af4567d-d1f1-5485-a4d3-4b914485f28c,Attach and position the antennas,Hardware Setup > Attach and position the antennas,Hardware Setup,2,13,13,P1,1,1,1,1,475,475,119,119,1,c31cd99a-365c-5ce5-8381-39df25c52273,c31cd99a-365c-5ce5-8381-39df25c52273,e65eaa31-8579-448d-a22c-88a8fde64409:c31cd99a-365c-5ce5-8381-39df25c52273,True,leaf outline with direct text candidate,e65eaa31-8579-448d-a22c-88a8fde64409::P1,2,False,20260831,outline_random_pick,pending_manual_review
e65eaa31-8579-448d-a22c-88a8fde64409:OUTLINE:79aeb7edd70d3319,e65eaa31-8579-448d-a22c-88a8fde64409:OUTLINE:79aeb7edd70d3319,e65eaa31-8579-448d-a22c-88a8fde64409,netgear-rax50.pdf,RAX50,c8604b35-5a70-582a-9fdc-f64e1c373efb,Position your router,Hardware Setup > Position your router,Hardware Setup,2,14,14,P1,1,1,1,1,1438,1438,360,360,0,f42f57b0-65cd-5982-935c-289c54636287,f42f57b0-65cd-5982-935c-289c54636287,e65eaa31-8579-448d-a22c-88a8fde64409:f42f57b0-65cd-5982-935c-289c54636287,True,leaf outline with direct text candidate,e65eaa31-8579-448d-a22c-88a8fde64409::P1,3,True,20260831,outline_random_pick,pending_manual_review
e65eaa31-8579-448d-a22c-88a8fde64409:OUTLINE:41ba92c1cd759ea9,e65eaa31-8579-448d-a22c-88a8fde64409:OUTLINE:41ba92c1cd759ea9,e65eaa31-8579-448d-a22c-88a8fde64409,netgear-rax50.pdf,RAX50,63057a71-2392-5454-a326-267227715567,Connect to the router WiFi network,Connect to the Network and Access the Router > Connect to the router network > Connect to the router WiFi network,Connect to the Network and Access the Router > Connect to the router network,3,18,18,P1,1,1,1,1,565,565,142,142,0,e00425b6-15d6-5234-b2e5-d0f194e4e777,e00425b6-15d6-5234-b2e5-d0f194e4e777,e65eaa31-8579-448d-a22c-88a8fde64409:e00425b6-15d6-5234-b2e5-d0f194e4e777,True,leaf outline with direct text candidate,e65eaa31-8579-448d-a22c-88a8fde64409::P1,1,True,20260831,outline_random_pick,pending_manual_review
e65eaa31-8579-448d-a22c-88a8fde64409:OUTLINE:5c59851a56345ebf,e65eaa31-8579-448d-a22c-88a8fde64409:OUTLINE:5c59851a56345ebf,e65eaa31-8579-448d-a22c-88a8fde64409,netgear-rax50.pdf,RAX50,b3d008fa-cac6-5559-8cb5-a16f23b0ad51,Use auto config for an IPv6 Internet connection,Specify Your Internet Settings > Specify IPv6 Internet connections > Use auto config for an IPv6 Internet connection,Specify Your Internet Settings > Specify IPv6 Internet connections,3,36,38,P2,1,1,1,1,3237,3237,810,810,0,e87e22a2-a89c-58a7-9ff2-ff82463e19a7,e87e22a2-a89c-58a7-9ff2-ff82463e19a7,e65eaa31-8579-448d-a22c-88a8fde64409:e87e22a2-a89c-58a7-9ff2-ff82463e19a7,True,leaf outline with direct text candidate,e65eaa31-8579-448d-a22c-88a8fde64409::P2,4,True,20260831,outline_random_pick,pending_manual_review
e65eaa31-8579-448d-a22c-88a8fde64409:OUTLINE:121e62ef30e6e2d8,e65eaa31-8579-448d-a22c-88a8fde64409:OUTLINE:121e62ef30e6e2d8,e65eaa31-8579-448d-a22c-88a8fde64409,netgear-rax50.pdf,RAX50,2b023381-4bb1-5485-ab03-ca8f8476ebe7,Manage allowed devices currently not on the network,Control Access to the Internet > Network access control list > Manage allowed devices currently not on the network,Control Access to the Internet > Network access control list,3,45,47,P2,1,1,1,1,2815,2815,704,704,0,03914fcb-62c9-5345-8ab2-2475379fe1be,03914fcb-62c9-5345-8ab2-2475379fe1be,e65eaa31-8579-448d-a22c-88a8fde64409:03914fcb-62c9-5345-8ab2-2475379fe1be,True,leaf outline with direct text candidate,e65eaa31-8579-448d-a22c-88a8fde64409::P2,1,True,20260831,outline_random_pick,pending_manual_review
e65eaa31-8579-448d-a22c-88a8fde64409:OUTLINE:b12cd4d72dd684c1,e65eaa31-8579-448d-a22c-88a8fde64409:OUTLINE:b12cd4d72dd684c1,e65eaa31-8579-448d-a22c-88a8fde64409,netgear-rax50.pdf,RAX50,30981bd7-fd9c-51cb-874f-db906504794c,Block services from the Internet,Control Access to the Internet > Block services from the Internet,Control Access to the Internet,2,50,52,P2,1,1,1,1,2210,2210,553,553,0,99658dd2-78ae-5071-b357-1bf664fe79b4,99658dd2-78ae-5071-b357-1bf664fe79b4,e65eaa31-8579-448d-a22c-88a8fde64409:99658dd2-78ae-5071-b357-1bf664fe79b4,True,leaf outline with direct text candidate,e65eaa31-8579-448d-a22c-88a8fde64409::P2,2,False,20260831,outline_random_pick,pending_manual_review
e65eaa31-8579-448d-a22c-88a8fde64409:OUTLINE:65152cd4c24d5f6b,e65eaa31-8579-448d-a22c-88a8fde64409:OUTLINE:65152cd4c24d5f6b,e65eaa31-8579-448d-a22c-88a8fde64409,netgear-rax50.pdf,RAX50,2f382995-c197-58f1-a6d0-bf12bd74fbc2,Edit a reserved IP address,Manage Network Settings > Manage reserved LAN IP addresses > Edit a reserved IP address,Manage Network Settings > Manage reserved LAN IP addresses,3,63,63,P2,1,1,1,1,732,732,183,183,0,1be33f2b-4682-5836-9ce0-8b2da0854ebd,1be33f2b-4682-5836-9ce0-8b2da0854ebd,e65eaa31-8579-448d-a22c-88a8fde64409:1be33f2b-4682-5836-9ce0-8b2da0854ebd,True,leaf outline with direct text candidate,e65eaa31-8579-448d-a22c-88a8fde64409::P2,3,False,20260831,outline_random_pick,pending_manual_review
e65eaa31-8579-448d-a22c-88a8fde64409:OUTLINE:8d66e90b801f07f3,e65eaa31-8579-448d-a22c-88a8fde64409:OUTLINE:8d66e90b801f07f3,e65eaa31-8579-448d-a22c-88a8fde64409,netgear-rax50.pdf,RAX50,09cdf16c-4066-5c32-ac87-f491dc1b8c80,Change the WiFi password or the WiFi security,Manage Network Settings > Change the WiFi password or the WiFi security,Manage Network Settings,2,69,70,P3,1,1,1,1,2464,2464,616,616,0,8ac61414-fafd-5cda-9ea9-b0eaa1e84ab3,8ac61414-fafd-5cda-9ea9-b0eaa1e84ab3,e65eaa31-8579-448d-a22c-88a8fde64409:8ac61414-fafd-5cda-9ea9-b0eaa1e84ab3,True,leaf outline with direct text candidate,e65eaa31-8579-448d-a22c-88a8fde64409::P3,2,False,20260831,outline_random_pick,pending_manual_review
e65eaa31-8579-448d-a22c-88a8fde64409:OUTLINE:d1c77ac91f33a3a2,e65eaa31-8579-448d-a22c-88a8fde64409:OUTLINE:d1c77ac91f33a3a2,e65eaa31-8579-448d-a22c-88a8fde64409,netgear-rax50.pdf,RAX50,a370f08b-6332-5410-be09-55fc8a989bf6,Set up a bridge for a VLAN tag group,Manage Network Settings > Set up a bridge for a port group or VLAN tag group > Set up a bridge for a VLAN tag group,Manage Network Settings > Set up a bridge for a port group or VLAN tag group,3,78,79,P3,1,1,1,1,2280,2280,570,570,0,2ead2cbe-d69d-5b20-9dce-073f267d25e0,2ead2cbe-d69d-5b20-9dce-073f267d25e0,e65eaa31-8579-448d-a22c-88a8fde64409:2ead2cbe-d69d-5b20-9dce-073f267d25e0,True,leaf outline with direct text candidate,e65eaa31-8579-448d-a22c-88a8fde64409::P3,4,False,20260831,outline_random_pick,pending_manual_review
e65eaa31-8579-448d-a22c-88a8fde64409:OUTLINE:f362300bbbc0324c,e65eaa31-8579-448d-a22c-88a8fde64409:OUTLINE:f362300bbbc0324c,e65eaa31-8579-448d-a22c-88a8fde64409,netgear-rax50.pdf,RAX50,21c18a7b-5d80-5a24-a165-1ca3d8b26c98,Enable Dynamic QoS,Optimize Performance > Use Dynamic QoS to optimize Internet traffic management > Enable Dynamic QoS,Optimize Performance > Use Dynamic QoS to optimize Internet traffic management,3,86,87,P3,1,1,1,1,1261,1261,316,316,0,d2849132-6a3d-520c-8f2c-bd5e904e522d,d2849132-6a3d-520c-8f2c-bd5e904e522d,e65eaa31-8579-448d-a22c-88a8fde64409:d2849132-6a3d-520c-8f2c-bd5e904e522d,True,leaf outline with direct text candidate,e65eaa31-8579-448d-a22c-88a8fde64409::P3,3,True,20260831,outline_random_pick,pending_manual_review
e65eaa31-8579-448d-a22c-88a8fde64409:OUTLINE:41d86e3c0982faa9,e65eaa31-8579-448d-a22c-88a8fde64409:OUTLINE:41d86e3c0982faa9,e65eaa31-8579-448d-a22c-88a8fde64409,netgear-rax50.pdf,RAX50,b521482a-e8a6-5998-9e02-21dbb53a9945,Manually update the dynamic QoS database,Optimize Performance > Use Dynamic QoS to optimize Internet traffic management > Manually update the dynamic QoS database,Optimize Performance > Use Dynamic QoS to optimize Internet traffic management,3,87,88,P3,1,1,1,1,1010,1010,253,253,0,93ffa849-c75e-5120-be9a-d99bb0eed70b,93ffa849-c75e-5120-be9a-d99bb0eed70b,e65eaa31-8579-448d-a22c-88a8fde64409:93ffa849-c75e-5120-be9a-d99bb0eed70b,True,leaf outline with direct text candidate,e65eaa31-8579-448d-a22c-88a8fde64409::P3,1,True,20260831,outline_random_pick,pending_manual_review
e65eaa31-8579-448d-a22c-88a8fde64409:OUTLINE:b12173e1e134fdbc,e65eaa31-8579-448d-a22c-88a8fde64409:OUTLINE:b12173e1e134fdbc,e65eaa31-8579-448d-a22c-88a8fde64409,netgear-rax50.pdf,RAX50,b26b8971-12a0-53f4-a971-c1f3e6324d92,View information about the router and the Internet and WiFi settings,Manage Your Router > View information about the router and the Internet and WiFi settings,Manage Your Router,2,98,98,P4,1,1,1,1,1252,1252,313,313,0,0f4aebc2-b532-542c-857f-5cc34359b93a,0f4aebc2-b532-542c-857f-5cc34359b93a,e65eaa31-8579-448d-a22c-88a8fde64409:0f4aebc2-b532-542c-857f-5cc34359b93a,True,leaf outline with direct text candidate,e65eaa31-8579-448d-a22c-88a8fde64409::P4,5,False,20260831,outline_random_pick,pending_manual_review
e65eaa31-8579-448d-a22c-88a8fde64409:OUTLINE:50555901814609f9,e65eaa31-8579-448d-a22c-88a8fde64409:OUTLINE:50555901814609f9,e65eaa31-8579-448d-a22c-88a8fde64409,netgear-rax50.pdf,RAX50,a578f0ec-0619-5b40-a8b1-9013554a4573,View and manage logs of router activity,Manage Your Router > View and manage logs of router activity,Manage Your Router,2,101,101,P4,1,1,1,1,1676,1676,419,419,0,f7527cdb-1cd3-5081-8dfa-cae5ce0b7ad2,f7527cdb-1cd3-5081-8dfa-cae5ce0b7ad2,e65eaa31-8579-448d-a22c-88a8fde64409:f7527cdb-1cd3-5081-8dfa-cae5ce0b7ad2,True,leaf outline with direct text candidate,e65eaa31-8579-448d-a22c-88a8fde64409::P4,1,False,20260831,outline_random_pick,pending_manual_review
e65eaa31-8579-448d-a22c-88a8fde64409:OUTLINE:5ae513b79530a608,e65eaa31-8579-448d-a22c-88a8fde64409:OUTLINE:5ae513b79530a608,e65eaa31-8579-448d-a22c-88a8fde64409,netgear-rax50.pdf,RAX50,9b73c336-ab13-5b2f-8661-2d87ed01c461,Erase the settings,Manage Your Router > Manage the router configuration file > Erase the settings,Manage Your Router > Manage the router configuration file,3,104,105,P4,1,1,1,1,1000,1000,250,250,0,03a4fccb-bb0c-56ec-b67b-eee79c190813,03a4fccb-bb0c-56ec-b67b-eee79c190813,e65eaa31-8579-448d-a22c-88a8fde64409:03a4fccb-bb0c-56ec-b67b-eee79c190813,True,leaf outline with direct text candidate,e65eaa31-8579-448d-a22c-88a8fde64409::P4,4,True,20260831,outline_random_pick,pending_manual_review
e65eaa31-8579-448d-a22c-88a8fde64409:OUTLINE:63ce14dc44a4804a,e65eaa31-8579-448d-a22c-88a8fde64409:OUTLINE:63ce14dc44a4804a,e65eaa31-8579-448d-a22c-88a8fde64409,netgear-rax50.pdf,RAX50,b582012c-ed05-5505-a0da-bce56b216353,Specify a DNS account that you already created,Use Dynamic DNS to Access USB Storage Devices Through the Internet > Set up and manage Dynamic DNS > Specify a DNS account that you already created,Use Dynamic DNS to Access USB Storage Devices Through the Internet > Set up and manage Dynamic DNS,3,121,122,P4,1,1,1,1,1583,1583,396,396,0,aae918c4-3d38-5ba5-ab87-c3362e57e3de,aae918c4-3d38-5ba5-ab87-c3362e57e3de,e65eaa31-8579-448d-a22c-88a8fde64409:aae918c4-3d38-5ba5-ab87-c3362e57e3de,True,leaf outline with direct text candidate,e65eaa31-8579-448d-a22c-88a8fde64409::P4,3,False,20260831,outline_random_pick,pending_manual_review
e65eaa31-8579-448d-a22c-88a8fde64409:OUTLINE:8b9e84b41a8e2327,e65eaa31-8579-448d-a22c-88a8fde64409:OUTLINE:8b9e84b41a8e2327,e65eaa31-8579-448d-a22c-88a8fde64409,netgear-rax50.pdf,RAX50,fab7f49f-543d-5d1b-ba3a-ba19336aa753,About VPN connections,Use OpenVPN to Access Your Network > About VPN connections,Use OpenVPN to Access Your Network,2,128,128,P4,1,1,1,1,1597,1597,400,400,0,a13c3553-78f9-5ede-9cd9-390daad977b6,a13c3553-78f9-5ede-9cd9-390daad977b6,e65eaa31-8579-448d-a22c-88a8fde64409:a13c3553-78f9-5ede-9cd9-390daad977b6,True,leaf outline with direct text candidate,e65eaa31-8579-448d-a22c-88a8fde64409::P4,2,True,20260831,outline_random_pick,pending_manual_review
e65eaa31-8579-448d-a22c-88a8fde64409:OUTLINE:4961dff6fcaa17d5,e65eaa31-8579-448d-a22c-88a8fde64409:OUTLINE:4961dff6fcaa17d5,e65eaa31-8579-448d-a22c-88a8fde64409,netgear-rax50.pdf,RAX50,514bb0f0-e435-5acf-8b8a-2b33c58d8da3,Block VPN client Internet access in the router,Use OpenVPN to Access Your Network > Use VPN to access your Internet service at home > Block VPN client Internet access in the router,Use OpenVPN to Access Your Network > Use VPN to access your Internet service at home,3,136,137,P5,1,1,1,1,1320,1320,330,330,0,01143d51-a727-543c-b607-948530c2902c,01143d51-a727-543c-b607-948530c2902c,e65eaa31-8579-448d-a22c-88a8fde64409:01143d51-a727-543c-b607-948530c2902c,True,leaf outline with direct text candidate,e65eaa31-8579-448d-a22c-88a8fde64409::P5,2,True,20260831,outline_random_pick,pending_manual_review
e65eaa31-8579-448d-a22c-88a8fde64409:OUTLINE:4c371fdde86b5510,e65eaa31-8579-448d-a22c-88a8fde64409:OUTLINE:4c371fdde86b5510,e65eaa31-8579-448d-a22c-88a8fde64409,netgear-rax50.pdf,RAX50,380c6d1f-08a5-5b23-8428-cd11d78ab802,Delete a port forwarding entry,Manage Port Forwarding and Port Triggering > Manage port forwarding to a local server > Delete a port forwarding entry,Manage Port Forwarding and Port Triggering > Manage port forwarding to a local server,3,142,142,P5,1,1,1,1,747,747,187,187,0,af31b6ec-73a8-5529-8fa5-da1f467d1bef,af31b6ec-73a8-5529-8fa5-da1f467d1bef,e65eaa31-8579-448d-a22c-88a8fde64409:af31b6ec-73a8-5529-8fa5-da1f467d1bef,True,leaf outline with direct text candidate,e65eaa31-8579-448d-a22c-88a8fde64409::P5,1,True,20260831,outline_random_pick,pending_manual_review
e65eaa31-8579-448d-a22c-88a8fde64409:OUTLINE:6676e5be2991e0f8,e65eaa31-8579-448d-a22c-88a8fde64409:OUTLINE:6676e5be2991e0f8,e65eaa31-8579-448d-a22c-88a8fde64409,netgear-rax50.pdf,RAX50,f019bc09-b509-57f2-8f00-44979ec281a4,Application example: Port triggering for Internet relay chat,Manage Port Forwarding and Port Triggering > Port triggering > Application example: Port triggering for Internet relay chat,Manage Port Forwarding and Port Triggering > Port triggering,3,145,146,P5,1,1,1,1,2611,2611,653,653,0,67f8eab0-6a22-5c7b-9f6c-d116e364dc33,67f8eab0-6a22-5c7b-9f6c-d116e364dc33,e65eaa31-8579-448d-a22c-88a8fde64409:67f8eab0-6a22-5c7b-9f6c-d116e364dc33,True,leaf outline with direct text candidate,e65eaa31-8579-448d-a22c-88a8fde64409::P5,4,False,20260831,outline_random_pick,pending_manual_review
e65eaa31-8579-448d-a22c-88a8fde64409:OUTLINE:9c32743864313ce3,e65eaa31-8579-448d-a22c-88a8fde64409:OUTLINE:9c32743864313ce3,e65eaa31-8579-448d-a22c-88a8fde64409,netgear-rax50.pdf,RAX50,0664c6a4-1064-5148-9e16-6d833b5ce4e7,Changes are not saved,Troubleshooting > Changes are not saved,Troubleshooting,2,154,154,P5,1,1,1,1,403,403,101,101,0,8a1f36b5-aaaa-557d-a7c6-8b9086b7070f,8a1f36b5-aaaa-557d-a7c6-8b9086b7070f,e65eaa31-8579-448d-a22c-88a8fde64409:8a1f36b5-aaaa-557d-a7c6-8b9086b7070f,True,leaf outline with direct text candidate,e65eaa31-8579-448d-a22c-88a8fde64409::P5,3,False,20260831,outline_random_pick,pending_manual_review
e65eaa31-8579-448d-a22c-88a8fde64409:OUTLINE:3d0101989fca1bb6,e65eaa31-8579-448d-a22c-88a8fde64409:OUTLINE:3d0101989fca1bb6,e65eaa31-8579-448d-a22c-88a8fde64409,netgear-rax50.pdf,RAX50,3e8b8065-a404-5e06-80dd-01e8d288b2db,Test the path from a Windows-based computer to a remote device,Troubleshooting > Troubleshoot your network using the ping utility > Test the path from a Windows-based computer to a remote device,Troubleshooting > Troubleshoot your network using the ping utility,3,156,156,P5,1,1,1,1,1579,1579,395,395,0,d6a2438e-ce2e-5744-b23d-64355bb7f3b2,d6a2438e-ce2e-5744-b23d-64355bb7f3b2,e65eaa31-8579-448d-a22c-88a8fde64409:d6a2438e-ce2e-5744-b23d-64355bb7f3b2,True,leaf outline with direct text candidate,e65eaa31-8579-448d-a22c-88a8fde64409::P5,5,True,20260831,outline_random_pick,pending_manual_review
57d18421-8c71-47bc-992e-0d0dfdcdbbea:OUTLINE:51a6513bbc2a11e3,57d18421-8c71-47bc-992e-0d0dfdcdbbea:OUTLINE:51a6513bbc2a11e3,57d18421-8c71-47bc-992e-0d0dfdcdbbea,netgear-raxe500.pdf,RAXE500,2b230065-9c96-5dac-b368-27649a3bac39,Find and connect to the WiFi network,Connect to the network and access the router > Connect to the network > Find and connect to the WiFi network,Connect to the network and access the router > Connect to the network,3,20,20,P1,1,1,1,1,361,361,91,91,0,a3662689-f8b9-5c28-8c0a-b2185487bec9,a3662689-f8b9-5c28-8c0a-b2185487bec9,57d18421-8c71-47bc-992e-0d0dfdcdbbea:a3662689-f8b9-5c28-8c0a-b2185487bec9,True,leaf outline with direct text candidate,57d18421-8c71-47bc-992e-0d0dfdcdbbea::P1,2,True,20260831,outline_random_pick,pending_manual_review
57d18421-8c71-47bc-992e-0d0dfdcdbbea:OUTLINE:f3161081da6e6415,57d18421-8c71-47bc-992e-0d0dfdcdbbea:OUTLINE:f3161081da6e6415,57d18421-8c71-47bc-992e-0d0dfdcdbbea,netgear-raxe500.pdf,RAXE500,e948856f-44f1-5478-b2be-351f2ce5e8fd,Automatic Internet Setup,Connect to the network and access the router > Use a web browser to access the router > Automatic Internet Setup,Connect to the network and access the router > Use a web browser to access the router,3,22,23,P1,1,1,1,1,2974,2974,744,744,0,feb09c00-0fd2-5b2c-ae97-969bd349df0e,feb09c00-0fd2-5b2c-ae97-969bd349df0e,57d18421-8c71-47bc-992e-0d0dfdcdbbea:feb09c00-0fd2-5b2c-ae97-969bd349df0e,True,leaf outline with direct text candidate,57d18421-8c71-47bc-992e-0d0dfdcdbbea::P1,1,True,20260831,outline_random_pick,pending_manual_review
57d18421-8c71-47bc-992e-0d0dfdcdbbea:OUTLINE:8c80cd632556e4e9,57d18421-8c71-47bc-992e-0d0dfdcdbbea:OUTLINE:8c80cd632556e4e9,57d18421-8c71-47bc-992e-0d0dfdcdbbea,netgear-raxe500.pdf,RAXE500,637dd5db-e557-5ec7-8ba1-c4718b9e0bf0,Specify an Internet connection without a login,Specify Your Internet Settings > Manually set up the Internet connection > Specify an Internet connection without a login,Specify Your Internet Settings > Manually set up the Internet connection,3,26,28,P1,1,1,1,1,2963,2963,741,741,0,a114d7bd-801f-53cb-80ac-e580ea635016,a114d7bd-801f-53cb-80ac-e580ea635016,57d18421-8c71-47bc-992e-0d0dfdcdbbea:a114d7bd-801f-53cb-80ac-e580ea635016,True,leaf outline with direct text candidate,57d18421-8c71-47bc-992e-0d0dfdcdbbea::P1,3,False,20260831,outline_random_pick,pending_manual_review
57d18421-8c71-47bc-992e-0d0dfdcdbbea:OUTLINE:a83acb2e18c8d600,57d18421-8c71-47bc-992e-0d0dfdcdbbea:OUTLINE:a83acb2e18c8d600,57d18421-8c71-47bc-992e-0d0dfdcdbbea,netgear-raxe500.pdf,RAXE500,204f6366-d855-5ab0-8be0-9d730a95024d,Set up an IPv6 fixed Internet connection,Specify Your Internet Settings > Specify IPv6 Internet connections > Set up an IPv6 fixed Internet connection,Specify Your Internet Settings > Specify IPv6 Internet connections,3,37,38,P2,1,1,1,1,2133,2133,534,534,0,5ffc76ec-562d-5557-911f-c46c77ba633f,5ffc76ec-562d-5557-911f-c46c77ba633f,57d18421-8c71-47bc-992e-0d0dfdcdbbea:5ffc76ec-562d-5557-911f-c46c77ba633f,True,leaf outline with direct text candidate,57d18421-8c71-47bc-992e-0d0dfdcdbbea::P2,2,False,20260831,outline_random_pick,pending_manual_review
57d18421-8c71-47bc-992e-0d0dfdcdbbea:OUTLINE:88cdae4e848e09b9,57d18421-8c71-47bc-992e-0d0dfdcdbbea:OUTLINE:88cdae4e848e09b9,57d18421-8c71-47bc-992e-0d0dfdcdbbea,netgear-raxe500.pdf,RAXE500,e489a036-365a-5f84-9122-585d0e9b07dd,MTU concepts,Specify Your Internet Settings > Manage the MTU size > MTU concepts,Specify Your Internet Settings > Manage the MTU size,3,44,46,P2,1,1,1,1,2005,2005,502,502,1,eae4f314-abe4-5229-ac3e-d9cc4c571b27,eae4f314-abe4-5229-ac3e-d9cc4c571b27,57d18421-8c71-47bc-992e-0d0dfdcdbbea:eae4f314-abe4-5229-ac3e-d9cc4c571b27,True,leaf outline with direct text candidate,57d18421-8c71-47bc-992e-0d0dfdcdbbea::P2,3,True,20260831,outline_random_pick,pending_manual_review
57d18421-8c71-47bc-992e-0d0dfdcdbbea:OUTLINE:8bf4ca3b858fe008,57d18421-8c71-47bc-992e-0d0dfdcdbbea:OUTLINE:8bf4ca3b858fe008,57d18421-8c71-47bc-992e-0d0dfdcdbbea,netgear-raxe500.pdf,RAXE500,d9f0f562-9b8d-56e7-9754-582c5319facc,Set up a default DMZ server,Manage Network Settings > Set up a default DMZ server,Manage Network Settings,2,60,61,P2,1,1,1,1,1752,1752,438,438,0,508d014b-f83c-5a94-8faf-9967fbe1c057,508d014b-f83c-5a94-8faf-9967fbe1c057,57d18421-8c71-47bc-992e-0d0dfdcdbbea:508d014b-f83c-5a94-8faf-9967fbe1c057,True,leaf outline with direct text candidate,57d18421-8c71-47bc-992e-0d0dfdcdbbea::P2,4,False,20260831,outline_random_pick,pending_manual_review
57d18421-8c71-47bc-992e-0d0dfdcdbbea:OUTLINE:bbfec0ebd44bf9d9,57d18421-8c71-47bc-992e-0d0dfdcdbbea:OUTLINE:bbfec0ebd44bf9d9,57d18421-8c71-47bc-992e-0d0dfdcdbbea,netgear-raxe500.pdf,RAXE500,8eaf3840-ea87-5292-af54-1df3198a861d,Disable the DHCP server feature in the router,Manage Network Settings > Disable the DHCP server feature in the router,Manage Network Settings,2,64,65,P2,1,1,1,1,1140,1140,285,285,0,8dba79ed-9bf8-5cb2-833b-a493317e765e,8dba79ed-9bf8-5cb2-833b-a493317e765e,57d18421-8c71-47bc-992e-0d0dfdcdbbea:8dba79ed-9bf8-5cb2-833b-a493317e765e,True,leaf outline with direct text candidate,57d18421-8c71-47bc-992e-0d0dfdcdbbea::P2,1,True,20260831,outline_random_pick,pending_manual_review
57d18421-8c71-47bc-992e-0d0dfdcdbbea:OUTLINE:8861e7ad09e57cd3,57d18421-8c71-47bc-992e-0d0dfdcdbbea:OUTLINE:8861e7ad09e57cd3,57d18421-8c71-47bc-992e-0d0dfdcdbbea,netgear-raxe500.pdf,RAXE500,ff0f1cf3-4067-5bc0-81a8-aee8e68b6af6,Enable or disable the WiFi radios,Manage Network Settings > Control the WiFi radios > Enable or disable the WiFi radios,Manage Network Settings > Control the WiFi radios,3,78,78,P3,1,1,1,1,1037,1037,260,260,0,183e963a-d605-5403-a4e2-b882de020cbb,183e963a-d605-5403-a4e2-b882de020cbb,57d18421-8c71-47bc-992e-0d0dfdcdbbea:183e963a-d605-5403-a4e2-b882de020cbb,True,leaf outline with direct text candidate,57d18421-8c71-47bc-992e-0d0dfdcdbbea::P3,4,False,20260831,outline_random_pick,pending_manual_review
57d18421-8c71-47bc-992e-0d0dfdcdbbea:OUTLINE:9738f3c7fd6b99bc,57d18421-8c71-47bc-992e-0d0dfdcdbbea:OUTLINE:9738f3c7fd6b99bc,57d18421-8c71-47bc-992e-0d0dfdcdbbea,netgear-raxe500.pdf,RAXE500,ad06aa28-ae35-5986-9877-eba11b3031c1,Enable or disable 20/40 MHz coexistence for the 2.4 GHz radio,Manage Network Settings > Enable or disable 20/40 MHz coexistence for the 2.4 GHz radio,Manage Network Settings,2,79,80,P3,1,1,1,1,1455,1455,364,364,0,33088b55-3bd9-50bd-8652-c3cd7fd2d88f,33088b55-3bd9-50bd-8652-c3cd7fd2d88f,57d18421-8c71-47bc-992e-0d0dfdcdbbea:33088b55-3bd9-50bd-8652-c3cd7fd2d88f,True,leaf outline with direct text candidate,57d18421-8c71-47bc-992e-0d0dfdcdbbea::P3,2,True,20260831,outline_random_pick,pending_manual_review
57d18421-8c71-47bc-992e-0d0dfdcdbbea:OUTLINE:78527080f264797a,57d18421-8c71-47bc-992e-0d0dfdcdbbea:OUTLINE:78527080f264797a,57d18421-8c71-47bc-992e-0d0dfdcdbbea,netgear-raxe500.pdf,RAXE500,8d3327dc-4762-51b7-8283-f461d3b5f259,Improve network connections with Universal Plug and Play,Manage Network Settings > Improve network connections with Universal Plug and Play,Manage Network Settings,2,94,95,P3,1,1,1,1,2553,2553,639,639,0,dc0a6ec1-1f45-588b-9708-d59ccb92c880,dc0a6ec1-1f45-588b-9708-d59ccb92c880,57d18421-8c71-47bc-992e-0d0dfdcdbbea:dc0a6ec1-1f45-588b-9708-d59ccb92c880,True,leaf outline with direct text candidate,57d18421-8c71-47bc-992e-0d0dfdcdbbea::P3,3,False,20260831,outline_random_pick,pending_manual_review
57d18421-8c71-47bc-992e-0d0dfdcdbbea:OUTLINE:fbc9501ac3f3021b,57d18421-8c71-47bc-992e-0d0dfdcdbbea:OUTLINE:fbc9501ac3f3021b,57d18421-8c71-47bc-992e-0d0dfdcdbbea,netgear-raxe500.pdf,RAXE500,b451eb8a-4013-5762-9e88-6340a9055f13,View or Change the Router Ethernet Port Aggregation Mode,Manage Network Settings > Manage Ethernet Port Aggregation to a LAN Device > View or Change the Router Ethernet Port Aggregation Mode,Manage Network Settings > Manage Ethernet Port Aggregation to a LAN Device,3,98,99,P3,1,1,1,1,2093,2093,524,524,0,09ef238c-cabe-5ea4-9616-24e57ee8f002,09ef238c-cabe-5ea4-9616-24e57ee8f002,57d18421-8c71-47bc-992e-0d0dfdcdbbea:09ef238c-cabe-5ea4-9616-24e57ee8f002,True,leaf outline with direct text candidate,57d18421-8c71-47bc-992e-0d0dfdcdbbea::P3,1,True,20260831,outline_random_pick,pending_manual_review
57d18421-8c71-47bc-992e-0d0dfdcdbbea:OUTLINE:93bc0ecc3539fbab,57d18421-8c71-47bc-992e-0d0dfdcdbbea:OUTLINE:93bc0ecc3539fbab,57d18421-8c71-47bc-992e-0d0dfdcdbbea,netgear-raxe500.pdf,RAXE500,a87b1d7c-294e-5224-9d3c-09a3c4bc99f7,Enable admin password recovery,Manage Your Router > Enable admin password recovery,Manage Your Router,2,103,104,P4,1,1,1,1,981,981,246,246,0,bd1499f0-941f-5bc2-a5a8-04745eefa6c6,bd1499f0-941f-5bc2-a5a8-04745eefa6c6,57d18421-8c71-47bc-992e-0d0dfdcdbbea:bd1499f0-941f-5bc2-a5a8-04745eefa6c6,True,leaf outline with direct text candidate,57d18421-8c71-47bc-992e-0d0dfdcdbbea::P4,3,False,20260831,outline_random_pick,pending_manual_review
57d18421-8c71-47bc-992e-0d0dfdcdbbea:OUTLINE:b501c092002a51d8,57d18421-8c71-47bc-992e-0d0dfdcdbbea:OUTLINE:b501c092002a51d8,57d18421-8c71-47bc-992e-0d0dfdcdbbea,netgear-raxe500.pdf,RAXE500,1ac631c6-9606-523e-96d6-2c8a05e1c412,Monitor Internet traffic,Manage Your Router > Monitor Internet traffic,Manage Your Router,2,109,111,P4,1,1,1,1,2372,2372,593,593,0,04f1b52b-9f18-591e-ac0a-b16ee4a34dad,04f1b52b-9f18-591e-ac0a-b16ee4a34dad,57d18421-8c71-47bc-992e-0d0dfdcdbbea:04f1b52b-9f18-591e-ac0a-b16ee4a34dad,True,leaf outline with direct text candidate,57d18421-8c71-47bc-992e-0d0dfdcdbbea::P4,1,True,20260831,outline_random_pick,pending_manual_review
57d18421-8c71-47bc-992e-0d0dfdcdbbea:OUTLINE:5ae513b79530a608,57d18421-8c71-47bc-992e-0d0dfdcdbbea:OUTLINE:5ae513b79530a608,57d18421-8c71-47bc-992e-0d0dfdcdbbea,netgear-raxe500.pdf,RAXE500,e8378ad0-a9c3-5e1b-8383-b9283e937692,Erase the settings,Manage Your Router > Manage the router configuration file > Erase the settings,Manage Your Router > Manage the router configuration file,3,111,112,P4,1,1,1,1,1000,1000,250,250,0,f9673d04-056e-532b-8ac6-56d5d560625e,f9673d04-056e-532b-8ac6-56d5d560625e,57d18421-8c71-47bc-992e-0d0dfdcdbbea:f9673d04-056e-532b-8ac6-56d5d560625e,True,leaf outline with direct text candidate,57d18421-8c71-47bc-992e-0d0dfdcdbbea::P4,4,False,20260831,outline_random_pick,pending_manual_review
57d18421-8c71-47bc-992e-0d0dfdcdbbea:OUTLINE:536e38dc6e76c4f9,57d18421-8c71-47bc-992e-0d0dfdcdbbea:OUTLINE:536e38dc6e76c4f9,57d18421-8c71-47bc-992e-0d0dfdcdbbea,netgear-raxe500.pdf,RAXE500,9d3934b1-2d81-5c6a-85bb-6c5ccbc07c95,Set your time zone,Manage Your Router > Set your time zone,Manage Your Router,2,114,114,P4,1,1,1,1,744,744,186,186,0,8533530e-9001-5a31-a453-6077909ff031,8533530e-9001-5a31-a453-6077909ff031,57d18421-8c71-47bc-992e-0d0dfdcdbbea:8533530e-9001-5a31-a453-6077909ff031,True,leaf outline with direct text candidate,57d18421-8c71-47bc-992e-0d0dfdcdbbea::P4,6,True,20260831,outline_random_pick,pending_manual_review
57d18421-8c71-47bc-992e-0d0dfdcdbbea:OUTLINE:7e8558c76cede228,57d18421-8c71-47bc-992e-0d0dfdcdbbea:OUTLINE:7e8558c76cede228,57d18421-8c71-47bc-992e-0d0dfdcdbbea,netgear-raxe500.pdf,RAXE500,a24c9742-d61a-51dc-af53-55b028daa040,Add a network folder on a USB storage device,Share USB Storage Devices Attached to the Router > Add a network folder on a USB storage device,Share USB Storage Devices Attached to the Router,2,124,125,P4,1,1,1,1,1775,1775,444,444,0,b2cee766-ed4f-59bb-8d66-703a2aecba75,b2cee766-ed4f-59bb-8d66-703a2aecba75,57d18421-8c71-47bc-992e-0d0dfdcdbbea:b2cee766-ed4f-59bb-8d66-703a2aecba75,True,leaf outline with direct text candidate,57d18421-8c71-47bc-992e-0d0dfdcdbbea::P4,5,True,20260831,outline_random_pick,pending_manual_review
57d18421-8c71-47bc-992e-0d0dfdcdbbea:OUTLINE:31ad88bd458986d1,57d18421-8c71-47bc-992e-0d0dfdcdbbea:OUTLINE:31ad88bd458986d1,57d18421-8c71-47bc-992e-0d0dfdcdbbea,netgear-raxe500.pdf,RAXE500,33c237a5-f800-5c60-84bf-12adafc3c5d2,Set up a new Dynamic DNS account,Use Dynamic DNS to Access USB Storage Devices Through the Internet > Your personal FTP server > Set up a new Dynamic DNS account,Use Dynamic DNS to Access USB Storage Devices Through the Internet > Your personal FTP server,3,131,131,P4,1,1,1,1,1270,1270,318,318,0,b9c49a73-9552-585d-be43-2c72259fffb1,b9c49a73-9552-585d-be43-2c72259fffb1,57d18421-8c71-47bc-992e-0d0dfdcdbbea:b9c49a73-9552-585d-be43-2c72259fffb1,True,leaf outline with direct text candidate,57d18421-8c71-47bc-992e-0d0dfdcdbbea::P4,2,False,20260831,outline_random_pick,pending_manual_review
57d18421-8c71-47bc-992e-0d0dfdcdbbea:OUTLINE:7bbe03a0d66739df,57d18421-8c71-47bc-992e-0d0dfdcdbbea:OUTLINE:7bbe03a0d66739df,57d18421-8c71-47bc-992e-0d0dfdcdbbea,netgear-raxe500.pdf,RAXE500,84a699c6-0aa2-59d2-ab5d-112198f96dc9,Set up VPN client Internet access in the router,Use VPN to Access Your Network > Use VPN to access your Internet service at home > Set up VPN client Internet access in the router,Use VPN to Access Your Network > Use VPN to access your Internet service at home,3,144,144,P5,1,1,1,1,1532,1532,383,383,0,0fc19ad4-a3f3-5128-a97a-000311ce8919,0fc19ad4-a3f3-5128-a97a-000311ce8919,57d18421-8c71-47bc-992e-0d0dfdcdbbea:0fc19ad4-a3f3-5128-a97a-000311ce8919,True,leaf outline with direct text candidate,57d18421-8c71-47bc-992e-0d0dfdcdbbea::P5,5,True,20260831,outline_random_pick,pending_manual_review
57d18421-8c71-47bc-992e-0d0dfdcdbbea:OUTLINE:75123e28a3f1cdc3,57d18421-8c71-47bc-992e-0d0dfdcdbbea:OUTLINE:75123e28a3f1cdc3,57d18421-8c71-47bc-992e-0d0dfdcdbbea,netgear-raxe500.pdf,RAXE500,a1f05e2c-edfb-55e9-8a52-2a865cc503e5,Add a port triggering service,Manage port forwarding and port triggering > Port triggering > Add a port triggering service,Manage port forwarding and port triggering > Port triggering,3,153,153,P5,1,1,1,1,1485,1485,372,372,0,aa760bc0-525c-5797-a3bd-b5f4420a23b5,aa760bc0-525c-5797-a3bd-b5f4420a23b5,57d18421-8c71-47bc-992e-0d0dfdcdbbea:aa760bc0-525c-5797-a3bd-b5f4420a23b5,True,leaf outline with direct text candidate,57d18421-8c71-47bc-992e-0d0dfdcdbbea::P5,4,False,20260831,outline_random_pick,pending_manual_review
57d18421-8c71-47bc-992e-0d0dfdcdbbea:OUTLINE:2c74854a9298dec3,57d18421-8c71-47bc-992e-0d0dfdcdbbea:OUTLINE:2c74854a9298dec3,57d18421-8c71-47bc-992e-0d0dfdcdbbea,netgear-raxe500.pdf,RAXE500,8b938083-8302-5feb-a43e-79ec4fd3506b,Check the WiFi settings,Troubleshooting > Quick tips > Check the WiFi settings,Troubleshooting > Quick tips,3,157,157,P5,1,1,1,1,406,406,102,102,0,0ca599be-3824-5fb8-8b40-4109155a72b2,0ca599be-3824-5fb8-8b40-4109155a72b2,57d18421-8c71-47bc-992e-0d0dfdcdbbea:0ca599be-3824-5fb8-8b40-4109155a72b2,True,leaf outline with direct text candidate,57d18421-8c71-47bc-992e-0d0dfdcdbbea::P5,1,False,20260831,outline_random_pick,pending_manual_review
57d18421-8c71-47bc-992e-0d0dfdcdbbea:OUTLINE:f67dde43cca3ccc5,57d18421-8c71-47bc-992e-0d0dfdcdbbea:OUTLINE:f67dde43cca3ccc5,57d18421-8c71-47bc-992e-0d0dfdcdbbea,netgear-raxe500.pdf,RAXE500,c567418c-9efb-5698-8e12-3ff992fca101,Sequence to restart your network,Troubleshooting > Quick tips > Sequence to restart your network,Troubleshooting > Quick tips,3,157,157,P5,1,1,1,1,212,212,53,53,0,494eba00-b9d1-5fec-898e-b212c6f28baf,494eba00-b9d1-5fec-898e-b212c6f28baf,57d18421-8c71-47bc-992e-0d0dfdcdbbea:494eba00-b9d1-5fec-898e-b212c6f28baf,True,leaf outline with direct text candidate,57d18421-8c71-47bc-992e-0d0dfdcdbbea::P5,2,True,20260831,outline_random_pick,pending_manual_review
57d18421-8c71-47bc-992e-0d0dfdcdbbea:OUTLINE:41c9cb735a542932,57d18421-8c71-47bc-992e-0d0dfdcdbbea:OUTLINE:41c9cb735a542932,57d18421-8c71-47bc-992e-0d0dfdcdbbea,netgear-raxe500.pdf,RAXE500,21b5832c-827d-5195-94e5-558ecfad16c8,Factory settings,Supplemental Information > Factory settings,Supplemental Information,2,167,168,P5,1,1,1,1,1684,1684,421,421,1,d97546a1-6a8d-5949-918e-f156587e7f7d,d97546a1-6a8d-5949-918e-f156587e7f7d,57d18421-8c71-47bc-992e-0d0dfdcdbbea:d97546a1-6a8d-5949-918e-f156587e7f7d,True,leaf outline with direct text candidate,57d18421-8c71-47bc-992e-0d0dfdcdbbea::P5,3,False,20260831,outline_random_pick,pending_manual_review
4431ab7b-17f3-4bc6-8ee4-691efbcdfdeb:OUTLINE:7fee46cb6a7d9532,4431ab7b-17f3-4bc6-8ee4-691efbcdfdeb:OUTLINE:7fee46cb6a7d9532,4431ab7b-17f3-4bc6-8ee4-691efbcdfdeb,netgear-rbk852.pdf,RBK852,e8fa0f43-7fa3-566d-8010-0feda08dc49e,Place your Orbi satellite,Overview > Place your Orbi satellite,Overview,2,14,14,P1,1,1,1,1,185,185,47,47,0,187bc3f7-cbe6-5348-854d-ba311bbe4bfc,187bc3f7-cbe6-5348-854d-ba311bbe4bfc,4431ab7b-17f3-4bc6-8ee4-691efbcdfdeb:187bc3f7-cbe6-5348-854d-ba311bbe4bfc,True,leaf outline with direct text candidate,4431ab7b-17f3-4bc6-8ee4-691efbcdfdeb::P1,1,False,20260831,outline_random_pick,pending_manual_review
4431ab7b-17f3-4bc6-8ee4-691efbcdfdeb:OUTLINE:0dde3e7827c5a595,4431ab7b-17f3-4bc6-8ee4-691efbcdfdeb:OUTLINE:0dde3e7827c5a595,4431ab7b-17f3-4bc6-8ee4-691efbcdfdeb,netgear-rbk852.pdf,RBK852,eac5764a-665d-5e33-ab90-65e04c1578fb,Sync your Orbi satellite with your Orbi router,Overview > Sync your Orbi satellite with your Orbi router,Overview,2,14,14,P1,1,1,1,1,1226,1226,307,307,0,fd0ce992-9b7f-58e2-9140-f25a95a0b95b,fd0ce992-9b7f-58e2-9140-f25a95a0b95b,4431ab7b-17f3-4bc6-8ee4-691efbcdfdeb:fd0ce992-9b7f-58e2-9140-f25a95a0b95b,True,leaf outline with direct text candidate,4431ab7b-17f3-4bc6-8ee4-691efbcdfdeb::P1,4,True,20260831,outline_random_pick,pending_manual_review
4431ab7b-17f3-4bc6-8ee4-691efbcdfdeb:OUTLINE:dd38020313537c89,4431ab7b-17f3-4bc6-8ee4-691efbcdfdeb:OUTLINE:dd38020313537c89,4431ab7b-17f3-4bc6-8ee4-691efbcdfdeb,netgear-rbk852.pdf,RBK852,62618449-6cb1-5864-9646-544fbcf5cd77,Specify an Internet connection that uses a login,Specify Your Internet Settings > Specify an Internet connection that uses a login,Specify Your Internet Settings,2,25,26,P1,1,1,1,1,2879,2879,720,720,0,8d9a554a-454d-51b9-a983-73326d46fe14,8d9a554a-454d-51b9-a983-73326d46fe14,4431ab7b-17f3-4bc6-8ee4-691efbcdfdeb:8d9a554a-454d-51b9-a983-73326d46fe14,True,leaf outline with direct text candidate,4431ab7b-17f3-4bc6-8ee4-691efbcdfdeb::P1,3,False,20260831,outline_random_pick,pending_manual_review
4431ab7b-17f3-4bc6-8ee4-691efbcdfdeb:OUTLINE:e0e51a7e3dee3e59,4431ab7b-17f3-4bc6-8ee4-691efbcdfdeb:OUTLINE:e0e51a7e3dee3e59,4431ab7b-17f3-4bc6-8ee4-691efbcdfdeb,netgear-rbk852.pdf,RBK852,0aa42224-a4b9-5fef-aaf0-35ba3acdc102,Specify IPv6 Internet connections,Specify Your Internet Settings > Manage an IPv6 Internet connection > Specify IPv6 Internet connections,Specify Your Internet Settings > Manage an IPv6 Internet connection,3,27,28,P1,1,1,1,1,1535,1535,384,384,0,bafbe93c-5d33-537b-82ee-2c89ca1550eb,bafbe93c-5d33-537b-82ee-2c89ca1550eb,4431ab7b-17f3-4bc6-8ee4-691efbcdfdeb:bafbe93c-5d33-537b-82ee-2c89ca1550eb,True,leaf outline with direct text candidate,4431ab7b-17f3-4bc6-8ee4-691efbcdfdeb::P1,2,True,20260831,outline_random_pick,pending_manual_review
4431ab7b-17f3-4bc6-8ee4-691efbcdfdeb:OUTLINE:1903b33777805e3f,4431ab7b-17f3-4bc6-8ee4-691efbcdfdeb:OUTLINE:1903b33777805e3f,4431ab7b-17f3-4bc6-8ee4-691efbcdfdeb,netgear-rbk852.pdf,RBK852,61ed7712-2f33-5768-afdf-c33e751599be,Set up an IPv6 PPPoE Internet connection,Specify Your Internet Settings > Manage an IPv6 Internet connection > Set up an IPv6 PPPoE Internet connection,Specify Your Internet Settings > Manage an IPv6 Internet connection,3,38,40,P2,1,1,1,1,3525,3525,882,882,0,acfcfc10-9010-5a5e-9f6c-e4bbbf310479,acfcfc10-9010-5a5e-9f6c-e4bbbf310479,4431ab7b-17f3-4bc6-8ee4-691efbcdfdeb:acfcfc10-9010-5a5e-9f6c-e4bbbf310479,True,leaf outline with direct text candidate,4431ab7b-17f3-4bc6-8ee4-691efbcdfdeb::P2,1,True,20260831,outline_random_pick,pending_manual_review
4431ab7b-17f3-4bc6-8ee4-691efbcdfdeb:OUTLINE:2c0ec2920cd14051,4431ab7b-17f3-4bc6-8ee4-691efbcdfdeb:OUTLINE:2c0ec2920cd14051,4431ab7b-17f3-4bc6-8ee4-691efbcdfdeb,netgear-rbk852.pdf,RBK852,00613896-fc88-5311-a9a9-011143744c1e,Set up security event email notifications,Control Access to the Internet > Set up security event email notifications,Control Access to the Internet,2,49,51,P2,1,1,1,1,2423,2423,606,606,0,aee81160-3f45-597d-97ea-c7a1ad45d30a,aee81160-3f45-597d-97ea-c7a1ad45d30a,4431ab7b-17f3-4bc6-8ee4-691efbcdfdeb:aee81160-3f45-597d-97ea-c7a1ad45d30a,True,leaf outline with direct text candidate,4431ab7b-17f3-4bc6-8ee4-691efbcdfdeb::P2,4,True,20260831,outline_random_pick,pending_manual_review
4431ab7b-17f3-4bc6-8ee4-691efbcdfdeb:OUTLINE:6eae6428de0a8f6f,4431ab7b-17f3-4bc6-8ee4-691efbcdfdeb:OUTLINE:6eae6428de0a8f6f,4431ab7b-17f3-4bc6-8ee4-691efbcdfdeb,netgear-rbk852.pdf,RBK852,029b3642-d253-52b6-84d5-f83a029e81dc,Enable or disable the AX feature for the 2.4 GHz or 5 GHz radio band,Specify WiFi Settings > Manage the settings for the main WiFi network > Enable or disable the AX feature for the 2.4 GHz or 5 GHz radio band,Specify WiFi Settings > Manage the settings for the main WiFi network,3,54,55,P2,1,1,1,1,1658,1658,415,415,0,218331d1-da68-5964-98f2-0a46944ee1bc,218331d1-da68-5964-98f2-0a46944ee1bc,4431ab7b-17f3-4bc6-8ee4-691efbcdfdeb:218331d1-da68-5964-98f2-0a46944ee1bc,True,leaf outline with direct text candidate,4431ab7b-17f3-4bc6-8ee4-691efbcdfdeb::P2,3,False,20260831,outline_random_pick,pending_manual_review
4431ab7b-17f3-4bc6-8ee4-691efbcdfdeb:OUTLINE:f26e82bed25076a2,4431ab7b-17f3-4bc6-8ee4-691efbcdfdeb:OUTLINE:f26e82bed25076a2,4431ab7b-17f3-4bc6-8ee4-691efbcdfdeb,netgear-rbk852.pdf,RBK852,b4f4e6b3-6729-5ba7-97f0-be6ba8a9d2de,Set up a guest WiFi network,Specify WiFi Settings > Set up a guest WiFi network,Specify WiFi Settings,2,60,61,P2,1,1,1,1,1765,1765,442,442,0,63e8922d-56f2-5005-9848-51443f4b78ce,63e8922d-56f2-5005-9848-51443f4b78ce,4431ab7b-17f3-4bc6-8ee4-691efbcdfdeb:63e8922d-56f2-5005-9848-51443f4b78ce,True,leaf outline with direct text candidate,4431ab7b-17f3-4bc6-8ee4-691efbcdfdeb::P2,2,False,20260831,outline_random_pick,pending_manual_review
4431ab7b-17f3-4bc6-8ee4-691efbcdfdeb:OUTLINE:55fef29c1f4c52fd,4431ab7b-17f3-4bc6-8ee4-691efbcdfdeb:OUTLINE:55fef29c1f4c52fd,4431ab7b-17f3-4bc6-8ee4-691efbcdfdeb,netgear-rbk852.pdf,RBK852,b3aa65ef-29bd-5398-a413-e7b3c37fa83d,Set up Internet port aggregation for Orbi router model RBR860,Specify Network Settings > Manage the WAN preference for Orbi router model RBR860 > Set up Internet port aggregation for Orbi router model RBR860,Specify Network Settings > Manage the WAN preference for Orbi router model RBR860,3,68,69,P3,1,1,1,1,1405,1405,352,352,0,a6546993-1d1a-5eb2-b616-d7c4995490a6,a6546993-1d1a-5eb2-b616-d7c4995490a6,4431ab7b-17f3-4bc6-8ee4-691efbcdfdeb:a6546993-1d1a-5eb2-b616-d7c4995490a6,True,leaf outline with direct text candidate,4431ab7b-17f3-4bc6-8ee4-691efbcdfdeb::P3,4,True,20260831,outline_random_pick,pending_manual_review
4431ab7b-17f3-4bc6-8ee4-691efbcdfdeb:OUTLINE:e28b428ac4db879a,4431ab7b-17f3-4bc6-8ee4-691efbcdfdeb:OUTLINE:e28b428ac4db879a,4431ab7b-17f3-4bc6-8ee4-691efbcdfdeb,netgear-rbk852.pdf,RBK852,3eae73cd-212f-51bc-9816-f756b80ccf63,Edit a reserved IP address,Specify Network Settings > Manage reserved LAN IP addresses > Edit a reserved IP address,Specify Network Settings > Manage reserved LAN IP addresses,3,81,81,P3,1,1,1,1,689,689,173,173,0,6e8e4e2a-c49a-564e-b457-86acb790ebb3,6e8e4e2a-c49a-564e-b457-86acb790ebb3,4431ab7b-17f3-4bc6-8ee4-691efbcdfdeb:6e8e4e2a-c49a-564e-b457-86acb790ebb3,True,leaf outline with direct text candidate,4431ab7b-17f3-4bc6-8ee4-691efbcdfdeb::P3,2,False,20260831,outline_random_pick,pending_manual_review
4431ab7b-17f3-4bc6-8ee4-691efbcdfdeb:OUTLINE:2a664108b43fe7f3,4431ab7b-17f3-4bc6-8ee4-691efbcdfdeb:OUTLINE:2a664108b43fe7f3,4431ab7b-17f3-4bc6-8ee4-691efbcdfdeb,netgear-rbk852.pdf,RBK852,18318c50-fee6-5c93-b20f-7a97a0b73c08,Set up a static route,Specify Network Settings > Manage custom static routes > Set up a static route,Specify Network Settings > Manage custom static routes,3,82,83,P3,1,1,1,1,1330,1330,333,333,0,83b0f8da-6afa-5070-9d44-c12b3b247e8b,83b0f8da-6afa-5070-9d44-c12b3b247e8b,4431ab7b-17f3-4bc6-8ee4-691efbcdfdeb:83b0f8da-6afa-5070-9d44-c12b3b247e8b,True,leaf outline with direct text candidate,4431ab7b-17f3-4bc6-8ee4-691efbcdfdeb::P3,5,True,20260831,outline_random_pick,pending_manual_review
4431ab7b-17f3-4bc6-8ee4-691efbcdfdeb:OUTLINE:e43e65f7f3a357c8,4431ab7b-17f3-4bc6-8ee4-691efbcdfdeb:OUTLINE:e43e65f7f3a357c8,4431ab7b-17f3-4bc6-8ee4-691efbcdfdeb,netgear-rbk852.pdf,RBK852,3e2df178-3741-5bae-a5d7-64711a2a8bf7,Manually update router firmware,Mantain and Monitor Your Network > Update the router and satellite firmware > Manually update router firmware,Mantain and Monitor Your Network > Update the router and satellite firmware,3,95,96,P3,1,1,1,1,931,931,233,233,0,05d2c78c-d574-570c-a023-9294d9e476ea,05d2c78c-d574-570c-a023-9294d9e476ea,4431ab7b-17f3-4bc6-8ee4-691efbcdfdeb:05d2c78c-d574-570c-a023-9294d9e476ea,True,leaf outline with direct text candidate,4431ab7b-17f3-4bc6-8ee4-691efbcdfdeb::P3,1,False,20260831,outline_random_pick,pending_manual_review
4431ab7b-17f3-4bc6-8ee4-691efbcdfdeb:OUTLINE:be90a4673c51fb2c,4431ab7b-17f3-4bc6-8ee4-691efbcdfdeb:OUTLINE:be90a4673c51fb2c,4431ab7b-17f3-4bc6-8ee4-691efbcdfdeb,netgear-rbk852.pdf,RBK852,0bb94895-3254-54aa-bd9b-7b5eec7ba52e,Reset the admin password,Mantain and Monitor Your Network > Reset the admin password,Mantain and Monitor Your Network,2,97,98,P3,1,1,1,1,1004,1004,251,251,0,4a58992e-7442-5746-b6bf-16c7b1879a68,4a58992e-7442-5746-b6bf-16c7b1879a68,4431ab7b-17f3-4bc6-8ee4-691efbcdfdeb:4a58992e-7442-5746-b6bf-16c7b1879a68,True,leaf outline with direct text candidate,4431ab7b-17f3-4bc6-8ee4-691efbcdfdeb::P3,3,False,20260831,outline_random_pick,pending_manual_review
4431ab7b-17f3-4bc6-8ee4-691efbcdfdeb:OUTLINE:b6ea18c463c3d301,4431ab7b-17f3-4bc6-8ee4-691efbcdfdeb:OUTLINE:b6ea18c463c3d301,4431ab7b-17f3-4bc6-8ee4-691efbcdfdeb,netgear-rbk852.pdf,RBK852,f70995c3-8b7b-5b55-b41a-5cf7e1d9cbe7,View router status and usage information,Mantain and Monitor Your Network > View router status and usage information,Mantain and Monitor Your Network,2,99,99,P4,1,1,1,1,503,503,126,126,0,263ad6b3-883f-518a-ac07-4bebc58e9dc9,263ad6b3-883f-518a-ac07-4bebc58e9dc9,4431ab7b-17f3-4bc6-8ee4-691efbcdfdeb:263ad6b3-883f-518a-ac07-4bebc58e9dc9,True,leaf outline with direct text candidate,4431ab7b-17f3-4bc6-8ee4-691efbcdfdeb::P4,5,False,20260831,outline_random_pick,pending_manual_review
4431ab7b-17f3-4bc6-8ee4-691efbcdfdeb:OUTLINE:1c26ad811d0fa2a4,4431ab7b-17f3-4bc6-8ee4-691efbcdfdeb:OUTLINE:1c26ad811d0fa2a4,4431ab7b-17f3-4bc6-8ee4-691efbcdfdeb,netgear-rbk852.pdf,RBK852,aa5261d6-3a41-5992-8f01-48d93feaed47,Check the Internet connection status,Mantain and Monitor Your Network > Check the Internet connection status,Mantain and Monitor Your Network,2,100,101,P4,1,1,1,1,1456,1456,364,364,0,a9e4bfe9-1ebb-596a-b3a2-9b00dbfce6de,a9e4bfe9-1ebb-596a-b3a2-9b00dbfce6de,4431ab7b-17f3-4bc6-8ee4-691efbcdfdeb:a9e4bfe9-1ebb-596a-b3a2-9b00dbfce6de,True,leaf outline with direct text candidate,4431ab7b-17f3-4bc6-8ee4-691efbcdfdeb::P4,2,False,20260831,outline_random_pick,pending_manual_review
4431ab7b-17f3-4bc6-8ee4-691efbcdfdeb:OUTLINE:3ca2cd659c51d159,4431ab7b-17f3-4bc6-8ee4-691efbcdfdeb:OUTLINE:3ca2cd659c51d159,4431ab7b-17f3-4bc6-8ee4-691efbcdfdeb,netgear-rbk852.pdf,RBK852,a4d8103c-c4ad-503c-80cc-244d5e7193dc,Check your Internet bandwidth,Mantain and Monitor Your Network > Check your Internet bandwidth,Mantain and Monitor Your Network,2,106,107,P4,1,1,1,1,637,637,160,160,0,0121bbc3-46f8-588c-b9d6-e7e69974a9fe,0121bbc3-46f8-588c-b9d6-e7e69974a9fe,4431ab7b-17f3-4bc6-8ee4-691efbcdfdeb:0121bbc3-46f8-588c-b9d6-e7e69974a9fe,True,leaf outline with direct text candidate,4431ab7b-17f3-4bc6-8ee4-691efbcdfdeb::P4,4,True,20260831,outline_random_pick,pending_manual_review
4431ab7b-17f3-4bc6-8ee4-691efbcdfdeb:OUTLINE:4961dff6fcaa17d5,4431ab7b-17f3-4bc6-8ee4-691efbcdfdeb:OUTLINE:4961dff6fcaa17d5,4431ab7b-17f3-4bc6-8ee4-691efbcdfdeb,netgear-rbk852.pdf,RBK852,96f70eb4-59eb-5939-97ca-6b5e2590b1b0,Block VPN client Internet access in the router,Use OpenVPN to Access Your Network > Use VPN to access your Internet service at home > Block VPN client Internet access in the router,Use OpenVPN to Access Your Network > Use VPN to access your Internet service at home,3,121,122,P4,1,1,1,1,1299,1299,325,325,0,e8fbf22f-7fac-51cc-8b76-ef68177b1407,e8fbf22f-7fac-51cc-8b76-ef68177b1407,4431ab7b-17f3-4bc6-8ee4-691efbcdfdeb:e8fbf22f-7fac-51cc-8b76-ef68177b1407,True,leaf outline with direct text candidate,4431ab7b-17f3-4bc6-8ee4-691efbcdfdeb::P4,1,True,20260831,outline_random_pick,pending_manual_review
4431ab7b-17f3-4bc6-8ee4-691efbcdfdeb:OUTLINE:11e5a031343559ac,4431ab7b-17f3-4bc6-8ee4-691efbcdfdeb:OUTLINE:11e5a031343559ac,4431ab7b-17f3-4bc6-8ee4-691efbcdfdeb,netgear-rbk852.pdf,RBK852,f491b7dd-3a06-5640-a31e-b78ed1f47f68,Set up port forwarding to a local server,Customize Internet Traffic Rules for Ports > Manage port forwarding to a local server > Set up port forwarding to a local server,Customize Internet Traffic Rules for Ports > Manage port forwarding to a local server,3,124,125,P4,1,1,1,1,1336,1336,334,334,0,64c7ce15-7a5a-580d-adbe-160bed89ad0b,64c7ce15-7a5a-580d-adbe-160bed89ad0b,4431ab7b-17f3-4bc6-8ee4-691efbcdfdeb:64c7ce15-7a5a-580d-adbe-160bed89ad0b,True,leaf outline with direct text candidate,4431ab7b-17f3-4bc6-8ee4-691efbcdfdeb::P4,3,True,20260831,outline_random_pick,pending_manual_review
4431ab7b-17f3-4bc6-8ee4-691efbcdfdeb:OUTLINE:f67dde43cca3ccc5,4431ab7b-17f3-4bc6-8ee4-691efbcdfdeb:OUTLINE:f67dde43cca3ccc5,4431ab7b-17f3-4bc6-8ee4-691efbcdfdeb,netgear-rbk852.pdf,RBK852,982bf2b2-67a6-5024-85fb-21fd6db31eb2,Sequence to restart your network,Troubleshooting > Quick tips > Sequence to restart your network,Troubleshooting > Quick tips,3,133,133,P5,1,1,1,1,209,209,53,53,0,594cc248-162e-5180-b1f6-243ea1c30a9e,594cc248-162e-5180-b1f6-243ea1c30a9e,4431ab7b-17f3-4bc6-8ee4-691efbcdfdeb:594cc248-162e-5180-b1f6-243ea1c30a9e,True,leaf outline with direct text candidate,4431ab7b-17f3-4bc6-8ee4-691efbcdfdeb::P5,3,True,20260831,outline_random_pick,pending_manual_review
4431ab7b-17f3-4bc6-8ee4-691efbcdfdeb:OUTLINE:392ff4fbd7ee9772,4431ab7b-17f3-4bc6-8ee4-691efbcdfdeb:OUTLINE:392ff4fbd7ee9772,4431ab7b-17f3-4bc6-8ee4-691efbcdfdeb,netgear-rbk852.pdf,RBK852,0dedd142-959e-5bdf-80f0-219f08bf3859,Troubleshoot WiFi connectivity,Troubleshooting > Troubleshoot WiFi connectivity,Troubleshooting,2,137,138,P5,1,1,1,1,814,814,204,204,0,73458eed-ea25-55bb-a159-998977addf6a,73458eed-ea25-55bb-a159-998977addf6a,4431ab7b-17f3-4bc6-8ee4-691efbcdfdeb:73458eed-ea25-55bb-a159-998977addf6a,True,leaf outline with direct text candidate,4431ab7b-17f3-4bc6-8ee4-691efbcdfdeb::P5,1,False,20260831,outline_random_pick,pending_manual_review
4431ab7b-17f3-4bc6-8ee4-691efbcdfdeb:OUTLINE:3d986da173d7e0d6,4431ab7b-17f3-4bc6-8ee4-691efbcdfdeb:OUTLINE:3d986da173d7e0d6,4431ab7b-17f3-4bc6-8ee4-691efbcdfdeb,netgear-rbk852.pdf,RBK852,eaec489c-e685-51ad-aa0a-5c51712c0ad4,Test the path from your computer to a remote device,Troubleshooting > Troubleshoot your network using the ping utility > Test the path from your computer to a remote device,Troubleshooting > Troubleshoot your network using the ping utility,3,139,140,P5,1,1,1,1,1672,1672,418,418,0,8989f72f-c45f-5a19-b2ce-b190765e7b28,8989f72f-c45f-5a19-b2ce-b190765e7b28,4431ab7b-17f3-4bc6-8ee4-691efbcdfdeb:8989f72f-c45f-5a19-b2ce-b190765e7b28,True,leaf outline with direct text candidate,4431ab7b-17f3-4bc6-8ee4-691efbcdfdeb::P5,2,True,20260831,outline_random_pick,pending_manual_review
4431ab7b-17f3-4bc6-8ee4-691efbcdfdeb:OUTLINE:020eeede04137f6c,4431ab7b-17f3-4bc6-8ee4-691efbcdfdeb:OUTLINE:020eeede04137f6c,4431ab7b-17f3-4bc6-8ee4-691efbcdfdeb,netgear-rbk852.pdf,RBK852,fefc0418-6048-5626-ae29-1435f89c9329,Technical specifications for Orbi satellite model RBS840,Supplemental Information > Technical specifications for Orbi satellites > Technical specifications for Orbi satellite model RBS840,Supplemental Information > Technical specifications for Orbi satellites,3,160,161,P5,1,1,1,1,2059,2059,515,515,1,ccf3efaf-ba7b-59e5-a7b9-c8f2c4218a99,ccf3efaf-ba7b-59e5-a7b9-c8f2c4218a99,4431ab7b-17f3-4bc6-8ee4-691efbcdfdeb:ccf3efaf-ba7b-59e5-a7b9-c8f2c4218a99,True,leaf outline with direct text candidate,4431ab7b-17f3-4bc6-8ee4-691efbcdfdeb::P5,4,False,20260831,outline_random_pick,pending_manual_review
404fe683-4727-4c53-9c1d-9adf98a793c4:OUTLINE:89ac3ac6d4a7bbea,404fe683-4727-4c53-9c1d-9adf98a793c4:OUTLINE:89ac3ac6d4a7bbea,404fe683-4727-4c53-9c1d-9adf98a793c4,netgear-xr500.pdf,XR500,2419f54e-afd4-5c52-81a3-124745783f53,Unpack your router,Hardware Setup > Unpack your router,Hardware Setup,2,11,11,P1,1,1,1,1,142,142,36,36,1,3252b308-2ca3-5fec-b98f-6d89b53b5bb2,3252b308-2ca3-5fec-b98f-6d89b53b5bb2,404fe683-4727-4c53-9c1d-9adf98a793c4:3252b308-2ca3-5fec-b98f-6d89b53b5bb2,True,leaf outline with direct text candidate,404fe683-4727-4c53-9c1d-9adf98a793c4::P1,3,True,20260831,outline_random_pick,pending_manual_review
404fe683-4727-4c53-9c1d-9adf98a793c4:OUTLINE:e9dd84d37772b9a2,404fe683-4727-4c53-9c1d-9adf98a793c4:OUTLINE:e9dd84d37772b9a2,404fe683-4727-4c53-9c1d-9adf98a793c4,netgear-xr500.pdf,XR500,4b69bc65-3090-5e95-9671-7da370ac9f44,Attach the antennas,Hardware Setup > Attach the antennas,Hardware Setup,2,15,15,P1,1,1,1,1,591,591,148,148,1,c1bbeaf3-0cc7-5f48-a358-0d424f46d8c9,c1bbeaf3-0cc7-5f48-a358-0d424f46d8c9,404fe683-4727-4c53-9c1d-9adf98a793c4:c1bbeaf3-0cc7-5f48-a358-0d424f46d8c9,True,leaf outline with direct text candidate,404fe683-4727-4c53-9c1d-9adf98a793c4::P1,4,False,20260831,outline_random_pick,pending_manual_review
404fe683-4727-4c53-9c1d-9adf98a793c4:OUTLINE:8c80cd632556e4e9,404fe683-4727-4c53-9c1d-9adf98a793c4:OUTLINE:8c80cd632556e4e9,404fe683-4727-4c53-9c1d-9adf98a793c4,netgear-xr500.pdf,XR500,e4784163-b53a-5939-b73f-d978fc30f2a9,Specify an Internet connection without a login,Specify Your Internet Settings > Manually set up the Internet connection > Specify an Internet connection without a login,Specify Your Internet Settings > Manually set up the Internet connection,3,28,30,P1,1,1,1,1,2312,2312,578,578,0,cb248990-463a-5428-8ee2-082f71f0484e,cb248990-463a-5428-8ee2-082f71f0484e,404fe683-4727-4c53-9c1d-9adf98a793c4:cb248990-463a-5428-8ee2-082f71f0484e,True,leaf outline with direct text candidate,404fe683-4727-4c53-9c1d-9adf98a793c4::P1,1,True,20260831,outline_random_pick,pending_manual_review
404fe683-4727-4c53-9c1d-9adf98a793c4:OUTLINE:d330686b16c734af,404fe683-4727-4c53-9c1d-9adf98a793c4:OUTLINE:d330686b16c734af,404fe683-4727-4c53-9c1d-9adf98a793c4,netgear-xr500.pdf,XR500,63b47541-a348-5427-bb1a-9ab5c7f8f796,Set up an IPv6 6to4 tunnel Internet connection,Specify Your Internet Settings > Specify IPv6 Internet connections > Set up an IPv6 6to4 tunnel Internet connection,Specify Your Internet Settings > Specify IPv6 Internet connections,3,35,37,P1,1,1,1,1,2786,2786,697,697,0,834d76fe-2888-592e-b6c3-024e63025c48,834d76fe-2888-592e-b6c3-024e63025c48,404fe683-4727-4c53-9c1d-9adf98a793c4:834d76fe-2888-592e-b6c3-024e63025c48,True,leaf outline with direct text candidate,404fe683-4727-4c53-9c1d-9adf98a793c4::P1,2,False,20260831,outline_random_pick,pending_manual_review
404fe683-4727-4c53-9c1d-9adf98a793c4:OUTLINE:404443cd868cae72,404fe683-4727-4c53-9c1d-9adf98a793c4:OUTLINE:404443cd868cae72,404fe683-4727-4c53-9c1d-9adf98a793c4,netgear-xr500.pdf,XR500,4782e553-96e1-58c3-afe0-aee6b638ee26,Prevent network congestion with Anti-Bufferbloat,Customize Quality of Service Settings and Optimize Gaming > Manage bandwidth allocation > Prevent network congestion with Anti-Bufferbloat,Customize Quality of Service Settings and Optimize Gaming > Manage bandwidth allocation,3,54,55,P2,1,1,1,1,3431,3431,858,858,0,44b909e7-8fcd-5a49-bae0-e2be984df636,44b909e7-8fcd-5a49-bae0-e2be984df636,404fe683-4727-4c53-9c1d-9adf98a793c4:44b909e7-8fcd-5a49-bae0-e2be984df636,True,leaf outline with direct text candidate,404fe683-4727-4c53-9c1d-9adf98a793c4::P2,3,True,20260831,outline_random_pick,pending_manual_review
404fe683-4727-4c53-9c1d-9adf98a793c4:OUTLINE:74afed194cd3e540,404fe683-4727-4c53-9c1d-9adf98a793c4:OUTLINE:74afed194cd3e540,404fe683-4727-4c53-9c1d-9adf98a793c4,netgear-xr500.pdf,XR500,d248a6aa-32b8-5c32-ab45-061f96b29d8c,Prioritize traffic for a device and view prioritization information,Customize Quality of Service Settings and Optimize Gaming > Manage traffic prioritization > Prioritize traffic for a device and view prioritization information,Customize Quality of Service Settings and Optimize Gaming > Manage traffic prioritization,3,59,61,P2,1,1,1,1,3232,3232,808,808,0,d9934c94-0789-5258-8d3c-3482e84637b0,d9934c94-0789-5258-8d3c-3482e84637b0,404fe683-4727-4c53-9c1d-9adf98a793c4:d9934c94-0789-5258-8d3c-3482e84637b0,True,leaf outline with direct text candidate,404fe683-4727-4c53-9c1d-9adf98a793c4::P2,4,True,20260831,outline_random_pick,pending_manual_review
404fe683-4727-4c53-9c1d-9adf98a793c4:OUTLINE:314a54a9e16dcb22,404fe683-4727-4c53-9c1d-9adf98a793c4:OUTLINE:314a54a9e16dcb22,404fe683-4727-4c53-9c1d-9adf98a793c4,netgear-xr500.pdf,XR500,7bea8827-97c3-521c-8633-60a98cae10db,View network usage information,Monitor Devices and the Network and View Router Information > View network usage information,Monitor Devices and the Network and View Router Information,2,66,68,P2,1,1,1,1,3949,3949,988,988,0,4a67600b-39aa-59f6-a99b-5de5106c1d17,4a67600b-39aa-59f6-a99b-5de5106c1d17,404fe683-4727-4c53-9c1d-9adf98a793c4:4a67600b-39aa-59f6-a99b-5de5106c1d17,True,leaf outline with direct text candidate,404fe683-4727-4c53-9c1d-9adf98a793c4::P2,1,False,20260831,outline_random_pick,pending_manual_review
404fe683-4727-4c53-9c1d-9adf98a793c4:OUTLINE:d17f0cea8683480a,404fe683-4727-4c53-9c1d-9adf98a793c4:OUTLINE:d17f0cea8683480a,404fe683-4727-4c53-9c1d-9adf98a793c4,netgear-xr500.pdf,XR500,39168aaa-76aa-5a4c-b6ec-e3b023c8d4e8,Change the router’s LAN IP address and RIP settings,Manage the Router’s Network Settings > Change the router’s LAN IP address and RIP settings,Manage the Router’s Network Settings,2,85,86,P2,1,1,1,1,2513,2513,629,629,0,4245b5d8-9ca0-5c24-a35a-f70a9665cdc1,4245b5d8-9ca0-5c24-a35a-f70a9665cdc1,404fe683-4727-4c53-9c1d-9adf98a793c4:4245b5d8-9ca0-5c24-a35a-f70a9665cdc1,True,leaf outline with direct text candidate,404fe683-4727-4c53-9c1d-9adf98a793c4::P2,2,False,20260831,outline_random_pick,pending_manual_review
404fe683-4727-4c53-9c1d-9adf98a793c4:OUTLINE:fb4e7790552c591a,404fe683-4727-4c53-9c1d-9adf98a793c4:OUTLINE:fb4e7790552c591a,404fe683-4727-4c53-9c1d-9adf98a793c4,netgear-xr500.pdf,XR500,08012319-6182-5ed5-a011-af1c21c8e8d7,Change a reserved IP address,Manage the Router’s Network Settings > Manage reserved LAN IP addresses > Change a reserved IP address,Manage the Router’s Network Settings > Manage reserved LAN IP addresses,3,89,90,P3,1,1,1,1,843,843,211,211,0,e3bace6b-5d07-5dcc-8041-f1933c6cd04f,e3bace6b-5d07-5dcc-8041-f1933c6cd04f,404fe683-4727-4c53-9c1d-9adf98a793c4:e3bace6b-5d07-5dcc-8041-f1933c6cd04f,True,leaf outline with direct text candidate,404fe683-4727-4c53-9c1d-9adf98a793c4::P3,5,True,20260831,outline_random_pick,pending_manual_review
404fe683-4727-4c53-9c1d-9adf98a793c4:OUTLINE:2a1f86ae07dbb7ba,404fe683-4727-4c53-9c1d-9adf98a793c4:OUTLINE:2a1f86ae07dbb7ba,404fe683-4727-4c53-9c1d-9adf98a793c4,netgear-xr500.pdf,XR500,84b0adbe-3ffe-52cd-a7c5-6cc1256c8aef,Configure WPA/WPA2 enterprise WiFi security,Manage the Router’s WiFi Settings > Configure WPA/WPA2 enterprise WiFi security,Manage the Router’s WiFi Settings,2,106,108,P3,1,1,1,1,3024,3024,756,756,0,e8550a88-ca9e-5dc2-8bb3-4dd7ff222c8d,e8550a88-ca9e-5dc2-8bb3-4dd7ff222c8d,404fe683-4727-4c53-9c1d-9adf98a793c4:e8550a88-ca9e-5dc2-8bb3-4dd7ff222c8d,True,leaf outline with direct text candidate,404fe683-4727-4c53-9c1d-9adf98a793c4::P3,4,True,20260831,outline_random_pick,pending_manual_review
404fe683-4727-4c53-9c1d-9adf98a793c4:OUTLINE:9f6dcaf4f19224c0,404fe683-4727-4c53-9c1d-9adf98a793c4:OUTLINE:9f6dcaf4f19224c0,404fe683-4727-4c53-9c1d-9adf98a793c4,netgear-xr500.pdf,XR500,48f9a6ae-0d0f-5717-bcef-5e9df63be849,Use the WPS Wizard for WiFi connections,Manage the Router’s WiFi Settings > Use the WPS Wizard for WiFi connections,Manage the Router’s WiFi Settings,2,111,112,P3,1,1,1,1,1365,1365,342,342,0,3862c3d0-71a7-5a74-8575-1fb04f8656c1,3862c3d0-71a7-5a74-8575-1fb04f8656c1,404fe683-4727-4c53-9c1d-9adf98a793c4:3862c3d0-71a7-5a74-8575-1fb04f8656c1,True,leaf outline with direct text candidate,404fe683-4727-4c53-9c1d-9adf98a793c4::P3,3,False,20260831,outline_random_pick,pending_manual_review
404fe683-4727-4c53-9c1d-9adf98a793c4:OUTLINE:85e749fb6740ab4f,404fe683-4727-4c53-9c1d-9adf98a793c4:OUTLINE:85e749fb6740ab4f,404fe683-4727-4c53-9c1d-9adf98a793c4,netgear-xr500.pdf,XR500,cd8cc3b8-5920-5ab5-83b2-fa9800e8823a,Specify WPS settings,Manage the Router’s WiFi Settings > Specify WPS settings,Manage the Router’s WiFi Settings,2,113,113,P3,1,1,1,1,1624,1624,406,406,0,34d335e7-fd5e-5093-af19-dd761eaf3785,34d335e7-fd5e-5093-af19-dd761eaf3785,404fe683-4727-4c53-9c1d-9adf98a793c4:34d335e7-fd5e-5093-af19-dd761eaf3785,True,leaf outline with direct text candidate,404fe683-4727-4c53-9c1d-9adf98a793c4::P3,1,False,20260831,outline_random_pick,pending_manual_review
404fe683-4727-4c53-9c1d-9adf98a793c4:OUTLINE:55cc61216f771c05,404fe683-4727-4c53-9c1d-9adf98a793c4:OUTLINE:55cc61216f771c05,404fe683-4727-4c53-9c1d-9adf98a793c4,netgear-xr500.pdf,XR500,9db1dad4-b03b-5938-bac1-e0acc47d047c,Use the router as a WiFi access point only,Manage the Router’s WiFi Settings > Use the router as a WiFi access point only,Manage the Router’s WiFi Settings,2,117,118,P3,1,1,1,1,1944,1944,486,486,0,cbc9c929-c112-5bc6-a792-301c9348c11d,cbc9c929-c112-5bc6-a792-301c9348c11d,404fe683-4727-4c53-9c1d-9adf98a793c4:cbc9c929-c112-5bc6-a792-301c9348c11d,True,leaf outline with direct text candidate,404fe683-4727-4c53-9c1d-9adf98a793c4::P3,2,False,20260831,outline_random_pick,pending_manual_review
404fe683-4727-4c53-9c1d-9adf98a793c4:OUTLINE:b936113b6ce47ca9,404fe683-4727-4c53-9c1d-9adf98a793c4:OUTLINE:b936113b6ce47ca9,404fe683-4727-4c53-9c1d-9adf98a793c4,netgear-xr500.pdf,XR500,807b3824-5a94-5b44-997f-6318700bfb41,Display Internet port statistics,Maintain the Router > Display Internet port statistics,Maintain the Router,2,135,136,P4,1,1,1,1,1622,1622,406,406,0,e15d9664-2f1c-5501-acc2-2326f5b2295a,e15d9664-2f1c-5501-acc2-2326f5b2295a,404fe683-4727-4c53-9c1d-9adf98a793c4:e15d9664-2f1c-5501-acc2-2326f5b2295a,True,leaf outline with direct text candidate,404fe683-4727-4c53-9c1d-9adf98a793c4::P4,3,False,20260831,outline_random_pick,pending_manual_review
404fe683-4727-4c53-9c1d-9adf98a793c4:OUTLINE:719079abe3143f10,404fe683-4727-4c53-9c1d-9adf98a793c4:OUTLINE:719079abe3143f10,404fe683-4727-4c53-9c1d-9adf98a793c4,netgear-xr500.pdf,XR500,ad24afb0-d269-57e1-9962-933ed84e6eff,"Check the Internet connection status, view details, and release and renew the connection","Maintain the Router > Check the Internet connection status, view details, and release and renew the connection",Maintain the Router,2,136,137,P4,1,1,1,1,2063,2063,516,516,0,b3546729-17dc-5c86-b3aa-129b676adfde,b3546729-17dc-5c86-b3aa-129b676adfde,404fe683-4727-4c53-9c1d-9adf98a793c4:b3546729-17dc-5c86-b3aa-129b676adfde,True,leaf outline with direct text candidate,404fe683-4727-4c53-9c1d-9adf98a793c4::P4,4,False,20260831,outline_random_pick,pending_manual_review
404fe683-4727-4c53-9c1d-9adf98a793c4:OUTLINE:9605907c7bf37548,404fe683-4727-4c53-9c1d-9adf98a793c4:OUTLINE:9605907c7bf37548,404fe683-4727-4c53-9c1d-9adf98a793c4,netgear-xr500.pdf,XR500,9d6c7cf8-680e-50af-895d-9ba276ec768a,Approve USB devices,Share USB Storage Devices Attached to the Router > Approve USB devices,Share USB Storage Devices Attached to the Router,2,152,153,P4,1,1,1,1,1575,1575,394,394,0,dee55ef8-729a-51e5-9b1c-29cce4910ea6,dee55ef8-729a-51e5-9b1c-29cce4910ea6,404fe683-4727-4c53-9c1d-9adf98a793c4:dee55ef8-729a-51e5-9b1c-29cce4910ea6,True,leaf outline with direct text candidate,404fe683-4727-4c53-9c1d-9adf98a793c4::P4,1,True,20260831,outline_random_pick,pending_manual_review
404fe683-4727-4c53-9c1d-9adf98a793c4:OUTLINE:6096909eb580ff0a,404fe683-4727-4c53-9c1d-9adf98a793c4:OUTLINE:6096909eb580ff0a,404fe683-4727-4c53-9c1d-9adf98a793c4,netgear-xr500.pdf,XR500,b9718539-93d5-529a-af3f-1a1a7f6a5df1,Set up FTP access through the Internet,Use Dynamic DNS to Access USB Storage Devices Through the Internet > Access USB storage devices through the Internet > Set up FTP access through the Internet,Use Dynamic DNS to Access USB Storage Devices Through the Internet > Access USB storage devices through the Internet,3,161,161,P4,1,1,1,1,1091,1091,273,273,0,1d4788df-374d-52e0-a31b-c406a91abfcc,1d4788df-374d-52e0-a31b-c406a91abfcc,404fe683-4727-4c53-9c1d-9adf98a793c4:1d4788df-374d-52e0-a31b-c406a91abfcc,True,leaf outline with direct text candidate,404fe683-4727-4c53-9c1d-9adf98a793c4::P4,2,True,20260831,outline_random_pick,pending_manual_review
404fe683-4727-4c53-9c1d-9adf98a793c4:OUTLINE:3dba8dc2dd4b2305,404fe683-4727-4c53-9c1d-9adf98a793c4:OUTLINE:3dba8dc2dd4b2305,404fe683-4727-4c53-9c1d-9adf98a793c4,netgear-xr500.pdf,XR500,42480f3e-318f-5f69-9963-4a8f1c090d45,Use FTP to access storage devices through the Internet,Use Dynamic DNS to Access USB Storage Devices Through the Internet > Access USB storage devices through the Internet > Use FTP to access storage devices through the Internet,Use Dynamic DNS to Access USB Storage Devices Through the Internet > Access USB storage devices through the Internet,3,162,162,P4,1,1,1,1,1360,1360,340,340,0,9c7f8f5e-dadb-5ed0-b8be-baa2f11349a8,9c7f8f5e-dadb-5ed0-b8be-baa2f11349a8,404fe683-4727-4c53-9c1d-9adf98a793c4:9c7f8f5e-dadb-5ed0-b8be-baa2f11349a8,True,leaf outline with direct text candidate,404fe683-4727-4c53-9c1d-9adf98a793c4::P4,5,True,20260831,outline_random_pick,pending_manual_review
404fe683-4727-4c53-9c1d-9adf98a793c4:OUTLINE:65bda46f8a067355,404fe683-4727-4c53-9c1d-9adf98a793c4:OUTLINE:65bda46f8a067355,404fe683-4727-4c53-9c1d-9adf98a793c4,netgear-xr500.pdf,XR500,149d431f-8d35-5114-9993-28cb4bfc3902,Install OpenVPN software on an Android device,Use OpenVPN to Access Your Network > Install OpenVPN software on a VPN client > Install OpenVPN software on an Android device,Use OpenVPN to Access Your Network > Install OpenVPN software on a VPN client,3,180,180,P5,1,1,1,1,1538,1538,385,385,0,65a39d84-6b18-50df-b32a-a7d46fbe2cfc,65a39d84-6b18-50df-b32a-a7d46fbe2cfc,404fe683-4727-4c53-9c1d-9adf98a793c4:65a39d84-6b18-50df-b32a-a7d46fbe2cfc,True,leaf outline with direct text candidate,404fe683-4727-4c53-9c1d-9adf98a793c4::P5,6,True,20260831,outline_random_pick,pending_manual_review
404fe683-4727-4c53-9c1d-9adf98a793c4:OUTLINE:f34b65066a692479,404fe683-4727-4c53-9c1d-9adf98a793c4:OUTLINE:f34b65066a692479,404fe683-4727-4c53-9c1d-9adf98a793c4,netgear-xr500.pdf,XR500,5b602429-b930-5cb0-be5e-44fc657dbdda,Enable the VPN client in the router and connect to a VPN server,Use VPN to Access An External Network > Enable the VPN client in the router and connect to a VPN server,Use VPN to Access An External Network,2,185,187,P5,1,1,1,1,2882,2882,721,721,0,36995834-66ad-5975-9724-aa9f228f5502,36995834-66ad-5975-9724-aa9f228f5502,404fe683-4727-4c53-9c1d-9adf98a793c4:36995834-66ad-5975-9724-aa9f228f5502,True,leaf outline with direct text candidate,404fe683-4727-4c53-9c1d-9adf98a793c4::P5,2,True,20260831,outline_random_pick,pending_manual_review
404fe683-4727-4c53-9c1d-9adf98a793c4:OUTLINE:dd5db5544af2935a,404fe683-4727-4c53-9c1d-9adf98a793c4:OUTLINE:dd5db5544af2935a,404fe683-4727-4c53-9c1d-9adf98a793c4,netgear-xr500.pdf,XR500,81f6b8a5-b2a3-5495-b4ad-80a61666b48d,Add a port triggering service or application,Manage and Customize Internet Traffic Rules for Ports > Manage port triggering for services and applications > Add a port triggering service or application,Manage and Customize Internet Traffic Rules for Ports > Manage port triggering for services and applications,3,194,195,P5,1,1,1,1,1886,1886,472,472,0,75118c37-2376-50c5-b907-2ae6d10da16e,75118c37-2376-50c5-b907-2ae6d10da16e,404fe683-4727-4c53-9c1d-9adf98a793c4:75118c37-2376-50c5-b907-2ae6d10da16e,True,leaf outline with direct text candidate,404fe683-4727-4c53-9c1d-9adf98a793c4::P5,3,True,20260831,outline_random_pick,pending_manual_review
404fe683-4727-4c53-9c1d-9adf98a793c4:OUTLINE:f67dde43cca3ccc5,404fe683-4727-4c53-9c1d-9adf98a793c4:OUTLINE:f67dde43cca3ccc5,404fe683-4727-4c53-9c1d-9adf98a793c4,netgear-xr500.pdf,XR500,bb32c68b-b990-5b70-8c32-6230f4378285,Sequence to restart your network,Troubleshooting > Quick tips > Sequence to restart your network,Troubleshooting > Quick tips,3,200,200,P5,1,1,1,1,212,212,53,53,0,2dd1fac5-3a25-5232-a837-397b1df3fb63,2dd1fac5-3a25-5232-a837-397b1df3fb63,404fe683-4727-4c53-9c1d-9adf98a793c4:2dd1fac5-3a25-5232-a837-397b1df3fb63,True,leaf outline with direct text candidate,404fe683-4727-4c53-9c1d-9adf98a793c4::P5,4,False,20260831,outline_random_pick,pending_manual_review
404fe683-4727-4c53-9c1d-9adf98a793c4:OUTLINE:6cdd03f3614a1ab8,404fe683-4727-4c53-9c1d-9adf98a793c4:OUTLINE:6cdd03f3614a1ab8,404fe683-4727-4c53-9c1d-9adf98a793c4,netgear-xr500.pdf,XR500,d5e2f791-e93a-58ca-9e70-77a81bf715d1,Standard LED behavior when the router is powered on,Troubleshooting > Troubleshoot with the LEDs > Standard LED behavior when the router is powered on,Troubleshooting > Troubleshoot with the LEDs,3,201,201,P5,1,1,1,1,355,355,89,89,0,76bd08c4-85c2-5b0a-b763-df5c76342432,76bd08c4-85c2-5b0a-b763-df5c76342432,404fe683-4727-4c53-9c1d-9adf98a793c4:76bd08c4-85c2-5b0a-b763-df5c76342432,True,leaf outline with direct text candidate,404fe683-4727-4c53-9c1d-9adf98a793c4::P5,1,False,20260831,outline_random_pick,pending_manual_review
404fe683-4727-4c53-9c1d-9adf98a793c4:OUTLINE:9ad236fa74b89647,404fe683-4727-4c53-9c1d-9adf98a793c4:OUTLINE:9ad236fa74b89647,404fe683-4727-4c53-9c1d-9adf98a793c4,netgear-xr500.pdf,XR500,85e3457d-75e3-5c82-a169-a6177a828378,Test the LAN path to your router,Troubleshooting > Troubleshoot your network using the ping utility > Test the LAN path to your router,Troubleshooting > Troubleshoot your network using the ping utility,3,208,209,P5,1,1,1,1,1401,1401,351,351,0,e0c19efb-dc96-50ef-85d6-d3c29f585eba,e0c19efb-dc96-50ef-85d6-d3c29f585eba,404fe683-4727-4c53-9c1d-9adf98a793c4:e0c19efb-dc96-50ef-85d6-d3c29f585eba,True,leaf outline with direct text candidate,404fe683-4727-4c53-9c1d-9adf98a793c4::P5,5,False,20260831,outline_random_pick,pending_manual_review
