question_id,question_pair_id,outline_frame_id,document_id,filename,product_model,section_path,question_family,evidence_block_ids,review_status,language,question,answer
Q-001,Q-001,7b2e79c5-ed95-43f3-bb4b-e882e3bfeefa:OUTLINE:e271e0b47a14e4d5,7b2e79c5-ed95-43f3-bb4b-e882e3bfeefa,netgear-cm2000.pdf,CM2000,Hardware Setup > Rear Panel,facts_specifications,"[""833c7618-7c73-5ea3-aaf6-5f74eae69f52"", ""724d26e2-ed75-5043-b025-de4c01da0714""]",codex_selected_provenance_checked,en,What should I know about the CM2000's rear controls and front lights when setting it up?,"The rear panel has a Reset button, Ethernet port, coaxial cable port, and DC power connector. Holding Reset for at least seven seconds returns the modem to factory settings. The front LEDs show power and connection status, so use them to confirm that the modem is powered and connected."
Q-002,Q-002,7b2e79c5-ed95-43f3-bb4b-e882e3bfeefa:OUTLINE:7cd40e7c102d4666,7b2e79c5-ed95-43f3-bb4b-e882e3bfeefa,netgear-cm2000.pdf,CM2000,Hardware Setup > Label,facts_specifications,"[""724d26e2-ed75-5043-b025-de4c01da0714"", ""b9899548-cfa5-5bb4-8284-7d82e663abd1""]",codex_selected_provenance_checked,en,Where can I find the CM2000's label information and identify the rear connections I need?,"The label contains the login information, MAC address, and serial number. On the rear panel, the Reset button, Ethernet port, coaxial port, and DC power connector are identified; use the Ethernet port for activation or for connecting a router afterward."
Q-003,Q-003,7b2e79c5-ed95-43f3-bb4b-e882e3bfeefa:OUTLINE:4b622d7b00d4e652,7b2e79c5-ed95-43f3-bb4b-e882e3bfeefa,netgear-cm2000.pdf,CM2000,Hardware Setup > Install and Activate Your Cable Modem > Connect Your Cable Modem to a Router After Installation and Activation,setup_configuration,"[""bc51c3d9-60e7-5b90-b7fc-8c8f3c0a3a6d"", ""3d9321dd-db92-5587-9b08-a34e736a627e"", ""4270da4c-a5fb-5ae4-a513-fd42dc41cfbb"", ""8ed480ba-e35c-5a7d-85ba-ad748ae7732c"", ""8fd1b794-0507-59d3-88fa-2209736ef6da""]",codex_selected_provenance_checked,en,"What should I do with a new CM2000, from connecting a computer and activating service to connecting a router and checking speed?","The CM2000 links the provider connection to a computer or router. Connect a computer to the modem, collect the provider account and modem information, and activate the service. After activation, reboot the modem, connect its Ethernet port to the router WAN/Internet port, power on the router, and connect the computer to it. Finally, run the provider's speed test and contact the provider if the result is below the subscription."
Q-004,Q-004,7b2e79c5-ed95-43f3-bb4b-e882e3bfeefa:OUTLINE:98f6c2f591f61009,7b2e79c5-ed95-43f3-bb4b-e882e3bfeefa,netgear-cm2000.pdf,CM2000,Manage Your Network > Change the admin password,setup_configuration,"[""04fa120c-f70a-5771-82d0-525c222814e1"", ""4cb893dc-21bd-5b88-92cb-a874cd79e74e"", ""0de5a970-8b6a-5e57-ba98-6f57671a841c""]",codex_selected_provenance_checked,en,"After setup, how do I sign in to the CM2000 and change its administrator password?","Normal operation does not require a login, but sign in when you need to change settings. Connect to the modem, open http://192.168.100.1, and sign in as admin with the product-label password. Then select ADVANCED > Administration > Set Password, enter the old password and the new password twice, and apply a secure 6–32 character password."
Q-005,Q-005,7b2e79c5-ed95-43f3-bb4b-e882e3bfeefa:OUTLINE:6a53389304868c8b,7b2e79c5-ed95-43f3-bb4b-e882e3bfeefa,netgear-cm2000.pdf,CM2000,Manage Your Network > View cable modem initialization,facts_specifications,"[""eb2ebf98-481f-54be-b4a3-56ea1bdf5749"", ""89ec02e1-535c-52f6-9162-6966ecfbb9c3""]",codex_selected_provenance_checked,en,How do I know when the CM2000 has finished starting up?,"The modem scans and locks downstream frequency, ranges upstream channels, obtains a WAN address, and connects to the Internet. In the modem interface, open Cable Connection and read the Startup Procedure and channel status."
Q-006,Q-006,7b2e79c5-ed95-43f3-bb4b-e882e3bfeefa:OUTLINE:922aff4d97250b1a,7b2e79c5-ed95-43f3-bb4b-e882e3bfeefa,netgear-cm2000.pdf,CM2000,Manage Your Network > Reset the cable modem to factory default settings > Use the factory reset software button,troubleshooting_diagnostics,"[""32161388-87c1-53c5-9f08-9867bf5baeb1"", ""62f9a09d-d5a8-5805-8b92-4d0be62383ce""]",codex_selected_provenance_checked,en,"How do I reset the CM2000 from its web page, and what should I expect afterward?","Sign in at http://192.168.100.1, open the ADVANCED tab, choose Factory reset, confirm with OK, and do not interrupt the modem while it reboots. The reset erases configured settings and takes about one minute; afterward the password is the one on the product label and the LAN address is 192.168.100.1."
Q-007,Q-007,7b2e79c5-ed95-43f3-bb4b-e882e3bfeefa:OUTLINE:25d276b399cc0e63,7b2e79c5-ed95-43f3-bb4b-e882e3bfeefa,netgear-cm2000.pdf,CM2000,Manage Your Network > Reset the cable modem to factory default settings > Use the reset button on the back panel,troubleshooting_diagnostics,"[""32161388-87c1-53c5-9f08-9867bf5baeb1"", ""c5c4c17f-c329-5b9c-837f-7d33e641682f""]",codex_selected_provenance_checked,en,"How do I reset the CM2000 with the button when I cannot use its web page, and what happens afterward?","On the back of the CM2000, press and hold the Reset button with a straightened paper clip until the modem reboots. This erases the configured settings and takes about one minute. The password returns to the value on the product label and the LAN address remains 192.168.100.1."
Q-008,Q-008,7b2e79c5-ed95-43f3-bb4b-e882e3bfeefa:OUTLINE:a071a10fef9360ce,7b2e79c5-ed95-43f3-bb4b-e882e3bfeefa,netgear-cm2000.pdf,CM2000,Troubleshooting > Cannot log in to the cable modem,troubleshooting_diagnostics,"[""a88667b7-b299-50cb-9f9c-7ca1197494a0"", ""85bd9c8e-a264-5649-acbc-73648b7ce861"", ""5127b280-fd0a-571f-ab9a-f66bb57d3f73""]",codex_selected_provenance_checked,en,What should I check when I cannot log in to the CM2000 or reach the internet?,"Start with the modem LEDs and confirm that power and the online connection look normal. Then check the Ethernet cable, browser support, browser restart, lowercase admin name, Caps Lock, and the computer address range 192.168.100.2–192.168.100.254. If the Online LED is white but Internet still does not work, confirm that the modem MAC address is registered with your provider."
Q-009,Q-009,7b2e79c5-ed95-43f3-bb4b-e882e3bfeefa:OUTLINE:b934612f8b7cd99e,7b2e79c5-ed95-43f3-bb4b-e882e3bfeefa,netgear-cm2000.pdf,CM2000,Supplemental Information > Technical Specifications,facts_specifications,"[""aaab89bf-432b-54b0-8b19-e4aba634a9a7"", ""88695618-cf2a-5bf0-9a58-da1167d8f0c6""]",codex_selected_provenance_checked,en,What are the CM2000's main specifications and factory defaults?,"The CM2000 uses a 110–120 V, 47–60 Hz adapter that outputs 12 VDC at 1.5 A, measures 6.8 × 3.7 × 8.2 inches, weighs about 1.02 lb, and has a 2.5 Gbps Ethernet port and coaxial connector. Its default login is http://192.168.100.1 with user name admin and the password printed on the product label."
Q-010,Q-010,398c0bb9-3253-4629-a5ed-18f51d9fb36b:OUTLINE:9238290c613deeba,398c0bb9-3253-4629-a5ed-18f51d9fb36b,netgear-lm1200.pdf,LM1200,Introduction and Hardware Overview > Install the Nano SIM Card,setup_configuration,"[""6f0c387b-1f88-5053-ab87-88c4b71a3cea"", ""37f50132-32d9-5fb0-a62d-366e401ac417""]",codex_selected_provenance_checked,en,How do I install the LM1200 nano SIM in the correct slot?,"Obtain a nano SIM from the mobile provider, turn the modem off, place it horizontally with the bottom facing you, and gently insert the card into the nano-SIM slot shown on the rear-panel diagram. The same panel also contains the antenna, Gigabit Ethernet, reset, and power connections."
Q-011,Q-011,398c0bb9-3253-4629-a5ed-18f51d9fb36b:OUTLINE:48e34928377b828f,398c0bb9-3253-4629-a5ed-18f51d9fb36b,netgear-lm1200.pdf,LM1200,"Get Started > Connect a Computer, Switch, Hub, Router, or WiFi Router to the Modem > Connect a Computer to the LAN Port of the Modem",setup_configuration,"[""36789817-932f-55f7-9c50-bb45d2df0cbe"", ""bac92cce-e737-5536-b2ae-ea8ce3d6c37d""]",codex_selected_provenance_checked,en,How should I connect a computer or router to the LM1200's LAN port?,"Use the supplied Ethernet cable. For a computer, connect one end to the computer and the other to the modem's Gigabit Ethernet LAN port. For a router, connect the router's Ethernet or Internet port to that same modem LAN port."
Q-012,Q-012,398c0bb9-3253-4629-a5ed-18f51d9fb36b:OUTLINE:38b50e33ee1e7189,398c0bb9-3253-4629-a5ed-18f51d9fb36b,netgear-lm1200.pdf,LM1200,Manage the Modem LAN Settings > Change the DHCP Server Settings,setup_configuration,"[""7a457e5c-aa3c-5b7f-8670-bd1a2011d57a"", ""fa675707-eec3-5dae-b80f-46a21238adcf""]",codex_selected_provenance_checked,en,How do I choose the LM1200 network mode and set the addresses it gives my devices?,Use Router mode when the modem should provide NAT and DHCP addresses to multiple devices; its DHCP settings can then be changed at 192.168.5.1. Use Bridge mode when a connected router or switch should handle networking; Bridge mode passes the connection through and does not provide the same built-in DHCP service.
Q-013,Q-013,398c0bb9-3253-4629-a5ed-18f51d9fb36b:OUTLINE:88b9a28663a8f104,398c0bb9-3253-4629-a5ed-18f51d9fb36b,netgear-lm1200.pdf,LM1200,Manage the Mobile Broadband Connection > Manually Connect to or Disconnect From the Mobile Broadband Network,setup_configuration,"[""44157573-a57c-5a85-a69b-05c25c03dc6a"", ""cf1f57e0-473a-57f3-8d91-a52b0070e80b""]",codex_selected_provenance_checked,en,How can I choose automatic or manual mobile-network connection on the LM1200?,"In Settings > Mobile > Preferences, choose Never for manual connection, Always except when roaming, or Always for automatic connection, then submit the setting. With manual mode, open the dashboard and select Connect or Disconnect as needed. Always can incur roaming charges outside your provider's coverage."
Q-014,Q-014,398c0bb9-3253-4629-a5ed-18f51d9fb36b:OUTLINE:86696f313ad41e44,398c0bb9-3253-4629-a5ed-18f51d9fb36b,netgear-lm1200.pdf,LM1200,Secure Your Network > Manage Port Forwarding for Incoming Traffic > Remove a Service or Application for Port Forwarding,troubleshooting_diagnostics,"[""441256a8-38c5-5b89-952a-c44f2cd29e77"", ""72dd6f50-8da8-5970-b90b-3a0719762e64""]",codex_selected_provenance_checked,en,"How do I manage a port-forwarding rule on the LM1200, including the service it targets?","Before adding a rule, find the service's port and protocol and remember that port forwarding exposes a device, so leave it disabled when it is not needed. In Settings > Advanced > Port Forwarding, add the service with those values or select the x beside an existing service to remove it."
Q-015,Q-015,398c0bb9-3253-4629-a5ed-18f51d9fb36b:OUTLINE:f8bc4360594722fe,398c0bb9-3253-4629-a5ed-18f51d9fb36b,netgear-lm1200.pdf,LM1200,Secure Your Network > Manage SIM Card Security > Disable SIM Card Security,features_security_maintenance_limitations,"[""84875d88-f82a-5d68-88f2-2d33684ebeb7"", ""57b408ca-cdf1-5548-8faa-d0fbf7a09889"", ""eb06abbc-3f74-5ddc-bfd6-17572beb2155"", ""f06eeb80-8260-5ab3-b32e-10d527e746ba""]",codex_selected_provenance_checked,en,"How do I manage LM1200 SIM security safely, including changing the PIN and recovering a blocked SIM?","SIM security requires a PIN before the modem can connect. If it is enabled, personalize the PIN carefully, and disable SIM security only with the correct PIN when you no longer need it. Too many incorrect attempts can block the SIM; obtain the provider's PUK and use the unblock procedure to recover it."
Q-016,Q-016,398c0bb9-3253-4629-a5ed-18f51d9fb36b:OUTLINE:65329abb6d0ed1e0,398c0bb9-3253-4629-a5ed-18f51d9fb36b,netgear-lm1200.pdf,LM1200,Manage the Modem and Monitor Usage and the Network > View Monthly Data and Session Data Usage,facts_specifications,"[""7e1a62c7-f256-5d08-a456-a62949c30491"", ""0ccb8b69-decb-5c77-9ef9-18e520716b11""]",codex_selected_provenance_checked,en,What do the monthly and current-session data numbers on the LM1200 mean?,Monthly usage measures data from the billing-cycle start and resets automatically at the next cycle. Session usage measures data and elapsed time for the current connection and resets for each session; the session section appears only while connected.
Q-017,Q-017,398c0bb9-3253-4629-a5ed-18f51d9fb36b:OUTLINE:623d8b68d20208e6,398c0bb9-3253-4629-a5ed-18f51d9fb36b,netgear-lm1200.pdf,LM1200,Frequently Asked Questions > How do I access the modem’s web pages?,facts_specifications,"[""43434cb0-0be2-5d97-be19-dfb7256b7c44""]",codex_selected_provenance_checked,en,Where can I find the instructions for opening the LM1200 settings?,The manual directs you to the section Access the Modem’s Web Pages for the First Time on page 19.
Q-018,Q-018,398c0bb9-3253-4629-a5ed-18f51d9fb36b:OUTLINE:6359ba84b27768d6,398c0bb9-3253-4629-a5ed-18f51d9fb36b,netgear-lm1200.pdf,LM1200,Alerts and Troubleshooting > Quick Tips for Troubleshooting,troubleshooting_diagnostics,"[""ecb1143f-6095-5459-b965-f4eca8e4245c"", ""82ef2627-a58c-55ae-ab74-3f865a33e979""]",codex_selected_provenance_checked,en,What should I check when the LM1200 will not connect and shows an alert?,"Check mobile coverage, an active account, the SIM position, and the SIM PIN when security is enabled. Then read the alert table: messages such as SIM Not Installed or SIM Error point back to reseating the SIM or contacting the provider. For a wired connection, also check the Ethernet cable and DHCP address setting."
Q-019,Q-019,398c0bb9-3253-4629-a5ed-18f51d9fb36b:OUTLINE:540f7aed0e05d214,398c0bb9-3253-4629-a5ed-18f51d9fb36b,netgear-lm1200.pdf,LM1200,Alerts and Troubleshooting > Troubleshoot the Mobile Broadband Internet Connection > Obtain an Internet IP Address From Your Service Provider,troubleshooting_diagnostics,"[""6f442d4b-b8ba-5fe7-b4e9-9e90463dc194"", ""683f18e6-f7fd-592e-8623-35a7300f6294""]",codex_selected_provenance_checked,en,How do I restore the LM1200 internet connection when it has not received an address?,"If the Internet IP address is 0.0.0.0, check that an APN profile exists and power-cycle the modem. If the modem has an IP address but pages still do not load, check the monthly data limit and the computer's DNS settings, then contact the provider if needed."
Q-020,Q-020,d363d52d-99b4-4258-9e83-eca4fbdf4722:OUTLINE:d0ee27b3b2631033,d363d52d-99b4-4258-9e83-eca4fbdf4722,netgear-r6350.pdf,R6350,Specify Your Internet Settings > Manually set up the Internet connection > Specify an Internet connection that uses a login and PPPoE service,troubleshooting_diagnostics,"[""dbca2b5a-8673-5396-be6d-051cb0b860c4"", ""1190a45f-877b-5cd2-a8d9-5ab1c390c374""]",codex_selected_provenance_checked,en,How do I set up an R6350 internet connection that needs a provider username and password?,"Open routerlogin.net, select Internet, choose Yes for a login and PPPoE as the encapsulation, enter the ISP login and password, provide a service name if required, select the connection mode, IP and DNS options, choose the MAC address option, click Apply, and then Test the connection."
Q-021,Q-021,d363d52d-99b4-4258-9e83-eca4fbdf4722:OUTLINE:d330686b16c734af,d363d52d-99b4-4258-9e83-eca4fbdf4722,netgear-r6350.pdf,R6350,Specify Your Internet Settings > Specify IPv6 Internet connections > Set up an IPv6 6to4 tunnel Internet connection,troubleshooting_diagnostics,"[""b60ce24d-2b57-52a7-93ab-556a06485338"", ""ad49e55f-a53b-5c41-8bf1-a36c022c9b3b""]",codex_selected_provenance_checked,en,What should I check before setting up a 6to4 IPv6 connection on the R6350?,"Make sure the router's IPv4 Internet connection works first. In ADVANCED > Advanced Setup > IPv6, select 6to4 Tunnel, choose an automatic or static relay, set DNS and address assignment, and apply the settings. Enter IPv6 values using valid colon-separated hexadecimal groups: no more than eight groups, four hexadecimal characters per group, and no double-colon sequence beyond the allowed compression."
Q-022,Q-022,d363d52d-99b4-4258-9e83-eca4fbdf4722:OUTLINE:fac12b6c6fd62dc2,d363d52d-99b4-4258-9e83-eca4fbdf4722,netgear-r6350.pdf,R6350,Specify Your Internet Settings > Manage the MTU size > Change the MTU size,troubleshooting_diagnostics,"[""aba5c3ef-7a47-5a71-bbb4-2da2cc9d65dc"", ""ae418564-dba4-5258-bb5b-731e4c45585d"", ""d4e1d4fc-7655-51fc-8d81-af75a4b11734""]",codex_selected_provenance_checked,en,How do I decide whether to change the R6350's MTU and apply a safe value?,"MTU is the largest packet size a device sends. Leave the default unless the ISP or support recommends a change, because fragmentation or a wrong value can block websites and secure services. If needed, open ADVANCED > Setup > WAN Setup, enter 64–1500, and apply; 1500 is typical Ethernet, 1492 common for PPPoE, and 1436 for PPTP or VPN."
Q-023,Q-023,d363d52d-99b4-4258-9e83-eca4fbdf4722:OUTLINE:f870b0410fe0711a,d363d52d-99b4-4258-9e83-eca4fbdf4722,netgear-r6350.pdf,R6350,Optimize Performance > Manage Default and Custom QoS Rules > Remove a QoS Rule,troubleshooting_diagnostics,"[""8eefd80d-9f8a-5850-b82e-4aef51283405"", ""31b5dd16-326a-5e79-817f-c2585e0248a2""]",codex_selected_provenance_checked,en,How do I remove a speed-priority rule on the R6350?,"Sign in at routerlogin.net, select ADVANCED > Setup > QoS Setup, select the service, application, or device in the QoS table, click Delete, and click Apply."
Q-024,Q-024,d363d52d-99b4-4258-9e83-eca4fbdf4722:OUTLINE:8ea5c049a8abf47b,d363d52d-99b4-4258-9e83-eca4fbdf4722,netgear-r6350.pdf,R6350,Share USB Storage Devices Attached to the Router > Manage Access to a Storage Device,setup_configuration,"[""0528f0b9-15e5-5482-9a68-0f02d2d61d68"", ""b510a03e-68c2-5e3f-a341-c16e7b2390d0""]",codex_selected_provenance_checked,en,How can I share files from a USB drive on the R6350 over the network?,"In ADVANCED > USB Storage > ReadySHARE, set the storage device and workgroup details and choose the access methods you need. If file-transfer access is useful, open the same ReadySHARE settings and enable FTP within the network, then apply the change."
Q-025,Q-025,d363d52d-99b4-4258-9e83-eca4fbdf4722:OUTLINE:902cbde304aea84b,d363d52d-99b4-4258-9e83-eca4fbdf4722,netgear-r6350.pdf,R6350,Share USB Storage Devices Attached to the Router > Edit a network folder on a USB storage device,setup_configuration,"[""4a519d38-1c5f-5662-bdb7-489bcabcd987"", ""12d6aaad-d982-5f95-8b7d-63ba7706aba5""]",codex_selected_provenance_checked,en,How do I edit a shared USB folder on the R6350 and keep it available on the network?,"In ADVANCED > USB Storage > ReadySHARE, add the network folder if it does not exist, or select the existing folder and choose Edit. Set its name, folder path, and read/write access, then click Apply so the updated folder remains available."
Q-026,Q-026,d363d52d-99b4-4258-9e83-eca4fbdf4722:OUTLINE:c27c0cf701a42141,d363d52d-99b4-4258-9e83-eca4fbdf4722,netgear-r6350.pdf,R6350,Manage the WAN and LAN Network Settings > Manage VPN Pass-Through,facts_specifications,"[""3fbed70d-f242-5a78-90cc-f0f2674fe5f7""]",codex_selected_provenance_checked,en,What does VPN pass-through do on the R6350?,"It lets a LAN computer receive Internet VPN traffic over IPSec, PPTP, or L2TP. It is enabled by default; disabling a protocol blocks its VPN pass-through traffic."
Q-027,Q-027,d363d52d-99b4-4258-9e83-eca4fbdf4722:OUTLINE:5283c300a58533cf,d363d52d-99b4-4258-9e83-eca4fbdf4722,netgear-r6350.pdf,R6350,Manage the WAN and LAN Network Settings > Set Up a Bridge for a Port Group or VLAN Tag Group > Set Up a Bridge for a Port Group,setup_configuration,"[""0c80bfa0-c243-53e3-8ba1-8ef14df71c4b"", ""92de127d-5c3f-5d2a-a801-234fc3e5b014""]",codex_selected_provenance_checked,en,Why might my TV device need a special bridge setting on the R6350?,An ISP may require the bridge when an IPTV device is connected. The bridge prevents packets between the IPTV device and the Internet port from being processed by the router’s NAT service.
Q-028,Q-028,d363d52d-99b4-4258-9e83-eca4fbdf4722:OUTLINE:759d64cd684a03d3,d363d52d-99b4-4258-9e83-eca4fbdf4722,netgear-r6350.pdf,R6350,Manage Your Router > Update the router firmware > Check for new firmware and update the router,troubleshooting_diagnostics,"[""2a3ade55-f893-5d78-8ead-3ff6b3d197c7"", ""82763a83-8a87-5a86-ac3a-cd78e0a68d0f""]",codex_selected_provenance_checked,en,"How can I update R6350 firmware safely, including a manual recovery if needed?","Use an Ethernet-connected computer and check for an update under ADVANCED > Administration > Firmware Update. If the automatic update fails or you need a specific version, download the correct file, unzip it if needed, and use the manual upload option while keeping the wired connection active."
Q-029,Q-029,d363d52d-99b4-4258-9e83-eca4fbdf4722:OUTLINE:c406dcd0d505ed73,d363d52d-99b4-4258-9e83-eca4fbdf4722,netgear-r6350.pdf,R6350,Manage Your Router > Disable or Enable LED Blinking or Turn Off LEDs,features_security_maintenance_limitations,"[""5a7fc3bd-5bd0-57b2-944d-5a981598dcf7""]",codex_selected_provenance_checked,en,Can I change how the lights blink on the R6350?,"LED Control Settings can keep normal blinking when traffic is detected, disable traffic blinking, or turn off every LED except the Power LED. The setting is changed under ADVANCED > Advanced Setup > LED Control Settings."
Q-030,Q-030,d363d52d-99b4-4258-9e83-eca4fbdf4722:OUTLINE:aaa110d73c5ebaf9,d363d52d-99b4-4258-9e83-eca4fbdf4722,netgear-r6350.pdf,R6350,Use VPN to Access Your Network > Install OpenVPN software > Install OpenVPN Software on an Android Device,setup_configuration,"[""e466a3e1-89df-5cd9-a452-cf16fb5080f5"", ""006d8e6b-77f6-54fa-826b-6d417979808f""]",codex_selected_provenance_checked,en,How do I set up the R6350 VPN on an Android phone and connect it to my home network?,"Install the VPN client and configuration files on every device that will use the connection. On Android, open the router's VPN page, download the smartphone configuration, install OpenVPN Connect from Google Play, and import the configuration file into the app."
Q-031,Q-031,d363d52d-99b4-4258-9e83-eca4fbdf4722:OUTLINE:6ca762548278f56e,d363d52d-99b4-4258-9e83-eca4fbdf4722,netgear-r6350.pdf,R6350,Troubleshooting > Troubleshoot Internet browsing,troubleshooting_diagnostics,"[""0a3e9e25-c2a0-5ff5-9ea7-dfcd3a28faec"", ""818e0932-f3ff-5602-b5b9-5f1d94d353ed""]",codex_selected_provenance_checked,en,What should I check when the R6350 says it is connected but I cannot browse?,"Check whether the traffic-meter limit has blocked access, whether the computer has DNS addresses, and whether the router is its default gateway. Also inspect the Internet and LAN LEDs and reseat the Ethernet cable if they are off."
Q-032,Q-032,8a56b2bf-5d68-4806-abb7-de39894bb404:OUTLINE:0cc5c443004437fd,8a56b2bf-5d68-4806-abb7-de39894bb404,netgear-r7000.pdf,R7000,Connect to the Network and Access the Router > Connect to the Network > Wired Connection,facts_specifications,"[""cf6a9c70-f40a-521b-8ee5-c0a7ff8c1279"", ""b1147279-285c-50dc-965c-7722351f3563""]",codex_selected_provenance_checked,en,How should I connect the R7000 to my network by cable or Wi-Fi?,"For a wired connection, power the router and connect an Ethernet cable from the computer to a router LAN port. For Wi-Fi, find the SSID printed on the router label and enter the Wi-Fi password from that label."
Q-033,Q-033,8a56b2bf-5d68-4806-abb7-de39894bb404:OUTLINE:615f1a78bd39eb84,8a56b2bf-5d68-4806-abb7-de39894bb404,netgear-r7000.pdf,R7000,Specify Your Internet Settings > Use the Internet Setup Wizard,setup_configuration,"[""9213a4bb-497e-56d3-be43-8791bb53a54e""]",codex_selected_provenance_checked,en,How can I let the R7000 set up my internet connection automatically?,"Sign in at routerlogin.net, choose ADVANCED > Setup Wizard, select Yes, and click Next. The wizard searches for servers and protocols to determine the Internet configuration."
Q-034,Q-034,8a56b2bf-5d68-4806-abb7-de39894bb404:OUTLINE:f4bd6a547d16c31d,8a56b2bf-5d68-4806-abb7-de39894bb404,netgear-r7000.pdf,R7000,Optimize Performance > Optimize Internet Streaming With Dynamic QoS > Enable Advanced QoS and Manually Set Up QoS Rules > Add a QoS Rule by LAN pot,setup_configuration,"[""3a682a15-e809-5a0b-b646-c75d0c358df0"", ""8aecb252-6293-553d-8e28-ef7b756f0c82""]",codex_selected_provenance_checked,en,How can I give one device or cable connection priority when the network is busy?,"Open QoS, enable QoS and Advanced QoS, choose QoS by LAN Port, name the policy, select the Ethernet LAN port and a device priority, click Add, and then Apply."
Q-035,Q-035,8a56b2bf-5d68-4806-abb7-de39894bb404:OUTLINE:08da0d3cf6f7d113,8a56b2bf-5d68-4806-abb7-de39894bb404,netgear-r7000.pdf,R7000,Optimize Performance > Improve Network Connections With Universal Plug-N-Play,facts_specifications,"[""54a5ae0e-dabe-533f-8906-cd65b27661ec""]",codex_selected_provenance_checked,en,What does UPnP do for devices and games on the R7000?,"Universal Plug-and-Play lets network devices discover services from registered UPnP devices and configure connections automatically. It is useful for multiplayer games, peer-to-peer connections, and real-time communications."
Q-036,Q-036,8a56b2bf-5d68-4806-abb7-de39894bb404:OUTLINE:2b84714e210fd033,8a56b2bf-5d68-4806-abb7-de39894bb404,netgear-r7000.pdf,R7000,Manage Your Router > Check the Internet Connection Status,facts_specifications,"[""0b8cd0d8-1f9c-5c69-886e-06744b09b661"", ""537310b8-39d1-57ca-81f0-ddddc2ad9916""]",codex_selected_provenance_checked,en,Where can I check the R7000's internet connection and port statistics?,"Sign in at http://www.routerlogin.net, open the ADVANCED tab, and view the Internet connection status for the router IP, gateway, DHCP, and DNS values. From the same area, open Internet Port Statistics to inspect the port counters and link details."
Q-037,Q-037,8a56b2bf-5d68-4806-abb7-de39894bb404:OUTLINE:42bc10659811af2c,8a56b2bf-5d68-4806-abb7-de39894bb404,netgear-r7000.pdf,R7000,Manage Your Router > Remote Access > Set Up Remote Management,features_security_maintenance_limitations,"[""15938877-47a1-57e0-a802-c88e283ff497"", ""79d677ad-2fef-50d3-92dd-c07a6df0f14e"", ""c63a4385-d5ca-500b-bb85-d656176fdbe2""]",codex_selected_provenance_checked,en,How can I enable remote management on the R7000 and then connect to it from outside home safely?,"Remote management lets you change router settings over the Internet, so first make sure you know the router address and administrator login. In ADVANCED > Advanced Setup > Remote Management, turn it on, restrict allowed external IP addresses, choose a custom port, and apply. From outside home, browse to the WAN IP followed by that port, for example http://134.177.0.123:8443."
Q-038,Q-038,8a56b2bf-5d68-4806-abb7-de39894bb404:OUTLINE:f79ea7be006eeae3,8a56b2bf-5d68-4806-abb7-de39894bb404,netgear-r7000.pdf,R7000,Manage Your Router > Change the NTP Server,setup_configuration,"[""1c87234f-8aff-560c-8028-20099626deb5"", ""d4980606-c8d1-5aca-adbe-96e35254c9e1""]",codex_selected_provenance_checked,en,How do I set the R7000 clock so it stays accurate across time zones?,"In ADVANCED > Administration > NTP Settings, choose the correct time zone and daylight-saving option, then keep the NETGEAR NTP server or enter a preferred NTP server and apply the settings."
Q-039,Q-039,8a56b2bf-5d68-4806-abb7-de39894bb404:OUTLINE:6cca2b13d46fd9ff,8a56b2bf-5d68-4806-abb7-de39894bb404,netgear-r7000.pdf,R7000,Use Dynamic DNS to Access USB Storage Devices Through the Internet > Access USB Storage Devices Through the Internet,features_security_maintenance_limitations,"[""7e090661-6e52-5e1b-9b1e-3efc302a53dd"", ""af255485-98d7-59f8-94db-806fd6280e64""]",codex_selected_provenance_checked,en,How can I reach files on a USB drive connected to the R7000 while away from home?,"Enable and configure Dynamic DNS on the router if you want a stable name, then access the USB device from a remote computer using that DNS name or the router's Internet-port IP address. FTP can then be used according to the folder permissions."
Q-040,Q-040,8a56b2bf-5d68-4806-abb7-de39894bb404:OUTLINE:0fc676a3a4479418,8a56b2bf-5d68-4806-abb7-de39894bb404,netgear-r7000.pdf,R7000,Use Dynamic DNS to Access USB Storage Devices Through the Internet > Remotely Access a USB Device Using ReadyCLOUD > Create a ReadyCLOUD Account,setup_configuration,"[""89cf7641-ad76-514d-a38e-ff036b200250"", ""e2441363-6c2a-53a1-bc5f-70f736213984""]",codex_selected_provenance_checked,en,How do I create a ReadyCLOUD account and link the R7000 to it?,"Visit ReadyCLOUD, choose Sign In > Create Account, and complete the MyNETGEAR account fields. Then connect a USB storage device to the R7000, open the ReadyCLOUD registration page, and register the router with that account."
Q-041,Q-041,8a56b2bf-5d68-4806-abb7-de39894bb404:OUTLINE:fdf9a6339ff3dcd8,8a56b2bf-5d68-4806-abb7-de39894bb404,netgear-r7000.pdf,R7000,Use VPN to Access Your Network > Install OpenVPN Software > Install OpenVPN Software on an iOS Device,setup_configuration,"[""aa1a9020-2d26-56b6-b111-03a8e5731486"", ""0cff8f5c-96b8-5d33-9c11-37f93f8300fb""]",codex_selected_provenance_checked,en,How do I set up the R7000 VPN on an iPhone or iPad?,"Install the VPN client and configuration files on each device that will use the router VPN. On iOS, download the smartphone configuration from the router, install OpenVPN Connect from the App Store, and import the files into the app."
Q-042,Q-042,8a56b2bf-5d68-4806-abb7-de39894bb404:OUTLINE:59222463e26d1879,8a56b2bf-5d68-4806-abb7-de39894bb404,netgear-r7000.pdf,R7000,Troubleshooting > Quick Tips > Sequence to Restart Your Network,troubleshooting_diagnostics,"[""f2289449-f54e-5af6-8243-762118ef305b"", ""0840bab1-67d6-5c6c-b00f-e0a82dee63b9""]",codex_selected_provenance_checked,en,What is the safest way to restart the R7000 network while checking its cables?,"Turn off and unplug the modem, turn off the router, reconnect and power on the modem, wait two minutes, then power on the router and wait another two minutes. If a device stays offline, check that the Ethernet cables are secure and that the Internet and LAN LEDs respond."
Q-043,Q-043,8a56b2bf-5d68-4806-abb7-de39894bb404:OUTLINE:2be192fda8a4722e,8a56b2bf-5d68-4806-abb7-de39894bb404,netgear-r7000.pdf,R7000,Troubleshooting > Troubleshoot WiFi Connectivity,troubleshooting_diagnostics,"[""33e10a89-cd52-5aa3-a20c-b5fe9e6472da"", ""65aa662f-9473-5c74-b996-74e7f545f09c""]",codex_selected_provenance_checked,en,What should I check first when the R7000 Wi-Fi is weak or missing?,"Check the Wi-Fi LED and WiFi On/Off button, and make sure the SSID has not been hidden. Then confirm that the device and router use matching SSID and security settings and that any wireless access list includes the device MAC address."
Q-044,Q-044,d69381d0-06ed-49bf-9fe1-6050d9374432:OUTLINE:89ac3ac6d4a7bbea,d69381d0-06ed-49bf-9fe1-6050d9374432,netgear-rax120.pdf,RAX120,Hardware Setup > Unpack your router,facts_specifications,"[""89d399fa-1c1b-5d37-b35a-194ce673ec69""]",codex_selected_provenance_checked,en,What should be included in the RAX120 box?,"The package contains the router, its power adapter, and an Ethernet cable."
Q-045,Q-045,d69381d0-06ed-49bf-9fe1-6050d9374432:OUTLINE:4bdaaa28252d41a2,d69381d0-06ed-49bf-9fe1-6050d9374432,netgear-rax120.pdf,RAX120,Connect to the network and access the router > Types of logins,facts_specifications,"[""6af6a140-458c-5188-b116-2f8430c69437"", ""b9937b70-a336-5587-80b2-44b7567807fd""]",codex_selected_provenance_checked,en,"Which RAX120 login should I use for internet, Wi-Fi, account, or router settings?","Use the ISP login for the Internet service, the Wi-Fi key for joining the wireless network, the NETGEAR account for registration and subscriptions, and the router administrator login for settings. To use the administrator login, open http://www.routerlogin.net or the router's local address."
Q-046,Q-046,d69381d0-06ed-49bf-9fe1-6050d9374432:OUTLINE:7dcc6744e0e7954c,d69381d0-06ed-49bf-9fe1-6050d9374432,netgear-rax120.pdf,RAX120,Specify Your Internet Settings > Specify IPv6 Internet connections > Set up an IPv6 pass-through Internet connection,setup_configuration,"[""f02b327f-e424-5fbd-884a-afa982cfba97""]",codex_selected_provenance_checked,en,What does IPv6 pass-through do on the RAX120?,"In ADVANCED > Advanced Setup > IPv6, select Pass Through and click Apply. The router then acts as a Layer 2 Ethernet switch for IPv6 packets and does not process their IPv6 headers."
Q-047,Q-047,d69381d0-06ed-49bf-9fe1-6050d9374432:OUTLINE:b393aec4e5f20ee4,d69381d0-06ed-49bf-9fe1-6050d9374432,netgear-rax120.pdf,RAX120,Manage Network Settings > View or change the WAN settings,facts_specifications,"[""304579c0-2505-541b-9272-41a33abdc404""]",codex_selected_provenance_checked,en,Which internet-side settings on the RAX120 need extra care?,"WAN Setup includes DoS/port-scan protection, a default DMZ server, WAN ping response, IGMP proxying, MTU, NAT filtering, and SIP ALG. A DMZ weakens firewall security, WAN ping should be enabled only for a diagnostic reason, and MTU should be changed only when necessary."
Q-048,Q-048,d69381d0-06ed-49bf-9fe1-6050d9374432:OUTLINE:43ec202019e41936,d69381d0-06ed-49bf-9fe1-6050d9374432,netgear-rax120.pdf,RAX120,Manage Network Settings > Manage reserved LAN IP addresses > Reserve an IP address,setup_configuration,"[""ebd82415-b17d-5082-8472-3811a168faaf"", ""79da6936-bc1d-53fc-b043-434193a77ba9""]",codex_selected_provenance_checked,en,How do I reserve a device's local address on the RAX120 and update that reservation later?,"In ADVANCED > Setup > LAN Setup, add the device MAC address and a free LAN IP under Address Reservation, then apply it. When the device or network changes, select the reservation, choose Edit, update the values, and apply again; renew the DHCP lease for the change to take effect."
Q-049,Q-049,d69381d0-06ed-49bf-9fe1-6050d9374432:OUTLINE:8d66e90b801f07f3,d69381d0-06ed-49bf-9fe1-6050d9374432,netgear-rax120.pdf,RAX120,Manage Network Settings > Change the WiFi password or the WiFi security,features_security_maintenance_limitations,"[""88a61bbc-985f-5b34-9830-9632803f359f"", ""0f01b620-ac86-5a3e-bacb-6893a15e210e""]",codex_selected_provenance_checked,en,How can I secure RAX120 Wi-Fi without confusing its Wi-Fi and administrator passwords?,"The Wi-Fi password is different from the administrator password. Keep the preset WPA2/WPA protection unless you have a reason to change it, and use the SSID and network key printed on the router label to join Wi-Fi. If you change them, save the new values securely."
Q-050,Q-050,d69381d0-06ed-49bf-9fe1-6050d9374432:OUTLINE:30e6bc1f5ecbb7b4,d69381d0-06ed-49bf-9fe1-6050d9374432,netgear-rax120.pdf,RAX120,Share USB Storage Devices Attached to the Router > Connect a USB storage device to the router,facts_specifications,"[""aeaf90b5-5cb4-5ff1-af4a-2f43d2368c76"", ""bb9735df-2bc3-50f1-9fb8-2235613d714e""]",codex_selected_provenance_checked,en,What should I check before connecting a USB drive to the RAX120?,"Use a USB-compliant flash drive or hard drive and check the current ReadySHARE compatibility list. Connect it to the router, attach its power supply when required, and install any computer driver the device needs; special-driver devices may not work with ReadySHARE."
Q-051,Q-051,d69381d0-06ed-49bf-9fe1-6050d9374432:OUTLINE:7e8558c76cede228,d69381d0-06ed-49bf-9fe1-6050d9374432,netgear-rax120.pdf,RAX120,Share USB Storage Devices Attached to the Router > Add a network folder on a USB storage device,setup_configuration,"[""14bc83c7-61a2-5364-b2c3-e1a9446f3dbe"", ""9d1e53fd-0a2d-51bd-bb64-2521b239e8f3""]",codex_selected_provenance_checked,en,How do I create and view a shared folder on a RAX120 USB drive?,"Connect the USB drive, open ADVANCED > USB Storage > ReadySHARE, and use Create Network Folder to choose the folder, share name, and access rights. Return to the ReadySHARE view to see the folders that are available on the device."
Q-052,Q-052,d69381d0-06ed-49bf-9fe1-6050d9374432:OUTLINE:6bfd2d1ed7baea6f,d69381d0-06ed-49bf-9fe1-6050d9374432,netgear-rax120.pdf,RAX120,Use Dynamic DNS to Access USB Storage Devices Through the Internet > Set up and manage Dynamic DNS > Change the Dynamic DNS settings,features_security_maintenance_limitations,"[""e43b60ee-74fd-5d48-823c-2588148d4411"", ""d7d2bc93-72bb-53d6-945c-0708fde2888b""]",codex_selected_provenance_checked,en,How do I change RAX120 Dynamic DNS settings for an account I already have?,"Choose your existing NETGEAR, No-IP, or DynDNS account on the Dynamic DNS page, enter its account details, and save the settings. To change the account later, return to the same page and edit the Dynamic DNS values before applying them."
Q-053,Q-053,d69381d0-06ed-49bf-9fe1-6050d9374432:OUTLINE:0d5b6e0a7ba7bfe2,d69381d0-06ed-49bf-9fe1-6050d9374432,netgear-rax120.pdf,RAX120,Manage port forwarding and port triggering > Manage port forwarding to a local server > How the router implements the port forwarding rule,facts_specifications,"[""10f082e0-460d-59c2-bf25-090a7b36a4a8"", ""cf516841-9648-5ad0-aaaa-b65b9c5d85aa""]",codex_selected_provenance_checked,en,How does RAX120 port forwarding send a request to a local server in a real example?,"A request sent to the router's public address and port 80 can be mapped to a local web server. Give that server a stable LAN address, create a port-forwarding rule for HTTP to that address, and the router sends matching Internet requests to the local server."
Q-054,Q-054,d69381d0-06ed-49bf-9fe1-6050d9374432:OUTLINE:392ff4fbd7ee9772,d69381d0-06ed-49bf-9fe1-6050d9374432,netgear-rax120.pdf,RAX120,Troubleshooting > Troubleshoot WiFi connectivity,troubleshooting_diagnostics,"[""f24fac39-a3db-5243-9d24-4986ad8e8cf1"", ""48b55cf6-5b08-527e-bd26-f4183bca41e2""]",codex_selected_provenance_checked,en,What should I check when a device cannot join RAX120 Wi-Fi?,"Check whether the Wi-Fi network appears and whether the WiFi LED is on; if the SSID is hidden, select it manually. Then make the device's SSID, security mode, and case-sensitive password match the router, and add the device MAC address if access control is enabled."
Q-055,Q-055,d69381d0-06ed-49bf-9fe1-6050d9374432:OUTLINE:41c9cb735a542932,d69381d0-06ed-49bf-9fe1-6050d9374432,netgear-rax120.pdf,RAX120,Supplemental Information > Factory settings,facts_specifications,"[""7059c14f-c840-5863-9050-2518f69aa8d5""]",codex_selected_provenance_checked,en,What changes after I return the RAX120 to its original factory settings?,"A factory reset removes user settings, restores the default LAN and Wi-Fi values, and restarts the router. Do not interrupt the process."
Q-056,Q-056,e65eaa31-8579-448d-a22c-88a8fde64409:OUTLINE:79aeb7edd70d3319,e65eaa31-8579-448d-a22c-88a8fde64409,netgear-rax50.pdf,RAX50,Hardware Setup > Position your router,troubleshooting_diagnostics,"[""c31cd99a-365c-5ce5-8381-39df25c52273"", ""f42f57b0-65cd-5982-935c-289c54636287""]",codex_selected_provenance_checked,en,Where should I place and point the RAX50 antennas for the best Wi-Fi range?,"Attach each labeled antenna to the matching post, then place the router near the center of the coverage area and within line of sight of clients. Keep it away from walls, metal, glass, and other sources of obstruction, and point the antennas as shown in the manual."
Q-057,Q-057,e65eaa31-8579-448d-a22c-88a8fde64409:OUTLINE:41ba92c1cd759ea9,e65eaa31-8579-448d-a22c-88a8fde64409,netgear-rax50.pdf,RAX50,Connect to the Network and Access the Router > Connect to the router network > Connect to the router WiFi network,setup_configuration,"[""1b2c7958-ebc1-5927-bfb6-4acbd0f97781"", ""e00425b6-15d6-5234-b2e5-d0f194e4e777""]",codex_selected_provenance_checked,en,"How should I connect a phone or computer to RAX50, by Wi-Fi or cable?","For Wi-Fi, open the device's Wi-Fi settings, select the SSID on the router label, and enter its network key. For a wired computer, connect an Ethernet cable from the computer to a router LAN port after confirming that the router is powered."
Q-058,Q-058,e65eaa31-8579-448d-a22c-88a8fde64409:OUTLINE:5c59851a56345ebf,e65eaa31-8579-448d-a22c-88a8fde64409,netgear-rax50.pdf,RAX50,Specify Your Internet Settings > Specify IPv6 Internet connections > Use auto config for an IPv6 Internet connection,facts_specifications,"[""e87e22a2-a89c-58a7-9ff2-ff82463e19a7""]",codex_selected_provenance_checked,en,How does the RAX50 set up IPv6 automatically?,"Choose Auto Config under IPv6. The router detects the WAN/LAN addresses, after which you can set provider, DNS, address, and filtering options."
Q-059,Q-059,e65eaa31-8579-448d-a22c-88a8fde64409:OUTLINE:121e62ef30e6e2d8,e65eaa31-8579-448d-a22c-88a8fde64409,netgear-rax50.pdf,RAX50,Control Access to the Internet > Network access control list > Manage allowed devices currently not on the network,troubleshooting_diagnostics,"[""9a5a5bff-8b53-5c37-9d87-9ce596f7433e"", ""f5872d3c-76d3-512c-bb09-69a649f6720f""]",codex_selected_provenance_checked,en,How can I allow or block a device on the RAX50?,"In Security > Access Control, add a device by its MAC address, remove it, or edit it to allow or block access, then Apply."
Q-060,Q-060,e65eaa31-8579-448d-a22c-88a8fde64409:OUTLINE:f362300bbbc0324c,e65eaa31-8579-448d-a22c-88a8fde64409,netgear-rax50.pdf,RAX50,Optimize Performance > Use Dynamic QoS to optimize Internet traffic management > Enable Dynamic QoS,features_security_maintenance_limitations,"[""ab459710-fc4e-5fb7-b276-ec36619929af"", ""d2849132-6a3d-520c-8f2c-bd5e904e522d""]",codex_selected_provenance_checked,en,How can I make the RAX50 share internet fairly when some devices use a lot?,"Enable QoS and let Speedtest detect the bandwidth, or enter download and upload speeds yourself, then Apply."
Q-061,Q-061,e65eaa31-8579-448d-a22c-88a8fde64409:OUTLINE:41d86e3c0982faa9,e65eaa31-8579-448d-a22c-88a8fde64409,netgear-rax50.pdf,RAX50,Optimize Performance > Use Dynamic QoS to optimize Internet traffic management > Manually update the dynamic QoS database,troubleshooting_diagnostics,"[""f6fd63f2-f6fd-5bae-a838-1a933a94fc87"", ""93ffa849-c75e-5120-be9a-d99bb0eed70b""]",codex_selected_provenance_checked,en,How do I update the RAX50 information used to control traffic?,"Open the QoS page, keep Dynamic QoS enabled if needed, choose Update Now, and Apply after the update finishes."
Q-062,Q-062,e65eaa31-8579-448d-a22c-88a8fde64409:OUTLINE:5ae513b79530a608,e65eaa31-8579-448d-a22c-88a8fde64409,netgear-rax50.pdf,RAX50,Manage Your Router > Manage the router configuration file > Erase the settings,troubleshooting_diagnostics,"[""0e8a4859-ac3f-57fd-a7ae-a5affebcdfde"", ""03a4fccb-bb0c-56ec-b67b-eee79c190813""]",codex_selected_provenance_checked,en,What happens if I erase the RAX50 settings?,"Erase removes user settings, restores factory defaults, and restarts the router in about two minutes. Do not close the browser or turn it off."
Q-063,Q-063,e65eaa31-8579-448d-a22c-88a8fde64409:OUTLINE:8b9e84b41a8e2327,e65eaa31-8579-448d-a22c-88a8fde64409,netgear-rax50.pdf,RAX50,Use OpenVPN to Access Your Network > About VPN connections,facts_specifications,"[""a13c3553-78f9-5ede-9cd9-390daad977b6"", ""9078acec-f7bb-55fa-8707-b9a0825e4d79"", ""0b9dd330-c3d7-545c-a617-8fb41923d277""]",codex_selected_provenance_checked,en,How do I set up the RAX50 OpenVPN service so I can connect from my laptop while away?,"OpenVPN creates an encrypted client-to-gateway connection between your laptop and the router; the router is not an external VPN client for all home Internet traffic. Sign in to ADVANCED > Advanced Setup > VPN Service, enable the service, apply it, and download the client package and configuration files. Install the OpenVPN client on the laptop, then connect using the router's DDNS name or static WAN address."
Q-064,Q-064,e65eaa31-8579-448d-a22c-88a8fde64409:OUTLINE:4961dff6fcaa17d5,e65eaa31-8579-448d-a22c-88a8fde64409,netgear-rax50.pdf,RAX50,Use OpenVPN to Access Your Network > Use VPN to access your Internet service at home > Block VPN client Internet access in the router,features_security_maintenance_limitations,"[""5fc0a06a-b9bd-5a78-8f70-08b7b7ff6bcc"", ""01143d51-a727-543c-b607-948530c2902c""]",codex_selected_provenance_checked,en,How do I let RAX50 VPN users reach only my home network?,"Enable VPN Service, choose Home Network only for client access, and Apply. This prevents VPN users from using the home internet connection."
Q-065,Q-065,e65eaa31-8579-448d-a22c-88a8fde64409:OUTLINE:4c371fdde86b5510,e65eaa31-8579-448d-a22c-88a8fde64409,netgear-rax50.pdf,RAX50,Manage Port Forwarding and Port Triggering > Manage port forwarding to a local server > Delete a port forwarding entry,troubleshooting_diagnostics,"[""af31b6ec-73a8-5529-8fa5-da1f467d1bef""]",codex_selected_provenance_checked,en,How do I remove an old connection rule on the RAX50?,"Open Port Forwarding/Port Triggering, select the old service in the table, and choose Delete Service."
Q-066,Q-066,e65eaa31-8579-448d-a22c-88a8fde64409:OUTLINE:3d0101989fca1bb6,e65eaa31-8579-448d-a22c-88a8fde64409,netgear-rax50.pdf,RAX50,Troubleshooting > Troubleshoot your network using the ping utility > Test the path from a Windows-based computer to a remote device,troubleshooting_diagnostics,"[""b60d283b-acea-5673-be03-c506dc1df859"", ""d6a2438e-ce2e-5744-b23d-64355bb7f3b2""]",codex_selected_provenance_checked,en,How can I test whether the RAX50 can reach another address?,"From Windows Run, send several ping requests to the remote address. If there is no reply, check the gateway, network address, modem, ISP host name, and MAC settings."
Q-067,Q-067,57d18421-8c71-47bc-992e-0d0dfdcdbbea:OUTLINE:51a6513bbc2a11e3,57d18421-8c71-47bc-992e-0d0dfdcdbbea,netgear-raxe500.pdf,RAXE500,Connect to the network and access the router > Connect to the network > Find and connect to the WiFi network,setup_configuration,"[""a3662689-f8b9-5c28-8c0a-b2185487bec9""]",codex_selected_provenance_checked,en,How do I find and join my RAXE500 Wi-Fi?,"Turn on the router, open Wi-Fi settings, select the SSID printed on its label, and enter the password printed there."
Q-068,Q-068,57d18421-8c71-47bc-992e-0d0dfdcdbbea:OUTLINE:f3161081da6e6415,57d18421-8c71-47bc-992e-0d0dfdcdbbea,netgear-raxe500.pdf,RAXE500,Connect to the network and access the router > Use a web browser to access the router > Automatic Internet Setup,troubleshooting_diagnostics,"[""51405423-2987-5292-8fb8-9b78e651d7c5"", ""feb09c00-0fd2-5b2c-ae97-969bd349df0e""]",codex_selected_provenance_checked,en,The RAXE500 setup page does not appear or automatic setup fails. What should I try?,"Check the LAN/Wi-Fi connection and Power LED, reopen the browser or clear its cache, and make sure the computer obtains an address automatically."
Q-069,Q-069,57d18421-8c71-47bc-992e-0d0dfdcdbbea:OUTLINE:88cdae4e848e09b9,57d18421-8c71-47bc-992e-0d0dfdcdbbea,netgear-raxe500.pdf,RAXE500,Specify Your Internet Settings > Manage the MTU size > MTU concepts,facts_specifications,"[""fbf822a7-110a-5ac3-b64c-6a5fbaf2ccc4"", ""eae4f314-abe4-5229-ac3e-d9cc4c571b27"", ""18a45189-9618-54b7-a131-4f7218fbc1df""]",codex_selected_provenance_checked,en,"What does the RAXE500 MTU setting mean, and how can I change it safely?","MTU is the largest packet size sent over the connection. Keep the default unless the provider recommends a change; if needed, open the MTU settings, enter a value supported by the connection, and apply it."
Q-070,Q-070,57d18421-8c71-47bc-992e-0d0dfdcdbbea:OUTLINE:bbfec0ebd44bf9d9,57d18421-8c71-47bc-992e-0d0dfdcdbbea,netgear-raxe500.pdf,RAXE500,Manage Network Settings > Disable the DHCP server feature in the router,setup_configuration,"[""01cd477a-47d2-5fed-a150-f3482022089e"", ""8dba79ed-9bf8-5cb2-833b-a493317e765e""]",codex_selected_provenance_checked,en,How can I safely turn off the RAXE500 service that automatically gives devices addresses?,"In LAN Setup, clear Use Router as DHCP Server and Apply only after confirming that another DHCP server exists or that you can set a computer address manually."
Q-071,Q-071,57d18421-8c71-47bc-992e-0d0dfdcdbbea:OUTLINE:9738f3c7fd6b99bc,57d18421-8c71-47bc-992e-0d0dfdcdbbea,netgear-raxe500.pdf,RAXE500,Manage Network Settings > Enable or disable 20/40 MHz coexistence for the 2.4 GHz radio,features_security_maintenance_limitations,"[""183e963a-d605-5403-a4e2-b882de020cbb"", ""33088b55-3bd9-50bd-8652-c3cd7fd2d88f""]",codex_selected_provenance_checked,en,"How can I reduce nearby Wi-Fi interference on the RAXE500, and which radio does the setting affect?",Enable 20/40 MHz coexistence to let the 2.4 GHz radio use narrower channels when nearby networks cause interference. This can improve coexistence but may reduce peak speed; it does not change the 5 GHz radio.
Q-072,Q-072,57d18421-8c71-47bc-992e-0d0dfdcdbbea:OUTLINE:fbc9501ac3f3021b,57d18421-8c71-47bc-992e-0d0dfdcdbbea,netgear-raxe500.pdf,RAXE500,Manage Network Settings > Manage Ethernet Port Aggregation to a LAN Device > View or Change the Router Ethernet Port Aggregation Mode,facts_specifications,"[""15ed12eb-f2dc-5ebe-a1ce-38faeca23290"", ""25c77477-9af3-5379-a417-10b10c71f77b"", ""09ef238c-cabe-5ea4-9616-24e57ee8f002""]",codex_selected_provenance_checked,en,"What does RAXE500 Ethernet port aggregation do, and how do I set it up with compatible equipment?","Ethernet aggregation combines two ports for higher aggregated throughput. Make sure the switch or NAS supports 802.3ad LACP and configure it before connecting. In ADVANCED > Advanced Setup > Ethernet Port Aggregation, choose Enable (LACP) for a compatible device or Static only for a static LAG, apply the setting, and connect ports 3 and 4."
Q-073,Q-073,57d18421-8c71-47bc-992e-0d0dfdcdbbea:OUTLINE:b501c092002a51d8,57d18421-8c71-47bc-992e-0d0dfdcdbbea,netgear-raxe500.pdf,RAXE500,Manage Your Router > Monitor Internet traffic,facts_specifications,"[""04f1b52b-9f18-591e-ac0a-b16ee4a34dad""]",codex_selected_provenance_checked,en,How can I set a data-use limit or warning on the RAXE500?,"Enable Traffic Meter, set a volume or time limit and warning, and choose whether the internet light blinks or the connection stops at the limit."
Q-074,Q-074,57d18421-8c71-47bc-992e-0d0dfdcdbbea:OUTLINE:536e38dc6e76c4f9,57d18421-8c71-47bc-992e-0d0dfdcdbbea,netgear-raxe500.pdf,RAXE500,Manage Your Router > Set your time zone,setup_configuration,"[""8533530e-9001-5a31-a453-6077909ff031"", ""29f43702-7db0-5452-b0a7-d5a2155c5b59""]",codex_selected_provenance_checked,en,How do I set the time zone and daylight-saving option on the RAXE500?,"Open NTP Settings, choose the time zone, enable daylight saving when needed, and Apply."
Q-075,Q-075,57d18421-8c71-47bc-992e-0d0dfdcdbbea:OUTLINE:7e8558c76cede228,57d18421-8c71-47bc-992e-0d0dfdcdbbea,netgear-raxe500.pdf,RAXE500,Share USB Storage Devices Attached to the Router > Add a network folder on a USB storage device,features_security_maintenance_limitations,"[""5e5c51b3-dccd-5818-b9ae-65b70b14cfda"", ""b2cee766-ed4f-59bb-8d66-703a2aecba75""]",codex_selected_provenance_checked,en,How do I share a folder from a USB drive on the RAXE500?,"Choose the USB device in ReadySHARE Storage, create a network folder, and set read/write access. The default allows all LAN computers without a password."
Q-076,Q-076,57d18421-8c71-47bc-992e-0d0dfdcdbbea:OUTLINE:7bbe03a0d66739df,57d18421-8c71-47bc-992e-0d0dfdcdbbea,netgear-raxe500.pdf,RAXE500,Use VPN to Access Your Network > Use VPN to access your Internet service at home > Set up VPN client Internet access in the router,features_security_maintenance_limitations,"[""0fc19ad4-a3f3-5128-a97a-000311ce8919"", ""f28a4c35-4d28-56c9-a6aa-9d30d17a3c6c""]",codex_selected_provenance_checked,en,How can a VPN user on the RAXE500 also use my home internet?,Enable VPN Service and choose All sites on the Internet & Home Network. Internet traffic through the home VPN may be slower than local access.
Q-077,Q-077,57d18421-8c71-47bc-992e-0d0dfdcdbbea:OUTLINE:f67dde43cca3ccc5,57d18421-8c71-47bc-992e-0d0dfdcdbbea,netgear-raxe500.pdf,RAXE500,Troubleshooting > Quick tips > Sequence to restart your network,troubleshooting_diagnostics,"[""494eba00-b9d1-5fec-898e-b212c6f28baf"", ""4f3d2903-b1ca-556d-a4f9-f0bea742c6b5""]",codex_selected_provenance_checked,en,What is the right order for restarting the RAXE500 network?,"Turn off and unplug the modem, turn off the router, start the modem and wait two minutes, then start the router and wait two more minutes."
Q-078,Q-078,4431ab7b-17f3-4bc6-8ee4-691efbcdfdeb:OUTLINE:0dde3e7827c5a595,4431ab7b-17f3-4bc6-8ee4-691efbcdfdeb,netgear-rbk852.pdf,RBK852,Overview > Sync your Orbi satellite with your Orbi router,facts_specifications,"[""1c16631a-253c-55de-96e9-4f70304c9712"", ""fd0ce992-9b7f-58e2-9140-f25a95a0b95b""]",codex_selected_provenance_checked,en,"What do the RBK852 satellite light colors mean, and when should I move or sync it again?","The satellite LED indicates connection quality: blue means a good connection, amber means move the satellite closer, and magenta means move it closer and sync it with the router again. Use the sync procedure after relocating it."
Q-079,Q-079,4431ab7b-17f3-4bc6-8ee4-691efbcdfdeb:OUTLINE:e0e51a7e3dee3e59,4431ab7b-17f3-4bc6-8ee4-691efbcdfdeb,netgear-rbk852.pdf,RBK852,Specify Your Internet Settings > Manage an IPv6 Internet connection > Specify IPv6 Internet connections,facts_specifications,"[""a705dc8c-df43-54a7-96d4-bec53069d331"", ""de3de3b9-79ad-5fbc-9db0-88299436c0c8"", ""bafbe93c-5d33-537b-82ee-2c89ca1550eb""]",codex_selected_provenance_checked,en,How do I choose the RBK852 IPv6 connection type and enter it correctly?,"Open ADVANCED > Advanced > IPv6 and choose Auto Detect when you are unsure, or Auto Config when the ISP uses IPv6 without PPPoE, DHCP, or a fixed setup. If you enter an address, use valid colon-separated hexadecimal groups—no more than eight groups, no group over four characters, and no invalid run of colons—then apply the setting."
Q-080,Q-080,4431ab7b-17f3-4bc6-8ee4-691efbcdfdeb:OUTLINE:1903b33777805e3f,4431ab7b-17f3-4bc6-8ee4-691efbcdfdeb,netgear-rbk852.pdf,RBK852,Specify Your Internet Settings > Manage an IPv6 Internet connection > Set up an IPv6 PPPoE Internet connection,setup_configuration,"[""de3de3b9-79ad-5fbc-9db0-88299436c0c8"", ""acfcfc10-9010-5a5e-9f6c-e4bbbf310479""]",codex_selected_provenance_checked,en,How do I set up an IPv6 connection that uses my provider login on the RBK852?,"Choose IPv6 PPPoE, enter the provider login and optional service name, set DNS/address options, and Apply. Always On reconnects after a drop."
Q-081,Q-081,4431ab7b-17f3-4bc6-8ee4-691efbcdfdeb:OUTLINE:2c0ec2920cd14051,4431ab7b-17f3-4bc6-8ee4-691efbcdfdeb,netgear-rbk852.pdf,RBK852,Control Access to the Internet > Set up security event email notifications,features_security_maintenance_limitations,"[""aee81160-3f45-597d-97ea-c7a1ad45d30a""]",codex_selected_provenance_checked,en,How can the RBK852 email me about security events?,"Enable email notification, enter the email and SMTP details, choose immediate or scheduled alerts, and Apply. Missing email/SMTP values prevent notifications."
Q-082,Q-082,4431ab7b-17f3-4bc6-8ee4-691efbcdfdeb:OUTLINE:55fef29c1f4c52fd,4431ab7b-17f3-4bc6-8ee4-691efbcdfdeb,netgear-rbk852.pdf,RBK852,Specify Network Settings > Manage the WAN preference for Orbi router model RBR860 > Set up Internet port aggregation for Orbi router model RBR860,setup_configuration,"[""695ad5a7-796a-5776-8666-89a1b5d3790d"", ""a6546993-1d1a-5eb2-b616-d7c4995490a6"", ""6bb5767a-39e9-5a45-9bab-e7b9f978ef05""]",codex_selected_provenance_checked,en,"How do I enable WAN aggregation on the RBR860, and how can I switch back to the normal 10G port?","The normal WAN preference uses the 10G Internet port. For aggregation, use a modem that supports LACP, configure aggregation on the modem, select WAN aggregation (10 Gbps + 1 Gbps, LACP) under ADVANCED > Setup > Internet Setup, apply it, and connect the router's 10G Internet port and port 1 to the modem. To revert, select Internet port (10 Gbps) in WAN Preference and apply."
Q-083,Q-083,4431ab7b-17f3-4bc6-8ee4-691efbcdfdeb:OUTLINE:2a664108b43fe7f3,4431ab7b-17f3-4bc6-8ee4-691efbcdfdeb,netgear-rbk852.pdf,RBK852,Specify Network Settings > Manage custom static routes > Set up a static route,features_security_maintenance_limitations,"[""0c1c7d8a-f45e-5523-bea2-3f232a33908c"", ""83b0f8da-6afa-5070-9d44-c12b3b247e8b""]",codex_selected_provenance_checked,en,How can I tell the RBK852 to send traffic to another local network?,"Add a static route with its destination network, mask, and gateway. The gateway must be on the same LAN segment; a single host uses a /32 mask."
Q-084,Q-084,4431ab7b-17f3-4bc6-8ee4-691efbcdfdeb:OUTLINE:3ca2cd659c51d159,4431ab7b-17f3-4bc6-8ee4-691efbcdfdeb,netgear-rbk852.pdf,RBK852,Mantain and Monitor Your Network > Check your Internet bandwidth,facts_specifications,"[""0121bbc3-46f8-588c-b9d6-e7e69974a9fe""]",codex_selected_provenance_checked,en,How do I check my internet speed from the RBK852?,"Open orbilogin.com, choose Speedtest, and select Take a Speedtest to see download and upload speeds."
Q-085,Q-085,4431ab7b-17f3-4bc6-8ee4-691efbcdfdeb:OUTLINE:4961dff6fcaa17d5,4431ab7b-17f3-4bc6-8ee4-691efbcdfdeb,netgear-rbk852.pdf,RBK852,Use OpenVPN to Access Your Network > Use VPN to access your Internet service at home > Block VPN client Internet access in the router,features_security_maintenance_limitations,"[""18c63118-b35b-5dc4-868c-424c36df8576"", ""e8fbf22f-7fac-51cc-8b76-ef68177b1407""]",codex_selected_provenance_checked,en,How do I stop a VPN user on the RBK852 from using my home internet?,"Enable VPN Service, choose Home Network only for clients, and Apply. This keeps VPN clients from using the home internet service."
Q-086,Q-086,4431ab7b-17f3-4bc6-8ee4-691efbcdfdeb:OUTLINE:11e5a031343559ac,4431ab7b-17f3-4bc6-8ee4-691efbcdfdeb,netgear-rbk852.pdf,RBK852,Customize Internet Traffic Rules for Ports > Manage port forwarding to a local server > Set up port forwarding to a local server,features_security_maintenance_limitations,"[""64c7ce15-7a5a-580d-adbe-160bed89ad0b"", ""2f0fbedc-9ef5-5d0f-a5ab-6d155052f839""]",codex_selected_provenance_checked,en,How can I let an outside connection reach a server inside my RBK852 network?,"Give the server a stable local address, create a port-forwarding service with its port and protocol, and Apply."
Q-087,Q-087,4431ab7b-17f3-4bc6-8ee4-691efbcdfdeb:OUTLINE:f67dde43cca3ccc5,4431ab7b-17f3-4bc6-8ee4-691efbcdfdeb,netgear-rbk852.pdf,RBK852,Troubleshooting > Quick tips > Sequence to restart your network,troubleshooting_diagnostics,"[""594cc248-162e-5180-b1f6-243ea1c30a9e"", ""13759793-9afc-595a-9823-db9c83e1289c""]",codex_selected_provenance_checked,en,What is the proper restart order for the RBK852?,"Turn off and unplug the modem, turn off the router, start the modem and wait two minutes, then start the router and wait two more minutes."
Q-088,Q-088,4431ab7b-17f3-4bc6-8ee4-691efbcdfdeb:OUTLINE:3d986da173d7e0d6,4431ab7b-17f3-4bc6-8ee4-691efbcdfdeb,netgear-rbk852.pdf,RBK852,Troubleshooting > Troubleshoot your network using the ping utility > Test the path from your computer to a remote device,troubleshooting_diagnostics,"[""d3189db7-52ee-502f-8466-5dbddbf1c80e"", ""8989f72f-c45f-5a19-b2ce-b190765e7b28""]",codex_selected_provenance_checked,en,How can I test the path from my computer through the RBK852 to another address?,"Run several ping requests from Windows after checking the LAN path. If they fail, check the gateway, network, modem, ISP host name, and MAC settings."
Q-089,Q-089,404fe683-4727-4c53-9c1d-9adf98a793c4:OUTLINE:89ac3ac6d4a7bbea,404fe683-4727-4c53-9c1d-9adf98a793c4,netgear-xr500.pdf,XR500,Hardware Setup > Unpack your router,facts_specifications,"[""3252b308-2ca3-5fec-b98f-6d89b53b5bb2""]",codex_selected_provenance_checked,en,What comes in the XR500 package?,"The package contains the XR500 router, four antennas, its power adapter, and an Ethernet cable."
Q-090,Q-090,404fe683-4727-4c53-9c1d-9adf98a793c4:OUTLINE:8c80cd632556e4e9,404fe683-4727-4c53-9c1d-9adf98a793c4,netgear-xr500.pdf,XR500,Specify Your Internet Settings > Manually set up the Internet connection > Specify an Internet connection without a login,setup_configuration,"[""57de6a0a-7950-51e6-ae2d-6b4a3b64321d"", ""cb248990-463a-5428-8ee2-082f71f0484e""]",codex_selected_provenance_checked,en,How do I set up the XR500 when my provider does not require a login?,"Open Internet Setup, leave the provider-login option set to No, enter any required account or host information, choose IP/DNS/MAC settings, and Apply then test."
Q-091,Q-091,404fe683-4727-4c53-9c1d-9adf98a793c4:OUTLINE:404443cd868cae72,404fe683-4727-4c53-9c1d-9adf98a793c4,netgear-xr500.pdf,XR500,Customize Quality of Service Settings and Optimize Gaming > Manage bandwidth allocation > Prevent network congestion with Anti-Bufferbloat,features_security_maintenance_limitations,"[""87c05b8e-f679-5c99-b655-9b055683ae84"", ""44b909e7-8fcd-5a49-bae0-e2be984df636""]",codex_selected_provenance_checked,en,How does the XR500 help when one device uses too much internet?,Anti-Bufferbloat limits the share of total bandwidth used by heavy devices so other devices have bandwidth and less delay.
Q-092,Q-092,404fe683-4727-4c53-9c1d-9adf98a793c4:OUTLINE:74afed194cd3e540,404fe683-4727-4c53-9c1d-9adf98a793c4,netgear-xr500.pdf,XR500,Customize Quality of Service Settings and Optimize Gaming > Manage traffic prioritization > Prioritize traffic for a device and view prioritization information,features_security_maintenance_limitations,"[""067a1684-73ec-508e-8233-13a8d6b9f430"", ""d9934c94-0789-5258-8d3c-3482e84637b0"", ""3ac82c6c-31ff-53a0-a39c-b5b9db32a00a""]",codex_selected_provenance_checked,en,How does the XR500 help reduce lag when the network is busy?,Traffic prioritization places selected device or service traffic at the front of the queue to reduce lag when the network is busy.
Q-093,Q-093,404fe683-4727-4c53-9c1d-9adf98a793c4:OUTLINE:fb4e7790552c591a,404fe683-4727-4c53-9c1d-9adf98a793c4,netgear-xr500.pdf,XR500,Manage the Router’s Network Settings > Manage reserved LAN IP addresses > Change a reserved IP address,features_security_maintenance_limitations,"[""b76b2605-ab8e-5508-90b0-0cc46974fc3e"", ""e3bace6b-5d07-5dcc-8041-f1933c6cd04f""]",codex_selected_provenance_checked,en,How can I change a reserved local address on the XR500?,"Select the reserved-address entry, edit it, Apply on Address Reservation, and Apply again on LAN Setup."
Q-094,Q-094,404fe683-4727-4c53-9c1d-9adf98a793c4:OUTLINE:2a1f86ae07dbb7ba,404fe683-4727-4c53-9c1d-9adf98a793c4,netgear-xr500.pdf,XR500,Manage the Router’s WiFi Settings > Configure WPA/WPA2 enterprise WiFi security,features_security_maintenance_limitations,"[""0af88c60-337f-5b55-8e8b-e2b07f800616"", ""e8550a88-ca9e-5dc2-8bb3-4dd7ff222c8d""]",codex_selected_provenance_checked,en,What do I need for business-style Wi-Fi security on the XR500?,Enterprise Wi-Fi security requires access to a RADIUS server. Use a wired connection while changing the main Wi-Fi settings.
Q-095,Q-095,404fe683-4727-4c53-9c1d-9adf98a793c4:OUTLINE:9605907c7bf37548,404fe683-4727-4c53-9c1d-9adf98a793c4,netgear-xr500.pdf,XR500,Share USB Storage Devices Attached to the Router > Approve USB devices,features_security_maintenance_limitations,"[""2cc3db60-d462-5d2e-8bb3-212863e51abf"", ""7b507311-06c1-518a-b57f-17ce47a7dc19"", ""dee55ef8-729a-51e5-9b1c-29cce4910ea6""]",codex_selected_provenance_checked,en,How can I allow only approved USB devices on the XR500?,"Open USB Settings, choose Approved Devices, select a device from the available list, and confirm the change."
Q-096,Q-096,404fe683-4727-4c53-9c1d-9adf98a793c4:OUTLINE:6096909eb580ff0a,404fe683-4727-4c53-9c1d-9adf98a793c4,netgear-xr500.pdf,XR500,Use Dynamic DNS to Access USB Storage Devices Through the Internet > Access USB storage devices through the Internet > Set up FTP access through the Internet,features_security_maintenance_limitations,"[""84bf0b6c-a37f-5a99-920b-d730b0c58307"", ""c929ed63-79dc-5933-9d6f-91e772c5b4d1"", ""1d4788df-374d-52e0-a31b-c406a91abfcc"", ""9c7f8f5e-dadb-5ed0-b8be-baa2f11349a8""]",codex_selected_provenance_checked,en,How do I make XR500 USB storage available from outside home using FTP?,"Connect a USB storage device and enable FTP access over the Internet in Settings > USB Storage > ReadySHARE Storage; limit read and write access to the accounts you intend to use. From a remote computer, connect with the router's DDNS name or Internet-port IP address, then use FTP to reach the shared files. The FTP-use page applies the configured folder permissions."
Q-097,Q-097,404fe683-4727-4c53-9c1d-9adf98a793c4:OUTLINE:3dba8dc2dd4b2305,404fe683-4727-4c53-9c1d-9adf98a793c4,netgear-xr500.pdf,XR500,Use Dynamic DNS to Access USB Storage Devices Through the Internet > Access USB storage devices through the Internet > Use FTP to access storage devices through the Internet,features_security_maintenance_limitations,"[""1d4788df-374d-52e0-a31b-c406a91abfcc"", ""9c7f8f5e-dadb-5ed0-b8be-baa2f11349a8""]",codex_selected_provenance_checked,en,How can I access XR500 USB files from another computer?,"Set up FTP over the internet, then use a browser or FTP client with the router's internet address or DDNS name and an allowed account."
Q-098,Q-098,404fe683-4727-4c53-9c1d-9adf98a793c4:OUTLINE:65bda46f8a067355,404fe683-4727-4c53-9c1d-9adf98a793c4,netgear-xr500.pdf,XR500,Use OpenVPN to Access Your Network > Install OpenVPN software on a VPN client > Install OpenVPN software on an Android device,features_security_maintenance_limitations,"[""6456b41d-491e-536d-beda-6bac85f1de0f"", ""65a39d84-6b18-50df-b32a-a7d46fbe2cfc""]",codex_selected_provenance_checked,en,How do I set up the XR500 OpenVPN connection on an Android phone?,"Enable and configure OpenVPN on the XR500 before downloading client files. On Android, install OpenVPN Connect from Google Play, open the router's VPN Service page, make sure the service is enabled, download the Smart Phone configuration package, and import the .ovpn file into OpenVPN Connect."
Q-099,Q-099,404fe683-4727-4c53-9c1d-9adf98a793c4:OUTLINE:f34b65066a692479,404fe683-4727-4c53-9c1d-9adf98a793c4,netgear-xr500.pdf,XR500,Use VPN to Access An External Network > Enable the VPN client in the router and connect to a VPN server,features_security_maintenance_limitations,"[""407577d5-49e8-5bff-a6c1-3ed073e77654"", ""647b4f2b-f7e4-59a8-95e7-2b8309f75418"", ""36995834-66ad-5975-9724-aa9f228f5502""]",codex_selected_provenance_checked,en,What do I need to use the XR500 as a VPN client with a commercial provider?,"In this setup the XR500 is the VPN client and the external provider is the VPN server, so devices on the router can use that encrypted connection. You need the provider's license and login details. In Settings > Advanced Settings > VPN Client, enable the client, choose the provider, protocol, country, and city, enter the credentials, and select Connect."
Q-100,Q-100,404fe683-4727-4c53-9c1d-9adf98a793c4:OUTLINE:dd5db5544af2935a,404fe683-4727-4c53-9c1d-9adf98a793c4,netgear-xr500.pdf,XR500,Manage and Customize Internet Traffic Rules for Ports > Manage port triggering for services and applications > Add a port triggering service or application,features_security_maintenance_limitations,"[""1e648057-fab4-582c-abb2-c775e2d3301f"", ""75118c37-2376-50c5-b907-2ae6d10da16e"", ""64c16e90-13ba-5c5f-aff7-eb4db090d3b9""]",codex_selected_provenance_checked,en,"What is port triggering, and how do I configure it for an app on the XR500?","Port triggering dynamically opens inbound ports after an application sends traffic, unlike fixed port forwarding. In Settings > Advanced Settings > Port Triggering, choose Add Service, enter the service name, user scope, protocols, triggering port, and inbound range, and apply it. Then clear Disable Port Triggering, set an optional timeout up to 9999 minutes, and apply again."
Q-101,Q-001,7b2e79c5-ed95-43f3-bb4b-e882e3bfeefa:OUTLINE:e271e0b47a14e4d5,7b2e79c5-ed95-43f3-bb4b-e882e3bfeefa,netgear-cm2000.pdf,CM2000,Hardware Setup > Rear Panel,facts_specifications,"[""833c7618-7c73-5ea3-aaf6-5f74eae69f52"", ""724d26e2-ed75-5043-b025-de4c01da0714""]",codex_selected_provenance_checked,id,Apa yang perlu saya ketahui tentang kontrol belakang dan lampu depan CM2000 saat menyiapkannya?,"Panel belakang memiliki tombol Reset, port Ethernet, port kabel koaksial, dan konektor daya DC. Menahan Reset minimal tujuh detik mengembalikan modem ke setelan pabrik. LED depan menunjukkan status daya dan koneksi, sehingga dapat digunakan untuk memastikan modem menyala dan terhubung."
Q-102,Q-002,7b2e79c5-ed95-43f3-bb4b-e882e3bfeefa:OUTLINE:7cd40e7c102d4666,7b2e79c5-ed95-43f3-bb4b-e882e3bfeefa,netgear-cm2000.pdf,CM2000,Hardware Setup > Label,facts_specifications,"[""724d26e2-ed75-5043-b025-de4c01da0714"", ""b9899548-cfa5-5bb4-8284-7d82e663abd1""]",codex_selected_provenance_checked,id,Di mana saya dapat menemukan informasi pada label CM2000 dan mengenali sambungan belakang yang diperlukan?,"Label mencantumkan informasi login, alamat MAC, dan nomor seri. Pada panel belakang terdapat tombol Reset, port Ethernet, port koaksial, dan konektor daya DC; gunakan port Ethernet untuk aktivasi atau menghubungkan router setelahnya."
Q-103,Q-003,7b2e79c5-ed95-43f3-bb4b-e882e3bfeefa:OUTLINE:4b622d7b00d4e652,7b2e79c5-ed95-43f3-bb4b-e882e3bfeefa,netgear-cm2000.pdf,CM2000,Hardware Setup > Install and Activate Your Cable Modem > Connect Your Cable Modem to a Router After Installation and Activation,setup_configuration,"[""bc51c3d9-60e7-5b90-b7fc-8c8f3c0a3a6d"", ""3d9321dd-db92-5587-9b08-a34e736a627e"", ""4270da4c-a5fb-5ae4-a513-fd42dc41cfbb"", ""8ed480ba-e35c-5a7d-85ba-ad748ae7732c"", ""8fd1b794-0507-59d3-88fa-2209736ef6da""]",codex_selected_provenance_checked,id,"Apa yang perlu dilakukan pada CM2000 baru, mulai dari menghubungkan komputer dan mengaktifkan layanan hingga menghubungkan router dan memeriksa kecepatan?","CM2000 menghubungkan layanan penyedia ke komputer atau router. Hubungkan komputer ke modem, siapkan informasi akun penyedia dan modem, lalu aktifkan layanan. Setelah aktif, nyalakan ulang modem, hubungkan port Ethernet ke port WAN/Internet router, nyalakan router, dan hubungkan komputer ke router. Terakhir, jalankan uji kecepatan penyedia dan hubungi penyedia jika hasilnya di bawah paket."
Q-104,Q-004,7b2e79c5-ed95-43f3-bb4b-e882e3bfeefa:OUTLINE:98f6c2f591f61009,7b2e79c5-ed95-43f3-bb4b-e882e3bfeefa,netgear-cm2000.pdf,CM2000,Manage Your Network > Change the admin password,setup_configuration,"[""04fa120c-f70a-5771-82d0-525c222814e1"", ""4cb893dc-21bd-5b88-92cb-a874cd79e74e"", ""0de5a970-8b6a-5e57-ba98-6f57671a841c""]",codex_selected_provenance_checked,id,"Setelah penyiapan, bagaimana cara masuk ke CM2000 dan mengubah kata sandi administratornya?","Penggunaan normal tidak memerlukan login, tetapi masuklah saat perlu mengubah pengaturan. Hubungkan perangkat ke modem, buka http://192.168.100.1, lalu masuk sebagai admin dengan kata sandi pada label produk. Pilih ADVANCED > Administration > Set Password, masukkan kata sandi lama dan baru dua kali, lalu terapkan kata sandi aman sepanjang 6–32 karakter."
Q-105,Q-005,7b2e79c5-ed95-43f3-bb4b-e882e3bfeefa:OUTLINE:6a53389304868c8b,7b2e79c5-ed95-43f3-bb4b-e882e3bfeefa,netgear-cm2000.pdf,CM2000,Manage Your Network > View cable modem initialization,facts_specifications,"[""eb2ebf98-481f-54be-b4a3-56ea1bdf5749"", ""89ec02e1-535c-52f6-9162-6966ecfbb9c3""]",codex_selected_provenance_checked,id,Bagaimana saya tahu bahwa CM2000 sudah selesai menyala?,"Modem memindai frekuensi, menyiapkan kanal, mendapatkan alamat WAN, lalu tersambung ke internet. Statusnya dapat dilihat di Cable Connection pada bagian Startup Procedure dan channel."
Q-106,Q-006,7b2e79c5-ed95-43f3-bb4b-e882e3bfeefa:OUTLINE:922aff4d97250b1a,7b2e79c5-ed95-43f3-bb4b-e882e3bfeefa,netgear-cm2000.pdf,CM2000,Manage Your Network > Reset the cable modem to factory default settings > Use the factory reset software button,troubleshooting_diagnostics,"[""32161388-87c1-53c5-9f08-9867bf5baeb1"", ""62f9a09d-d5a8-5805-8b92-4d0be62383ce""]",codex_selected_provenance_checked,id,"Bagaimana cara mereset CM2000 dari halaman web, dan apa yang terjadi setelahnya?","Masuk di http://192.168.100.1, buka tab ADVANCED, pilih Factory reset, konfirmasi dengan OK, dan jangan mengganggu modem saat melakukan boot ulang. Reset menghapus pengaturan yang dibuat dan memerlukan sekitar satu menit; setelahnya kata sandi kembali ke yang ada pada label produk dan alamat LAN adalah 192.168.100.1."
Q-107,Q-007,7b2e79c5-ed95-43f3-bb4b-e882e3bfeefa:OUTLINE:25d276b399cc0e63,7b2e79c5-ed95-43f3-bb4b-e882e3bfeefa,netgear-cm2000.pdf,CM2000,Manage Your Network > Reset the cable modem to factory default settings > Use the reset button on the back panel,troubleshooting_diagnostics,"[""32161388-87c1-53c5-9f08-9867bf5baeb1"", ""c5c4c17f-c329-5b9c-837f-7d33e641682f""]",codex_selected_provenance_checked,id,"Bagaimana cara mereset CM2000 dengan tombol saat halaman web tidak dapat digunakan, dan apa yang terjadi setelahnya?","Di bagian belakang CM2000, tekan dan tahan tombol Reset dengan penjepit kertas yang diluruskan sampai modem melakukan boot ulang. Tindakan ini menghapus pengaturan yang dibuat dan memerlukan sekitar satu menit. Kata sandi kembali ke nilai pada label produk dan alamat LAN tetap 192.168.100.1."
Q-108,Q-008,7b2e79c5-ed95-43f3-bb4b-e882e3bfeefa:OUTLINE:a071a10fef9360ce,7b2e79c5-ed95-43f3-bb4b-e882e3bfeefa,netgear-cm2000.pdf,CM2000,Troubleshooting > Cannot log in to the cable modem,troubleshooting_diagnostics,"[""a88667b7-b299-50cb-9f9c-7ca1197494a0"", ""85bd9c8e-a264-5649-acbc-73648b7ce861"", ""5127b280-fd0a-571f-ab9a-f66bb57d3f73""]",codex_selected_provenance_checked,id,Apa yang perlu saya periksa saat tidak bisa masuk ke CM2000 atau mengakses internet?,"Mulai dari LED modem dan pastikan daya serta koneksi online terlihat normal. Kemudian periksa kabel Ethernet, dukungan browser, mulai ulang browser, nama admin dengan huruf kecil, Caps Lock, dan rentang alamat komputer 192.168.100.2–192.168.100.254. Jika LED Online putih tetapi Internet tetap tidak berfungsi, pastikan alamat MAC modem terdaftar pada penyedia."
Q-109,Q-009,7b2e79c5-ed95-43f3-bb4b-e882e3bfeefa:OUTLINE:b934612f8b7cd99e,7b2e79c5-ed95-43f3-bb4b-e882e3bfeefa,netgear-cm2000.pdf,CM2000,Supplemental Information > Technical Specifications,facts_specifications,"[""aaab89bf-432b-54b0-8b19-e4aba634a9a7"", ""88695618-cf2a-5bf0-9a58-da1167d8f0c6""]",codex_selected_provenance_checked,id,Apa spesifikasi utama dan setelan bawaan pabrik CM2000?,"CM2000 memakai adaptor 110–120 V, 47–60 Hz dengan keluaran 12 VDC/1,5 A, berukuran 6,8 × 3,7 × 8,2 inci, berbobot sekitar 1,02 lb, serta memiliki port Ethernet 2,5 Gbps dan konektor koaksial. Login bawaannya adalah http://192.168.100.1 dengan nama pengguna admin dan kata sandi pada label produk."
Q-110,Q-010,398c0bb9-3253-4629-a5ed-18f51d9fb36b:OUTLINE:9238290c613deeba,398c0bb9-3253-4629-a5ed-18f51d9fb36b,netgear-lm1200.pdf,LM1200,Introduction and Hardware Overview > Install the Nano SIM Card,setup_configuration,"[""6f0c387b-1f88-5053-ab87-88c4b71a3cea"", ""37f50132-32d9-5fb0-a62d-366e401ac417""]",codex_selected_provenance_checked,id,Bagaimana cara memasang nano SIM LM1200 pada slot yang benar?,"Dapatkan nano-SIM dari penyedia seluler, matikan modem, letakkan modem mendatar dengan bagian bawah menghadap Anda, lalu masukkan kartu perlahan ke slot nano-SIM pada diagram panel belakang. Panel yang sama juga memuat sambungan antena, Ethernet Gigabit, reset, dan daya."
Q-111,Q-011,398c0bb9-3253-4629-a5ed-18f51d9fb36b:OUTLINE:48e34928377b828f,398c0bb9-3253-4629-a5ed-18f51d9fb36b,netgear-lm1200.pdf,LM1200,"Get Started > Connect a Computer, Switch, Hub, Router, or WiFi Router to the Modem > Connect a Computer to the LAN Port of the Modem",setup_configuration,"[""36789817-932f-55f7-9c50-bb45d2df0cbe"", ""bac92cce-e737-5536-b2ae-ea8ce3d6c37d""]",codex_selected_provenance_checked,id,Bagaimana cara menghubungkan komputer atau router ke port LAN LM1200?,"Gunakan kabel Ethernet yang disertakan. Untuk komputer, hubungkan satu ujung ke komputer dan ujung lainnya ke port LAN Ethernet Gigabit modem. Untuk router, hubungkan port Ethernet atau Internet router ke port LAN modem yang sama."
Q-112,Q-012,398c0bb9-3253-4629-a5ed-18f51d9fb36b:OUTLINE:38b50e33ee1e7189,398c0bb9-3253-4629-a5ed-18f51d9fb36b,netgear-lm1200.pdf,LM1200,Manage the Modem LAN Settings > Change the DHCP Server Settings,setup_configuration,"[""7a457e5c-aa3c-5b7f-8670-bd1a2011d57a"", ""fa675707-eec3-5dae-b80f-46a21238adcf""]",codex_selected_provenance_checked,id,Bagaimana cara memilih mode jaringan LM1200 dan mengatur alamat yang diberikannya ke perangkat?,Gunakan Router mode ketika modem harus menyediakan alamat NAT dan DHCP untuk beberapa perangkat; pengaturan DHCP dapat diubah di 192.168.5.1. Gunakan Bridge mode ketika router atau switch yang terhubung menangani jaringan; mode ini meneruskan koneksi dan tidak menyediakan layanan DHCP bawaan yang sama.
Q-113,Q-013,398c0bb9-3253-4629-a5ed-18f51d9fb36b:OUTLINE:88b9a28663a8f104,398c0bb9-3253-4629-a5ed-18f51d9fb36b,netgear-lm1200.pdf,LM1200,Manage the Mobile Broadband Connection > Manually Connect to or Disconnect From the Mobile Broadband Network,setup_configuration,"[""44157573-a57c-5a85-a69b-05c25c03dc6a"", ""cf1f57e0-473a-57f3-8d91-a52b0070e80b""]",codex_selected_provenance_checked,id,Bagaimana cara memilih koneksi jaringan seluler otomatis atau manual pada LM1200?,"Di Settings > Mobile > Preferences, pilih Never untuk koneksi manual, Always except when roaming, atau Always untuk koneksi otomatis, lalu kirim pengaturan. Dalam mode manual, buka dashboard dan pilih Connect atau Disconnect sesuai kebutuhan. Opsi Always dapat menimbulkan biaya roaming di luar jangkauan penyedia."
Q-114,Q-014,398c0bb9-3253-4629-a5ed-18f51d9fb36b:OUTLINE:86696f313ad41e44,398c0bb9-3253-4629-a5ed-18f51d9fb36b,netgear-lm1200.pdf,LM1200,Secure Your Network > Manage Port Forwarding for Incoming Traffic > Remove a Service or Application for Port Forwarding,troubleshooting_diagnostics,"[""441256a8-38c5-5b89-952a-c44f2cd29e77"", ""72dd6f50-8da8-5970-b90b-3a0719762e64""]",codex_selected_provenance_checked,id,"Bagaimana cara mengelola aturan port forwarding di LM1200, termasuk layanan yang dituju?","Sebelum menambahkan aturan, cari port dan protokol layanan tersebut dan ingat bahwa port forwarding membuka perangkat dari luar, sehingga sebaiknya dinonaktifkan jika tidak diperlukan. Di Settings > Advanced > Port Forwarding, tambahkan layanan dengan nilai tersebut atau pilih tanda x di samping layanan yang ada untuk menghapusnya."
Q-115,Q-015,398c0bb9-3253-4629-a5ed-18f51d9fb36b:OUTLINE:f8bc4360594722fe,398c0bb9-3253-4629-a5ed-18f51d9fb36b,netgear-lm1200.pdf,LM1200,Secure Your Network > Manage SIM Card Security > Disable SIM Card Security,features_security_maintenance_limitations,"[""84875d88-f82a-5d68-88f2-2d33684ebeb7"", ""57b408ca-cdf1-5548-8faa-d0fbf7a09889"", ""eb06abbc-3f74-5ddc-bfd6-17572beb2155"", ""f06eeb80-8260-5ab3-b32e-10d527e746ba""]",codex_selected_provenance_checked,id,"Bagaimana cara mengelola keamanan SIM LM1200 dengan aman, termasuk mengubah PIN dan memulihkan SIM yang terblokir?","Keamanan SIM memerlukan PIN sebelum modem dapat terhubung. Jika aktif, ubah PIN dengan hati-hati dan nonaktifkan keamanan hanya dengan PIN yang benar bila tidak diperlukan lagi. Terlalu banyak percobaan salah dapat memblokir SIM; minta PUK dari penyedia lalu gunakan prosedur pembukaan blokir."
Q-116,Q-016,398c0bb9-3253-4629-a5ed-18f51d9fb36b:OUTLINE:65329abb6d0ed1e0,398c0bb9-3253-4629-a5ed-18f51d9fb36b,netgear-lm1200.pdf,LM1200,Manage the Modem and Monitor Usage and the Network > View Monthly Data and Session Data Usage,facts_specifications,"[""7e1a62c7-f256-5d08-a456-a62949c30491"", ""0ccb8b69-decb-5c77-9ef9-18e520716b11""]",codex_selected_provenance_checked,id,Apa arti angka pemakaian data bulanan dan sesi saat ini di LM1200?,Pemakaian bulanan dihitung sejak awal siklus tagihan dan direset pada siklus berikutnya. Pemakaian sesi menghitung koneksi saat ini dan direset setiap sesi.
Q-117,Q-017,398c0bb9-3253-4629-a5ed-18f51d9fb36b:OUTLINE:623d8b68d20208e6,398c0bb9-3253-4629-a5ed-18f51d9fb36b,netgear-lm1200.pdf,LM1200,Frequently Asked Questions > How do I access the modem’s web pages?,facts_specifications,"[""43434cb0-0be2-5d97-be19-dfb7256b7c44""]",codex_selected_provenance_checked,id,Di mana petunjuk untuk membuka pengaturan LM1200?,"Petunjuknya ada pada bagian Access the Modem’s Web Pages for the First Time, halaman 19."
Q-118,Q-018,398c0bb9-3253-4629-a5ed-18f51d9fb36b:OUTLINE:6359ba84b27768d6,398c0bb9-3253-4629-a5ed-18f51d9fb36b,netgear-lm1200.pdf,LM1200,Alerts and Troubleshooting > Quick Tips for Troubleshooting,troubleshooting_diagnostics,"[""ecb1143f-6095-5459-b965-f4eca8e4245c"", ""82ef2627-a58c-55ae-ab74-3f865a33e979""]",codex_selected_provenance_checked,id,Apa yang perlu saya periksa saat LM1200 tidak terhubung dan menampilkan peringatan?,"Periksa jangkauan seluler, akun yang aktif, posisi SIM, dan PIN SIM jika keamanannya aktif. Baca juga tabel peringatan: pesan seperti SIM Not Installed atau SIM Error mengarah pada pemeriksaan ulang SIM atau menghubungi penyedia. Untuk koneksi kabel, periksa kabel Ethernet dan pengaturan alamat DHCP."
Q-119,Q-019,398c0bb9-3253-4629-a5ed-18f51d9fb36b:OUTLINE:540f7aed0e05d214,398c0bb9-3253-4629-a5ed-18f51d9fb36b,netgear-lm1200.pdf,LM1200,Alerts and Troubleshooting > Troubleshoot the Mobile Broadband Internet Connection > Obtain an Internet IP Address From Your Service Provider,troubleshooting_diagnostics,"[""6f442d4b-b8ba-5fe7-b4e9-9e90463dc194"", ""683f18e6-f7fd-592e-8623-35a7300f6294""]",codex_selected_provenance_checked,id,Bagaimana cara memulihkan koneksi internet LM1200 saat perangkat belum menerima alamat?,"Jika alamat IP Internet adalah 0.0.0.0, periksa apakah profil APN tersedia lalu matikan dan nyalakan kembali modem. Jika modem sudah memiliki IP tetapi halaman tetap tidak terbuka, periksa batas data bulanan dan DNS komputer, lalu hubungi penyedia bila perlu."
Q-120,Q-020,d363d52d-99b4-4258-9e83-eca4fbdf4722:OUTLINE:d0ee27b3b2631033,d363d52d-99b4-4258-9e83-eca4fbdf4722,netgear-r6350.pdf,R6350,Specify Your Internet Settings > Manually set up the Internet connection > Specify an Internet connection that uses a login and PPPoE service,troubleshooting_diagnostics,"[""dbca2b5a-8673-5396-be6d-051cb0b860c4"", ""1190a45f-877b-5cd2-a8d9-5ab1c390c374""]",codex_selected_provenance_checked,id,Bagaimana cara mengatur koneksi internet R6350 yang memerlukan nama pengguna dan kata sandi dari provider?,"Buka routerlogin.net, pilih Internet dan opsi login PPPoE, masukkan username/password provider, lalu Apply dan Test."
Q-121,Q-021,d363d52d-99b4-4258-9e83-eca4fbdf4722:OUTLINE:d330686b16c734af,d363d52d-99b4-4258-9e83-eca4fbdf4722,netgear-r6350.pdf,R6350,Specify Your Internet Settings > Specify IPv6 Internet connections > Set up an IPv6 6to4 tunnel Internet connection,troubleshooting_diagnostics,"[""b60ce24d-2b57-52a7-93ab-556a06485338"", ""ad49e55f-a53b-5c41-8bf1-a36c022c9b3b""]",codex_selected_provenance_checked,id,Apa yang perlu diperiksa sebelum menyiapkan koneksi IPv6 6to4 pada R6350?,"Pastikan koneksi Internet IPv4 router berfungsi terlebih dahulu. Di ADVANCED > Advanced Setup > IPv6, pilih 6to4 Tunnel, pilih relay otomatis atau statis, atur DNS dan penetapan alamat, lalu terapkan. Masukkan nilai IPv6 dengan kelompok heksadesimal yang dipisahkan titik dua secara valid: maksimal delapan kelompok, maksimal empat karakter heksadesimal per kelompok, dan tidak ada rangkaian titik dua berlebih."
Q-122,Q-022,d363d52d-99b4-4258-9e83-eca4fbdf4722:OUTLINE:fac12b6c6fd62dc2,d363d52d-99b4-4258-9e83-eca4fbdf4722,netgear-r6350.pdf,R6350,Specify Your Internet Settings > Manage the MTU size > Change the MTU size,troubleshooting_diagnostics,"[""aba5c3ef-7a47-5a71-bbb4-2da2cc9d65dc"", ""ae418564-dba4-5258-bb5b-731e4c45585d"", ""d4e1d4fc-7655-51fc-8d81-af75a4b11734""]",codex_selected_provenance_checked,id,Bagaimana menentukan apakah MTU R6350 perlu diubah dan menerapkan nilai yang aman?,"MTU adalah ukuran paket terbesar yang dikirim perangkat. Biarkan nilai bawaan kecuali penyedia atau dukungan menyarankan perubahan, karena fragmentasi atau nilai salah dapat memblokir situs dan layanan aman. Jika perlu, buka ADVANCED > Setup > WAN Setup, masukkan 64–1500, lalu terapkan; 1500 umum untuk Ethernet, 1492 untuk PPPoE, dan 1436 untuk PPTP atau VPN."
Q-123,Q-023,d363d52d-99b4-4258-9e83-eca4fbdf4722:OUTLINE:f870b0410fe0711a,d363d52d-99b4-4258-9e83-eca4fbdf4722,netgear-r6350.pdf,R6350,Optimize Performance > Manage Default and Custom QoS Rules > Remove a QoS Rule,troubleshooting_diagnostics,"[""8eefd80d-9f8a-5850-b82e-4aef51283405"", ""31b5dd16-326a-5e79-817f-c2585e0248a2""]",codex_selected_provenance_checked,id,Bagaimana cara menghapus aturan prioritas kecepatan di R6350?,"Buka ADVANCED > Setup > QoS Setup, pilih aturan pada tabel, tekan Delete, lalu Apply."
Q-124,Q-024,d363d52d-99b4-4258-9e83-eca4fbdf4722:OUTLINE:8ea5c049a8abf47b,d363d52d-99b4-4258-9e83-eca4fbdf4722,netgear-r6350.pdf,R6350,Share USB Storage Devices Attached to the Router > Manage Access to a Storage Device,setup_configuration,"[""0528f0b9-15e5-5482-9a68-0f02d2d61d68"", ""b510a03e-68c2-5e3f-a341-c16e7b2390d0""]",codex_selected_provenance_checked,id,Bagaimana cara membagikan berkas dari USB pada R6350 melalui jaringan?,"Di ADVANCED > USB Storage > ReadySHARE, atur detail perangkat penyimpanan dan workgroup, lalu pilih metode akses yang diperlukan. Jika akses transfer berkas dibutuhkan, buka pengaturan ReadySHARE yang sama dan aktifkan FTP di dalam jaringan, lalu terapkan."
Q-125,Q-025,d363d52d-99b4-4258-9e83-eca4fbdf4722:OUTLINE:902cbde304aea84b,d363d52d-99b4-4258-9e83-eca4fbdf4722,netgear-r6350.pdf,R6350,Share USB Storage Devices Attached to the Router > Edit a network folder on a USB storage device,setup_configuration,"[""4a519d38-1c5f-5662-bdb7-489bcabcd987"", ""12d6aaad-d982-5f95-8b7d-63ba7706aba5""]",codex_selected_provenance_checked,id,Bagaimana cara mengedit folder USB yang dibagikan di R6350 dan tetap membuatnya tersedia di jaringan?,"Di ADVANCED > USB Storage > ReadySHARE, tambahkan folder jaringan jika belum ada, atau pilih folder yang ada lalu pilih Edit. Atur nama, lokasi folder, dan akses baca/tulis, kemudian klik Apply agar folder yang diperbarui tetap tersedia."
Q-126,Q-026,d363d52d-99b4-4258-9e83-eca4fbdf4722:OUTLINE:c27c0cf701a42141,d363d52d-99b4-4258-9e83-eca4fbdf4722,netgear-r6350.pdf,R6350,Manage the WAN and LAN Network Settings > Manage VPN Pass-Through,facts_specifications,"[""3fbed70d-f242-5a78-90cc-f0f2674fe5f7""]",codex_selected_provenance_checked,id,Apa fungsi VPN pass-through di R6350?,VPN pass-through memungkinkan komputer di rumah menerima lalu lintas VPN dari internet. Fitur ini aktif secara default dan tiap protokol bisa dimatikan.
Q-127,Q-027,d363d52d-99b4-4258-9e83-eca4fbdf4722:OUTLINE:5283c300a58533cf,d363d52d-99b4-4258-9e83-eca4fbdf4722,netgear-r6350.pdf,R6350,Manage the WAN and LAN Network Settings > Set Up a Bridge for a Port Group or VLAN Tag Group > Set Up a Bridge for a Port Group,setup_configuration,"[""0c80bfa0-c243-53e3-8ba1-8ef14df71c4b"", ""92de127d-5c3f-5d2a-a801-234fc3e5b014""]",codex_selected_provenance_checked,id,Mengapa perangkat TV saya mungkin membutuhkan pengaturan bridge khusus di R6350?,Provider internet mungkin meminta bridge khusus saat perangkat IPTV terhubung agar lalu lintasnya tidak diproses NAT router.
Q-128,Q-028,d363d52d-99b4-4258-9e83-eca4fbdf4722:OUTLINE:759d64cd684a03d3,d363d52d-99b4-4258-9e83-eca4fbdf4722,netgear-r6350.pdf,R6350,Manage Your Router > Update the router firmware > Check for new firmware and update the router,troubleshooting_diagnostics,"[""2a3ade55-f893-5d78-8ead-3ff6b3d197c7"", ""82763a83-8a87-5a86-ac3a-cd78e0a68d0f""]",codex_selected_provenance_checked,id,"Bagaimana cara memperbarui firmware R6350 dengan aman, termasuk pemulihan manual bila diperlukan?","Gunakan komputer yang terhubung melalui Ethernet dan periksa pembaruan di ADVANCED > Administration > Firmware Update. Jika pembaruan otomatis gagal atau Anda memerlukan versi tertentu, unduh berkas yang benar, ekstrak jika perlu, lalu gunakan opsi unggah manual dengan koneksi kabel tetap aktif."
Q-129,Q-029,d363d52d-99b4-4258-9e83-eca4fbdf4722:OUTLINE:c406dcd0d505ed73,d363d52d-99b4-4258-9e83-eca4fbdf4722,netgear-r6350.pdf,R6350,Manage Your Router > Disable or Enable LED Blinking or Turn Off LEDs,features_security_maintenance_limitations,"[""5a7fc3bd-5bd0-57b2-944d-5a981598dcf7""]",codex_selected_provenance_checked,id,Apakah saya bisa mengubah cara lampu indikator R6350 berkedip?,"LED Control Settings dapat mempertahankan kedipan normal, mematikan kedipan lalu lintas, atau mematikan semua LED selain Power."
Q-130,Q-030,d363d52d-99b4-4258-9e83-eca4fbdf4722:OUTLINE:aaa110d73c5ebaf9,d363d52d-99b4-4258-9e83-eca4fbdf4722,netgear-r6350.pdf,R6350,Use VPN to Access Your Network > Install OpenVPN software > Install OpenVPN Software on an Android Device,setup_configuration,"[""e466a3e1-89df-5cd9-a452-cf16fb5080f5"", ""006d8e6b-77f6-54fa-826b-6d417979808f""]",codex_selected_provenance_checked,id,Bagaimana cara menyiapkan VPN R6350 di ponsel Android dan menghubungkannya ke jaringan rumah?,"Pasang klien VPN dan berkas konfigurasi pada setiap perangkat yang akan memakai koneksi. Di Android, buka halaman VPN router, unduh konfigurasi ponsel, pasang OpenVPN Connect dari Google Play, lalu impor berkas konfigurasi ke aplikasi."
Q-131,Q-031,d363d52d-99b4-4258-9e83-eca4fbdf4722:OUTLINE:6ca762548278f56e,d363d52d-99b4-4258-9e83-eca4fbdf4722,netgear-r6350.pdf,R6350,Troubleshooting > Troubleshoot Internet browsing,troubleshooting_diagnostics,"[""0a3e9e25-c2a0-5ff5-9ea7-dfcd3a28faec"", ""818e0932-f3ff-5602-b5b9-5f1d94d353ed""]",codex_selected_provenance_checked,id,Apa yang perlu saya periksa saat R6350 menyatakan terhubung tetapi saya tidak bisa menjelajah internet?,"Periksa apakah batas traffic meter memblokir akses, apakah komputer memiliki alamat DNS, dan apakah router menjadi gateway bawaan. Periksa juga LED Internet dan LAN serta pasang ulang kabel Ethernet jika LED mati."
Q-132,Q-032,8a56b2bf-5d68-4806-abb7-de39894bb404:OUTLINE:0cc5c443004437fd,8a56b2bf-5d68-4806-abb7-de39894bb404,netgear-r7000.pdf,R7000,Connect to the Network and Access the Router > Connect to the Network > Wired Connection,facts_specifications,"[""cf6a9c70-f40a-521b-8ee5-c0a7ff8c1279"", ""b1147279-285c-50dc-965c-7722351f3563""]",codex_selected_provenance_checked,id,Bagaimana cara menghubungkan R7000 ke jaringan melalui kabel atau Wi-Fi?,"Untuk koneksi kabel, nyalakan router lalu hubungkan kabel Ethernet dari komputer ke port LAN router. Untuk Wi-Fi, cari SSID yang tercetak pada label router dan masukkan kata sandi Wi-Fi dari label tersebut."
Q-133,Q-033,8a56b2bf-5d68-4806-abb7-de39894bb404:OUTLINE:615f1a78bd39eb84,8a56b2bf-5d68-4806-abb7-de39894bb404,netgear-r7000.pdf,R7000,Specify Your Internet Settings > Use the Internet Setup Wizard,setup_configuration,"[""9213a4bb-497e-56d3-be43-8791bb53a54e""]",codex_selected_provenance_checked,id,Bagaimana cara membiarkan R7000 mengatur koneksi internet secara otomatis?,"Masuk ke routerlogin.net, buka ADVANCED > Setup Wizard, pilih Yes dan Next. Wizard akan mencari pengaturan internet yang sesuai."
Q-134,Q-034,8a56b2bf-5d68-4806-abb7-de39894bb404:OUTLINE:f4bd6a547d16c31d,8a56b2bf-5d68-4806-abb7-de39894bb404,netgear-r7000.pdf,R7000,Optimize Performance > Optimize Internet Streaming With Dynamic QoS > Enable Advanced QoS and Manually Set Up QoS Rules > Add a QoS Rule by LAN pot,setup_configuration,"[""3a682a15-e809-5a0b-b646-c75d0c358df0"", ""8aecb252-6293-553d-8e28-ef7b756f0c82""]",codex_selected_provenance_checked,id,Bagaimana cara memberi prioritas kepada satu perangkat atau sambungan kabel saat jaringan sibuk?,"Aktifkan QoS, pilih QoS by LAN Port, buat kebijakan, pilih port dan prioritas perangkat, lalu Add dan Apply."
Q-135,Q-035,8a56b2bf-5d68-4806-abb7-de39894bb404:OUTLINE:08da0d3cf6f7d113,8a56b2bf-5d68-4806-abb7-de39894bb404,netgear-r7000.pdf,R7000,Optimize Performance > Improve Network Connections With Universal Plug-N-Play,facts_specifications,"[""54a5ae0e-dabe-533f-8906-cd65b27661ec""]",codex_selected_provenance_checked,id,Apa fungsi UPnP untuk perangkat dan game di R7000?,UPnP memungkinkan perangkat menemukan layanan dan membuka koneksi otomatis. Fitur ini berguna untuk game online dan komunikasi real-time.
Q-136,Q-036,8a56b2bf-5d68-4806-abb7-de39894bb404:OUTLINE:2b84714e210fd033,8a56b2bf-5d68-4806-abb7-de39894bb404,netgear-r7000.pdf,R7000,Manage Your Router > Check the Internet Connection Status,facts_specifications,"[""0b8cd0d8-1f9c-5c69-886e-06744b09b661"", ""537310b8-39d1-57ca-81f0-ddddc2ad9916""]",codex_selected_provenance_checked,id,Di mana saya dapat memeriksa koneksi internet dan statistik port R7000?,"Masuk ke http://www.routerlogin.net, buka tab ADVANCED, lalu lihat status koneksi Internet untuk nilai IP router, gateway, DHCP, dan DNS. Dari area yang sama, buka Internet Port Statistics untuk memeriksa penghitung dan detail link port."
Q-137,Q-037,8a56b2bf-5d68-4806-abb7-de39894bb404:OUTLINE:42bc10659811af2c,8a56b2bf-5d68-4806-abb7-de39894bb404,netgear-r7000.pdf,R7000,Manage Your Router > Remote Access > Set Up Remote Management,features_security_maintenance_limitations,"[""15938877-47a1-57e0-a802-c88e283ff497"", ""79d677ad-2fef-50d3-92dd-c07a6df0f14e"", ""c63a4385-d5ca-500b-bb85-d656176fdbe2""]",codex_selected_provenance_checked,id,Bagaimana cara mengaktifkan pengelolaan jarak jauh pada R7000 lalu mengaksesnya dari luar rumah dengan aman?,"Pengelolaan jarak jauh memungkinkan perubahan pengaturan router melalui Internet, jadi pastikan alamat router dan login administrator tersedia. Di ADVANCED > Advanced Setup > Remote Management, aktifkan, batasi alamat IP eksternal yang diizinkan, pilih port khusus, lalu terapkan. Dari luar rumah, buka IP WAN diikuti port tersebut, misalnya http://134.177.0.123:8443."
Q-138,Q-038,8a56b2bf-5d68-4806-abb7-de39894bb404:OUTLINE:f79ea7be006eeae3,8a56b2bf-5d68-4806-abb7-de39894bb404,netgear-r7000.pdf,R7000,Manage Your Router > Change the NTP Server,setup_configuration,"[""1c87234f-8aff-560c-8028-20099626deb5"", ""d4980606-c8d1-5aca-adbe-96e35254c9e1""]",codex_selected_provenance_checked,id,Bagaimana cara mengatur jam R7000 agar tetap akurat di berbagai zona waktu?,"Di ADVANCED > Administration > NTP Settings, pilih zona waktu dan opsi daylight saving yang benar, lalu gunakan server NTP NETGEAR atau masukkan server NTP pilihan dan terapkan pengaturan."
Q-139,Q-039,8a56b2bf-5d68-4806-abb7-de39894bb404:OUTLINE:6cca2b13d46fd9ff,8a56b2bf-5d68-4806-abb7-de39894bb404,netgear-r7000.pdf,R7000,Use Dynamic DNS to Access USB Storage Devices Through the Internet > Access USB Storage Devices Through the Internet,features_security_maintenance_limitations,"[""7e090661-6e52-5e1b-9b1e-3efc302a53dd"", ""af255485-98d7-59f8-94db-806fd6280e64""]",codex_selected_provenance_checked,id,Bagaimana cara mengakses berkas pada USB yang terhubung ke R7000 saat berada di luar rumah?,"Aktifkan dan atur Dynamic DNS pada router jika memerlukan nama yang tetap, lalu akses perangkat USB dari komputer jarak jauh menggunakan nama DNS tersebut atau alamat IP port Internet router. FTP dapat digunakan sesuai hak akses folder."
Q-140,Q-040,8a56b2bf-5d68-4806-abb7-de39894bb404:OUTLINE:0fc676a3a4479418,8a56b2bf-5d68-4806-abb7-de39894bb404,netgear-r7000.pdf,R7000,Use Dynamic DNS to Access USB Storage Devices Through the Internet > Remotely Access a USB Device Using ReadyCLOUD > Create a ReadyCLOUD Account,setup_configuration,"[""89cf7641-ad76-514d-a38e-ff036b200250"", ""e2441363-6c2a-53a1-bc5f-70f736213984""]",codex_selected_provenance_checked,id,Bagaimana cara membuat akun ReadyCLOUD dan menghubungkan R7000 ke akun tersebut?,"Kunjungi ReadyCLOUD, pilih Sign In > Create Account, lalu isi kolom akun MyNETGEAR. Setelah itu hubungkan perangkat USB ke R7000, buka halaman pendaftaran ReadyCLOUD, dan daftarkan router dengan akun tersebut."
Q-141,Q-041,8a56b2bf-5d68-4806-abb7-de39894bb404:OUTLINE:fdf9a6339ff3dcd8,8a56b2bf-5d68-4806-abb7-de39894bb404,netgear-r7000.pdf,R7000,Use VPN to Access Your Network > Install OpenVPN Software > Install OpenVPN Software on an iOS Device,setup_configuration,"[""aa1a9020-2d26-56b6-b111-03a8e5731486"", ""0cff8f5c-96b8-5d33-9c11-37f93f8300fb""]",codex_selected_provenance_checked,id,Bagaimana cara menyiapkan VPN R7000 di iPhone atau iPad?,"Pasang klien VPN dan berkas konfigurasi pada setiap perangkat yang akan memakai VPN router. Di iOS, unduh konfigurasi ponsel dari router, pasang OpenVPN Connect dari App Store, lalu impor berkas tersebut ke aplikasi."
Q-142,Q-042,8a56b2bf-5d68-4806-abb7-de39894bb404:OUTLINE:59222463e26d1879,8a56b2bf-5d68-4806-abb7-de39894bb404,netgear-r7000.pdf,R7000,Troubleshooting > Quick Tips > Sequence to Restart Your Network,troubleshooting_diagnostics,"[""f2289449-f54e-5af6-8243-762118ef305b"", ""0840bab1-67d6-5c6c-b00f-e0a82dee63b9""]",codex_selected_provenance_checked,id,Bagaimana cara paling aman memulai ulang jaringan R7000 sambil memeriksa kabelnya?,"Matikan dan cabut modem, matikan router, sambungkan dan nyalakan modem, tunggu dua menit, lalu nyalakan router dan tunggu dua menit lagi. Jika perangkat tetap offline, periksa kekencangan kabel Ethernet serta respons LED Internet dan LAN."
Q-143,Q-043,8a56b2bf-5d68-4806-abb7-de39894bb404:OUTLINE:2be192fda8a4722e,8a56b2bf-5d68-4806-abb7-de39894bb404,netgear-r7000.pdf,R7000,Troubleshooting > Troubleshoot WiFi Connectivity,troubleshooting_diagnostics,"[""33e10a89-cd52-5aa3-a20c-b5fe9e6472da"", ""65aa662f-9473-5c74-b996-74e7f545f09c""]",codex_selected_provenance_checked,id,Apa yang perlu saya periksa lebih dulu saat Wi-Fi R7000 lemah atau tidak muncul?,"Periksa LED Wi-Fi dan tombol WiFi On/Off, lalu pastikan SSID tidak disembunyikan. Selanjutnya pastikan perangkat dan router memakai SSID serta pengaturan keamanan yang sama dan daftar akses nirkabel menyertakan alamat MAC perangkat."
Q-144,Q-044,d69381d0-06ed-49bf-9fe1-6050d9374432:OUTLINE:89ac3ac6d4a7bbea,d69381d0-06ed-49bf-9fe1-6050d9374432,netgear-rax120.pdf,RAX120,Hardware Setup > Unpack your router,facts_specifications,"[""89d399fa-1c1b-5d37-b35a-194ce673ec69""]",codex_selected_provenance_checked,id,Apa saja isi kotak RAX120?,"Kotaknya berisi router, adaptor daya, dan kabel Ethernet."
Q-145,Q-045,d69381d0-06ed-49bf-9fe1-6050d9374432:OUTLINE:4bdaaa28252d41a2,d69381d0-06ed-49bf-9fe1-6050d9374432,netgear-rax120.pdf,RAX120,Connect to the network and access the router > Types of logins,facts_specifications,"[""6af6a140-458c-5188-b116-2f8430c69437"", ""b9937b70-a336-5587-80b2-44b7567807fd""]",codex_selected_provenance_checked,id,"Login RAX120 mana yang digunakan untuk internet, Wi-Fi, akun, atau pengaturan router?","Gunakan login ISP untuk layanan Internet, kunci Wi-Fi untuk masuk ke jaringan nirkabel, akun NETGEAR untuk registrasi dan langganan, serta login administrator router untuk pengaturan. Untuk login administrator, buka http://www.routerlogin.net atau alamat lokal router."
Q-146,Q-046,d69381d0-06ed-49bf-9fe1-6050d9374432:OUTLINE:7dcc6744e0e7954c,d69381d0-06ed-49bf-9fe1-6050d9374432,netgear-rax120.pdf,RAX120,Specify Your Internet Settings > Specify IPv6 Internet connections > Set up an IPv6 pass-through Internet connection,setup_configuration,"[""f02b327f-e424-5fbd-884a-afa982cfba97""]",codex_selected_provenance_checked,id,Apa fungsi IPv6 pass-through di RAX120?,"Pada mode Pass Through, router meneruskan paket IPv6 seperti switch dan tidak memproses header IPv6."
Q-147,Q-047,d69381d0-06ed-49bf-9fe1-6050d9374432:OUTLINE:b393aec4e5f20ee4,d69381d0-06ed-49bf-9fe1-6050d9374432,netgear-rax120.pdf,RAX120,Manage Network Settings > View or change the WAN settings,facts_specifications,"[""304579c0-2505-541b-9272-41a33abdc404""]",codex_selected_provenance_checked,id,Pengaturan koneksi internet mana di RAX120 yang perlu digunakan dengan hati-hati?,"DMZ dapat melemahkan firewall, respons ping WAN sebaiknya hanya untuk diagnosis, dan MTU diubah hanya bila diperlukan. Pengaturan perlindungan DoS, IGMP, NAT, dan SIP juga tersedia."
Q-148,Q-048,d69381d0-06ed-49bf-9fe1-6050d9374432:OUTLINE:43ec202019e41936,d69381d0-06ed-49bf-9fe1-6050d9374432,netgear-rax120.pdf,RAX120,Manage Network Settings > Manage reserved LAN IP addresses > Reserve an IP address,setup_configuration,"[""ebd82415-b17d-5082-8472-3811a168faaf"", ""79da6936-bc1d-53fc-b043-434193a77ba9""]",codex_selected_provenance_checked,id,Bagaimana cara mencadangkan alamat lokal perangkat di RAX120 dan memperbaruinya nanti?,"Di ADVANCED > Setup > LAN Setup, tambahkan alamat MAC perangkat dan IP LAN yang tersedia pada Address Reservation, lalu terapkan. Jika perangkat atau jaringan berubah, pilih reservasi, pilih Edit, ubah nilainya, lalu terapkan kembali; perbarui lease DHCP agar perubahan berlaku."
Q-149,Q-049,d69381d0-06ed-49bf-9fe1-6050d9374432:OUTLINE:8d66e90b801f07f3,d69381d0-06ed-49bf-9fe1-6050d9374432,netgear-rax120.pdf,RAX120,Manage Network Settings > Change the WiFi password or the WiFi security,features_security_maintenance_limitations,"[""88a61bbc-985f-5b34-9830-9632803f359f"", ""0f01b620-ac86-5a3e-bacb-6893a15e210e""]",codex_selected_provenance_checked,id,Bagaimana cara mengamankan Wi-Fi RAX120 tanpa tertukar antara kata sandi Wi-Fi dan administrator?,"Kata sandi Wi-Fi berbeda dari kata sandi administrator. Pertahankan keamanan WPA2/WPA bawaan kecuali ada alasan untuk mengubahnya, dan gunakan SSID serta kunci jaringan pada label router untuk terhubung. Jika diubah, simpan nilai baru dengan aman."
Q-150,Q-050,d69381d0-06ed-49bf-9fe1-6050d9374432:OUTLINE:30e6bc1f5ecbb7b4,d69381d0-06ed-49bf-9fe1-6050d9374432,netgear-rax120.pdf,RAX120,Share USB Storage Devices Attached to the Router > Connect a USB storage device to the router,facts_specifications,"[""aeaf90b5-5cb4-5ff1-af4a-2f43d2368c76"", ""bb9735df-2bc3-50f1-9fb8-2235613d714e""]",codex_selected_provenance_checked,id,Apa yang perlu saya periksa sebelum menghubungkan USB ke RAX120?,"Gunakan flash drive atau hard drive yang kompatibel dengan USB dan periksa daftar kompatibilitas ReadySHARE terbaru. Hubungkan ke router, pasang catu daya jika diperlukan, dan pasang driver komputer yang dibutuhkan; perangkat dengan driver khusus mungkin tidak bekerja dengan ReadySHARE."
Q-151,Q-051,d69381d0-06ed-49bf-9fe1-6050d9374432:OUTLINE:7e8558c76cede228,d69381d0-06ed-49bf-9fe1-6050d9374432,netgear-rax120.pdf,RAX120,Share USB Storage Devices Attached to the Router > Add a network folder on a USB storage device,setup_configuration,"[""14bc83c7-61a2-5364-b2c3-e1a9446f3dbe"", ""9d1e53fd-0a2d-51bd-bb64-2521b239e8f3""]",codex_selected_provenance_checked,id,Bagaimana cara membuat dan melihat folder bersama pada USB RAX120?,"Hubungkan drive USB, buka ADVANCED > USB Storage > ReadySHARE, lalu gunakan Create Network Folder untuk memilih folder, nama share, dan hak akses. Kembali ke tampilan ReadySHARE untuk melihat folder yang tersedia pada perangkat."
Q-152,Q-052,d69381d0-06ed-49bf-9fe1-6050d9374432:OUTLINE:6bfd2d1ed7baea6f,d69381d0-06ed-49bf-9fe1-6050d9374432,netgear-rax120.pdf,RAX120,Use Dynamic DNS to Access USB Storage Devices Through the Internet > Set up and manage Dynamic DNS > Change the Dynamic DNS settings,features_security_maintenance_limitations,"[""e43b60ee-74fd-5d48-823c-2588148d4411"", ""d7d2bc93-72bb-53d6-945c-0708fde2888b""]",codex_selected_provenance_checked,id,Bagaimana cara mengubah pengaturan Dynamic DNS RAX120 untuk akun yang sudah saya miliki?,"Pilih akun NETGEAR, No-IP, atau DynDNS yang sudah dimiliki pada halaman Dynamic DNS, masukkan detail akunnya, lalu simpan. Untuk mengubah akun, kembali ke halaman yang sama dan edit nilai Dynamic DNS sebelum menerapkan."
Q-153,Q-053,d69381d0-06ed-49bf-9fe1-6050d9374432:OUTLINE:0d5b6e0a7ba7bfe2,d69381d0-06ed-49bf-9fe1-6050d9374432,netgear-rax120.pdf,RAX120,Manage port forwarding and port triggering > Manage port forwarding to a local server > How the router implements the port forwarding rule,facts_specifications,"[""10f082e0-460d-59c2-bf25-090a7b36a4a8"", ""cf516841-9648-5ad0-aaaa-b65b9c5d85aa""]",codex_selected_provenance_checked,id,Bagaimana port forwarding RAX120 meneruskan permintaan ke server lokal dalam contoh nyata?,"Permintaan ke alamat publik router dan port 80 dapat dipetakan ke server web lokal. Berikan server alamat LAN yang tetap, buat aturan port forwarding HTTP ke alamat tersebut, lalu router meneruskan permintaan Internet yang cocok ke server lokal."
Q-154,Q-054,d69381d0-06ed-49bf-9fe1-6050d9374432:OUTLINE:392ff4fbd7ee9772,d69381d0-06ed-49bf-9fe1-6050d9374432,netgear-rax120.pdf,RAX120,Troubleshooting > Troubleshoot WiFi connectivity,troubleshooting_diagnostics,"[""f24fac39-a3db-5243-9d24-4986ad8e8cf1"", ""48b55cf6-5b08-527e-bd26-f4183bca41e2""]",codex_selected_provenance_checked,id,Apa yang perlu saya periksa saat perangkat tidak dapat bergabung ke Wi-Fi RAX120?,"Periksa apakah jaringan Wi-Fi muncul dan LED WiFi menyala; jika SSID disembunyikan, pilih secara manual. Pastikan SSID, mode keamanan, dan kata sandi yang peka huruf besar-kecil pada perangkat sama dengan router, serta tambahkan alamat MAC jika kontrol akses aktif."
Q-155,Q-055,d69381d0-06ed-49bf-9fe1-6050d9374432:OUTLINE:41c9cb735a542932,d69381d0-06ed-49bf-9fe1-6050d9374432,netgear-rax120.pdf,RAX120,Supplemental Information > Factory settings,facts_specifications,"[""7059c14f-c840-5863-9050-2518f69aa8d5""]",codex_selected_provenance_checked,id,Apa yang berubah setelah RAX120 dikembalikan ke setelan pabrik?,"Reset pabrik memakai tombol Reset minimal tujuh detik. Nilai utama mencakup login admin/password, LAN 192.168.1.1 dengan DHCP aktif pada 192.168.1.2–192.168.1.254, MTU WAN 1500, keamanan WiFi WPA2-PSK (AES), SSID broadcast aktif, dan mode radio sampai 1,2 Gbps pada 2,4 GHz serta 4,8 Gbps pada 5 GHz."
Q-156,Q-056,e65eaa31-8579-448d-a22c-88a8fde64409:OUTLINE:79aeb7edd70d3319,e65eaa31-8579-448d-a22c-88a8fde64409,netgear-rax50.pdf,RAX50,Hardware Setup > Position your router,troubleshooting_diagnostics,"[""c31cd99a-365c-5ce5-8381-39df25c52273"", ""f42f57b0-65cd-5982-935c-289c54636287""]",codex_selected_provenance_checked,id,Di mana sebaiknya RAX50 ditempatkan dan antenanya diarahkan agar jangkauan Wi-Fi terbaik?,"Pasang setiap antena berlabel pada tiang yang sesuai, lalu letakkan router dekat pusat area jangkauan dan dalam garis pandang perangkat. Jauhkan dari dinding, logam, kaca, dan penghalang lain, serta arahkan antena sesuai gambar pada manual."
Q-157,Q-057,e65eaa31-8579-448d-a22c-88a8fde64409:OUTLINE:41ba92c1cd759ea9,e65eaa31-8579-448d-a22c-88a8fde64409,netgear-rax50.pdf,RAX50,Connect to the Network and Access the Router > Connect to the router network > Connect to the router WiFi network,setup_configuration,"[""1b2c7958-ebc1-5927-bfb6-4acbd0f97781"", ""e00425b6-15d6-5234-b2e5-d0f194e4e777""]",codex_selected_provenance_checked,id,Bagaimana cara menghubungkan ponsel atau komputer ke RAX50 melalui Wi-Fi atau kabel?,"Untuk Wi-Fi, buka pengaturan Wi-Fi perangkat, pilih SSID pada label router, lalu masukkan kunci jaringan. Untuk komputer berkabel, hubungkan kabel Ethernet dari komputer ke port LAN router setelah memastikan router mendapat daya."
Q-158,Q-058,e65eaa31-8579-448d-a22c-88a8fde64409:OUTLINE:5c59851a56345ebf,e65eaa31-8579-448d-a22c-88a8fde64409,netgear-rax50.pdf,RAX50,Specify Your Internet Settings > Specify IPv6 Internet connections > Use auto config for an IPv6 Internet connection,facts_specifications,"[""e87e22a2-a89c-58a7-9ff2-ff82463e19a7""]",codex_selected_provenance_checked,id,Bagaimana RAX50 mengatur IPv6 secara otomatis?,"Pilih Auto Config pada ADVANCED > Advanced Setup > IPv6. Router mendeteksi alamat IPv6 WAN/LAN, lalu Anda dapat mengisi host atau domain ISP bila diperlukan, memilih DNS dan metode penetapan alamat, serta menentukan filtering Secured atau Open sebelum menekan Apply."
Q-159,Q-059,e65eaa31-8579-448d-a22c-88a8fde64409:OUTLINE:121e62ef30e6e2d8,e65eaa31-8579-448d-a22c-88a8fde64409,netgear-rax50.pdf,RAX50,Control Access to the Internet > Network access control list > Manage allowed devices currently not on the network,troubleshooting_diagnostics,"[""9a5a5bff-8b53-5c37-9d87-9ce596f7433e"", ""f5872d3c-76d3-512c-bb09-69a649f6720f""]",codex_selected_provenance_checked,id,Bagaimana cara mengizinkan atau memblokir perangkat di RAX50?,"Di Security > Access Control buka daftar allowed devices yang tidak sedang terhubung. Add memasukkan MAC address dan nama, Remove from the list menghapus, dan Edit dapat mengubah Access Control menjadi Block atau mengganti nama; tekan Apply untuk menyimpan."
Q-160,Q-060,e65eaa31-8579-448d-a22c-88a8fde64409:OUTLINE:f362300bbbc0324c,e65eaa31-8579-448d-a22c-88a8fde64409,netgear-rax50.pdf,RAX50,Optimize Performance > Use Dynamic QoS to optimize Internet traffic management > Enable Dynamic QoS,features_security_maintenance_limitations,"[""ab459710-fc4e-5fb7-b276-ec36619929af"", ""d2849132-6a3d-520c-8f2c-bd5e904e522d""]",codex_selected_provenance_checked,id,Bagaimana cara membuat RAX50 membagi internet dengan adil saat ada perangkat yang memakai banyak data?,"Buka QoS, centang Enable QoS, lalu gunakan Speedtest agar router mendeteksi bandwidth atau pilih pengisian manual untuk kecepatan download dan upload. Tekan Apply setelah nilainya ditentukan."
Q-161,Q-061,e65eaa31-8579-448d-a22c-88a8fde64409:OUTLINE:41d86e3c0982faa9,e65eaa31-8579-448d-a22c-88a8fde64409,netgear-rax50.pdf,RAX50,Optimize Performance > Use Dynamic QoS to optimize Internet traffic management > Manually update the dynamic QoS database,troubleshooting_diagnostics,"[""f6fd63f2-f6fd-5bae-a838-1a933a94fc87"", ""93ffa849-c75e-5120-be9a-d99bb0eed70b""]",codex_selected_provenance_checked,id,Bagaimana cara memperbarui informasi pengaturan lalu lintas di RAX50?,"Masuk ke halaman QoS, pastikan Dynamic QoS aktif bila diperlukan, klik Update Now untuk mengunduh versi terbaru database, lalu tekan Apply."
Q-162,Q-062,e65eaa31-8579-448d-a22c-88a8fde64409:OUTLINE:5ae513b79530a608,e65eaa31-8579-448d-a22c-88a8fde64409,netgear-rax50.pdf,RAX50,Manage Your Router > Manage the router configuration file > Erase the settings,troubleshooting_diagnostics,"[""0e8a4859-ac3f-57fd-a7ae-a5affebcdfde"", ""03a4fccb-bb0c-56ec-b67b-eee79c190813""]",codex_selected_provenance_checked,id,Apa yang terjadi jika saya menghapus semua pengaturan RAX50?,"Semua pengaturan yang dibuat pengguna dihapus, router kembali ke konfigurasi pabrik, lalu restart sekitar dua menit. Jangan menutup browser, memuat halaman lain, atau mematikan router selama proses berlangsung."
Q-163,Q-063,e65eaa31-8579-448d-a22c-88a8fde64409:OUTLINE:8b9e84b41a8e2327,e65eaa31-8579-448d-a22c-88a8fde64409,netgear-rax50.pdf,RAX50,Use OpenVPN to Access Your Network > About VPN connections,facts_specifications,"[""a13c3553-78f9-5ede-9cd9-390daad977b6"", ""9078acec-f7bb-55fa-8707-b9a0825e4d79"", ""0b9dd330-c3d7-545c-a617-8fb41923d277""]",codex_selected_provenance_checked,id,Bagaimana cara menyiapkan layanan OpenVPN RAX50 agar saya dapat terhubung dari laptop saat bepergian?,"OpenVPN membuat koneksi terenkripsi antara laptop dan router; router bukan klien VPN eksternal untuk seluruh lalu lintas Internet rumah. Masuk ke ADVANCED > Advanced Setup > VPN Service, aktifkan layanan, terapkan, lalu unduh paket klien dan berkas konfigurasi. Pasang klien OpenVPN di laptop, kemudian terhubung menggunakan nama DDNS atau alamat WAN statis router."
Q-164,Q-064,e65eaa31-8579-448d-a22c-88a8fde64409:OUTLINE:4961dff6fcaa17d5,e65eaa31-8579-448d-a22c-88a8fde64409,netgear-rax50.pdf,RAX50,Use OpenVPN to Access Your Network > Use VPN to access your Internet service at home > Block VPN client Internet access in the router,features_security_maintenance_limitations,"[""5fc0a06a-b9bd-5a78-8f70-08b7b7ff6bcc"", ""01143d51-a727-543c-b607-948530c2902c""]",codex_selected_provenance_checked,id,Bagaimana cara agar pengguna VPN RAX50 hanya bisa mengakses jaringan rumah?,"Aktifkan VPN Service, pilih Home Network only pada bagian Clients will use this VPN connection to access, lalu tekan Apply. Dengan pilihan ini VPN tidak memberikan akses ke Internet rumah."
Q-165,Q-065,e65eaa31-8579-448d-a22c-88a8fde64409:OUTLINE:4c371fdde86b5510,e65eaa31-8579-448d-a22c-88a8fde64409,netgear-rax50.pdf,RAX50,Manage Port Forwarding and Port Triggering > Manage port forwarding to a local server > Delete a port forwarding entry,troubleshooting_diagnostics,"[""af31b6ec-73a8-5529-8fa5-da1f467d1bef""]",codex_selected_provenance_checked,id,Bagaimana cara menghapus aturan koneksi lama di RAX50?,"Buka ADVANCED > Advanced Setup > Port Forwarding/Port Triggering, biarkan Port Forwarding terpilih, pilih service pada tabel, lalu tekan Delete Service."
Q-166,Q-066,e65eaa31-8579-448d-a22c-88a8fde64409:OUTLINE:3d0101989fca1bb6,e65eaa31-8579-448d-a22c-88a8fde64409,netgear-rax50.pdf,RAX50,Troubleshooting > Troubleshoot your network using the ping utility > Test the path from a Windows-based computer to a remote device,troubleshooting_diagnostics,"[""b60d283b-acea-5673-be03-c506dc1df859"", ""d6a2438e-ce2e-5744-b23d-64355bb7f3b2""]",codex_selected_provenance_checked,id,Bagaimana cara menguji apakah RAX50 dapat menjangkau alamat lain?,"Dari Run Windows jalankan `ping -n 10 <IP address>` untuk alamat remote seperti DNS ISP. Jika tidak ada balasan, periksa default gateway, perbedaan alamat jaringan, modem kabel/DSL, host name ISP, dan kemungkinan kebutuhan clone MAC address."
Q-167,Q-067,57d18421-8c71-47bc-992e-0d0dfdcdbbea:OUTLINE:51a6513bbc2a11e3,57d18421-8c71-47bc-992e-0d0dfdcdbbea,netgear-raxe500.pdf,RAXE500,Connect to the network and access the router > Connect to the network > Find and connect to the WiFi network,setup_configuration,"[""a3662689-f8b9-5c28-8c0a-b2185487bec9""]",codex_selected_provenance_checked,id,Bagaimana cara menemukan dan tersambung ke Wi-Fi RAXE500?,"Pastikan router mendapat daya, cari nama WiFi pada perangkat, pilih SSID yang tercetak pada label router, lalu masukkan password pada label tersebut."
Q-168,Q-068,57d18421-8c71-47bc-992e-0d0dfdcdbbea:OUTLINE:f3161081da6e6415,57d18421-8c71-47bc-992e-0d0dfdcdbbea,netgear-raxe500.pdf,RAXE500,Connect to the network and access the router > Use a web browser to access the router > Automatic Internet Setup,troubleshooting_diagnostics,"[""51405423-2987-5292-8fb8-9b78e651d7c5"", ""feb09c00-0fd2-5b2c-ae97-969bd349df0e""]",codex_selected_provenance_checked,id,Halaman pengaturan RAXE500 tidak muncul atau pengaturan otomatis gagal. Apa yang bisa dicoba?,"Pastikan perangkat terhubung ke port LAN atau WiFi router, Power LED menyala, lalu tutup-buka browser atau hapus cache dan buka routerlogin.net. Jika komputer memakai IP statis, ubah agar memperoleh alamat otomatis; bila tetap gagal, periksa ulang informasi ISP atau hubungi ISP dan dukungan NETGEAR."
Q-169,Q-069,57d18421-8c71-47bc-992e-0d0dfdcdbbea:OUTLINE:88cdae4e848e09b9,57d18421-8c71-47bc-992e-0d0dfdcdbbea,netgear-raxe500.pdf,RAXE500,Specify Your Internet Settings > Manage the MTU size > MTU concepts,facts_specifications,"[""fbf822a7-110a-5ac3-b64c-6a5fbaf2ccc4"", ""eae4f314-abe4-5229-ac3e-d9cc4c571b27"", ""18a45189-9618-54b7-a131-4f7218fbc1df""]",codex_selected_provenance_checked,id,"Apa arti pengaturan MTU RAXE500, dan bagaimana cara mengubahnya dengan aman?","MTU adalah ukuran paket terbesar yang dikirim melalui koneksi. Biarkan nilai bawaan kecuali penyedia menyarankan perubahan; jika perlu, buka pengaturan MTU, masukkan nilai yang didukung koneksi, lalu terapkan."
Q-170,Q-070,57d18421-8c71-47bc-992e-0d0dfdcdbbea:OUTLINE:bbfec0ebd44bf9d9,57d18421-8c71-47bc-992e-0d0dfdcdbbea,netgear-raxe500.pdf,RAXE500,Manage Network Settings > Disable the DHCP server feature in the router,setup_configuration,"[""01cd477a-47d2-5fed-a150-f3482022089e"", ""8dba79ed-9bf8-5cb2-833b-a493317e765e""]",codex_selected_provenance_checked,id,Bagaimana cara mematikan layanan RAXE500 yang otomatis memberi alamat kepada perangkat dengan aman?,"Buka ADVANCED > Setup > LAN Setup, hapus centang Use Router as DHCP Server, lalu Apply. Pastikan ada DHCP server lain; jika tidak, tetapkan alamat IP komputer secara manual agar masih dapat mengakses router."
Q-171,Q-071,57d18421-8c71-47bc-992e-0d0dfdcdbbea:OUTLINE:9738f3c7fd6b99bc,57d18421-8c71-47bc-992e-0d0dfdcdbbea,netgear-raxe500.pdf,RAXE500,Manage Network Settings > Enable or disable 20/40 MHz coexistence for the 2.4 GHz radio,features_security_maintenance_limitations,"[""183e963a-d605-5403-a4e2-b882de020cbb"", ""33088b55-3bd9-50bd-8652-c3cd7fd2d88f""]",codex_selected_provenance_checked,id,"Bagaimana cara mengurangi gangguan Wi-Fi di sekitar pada RAXE500, dan radio mana yang dipengaruhi pengaturan ini?","Aktifkan coexistence 20/40 MHz agar radio 2,4 GHz dapat memakai kanal yang lebih sempit ketika jaringan di sekitar menimbulkan gangguan. Ini dapat memperbaiki penggunaan bersama, tetapi kecepatan puncak mungkin berkurang; radio 5 GHz tidak terpengaruh."
Q-172,Q-072,57d18421-8c71-47bc-992e-0d0dfdcdbbea:OUTLINE:fbc9501ac3f3021b,57d18421-8c71-47bc-992e-0d0dfdcdbbea,netgear-raxe500.pdf,RAXE500,Manage Network Settings > Manage Ethernet Port Aggregation to a LAN Device > View or Change the Router Ethernet Port Aggregation Mode,facts_specifications,"[""15ed12eb-f2dc-5ebe-a1ce-38faeca23290"", ""25c77477-9af3-5379-a417-10b10c71f77b"", ""09ef238c-cabe-5ea4-9616-24e57ee8f002""]",codex_selected_provenance_checked,id,"Apa fungsi agregasi port Ethernet RAXE500, dan bagaimana cara menyiapkannya dengan perangkat yang kompatibel?","Agregasi Ethernet menggabungkan dua port untuk throughput gabungan yang lebih tinggi. Pastikan switch atau NAS mendukung LACP 802.3ad dan atur perangkat tersebut sebelum menghubungkannya. Di ADVANCED > Advanced Setup > Ethernet Port Aggregation, pilih Enable (LACP) untuk perangkat kompatibel atau Static hanya untuk LAG statis, terapkan, lalu hubungkan port 3 dan 4."
Q-173,Q-073,57d18421-8c71-47bc-992e-0d0dfdcdbbea:OUTLINE:b501c092002a51d8,57d18421-8c71-47bc-992e-0d0dfdcdbbea,netgear-raxe500.pdf,RAXE500,Manage Your Router > Monitor Internet traffic,facts_specifications,"[""04f1b52b-9f18-591e-ac0a-b16ee4a34dad""]",codex_selected_provenance_checked,id,Bagaimana cara membuat batas atau peringatan pemakaian data di RAXE500?,"Aktifkan Traffic Meter pada ADVANCED > Advanced Setup > Traffic Meter, pilih batas volume download atau dua arah atau batas waktu koneksi, atur counter dan peringatan, lalu tentukan apakah Internet LED berkedip atau koneksi diputus ketika batas tercapai. Statistik dapat diperbarui dengan Refresh."
Q-174,Q-074,57d18421-8c71-47bc-992e-0d0dfdcdbbea:OUTLINE:536e38dc6e76c4f9,57d18421-8c71-47bc-992e-0d0dfdcdbbea,netgear-raxe500.pdf,RAXE500,Manage Your Router > Set your time zone,setup_configuration,"[""8533530e-9001-5a31-a453-6077909ff031"", ""29f43702-7db0-5452-b0a7-d5a2155c5b59""]",codex_selected_provenance_checked,id,Bagaimana cara mengatur zona waktu dan penyesuaian daylight saving di RAXE500?,"Buka ADVANCED > Administration > NTP Settings, pilih zona waktu, centang penyesuaian daylight saving bila wilayah membutuhkannya, lalu tekan Apply."
Q-175,Q-075,57d18421-8c71-47bc-992e-0d0dfdcdbbea:OUTLINE:7e8558c76cede228,57d18421-8c71-47bc-992e-0d0dfdcdbbea,netgear-raxe500.pdf,RAXE500,Share USB Storage Devices Attached to the Router > Add a network folder on a USB storage device,features_security_maintenance_limitations,"[""5e5c51b3-dccd-5818-b9ae-65b70b14cfda"", ""b2cee766-ed4f-59bb-8d66-703a2aecba75""]",codex_selected_provenance_checked,id,Bagaimana cara membagikan folder dari flash disk USB di RAXE500?,"Di ADVANCED > USB Functions > ReadySHARE Storage pilih perangkat, tekan Create Network Folder, pilih folder dan nama share, lalu atur Read Access dan Write Access. All tanpa password adalah default; alternatifnya hanya admin yang boleh mengakses."
Q-176,Q-076,57d18421-8c71-47bc-992e-0d0dfdcdbbea:OUTLINE:7bbe03a0d66739df,57d18421-8c71-47bc-992e-0d0dfdcdbbea,netgear-raxe500.pdf,RAXE500,Use VPN to Access Your Network > Use VPN to access your Internet service at home > Set up VPN client Internet access in the router,features_security_maintenance_limitations,"[""0fc19ad4-a3f3-5128-a97a-000311ce8919"", ""f28a4c35-4d28-56c9-a6aa-9d30d17a3c6c""]",codex_selected_provenance_checked,id,Bagaimana pengguna VPN di RAXE500 juga bisa memakai internet rumah?,"Aktifkan VPN Service, pilih All sites on the Internet & Home Network, Apply, lalu unduh konfigurasi untuk Windows atau non-Windows dan salin ke folder client. Trafik Internet melalui VPN rumah dapat lebih lambat daripada koneksi lokal."
Q-177,Q-077,57d18421-8c71-47bc-992e-0d0dfdcdbbea:OUTLINE:f67dde43cca3ccc5,57d18421-8c71-47bc-992e-0d0dfdcdbbea,netgear-raxe500.pdf,RAXE500,Troubleshooting > Quick tips > Sequence to restart your network,troubleshooting_diagnostics,"[""494eba00-b9d1-5fec-898e-b212c6f28baf"", ""4f3d2903-b1ca-556d-a4f9-f0bea742c6b5""]",codex_selected_provenance_checked,id,Apa urutan yang benar untuk menyalakan ulang jaringan RAXE500?,"Matikan dan cabut modem, matikan router, sambungkan dan nyalakan modem lalu tunggu dua menit, kemudian nyalakan router dan tunggu dua menit lagi."
Q-178,Q-078,4431ab7b-17f3-4bc6-8ee4-691efbcdfdeb:OUTLINE:0dde3e7827c5a595,4431ab7b-17f3-4bc6-8ee4-691efbcdfdeb,netgear-rbk852.pdf,RBK852,Overview > Sync your Orbi satellite with your Orbi router,facts_specifications,"[""1c16631a-253c-55de-96e9-4f70304c9712"", ""fd0ce992-9b7f-58e2-9140-f25a95a0b95b""]",codex_selected_provenance_checked,id,"Apa arti warna lampu satelit RBK852, dan kapan saya perlu memindahkan atau menyinkronkannya lagi?","LED satelit menunjukkan kualitas koneksi: biru berarti koneksi baik, kuning berarti satelit perlu didekatkan, dan magenta berarti dekatkan lalu sinkronkan kembali dengan router. Gunakan prosedur sinkronisasi setelah memindahkannya."
Q-179,Q-079,4431ab7b-17f3-4bc6-8ee4-691efbcdfdeb:OUTLINE:e0e51a7e3dee3e59,4431ab7b-17f3-4bc6-8ee4-691efbcdfdeb,netgear-rbk852.pdf,RBK852,Specify Your Internet Settings > Manage an IPv6 Internet connection > Specify IPv6 Internet connections,facts_specifications,"[""a705dc8c-df43-54a7-96d4-bec53069d331"", ""de3de3b9-79ad-5fbc-9db0-88299436c0c8"", ""bafbe93c-5d33-537b-82ee-2c89ca1550eb""]",codex_selected_provenance_checked,id,Bagaimana cara memilih jenis koneksi IPv6 pada RBK852 dan memasukkannya dengan benar?,"Buka ADVANCED > Advanced > IPv6 dan pilih Auto Detect jika tidak yakin, atau Auto Config jika penyedia memakai IPv6 tanpa PPPoE, DHCP, atau pengaturan tetap. Jika memasukkan alamat, gunakan kelompok heksadesimal yang dipisahkan titik dua secara valid—maksimal delapan kelompok, tidak ada kelompok lebih dari empat karakter, dan tidak ada rangkaian titik dua yang salah—lalu terapkan."
Q-180,Q-080,4431ab7b-17f3-4bc6-8ee4-691efbcdfdeb:OUTLINE:1903b33777805e3f,4431ab7b-17f3-4bc6-8ee4-691efbcdfdeb,netgear-rbk852.pdf,RBK852,Specify Your Internet Settings > Manage an IPv6 Internet connection > Set up an IPv6 PPPoE Internet connection,setup_configuration,"[""de3de3b9-79ad-5fbc-9db0-88299436c0c8"", ""acfcfc10-9010-5a5e-9f6c-e4bbbf310479""]",codex_selected_provenance_checked,id,Bagaimana cara mengatur koneksi IPv6 yang memakai login provider di RBK852?,"Pilih PPPoE pada halaman IPv6, masukkan login, password, dan service name ISP bila ada, pilih DNS dan address assignment, opsi RIPng/interface ID bila diperlukan, lalu Apply. Mode Always On mencoba menyambungkan kembali bila koneksi terputus."
Q-181,Q-081,4431ab7b-17f3-4bc6-8ee4-691efbcdfdeb:OUTLINE:2c0ec2920cd14051,4431ab7b-17f3-4bc6-8ee4-691efbcdfdeb,netgear-rbk852.pdf,RBK852,Control Access to the Internet > Set up security event email notifications,features_security_maintenance_limitations,"[""aee81160-3f45-597d-97ea-c7a1ad45d30a""]",codex_selected_provenance_checked,id,Bagaimana RBK852 bisa mengirim email tentang kejadian keamanan?,"Di ADVANCED > Security > E-mail aktifkan Turn Email Notification On, isi alamat email, SMTP server dan port, kredensial bila perlu, lalu atur alert segera atau jadwal log sebelum Apply. Jika alamat atau SMTP kosong, log dan alert tidak dikirim."
Q-182,Q-082,4431ab7b-17f3-4bc6-8ee4-691efbcdfdeb:OUTLINE:55fef29c1f4c52fd,4431ab7b-17f3-4bc6-8ee4-691efbcdfdeb,netgear-rbk852.pdf,RBK852,Specify Network Settings > Manage the WAN preference for Orbi router model RBR860 > Set up Internet port aggregation for Orbi router model RBR860,setup_configuration,"[""695ad5a7-796a-5776-8666-89a1b5d3790d"", ""a6546993-1d1a-5eb2-b616-d7c4995490a6"", ""6bb5767a-39e9-5a45-9bab-e7b9f978ef05""]",codex_selected_provenance_checked,id,"Bagaimana cara mengaktifkan WAN aggregation pada RBR860, dan bagaimana cara kembali ke port 10G biasa?","Preferensi WAN normal memakai port Internet 10G. Untuk agregasi, gunakan modem yang mendukung LACP, atur agregasi pada modem, pilih WAN aggregation (10 Gbps + 1 Gbps, LACP) di ADVANCED > Setup > Internet Setup, terapkan, lalu hubungkan port Internet 10G dan port 1 router ke modem. Untuk kembali, pilih Internet port (10 Gbps) pada WAN Preference lalu terapkan."
Q-183,Q-083,4431ab7b-17f3-4bc6-8ee4-691efbcdfdeb:OUTLINE:2a664108b43fe7f3,4431ab7b-17f3-4bc6-8ee4-691efbcdfdeb,netgear-rbk852.pdf,RBK852,Specify Network Settings > Manage custom static routes > Set up a static route,features_security_maintenance_limitations,"[""0c1c7d8a-f45e-5523-bea2-3f232a33908c"", ""83b0f8da-6afa-5070-9d44-c12b3b247e8b""]",codex_selected_provenance_checked,id,Bagaimana cara memberi tahu RBK852 agar mengirim data ke jaringan lokal lain?,"Buka ADVANCED > Advanced > Static Routes, klik Add, isi nama, tujuan dan subnet mask, gateway, lalu pilih Active dan Private bila perlu sebelum Apply. Gateway harus berada pada segmen LAN yang sama; untuk satu host gunakan mask 255.255.255.255."
Q-184,Q-084,4431ab7b-17f3-4bc6-8ee4-691efbcdfdeb:OUTLINE:3ca2cd659c51d159,4431ab7b-17f3-4bc6-8ee4-691efbcdfdeb,netgear-rbk852.pdf,RBK852,Mantain and Monitor Your Network > Check your Internet bandwidth,facts_specifications,"[""0121bbc3-46f8-588c-b9d6-e7e69974a9fe""]",codex_selected_provenance_checked,id,Bagaimana cara memeriksa kecepatan internet dari RBK852?,"Masuk ke orbilogin.com, pilih Speedtest, lalu tekan Take a Speedtest. Halaman menampilkan kecepatan download dan upload Internet."
Q-185,Q-085,4431ab7b-17f3-4bc6-8ee4-691efbcdfdeb:OUTLINE:4961dff6fcaa17d5,4431ab7b-17f3-4bc6-8ee4-691efbcdfdeb,netgear-rbk852.pdf,RBK852,Use OpenVPN to Access Your Network > Use VPN to access your Internet service at home > Block VPN client Internet access in the router,features_security_maintenance_limitations,"[""18c63118-b35b-5dc4-868c-424c36df8576"", ""e8fbf22f-7fac-51cc-8b76-ef68177b1407""]",codex_selected_provenance_checked,id,Bagaimana cara mencegah pengguna VPN di RBK852 memakai internet rumah?,"Aktifkan VPN Service, pilih Home Network only pada pilihan akses client, lalu Apply. Pengaturan default ini menghalangi VPN client memakai layanan Internet rumah."
Q-186,Q-086,4431ab7b-17f3-4bc6-8ee4-691efbcdfdeb:OUTLINE:11e5a031343559ac,4431ab7b-17f3-4bc6-8ee4-691efbcdfdeb,netgear-rbk852.pdf,RBK852,Customize Internet Traffic Rules for Ports > Manage port forwarding to a local server > Set up port forwarding to a local server,features_security_maintenance_limitations,"[""64c7ce15-7a5a-580d-adbe-160bed89ad0b"", ""2f0fbedc-9ef5-5d0f-a5ab-6d155052f839""]",codex_selected_provenance_checked,id,Bagaimana cara membuat koneksi dari luar menjangkau server di jaringan RBK852?,"Tentukan layanan/aplikasi, pastikan server memiliki IP lokal tetap, buka Port Forwarding / Port Triggering, pilih Port Forwarding, buat atau pilih nama layanan, masukkan IP server serta port/protokol yang diperlukan, dan Apply."
Q-187,Q-087,4431ab7b-17f3-4bc6-8ee4-691efbcdfdeb:OUTLINE:f67dde43cca3ccc5,4431ab7b-17f3-4bc6-8ee4-691efbcdfdeb,netgear-rbk852.pdf,RBK852,Troubleshooting > Quick tips > Sequence to restart your network,troubleshooting_diagnostics,"[""594cc248-162e-5180-b1f6-243ea1c30a9e"", ""13759793-9afc-595a-9823-db9c83e1289c""]",codex_selected_provenance_checked,id,Apa urutan menyalakan ulang RBK852 yang benar?,"Matikan dan cabut modem, matikan router, nyalakan modem dan tunggu dua menit, kemudian nyalakan router dan tunggu dua menit lagi."
Q-188,Q-088,4431ab7b-17f3-4bc6-8ee4-691efbcdfdeb:OUTLINE:3d986da173d7e0d6,4431ab7b-17f3-4bc6-8ee4-691efbcdfdeb,netgear-rbk852.pdf,RBK852,Troubleshooting > Troubleshoot your network using the ping utility > Test the path from your computer to a remote device,troubleshooting_diagnostics,"[""d3189db7-52ee-502f-8466-5dbddbf1c80e"", ""8989f72f-c45f-5a19-b2ce-b190765e7b28""]",codex_selected_provenance_checked,id,Bagaimana cara menguji jalur dari komputer melalui RBK852 ke alamat lain?,"Setelah jalur LAN benar, jalankan `ping -n 10 <IP address>` dari Windows Run untuk alamat remote seperti DNS ISP. Jika tidak ada balasan, periksa default gateway, perbedaan network address, koneksi modem, host name ISP, dan kemungkinan clone MAC."
Q-189,Q-089,404fe683-4727-4c53-9c1d-9adf98a793c4:OUTLINE:89ac3ac6d4a7bbea,404fe683-4727-4c53-9c1d-9adf98a793c4,netgear-xr500.pdf,XR500,Hardware Setup > Unpack your router,facts_specifications,"[""3252b308-2ca3-5fec-b98f-6d89b53b5bb2""]",codex_selected_provenance_checked,id,Apa saja isi paket XR500?,"Paket berisi router, empat antena, power adapter, dan kabel Ethernet."
Q-190,Q-090,404fe683-4727-4c53-9c1d-9adf98a793c4:OUTLINE:8c80cd632556e4e9,404fe683-4727-4c53-9c1d-9adf98a793c4,netgear-xr500.pdf,XR500,Specify Your Internet Settings > Manually set up the Internet connection > Specify an Internet connection without a login,setup_configuration,"[""57de6a0a-7950-51e6-ae2d-6b4a3b64321d"", ""cb248990-463a-5428-8ee2-082f71f0484e""]",codex_selected_provenance_checked,id,Bagaimana cara mengatur XR500 jika provider internet tidak meminta login?,"Buka Settings > Setup > Internet Setup, biarkan Does your Internet connection require a login? pada No, isi account/host atau domain bila diperlukan, pilih pengaturan IP, DNS, dan MAC yang sesuai, lalu Apply dan uji koneksi."
Q-191,Q-091,404fe683-4727-4c53-9c1d-9adf98a793c4:OUTLINE:404443cd868cae72,404fe683-4727-4c53-9c1d-9adf98a793c4,netgear-xr500.pdf,XR500,Customize Quality of Service Settings and Optimize Gaming > Manage bandwidth allocation > Prevent network congestion with Anti-Bufferbloat,features_security_maintenance_limitations,"[""87c05b8e-f679-5c99-b655-9b055683ae84"", ""44b909e7-8fcd-5a49-bae0-e2be984df636""]",codex_selected_provenance_checked,id,Bagaimana XR500 membantu ketika satu perangkat memakai internet terlalu banyak?,Fitur ini membatasi persentase maksimum bandwidth total yang boleh dipakai perangkat intensif bandwidth sehingga bandwidth tetap tersedia untuk perangkat lain dan antrean atau delay akibat kemacetan berkurang.
Q-192,Q-092,404fe683-4727-4c53-9c1d-9adf98a793c4:OUTLINE:74afed194cd3e540,404fe683-4727-4c53-9c1d-9adf98a793c4,netgear-xr500.pdf,XR500,Customize Quality of Service Settings and Optimize Gaming > Manage traffic prioritization > Prioritize traffic for a device and view prioritization information,features_security_maintenance_limitations,"[""067a1684-73ec-508e-8233-13a8d6b9f430"", ""d9934c94-0789-5258-8d3c-3482e84637b0"", ""3ac82c6c-31ff-53a0-a39c-b5b9db32a00a""]",codex_selected_provenance_checked,id,Bagaimana XR500 membantu mengurangi lag saat jaringan sedang sibuk?,"Router dapat menempatkan trafik perangkat dan layanan ke bagian depan antrean agar lag berkurang. Prioritas berlaku untuk trafik keluar dan masuk, dan halaman menampilkan jumlah paket upload/download yang diprioritaskan serta status prioritas otomatis."
Q-193,Q-093,404fe683-4727-4c53-9c1d-9adf98a793c4:OUTLINE:fb4e7790552c591a,404fe683-4727-4c53-9c1d-9adf98a793c4,netgear-xr500.pdf,XR500,Manage the Router’s Network Settings > Manage reserved LAN IP addresses > Change a reserved IP address,features_security_maintenance_limitations,"[""b76b2605-ab8e-5508-90b0-0cc46974fc3e"", ""e3bace6b-5d07-5dcc-8041-f1933c6cd04f""]",codex_selected_provenance_checked,id,Bagaimana cara mengubah alamat lokal yang sudah dicadangkan di XR500?,"Di Settings > Setup > LAN Setup pilih radio button entri, klik Edit, ubah pengaturannya, Apply pada halaman Address Reservation, lalu Apply lagi pada LAN Setup untuk menyimpan perubahan."
Q-194,Q-094,404fe683-4727-4c53-9c1d-9adf98a793c4:OUTLINE:2a1f86ae07dbb7ba,404fe683-4727-4c53-9c1d-9adf98a793c4,netgear-xr500.pdf,XR500,Manage the Router’s WiFi Settings > Configure WPA/WPA2 enterprise WiFi security,features_security_maintenance_limitations,"[""0af88c60-337f-5b55-8e8b-e2b07f800616"", ""e8550a88-ca9e-5dc2-8bb3-4dd7ff222c8d""]",codex_selected_provenance_checked,id,Apa yang diperlukan untuk keamanan Wi-Fi gaya kantor di XR500?,"Jaringan WiFi harus dapat mengakses server RADIUS karena mode Enterprise memakai RADIUS untuk Authentication, Authorization, and Accounting. Saat mengubah jaringan utama, gunakan koneksi kabel agar tidak terputus."
Q-195,Q-095,404fe683-4727-4c53-9c1d-9adf98a793c4:OUTLINE:9605907c7bf37548,404fe683-4727-4c53-9c1d-9adf98a793c4,netgear-xr500.pdf,XR500,Share USB Storage Devices Attached to the Router > Approve USB devices,features_security_maintenance_limitations,"[""2cc3db60-d462-5d2e-8bb3-212863e51abf"", ""7b507311-06c1-518a-b57f-17ce47a7dc19"", ""dee55ef8-729a-51e5-9b1c-29cce4910ea6""]",codex_selected_provenance_checked,id,Bagaimana cara mengizinkan hanya perangkat USB yang disetujui di XR500?,"Sambungkan perangkat USB, buka Settings > USB Storage > USB Settings, pilih Approved Devices, pilih perangkat pada tabel Available USB Devices, lalu konfirmasi penyimpanannya."
Q-196,Q-096,404fe683-4727-4c53-9c1d-9adf98a793c4:OUTLINE:6096909eb580ff0a,404fe683-4727-4c53-9c1d-9adf98a793c4,netgear-xr500.pdf,XR500,Use Dynamic DNS to Access USB Storage Devices Through the Internet > Access USB storage devices through the Internet > Set up FTP access through the Internet,features_security_maintenance_limitations,"[""84bf0b6c-a37f-5a99-920b-d730b0c58307"", ""c929ed63-79dc-5933-9d6f-91e772c5b4d1"", ""1d4788df-374d-52e0-a31b-c406a91abfcc"", ""9c7f8f5e-dadb-5ed0-b8be-baa2f11349a8""]",codex_selected_provenance_checked,id,Bagaimana cara membuat penyimpanan USB XR500 tersedia dari luar rumah menggunakan FTP?,"Hubungkan perangkat penyimpanan USB dan aktifkan akses FTP melalui Internet di Settings > USB Storage > ReadySHARE Storage; batasi akses baca dan tulis untuk akun yang memang digunakan. Dari komputer jarak jauh, hubungkan dengan nama DDNS atau alamat IP port Internet router, lalu gunakan FTP untuk mengakses berkas bersama. Halaman penggunaan FTP menerapkan hak akses folder yang telah diatur."
Q-197,Q-097,404fe683-4727-4c53-9c1d-9adf98a793c4:OUTLINE:3dba8dc2dd4b2305,404fe683-4727-4c53-9c1d-9adf98a793c4,netgear-xr500.pdf,XR500,Use Dynamic DNS to Access USB Storage Devices Through the Internet > Access USB storage devices through the Internet > Use FTP to access storage devices through the Internet,features_security_maintenance_limitations,"[""1d4788df-374d-52e0-a31b-c406a91abfcc"", ""9c7f8f5e-dadb-5ed0-b8be-baa2f11349a8""]",codex_selected_provenance_checked,id,Bagaimana cara membuka file USB XR500 dari komputer lain?,"Pastikan FTP over Internet sudah disiapkan, lalu gunakan browser untuk mengunduh atau FTP client seperti FileZilla untuk mengunggah. Masukkan `ftp://` diikuti IP Internet router atau nama DDNS; login dapat memakai admin atau guest sesuai hak akses."
Q-198,Q-098,404fe683-4727-4c53-9c1d-9adf98a793c4:OUTLINE:65bda46f8a067355,404fe683-4727-4c53-9c1d-9adf98a793c4,netgear-xr500.pdf,XR500,Use OpenVPN to Access Your Network > Install OpenVPN software on a VPN client > Install OpenVPN software on an Android device,features_security_maintenance_limitations,"[""6456b41d-491e-536d-beda-6bac85f1de0f"", ""65a39d84-6b18-50df-b32a-a7d46fbe2cfc""]",codex_selected_provenance_checked,id,Bagaimana cara menyiapkan koneksi OpenVPN XR500 pada ponsel Android?,"Aktifkan dan atur OpenVPN pada XR500 sebelum mengunduh berkas klien. Di Android, pasang OpenVPN Connect dari Google Play, buka halaman VPN Service router, pastikan layanan aktif, unduh paket konfigurasi Smart Phone, lalu impor berkas .ovpn ke OpenVPN Connect."
Q-199,Q-099,404fe683-4727-4c53-9c1d-9adf98a793c4:OUTLINE:f34b65066a692479,404fe683-4727-4c53-9c1d-9adf98a793c4,netgear-xr500.pdf,XR500,Use VPN to Access An External Network > Enable the VPN client in the router and connect to a VPN server,features_security_maintenance_limitations,"[""407577d5-49e8-5bff-a6c1-3ed073e77654"", ""647b4f2b-f7e4-59a8-95e7-2b8309f75418"", ""36995834-66ad-5975-9724-aa9f228f5502""]",codex_selected_provenance_checked,id,Apa yang diperlukan untuk memakai XR500 sebagai klien VPN dengan penyedia komersial?,"Dalam pengaturan ini XR500 menjadi klien VPN dan penyedia eksternal menjadi server VPN, sehingga perangkat di router dapat memakai koneksi terenkripsi tersebut. Anda memerlukan lisensi dan data login penyedia. Di Settings > Advanced Settings > VPN Client, aktifkan klien, pilih penyedia, protokol, negara, dan kota, masukkan kredensial, lalu pilih Connect."
Q-200,Q-100,404fe683-4727-4c53-9c1d-9adf98a793c4:OUTLINE:dd5db5544af2935a,404fe683-4727-4c53-9c1d-9adf98a793c4,netgear-xr500.pdf,XR500,Manage and Customize Internet Traffic Rules for Ports > Manage port triggering for services and applications > Add a port triggering service or application,features_security_maintenance_limitations,"[""1e648057-fab4-582c-abb2-c775e2d3301f"", ""75118c37-2376-50c5-b907-2ae6d10da16e"", ""64c16e90-13ba-5c5f-aff7-eb4db090d3b9""]",codex_selected_provenance_checked,id,"Apa itu port triggering, dan bagaimana cara mengaturnya untuk aplikasi pada XR500?","Port triggering membuka port masuk secara dinamis setelah aplikasi mengirim lalu lintas, berbeda dari port forwarding yang tetap. Di Settings > Advanced Settings > Port Triggering, pilih Add Service, masukkan nama layanan, cakupan pengguna, protokol, port pemicu, dan rentang port masuk, lalu terapkan. Hapus centang Disable Port Triggering, atur waktu habis hingga 9999 menit bila perlu, lalu terapkan lagi."
