outline_frame_id,outline_id,document_id,filename,product_model,heading_block_id,heading_text,section_path,parent_section_path,depth,page_start,page_end,page_bin,direct_text_block_count,descendant_text_block_count,direct_question_candidate_count,descendant_question_candidate_count,direct_char_count,descendant_char_count,direct_token_estimate,descendant_token_estimate,table_figure_block_count,direct_block_ids,descendant_block_ids,direct_source_frame_ids,question_outline_allowed,review_reason
7b2e79c5-ed95-43f3-bb4b-e882e3bfeefa:OUTLINE:3664e7fa7bf257b3,7b2e79c5-ed95-43f3-bb4b-e882e3bfeefa:OUTLINE:3664e7fa7bf257b3,7b2e79c5-ed95-43f3-bb4b-e882e3bfeefa,netgear-cm2000.pdf,CM2000,aca02ed3-3845-516e-940d-1d6d1389ccd4,Front Panel and LEDs,Hardware Setup > Front Panel and LEDs,Hardware Setup,2,5,6,P1,1,1,1,1,1613,1613,404,404,1,833c7618-7c73-5ea3-aaf6-5f74eae69f52,833c7618-7c73-5ea3-aaf6-5f74eae69f52,7b2e79c5-ed95-43f3-bb4b-e882e3bfeefa:833c7618-7c73-5ea3-aaf6-5f74eae69f52,True,leaf outline with direct text candidate
7b2e79c5-ed95-43f3-bb4b-e882e3bfeefa:OUTLINE:e271e0b47a14e4d5,7b2e79c5-ed95-43f3-bb4b-e882e3bfeefa:OUTLINE:e271e0b47a14e4d5,7b2e79c5-ed95-43f3-bb4b-e882e3bfeefa,netgear-cm2000.pdf,CM2000,85225b82-a0c7-5859-8f9d-a96a0e10512c,Rear Panel,Hardware Setup > Rear Panel,Hardware Setup,2,6,8,P1,1,1,1,1,821,821,206,206,1,724d26e2-ed75-5043-b025-de4c01da0714,724d26e2-ed75-5043-b025-de4c01da0714,7b2e79c5-ed95-43f3-bb4b-e882e3bfeefa:724d26e2-ed75-5043-b025-de4c01da0714,True,leaf outline with direct text candidate
7b2e79c5-ed95-43f3-bb4b-e882e3bfeefa:OUTLINE:7cd40e7c102d4666,7b2e79c5-ed95-43f3-bb4b-e882e3bfeefa:OUTLINE:7cd40e7c102d4666,7b2e79c5-ed95-43f3-bb4b-e882e3bfeefa,netgear-cm2000.pdf,CM2000,4e2eb180-851b-54cf-a8c0-f090eefb302a,Label,Hardware Setup > Label,Hardware Setup,2,8,8,P2,1,1,1,1,110,110,28,28,1,b9899548-cfa5-5bb4-8284-7d82e663abd1,b9899548-cfa5-5bb4-8284-7d82e663abd1,7b2e79c5-ed95-43f3-bb4b-e882e3bfeefa:b9899548-cfa5-5bb4-8284-7d82e663abd1,True,leaf outline with direct text candidate
7b2e79c5-ed95-43f3-bb4b-e882e3bfeefa:OUTLINE:00c717bfc128a4fa,7b2e79c5-ed95-43f3-bb4b-e882e3bfeefa:OUTLINE:00c717bfc128a4fa,7b2e79c5-ed95-43f3-bb4b-e882e3bfeefa,netgear-cm2000.pdf,CM2000,8892e19b-29ce-5433-83fc-d2f9e2da6c80,System Requirements,Hardware Setup > System Requirements,Hardware Setup,2,8,9,P2,1,1,1,1,402,402,101,101,0,2114aed4-1869-5c44-956a-f740b1082208,2114aed4-1869-5c44-956a-f740b1082208,7b2e79c5-ed95-43f3-bb4b-e882e3bfeefa:2114aed4-1869-5c44-956a-f740b1082208,True,leaf outline with direct text candidate
7b2e79c5-ed95-43f3-bb4b-e882e3bfeefa:OUTLINE:ef387bca55bc82f9,7b2e79c5-ed95-43f3-bb4b-e882e3bfeefa:OUTLINE:ef387bca55bc82f9,7b2e79c5-ed95-43f3-bb4b-e882e3bfeefa,netgear-cm2000.pdf,CM2000,e648702a-38f2-5654-be8c-d01f85d80097,Connect Your Cable Modem to a Computer,Hardware Setup > Install and Activate Your Cable Modem > Connect Your Cable Modem to a Computer,Hardware Setup > Install and Activate Your Cable Modem,3,9,10,P2,1,1,1,1,1460,1460,365,365,0,3d9321dd-db92-5587-9b08-a34e736a627e,3d9321dd-db92-5587-9b08-a34e736a627e,7b2e79c5-ed95-43f3-bb4b-e882e3bfeefa:3d9321dd-db92-5587-9b08-a34e736a627e,True,leaf outline with direct text candidate
7b2e79c5-ed95-43f3-bb4b-e882e3bfeefa:OUTLINE:8887f5821b17179f,7b2e79c5-ed95-43f3-bb4b-e882e3bfeefa:OUTLINE:8887f5821b17179f,7b2e79c5-ed95-43f3-bb4b-e882e3bfeefa,netgear-cm2000.pdf,CM2000,6e492186-7b00-50a2-97bf-5a0ec184f854,Activate Your Internet Service,Hardware Setup > Install and Activate Your Cable Modem > Activate Your Internet Service,Hardware Setup > Install and Activate Your Cable Modem,3,10,11,P2,1,1,1,1,1789,1789,448,448,1,4270da4c-a5fb-5ae4-a513-fd42dc41cfbb,4270da4c-a5fb-5ae4-a513-fd42dc41cfbb,7b2e79c5-ed95-43f3-bb4b-e882e3bfeefa:4270da4c-a5fb-5ae4-a513-fd42dc41cfbb,True,leaf outline with direct text candidate
7b2e79c5-ed95-43f3-bb4b-e882e3bfeefa:OUTLINE:5db7da070fe8fbd5,7b2e79c5-ed95-43f3-bb4b-e882e3bfeefa:OUTLINE:5db7da070fe8fbd5,7b2e79c5-ed95-43f3-bb4b-e882e3bfeefa,netgear-cm2000.pdf,CM2000,907308c4-30c4-5025-ad88-92440f633c4a,Perform a Speed Test,Hardware Setup > Install and Activate Your Cable Modem > Perform a Speed Test,Hardware Setup > Install and Activate Your Cable Modem,3,11,11,P2,1,1,1,1,224,224,56,56,0,8ed480ba-e35c-5a7d-85ba-ad748ae7732c,8ed480ba-e35c-5a7d-85ba-ad748ae7732c,7b2e79c5-ed95-43f3-bb4b-e882e3bfeefa:8ed480ba-e35c-5a7d-85ba-ad748ae7732c,True,leaf outline with direct text candidate
7b2e79c5-ed95-43f3-bb4b-e882e3bfeefa:OUTLINE:4b622d7b00d4e652,7b2e79c5-ed95-43f3-bb4b-e882e3bfeefa:OUTLINE:4b622d7b00d4e652,7b2e79c5-ed95-43f3-bb4b-e882e3bfeefa,netgear-cm2000.pdf,CM2000,214a490c-d529-5e3c-8c90-c8b9c0df6214,Connect Your Cable Modem to a Router After Installation and Activation,Hardware Setup > Install and Activate Your Cable Modem > Connect Your Cable Modem to a Router After Installation and Activation,Hardware Setup > Install and Activate Your Cable Modem,3,11,12,P2,1,1,1,1,705,705,177,177,0,8fd1b794-0507-59d3-88fa-2209736ef6da,8fd1b794-0507-59d3-88fa-2209736ef6da,7b2e79c5-ed95-43f3-bb4b-e882e3bfeefa:8fd1b794-0507-59d3-88fa-2209736ef6da,True,leaf outline with direct text candidate
7b2e79c5-ed95-43f3-bb4b-e882e3bfeefa:OUTLINE:6e8fcf4fbb28e0d9,7b2e79c5-ed95-43f3-bb4b-e882e3bfeefa:OUTLINE:6e8fcf4fbb28e0d9,7b2e79c5-ed95-43f3-bb4b-e882e3bfeefa,netgear-cm2000.pdf,CM2000,0d14c314-69fe-5546-8a29-bd062227dd8b,Log in to the cable modem,Manage Your Network > Log in to the cable modem,Manage Your Network,2,14,14,P3,1,1,1,1,661,661,166,166,0,4cb893dc-21bd-5b88-92cb-a874cd79e74e,4cb893dc-21bd-5b88-92cb-a874cd79e74e,7b2e79c5-ed95-43f3-bb4b-e882e3bfeefa:4cb893dc-21bd-5b88-92cb-a874cd79e74e,True,leaf outline with direct text candidate
7b2e79c5-ed95-43f3-bb4b-e882e3bfeefa:OUTLINE:98f6c2f591f61009,7b2e79c5-ed95-43f3-bb4b-e882e3bfeefa:OUTLINE:98f6c2f591f61009,7b2e79c5-ed95-43f3-bb4b-e882e3bfeefa,netgear-cm2000.pdf,CM2000,3b6d4494-0910-5625-b417-33271fd4b6a2,Change the admin password,Manage Your Network > Change the admin password,Manage Your Network,2,14,15,P3,1,1,1,1,964,964,241,241,0,0de5a970-8b6a-5e57-ba98-6f57671a841c,0de5a970-8b6a-5e57-ba98-6f57671a841c,7b2e79c5-ed95-43f3-bb4b-e882e3bfeefa:0de5a970-8b6a-5e57-ba98-6f57671a841c,True,leaf outline with direct text candidate
7b2e79c5-ed95-43f3-bb4b-e882e3bfeefa:OUTLINE:6a53389304868c8b,7b2e79c5-ed95-43f3-bb4b-e882e3bfeefa:OUTLINE:6a53389304868c8b,7b2e79c5-ed95-43f3-bb4b-e882e3bfeefa,netgear-cm2000.pdf,CM2000,3267e31d-06e1-52ec-9be0-daf2ee12b678,View cable modem initialization,Manage Your Network > View cable modem initialization,Manage Your Network,2,15,15,P3,1,1,1,1,1223,1223,306,306,0,eb2ebf98-481f-54be-b4a3-56ea1bdf5749,eb2ebf98-481f-54be-b4a3-56ea1bdf5749,7b2e79c5-ed95-43f3-bb4b-e882e3bfeefa:eb2ebf98-481f-54be-b4a3-56ea1bdf5749,True,leaf outline with direct text candidate
7b2e79c5-ed95-43f3-bb4b-e882e3bfeefa:OUTLINE:3bc23220bb587976,7b2e79c5-ed95-43f3-bb4b-e882e3bfeefa:OUTLINE:3bc23220bb587976,7b2e79c5-ed95-43f3-bb4b-e882e3bfeefa,netgear-cm2000.pdf,CM2000,3459eefa-44c1-5b42-ace0-13f6dddd8d51,View cable modem status,Manage Your Network > View cable modem status,Manage Your Network,2,16,16,P3,1,1,1,1,490,490,123,123,0,89ec02e1-535c-52f6-9162-6966ecfbb9c3,89ec02e1-535c-52f6-9162-6966ecfbb9c3,7b2e79c5-ed95-43f3-bb4b-e882e3bfeefa:89ec02e1-535c-52f6-9162-6966ecfbb9c3,True,leaf outline with direct text candidate
7b2e79c5-ed95-43f3-bb4b-e882e3bfeefa:OUTLINE:0601c67244ba3357,7b2e79c5-ed95-43f3-bb4b-e882e3bfeefa:OUTLINE:0601c67244ba3357,7b2e79c5-ed95-43f3-bb4b-e882e3bfeefa,netgear-cm2000.pdf,CM2000,951e30e0-5ea7-567f-ab0d-e895d13ffa50,View and clear event logs,Manage Your Network > View and clear event logs,Manage Your Network,2,16,16,P3,1,1,1,1,785,785,197,197,0,aad16abe-2ee4-5e5a-b0c8-7dc2c54d0c08,aad16abe-2ee4-5e5a-b0c8-7dc2c54d0c08,7b2e79c5-ed95-43f3-bb4b-e882e3bfeefa:aad16abe-2ee4-5e5a-b0c8-7dc2c54d0c08,True,leaf outline with direct text candidate
7b2e79c5-ed95-43f3-bb4b-e882e3bfeefa:OUTLINE:af19bc7befb0ca10,7b2e79c5-ed95-43f3-bb4b-e882e3bfeefa:OUTLINE:af19bc7befb0ca10,7b2e79c5-ed95-43f3-bb4b-e882e3bfeefa,netgear-cm2000.pdf,CM2000,f82e3bfa-b979-56d1-81a5-1a75022e378b,Specify the cable connection starting frequency,Manage Your Network > Specify the cable connection starting frequency,Manage Your Network,2,17,17,P4,1,1,1,1,850,850,213,213,0,d4e41f41-b904-5986-9e36-8f33dd80da5c,d4e41f41-b904-5986-9e36-8f33dd80da5c,7b2e79c5-ed95-43f3-bb4b-e882e3bfeefa:d4e41f41-b904-5986-9e36-8f33dd80da5c,True,leaf outline with direct text candidate
7b2e79c5-ed95-43f3-bb4b-e882e3bfeefa:OUTLINE:806d55507579d4a7,7b2e79c5-ed95-43f3-bb4b-e882e3bfeefa:OUTLINE:806d55507579d4a7,7b2e79c5-ed95-43f3-bb4b-e882e3bfeefa,netgear-cm2000.pdf,CM2000,2c65e289-14c5-5b03-ad95-3337a4c6962a,Reboot the cable modem,Manage Your Network > Reboot the cable modem,Manage Your Network,2,17,18,P4,1,1,1,1,815,815,204,204,0,6d3c3709-9edf-533b-925d-d30eb7852b75,6d3c3709-9edf-533b-925d-d30eb7852b75,7b2e79c5-ed95-43f3-bb4b-e882e3bfeefa:6d3c3709-9edf-533b-925d-d30eb7852b75,True,leaf outline with direct text candidate
7b2e79c5-ed95-43f3-bb4b-e882e3bfeefa:OUTLINE:25d276b399cc0e63,7b2e79c5-ed95-43f3-bb4b-e882e3bfeefa:OUTLINE:25d276b399cc0e63,7b2e79c5-ed95-43f3-bb4b-e882e3bfeefa,netgear-cm2000.pdf,CM2000,0a341e5e-02d2-5640-be56-456e012bd56b,Use the reset button on the back panel,Manage Your Network > Reset the cable modem to factory default settings > Use the reset button on the back panel,Manage Your Network > Reset the cable modem to factory default settings,3,19,19,P4,1,1,1,1,433,433,109,109,0,c5c4c17f-c329-5b9c-837f-7d33e641682f,c5c4c17f-c329-5b9c-837f-7d33e641682f,7b2e79c5-ed95-43f3-bb4b-e882e3bfeefa:c5c4c17f-c329-5b9c-837f-7d33e641682f,True,leaf outline with direct text candidate
7b2e79c5-ed95-43f3-bb4b-e882e3bfeefa:OUTLINE:922aff4d97250b1a,7b2e79c5-ed95-43f3-bb4b-e882e3bfeefa:OUTLINE:922aff4d97250b1a,7b2e79c5-ed95-43f3-bb4b-e882e3bfeefa,netgear-cm2000.pdf,CM2000,a3606c4f-befa-5c17-b4b4-4717e4f6c4c2,Use the factory reset software button,Manage Your Network > Reset the cable modem to factory default settings > Use the factory reset software button,Manage Your Network > Reset the cable modem to factory default settings,3,19,19,P4,1,1,1,1,1028,1028,257,257,0,62f9a09d-d5a8-5805-8b92-4d0be62383ce,62f9a09d-d5a8-5805-8b92-4d0be62383ce,7b2e79c5-ed95-43f3-bb4b-e882e3bfeefa:62f9a09d-d5a8-5805-8b92-4d0be62383ce,True,leaf outline with direct text candidate
7b2e79c5-ed95-43f3-bb4b-e882e3bfeefa:OUTLINE:9881de1ecb3430ea,7b2e79c5-ed95-43f3-bb4b-e882e3bfeefa:OUTLINE:9881de1ecb3430ea,7b2e79c5-ed95-43f3-bb4b-e882e3bfeefa,netgear-cm2000.pdf,CM2000,12f50369-8214-5dde-bdb2-9554e72b62ce,Use LEDs to Troubleshoot,Troubleshooting > Use LEDs to Troubleshoot,Troubleshooting,2,21,22,P4,1,1,1,1,1734,1734,434,434,1,a88667b7-b299-50cb-9f9c-7ca1197494a0,a88667b7-b299-50cb-9f9c-7ca1197494a0,7b2e79c5-ed95-43f3-bb4b-e882e3bfeefa:a88667b7-b299-50cb-9f9c-7ca1197494a0,True,leaf outline with direct text candidate
7b2e79c5-ed95-43f3-bb4b-e882e3bfeefa:OUTLINE:a071a10fef9360ce,7b2e79c5-ed95-43f3-bb4b-e882e3bfeefa:OUTLINE:a071a10fef9360ce,7b2e79c5-ed95-43f3-bb4b-e882e3bfeefa,netgear-cm2000.pdf,CM2000,f0acd1b4-cdf0-58be-a328-257d51ea348e,Cannot log in to the cable modem,Troubleshooting > Cannot log in to the cable modem,Troubleshooting,2,23,23,P5,1,1,1,1,1170,1170,293,293,0,85bd9c8e-a264-5649-acbc-73648b7ce861,85bd9c8e-a264-5649-acbc-73648b7ce861,7b2e79c5-ed95-43f3-bb4b-e882e3bfeefa:85bd9c8e-a264-5649-acbc-73648b7ce861,True,leaf outline with direct text candidate
7b2e79c5-ed95-43f3-bb4b-e882e3bfeefa:OUTLINE:ca8db145f755d04e,7b2e79c5-ed95-43f3-bb4b-e882e3bfeefa:OUTLINE:ca8db145f755d04e,7b2e79c5-ed95-43f3-bb4b-e882e3bfeefa,netgear-cm2000.pdf,CM2000,6638bf95-05ae-5c58-b487-cc05d527b1ab,Troubleshoot the cable internet connection,Troubleshooting > Troubleshoot the cable internet connection,Troubleshooting,2,23,23,P5,1,1,1,1,252,252,63,63,0,5127b280-fd0a-571f-ab9a-f66bb57d3f73,5127b280-fd0a-571f-ab9a-f66bb57d3f73,7b2e79c5-ed95-43f3-bb4b-e882e3bfeefa:5127b280-fd0a-571f-ab9a-f66bb57d3f73,True,leaf outline with direct text candidate
7b2e79c5-ed95-43f3-bb4b-e882e3bfeefa:OUTLINE:8f47581d1b5990c8,7b2e79c5-ed95-43f3-bb4b-e882e3bfeefa:OUTLINE:8f47581d1b5990c8,7b2e79c5-ed95-43f3-bb4b-e882e3bfeefa,netgear-cm2000.pdf,CM2000,5efb2827-8535-50aa-80d2-e73318cd720a,Factory Settings,Supplemental Information > Factory Settings,Supplemental Information,2,25,25,P5,1,1,1,1,377,377,95,95,1,aaab89bf-432b-54b0-8b19-e4aba634a9a7,aaab89bf-432b-54b0-8b19-e4aba634a9a7,7b2e79c5-ed95-43f3-bb4b-e882e3bfeefa:aaab89bf-432b-54b0-8b19-e4aba634a9a7,True,leaf outline with direct text candidate
7b2e79c5-ed95-43f3-bb4b-e882e3bfeefa:OUTLINE:b934612f8b7cd99e,7b2e79c5-ed95-43f3-bb4b-e882e3bfeefa:OUTLINE:b934612f8b7cd99e,7b2e79c5-ed95-43f3-bb4b-e882e3bfeefa,netgear-cm2000.pdf,CM2000,7da7ea54-a795-5e86-813b-2c4cf96f42f5,Technical Specifications,Supplemental Information > Technical Specifications,Supplemental Information,2,25,26,P5,1,1,1,1,758,758,190,190,1,88695618-cf2a-5bf0-9a58-da1167d8f0c6,88695618-cf2a-5bf0-9a58-da1167d8f0c6,7b2e79c5-ed95-43f3-bb4b-e882e3bfeefa:88695618-cf2a-5bf0-9a58-da1167d8f0c6,True,leaf outline with direct text candidate
398c0bb9-3253-4629-a5ed-18f51d9fb36b:OUTLINE:0f2135f7ed64c474,398c0bb9-3253-4629-a5ed-18f51d9fb36b:OUTLINE:0f2135f7ed64c474,398c0bb9-3253-4629-a5ed-18f51d9fb36b,netgear-lm1200.pdf,LM1200,974ab355-5177-59d0-a325-36dec104afc5,Introduction,Introduction and Hardware Overview > Introduction,Introduction and Hardware Overview,2,8,8,P1,1,1,1,1,1478,1478,370,370,0,38e7df97-d206-5045-992f-f6f94b5d20a0,38e7df97-d206-5045-992f-f6f94b5d20a0,398c0bb9-3253-4629-a5ed-18f51d9fb36b:38e7df97-d206-5045-992f-f6f94b5d20a0,True,leaf outline with direct text candidate
398c0bb9-3253-4629-a5ed-18f51d9fb36b:OUTLINE:601b0367a99c78a5,398c0bb9-3253-4629-a5ed-18f51d9fb36b:OUTLINE:601b0367a99c78a5,398c0bb9-3253-4629-a5ed-18f51d9fb36b,netgear-lm1200.pdf,LM1200,d13a1e0d-f4aa-5dbc-bc84-7485a209e361,Supported Mobile Broadband Bands,Introduction and Hardware Overview > Supported Mobile Broadband Bands,Introduction and Hardware Overview,2,8,9,P1,1,1,1,1,736,736,184,184,1,8906d18b-9f42-59e8-80d2-6a61d61889ce,8906d18b-9f42-59e8-80d2-6a61d61889ce,398c0bb9-3253-4629-a5ed-18f51d9fb36b:8906d18b-9f42-59e8-80d2-6a61d61889ce,True,leaf outline with direct text candidate
398c0bb9-3253-4629-a5ed-18f51d9fb36b:OUTLINE:826e4980c6db7918,398c0bb9-3253-4629-a5ed-18f51d9fb36b:OUTLINE:826e4980c6db7918,398c0bb9-3253-4629-a5ed-18f51d9fb36b,netgear-lm1200.pdf,LM1200,016f7dd4-39f7-5023-a5f9-a93a9ee51372,Package Contents,Introduction and Hardware Overview > Package Contents,Introduction and Hardware Overview,2,9,9,P1,1,1,1,1,194,194,49,49,1,e9b08921-891c-505e-a99e-2dc216159d13,e9b08921-891c-505e-a99e-2dc216159d13,398c0bb9-3253-4629-a5ed-18f51d9fb36b:e9b08921-891c-505e-a99e-2dc216159d13,True,leaf outline with direct text candidate
398c0bb9-3253-4629-a5ed-18f51d9fb36b:OUTLINE:a3bd3412e074e08a,398c0bb9-3253-4629-a5ed-18f51d9fb36b:OUTLINE:a3bd3412e074e08a,398c0bb9-3253-4629-a5ed-18f51d9fb36b,netgear-lm1200.pdf,LM1200,180cfdaa-8ad1-5821-9bce-9d850e7123b6,Modem Rear Panel,Introduction and Hardware Overview > Modem Rear Panel,Introduction and Hardware Overview,2,9,10,P1,1,1,1,1,227,227,57,57,1,6f0c387b-1f88-5053-ab87-88c4b71a3cea,6f0c387b-1f88-5053-ab87-88c4b71a3cea,398c0bb9-3253-4629-a5ed-18f51d9fb36b:6f0c387b-1f88-5053-ab87-88c4b71a3cea,True,leaf outline with direct text candidate
398c0bb9-3253-4629-a5ed-18f51d9fb36b:OUTLINE:9238290c613deeba,398c0bb9-3253-4629-a5ed-18f51d9fb36b:OUTLINE:9238290c613deeba,398c0bb9-3253-4629-a5ed-18f51d9fb36b,netgear-lm1200.pdf,LM1200,6df4a1f6-d3db-5b5e-8bd2-1a546ef77702,Install the Nano SIM Card,Introduction and Hardware Overview > Install the Nano SIM Card,Introduction and Hardware Overview,2,10,10,P1,1,1,1,1,365,365,92,92,1,37f50132-32d9-5fb0-a62d-366e401ac417,37f50132-32d9-5fb0-a62d-366e401ac417,398c0bb9-3253-4629-a5ed-18f51d9fb36b:37f50132-32d9-5fb0-a62d-366e401ac417,True,leaf outline with direct text candidate
398c0bb9-3253-4629-a5ed-18f51d9fb36b:OUTLINE:b53308e890666536,398c0bb9-3253-4629-a5ed-18f51d9fb36b:OUTLINE:b53308e890666536,398c0bb9-3253-4629-a5ed-18f51d9fb36b,netgear-lm1200.pdf,LM1200,5f2703dd-7b9e-5bef-9002-f7a9765e9aa1,Power on Your Modem,Introduction and Hardware Overview > Power on Your Modem,Introduction and Hardware Overview,2,10,11,P1,1,1,1,1,1195,1195,299,299,0,e73ee2ff-1f79-57c4-9fb6-1d1945e522dc,e73ee2ff-1f79-57c4-9fb6-1d1945e522dc,398c0bb9-3253-4629-a5ed-18f51d9fb36b:e73ee2ff-1f79-57c4-9fb6-1d1945e522dc,True,leaf outline with direct text candidate
398c0bb9-3253-4629-a5ed-18f51d9fb36b:OUTLINE:f732ac4647152928,398c0bb9-3253-4629-a5ed-18f51d9fb36b:OUTLINE:f732ac4647152928,398c0bb9-3253-4629-a5ed-18f51d9fb36b,netgear-lm1200.pdf,LM1200,bdd929bb-8f77-579d-90ef-79b0eeb6d90b,Ensure the Modem Firmware is Up to Date,Introduction and Hardware Overview > Ensure the Modem Firmware is Up to Date,Introduction and Hardware Overview,2,11,13,P1,1,1,1,1,2523,2523,631,631,0,e8873740-484a-565e-bd6d-09fecedae0e9,e8873740-484a-565e-bd6d-09fecedae0e9,398c0bb9-3253-4629-a5ed-18f51d9fb36b:e8873740-484a-565e-bd6d-09fecedae0e9,True,leaf outline with direct text candidate
398c0bb9-3253-4629-a5ed-18f51d9fb36b:OUTLINE:d5624eb3edd79124,398c0bb9-3253-4629-a5ed-18f51d9fb36b:OUTLINE:d5624eb3edd79124,398c0bb9-3253-4629-a5ed-18f51d9fb36b,netgear-lm1200.pdf,LM1200,7b090050-986a-5b60-8be0-ee1228899ba8,Top Panel With Status LEDs,Introduction and Hardware Overview > Top Panel With Status LEDs,Introduction and Hardware Overview,2,13,13,P1,1,1,1,1,965,965,242,242,1,c6299716-41cf-5ba8-a842-e253040502ba,c6299716-41cf-5ba8-a842-e253040502ba,398c0bb9-3253-4629-a5ed-18f51d9fb36b:c6299716-41cf-5ba8-a842-e253040502ba,True,leaf outline with direct text candidate
398c0bb9-3253-4629-a5ed-18f51d9fb36b:OUTLINE:d53710b35c1900b0,398c0bb9-3253-4629-a5ed-18f51d9fb36b:OUTLINE:d53710b35c1900b0,398c0bb9-3253-4629-a5ed-18f51d9fb36b,netgear-lm1200.pdf,LM1200,ced55128-f56b-5066-aeef-4778c6a044a4,"Back Panel Connectors, Buttons, and Ports","Introduction and Hardware Overview > Back Panel Connectors, Buttons, and Ports",Introduction and Hardware Overview,2,14,14,P1,1,1,1,1,1348,1348,337,337,1,2619dfbb-86bf-53e1-a865-383c51d2e883,2619dfbb-86bf-53e1-a865-383c51d2e883,398c0bb9-3253-4629-a5ed-18f51d9fb36b:2619dfbb-86bf-53e1-a865-383c51d2e883,True,leaf outline with direct text candidate
398c0bb9-3253-4629-a5ed-18f51d9fb36b:OUTLINE:05bb86b0e11c534d,398c0bb9-3253-4629-a5ed-18f51d9fb36b:OUTLINE:05bb86b0e11c534d,398c0bb9-3253-4629-a5ed-18f51d9fb36b,netgear-lm1200.pdf,LM1200,c97c706d-4368-5805-85ab-5a6229365caa,Position the Modem,Introduction and Hardware Overview > Position the Modem,Introduction and Hardware Overview,2,15,15,P1,1,1,1,1,1006,1006,252,252,0,50e7b2b8-942c-5043-94ab-577b121cd1d1,50e7b2b8-942c-5043-94ab-577b121cd1d1,398c0bb9-3253-4629-a5ed-18f51d9fb36b:50e7b2b8-942c-5043-94ab-577b121cd1d1,True,leaf outline with direct text candidate
398c0bb9-3253-4629-a5ed-18f51d9fb36b:OUTLINE:74c21fb15ad5bc5c,398c0bb9-3253-4629-a5ed-18f51d9fb36b:OUTLINE:74c21fb15ad5bc5c,398c0bb9-3253-4629-a5ed-18f51d9fb36b,netgear-lm1200.pdf,LM1200,fc660c00-9d33-5bdc-9fa4-f41f389bd0ce,Optional External Antenna,Introduction and Hardware Overview > Optional External Antenna,Introduction and Hardware Overview,2,16,16,P1,1,1,1,1,440,440,110,110,0,6bf86f5e-3407-5530-ae87-83da33229909,6bf86f5e-3407-5530-ae87-83da33229909,398c0bb9-3253-4629-a5ed-18f51d9fb36b:6bf86f5e-3407-5530-ae87-83da33229909,True,leaf outline with direct text candidate
398c0bb9-3253-4629-a5ed-18f51d9fb36b:OUTLINE:a31e8d6aede4f469,398c0bb9-3253-4629-a5ed-18f51d9fb36b:OUTLINE:a31e8d6aede4f469,398c0bb9-3253-4629-a5ed-18f51d9fb36b,netgear-lm1200.pdf,LM1200,3b3254ef-24fd-5944-b3a3-f518ad27b4c4,Internet Connection Over Mobile Broadband,Get Started > Internet Connection Over Mobile Broadband,Get Started,2,18,18,P1,1,1,1,1,1567,1567,392,392,0,c3dbf29c-ee49-5b90-8f72-33d7b75db700,c3dbf29c-ee49-5b90-8f72-33d7b75db700,398c0bb9-3253-4629-a5ed-18f51d9fb36b:c3dbf29c-ee49-5b90-8f72-33d7b75db700,True,leaf outline with direct text candidate
398c0bb9-3253-4629-a5ed-18f51d9fb36b:OUTLINE:48e34928377b828f,398c0bb9-3253-4629-a5ed-18f51d9fb36b:OUTLINE:48e34928377b828f,398c0bb9-3253-4629-a5ed-18f51d9fb36b,netgear-lm1200.pdf,LM1200,3f453e3c-a045-5259-8be3-7e0e07866e93,Connect a Computer to the LAN Port of the Modem,"Get Started > Connect a Computer, Switch, Hub, Router, or WiFi Router to the Modem > Connect a Computer to the LAN Port of the Modem","Get Started > Connect a Computer, Switch, Hub, Router, or WiFi Router to the Modem",3,19,19,P1,1,1,1,1,343,343,86,86,0,36789817-932f-55f7-9c50-bb45d2df0cbe,36789817-932f-55f7-9c50-bb45d2df0cbe,398c0bb9-3253-4629-a5ed-18f51d9fb36b:36789817-932f-55f7-9c50-bb45d2df0cbe,True,leaf outline with direct text candidate
398c0bb9-3253-4629-a5ed-18f51d9fb36b:OUTLINE:a40c4fa11aa483c1,398c0bb9-3253-4629-a5ed-18f51d9fb36b:OUTLINE:a40c4fa11aa483c1,398c0bb9-3253-4629-a5ed-18f51d9fb36b,netgear-lm1200.pdf,LM1200,2b127a87-ecf3-502d-a496-7514ad6ee200,Connect a Router or WiFi Router to the LAN Port of the Modem,"Get Started > Connect a Computer, Switch, Hub, Router, or WiFi Router to the Modem > Connect a Router or WiFi Router to the LAN Port of the Modem","Get Started > Connect a Computer, Switch, Hub, Router, or WiFi Router to the Modem",3,19,19,P1,1,1,1,1,389,389,98,98,0,bac92cce-e737-5536-b2ae-ea8ce3d6c37d,bac92cce-e737-5536-b2ae-ea8ce3d6c37d,398c0bb9-3253-4629-a5ed-18f51d9fb36b:bac92cce-e737-5536-b2ae-ea8ce3d6c37d,True,leaf outline with direct text candidate
398c0bb9-3253-4629-a5ed-18f51d9fb36b:OUTLINE:3fb458681db5d5a4,398c0bb9-3253-4629-a5ed-18f51d9fb36b:OUTLINE:3fb458681db5d5a4,398c0bb9-3253-4629-a5ed-18f51d9fb36b,netgear-lm1200.pdf,LM1200,d6a04f87-e51c-5c0c-a5b7-3321025f0a45,Access the Modem’s Web Pages for the First Time,Get Started > Access the Modem’s Web Pages for the First Time,Get Started,2,19,22,P1,1,1,1,1,2140,2140,535,535,0,c256c2d4-45a3-5d19-aa40-3913884792d6,c256c2d4-45a3-5d19-aa40-3913884792d6,398c0bb9-3253-4629-a5ed-18f51d9fb36b:c256c2d4-45a3-5d19-aa40-3913884792d6,True,leaf outline with direct text candidate
398c0bb9-3253-4629-a5ed-18f51d9fb36b:OUTLINE:f171395779eb1370,398c0bb9-3253-4629-a5ed-18f51d9fb36b:OUTLINE:f171395779eb1370,398c0bb9-3253-4629-a5ed-18f51d9fb36b,netgear-lm1200.pdf,LM1200,39350bbf-2954-562e-860d-a347cf5631db,Change the Language,Get Started > Change the Language,Get Started,2,22,22,P2,1,1,1,1,927,927,232,232,0,dd3beec5-3a2f-51c2-b8a0-039284d88ea8,dd3beec5-3a2f-51c2-b8a0-039284d88ea8,398c0bb9-3253-4629-a5ed-18f51d9fb36b:dd3beec5-3a2f-51c2-b8a0-039284d88ea8,True,leaf outline with direct text candidate
398c0bb9-3253-4629-a5ed-18f51d9fb36b:OUTLINE:7d3da1180c12465a,398c0bb9-3253-4629-a5ed-18f51d9fb36b:OUTLINE:7d3da1180c12465a,398c0bb9-3253-4629-a5ed-18f51d9fb36b,netgear-lm1200.pdf,LM1200,d9d24402-1497-5f56-9ab5-fa85acd8d50c,Change the LAN Settings,Manage the Modem LAN Settings > Change the LAN Settings,Manage the Modem LAN Settings,2,24,25,P2,1,1,1,1,2065,2065,517,517,0,500cd522-dd3e-5e13-a8eb-c333856d566a,500cd522-dd3e-5e13-a8eb-c333856d566a,398c0bb9-3253-4629-a5ed-18f51d9fb36b:500cd522-dd3e-5e13-a8eb-c333856d566a,True,leaf outline with direct text candidate
398c0bb9-3253-4629-a5ed-18f51d9fb36b:OUTLINE:997416fa05a8f1f8,398c0bb9-3253-4629-a5ed-18f51d9fb36b:OUTLINE:997416fa05a8f1f8,398c0bb9-3253-4629-a5ed-18f51d9fb36b,netgear-lm1200.pdf,LM1200,06017031-9142-5c2d-963f-e2a5b87bea88,Manage Router Mode and Bridge Mode,Manage the Modem LAN Settings > Manage Router Mode and Bridge Mode,Manage the Modem LAN Settings,2,26,27,P2,1,1,1,1,2930,2930,733,733,0,7a457e5c-aa3c-5b7f-8670-bd1a2011d57a,7a457e5c-aa3c-5b7f-8670-bd1a2011d57a,398c0bb9-3253-4629-a5ed-18f51d9fb36b:7a457e5c-aa3c-5b7f-8670-bd1a2011d57a,True,leaf outline with direct text candidate
398c0bb9-3253-4629-a5ed-18f51d9fb36b:OUTLINE:38b50e33ee1e7189,398c0bb9-3253-4629-a5ed-18f51d9fb36b:OUTLINE:38b50e33ee1e7189,398c0bb9-3253-4629-a5ed-18f51d9fb36b,netgear-lm1200.pdf,LM1200,565ad6e1-3740-556d-adec-13ec2e8fd4df,Change the DHCP Server Settings,Manage the Modem LAN Settings > Change the DHCP Server Settings,Manage the Modem LAN Settings,2,28,30,P2,1,1,1,1,3574,3574,894,894,0,fa675707-eec3-5dae-b80f-46a21238adcf,fa675707-eec3-5dae-b80f-46a21238adcf,398c0bb9-3253-4629-a5ed-18f51d9fb36b:fa675707-eec3-5dae-b80f-46a21238adcf,True,leaf outline with direct text candidate
398c0bb9-3253-4629-a5ed-18f51d9fb36b:OUTLINE:c40490658aaa2ab9,398c0bb9-3253-4629-a5ed-18f51d9fb36b:OUTLINE:c40490658aaa2ab9,398c0bb9-3253-4629-a5ed-18f51d9fb36b,netgear-lm1200.pdf,LM1200,787f85ee-1428-5904-973b-fa36fa81ad25,Disable the DHCP Server,Manage the Modem LAN Settings > Disable the DHCP Server,Manage the Modem LAN Settings,2,30,31,P2,1,1,1,1,1433,1433,359,359,0,8d71bdce-65c8-59af-8403-7425dc2dd71d,8d71bdce-65c8-59af-8403-7425dc2dd71d,398c0bb9-3253-4629-a5ed-18f51d9fb36b:8d71bdce-65c8-59af-8403-7425dc2dd71d,True,leaf outline with direct text candidate
398c0bb9-3253-4629-a5ed-18f51d9fb36b:OUTLINE:435255de044f0c1f,398c0bb9-3253-4629-a5ed-18f51d9fb36b:OUTLINE:435255de044f0c1f,398c0bb9-3253-4629-a5ed-18f51d9fb36b,netgear-lm1200.pdf,LM1200,5a9d6e3a-1273-5c23-8e72-b2aceeb12c63,Enable the DMZ,Manage the Modem LAN Settings > Enable the DMZ,Manage the Modem LAN Settings,2,31,32,P2,1,1,1,1,1879,1879,470,470,0,f67f23e0-c307-5903-bb84-54e16f41154e,f67f23e0-c307-5903-bb84-54e16f41154e,398c0bb9-3253-4629-a5ed-18f51d9fb36b:f67f23e0-c307-5903-bb84-54e16f41154e,True,leaf outline with direct text candidate
398c0bb9-3253-4629-a5ed-18f51d9fb36b:OUTLINE:a444ad4ed7fa4203,398c0bb9-3253-4629-a5ed-18f51d9fb36b:OUTLINE:a444ad4ed7fa4203,398c0bb9-3253-4629-a5ed-18f51d9fb36b,netgear-lm1200.pdf,LM1200,44a7262c-e4f4-5bc3-be8e-8b82b81db82b,Disable VPN Pass-Through,Manage the Modem LAN Settings > Disable VPN Pass-Through,Manage the Modem LAN Settings,2,32,33,P2,1,1,1,1,1832,1832,458,458,0,b18868ce-b82c-5ad4-aeff-cb20bdf160f9,b18868ce-b82c-5ad4-aeff-cb20bdf160f9,398c0bb9-3253-4629-a5ed-18f51d9fb36b:b18868ce-b82c-5ad4-aeff-cb20bdf160f9,True,leaf outline with direct text candidate
398c0bb9-3253-4629-a5ed-18f51d9fb36b:OUTLINE:a3e6063e16c54654,398c0bb9-3253-4629-a5ed-18f51d9fb36b:OUTLINE:a3e6063e16c54654,398c0bb9-3253-4629-a5ed-18f51d9fb36b,netgear-lm1200.pdf,LM1200,4942335f-8f3b-5a77-a8ea-1b5aa6e4f717,Manage Mobile Broadband Auto Connect Options,Manage the Mobile Broadband Connection > Manage Mobile Broadband Auto Connect Options,Manage the Mobile Broadband Connection,2,35,36,P2,1,1,1,1,1544,1544,386,386,0,44157573-a57c-5a85-a69b-05c25c03dc6a,44157573-a57c-5a85-a69b-05c25c03dc6a,398c0bb9-3253-4629-a5ed-18f51d9fb36b:44157573-a57c-5a85-a69b-05c25c03dc6a,True,leaf outline with direct text candidate
398c0bb9-3253-4629-a5ed-18f51d9fb36b:OUTLINE:88b9a28663a8f104,398c0bb9-3253-4629-a5ed-18f51d9fb36b:OUTLINE:88b9a28663a8f104,398c0bb9-3253-4629-a5ed-18f51d9fb36b,netgear-lm1200.pdf,LM1200,0805ead1-ea40-5062-bcdb-899924c35308,Manually Connect to or Disconnect From the Mobile Broadband Network,Manage the Mobile Broadband Connection > Manually Connect to or Disconnect From the Mobile Broadband Network,Manage the Mobile Broadband Connection,2,36,37,P2,1,1,1,1,1248,1248,312,312,0,cf1f57e0-473a-57f3-8d91-a52b0070e80b,cf1f57e0-473a-57f3-8d91-a52b0070e80b,398c0bb9-3253-4629-a5ed-18f51d9fb36b:cf1f57e0-473a-57f3-8d91-a52b0070e80b,True,leaf outline with direct text candidate
398c0bb9-3253-4629-a5ed-18f51d9fb36b:OUTLINE:bec929ad798790b7,398c0bb9-3253-4629-a5ed-18f51d9fb36b:OUTLINE:bec929ad798790b7,398c0bb9-3253-4629-a5ed-18f51d9fb36b,netgear-lm1200.pdf,LM1200,131b7d8c-7074-562a-9d50-91f45d15a343,View APN Profiles or Add a Custom APN Profile,Manage the Mobile Broadband Connection > Manage APN Profiles for Mobile Broadband Connections > View APN Profiles or Add a Custom APN Profile,Manage the Mobile Broadband Connection > Manage APN Profiles for Mobile Broadband Connections,3,37,39,P2,1,1,1,1,2904,2904,726,726,0,3324b609-c742-509c-8d41-2ecd13aacc35,3324b609-c742-509c-8d41-2ecd13aacc35,398c0bb9-3253-4629-a5ed-18f51d9fb36b:3324b609-c742-509c-8d41-2ecd13aacc35,True,leaf outline with direct text candidate
398c0bb9-3253-4629-a5ed-18f51d9fb36b:OUTLINE:e7c81878bfa04792,398c0bb9-3253-4629-a5ed-18f51d9fb36b:OUTLINE:e7c81878bfa04792,398c0bb9-3253-4629-a5ed-18f51d9fb36b,netgear-lm1200.pdf,LM1200,32b164fc-d21e-5be5-a29b-73bf1224dd5f,Select an APN Profile,Manage the Mobile Broadband Connection > Manage APN Profiles for Mobile Broadband Connections > Select an APN Profile,Manage the Mobile Broadband Connection > Manage APN Profiles for Mobile Broadband Connections,3,40,40,P2,1,1,1,1,1522,1522,381,381,0,3d1189d7-ea5a-51e8-ab3f-d615ce7888a2,3d1189d7-ea5a-51e8-ab3f-d615ce7888a2,398c0bb9-3253-4629-a5ed-18f51d9fb36b:3d1189d7-ea5a-51e8-ab3f-d615ce7888a2,True,leaf outline with direct text candidate
398c0bb9-3253-4629-a5ed-18f51d9fb36b:OUTLINE:84b131fab3879a03,398c0bb9-3253-4629-a5ed-18f51d9fb36b:OUTLINE:84b131fab3879a03,398c0bb9-3253-4629-a5ed-18f51d9fb36b,netgear-lm1200.pdf,LM1200,a0087bcf-d951-5ae9-a15c-68af51bc7465,Change an APN Profile,Manage the Mobile Broadband Connection > Manage APN Profiles for Mobile Broadband Connections > Change an APN Profile,Manage the Mobile Broadband Connection > Manage APN Profiles for Mobile Broadband Connections,3,40,41,P2,1,1,1,1,1179,1179,295,295,0,c24a6512-0313-5f31-9096-a655835c07df,c24a6512-0313-5f31-9096-a655835c07df,398c0bb9-3253-4629-a5ed-18f51d9fb36b:c24a6512-0313-5f31-9096-a655835c07df,True,leaf outline with direct text candidate
398c0bb9-3253-4629-a5ed-18f51d9fb36b:OUTLINE:e18134bfee86bdab,398c0bb9-3253-4629-a5ed-18f51d9fb36b:OUTLINE:e18134bfee86bdab,398c0bb9-3253-4629-a5ed-18f51d9fb36b,netgear-lm1200.pdf,LM1200,d6534295-a6d5-57fa-b510-168bcd5e83df,Remove an APN Profile,Manage the Mobile Broadband Connection > Manage APN Profiles for Mobile Broadband Connections > Remove an APN Profile,Manage the Mobile Broadband Connection > Manage APN Profiles for Mobile Broadband Connections,3,41,42,P2,1,1,1,1,1265,1265,317,317,0,56d0f938-ad48-5142-a2f6-db3a0f8271ab,56d0f938-ad48-5142-a2f6-db3a0f8271ab,398c0bb9-3253-4629-a5ed-18f51d9fb36b:56d0f938-ad48-5142-a2f6-db3a0f8271ab,True,leaf outline with direct text candidate
398c0bb9-3253-4629-a5ed-18f51d9fb36b:OUTLINE:24655d3d915f8adb,398c0bb9-3253-4629-a5ed-18f51d9fb36b:OUTLINE:24655d3d915f8adb,398c0bb9-3253-4629-a5ed-18f51d9fb36b,netgear-lm1200.pdf,LM1200,6ce1c485-6271-59c2-8900-4c89da1c3671,Change the Modem Password,Secure Your Network > Change the Modem Password,Secure Your Network,2,44,44,P3,1,1,1,1,1200,1200,300,300,0,d811452b-aee6-5990-98b2-0731eba5e610,d811452b-aee6-5990-98b2-0731eba5e610,398c0bb9-3253-4629-a5ed-18f51d9fb36b:d811452b-aee6-5990-98b2-0731eba5e610,True,leaf outline with direct text candidate
398c0bb9-3253-4629-a5ed-18f51d9fb36b:OUTLINE:76baad211926fb5a,398c0bb9-3253-4629-a5ed-18f51d9fb36b:OUTLINE:76baad211926fb5a,398c0bb9-3253-4629-a5ed-18f51d9fb36b,netgear-lm1200.pdf,LM1200,899927fe-6ddf-58b7-8c1c-185a66a89eba,Enable Port Forwarding and Add a Service or Application,Secure Your Network > Manage Port Forwarding for Incoming Traffic > Enable Port Forwarding and Add a Service or Application,Secure Your Network > Manage Port Forwarding for Incoming Traffic,3,45,46,P3,1,1,1,1,2032,2032,508,508,0,441256a8-38c5-5b89-952a-c44f2cd29e77,441256a8-38c5-5b89-952a-c44f2cd29e77,398c0bb9-3253-4629-a5ed-18f51d9fb36b:441256a8-38c5-5b89-952a-c44f2cd29e77,True,leaf outline with direct text candidate
398c0bb9-3253-4629-a5ed-18f51d9fb36b:OUTLINE:86696f313ad41e44,398c0bb9-3253-4629-a5ed-18f51d9fb36b:OUTLINE:86696f313ad41e44,398c0bb9-3253-4629-a5ed-18f51d9fb36b,netgear-lm1200.pdf,LM1200,8254775c-f286-555e-8e51-0cde64f336f7,Remove a Service or Application for Port Forwarding,Secure Your Network > Manage Port Forwarding for Incoming Traffic > Remove a Service or Application for Port Forwarding,Secure Your Network > Manage Port Forwarding for Incoming Traffic,3,46,47,P3,1,1,1,1,1111,1111,278,278,0,72dd6f50-8da8-5970-b90b-3a0719762e64,72dd6f50-8da8-5970-b90b-3a0719762e64,398c0bb9-3253-4629-a5ed-18f51d9fb36b:72dd6f50-8da8-5970-b90b-3a0719762e64,True,leaf outline with direct text candidate
398c0bb9-3253-4629-a5ed-18f51d9fb36b:OUTLINE:4f2f433e13d730ea,398c0bb9-3253-4629-a5ed-18f51d9fb36b:OUTLINE:4f2f433e13d730ea,398c0bb9-3253-4629-a5ed-18f51d9fb36b,netgear-lm1200.pdf,LM1200,6bff0b94-821f-52aa-9631-ef310d6b327d,Disable Port Forwarding,Secure Your Network > Manage Port Forwarding for Incoming Traffic > Disable Port Forwarding,Secure Your Network > Manage Port Forwarding for Incoming Traffic,3,47,48,P3,1,1,1,1,1109,1109,278,278,0,028bc1b4-5551-5b6d-8527-2951b7980c51,028bc1b4-5551-5b6d-8527-2951b7980c51,398c0bb9-3253-4629-a5ed-18f51d9fb36b:028bc1b4-5551-5b6d-8527-2951b7980c51,True,leaf outline with direct text candidate
398c0bb9-3253-4629-a5ed-18f51d9fb36b:OUTLINE:77b03ade533d08e0,398c0bb9-3253-4629-a5ed-18f51d9fb36b:OUTLINE:77b03ade533d08e0,398c0bb9-3253-4629-a5ed-18f51d9fb36b,netgear-lm1200.pdf,LM1200,2253ce09-b3f7-53d6-bb49-0f57f976e2ba,Block Specific Services and Applications From Accessing the Internet and Allow All Other Services and Applications,Secure Your Network > Manage Port Filtering for Outgoing Traffic > Block Specific Services and Applications From Accessing the Internet and Allow All Other Services and Applications,Secure Your Network > Manage Port Filtering for Outgoing Traffic,3,49,50,P3,1,1,1,1,2144,2144,536,536,0,29e4039b-da0f-53aa-a8a7-aa194c468333,29e4039b-da0f-53aa-a8a7-aa194c468333,398c0bb9-3253-4629-a5ed-18f51d9fb36b:29e4039b-da0f-53aa-a8a7-aa194c468333,True,leaf outline with direct text candidate
398c0bb9-3253-4629-a5ed-18f51d9fb36b:OUTLINE:9ff3263a70ed58c6,398c0bb9-3253-4629-a5ed-18f51d9fb36b:OUTLINE:9ff3263a70ed58c6,398c0bb9-3253-4629-a5ed-18f51d9fb36b,netgear-lm1200.pdf,LM1200,d04050f3-14f8-578e-96d3-35691d5c2be0,Allow Specific Services and Applications to Access the Internet and Block All Other Services and Applications,Secure Your Network > Manage Port Filtering for Outgoing Traffic > Allow Specific Services and Applications to Access the Internet and Block All Other Services and Applications,Secure Your Network > Manage Port Filtering for Outgoing Traffic,3,50,51,P3,1,1,1,1,2168,2168,542,542,0,f9f47609-0abb-536f-b276-2db5a3cf07d3,f9f47609-0abb-536f-b276-2db5a3cf07d3,398c0bb9-3253-4629-a5ed-18f51d9fb36b:f9f47609-0abb-536f-b276-2db5a3cf07d3,True,leaf outline with direct text candidate
398c0bb9-3253-4629-a5ed-18f51d9fb36b:OUTLINE:2289afc38002ff43,398c0bb9-3253-4629-a5ed-18f51d9fb36b:OUTLINE:2289afc38002ff43,398c0bb9-3253-4629-a5ed-18f51d9fb36b,netgear-lm1200.pdf,LM1200,e7e8322f-f447-57bc-b695-c01d7f0f53f9,View Services and Applications on the Blacklist and Remove a Service or Application From the List,Secure Your Network > Manage Port Filtering for Outgoing Traffic > View Services and Applications on the Blacklist and Remove a Service or Application From the List,Secure Your Network > Manage Port Filtering for Outgoing Traffic,3,52,53,P3,1,1,1,1,1334,1334,334,334,0,bd0da534-bcdc-5c9b-aa53-897506d82c80,bd0da534-bcdc-5c9b-aa53-897506d82c80,398c0bb9-3253-4629-a5ed-18f51d9fb36b:bd0da534-bcdc-5c9b-aa53-897506d82c80,True,leaf outline with direct text candidate
398c0bb9-3253-4629-a5ed-18f51d9fb36b:OUTLINE:5b9b30563a9549d9,398c0bb9-3253-4629-a5ed-18f51d9fb36b:OUTLINE:5b9b30563a9549d9,398c0bb9-3253-4629-a5ed-18f51d9fb36b,netgear-lm1200.pdf,LM1200,6a2480b5-89de-5a93-bef1-346f993a46b9,View Services and Applications on the Whitelist and Remove a Service or Application From the List,Secure Your Network > Manage Port Filtering for Outgoing Traffic > View Services and Applications on the Whitelist and Remove a Service or Application From the List,Secure Your Network > Manage Port Filtering for Outgoing Traffic,3,53,54,P3,1,1,1,1,1332,1332,333,333,0,3011be8e-e670-57ef-bb1b-d3bf2bb6d95a,3011be8e-e670-57ef-bb1b-d3bf2bb6d95a,398c0bb9-3253-4629-a5ed-18f51d9fb36b:3011be8e-e670-57ef-bb1b-d3bf2bb6d95a,True,leaf outline with direct text candidate
398c0bb9-3253-4629-a5ed-18f51d9fb36b:OUTLINE:aa951defc95173a5,398c0bb9-3253-4629-a5ed-18f51d9fb36b:OUTLINE:aa951defc95173a5,398c0bb9-3253-4629-a5ed-18f51d9fb36b,netgear-lm1200.pdf,LM1200,6c60a1e6-a8ae-5c46-88df-5d57d6a7f754,Disable Port Filtering,Secure Your Network > Manage Port Filtering for Outgoing Traffic > Disable Port Filtering,Secure Your Network > Manage Port Filtering for Outgoing Traffic,3,54,55,P3,1,1,1,1,1457,1457,365,365,0,7e2f6d64-1ca3-55c0-ab9c-869a49063c79,7e2f6d64-1ca3-55c0-ab9c-869a49063c79,398c0bb9-3253-4629-a5ed-18f51d9fb36b:7e2f6d64-1ca3-55c0-ab9c-869a49063c79,True,leaf outline with direct text candidate
398c0bb9-3253-4629-a5ed-18f51d9fb36b:OUTLINE:e16f7766ed930a6c,398c0bb9-3253-4629-a5ed-18f51d9fb36b:OUTLINE:e16f7766ed930a6c,398c0bb9-3253-4629-a5ed-18f51d9fb36b,netgear-lm1200.pdf,LM1200,a36ffb9b-9a2e-541d-b646-fd8ff12a0146,Enable SIM Card Security,Secure Your Network > Manage SIM Card Security > Enable SIM Card Security,Secure Your Network > Manage SIM Card Security,3,55,57,P3,1,1,1,1,2049,2049,513,513,0,83a1feed-756b-5879-9989-e3d6dd589221,83a1feed-756b-5879-9989-e3d6dd589221,398c0bb9-3253-4629-a5ed-18f51d9fb36b:83a1feed-756b-5879-9989-e3d6dd589221,True,leaf outline with direct text candidate
398c0bb9-3253-4629-a5ed-18f51d9fb36b:OUTLINE:0f7f4062bfe2897a,398c0bb9-3253-4629-a5ed-18f51d9fb36b:OUTLINE:0f7f4062bfe2897a,398c0bb9-3253-4629-a5ed-18f51d9fb36b,netgear-lm1200.pdf,LM1200,3d364793-2333-505a-af99-cda26324446f,Enter the SIM PIN to Enable the Modem to Connect to the Internet,Secure Your Network > Manage SIM Card Security > Enter the SIM PIN to Enable the Modem to Connect to the Internet,Secure Your Network > Manage SIM Card Security,3,57,58,P3,1,1,1,1,1963,1963,491,491,0,ccc102da-18b1-51d3-8854-2aa80257420f,ccc102da-18b1-51d3-8854-2aa80257420f,398c0bb9-3253-4629-a5ed-18f51d9fb36b:ccc102da-18b1-51d3-8854-2aa80257420f,True,leaf outline with direct text candidate
398c0bb9-3253-4629-a5ed-18f51d9fb36b:OUTLINE:0170f62f80ca3f4e,398c0bb9-3253-4629-a5ed-18f51d9fb36b:OUTLINE:0170f62f80ca3f4e,398c0bb9-3253-4629-a5ed-18f51d9fb36b,netgear-lm1200.pdf,LM1200,6fc86820-82ed-5ce9-8ebd-6b8daecef39c,Personalize the SIM PIN,Secure Your Network > Manage SIM Card Security > Personalize the SIM PIN,Secure Your Network > Manage SIM Card Security,3,59,60,P3,1,1,1,1,1155,1155,289,289,0,57b408ca-cdf1-5548-8faa-d0fbf7a09889,57b408ca-cdf1-5548-8faa-d0fbf7a09889,398c0bb9-3253-4629-a5ed-18f51d9fb36b:57b408ca-cdf1-5548-8faa-d0fbf7a09889,True,leaf outline with direct text candidate
398c0bb9-3253-4629-a5ed-18f51d9fb36b:OUTLINE:f8bc4360594722fe,398c0bb9-3253-4629-a5ed-18f51d9fb36b:OUTLINE:f8bc4360594722fe,398c0bb9-3253-4629-a5ed-18f51d9fb36b,netgear-lm1200.pdf,LM1200,8bebaa3a-a8b7-59f5-84b4-6a6086088eac,Disable SIM Card Security,Secure Your Network > Manage SIM Card Security > Disable SIM Card Security,Secure Your Network > Manage SIM Card Security,3,60,61,P3,1,1,1,1,1674,1674,419,419,0,eb06abbc-3f74-5ddc-bfd6-17572beb2155,eb06abbc-3f74-5ddc-bfd6-17572beb2155,398c0bb9-3253-4629-a5ed-18f51d9fb36b:eb06abbc-3f74-5ddc-bfd6-17572beb2155,True,leaf outline with direct text candidate
398c0bb9-3253-4629-a5ed-18f51d9fb36b:OUTLINE:f86a789c9e9a0005,398c0bb9-3253-4629-a5ed-18f51d9fb36b:OUTLINE:f86a789c9e9a0005,398c0bb9-3253-4629-a5ed-18f51d9fb36b,netgear-lm1200.pdf,LM1200,c694c98c-a035-5d1a-b18f-fc4fa95946a9,Unblock the SIM Card With a PUK,Secure Your Network > Manage SIM Card Security > Unblock the SIM Card With a PUK,Secure Your Network > Manage SIM Card Security,3,61,63,P3,1,1,1,1,2265,2265,567,567,0,f06eeb80-8260-5ab3-b32e-10d527e746ba,f06eeb80-8260-5ab3-b32e-10d527e746ba,398c0bb9-3253-4629-a5ed-18f51d9fb36b:f06eeb80-8260-5ab3-b32e-10d527e746ba,True,leaf outline with direct text candidate
398c0bb9-3253-4629-a5ed-18f51d9fb36b:OUTLINE:58ede64707dfffe4,398c0bb9-3253-4629-a5ed-18f51d9fb36b:OUTLINE:58ede64707dfffe4,398c0bb9-3253-4629-a5ed-18f51d9fb36b,netgear-lm1200.pdf,LM1200,a8a0f5d2-ae78-50e1-b260-18c08cb269f7,Upgrade the Firmware of the Modem,Manage the Modem and Monitor Usage and the Network > Upgrade the Firmware of the Modem,Manage the Modem and Monitor Usage and the Network,2,65,66,P4,1,1,1,1,2389,2389,598,598,0,a516afea-2061-562d-8d11-63646c07c01f,a516afea-2061-562d-8d11-63646c07c01f,398c0bb9-3253-4629-a5ed-18f51d9fb36b:a516afea-2061-562d-8d11-63646c07c01f,True,leaf outline with direct text candidate
398c0bb9-3253-4629-a5ed-18f51d9fb36b:OUTLINE:51757bc7a247520f,398c0bb9-3253-4629-a5ed-18f51d9fb36b:OUTLINE:51757bc7a247520f,398c0bb9-3253-4629-a5ed-18f51d9fb36b,netgear-lm1200.pdf,LM1200,10ab9343-b8a9-5df9-a798-c2260ac28a12,Back Up the Settings,Manage the Modem and Monitor Usage and the Network > Back Up and Restore the Modem Settings > Back Up the Settings,Manage the Modem and Monitor Usage and the Network > Back Up and Restore the Modem Settings,3,66,67,P4,1,1,1,1,953,953,239,239,0,91ef64fd-4710-5642-9698-351752c2d139,91ef64fd-4710-5642-9698-351752c2d139,398c0bb9-3253-4629-a5ed-18f51d9fb36b:91ef64fd-4710-5642-9698-351752c2d139,True,leaf outline with direct text candidate
398c0bb9-3253-4629-a5ed-18f51d9fb36b:OUTLINE:f2b170a7dff9f461,398c0bb9-3253-4629-a5ed-18f51d9fb36b:OUTLINE:f2b170a7dff9f461,398c0bb9-3253-4629-a5ed-18f51d9fb36b,netgear-lm1200.pdf,LM1200,c4702bec-491a-5782-ab17-bfb26bd350be,Restore the Settings,Manage the Modem and Monitor Usage and the Network > Back Up and Restore the Modem Settings > Restore the Settings,Manage the Modem and Monitor Usage and the Network > Back Up and Restore the Modem Settings,3,67,68,P4,1,1,1,1,1160,1160,290,290,0,018e6d51-99e6-58d5-9b7c-920b101925a6,018e6d51-99e6-58d5-9b7c-920b101925a6,398c0bb9-3253-4629-a5ed-18f51d9fb36b:018e6d51-99e6-58d5-9b7c-920b101925a6,True,leaf outline with direct text candidate
398c0bb9-3253-4629-a5ed-18f51d9fb36b:OUTLINE:b4a5a1f2d7436471,398c0bb9-3253-4629-a5ed-18f51d9fb36b:OUTLINE:b4a5a1f2d7436471,398c0bb9-3253-4629-a5ed-18f51d9fb36b,netgear-lm1200.pdf,LM1200,03b224c9-0753-5994-a901-f3c690482ca9,Use the Reset Button,Manage the Modem and Monitor Usage and the Network > Return the Modem to Its Factory Default Settings > Use the Reset Button,Manage the Modem and Monitor Usage and the Network > Return the Modem to Its Factory Default Settings,3,68,68,P4,1,1,1,1,540,540,135,135,0,e7264e0e-16a2-518b-8299-9a9b07e24bc6,e7264e0e-16a2-518b-8299-9a9b07e24bc6,398c0bb9-3253-4629-a5ed-18f51d9fb36b:e7264e0e-16a2-518b-8299-9a9b07e24bc6,True,leaf outline with direct text candidate
398c0bb9-3253-4629-a5ed-18f51d9fb36b:OUTLINE:ae5d49dade5301ad,398c0bb9-3253-4629-a5ed-18f51d9fb36b:OUTLINE:ae5d49dade5301ad,398c0bb9-3253-4629-a5ed-18f51d9fb36b,netgear-lm1200.pdf,LM1200,b2c4ae38-1d5d-589f-83cf-dedbcc19d306,Use the Modem’s Web Pages to Reset the Modem to Factory Defaults,Manage the Modem and Monitor Usage and the Network > Return the Modem to Its Factory Default Settings > Use the Modem’s Web Pages to Reset the Modem to Factory Defaults,Manage the Modem and Monitor Usage and the Network > Return the Modem to Its Factory Default Settings,3,69,69,P4,1,1,1,1,1132,1132,283,283,0,5b2e5129-5ec4-5f0d-bd27-124b57290fe2,5b2e5129-5ec4-5f0d-bd27-124b57290fe2,398c0bb9-3253-4629-a5ed-18f51d9fb36b:5b2e5129-5ec4-5f0d-bd27-124b57290fe2,True,leaf outline with direct text candidate
398c0bb9-3253-4629-a5ed-18f51d9fb36b:OUTLINE:65329abb6d0ed1e0,398c0bb9-3253-4629-a5ed-18f51d9fb36b:OUTLINE:65329abb6d0ed1e0,398c0bb9-3253-4629-a5ed-18f51d9fb36b,netgear-lm1200.pdf,LM1200,a0c797d2-5996-58f9-9e97-fcb40dc23499,View Monthly Data and Session Data Usage,Manage the Modem and Monitor Usage and the Network > View Monthly Data and Session Data Usage,Manage the Modem and Monitor Usage and the Network,2,69,70,P4,1,1,1,1,1711,1711,428,428,0,7e1a62c7-f256-5d08-a456-a62949c30491,7e1a62c7-f256-5d08-a456-a62949c30491,398c0bb9-3253-4629-a5ed-18f51d9fb36b:7e1a62c7-f256-5d08-a456-a62949c30491,True,leaf outline with direct text candidate
398c0bb9-3253-4629-a5ed-18f51d9fb36b:OUTLINE:445d1e1ec41ff4e9,398c0bb9-3253-4629-a5ed-18f51d9fb36b:OUTLINE:445d1e1ec41ff4e9,398c0bb9-3253-4629-a5ed-18f51d9fb36b,netgear-lm1200.pdf,LM1200,f6aa16e1-51f9-54b0-8d61-703e1302f096,Set a Plan Limit for the Data Counter,Manage the Modem and Monitor Usage and the Network > Set a Plan Limit for the Data Counter,Manage the Modem and Monitor Usage and the Network,2,70,71,P4,1,1,1,1,1390,1390,348,348,0,0ccb8b69-decb-5c77-9ef9-18e520716b11,0ccb8b69-decb-5c77-9ef9-18e520716b11,398c0bb9-3253-4629-a5ed-18f51d9fb36b:0ccb8b69-decb-5c77-9ef9-18e520716b11,True,leaf outline with direct text candidate
398c0bb9-3253-4629-a5ed-18f51d9fb36b:OUTLINE:cb68d7587405e383,398c0bb9-3253-4629-a5ed-18f51d9fb36b:OUTLINE:cb68d7587405e383,398c0bb9-3253-4629-a5ed-18f51d9fb36b,netgear-lm1200.pdf,LM1200,e42dbc82-db06-580d-85c0-54d8cef4fe90,Change the Billing Cycle Counter or Reset the Data Counter,Manage the Modem and Monitor Usage and the Network > Change the Billing Cycle Counter or Reset the Data Counter,Manage the Modem and Monitor Usage and the Network,2,71,72,P4,1,1,1,1,1225,1225,307,307,0,3cc92e14-81e6-55d1-98e8-91b369e54b52,3cc92e14-81e6-55d1-98e8-91b369e54b52,398c0bb9-3253-4629-a5ed-18f51d9fb36b:3cc92e14-81e6-55d1-98e8-91b369e54b52,True,leaf outline with direct text candidate
398c0bb9-3253-4629-a5ed-18f51d9fb36b:OUTLINE:bb7afd9689363e7c,398c0bb9-3253-4629-a5ed-18f51d9fb36b:OUTLINE:bb7afd9689363e7c,398c0bb9-3253-4629-a5ed-18f51d9fb36b,netgear-lm1200.pdf,LM1200,2cf766ba-53a8-533c-a1f2-a4e344b39623,"View Service Provider, Type of Service, and Signal Strength","Manage the Modem and Monitor Usage and the Network > View Service Provider, Type of Service, and Signal Strength",Manage the Modem and Monitor Usage and the Network,2,72,73,P4,1,1,1,1,1721,1721,431,431,1,f730f6c1-8f04-5200-87b7-2618478a4945,f730f6c1-8f04-5200-87b7-2618478a4945,398c0bb9-3253-4629-a5ed-18f51d9fb36b:f730f6c1-8f04-5200-87b7-2618478a4945,True,leaf outline with direct text candidate
398c0bb9-3253-4629-a5ed-18f51d9fb36b:OUTLINE:abea51ed7be26e5b,398c0bb9-3253-4629-a5ed-18f51d9fb36b:OUTLINE:abea51ed7be26e5b,398c0bb9-3253-4629-a5ed-18f51d9fb36b,netgear-lm1200.pdf,LM1200,e54ad1e6-6553-5c6d-8f0f-3268bebd4650,View Account Details and Other Details About Your Modem,Manage the Modem and Monitor Usage and the Network > View Account Details and Other Details About Your Modem,Manage the Modem and Monitor Usage and the Network,2,74,75,P4,1,1,1,1,1918,1918,480,480,0,bf9f20f5-35df-57fb-88b4-891a909ce76c,bf9f20f5-35df-57fb-88b4-891a909ce76c,398c0bb9-3253-4629-a5ed-18f51d9fb36b:bf9f20f5-35df-57fb-88b4-891a909ce76c,True,leaf outline with direct text candidate
398c0bb9-3253-4629-a5ed-18f51d9fb36b:OUTLINE:b759b758d9e93c7f,398c0bb9-3253-4629-a5ed-18f51d9fb36b:OUTLINE:b759b758d9e93c7f,398c0bb9-3253-4629-a5ed-18f51d9fb36b,netgear-lm1200.pdf,LM1200,5447e0a0-c2aa-513d-9e66-cb2c6089371a,View Information About the Mobile Broadband Connection,Manage the Modem and Monitor Usage and the Network > View Information About the Mobile Broadband Connection,Manage the Modem and Monitor Usage and the Network,2,75,76,P4,1,1,1,1,1233,1233,309,309,0,bbef7cf7-8b86-5cd5-809d-75c28fde277c,bbef7cf7-8b86-5cd5-809d-75c28fde277c,398c0bb9-3253-4629-a5ed-18f51d9fb36b:bbef7cf7-8b86-5cd5-809d-75c28fde277c,True,leaf outline with direct text candidate
398c0bb9-3253-4629-a5ed-18f51d9fb36b:OUTLINE:f645a723ac9e2f1c,398c0bb9-3253-4629-a5ed-18f51d9fb36b:OUTLINE:f645a723ac9e2f1c,398c0bb9-3253-4629-a5ed-18f51d9fb36b,netgear-lm1200.pdf,LM1200,fd101a31-d259-50b8-973b-e400be35c9a7,Set Up SMS Alert Messages,Manage the Modem and Monitor Usage and the Network > Set Up SMS Alert Messages,Manage the Modem and Monitor Usage and the Network,2,76,78,P4,1,1,1,1,2267,2267,567,567,0,2119a5fc-9982-595c-aa42-3734bba1e289,2119a5fc-9982-595c-aa42-3734bba1e289,398c0bb9-3253-4629-a5ed-18f51d9fb36b:2119a5fc-9982-595c-aa42-3734bba1e289,True,leaf outline with direct text candidate
398c0bb9-3253-4629-a5ed-18f51d9fb36b:OUTLINE:382dc0b873c120a4,398c0bb9-3253-4629-a5ed-18f51d9fb36b:OUTLINE:382dc0b873c120a4,398c0bb9-3253-4629-a5ed-18f51d9fb36b,netgear-lm1200.pdf,LM1200,558bc451-fece-5a98-980a-cb6a75eae703,Set the Data Limit for SMS Alert Messages,Manage the Modem and Monitor Usage and the Network > Set the Data Limit for SMS Alert Messages,Manage the Modem and Monitor Usage and the Network,2,78,79,P4,1,1,1,1,1800,1800,450,450,0,566db7c5-820e-5070-88ad-553007b518a8,566db7c5-820e-5070-88ad-553007b518a8,398c0bb9-3253-4629-a5ed-18f51d9fb36b:566db7c5-820e-5070-88ad-553007b518a8,True,leaf outline with direct text candidate
398c0bb9-3253-4629-a5ed-18f51d9fb36b:OUTLINE:535822a129d0ac69,398c0bb9-3253-4629-a5ed-18f51d9fb36b:OUTLINE:535822a129d0ac69,398c0bb9-3253-4629-a5ed-18f51d9fb36b,netgear-lm1200.pdf,LM1200,c593a2ee-5312-5811-ba02-5fc6de447bc4,View Alerts,Manage the Modem and Monitor Usage and the Network > View Alerts,Manage the Modem and Monitor Usage and the Network,2,79,80,P4,1,1,1,1,948,948,237,237,0,6c1cb296-900d-521b-a4d5-e94e9f7ebda5,6c1cb296-900d-521b-a4d5-e94e9f7ebda5,398c0bb9-3253-4629-a5ed-18f51d9fb36b:6c1cb296-900d-521b-a4d5-e94e9f7ebda5,True,leaf outline with direct text candidate
398c0bb9-3253-4629-a5ed-18f51d9fb36b:OUTLINE:a01bdeca9997e674,398c0bb9-3253-4629-a5ed-18f51d9fb36b:OUTLINE:a01bdeca9997e674,398c0bb9-3253-4629-a5ed-18f51d9fb36b,netgear-lm1200.pdf,LM1200,6dbc7edf-26f8-55cc-8273-600618f73a24,Turn Off the LEDs,Manage the Modem and Monitor Usage and the Network > Turn Off the LEDs,Manage the Modem and Monitor Usage and the Network,2,80,81,P4,1,1,1,1,1217,1217,305,305,0,c07b3957-f278-57a1-b219-d3d690688bda,c07b3957-f278-57a1-b219-d3d690688bda,398c0bb9-3253-4629-a5ed-18f51d9fb36b:c07b3957-f278-57a1-b219-d3d690688bda,True,leaf outline with direct text candidate
398c0bb9-3253-4629-a5ed-18f51d9fb36b:OUTLINE:51789f36a448f49d,398c0bb9-3253-4629-a5ed-18f51d9fb36b:OUTLINE:51789f36a448f49d,398c0bb9-3253-4629-a5ed-18f51d9fb36b,netgear-lm1200.pdf,LM1200,750f0e38-a676-5626-847c-b8ef291c0e94,What do I do when I can’t connect a device to the modem?,Frequently Asked Questions > What do I do when I can’t connect a device to the modem?,Frequently Asked Questions,2,83,83,P4,1,1,1,1,552,552,138,138,0,bf826d8a-1a4a-5c4a-b279-0a827f31fdf6,bf826d8a-1a4a-5c4a-b279-0a827f31fdf6,398c0bb9-3253-4629-a5ed-18f51d9fb36b:bf826d8a-1a4a-5c4a-b279-0a827f31fdf6,True,leaf outline with direct text candidate
398c0bb9-3253-4629-a5ed-18f51d9fb36b:OUTLINE:c5ec0706d24d88c7,398c0bb9-3253-4629-a5ed-18f51d9fb36b:OUTLINE:c5ec0706d24d88c7,398c0bb9-3253-4629-a5ed-18f51d9fb36b,netgear-lm1200.pdf,LM1200,8cf131b4-ea9c-5029-81ff-977ba17f8b88,What do I do when I can’t access the Internet?,Frequently Asked Questions > What do I do when I can’t access the Internet?,Frequently Asked Questions,2,83,83,P4,1,1,1,1,558,558,140,140,0,22b9d588-290e-56c3-b9f2-4a21b8441b18,22b9d588-290e-56c3-b9f2-4a21b8441b18,398c0bb9-3253-4629-a5ed-18f51d9fb36b:22b9d588-290e-56c3-b9f2-4a21b8441b18,True,leaf outline with direct text candidate
398c0bb9-3253-4629-a5ed-18f51d9fb36b:OUTLINE:a1c7dae983cbf04d,398c0bb9-3253-4629-a5ed-18f51d9fb36b:OUTLINE:a1c7dae983cbf04d,398c0bb9-3253-4629-a5ed-18f51d9fb36b,netgear-lm1200.pdf,LM1200,3c211f64-b071-5078-8421-e1a99f60bfba,What do I do when the No Signal icon displays?,Frequently Asked Questions > What do I do when the No Signal icon displays?,Frequently Asked Questions,2,83,83,P4,1,1,1,1,120,120,30,30,0,6036057a-b404-5f1a-ac74-f9c398efa180,6036057a-b404-5f1a-ac74-f9c398efa180,398c0bb9-3253-4629-a5ed-18f51d9fb36b:6036057a-b404-5f1a-ac74-f9c398efa180,True,leaf outline with direct text candidate
398c0bb9-3253-4629-a5ed-18f51d9fb36b:OUTLINE:59b7e7cae16aed73,398c0bb9-3253-4629-a5ed-18f51d9fb36b:OUTLINE:59b7e7cae16aed73,398c0bb9-3253-4629-a5ed-18f51d9fb36b,netgear-lm1200.pdf,LM1200,df12fd5f-daf5-5830-81a6-e47dc3bbf3fa,Why is the download or upload speed slow?,Frequently Asked Questions > Why is the download or upload speed slow?,Frequently Asked Questions,2,84,84,P4,1,1,1,1,218,218,55,55,0,741a7e8d-b311-5542-98b5-bdeec2cfa5ad,741a7e8d-b311-5542-98b5-bdeec2cfa5ad,398c0bb9-3253-4629-a5ed-18f51d9fb36b:741a7e8d-b311-5542-98b5-bdeec2cfa5ad,True,leaf outline with direct text candidate
398c0bb9-3253-4629-a5ed-18f51d9fb36b:OUTLINE:dc73067a88f7d05a,398c0bb9-3253-4629-a5ed-18f51d9fb36b:OUTLINE:dc73067a88f7d05a,398c0bb9-3253-4629-a5ed-18f51d9fb36b,netgear-lm1200.pdf,LM1200,c67d16cb-331e-5548-a900-77feeaefd649,Can I connect multiple LAN devices to the modem?,Frequently Asked Questions > Can I connect multiple LAN devices to the modem?,Frequently Asked Questions,2,84,84,P4,1,1,1,1,503,503,126,126,0,3922d445-5a42-5488-998e-4bca5218ef39,3922d445-5a42-5488-998e-4bca5218ef39,398c0bb9-3253-4629-a5ed-18f51d9fb36b:3922d445-5a42-5488-998e-4bca5218ef39,True,leaf outline with direct text candidate
398c0bb9-3253-4629-a5ed-18f51d9fb36b:OUTLINE:623d8b68d20208e6,398c0bb9-3253-4629-a5ed-18f51d9fb36b:OUTLINE:623d8b68d20208e6,398c0bb9-3253-4629-a5ed-18f51d9fb36b,netgear-lm1200.pdf,LM1200,04e3bb95-caf7-55e5-9bc1-9a5c777f48b1,How do I access the modem’s web pages?,Frequently Asked Questions > How do I access the modem’s web pages?,Frequently Asked Questions,2,84,84,P4,1,1,1,1,118,118,30,30,0,43434cb0-0be2-5d97-be19-dfb7256b7c44,43434cb0-0be2-5d97-be19-dfb7256b7c44,398c0bb9-3253-4629-a5ed-18f51d9fb36b:43434cb0-0be2-5d97-be19-dfb7256b7c44,True,leaf outline with direct text candidate
398c0bb9-3253-4629-a5ed-18f51d9fb36b:OUTLINE:99861c5beebd8d5e,398c0bb9-3253-4629-a5ed-18f51d9fb36b:OUTLINE:99861c5beebd8d5e,398c0bb9-3253-4629-a5ed-18f51d9fb36b,netgear-lm1200.pdf,LM1200,474a25cc-942c-5693-9750-5be2363a644d,What do I do if I forget my admin login password?,Frequently Asked Questions > What do I do if I forget my admin login password?,Frequently Asked Questions,2,84,84,P4,1,1,1,1,362,362,91,91,0,066de596-2806-5854-ae46-cdfc8f7b72ff,066de596-2806-5854-ae46-cdfc8f7b72ff,398c0bb9-3253-4629-a5ed-18f51d9fb36b:066de596-2806-5854-ae46-cdfc8f7b72ff,True,leaf outline with direct text candidate
398c0bb9-3253-4629-a5ed-18f51d9fb36b:OUTLINE:d07dcb731c37a0a4,398c0bb9-3253-4629-a5ed-18f51d9fb36b:OUTLINE:d07dcb731c37a0a4,398c0bb9-3253-4629-a5ed-18f51d9fb36b,netgear-lm1200.pdf,LM1200,604fed05-b71b-523d-a976-95a5bfc30754,How do I disconnect from the mobile broadband network?,Frequently Asked Questions > How do I disconnect from the mobile broadband network?,Frequently Asked Questions,2,85,85,P5,1,1,1,1,770,770,193,193,0,28cee3a7-23fe-576a-84f2-2a8e77e2689c,28cee3a7-23fe-576a-84f2-2a8e77e2689c,398c0bb9-3253-4629-a5ed-18f51d9fb36b:28cee3a7-23fe-576a-84f2-2a8e77e2689c,True,leaf outline with direct text candidate
398c0bb9-3253-4629-a5ed-18f51d9fb36b:OUTLINE:987523a832584e36,398c0bb9-3253-4629-a5ed-18f51d9fb36b:OUTLINE:987523a832584e36,398c0bb9-3253-4629-a5ed-18f51d9fb36b,netgear-lm1200.pdf,LM1200,8b1e6e7c-2233-5a91-a9f8-31e1bde20261,How do I find my computer’s IP address?,Frequently Asked Questions > How do I find my computer’s IP address?,Frequently Asked Questions,2,85,87,P5,1,1,1,1,2158,2158,540,540,1,3f12e3e2-b6e2-5123-b489-89846563e20a,3f12e3e2-b6e2-5123-b489-89846563e20a,398c0bb9-3253-4629-a5ed-18f51d9fb36b:3f12e3e2-b6e2-5123-b489-89846563e20a,True,leaf outline with direct text candidate
398c0bb9-3253-4629-a5ed-18f51d9fb36b:OUTLINE:cdfbb932b427c3c3,398c0bb9-3253-4629-a5ed-18f51d9fb36b:OUTLINE:cdfbb932b427c3c3,398c0bb9-3253-4629-a5ed-18f51d9fb36b,netgear-lm1200.pdf,LM1200,9552ffff-bbfe-5563-a99c-88b6eca51cf3,How do I find a device’s MAC address?,Frequently Asked Questions > How do I find a device’s MAC address?,Frequently Asked Questions,2,87,89,P5,1,1,1,1,2649,2649,663,663,1,772ec958-92ab-5325-b3b7-ac496ef655a1,772ec958-92ab-5325-b3b7-ac496ef655a1,398c0bb9-3253-4629-a5ed-18f51d9fb36b:772ec958-92ab-5325-b3b7-ac496ef655a1,True,leaf outline with direct text candidate
398c0bb9-3253-4629-a5ed-18f51d9fb36b:OUTLINE:a0f7b9cdfabb5290,398c0bb9-3253-4629-a5ed-18f51d9fb36b:OUTLINE:a0f7b9cdfabb5290,398c0bb9-3253-4629-a5ed-18f51d9fb36b,netgear-lm1200.pdf,LM1200,0163976e-36d7-567d-bf44-9c80825e22c2,How do I find my mobile phone number?,Frequently Asked Questions > How do I find my mobile phone number?,Frequently Asked Questions,2,89,89,P5,1,1,1,1,127,127,32,32,0,e7ae85e1-449b-538c-9b7c-78290dd2a28c,e7ae85e1-449b-538c-9b7c-78290dd2a28c,398c0bb9-3253-4629-a5ed-18f51d9fb36b:e7ae85e1-449b-538c-9b7c-78290dd2a28c,True,leaf outline with direct text candidate
398c0bb9-3253-4629-a5ed-18f51d9fb36b:OUTLINE:1bcc2a604dc4bb60,398c0bb9-3253-4629-a5ed-18f51d9fb36b:OUTLINE:1bcc2a604dc4bb60,398c0bb9-3253-4629-a5ed-18f51d9fb36b,netgear-lm1200.pdf,LM1200,4e9f7a97-a014-5eb9-ad6a-c80113042c08,Where can I find more information?,Frequently Asked Questions > Where can I find more information?,Frequently Asked Questions,2,89,89,P5,1,1,1,1,219,219,55,55,0,d77d1870-327d-54c3-98ac-6261163f84b4,d77d1870-327d-54c3-98ac-6261163f84b4,398c0bb9-3253-4629-a5ed-18f51d9fb36b:d77d1870-327d-54c3-98ac-6261163f84b4,True,leaf outline with direct text candidate
398c0bb9-3253-4629-a5ed-18f51d9fb36b:OUTLINE:d3163e7ae31e618d,398c0bb9-3253-4629-a5ed-18f51d9fb36b:OUTLINE:d3163e7ae31e618d,398c0bb9-3253-4629-a5ed-18f51d9fb36b,netgear-lm1200.pdf,LM1200,04519b9f-b01d-557c-b4c6-1c36beeee581,Alert Messages,Alerts and Troubleshooting > Alert Messages,Alerts and Troubleshooting,2,91,91,P5,1,1,1,1,1200,1200,300,300,1,ecb1143f-6095-5459-b965-f4eca8e4245c,ecb1143f-6095-5459-b965-f4eca8e4245c,398c0bb9-3253-4629-a5ed-18f51d9fb36b:ecb1143f-6095-5459-b965-f4eca8e4245c,True,leaf outline with direct text candidate
398c0bb9-3253-4629-a5ed-18f51d9fb36b:OUTLINE:6359ba84b27768d6,398c0bb9-3253-4629-a5ed-18f51d9fb36b:OUTLINE:6359ba84b27768d6,398c0bb9-3253-4629-a5ed-18f51d9fb36b,netgear-lm1200.pdf,LM1200,bb921a9e-5afd-5f1a-b34b-be3e6be3ad15,Quick Tips for Troubleshooting,Alerts and Troubleshooting > Quick Tips for Troubleshooting,Alerts and Troubleshooting,2,91,92,P5,1,1,1,1,1073,1073,269,269,1,82ef2627-a58c-55ae-ab74-3f865a33e979,82ef2627-a58c-55ae-ab74-3f865a33e979,398c0bb9-3253-4629-a5ed-18f51d9fb36b:82ef2627-a58c-55ae-ab74-3f865a33e979,True,leaf outline with direct text candidate
398c0bb9-3253-4629-a5ed-18f51d9fb36b:OUTLINE:c5617879fb5002db,398c0bb9-3253-4629-a5ed-18f51d9fb36b:OUTLINE:c5617879fb5002db,398c0bb9-3253-4629-a5ed-18f51d9fb36b,netgear-lm1200.pdf,LM1200,60643a35-8fe9-56a3-88f3-800080b2c772,Verify Normal Behavior With the LEDs,Alerts and Troubleshooting > Verify Normal Behavior With the LEDs,Alerts and Troubleshooting,2,92,92,P5,1,1,1,1,661,661,166,166,0,ba6d83e1-2693-5692-b8be-c91a99ca6435,ba6d83e1-2693-5692-b8be-c91a99ca6435,398c0bb9-3253-4629-a5ed-18f51d9fb36b:ba6d83e1-2693-5692-b8be-c91a99ca6435,True,leaf outline with direct text candidate
398c0bb9-3253-4629-a5ed-18f51d9fb36b:OUTLINE:212177532fce10b2,398c0bb9-3253-4629-a5ed-18f51d9fb36b:OUTLINE:212177532fce10b2,398c0bb9-3253-4629-a5ed-18f51d9fb36b,netgear-lm1200.pdf,LM1200,70aeab7d-6d53-5a59-917a-8b9cf5b44409,Power LED Is Off,Alerts and Troubleshooting > Troubleshoot With the LEDs > Power LED Is Off,Alerts and Troubleshooting > Troubleshoot With the LEDs,3,93,93,P5,1,1,1,1,656,656,164,164,0,1811688b-3a9b-51e6-a893-68da15be37f3,1811688b-3a9b-51e6-a893-68da15be37f3,398c0bb9-3253-4629-a5ed-18f51d9fb36b:1811688b-3a9b-51e6-a893-68da15be37f3,True,leaf outline with direct text candidate
398c0bb9-3253-4629-a5ed-18f51d9fb36b:OUTLINE:27fd2149a46d7562,398c0bb9-3253-4629-a5ed-18f51d9fb36b:OUTLINE:27fd2149a46d7562,398c0bb9-3253-4629-a5ed-18f51d9fb36b,netgear-lm1200.pdf,LM1200,4b00a367-f346-5510-b472-cfcfcf17763c,LAN LED Is Off,Alerts and Troubleshooting > Troubleshoot With the LEDs > LAN LED Is Off,Alerts and Troubleshooting > Troubleshoot With the LEDs,3,94,94,P5,1,1,1,1,323,323,81,81,0,f6ff37a8-62b4-5498-a396-288b04d9bd94,f6ff37a8-62b4-5498-a396-288b04d9bd94,398c0bb9-3253-4629-a5ed-18f51d9fb36b:f6ff37a8-62b4-5498-a396-288b04d9bd94,True,leaf outline with direct text candidate
398c0bb9-3253-4629-a5ed-18f51d9fb36b:OUTLINE:80bc5e06e5b6b14f,398c0bb9-3253-4629-a5ed-18f51d9fb36b:OUTLINE:80bc5e06e5b6b14f,398c0bb9-3253-4629-a5ed-18f51d9fb36b,netgear-lm1200.pdf,LM1200,f6d66dbd-f0fc-5f89-9ee2-c70d3a13246c,You Cannot Log In to the Modem,Alerts and Troubleshooting > You Cannot Log In to the Modem,Alerts and Troubleshooting,2,94,94,P5,1,1,1,1,1160,1160,290,290,0,ba733f54-cf20-5e37-b2c1-562357e2a925,ba733f54-cf20-5e37-b2c1-562357e2a925,398c0bb9-3253-4629-a5ed-18f51d9fb36b:ba733f54-cf20-5e37-b2c1-562357e2a925,True,leaf outline with direct text candidate
398c0bb9-3253-4629-a5ed-18f51d9fb36b:OUTLINE:540f7aed0e05d214,398c0bb9-3253-4629-a5ed-18f51d9fb36b:OUTLINE:540f7aed0e05d214,398c0bb9-3253-4629-a5ed-18f51d9fb36b,netgear-lm1200.pdf,LM1200,69c28e5f-e669-58fd-a825-6252c69d74a0,Obtain an Internet IP Address From Your Service Provider,Alerts and Troubleshooting > Troubleshoot the Mobile Broadband Internet Connection > Obtain an Internet IP Address From Your Service Provider,Alerts and Troubleshooting > Troubleshoot the Mobile Broadband Internet Connection,3,95,96,P5,1,1,1,1,898,898,225,225,0,6f442d4b-b8ba-5fe7-b4e9-9e90463dc194,6f442d4b-b8ba-5fe7-b4e9-9e90463dc194,398c0bb9-3253-4629-a5ed-18f51d9fb36b:6f442d4b-b8ba-5fe7-b4e9-9e90463dc194,True,leaf outline with direct text candidate
398c0bb9-3253-4629-a5ed-18f51d9fb36b:OUTLINE:61f6244d05e67110,398c0bb9-3253-4629-a5ed-18f51d9fb36b:OUTLINE:61f6244d05e67110,398c0bb9-3253-4629-a5ed-18f51d9fb36b,netgear-lm1200.pdf,LM1200,2b2bfe6f-b408-599f-9f5d-1f14a645422f,Troubleshoot Internet Browsing,Alerts and Troubleshooting > Troubleshoot the Mobile Broadband Internet Connection > Troubleshoot Internet Browsing,Alerts and Troubleshooting > Troubleshoot the Mobile Broadband Internet Connection,3,96,96,P5,1,1,1,1,1117,1117,280,280,0,683f18e6-f7fd-592e-8623-35a7300f6294,683f18e6-f7fd-592e-8623-35a7300f6294,398c0bb9-3253-4629-a5ed-18f51d9fb36b:683f18e6-f7fd-592e-8623-35a7300f6294,True,leaf outline with direct text candidate
398c0bb9-3253-4629-a5ed-18f51d9fb36b:OUTLINE:7d86ab7acaa62806,398c0bb9-3253-4629-a5ed-18f51d9fb36b:OUTLINE:7d86ab7acaa62806,398c0bb9-3253-4629-a5ed-18f51d9fb36b,netgear-lm1200.pdf,LM1200,e5110105-3306-5836-8a36-0c91d402cf28,Changes Not Saved on the Modem’s Web Pages,Alerts and Troubleshooting > Changes Not Saved on the Modem’s Web Pages,Alerts and Troubleshooting,2,96,96,P5,1,1,1,1,395,395,99,99,0,39996637-a1f1-5add-95f9-9d8174625643,39996637-a1f1-5add-95f9-9d8174625643,398c0bb9-3253-4629-a5ed-18f51d9fb36b:39996637-a1f1-5add-95f9-9d8174625643,True,leaf outline with direct text candidate
398c0bb9-3253-4629-a5ed-18f51d9fb36b:OUTLINE:b3f2ff57a39b69cb,398c0bb9-3253-4629-a5ed-18f51d9fb36b:OUTLINE:b3f2ff57a39b69cb,398c0bb9-3253-4629-a5ed-18f51d9fb36b,netgear-lm1200.pdf,LM1200,85e69126-5afb-59c3-a38e-455a1719f639,Test the LAN Path to Your Modem,Alerts and Troubleshooting > TCP/IP Network Not Responding > Test the LAN Path to Your Modem,Alerts and Troubleshooting > TCP/IP Network Not Responding,3,97,97,P5,1,1,1,1,1013,1013,254,254,0,dd0471d5-e669-5c8c-b468-21d78d4ce0cc,dd0471d5-e669-5c8c-b468-21d78d4ce0cc,398c0bb9-3253-4629-a5ed-18f51d9fb36b:dd0471d5-e669-5c8c-b468-21d78d4ce0cc,True,leaf outline with direct text candidate
398c0bb9-3253-4629-a5ed-18f51d9fb36b:OUTLINE:46dbdc8c2215d3a5,398c0bb9-3253-4629-a5ed-18f51d9fb36b:OUTLINE:46dbdc8c2215d3a5,398c0bb9-3253-4629-a5ed-18f51d9fb36b,netgear-lm1200.pdf,LM1200,8929301f-af95-5d23-a36a-4a5b7dce334e,Test the Path From Your Computer to a Remote Device,Alerts and Troubleshooting > TCP/IP Network Not Responding > Test the Path From Your Computer to a Remote Device,Alerts and Troubleshooting > TCP/IP Network Not Responding,3,97,98,P5,1,1,1,1,1322,1322,331,331,0,2650f530-95f3-5f7a-b11f-acb33d44bc62,2650f530-95f3-5f7a-b11f-acb33d44bc62,398c0bb9-3253-4629-a5ed-18f51d9fb36b:2650f530-95f3-5f7a-b11f-acb33d44bc62,True,leaf outline with direct text candidate
398c0bb9-3253-4629-a5ed-18f51d9fb36b:OUTLINE:9165ff1156987731,398c0bb9-3253-4629-a5ed-18f51d9fb36b:OUTLINE:9165ff1156987731,398c0bb9-3253-4629-a5ed-18f51d9fb36b,netgear-lm1200.pdf,LM1200,8099b8bd-0815-56db-bdd0-1367ebfa1c5d,Factory Default Settings,Default Settings and Specifications > Factory Default Settings,Default Settings and Specifications,2,100,101,P5,1,1,1,1,1403,1403,351,351,1,87ebf094-d540-5335-a8c1-1124f1b4ac87,87ebf094-d540-5335-a8c1-1124f1b4ac87,398c0bb9-3253-4629-a5ed-18f51d9fb36b:87ebf094-d540-5335-a8c1-1124f1b4ac87,True,leaf outline with direct text candidate
398c0bb9-3253-4629-a5ed-18f51d9fb36b:OUTLINE:5288d5905809f31e,398c0bb9-3253-4629-a5ed-18f51d9fb36b:OUTLINE:5288d5905809f31e,398c0bb9-3253-4629-a5ed-18f51d9fb36b,netgear-lm1200.pdf,LM1200,f1585b55-dd36-5ff6-a6e2-a97bac41ae92,Technical and Environmental Specifications,Default Settings and Specifications > Technical and Environmental Specifications,Default Settings and Specifications,2,101,101,P5,1,1,1,1,780,780,195,195,1,155f18c9-13d9-5cb6-9614-84ee77f14b89,155f18c9-13d9-5cb6-9614-84ee77f14b89,398c0bb9-3253-4629-a5ed-18f51d9fb36b:155f18c9-13d9-5cb6-9614-84ee77f14b89,True,leaf outline with direct text candidate
398c0bb9-3253-4629-a5ed-18f51d9fb36b:OUTLINE:e5228cc671a00a10,398c0bb9-3253-4629-a5ed-18f51d9fb36b:OUTLINE:e5228cc671a00a10,398c0bb9-3253-4629-a5ed-18f51d9fb36b,netgear-lm1200.pdf,LM1200,bcaba4aa-93e2-5c35-ae7c-17085bcefcb7,Position Your Modem,Wall-Mount the Modem > Position Your Modem,Wall-Mount the Modem,2,103,103,P5,1,1,1,1,921,921,231,231,0,adb9ddbc-9aad-5fb1-ad85-d64f90c6d975,adb9ddbc-9aad-5fb1-ad85-d64f90c6d975,398c0bb9-3253-4629-a5ed-18f51d9fb36b:adb9ddbc-9aad-5fb1-ad85-d64f90c6d975,True,leaf outline with direct text candidate
398c0bb9-3253-4629-a5ed-18f51d9fb36b:OUTLINE:4aaf9331212e8725,398c0bb9-3253-4629-a5ed-18f51d9fb36b:OUTLINE:4aaf9331212e8725,398c0bb9-3253-4629-a5ed-18f51d9fb36b,netgear-lm1200.pdf,LM1200,d0ef9adf-01dd-57d7-8e7d-930b8123a36d,Mount Your Modem,Wall-Mount the Modem > Mount Your Modem,Wall-Mount the Modem,2,104,105,P5,1,1,1,1,426,426,107,107,0,e0c086f4-4cd9-5c16-8931-64fdfdae778a,e0c086f4-4cd9-5c16-8931-64fdfdae778a,398c0bb9-3253-4629-a5ed-18f51d9fb36b:e0c086f4-4cd9-5c16-8931-64fdfdae778a,True,leaf outline with direct text candidate
d363d52d-99b4-4258-9e83-eca4fbdf4722:OUTLINE:033507027290a40f,d363d52d-99b4-4258-9e83-eca4fbdf4722:OUTLINE:033507027290a40f,d363d52d-99b4-4258-9e83-eca4fbdf4722,netgear-r6350.pdf,R6350,8c86e653-31e4-5a37-95d0-d91797a88f42,Unpack Your Router,Hardware Overview of the Router > Unpack Your Router,Hardware Overview of the Router,2,11,11,P1,1,1,1,1,148,148,37,37,1,a70bbfe8-7c8e-5dae-9e8d-f5505b73575c,a70bbfe8-7c8e-5dae-9e8d-f5505b73575c,d363d52d-99b4-4258-9e83-eca4fbdf4722:a70bbfe8-7c8e-5dae-9e8d-f5505b73575c,True,leaf outline with direct text candidate
d363d52d-99b4-4258-9e83-eca4fbdf4722:OUTLINE:aacd10b983ea2676,d363d52d-99b4-4258-9e83-eca4fbdf4722:OUTLINE:aacd10b983ea2676,d363d52d-99b4-4258-9e83-eca4fbdf4722,netgear-r6350.pdf,R6350,5566ff0a-186e-5675-a60c-036d2bc4fb3f,LEDs and Buttons on the Top Panel,Hardware Overview of the Router > LEDs and Buttons on the Top Panel,Hardware Overview of the Router,2,12,13,P1,1,1,1,1,686,686,172,172,1,f1728e9d-fc9e-5d1d-a5fc-80bf06baf33f,f1728e9d-fc9e-5d1d-a5fc-80bf06baf33f,d363d52d-99b4-4258-9e83-eca4fbdf4722:f1728e9d-fc9e-5d1d-a5fc-80bf06baf33f,True,leaf outline with direct text candidate
d363d52d-99b4-4258-9e83-eca4fbdf4722:OUTLINE:40e089074142438f,d363d52d-99b4-4258-9e83-eca4fbdf4722:OUTLINE:40e089074142438f,d363d52d-99b4-4258-9e83-eca4fbdf4722,netgear-r6350.pdf,R6350,99369a69-05ba-5169-8dd8-f3537bc0da7d,"Ports, Buttons, and Connectors on the Back Panel","Hardware Overview of the Router > Ports, Buttons, and Connectors on the Back Panel",Hardware Overview of the Router,2,13,14,P1,1,1,1,1,939,939,235,235,1,e6b32ce5-61dc-5e62-aaca-1b33db7e75e1,e6b32ce5-61dc-5e62-aaca-1b33db7e75e1,d363d52d-99b4-4258-9e83-eca4fbdf4722:e6b32ce5-61dc-5e62-aaca-1b33db7e75e1,True,leaf outline with direct text candidate
d363d52d-99b4-4258-9e83-eca4fbdf4722:OUTLINE:95c032c8788f717d,d363d52d-99b4-4258-9e83-eca4fbdf4722:OUTLINE:95c032c8788f717d,d363d52d-99b4-4258-9e83-eca4fbdf4722,netgear-r6350.pdf,R6350,e48aa0c5-6322-5baf-b40f-4660fca17e84,Router Label,Hardware Overview of the Router > Router Label,Hardware Overview of the Router,2,14,14,P1,1,1,1,1,180,180,45,45,1,f0846d5c-f5d4-57a1-8d75-50ee11e842e5,f0846d5c-f5d4-57a1-8d75-50ee11e842e5,d363d52d-99b4-4258-9e83-eca4fbdf4722:f0846d5c-f5d4-57a1-8d75-50ee11e842e5,True,leaf outline with direct text candidate
d363d52d-99b4-4258-9e83-eca4fbdf4722:OUTLINE:64de4372703569a8,d363d52d-99b4-4258-9e83-eca4fbdf4722:OUTLINE:64de4372703569a8,d363d52d-99b4-4258-9e83-eca4fbdf4722,netgear-r6350.pdf,R6350,d07a5d8a-8964-5d6c-be46-81431c9fa45a,Position the Router,Hardware Overview of the Router > Position the Router,Hardware Overview of the Router,2,14,15,P1,1,1,1,1,1503,1503,376,376,0,f560fa87-ade1-5ba5-82be-6f60bfaf653b,f560fa87-ade1-5ba5-82be-6f60bfaf653b,d363d52d-99b4-4258-9e83-eca4fbdf4722:f560fa87-ade1-5ba5-82be-6f60bfaf653b,True,leaf outline with direct text candidate
d363d52d-99b4-4258-9e83-eca4fbdf4722:OUTLINE:b8fc4ba0a9a4e902,d363d52d-99b4-4258-9e83-eca4fbdf4722:OUTLINE:b8fc4ba0a9a4e902,d363d52d-99b4-4258-9e83-eca4fbdf4722,netgear-r6350.pdf,R6350,665b8bc1-42f0-5e7b-8253-6e02d8567e38,Cable Your Router,Hardware Overview of the Router > Cable Your Router,Hardware Overview of the Router,2,16,16,P1,1,1,1,1,632,632,158,158,1,f3047487-3030-5d7a-90c2-83db7ea04d9d,f3047487-3030-5d7a-90c2-83db7ea04d9d,d363d52d-99b4-4258-9e83-eca4fbdf4722:f3047487-3030-5d7a-90c2-83db7ea04d9d,True,leaf outline with direct text candidate
d363d52d-99b4-4258-9e83-eca4fbdf4722:OUTLINE:5e35b0410f75a90b,d363d52d-99b4-4258-9e83-eca4fbdf4722:OUTLINE:5e35b0410f75a90b,d363d52d-99b4-4258-9e83-eca4fbdf4722,netgear-r6350.pdf,R6350,330747fc-d02d-5e9d-b9d3-c3f035aa42b8,Wall-Mount Your Router,Hardware Overview of the Router > Wall-Mount Your Router,Hardware Overview of the Router,2,16,17,P1,1,1,1,1,537,537,135,135,1,82df858c-58dc-5218-ab49-31371a22c36b,82df858c-58dc-5218-ab49-31371a22c36b,d363d52d-99b4-4258-9e83-eca4fbdf4722:82df858c-58dc-5218-ab49-31371a22c36b,True,leaf outline with direct text candidate
d363d52d-99b4-4258-9e83-eca4fbdf4722:OUTLINE:6e0b415cbf776ef9,d363d52d-99b4-4258-9e83-eca4fbdf4722:OUTLINE:6e0b415cbf776ef9,d363d52d-99b4-4258-9e83-eca4fbdf4722,netgear-r6350.pdf,R6350,31104b77-2dc7-5464-b3d9-ddcd702ebbef,Connect to the network using a wired connection,Connect to the Network and Access the Router > Connect to the network > Connect to the network using a wired connection,Connect to the Network and Access the Router > Connect to the network,3,19,19,P1,1,1,1,1,450,450,113,113,0,8c9c3311-abcd-5912-bda0-41cc81f81fc2,8c9c3311-abcd-5912-bda0-41cc81f81fc2,d363d52d-99b4-4258-9e83-eca4fbdf4722:8c9c3311-abcd-5912-bda0-41cc81f81fc2,True,leaf outline with direct text candidate
d363d52d-99b4-4258-9e83-eca4fbdf4722:OUTLINE:f722d4aa52341ba7,d363d52d-99b4-4258-9e83-eca4fbdf4722:OUTLINE:f722d4aa52341ba7,d363d52d-99b4-4258-9e83-eca4fbdf4722,netgear-r6350.pdf,R6350,baf38c54-f379-50db-81be-987a00a1b04d,Find and connect to the WiFi network,Connect to the Network and Access the Router > Connect to the network > Find and connect to the WiFi network,Connect to the Network and Access the Router > Connect to the network,3,19,19,P1,1,1,1,1,361,361,91,91,0,973675a2-5b9b-5f2a-90c6-c2c5661fd7b9,973675a2-5b9b-5f2a-90c6-c2c5661fd7b9,d363d52d-99b4-4258-9e83-eca4fbdf4722:973675a2-5b9b-5f2a-90c6-c2c5661fd7b9,True,leaf outline with direct text candidate
d363d52d-99b4-4258-9e83-eca4fbdf4722:OUTLINE:0c5d1fb6a581adfa,d363d52d-99b4-4258-9e83-eca4fbdf4722:OUTLINE:0c5d1fb6a581adfa,d363d52d-99b4-4258-9e83-eca4fbdf4722,netgear-r6350.pdf,R6350,00de106c-73a5-5dcd-ab52-c78de4f567f2,WiFi connection using WPS,Connect to the Network and Access the Router > Connect to the network > WiFi connection using WPS,Connect to the Network and Access the Router > Connect to the network,3,19,20,P1,1,1,1,1,545,545,137,137,0,2d39d5ec-5238-5e12-83da-bbfdf19b3337,2d39d5ec-5238-5e12-83da-bbfdf19b3337,d363d52d-99b4-4258-9e83-eca4fbdf4722:2d39d5ec-5238-5e12-83da-bbfdf19b3337,True,leaf outline with direct text candidate
d363d52d-99b4-4258-9e83-eca4fbdf4722:OUTLINE:ae3a244734afb7ee,d363d52d-99b4-4258-9e83-eca4fbdf4722:OUTLINE:ae3a244734afb7ee,d363d52d-99b4-4258-9e83-eca4fbdf4722,netgear-r6350.pdf,R6350,964c8341-d90c-5c79-a962-e56e5c4fe30d,Types of logins,Connect to the Network and Access the Router > Types of logins,Connect to the Network and Access the Router,2,20,20,P1,1,1,1,1,905,905,227,227,0,3aac066a-ea6a-5707-8ddb-648628282689,3aac066a-ea6a-5707-8ddb-648628282689,d363d52d-99b4-4258-9e83-eca4fbdf4722:3aac066a-ea6a-5707-8ddb-648628282689,True,leaf outline with direct text candidate
d363d52d-99b4-4258-9e83-eca4fbdf4722:OUTLINE:5d93a420dd4d745f,d363d52d-99b4-4258-9e83-eca4fbdf4722:OUTLINE:5d93a420dd4d745f,d363d52d-99b4-4258-9e83-eca4fbdf4722,netgear-r6350.pdf,R6350,37045c7d-275e-56ef-9c5c-19aab0401a62,Automatic Internet Setup,Connect to the Network and Access the Router > Use a web browser to access the router > Automatic Internet Setup,Connect to the Network and Access the Router > Use a web browser to access the router,3,20,22,P1,1,1,1,1,2983,2983,746,746,0,2a4543f0-0845-53ce-a447-253d0b1c99b2,2a4543f0-0845-53ce-a447-253d0b1c99b2,d363d52d-99b4-4258-9e83-eca4fbdf4722:2a4543f0-0845-53ce-a447-253d0b1c99b2,True,leaf outline with direct text candidate
d363d52d-99b4-4258-9e83-eca4fbdf4722:OUTLINE:e5f5941e9398252c,d363d52d-99b4-4258-9e83-eca4fbdf4722:OUTLINE:e5f5941e9398252c,d363d52d-99b4-4258-9e83-eca4fbdf4722,netgear-r6350.pdf,R6350,72a19eaf-6acc-5c46-be73-f50f01b57022,Log in to the router,Connect to the Network and Access the Router > Use a web browser to access the router > Log in to the router,Connect to the Network and Access the Router > Use a web browser to access the router,3,22,22,P1,1,1,1,1,822,822,206,206,0,3f100d8c-71dc-51fa-999b-d623ca1ef390,3f100d8c-71dc-51fa-999b-d623ca1ef390,d363d52d-99b4-4258-9e83-eca4fbdf4722:3f100d8c-71dc-51fa-999b-d623ca1ef390,True,leaf outline with direct text candidate
d363d52d-99b4-4258-9e83-eca4fbdf4722:OUTLINE:1926c82f8efb8460,d363d52d-99b4-4258-9e83-eca4fbdf4722:OUTLINE:1926c82f8efb8460,d363d52d-99b4-4258-9e83-eca4fbdf4722,netgear-r6350.pdf,R6350,d8a7364f-73f4-5d44-95da-70c2c2a2945d,Install and manage your router with the Nighthawk app,Connect to the Network and Access the Router > Install and manage your router with the Nighthawk app,Connect to the Network and Access the Router,2,22,23,P1,1,1,1,1,854,854,214,214,0,e49d938a-0e25-5e09-a4db-b0054eb87a69,e49d938a-0e25-5e09-a4db-b0054eb87a69,d363d52d-99b4-4258-9e83-eca4fbdf4722:e49d938a-0e25-5e09-a4db-b0054eb87a69,True,leaf outline with direct text candidate
d363d52d-99b4-4258-9e83-eca4fbdf4722:OUTLINE:45cb4eb30e732d61,d363d52d-99b4-4258-9e83-eca4fbdf4722:OUTLINE:45cb4eb30e732d61,d363d52d-99b4-4258-9e83-eca4fbdf4722,netgear-r6350.pdf,R6350,a807c8ef-49b0-50a8-b37a-fb6bad347d8f,Change the language,Connect to the Network and Access the Router > Change the language,Connect to the Network and Access the Router,2,23,23,P1,1,1,1,1,705,705,177,177,0,828f4d55-febe-5dbd-a701-f2a193bb73b3,828f4d55-febe-5dbd-a701-f2a193bb73b3,d363d52d-99b4-4258-9e83-eca4fbdf4722:828f4d55-febe-5dbd-a701-f2a193bb73b3,True,leaf outline with direct text candidate
d363d52d-99b4-4258-9e83-eca4fbdf4722:OUTLINE:615f1a78bd39eb84,d363d52d-99b4-4258-9e83-eca4fbdf4722:OUTLINE:615f1a78bd39eb84,d363d52d-99b4-4258-9e83-eca4fbdf4722,netgear-r6350.pdf,R6350,f6cb94e6-68fc-511e-be2b-c894839080f2,Use the Internet Setup Wizard,Specify Your Internet Settings > Use the Internet Setup Wizard,Specify Your Internet Settings,2,25,25,P1,1,1,1,1,1031,1031,258,258,0,e697d549-12b3-54de-89de-9cefe5ea9405,e697d549-12b3-54de-89de-9cefe5ea9405,d363d52d-99b4-4258-9e83-eca4fbdf4722:e697d549-12b3-54de-89de-9cefe5ea9405,True,leaf outline with direct text candidate
d363d52d-99b4-4258-9e83-eca4fbdf4722:OUTLINE:8c80cd632556e4e9,d363d52d-99b4-4258-9e83-eca4fbdf4722:OUTLINE:8c80cd632556e4e9,d363d52d-99b4-4258-9e83-eca4fbdf4722,netgear-r6350.pdf,R6350,ec7dc13c-8613-582a-87e4-ac4b910ecd0b,Specify an Internet connection without a login,Specify Your Internet Settings > Manually set up the Internet connection > Specify an Internet connection without a login,Specify Your Internet Settings > Manually set up the Internet connection,3,25,27,P1,1,1,1,1,2292,2292,573,573,0,bc5026ce-9daf-5a38-a45c-8f6f353a91c7,bc5026ce-9daf-5a38-a45c-8f6f353a91c7,d363d52d-99b4-4258-9e83-eca4fbdf4722:bc5026ce-9daf-5a38-a45c-8f6f353a91c7,True,leaf outline with direct text candidate
d363d52d-99b4-4258-9e83-eca4fbdf4722:OUTLINE:d0ee27b3b2631033,d363d52d-99b4-4258-9e83-eca4fbdf4722:OUTLINE:d0ee27b3b2631033,d363d52d-99b4-4258-9e83-eca4fbdf4722,netgear-r6350.pdf,R6350,68ca60e0-75b4-5d91-a8c3-ffbd314ff508,Specify an Internet connection that uses a login and PPPoE service,Specify Your Internet Settings > Manually set up the Internet connection > Specify an Internet connection that uses a login and PPPoE service,Specify Your Internet Settings > Manually set up the Internet connection,3,27,28,P1,1,1,1,1,3179,3179,795,795,0,1190a45f-877b-5cd2-a8d9-5ab1c390c374,1190a45f-877b-5cd2-a8d9-5ab1c390c374,d363d52d-99b4-4258-9e83-eca4fbdf4722:1190a45f-877b-5cd2-a8d9-5ab1c390c374,True,leaf outline with direct text candidate
d363d52d-99b4-4258-9e83-eca4fbdf4722:OUTLINE:e15c537da61e83b2,d363d52d-99b4-4258-9e83-eca4fbdf4722:OUTLINE:e15c537da61e83b2,d363d52d-99b4-4258-9e83-eca4fbdf4722,netgear-r6350.pdf,R6350,da34b8a5-9303-5da3-8d55-246257cfdcbf,Specify an Internet connection that uses a login and PPTP or L2TP service,Specify Your Internet Settings > Manually set up the Internet connection > Specify an Internet connection that uses a login and PPTP or L2TP service,Specify Your Internet Settings > Manually set up the Internet connection,3,28,30,P1,1,1,1,1,3115,3115,779,779,0,7f09c281-7bc2-53c4-b038-7044865d3dd7,7f09c281-7bc2-53c4-b038-7044865d3dd7,d363d52d-99b4-4258-9e83-eca4fbdf4722:7f09c281-7bc2-53c4-b038-7044865d3dd7,True,leaf outline with direct text candidate
d363d52d-99b4-4258-9e83-eca4fbdf4722:OUTLINE:a601ee74ef01a3a2,d363d52d-99b4-4258-9e83-eca4fbdf4722:OUTLINE:a601ee74ef01a3a2,d363d52d-99b4-4258-9e83-eca4fbdf4722,netgear-r6350.pdf,R6350,d77a2849-f056-52b0-8dbd-3ba2bba77114,Requirements for entering IPv6 addresses,Specify Your Internet Settings > Specify IPv6 Internet connections > Requirements for entering IPv6 addresses,Specify Your Internet Settings > Specify IPv6 Internet connections,3,31,31,P1,1,1,1,1,376,376,94,94,0,b60ce24d-2b57-52a7-93ab-556a06485338,b60ce24d-2b57-52a7-93ab-556a06485338,d363d52d-99b4-4258-9e83-eca4fbdf4722:b60ce24d-2b57-52a7-93ab-556a06485338,True,leaf outline with direct text candidate
d363d52d-99b4-4258-9e83-eca4fbdf4722:OUTLINE:e56ff86c57f00c6d,d363d52d-99b4-4258-9e83-eca4fbdf4722:OUTLINE:e56ff86c57f00c6d,d363d52d-99b4-4258-9e83-eca4fbdf4722,netgear-r6350.pdf,R6350,51556187-3dfc-54f9-ad7e-df9d98cbe14d,Use Auto Config for an IPv6 Internet connection,Specify Your Internet Settings > Specify IPv6 Internet connections > Use Auto Config for an IPv6 Internet connection,Specify Your Internet Settings > Specify IPv6 Internet connections,3,31,32,P1,1,1,1,1,3023,3023,756,756,0,13b00f31-d3a8-5ba0-bdaf-f23830f3132a,13b00f31-d3a8-5ba0-bdaf-f23830f3132a,d363d52d-99b4-4258-9e83-eca4fbdf4722:13b00f31-d3a8-5ba0-bdaf-f23830f3132a,True,leaf outline with direct text candidate
d363d52d-99b4-4258-9e83-eca4fbdf4722:OUTLINE:4acb33c5d05614f1,d363d52d-99b4-4258-9e83-eca4fbdf4722:OUTLINE:4acb33c5d05614f1,d363d52d-99b4-4258-9e83-eca4fbdf4722,netgear-r6350.pdf,R6350,f3600f05-a7aa-57aa-bb52-04ea8b5c1070,Use Auto Detect for an IPv6 Internet connection,Specify Your Internet Settings > Specify IPv6 Internet connections > Use Auto Detect for an IPv6 Internet connection,Specify Your Internet Settings > Specify IPv6 Internet connections,3,33,34,P1,1,1,1,1,2057,2057,515,515,0,3905ab6d-a3ed-5b57-980c-70f944665a91,3905ab6d-a3ed-5b57-980c-70f944665a91,d363d52d-99b4-4258-9e83-eca4fbdf4722:3905ab6d-a3ed-5b57-980c-70f944665a91,True,leaf outline with direct text candidate
d363d52d-99b4-4258-9e83-eca4fbdf4722:OUTLINE:d330686b16c734af,d363d52d-99b4-4258-9e83-eca4fbdf4722:OUTLINE:d330686b16c734af,d363d52d-99b4-4258-9e83-eca4fbdf4722,netgear-r6350.pdf,R6350,acfe1994-f10a-5e64-8fdf-f049293fd228,Set up an IPv6 6to4 tunnel Internet connection,Specify Your Internet Settings > Specify IPv6 Internet connections > Set up an IPv6 6to4 tunnel Internet connection,Specify Your Internet Settings > Specify IPv6 Internet connections,3,34,35,P1,1,1,1,1,2548,2548,637,637,0,ad49e55f-a53b-5c41-8bf1-a36c022c9b3b,ad49e55f-a53b-5c41-8bf1-a36c022c9b3b,d363d52d-99b4-4258-9e83-eca4fbdf4722:ad49e55f-a53b-5c41-8bf1-a36c022c9b3b,True,leaf outline with direct text candidate
d363d52d-99b4-4258-9e83-eca4fbdf4722:OUTLINE:50e6d107005139a1,d363d52d-99b4-4258-9e83-eca4fbdf4722:OUTLINE:50e6d107005139a1,d363d52d-99b4-4258-9e83-eca4fbdf4722,netgear-r6350.pdf,R6350,848685eb-daef-597c-bbc6-1afc4e522245,Set Up an IPv6 6rd Tunnel Connection,Specify Your Internet Settings > Specify IPv6 Internet connections > Set Up an IPv6 6rd Tunnel Connection,Specify Your Internet Settings > Specify IPv6 Internet connections,3,35,36,P1,1,1,1,1,3035,3035,759,759,0,f0ab8d04-3400-5e98-845d-4eadf6c182b1,f0ab8d04-3400-5e98-845d-4eadf6c182b1,d363d52d-99b4-4258-9e83-eca4fbdf4722:f0ab8d04-3400-5e98-845d-4eadf6c182b1,True,leaf outline with direct text candidate
d363d52d-99b4-4258-9e83-eca4fbdf4722:OUTLINE:7dcc6744e0e7954c,d363d52d-99b4-4258-9e83-eca4fbdf4722:OUTLINE:7dcc6744e0e7954c,d363d52d-99b4-4258-9e83-eca4fbdf4722,netgear-r6350.pdf,R6350,29d442f9-55cc-508f-b3e0-7dd3cd5cb4d0,Set up an IPv6 pass-through Internet connection,Specify Your Internet Settings > Specify IPv6 Internet connections > Set up an IPv6 pass-through Internet connection,Specify Your Internet Settings > Specify IPv6 Internet connections,3,37,37,P1,1,1,1,1,883,883,221,221,0,8f1462da-3007-5dbb-8290-b50deba4b7d6,8f1462da-3007-5dbb-8290-b50deba4b7d6,d363d52d-99b4-4258-9e83-eca4fbdf4722:8f1462da-3007-5dbb-8290-b50deba4b7d6,True,leaf outline with direct text candidate
d363d52d-99b4-4258-9e83-eca4fbdf4722:OUTLINE:469700ad9a5da2d1,d363d52d-99b4-4258-9e83-eca4fbdf4722:OUTLINE:469700ad9a5da2d1,d363d52d-99b4-4258-9e83-eca4fbdf4722,netgear-r6350.pdf,R6350,49d6b68b-b7c9-5710-ac9e-249af092a66f,Set up a fixed IPv6 Internet connection,Specify Your Internet Settings > Specify IPv6 Internet connections > Set up a fixed IPv6 Internet connection,Specify Your Internet Settings > Specify IPv6 Internet connections,3,37,38,P1,1,1,1,1,1920,1920,480,480,0,8f107b00-5c65-54e2-9117-df095ea0c17b,8f107b00-5c65-54e2-9117-df095ea0c17b,d363d52d-99b4-4258-9e83-eca4fbdf4722:8f107b00-5c65-54e2-9117-df095ea0c17b,True,leaf outline with direct text candidate
d363d52d-99b4-4258-9e83-eca4fbdf4722:OUTLINE:90fc01de3ddd93f5,d363d52d-99b4-4258-9e83-eca4fbdf4722:OUTLINE:90fc01de3ddd93f5,d363d52d-99b4-4258-9e83-eca4fbdf4722,netgear-r6350.pdf,R6350,8281205e-6bb4-5d21-b125-b0e845b1dce1,Set up an IPv6 DHCP Internet connection,Specify Your Internet Settings > Specify IPv6 Internet connections > Set up an IPv6 DHCP Internet connection,Specify Your Internet Settings > Specify IPv6 Internet connections,3,38,40,P1,1,1,1,1,3010,3010,753,753,0,3cdc28da-af99-5e50-8546-22a4d252454e,3cdc28da-af99-5e50-8546-22a4d252454e,d363d52d-99b4-4258-9e83-eca4fbdf4722:3cdc28da-af99-5e50-8546-22a4d252454e,True,leaf outline with direct text candidate
d363d52d-99b4-4258-9e83-eca4fbdf4722:OUTLINE:a15cf3131d7cad31,d363d52d-99b4-4258-9e83-eca4fbdf4722:OUTLINE:a15cf3131d7cad31,d363d52d-99b4-4258-9e83-eca4fbdf4722,netgear-r6350.pdf,R6350,e7c1f74e-d378-5acb-9053-163036eb1756,Set up an IPv6 PPPoE Internet connection,Specify Your Internet Settings > Specify IPv6 Internet connections > Set up an IPv6 PPPoE Internet connection,Specify Your Internet Settings > Specify IPv6 Internet connections,3,40,41,P1,1,1,1,1,3323,3323,831,831,0,e46ca10e-e68a-5fa2-b561-672081dfc505,e46ca10e-e68a-5fa2-b561-672081dfc505,d363d52d-99b4-4258-9e83-eca4fbdf4722:e46ca10e-e68a-5fa2-b561-672081dfc505,True,leaf outline with direct text candidate
d363d52d-99b4-4258-9e83-eca4fbdf4722:OUTLINE:88cdae4e848e09b9,d363d52d-99b4-4258-9e83-eca4fbdf4722:OUTLINE:88cdae4e848e09b9,d363d52d-99b4-4258-9e83-eca4fbdf4722,netgear-r6350.pdf,R6350,1f607def-6af3-595e-9fdb-3e8b327a3b8a,MTU concepts,Specify Your Internet Settings > Manage the MTU size > MTU concepts,Specify Your Internet Settings > Manage the MTU size,3,42,43,P2,1,1,1,1,2005,2005,502,502,1,ae418564-dba4-5258-bb5b-731e4c45585d,ae418564-dba4-5258-bb5b-731e4c45585d,d363d52d-99b4-4258-9e83-eca4fbdf4722:ae418564-dba4-5258-bb5b-731e4c45585d,True,leaf outline with direct text candidate
d363d52d-99b4-4258-9e83-eca4fbdf4722:OUTLINE:fac12b6c6fd62dc2,d363d52d-99b4-4258-9e83-eca4fbdf4722:OUTLINE:fac12b6c6fd62dc2,d363d52d-99b4-4258-9e83-eca4fbdf4722,netgear-r6350.pdf,R6350,2478c3d2-0377-50d1-b69b-f398fe80e168,Change the MTU size,Specify Your Internet Settings > Manage the MTU size > Change the MTU size,Specify Your Internet Settings > Manage the MTU size,3,43,43,P2,1,1,1,1,1049,1049,263,263,0,d4e1d4fc-7655-51fc-8d81-af75a4b11734,d4e1d4fc-7655-51fc-8d81-af75a4b11734,d363d52d-99b4-4258-9e83-eca4fbdf4722:d4e1d4fc-7655-51fc-8d81-af75a4b11734,True,leaf outline with direct text candidate
d363d52d-99b4-4258-9e83-eca4fbdf4722:OUTLINE:a3a38ce8697ef0cc,d363d52d-99b4-4258-9e83-eca4fbdf4722:OUTLINE:a3a38ce8697ef0cc,d363d52d-99b4-4258-9e83-eca4fbdf4722,netgear-r6350.pdf,R6350,374a52de-7ac3-5c3b-9d1e-52ae87228984,Optimize Traffic With QoS,Optimize Performance > Optimize Traffic With QoS,Optimize Performance,2,45,45,P2,1,1,1,1,1548,1548,387,387,0,31523c82-ff5a-5cbd-99de-acf962ac4e80,31523c82-ff5a-5cbd-99de-acf962ac4e80,d363d52d-99b4-4258-9e83-eca4fbdf4722:31523c82-ff5a-5cbd-99de-acf962ac4e80,True,leaf outline with direct text candidate
d363d52d-99b4-4258-9e83-eca4fbdf4722:OUTLINE:803ebf97f927f325,d363d52d-99b4-4258-9e83-eca4fbdf4722:OUTLINE:803ebf97f927f325,d363d52d-99b4-4258-9e83-eca4fbdf4722,netgear-r6350.pdf,R6350,5544b146-3b2e-50a4-b8a8-2aded5d4d022,Add a Custom QoS Rule for a Service or Application,Optimize Performance > Manage Default and Custom QoS Rules > Add a Custom QoS Rule for a Service or Application,Optimize Performance > Manage Default and Custom QoS Rules,3,46,47,P2,1,1,1,1,1818,1818,455,455,0,4d7b6c1c-3b9e-5c1e-ac7f-ae4f8459abac,4d7b6c1c-3b9e-5c1e-ac7f-ae4f8459abac,d363d52d-99b4-4258-9e83-eca4fbdf4722:4d7b6c1c-3b9e-5c1e-ac7f-ae4f8459abac,True,leaf outline with direct text candidate
d363d52d-99b4-4258-9e83-eca4fbdf4722:OUTLINE:2af65a638ace3524,d363d52d-99b4-4258-9e83-eca4fbdf4722:OUTLINE:2af65a638ace3524,d363d52d-99b4-4258-9e83-eca4fbdf4722,netgear-r6350.pdf,R6350,64d2ddcb-f5cc-5ac6-bd92-dc0e0bf98ade,Add a Custom QoS Rule for a Device,Optimize Performance > Manage Default and Custom QoS Rules > Add a Custom QoS Rule for a Device,Optimize Performance > Manage Default and Custom QoS Rules,3,47,48,P2,1,1,1,1,1431,1431,358,358,0,3de108e6-86e1-53df-8ead-8bc5ddf2c21a,3de108e6-86e1-53df-8ead-8bc5ddf2c21a,d363d52d-99b4-4258-9e83-eca4fbdf4722:3de108e6-86e1-53df-8ead-8bc5ddf2c21a,True,leaf outline with direct text candidate
d363d52d-99b4-4258-9e83-eca4fbdf4722:OUTLINE:19fd3f06b6348b2b,d363d52d-99b4-4258-9e83-eca4fbdf4722:OUTLINE:19fd3f06b6348b2b,d363d52d-99b4-4258-9e83-eca4fbdf4722,netgear-r6350.pdf,R6350,0af5c7b0-2f10-5df9-bd45-98aeb980adef,Change a QoS Rule or Change the Priority for a Rule,Optimize Performance > Manage Default and Custom QoS Rules > Change a QoS Rule or Change the Priority for a Rule,Optimize Performance > Manage Default and Custom QoS Rules,3,48,49,P2,1,1,1,1,1321,1321,331,331,0,4c29fa56-9274-5f68-8ad3-b1ac381166b0,4c29fa56-9274-5f68-8ad3-b1ac381166b0,d363d52d-99b4-4258-9e83-eca4fbdf4722:4c29fa56-9274-5f68-8ad3-b1ac381166b0,True,leaf outline with direct text candidate
d363d52d-99b4-4258-9e83-eca4fbdf4722:OUTLINE:f870b0410fe0711a,d363d52d-99b4-4258-9e83-eca4fbdf4722:OUTLINE:f870b0410fe0711a,d363d52d-99b4-4258-9e83-eca4fbdf4722,netgear-r6350.pdf,R6350,b2c2acf8-ba60-5f63-a4c1-b5a12fc1bf64,Remove a QoS Rule,Optimize Performance > Manage Default and Custom QoS Rules > Remove a QoS Rule,Optimize Performance > Manage Default and Custom QoS Rules,3,49,49,P2,1,1,1,1,780,780,195,195,0,31b5dd16-326a-5e79-817f-c2585e0248a2,31b5dd16-326a-5e79-817f-c2585e0248a2,d363d52d-99b4-4258-9e83-eca4fbdf4722:31b5dd16-326a-5e79-817f-c2585e0248a2,True,leaf outline with direct text candidate
d363d52d-99b4-4258-9e83-eca4fbdf4722:OUTLINE:a8f8765b5bebb3cd,d363d52d-99b4-4258-9e83-eca4fbdf4722:OUTLINE:a8f8765b5bebb3cd,d363d52d-99b4-4258-9e83-eca4fbdf4722,netgear-r6350.pdf,R6350,e1466acf-84b7-5794-9490-8a9c3546dce6,Remove All QoS Rules,Optimize Performance > Manage Default and Custom QoS Rules > Remove All QoS Rules,Optimize Performance > Manage Default and Custom QoS Rules,3,50,50,P2,1,1,1,1,1000,1000,250,250,0,608c38d6-fdd4-5be9-ad9e-b535d62a4cc1,608c38d6-fdd4-5be9-ad9e-b535d62a4cc1,d363d52d-99b4-4258-9e83-eca4fbdf4722:608c38d6-fdd4-5be9-ad9e-b535d62a4cc1,True,leaf outline with direct text candidate
d363d52d-99b4-4258-9e83-eca4fbdf4722:OUTLINE:cd042b57054843ad,d363d52d-99b4-4258-9e83-eca4fbdf4722:OUTLINE:cd042b57054843ad,d363d52d-99b4-4258-9e83-eca4fbdf4722,netgear-r6350.pdf,R6350,3d613e92-a55d-5f10-bd10-aa98c094ec37,Manage Uplink Bandwidth Control,Optimize Performance > Manage Uplink Bandwidth Control,Optimize Performance,2,50,51,P2,1,1,1,1,1072,1072,268,268,0,2032ce2e-416a-5826-975f-d511032ad319,2032ce2e-416a-5826-975f-d511032ad319,d363d52d-99b4-4258-9e83-eca4fbdf4722:2032ce2e-416a-5826-975f-d511032ad319,True,leaf outline with direct text candidate
d363d52d-99b4-4258-9e83-eca4fbdf4722:OUTLINE:6aedfbcb9c05e0fc,d363d52d-99b4-4258-9e83-eca4fbdf4722:OUTLINE:6aedfbcb9c05e0fc,d363d52d-99b4-4258-9e83-eca4fbdf4722,netgear-r6350.pdf,R6350,4aab5b32-28fb-5619-8784-e16b19aec915,Manage Wi-Fi Multimedia Quality of Service,Optimize Performance > Manage Wi-Fi Multimedia Quality of Service,Optimize Performance,2,51,52,P2,1,1,1,1,1882,1882,471,471,0,7dc399c2-3be3-5fb5-b3fa-4571c9838d34,7dc399c2-3be3-5fb5-b3fa-4571c9838d34,d363d52d-99b4-4258-9e83-eca4fbdf4722:7dc399c2-3be3-5fb5-b3fa-4571c9838d34,True,leaf outline with direct text candidate
d363d52d-99b4-4258-9e83-eca4fbdf4722:OUTLINE:4da8e40be17ac59a,d363d52d-99b4-4258-9e83-eca4fbdf4722:OUTLINE:4da8e40be17ac59a,d363d52d-99b4-4258-9e83-eca4fbdf4722,netgear-r6350.pdf,R6350,6c268039-22b5-57be-9435-3a477271599f,Improve network connections with Universal Plug and Play,Optimize Performance > Improve network connections with Universal Plug and Play,Optimize Performance,2,52,53,P2,1,1,1,1,2524,2524,631,631,0,85b88b12-066d-576e-81f4-1c07a53e5bb8,85b88b12-066d-576e-81f4-1c07a53e5bb8,d363d52d-99b4-4258-9e83-eca4fbdf4722:85b88b12-066d-576e-81f4-1c07a53e5bb8,True,leaf outline with direct text candidate
d363d52d-99b4-4258-9e83-eca4fbdf4722:OUTLINE:150bbf4bbbd3d2b0,d363d52d-99b4-4258-9e83-eca4fbdf4722:OUTLINE:150bbf4bbbd3d2b0,d363d52d-99b4-4258-9e83-eca4fbdf4722,netgear-r6350.pdf,R6350,f017bf7f-f259-5d6e-a53e-a795cf3fb13a,View or Change the Basic WiFi Settings and WiFi Security Settings,Manage the Basic WiFi Network Settings > Manage the Basic WiFi Settings and WiFi Security of the Main Network > View or Change the Basic WiFi Settings and WiFi Security Settings,Manage the Basic WiFi Network Settings > Manage the Basic WiFi Settings and WiFi Security of the Main Network,3,55,61,P2,1,1,1,1,10792,10792,2698,2698,0,787bf746-baa8-5c9a-ae48-a5ad2b135ee9,787bf746-baa8-5c9a-ae48-a5ad2b135ee9,d363d52d-99b4-4258-9e83-eca4fbdf4722:787bf746-baa8-5c9a-ae48-a5ad2b135ee9,True,leaf outline with direct text candidate
d363d52d-99b4-4258-9e83-eca4fbdf4722:OUTLINE:43781cbd893b44a9,d363d52d-99b4-4258-9e83-eca4fbdf4722:OUTLINE:43781cbd893b44a9,d363d52d-99b4-4258-9e83-eca4fbdf4722,netgear-r6350.pdf,R6350,6d8fc1f6-54e3-509f-9d2e-48f70e0c9c21,Configure WEP Legacy WiFi Security,Manage the Basic WiFi Network Settings > Manage the Basic WiFi Settings and WiFi Security of the Main Network > Configure WEP Legacy WiFi Security,Manage the Basic WiFi Network Settings > Manage the Basic WiFi Settings and WiFi Security of the Main Network,3,61,62,P2,1,1,1,1,3342,3342,836,836,0,8b2e89c5-6144-5e05-a55b-4057f6b5e14d,8b2e89c5-6144-5e05-a55b-4057f6b5e14d,d363d52d-99b4-4258-9e83-eca4fbdf4722:8b2e89c5-6144-5e05-a55b-4057f6b5e14d,True,leaf outline with direct text candidate
d363d52d-99b4-4258-9e83-eca4fbdf4722:OUTLINE:89eda205458142f7,d363d52d-99b4-4258-9e83-eca4fbdf4722:OUTLINE:89eda205458142f7,d363d52d-99b4-4258-9e83-eca4fbdf4722,netgear-r6350.pdf,R6350,89fd0475-11e0-5c00-9dee-2077f0e56254,Configure WPA/WPA2 Enterprise WiFi Security,Manage the Basic WiFi Network Settings > Manage the Basic WiFi Settings and WiFi Security of the Main Network > Configure WPA/WPA2 Enterprise WiFi Security,Manage the Basic WiFi Network Settings > Manage the Basic WiFi Settings and WiFi Security of the Main Network,3,62,64,P2,1,1,1,1,3379,3379,845,845,0,9bd1df23-1d58-5c8c-8f83-1317dd4956c3,9bd1df23-1d58-5c8c-8f83-1317dd4956c3,d363d52d-99b4-4258-9e83-eca4fbdf4722:9bd1df23-1d58-5c8c-8f83-1317dd4956c3,True,leaf outline with direct text candidate
d363d52d-99b4-4258-9e83-eca4fbdf4722:OUTLINE:bee3116beb605191,d363d52d-99b4-4258-9e83-eca4fbdf4722:OUTLINE:bee3116beb605191,d363d52d-99b4-4258-9e83-eca4fbdf4722,netgear-r6350.pdf,R6350,85665a85-7e9c-5af4-a40a-3f59475cba34,Use WPS With the Push Button Method,Manage the Basic WiFi Network Settings > Use WPS to Add a Device to the WiFi Network > Use WPS With the Push Button Method,Manage the Basic WiFi Network Settings > Use WPS to Add a Device to the WiFi Network,3,65,65,P2,1,1,1,1,1763,1763,441,441,0,847e52fa-cfae-5165-9882-14115ce67738,847e52fa-cfae-5165-9882-14115ce67738,d363d52d-99b4-4258-9e83-eca4fbdf4722:847e52fa-cfae-5165-9882-14115ce67738,True,leaf outline with direct text candidate
d363d52d-99b4-4258-9e83-eca4fbdf4722:OUTLINE:d7ac87ce0c68cde2,d363d52d-99b4-4258-9e83-eca4fbdf4722:OUTLINE:d7ac87ce0c68cde2,d363d52d-99b4-4258-9e83-eca4fbdf4722,netgear-r6350.pdf,R6350,9de10dab-1c7b-5dda-8f60-4c993a97ef03,Use WPS With the PIN Method,Manage the Basic WiFi Network Settings > Use WPS to Add a Device to the WiFi Network > Use WPS With the PIN Method,Manage the Basic WiFi Network Settings > Use WPS to Add a Device to the WiFi Network,3,66,66,P2,1,1,1,1,1628,1628,407,407,0,986d0351-50e2-55c0-9565-0771e70e1f98,986d0351-50e2-55c0-9565-0771e70e1f98,d363d52d-99b4-4258-9e83-eca4fbdf4722:986d0351-50e2-55c0-9565-0771e70e1f98,True,leaf outline with direct text candidate
d363d52d-99b4-4258-9e83-eca4fbdf4722:OUTLINE:ab4abb4e4c6e01de,d363d52d-99b4-4258-9e83-eca4fbdf4722:OUTLINE:ab4abb4e4c6e01de,d363d52d-99b4-4258-9e83-eca4fbdf4722,netgear-r6350.pdf,R6350,a301de28-b8f9-5876-9d74-f9c8c3fe11d7,Manage the Basic WiFi Settings and WiFi Security of the Guest Network,Manage the Basic WiFi Network Settings > Manage the Basic WiFi Settings and WiFi Security of the Guest Network,Manage the Basic WiFi Network Settings,2,67,70,P2,1,1,1,1,8548,8548,2137,2137,0,5a8ea064-f6fa-5420-9823-be8bde7d1d4c,5a8ea064-f6fa-5420-9823-be8bde7d1d4c,d363d52d-99b4-4258-9e83-eca4fbdf4722:5a8ea064-f6fa-5420-9823-be8bde7d1d4c,True,leaf outline with direct text candidate
d363d52d-99b4-4258-9e83-eca4fbdf4722:OUTLINE:395f937eaaa6439a,d363d52d-99b4-4258-9e83-eca4fbdf4722:OUTLINE:395f937eaaa6439a,d363d52d-99b4-4258-9e83-eca4fbdf4722,netgear-r6350.pdf,R6350,10c545b8-6ec9-5c5d-a5f0-fc516951411f,Enable or Disable the WiFi Radios,Manage the Basic WiFi Network Settings > Enable or Disable the WiFi Radios,Manage the Basic WiFi Network Settings,2,71,71,P2,1,1,1,1,935,935,234,234,0,c0e8424a-d28f-52e2-864c-90cd2d4e8678,c0e8424a-d28f-52e2-864c-90cd2d4e8678,d363d52d-99b4-4258-9e83-eca4fbdf4722:c0e8424a-d28f-52e2-864c-90cd2d4e8678,True,leaf outline with direct text candidate
d363d52d-99b4-4258-9e83-eca4fbdf4722:OUTLINE:730f5c9393c5da24,d363d52d-99b4-4258-9e83-eca4fbdf4722:OUTLINE:730f5c9393c5da24,d363d52d-99b4-4258-9e83-eca4fbdf4722,netgear-r6350.pdf,R6350,b012aef1-c03e-57a0-8f80-e6996f2b69cb,Set Up Parental Controls,Control Access to the Internet > Set Up Parental Controls,Control Access to the Internet,2,73,73,P2,1,1,1,1,1230,1230,308,308,0,68fc1040-13a6-5799-9327-275f006214bd,68fc1040-13a6-5799-9327-275f006214bd,d363d52d-99b4-4258-9e83-eca4fbdf4722:68fc1040-13a6-5799-9327-275f006214bd,True,leaf outline with direct text candidate
d363d52d-99b4-4258-9e83-eca4fbdf4722:OUTLINE:ba4541024ec2e01f,d363d52d-99b4-4258-9e83-eca4fbdf4722:OUTLINE:ba4541024ec2e01f,d363d52d-99b4-4258-9e83-eca4fbdf4722,netgear-r6350.pdf,R6350,1b741aa9-7e0f-57e5-9c04-a547101c1600,Enable and Manage Network Access Control,Control Access to the Internet > Enable access control to allow or block access to the Internet > Enable and Manage Network Access Control,Control Access to the Internet > Enable access control to allow or block access to the Internet,3,75,76,P2,1,1,1,1,2536,2536,634,634,0,015b6d69-9267-56c4-a744-7110f837fa4a,015b6d69-9267-56c4-a744-7110f837fa4a,d363d52d-99b4-4258-9e83-eca4fbdf4722:015b6d69-9267-56c4-a744-7110f837fa4a,True,leaf outline with direct text candidate
d363d52d-99b4-4258-9e83-eca4fbdf4722:OUTLINE:af75f84623638928,d363d52d-99b4-4258-9e83-eca4fbdf4722:OUTLINE:af75f84623638928,d363d52d-99b4-4258-9e83-eca4fbdf4722,netgear-r6350.pdf,R6350,9235e6c6-e045-5bd9-8e82-919f048431ef,Add Devices to or Remove Them From the Allowed List,Control Access to the Internet > Enable access control to allow or block access to the Internet > Manage Network Access Control Lists > Add Devices to or Remove Them From the Allowed List,Control Access to the Internet > Enable access control to allow or block access to the Internet > Manage Network Access Control Lists,4,76,77,P2,1,1,1,1,1498,1498,375,375,0,f16cd8a5-8288-5474-8e2a-feaeb642ab38,f16cd8a5-8288-5474-8e2a-feaeb642ab38,d363d52d-99b4-4258-9e83-eca4fbdf4722:f16cd8a5-8288-5474-8e2a-feaeb642ab38,True,leaf outline with direct text candidate
d363d52d-99b4-4258-9e83-eca4fbdf4722:OUTLINE:42d278061e3cb7e7,d363d52d-99b4-4258-9e83-eca4fbdf4722:OUTLINE:42d278061e3cb7e7,d363d52d-99b4-4258-9e83-eca4fbdf4722,netgear-r6350.pdf,R6350,cca97444-a5ca-5ecc-b176-e16c5d783bc1,Add Devices to or Remove Them From the Blocked List,Control Access to the Internet > Enable access control to allow or block access to the Internet > Manage Network Access Control Lists > Add Devices to or Remove Them From the Blocked List,Control Access to the Internet > Enable access control to allow or block access to the Internet > Manage Network Access Control Lists,4,77,78,P2,1,1,1,1,1551,1551,388,388,0,e6ad781c-2618-5c03-880c-427e8ad5c24e,e6ad781c-2618-5c03-880c-427e8ad5c24e,d363d52d-99b4-4258-9e83-eca4fbdf4722:e6ad781c-2618-5c03-880c-427e8ad5c24e,True,leaf outline with direct text candidate
d363d52d-99b4-4258-9e83-eca4fbdf4722:OUTLINE:ad850e9806cdd799,d363d52d-99b4-4258-9e83-eca4fbdf4722:OUTLINE:ad850e9806cdd799,d363d52d-99b4-4258-9e83-eca4fbdf4722,netgear-r6350.pdf,R6350,fbac7983-026f-5cd4-8d96-a289dfcb34f1,Set Up Blocking,Control Access to the Internet > Use Keywords to Block Internet Sites > Set Up Blocking,Control Access to the Internet > Use Keywords to Block Internet Sites,3,78,79,P2,1,1,1,1,1562,1562,391,391,0,173d45c5-1fd2-5cff-a196-2c789bf456d6,173d45c5-1fd2-5cff-a196-2c789bf456d6,d363d52d-99b4-4258-9e83-eca4fbdf4722:173d45c5-1fd2-5cff-a196-2c789bf456d6,True,leaf outline with direct text candidate
d363d52d-99b4-4258-9e83-eca4fbdf4722:OUTLINE:31eb3114a2e88473,d363d52d-99b4-4258-9e83-eca4fbdf4722:OUTLINE:31eb3114a2e88473,d363d52d-99b4-4258-9e83-eca4fbdf4722,netgear-r6350.pdf,R6350,c26ec8b7-44be-54e1-bfe3-a8b6b42265c1,Remove a Keyword or Domain From the Blocked List,Control Access to the Internet > Use Keywords to Block Internet Sites > Remove a Keyword or Domain From the Blocked List,Control Access to the Internet > Use Keywords to Block Internet Sites,3,79,80,P2,1,1,1,1,882,882,221,221,0,33346901-9c4c-56d6-81cc-012ddb27ab4f,33346901-9c4c-56d6-81cc-012ddb27ab4f,d363d52d-99b4-4258-9e83-eca4fbdf4722:33346901-9c4c-56d6-81cc-012ddb27ab4f,True,leaf outline with direct text candidate
d363d52d-99b4-4258-9e83-eca4fbdf4722:OUTLINE:b679d8843181d3d7,d363d52d-99b4-4258-9e83-eca4fbdf4722:OUTLINE:b679d8843181d3d7,d363d52d-99b4-4258-9e83-eca4fbdf4722,netgear-r6350.pdf,R6350,ad2ac1d7-52eb-5fe7-9023-0f2afad2e971,Remove All Keywords and Domains From the Blocked List,Control Access to the Internet > Use Keywords to Block Internet Sites > Remove All Keywords and Domains From the Blocked List,Control Access to the Internet > Use Keywords to Block Internet Sites,3,80,80,P2,1,1,1,1,759,759,190,190,0,1f233ca6-bc2f-5fb0-aa57-407d36737e20,1f233ca6-bc2f-5fb0-aa57-407d36737e20,d363d52d-99b4-4258-9e83-eca4fbdf4722:1f233ca6-bc2f-5fb0-aa57-407d36737e20,True,leaf outline with direct text candidate
d363d52d-99b4-4258-9e83-eca4fbdf4722:OUTLINE:96f3fa07ea54ffbf,d363d52d-99b4-4258-9e83-eca4fbdf4722:OUTLINE:96f3fa07ea54ffbf,d363d52d-99b4-4258-9e83-eca4fbdf4722,netgear-r6350.pdf,R6350,119d7d0f-a84c-5cfb-b3b3-9d0c53beefe6,Specify a Trusted Computer,Control Access to the Internet > Use Keywords to Block Internet Sites > Specify a Trusted Computer,Control Access to the Internet > Use Keywords to Block Internet Sites,3,81,81,P2,1,1,1,1,1019,1019,255,255,0,99ca1f86-4381-5e4d-ad51-68aafd1f030c,99ca1f86-4381-5e4d-ad51-68aafd1f030c,d363d52d-99b4-4258-9e83-eca4fbdf4722:99ca1f86-4381-5e4d-ad51-68aafd1f030c,True,leaf outline with direct text candidate
d363d52d-99b4-4258-9e83-eca4fbdf4722:OUTLINE:249ddef32ba9ec16,d363d52d-99b4-4258-9e83-eca4fbdf4722:OUTLINE:249ddef32ba9ec16,d363d52d-99b4-4258-9e83-eca4fbdf4722,netgear-r6350.pdf,R6350,b6acf9ff-0fcf-555c-bf9b-fe66d4d83f9f,Add an Outbound Firewall Rule,Control Access to the Internet > Manage Simple Outbound Firewall Rules for Services and Applications > Add an Outbound Firewall Rule,Control Access to the Internet > Manage Simple Outbound Firewall Rules for Services and Applications,3,82,83,P2,1,1,1,1,1868,1868,467,467,0,35cce03d-24cb-511e-ade4-54f06fab203a,35cce03d-24cb-511e-ade4-54f06fab203a,d363d52d-99b4-4258-9e83-eca4fbdf4722:35cce03d-24cb-511e-ade4-54f06fab203a,True,leaf outline with direct text candidate
d363d52d-99b4-4258-9e83-eca4fbdf4722:OUTLINE:7c97f13b3b0416ff,d363d52d-99b4-4258-9e83-eca4fbdf4722:OUTLINE:7c97f13b3b0416ff,d363d52d-99b4-4258-9e83-eca4fbdf4722,netgear-r6350.pdf,R6350,509f1574-f132-526f-a113-b1e04f2476b5,Add an Outbound Firewall Rule for a Custom Service or Application,Control Access to the Internet > Manage Simple Outbound Firewall Rules for Services and Applications > Add an Outbound Firewall Rule for a Custom Service or Application,Control Access to the Internet > Manage Simple Outbound Firewall Rules for Services and Applications,3,83,84,P3,1,1,1,1,2705,2705,677,677,0,0055ffc1-2106-5108-ad1c-e5692fd65f9f,0055ffc1-2106-5108-ad1c-e5692fd65f9f,d363d52d-99b4-4258-9e83-eca4fbdf4722:0055ffc1-2106-5108-ad1c-e5692fd65f9f,True,leaf outline with direct text candidate
d363d52d-99b4-4258-9e83-eca4fbdf4722:OUTLINE:4604168f1a5e1043,d363d52d-99b4-4258-9e83-eca4fbdf4722:OUTLINE:4604168f1a5e1043,d363d52d-99b4-4258-9e83-eca4fbdf4722,netgear-r6350.pdf,R6350,ec43b0ac-3953-59e0-86e2-2609cf4b3a12,Change an Outbound Firewall Rule,Control Access to the Internet > Manage Simple Outbound Firewall Rules for Services and Applications > Change an Outbound Firewall Rule,Control Access to the Internet > Manage Simple Outbound Firewall Rules for Services and Applications,3,85,85,P3,1,1,1,1,972,972,243,243,0,7c104be6-7a15-51d9-b94c-b8928bbb7794,7c104be6-7a15-51d9-b94c-b8928bbb7794,d363d52d-99b4-4258-9e83-eca4fbdf4722:7c104be6-7a15-51d9-b94c-b8928bbb7794,True,leaf outline with direct text candidate
d363d52d-99b4-4258-9e83-eca4fbdf4722:OUTLINE:3ddebecffeb36db2,d363d52d-99b4-4258-9e83-eca4fbdf4722:OUTLINE:3ddebecffeb36db2,d363d52d-99b4-4258-9e83-eca4fbdf4722,netgear-r6350.pdf,R6350,f9648033-96c2-5d51-8d13-81349c9debab,Remove an Outbound Firewall Rule,Control Access to the Internet > Manage Simple Outbound Firewall Rules for Services and Applications > Remove an Outbound Firewall Rule,Control Access to the Internet > Manage Simple Outbound Firewall Rules for Services and Applications,3,85,86,P3,1,1,1,1,719,719,180,180,0,fc49ebd3-3510-5d51-a349-7e1d1d18c6ef,fc49ebd3-3510-5d51-a349-7e1d1d18c6ef,d363d52d-99b4-4258-9e83-eca4fbdf4722:fc49ebd3-3510-5d51-a349-7e1d1d18c6ef,True,leaf outline with direct text candidate
d363d52d-99b4-4258-9e83-eca4fbdf4722:OUTLINE:c874687ad94fb817,d363d52d-99b4-4258-9e83-eca4fbdf4722:OUTLINE:c874687ad94fb817,d363d52d-99b4-4258-9e83-eca4fbdf4722,netgear-r6350.pdf,R6350,66717ebd-b306-5974-b78f-c0cf451a82ce,Set Up a Schedule for Keyword Blocking and Outbound Firewall Rules,Control Access to the Internet > Set Up a Schedule for Keyword Blocking and Outbound Firewall Rules,Control Access to the Internet,2,86,87,P3,1,1,1,1,1913,1913,479,479,0,ec74e411-d2e1-506e-a370-2b13051806dc,ec74e411-d2e1-506e-a370-2b13051806dc,d363d52d-99b4-4258-9e83-eca4fbdf4722:ec74e411-d2e1-506e-a370-2b13051806dc,True,leaf outline with direct text candidate
d363d52d-99b4-4258-9e83-eca4fbdf4722:OUTLINE:2c0ec2920cd14051,d363d52d-99b4-4258-9e83-eca4fbdf4722:OUTLINE:2c0ec2920cd14051,d363d52d-99b4-4258-9e83-eca4fbdf4722,netgear-r6350.pdf,R6350,a503cf6e-dded-5cc0-b34c-35c483ecf44c,Set up security event email notifications,Control Access to the Internet > Set up security event email notifications,Control Access to the Internet,2,87,88,P3,1,1,1,1,2507,2507,627,627,0,9eea4a57-4c9e-51eb-b299-049a4b930e58,9eea4a57-4c9e-51eb-b299-049a4b930e58,d363d52d-99b4-4258-9e83-eca4fbdf4722:9eea4a57-4c9e-51eb-b299-049a4b930e58,True,leaf outline with direct text candidate
d363d52d-99b4-4258-9e83-eca4fbdf4722:OUTLINE:f6d96cbca721e93a,d363d52d-99b4-4258-9e83-eca4fbdf4722:OUTLINE:f6d96cbca721e93a,d363d52d-99b4-4258-9e83-eca4fbdf4722,netgear-r6350.pdf,R6350,102166e9-3602-5cf8-915a-7303f1e18de1,USB device requirements,Share USB Storage Devices Attached to the Router > USB device requirements,Share USB Storage Devices Attached to the Router,2,90,90,P3,1,1,1,1,717,717,180,180,0,2882086e-f153-59ed-ae13-4db004aba555,2882086e-f153-59ed-ae13-4db004aba555,d363d52d-99b4-4258-9e83-eca4fbdf4722:2882086e-f153-59ed-ae13-4db004aba555,True,leaf outline with direct text candidate
d363d52d-99b4-4258-9e83-eca4fbdf4722:OUTLINE:30e6bc1f5ecbb7b4,d363d52d-99b4-4258-9e83-eca4fbdf4722:OUTLINE:30e6bc1f5ecbb7b4,d363d52d-99b4-4258-9e83-eca4fbdf4722,netgear-r6350.pdf,R6350,56a3ebf5-8b9e-5abc-ba9a-df4acec4c74c,Connect a USB storage device to the router,Share USB Storage Devices Attached to the Router > Connect a USB storage device to the router,Share USB Storage Devices Attached to the Router,2,90,90,P3,1,1,1,1,646,646,162,162,0,c8cd836f-21f0-5e9c-9142-aaf7ffe962dc,c8cd836f-21f0-5e9c-9142-aaf7ffe962dc,d363d52d-99b4-4258-9e83-eca4fbdf4722:c8cd836f-21f0-5e9c-9142-aaf7ffe962dc,True,leaf outline with direct text candidate
d363d52d-99b4-4258-9e83-eca4fbdf4722:OUTLINE:a8e0dc17eba34f9f,d363d52d-99b4-4258-9e83-eca4fbdf4722:OUTLINE:a8e0dc17eba34f9f,d363d52d-99b4-4258-9e83-eca4fbdf4722,netgear-r6350.pdf,R6350,832045ed-70a5-5559-ab34-a25114ba8340,Access a storage device connected to the router from a Windows-based computer,Share USB Storage Devices Attached to the Router > Access a storage device connected to the router > Access a storage device connected to the router from a Windows-based computer,Share USB Storage Devices Attached to the Router > Access a storage device connected to the router,3,91,91,P3,1,1,1,1,685,685,172,172,0,e82db2d4-7ff7-5c72-9e44-bc9094163aa4,e82db2d4-7ff7-5c72-9e44-bc9094163aa4,d363d52d-99b4-4258-9e83-eca4fbdf4722:e82db2d4-7ff7-5c72-9e44-bc9094163aa4,True,leaf outline with direct text candidate
d363d52d-99b4-4258-9e83-eca4fbdf4722:OUTLINE:c2187aa13bdcdfa2,d363d52d-99b4-4258-9e83-eca4fbdf4722:OUTLINE:c2187aa13bdcdfa2,d363d52d-99b4-4258-9e83-eca4fbdf4722,netgear-r6350.pdf,R6350,0b0b0f65-d4dd-5699-a1bb-b1f77a9194fb,Access a storage device that is connected to the router from a Mac,Share USB Storage Devices Attached to the Router > Access a storage device connected to the router > Access a storage device that is connected to the router from a Mac,Share USB Storage Devices Attached to the Router > Access a storage device connected to the router,3,91,92,P3,1,1,1,1,1262,1262,316,316,0,411e1d3d-ceeb-5f2c-8048-0fad4cb83bb0,411e1d3d-ceeb-5f2c-8048-0fad4cb83bb0,d363d52d-99b4-4258-9e83-eca4fbdf4722:411e1d3d-ceeb-5f2c-8048-0fad4cb83bb0,True,leaf outline with direct text candidate
d363d52d-99b4-4258-9e83-eca4fbdf4722:OUTLINE:c13e62b9f187f6d4,d363d52d-99b4-4258-9e83-eca4fbdf4722:OUTLINE:c13e62b9f187f6d4,d363d52d-99b4-4258-9e83-eca4fbdf4722,netgear-r6350.pdf,R6350,743c607c-7df2-502d-be68-fe7782d17d8e,Map a USB device to a Windows network drive,Share USB Storage Devices Attached to the Router > Map a USB device to a Windows network drive,Share USB Storage Devices Attached to the Router,2,92,93,P3,1,1,1,1,1170,1170,293,293,0,99499532-5b21-5760-a622-cfdce7cb36f4,99499532-5b21-5760-a622-cfdce7cb36f4,d363d52d-99b4-4258-9e83-eca4fbdf4722:99499532-5b21-5760-a622-cfdce7cb36f4,True,leaf outline with direct text candidate
d363d52d-99b4-4258-9e83-eca4fbdf4722:OUTLINE:6dd7613a307358c2,d363d52d-99b4-4258-9e83-eca4fbdf4722:OUTLINE:6dd7613a307358c2,d363d52d-99b4-4258-9e83-eca4fbdf4722,netgear-r6350.pdf,R6350,a3d1bf0d-75f2-507e-b03c-1752cf804ad5,Back up Windows-based computers with ReadySHARE Vault,Share USB Storage Devices Attached to the Router > Back up Windows-based computers with ReadySHARE Vault,Share USB Storage Devices Attached to the Router,2,93,93,P3,1,1,1,1,1033,1033,259,259,0,ed536e0f-08f2-5721-ab4d-1fe777227d23,ed536e0f-08f2-5721-ab4d-1fe777227d23,d363d52d-99b4-4258-9e83-eca4fbdf4722:ed536e0f-08f2-5721-ab4d-1fe777227d23,True,leaf outline with direct text candidate
d363d52d-99b4-4258-9e83-eca4fbdf4722:OUTLINE:d19f34a440eb384a,d363d52d-99b4-4258-9e83-eca4fbdf4722:OUTLINE:d19f34a440eb384a,d363d52d-99b4-4258-9e83-eca4fbdf4722,netgear-r6350.pdf,R6350,f26acd49-4a5e-5a2f-a5f0-4e9f74a05123,Set up a USB hard drive on a Mac,Share USB Storage Devices Attached to the Router > Back up Mac computers with Time Machine > Set up a USB hard drive on a Mac,Share USB Storage Devices Attached to the Router > Back up Mac computers with Time Machine,3,94,94,P3,1,1,1,1,1321,1321,331,331,0,967ce1bb-a54f-5809-a019-3275504db32a,967ce1bb-a54f-5809-a019-3275504db32a,d363d52d-99b4-4258-9e83-eca4fbdf4722:967ce1bb-a54f-5809-a019-3275504db32a,True,leaf outline with direct text candidate
d363d52d-99b4-4258-9e83-eca4fbdf4722:OUTLINE:dd6be40b0135c6e0,d363d52d-99b4-4258-9e83-eca4fbdf4722:OUTLINE:dd6be40b0135c6e0,d363d52d-99b4-4258-9e83-eca4fbdf4722,netgear-r6350.pdf,R6350,c8908ff0-cf2c-50f5-b8b2-3e9adf4de65e,Prepare to back up a large amount of data,Share USB Storage Devices Attached to the Router > Back up Mac computers with Time Machine > Prepare to back up a large amount of data,Share USB Storage Devices Attached to the Router > Back up Mac computers with Time Machine,3,95,95,P3,1,1,1,1,1079,1079,270,270,0,6b3d0151-b57d-531d-a1b7-3c7c00f827c7,6b3d0151-b57d-531d-a1b7-3c7c00f827c7,d363d52d-99b4-4258-9e83-eca4fbdf4722:6b3d0151-b57d-531d-a1b7-3c7c00f827c7,True,leaf outline with direct text candidate
d363d52d-99b4-4258-9e83-eca4fbdf4722:OUTLINE:e30ab4ae911b5a65,d363d52d-99b4-4258-9e83-eca4fbdf4722:OUTLINE:e30ab4ae911b5a65,d363d52d-99b4-4258-9e83-eca4fbdf4722,netgear-r6350.pdf,R6350,5c059eae-5e4d-5bb2-894d-ea2a3536c4d7,Use Time Machine to back up onto a USB hard disk,Share USB Storage Devices Attached to the Router > Back up Mac computers with Time Machine > Use Time Machine to back up onto a USB hard disk,Share USB Storage Devices Attached to the Router > Back up Mac computers with Time Machine,3,95,96,P3,1,1,1,1,1953,1953,489,489,0,6bbf49ac-b78e-5269-bf1d-4aefe99846e7,6bbf49ac-b78e-5269-bf1d-4aefe99846e7,d363d52d-99b4-4258-9e83-eca4fbdf4722:6bbf49ac-b78e-5269-bf1d-4aefe99846e7,True,leaf outline with direct text candidate
d363d52d-99b4-4258-9e83-eca4fbdf4722:OUTLINE:8ea5c049a8abf47b,d363d52d-99b4-4258-9e83-eca4fbdf4722:OUTLINE:8ea5c049a8abf47b,d363d52d-99b4-4258-9e83-eca4fbdf4722,netgear-r6350.pdf,R6350,1fdf46d2-8518-5b1b-a1b2-dffede20f159,Manage Access to a Storage Device,Share USB Storage Devices Attached to the Router > Manage Access to a Storage Device,Share USB Storage Devices Attached to the Router,2,97,98,P3,1,1,1,1,3868,3868,967,967,0,0528f0b9-15e5-5482-9a68-0f02d2d61d68,0528f0b9-15e5-5482-9a68-0f02d2d61d68,d363d52d-99b4-4258-9e83-eca4fbdf4722:0528f0b9-15e5-5482-9a68-0f02d2d61d68,True,leaf outline with direct text candidate
d363d52d-99b4-4258-9e83-eca4fbdf4722:OUTLINE:db63cdf49b678cf1,d363d52d-99b4-4258-9e83-eca4fbdf4722:OUTLINE:db63cdf49b678cf1,d363d52d-99b4-4258-9e83-eca4fbdf4722,netgear-r6350.pdf,R6350,6093dcef-488e-541a-afcf-a34e75ef5ba2,Enable FTP access within your network,Share USB Storage Devices Attached to the Router > Enable FTP access within your network,Share USB Storage Devices Attached to the Router,2,99,99,P3,1,1,1,1,725,725,182,182,0,b510a03e-68c2-5e3f-a341-c16e7b2390d0,b510a03e-68c2-5e3f-a341-c16e7b2390d0,d363d52d-99b4-4258-9e83-eca4fbdf4722:b510a03e-68c2-5e3f-a341-c16e7b2390d0,True,leaf outline with direct text candidate
d363d52d-99b4-4258-9e83-eca4fbdf4722:OUTLINE:bcac3565908ea5d5,d363d52d-99b4-4258-9e83-eca4fbdf4722:OUTLINE:bcac3565908ea5d5,d363d52d-99b4-4258-9e83-eca4fbdf4722,netgear-r6350.pdf,R6350,ee627007-1bf7-5de2-845f-ef48dae730aa,View network folders on a storage device,Share USB Storage Devices Attached to the Router > View network folders on a storage device,Share USB Storage Devices Attached to the Router,2,99,100,P3,1,1,1,1,1419,1419,355,355,0,5a046dd0-ce82-5520-9f27-de0cffc97512,5a046dd0-ce82-5520-9f27-de0cffc97512,d363d52d-99b4-4258-9e83-eca4fbdf4722:5a046dd0-ce82-5520-9f27-de0cffc97512,True,leaf outline with direct text candidate
d363d52d-99b4-4258-9e83-eca4fbdf4722:OUTLINE:7e8558c76cede228,d363d52d-99b4-4258-9e83-eca4fbdf4722:OUTLINE:7e8558c76cede228,d363d52d-99b4-4258-9e83-eca4fbdf4722,netgear-r6350.pdf,R6350,8b0538fe-ec6b-5449-87a9-c5093298cf15,Add a network folder on a USB storage device,Share USB Storage Devices Attached to the Router > Add a network folder on a USB storage device,Share USB Storage Devices Attached to the Router,2,100,101,P3,1,1,1,1,1765,1765,442,442,0,4a519d38-1c5f-5662-bdb7-489bcabcd987,4a519d38-1c5f-5662-bdb7-489bcabcd987,d363d52d-99b4-4258-9e83-eca4fbdf4722:4a519d38-1c5f-5662-bdb7-489bcabcd987,True,leaf outline with direct text candidate
d363d52d-99b4-4258-9e83-eca4fbdf4722:OUTLINE:902cbde304aea84b,d363d52d-99b4-4258-9e83-eca4fbdf4722:OUTLINE:902cbde304aea84b,d363d52d-99b4-4258-9e83-eca4fbdf4722,netgear-r6350.pdf,R6350,2c8dccb2-22ff-57f9-a084-ef5395d58db1,Edit a network folder on a USB storage device,Share USB Storage Devices Attached to the Router > Edit a network folder on a USB storage device,Share USB Storage Devices Attached to the Router,2,101,102,P3,1,1,1,1,859,859,215,215,0,12d6aaad-d982-5f95-8b7d-63ba7706aba5,12d6aaad-d982-5f95-8b7d-63ba7706aba5,d363d52d-99b4-4258-9e83-eca4fbdf4722:12d6aaad-d982-5f95-8b7d-63ba7706aba5,True,leaf outline with direct text candidate
d363d52d-99b4-4258-9e83-eca4fbdf4722:OUTLINE:6d9e65e07ba1fab4,d363d52d-99b4-4258-9e83-eca4fbdf4722:OUTLINE:6d9e65e07ba1fab4,d363d52d-99b4-4258-9e83-eca4fbdf4722,netgear-r6350.pdf,R6350,9f9dfec0-3d00-5639-a274-c11ebe671592,Safely remove a USB storage device,Share USB Storage Devices Attached to the Router > Safely remove a USB storage device,Share USB Storage Devices Attached to the Router,2,102,102,P3,1,1,1,1,887,887,222,222,0,d9b60706-c348-5ecd-bd47-f239e4b59983,d9b60706-c348-5ecd-bd47-f239e4b59983,d363d52d-99b4-4258-9e83-eca4fbdf4722:d9b60706-c348-5ecd-bd47-f239e4b59983,True,leaf outline with direct text candidate
d363d52d-99b4-4258-9e83-eca4fbdf4722:OUTLINE:9a67390e1768f0a7,d363d52d-99b4-4258-9e83-eca4fbdf4722:OUTLINE:9a67390e1768f0a7,d363d52d-99b4-4258-9e83-eca4fbdf4722,netgear-r6350.pdf,R6350,7986b26d-00c2-59d3-a821-8eb1f502ae0e,Set up and manage Dynamic DNS,Use Dynamic DNS to Access USB Storage Devices Through the Internet > Set up and manage Dynamic DNS,Use Dynamic DNS to Access USB Storage Devices Through the Internet,2,104,104,P3,1,1,1,1,967,967,242,242,0,4f7d7162-6e6c-573c-b8fb-9e4ab9d5cff3,4f7d7162-6e6c-573c-b8fb-9e4ab9d5cff3,d363d52d-99b4-4258-9e83-eca4fbdf4722:4f7d7162-6e6c-573c-b8fb-9e4ab9d5cff3,True,leaf outline with direct text candidate
d363d52d-99b4-4258-9e83-eca4fbdf4722:OUTLINE:aab6d8dcd2a0309e,d363d52d-99b4-4258-9e83-eca4fbdf4722:OUTLINE:aab6d8dcd2a0309e,d363d52d-99b4-4258-9e83-eca4fbdf4722,netgear-r6350.pdf,R6350,ce352b7c-3859-50d5-9e46-f7249ef8f14d,Set Up FTP Access Through the Internet,Use Dynamic DNS to Access USB Storage Devices Through the Internet > Set Up FTP Access Through the Internet,Use Dynamic DNS to Access USB Storage Devices Through the Internet,2,104,105,P3,1,1,1,1,946,946,237,237,0,e0a97cb9-c502-58ca-a69b-6b26615c38dd,e0a97cb9-c502-58ca-a69b-6b26615c38dd,d363d52d-99b4-4258-9e83-eca4fbdf4722:e0a97cb9-c502-58ca-a69b-6b26615c38dd,True,leaf outline with direct text candidate
d363d52d-99b4-4258-9e83-eca4fbdf4722:OUTLINE:6d9eb3f59beff759,d363d52d-99b4-4258-9e83-eca4fbdf4722:OUTLINE:6d9eb3f59beff759,d363d52d-99b4-4258-9e83-eca4fbdf4722,netgear-r6350.pdf,R6350,360520c3-03f4-525f-a21c-9355eda24c7d,Set Up Your Personal FTP Server,Use Dynamic DNS to Access USB Storage Devices Through the Internet > Your personal FTP server > Set Up Your Personal FTP Server,Use Dynamic DNS to Access USB Storage Devices Through the Internet > Your personal FTP server,3,105,106,P3,1,1,1,1,967,967,242,242,0,22b830a9-80b3-5521-8da6-3e9b6ddb8b15,22b830a9-80b3-5521-8da6-3e9b6ddb8b15,d363d52d-99b4-4258-9e83-eca4fbdf4722:22b830a9-80b3-5521-8da6-3e9b6ddb8b15,True,leaf outline with direct text candidate
d363d52d-99b4-4258-9e83-eca4fbdf4722:OUTLINE:31ad88bd458986d1,d363d52d-99b4-4258-9e83-eca4fbdf4722:OUTLINE:31ad88bd458986d1,d363d52d-99b4-4258-9e83-eca4fbdf4722,netgear-r6350.pdf,R6350,f4e5f202-8634-5bbd-a839-71d85438b391,Set up a new Dynamic DNS account,Use Dynamic DNS to Access USB Storage Devices Through the Internet > Your personal FTP server > Set up a new Dynamic DNS account,Use Dynamic DNS to Access USB Storage Devices Through the Internet > Your personal FTP server,3,106,106,P3,1,1,1,1,1270,1270,318,318,0,48bda8e9-7b0c-5d95-820a-fe1083ab0fe3,48bda8e9-7b0c-5d95-820a-fe1083ab0fe3,d363d52d-99b4-4258-9e83-eca4fbdf4722:48bda8e9-7b0c-5d95-820a-fe1083ab0fe3,True,leaf outline with direct text candidate
d363d52d-99b4-4258-9e83-eca4fbdf4722:OUTLINE:4fd6419a72655606,d363d52d-99b4-4258-9e83-eca4fbdf4722:OUTLINE:4fd6419a72655606,d363d52d-99b4-4258-9e83-eca4fbdf4722,netgear-r6350.pdf,R6350,1616a02f-855d-5d9b-9f4a-186d55437ea8,Specify a DNS account that you already created,Use Dynamic DNS to Access USB Storage Devices Through the Internet > Your personal FTP server > Specify a DNS account that you already created,Use Dynamic DNS to Access USB Storage Devices Through the Internet > Your personal FTP server,3,106,107,P3,1,1,1,1,1583,1583,396,396,0,9acc9454-6ed4-5e0b-b834-bfcc7e38529f,9acc9454-6ed4-5e0b-b834-bfcc7e38529f,d363d52d-99b4-4258-9e83-eca4fbdf4722:9acc9454-6ed4-5e0b-b834-bfcc7e38529f,True,leaf outline with direct text candidate
d363d52d-99b4-4258-9e83-eca4fbdf4722:OUTLINE:41c38c5c103d0448,d363d52d-99b4-4258-9e83-eca4fbdf4722:OUTLINE:41c38c5c103d0448,d363d52d-99b4-4258-9e83-eca4fbdf4722,netgear-r6350.pdf,R6350,304dc394-85c4-594f-a1bf-af2d9e8d7ee6,Change the Dynamic DNS settings,Use Dynamic DNS to Access USB Storage Devices Through the Internet > Your personal FTP server > Change the Dynamic DNS settings,Use Dynamic DNS to Access USB Storage Devices Through the Internet > Your personal FTP server,3,107,108,P3,1,1,1,1,673,673,169,169,0,4e9903cc-4ad7-5bcf-af85-87b219f54a4e,4e9903cc-4ad7-5bcf-af85-87b219f54a4e,d363d52d-99b4-4258-9e83-eca4fbdf4722:4e9903cc-4ad7-5bcf-af85-87b219f54a4e,True,leaf outline with direct text candidate
d363d52d-99b4-4258-9e83-eca4fbdf4722:OUTLINE:489c9ea9d0cb181d,d363d52d-99b4-4258-9e83-eca4fbdf4722:OUTLINE:489c9ea9d0cb181d,d363d52d-99b4-4258-9e83-eca4fbdf4722,netgear-r6350.pdf,R6350,89f7dfb6-21c3-5857-9d26-4716763dfa60,Access USB storage devices through the Internet,Use Dynamic DNS to Access USB Storage Devices Through the Internet > Access USB storage devices through the Internet,Use Dynamic DNS to Access USB Storage Devices Through the Internet,2,108,108,P3,1,1,1,1,646,646,162,162,0,e7ba5206-bd92-5449-a6d8-55b677f222ff,e7ba5206-bd92-5449-a6d8-55b677f222ff,d363d52d-99b4-4258-9e83-eca4fbdf4722:e7ba5206-bd92-5449-a6d8-55b677f222ff,True,leaf outline with direct text candidate
d363d52d-99b4-4258-9e83-eca4fbdf4722:OUTLINE:ddb06c29e1a02460,d363d52d-99b4-4258-9e83-eca4fbdf4722:OUTLINE:ddb06c29e1a02460,d363d52d-99b4-4258-9e83-eca4fbdf4722,netgear-r6350.pdf,R6350,bf1f1d50-6475-5566-9fe1-c2e1439aa4f9,Specify ReadyDLNA Media Server Settings,Use the Router as a Media Server > Specify ReadyDLNA Media Server Settings,Use the Router as a Media Server,2,110,111,P3,1,1,1,1,1976,1976,494,494,0,f2214074-d928-562c-afd1-eb15ec05d9e6,f2214074-d928-562c-afd1-eb15ec05d9e6,d363d52d-99b4-4258-9e83-eca4fbdf4722:f2214074-d928-562c-afd1-eb15ec05d9e6,True,leaf outline with direct text candidate
d363d52d-99b4-4258-9e83-eca4fbdf4722:OUTLINE:e80986f43e8d9122,d363d52d-99b4-4258-9e83-eca4fbdf4722:OUTLINE:e80986f43e8d9122,d363d52d-99b4-4258-9e83-eca4fbdf4722,netgear-r6350.pdf,R6350,5fa8cb81-1290-5873-8bd0-bb49d8a3d4e2,Set Up the Router’s iTunes Server With iTunes,Use the Router as a Media Server > Play Music From a Storage Device With iTunes Server > Set Up the Router’s iTunes Server With iTunes,Use the Router as a Media Server > Play Music From a Storage Device With iTunes Server,3,111,112,P3,1,1,1,1,1854,1854,464,464,0,3caf3a59-14e5-5cc0-a7a6-f7d9ec0e1b91,3caf3a59-14e5-5cc0-a7a6-f7d9ec0e1b91,d363d52d-99b4-4258-9e83-eca4fbdf4722:3caf3a59-14e5-5cc0-a7a6-f7d9ec0e1b91,True,leaf outline with direct text candidate
d363d52d-99b4-4258-9e83-eca4fbdf4722:OUTLINE:286ec77ba10a2808,d363d52d-99b4-4258-9e83-eca4fbdf4722:OUTLINE:286ec77ba10a2808,d363d52d-99b4-4258-9e83-eca4fbdf4722,netgear-r6350.pdf,R6350,0b91f5d2-170e-5454-8777-46fc2d4898ce,Set Up the Router’s iTunes Server With the Remote App,Use the Router as a Media Server > Play Music From a Storage Device With iTunes Server > Set Up the Router’s iTunes Server With the Remote App,Use the Router as a Media Server > Play Music From a Storage Device With iTunes Server,3,112,113,P3,1,1,1,1,1933,1933,484,484,0,87bbfe04-4eff-5911-879c-c7b27d6bcb7a,87bbfe04-4eff-5911-879c-c7b27d6bcb7a,d363d52d-99b4-4258-9e83-eca4fbdf4722:87bbfe04-4eff-5911-879c-c7b27d6bcb7a,True,leaf outline with direct text candidate
d363d52d-99b4-4258-9e83-eca4fbdf4722:OUTLINE:d42e7f3b3afc3d28,d363d52d-99b4-4258-9e83-eca4fbdf4722:OUTLINE:d42e7f3b3afc3d28,d363d52d-99b4-4258-9e83-eca4fbdf4722,netgear-r6350.pdf,R6350,4dc159a2-462a-509d-9c73-56625e0aa9fc,Set Up the Router to Work With TiVo,Use the Router as a Media Server > Set Up the Router to Work With TiVo,Use the Router as a Media Server,2,113,114,P3,1,1,1,1,1189,1189,298,298,0,876c2bd9-9fcb-5896-b4e9-40402a02d313,876c2bd9-9fcb-5896-b4e9-40402a02d313,d363d52d-99b4-4258-9e83-eca4fbdf4722:876c2bd9-9fcb-5896-b4e9-40402a02d313,True,leaf outline with direct text candidate
d363d52d-99b4-4258-9e83-eca4fbdf4722:OUTLINE:d8540aadf3183eca,d363d52d-99b4-4258-9e83-eca4fbdf4722:OUTLINE:d8540aadf3183eca,d363d52d-99b4-4258-9e83-eca4fbdf4722,netgear-r6350.pdf,R6350,3f1588f0-2176-5c5b-ade5-ff89c3905719,Change the WiFi Mbps Settings,Manage the WAN and LAN Network Settings > Change the WiFi Mbps Settings,Manage the WAN and LAN Network Settings,2,116,116,P3,1,1,1,1,829,829,208,208,0,91881d2f-b6d8-5db6-961e-d68c9e6b5271,91881d2f-b6d8-5db6-961e-d68c9e6b5271,d363d52d-99b4-4258-9e83-eca4fbdf4722:91881d2f-b6d8-5db6-961e-d68c9e6b5271,True,leaf outline with direct text candidate
d363d52d-99b4-4258-9e83-eca4fbdf4722:OUTLINE:d0e92fbb7b4ec8b1,d363d52d-99b4-4258-9e83-eca4fbdf4722:OUTLINE:d0e92fbb7b4ec8b1,d363d52d-99b4-4258-9e83-eca4fbdf4722,netgear-r6350.pdf,R6350,5aa0d4b2-a6cc-58a0-9b3b-3519e0685878,Manage the WAN Security Settings,Manage the WAN and LAN Network Settings > Manage the WAN Security Settings,Manage the WAN and LAN Network Settings,2,116,117,P3,1,1,1,1,1272,1272,318,318,0,ee3b0796-bb89-5c75-a3a0-910e67484f1e,ee3b0796-bb89-5c75-a3a0-910e67484f1e,d363d52d-99b4-4258-9e83-eca4fbdf4722:ee3b0796-bb89-5c75-a3a0-910e67484f1e,True,leaf outline with direct text candidate
d363d52d-99b4-4258-9e83-eca4fbdf4722:OUTLINE:0b4ef443dc2562c4,d363d52d-99b4-4258-9e83-eca4fbdf4722:OUTLINE:0b4ef443dc2562c4,d363d52d-99b4-4258-9e83-eca4fbdf4722,netgear-r6350.pdf,R6350,3244d0f2-1c9c-5a73-8964-a7c38aa1e28e,Set up a default DMZ server,Manage the WAN and LAN Network Settings > Set up a default DMZ server,Manage the WAN and LAN Network Settings,2,117,118,P3,1,1,1,1,1752,1752,438,438,0,8d7df806-ebdb-5595-9169-ceb85d0ba6e4,8d7df806-ebdb-5595-9169-ceb85d0ba6e4,d363d52d-99b4-4258-9e83-eca4fbdf4722:8d7df806-ebdb-5595-9169-ceb85d0ba6e4,True,leaf outline with direct text candidate
d363d52d-99b4-4258-9e83-eca4fbdf4722:OUTLINE:6e9be754f012c9d3,d363d52d-99b4-4258-9e83-eca4fbdf4722:OUTLINE:6e9be754f012c9d3,d363d52d-99b4-4258-9e83-eca4fbdf4722,netgear-r6350.pdf,R6350,6a851993-154e-5333-bd73-a22a53e8c722,Manage IGMP Proxying,Manage the WAN and LAN Network Settings > Manage IGMP Proxying,Manage the WAN and LAN Network Settings,2,118,119,P3,1,1,1,1,908,908,227,227,0,1bfde0d0-f076-56e6-9ecf-6bebc86b262f,1bfde0d0-f076-56e6-9ecf-6bebc86b262f,d363d52d-99b4-4258-9e83-eca4fbdf4722:1bfde0d0-f076-56e6-9ecf-6bebc86b262f,True,leaf outline with direct text candidate
d363d52d-99b4-4258-9e83-eca4fbdf4722:OUTLINE:c27c0cf701a42141,d363d52d-99b4-4258-9e83-eca4fbdf4722:OUTLINE:c27c0cf701a42141,d363d52d-99b4-4258-9e83-eca4fbdf4722,netgear-r6350.pdf,R6350,2c18ffa4-9554-58b4-8ced-e1d2b5aceae1,Manage VPN Pass-Through,Manage the WAN and LAN Network Settings > Manage VPN Pass-Through,Manage the WAN and LAN Network Settings,2,119,119,P3,1,1,1,1,1041,1041,261,261,0,3fbed70d-f242-5a78-90cc-f0f2674fe5f7,3fbed70d-f242-5a78-90cc-f0f2674fe5f7,d363d52d-99b4-4258-9e83-eca4fbdf4722:3fbed70d-f242-5a78-90cc-f0f2674fe5f7,True,leaf outline with direct text candidate
d363d52d-99b4-4258-9e83-eca4fbdf4722:OUTLINE:b41be80b197251ae,d363d52d-99b4-4258-9e83-eca4fbdf4722:OUTLINE:b41be80b197251ae,d363d52d-99b4-4258-9e83-eca4fbdf4722,netgear-r6350.pdf,R6350,b0ebdf86-0ee2-5e13-81a1-07f188989e81,Manage NAT Filtering,Manage the WAN and LAN Network Settings > Manage NAT Filtering,Manage the WAN and LAN Network Settings,2,119,120,P3,1,1,1,1,1395,1395,349,349,0,40b4bd71-0112-5dcc-8407-4977f2278416,40b4bd71-0112-5dcc-8407-4977f2278416,d363d52d-99b4-4258-9e83-eca4fbdf4722:40b4bd71-0112-5dcc-8407-4977f2278416,True,leaf outline with direct text candidate
d363d52d-99b4-4258-9e83-eca4fbdf4722:OUTLINE:7ab9b7da4356c04e,d363d52d-99b4-4258-9e83-eca4fbdf4722:OUTLINE:7ab9b7da4356c04e,d363d52d-99b4-4258-9e83-eca4fbdf4722,netgear-r6350.pdf,R6350,f832cd2c-4625-53fd-8792-59d48cfa5ed4,Manage the SIP Application-Level Gateway,Manage the WAN and LAN Network Settings > Manage the SIP Application-Level Gateway,Manage the WAN and LAN Network Settings,2,120,121,P3,1,1,1,1,973,973,244,244,0,b2b929c7-6625-5a91-b295-f5bcfed06e09,b2b929c7-6625-5a91-b295-f5bcfed06e09,d363d52d-99b4-4258-9e83-eca4fbdf4722:b2b929c7-6625-5a91-b295-f5bcfed06e09,True,leaf outline with direct text candidate
d363d52d-99b4-4258-9e83-eca4fbdf4722:OUTLINE:91af4542fc89cd8c,d363d52d-99b4-4258-9e83-eca4fbdf4722:OUTLINE:91af4542fc89cd8c,d363d52d-99b4-4258-9e83-eca4fbdf4722,netgear-r6350.pdf,R6350,3c8772e2-0eea-5196-9b2c-77effcb9d2bd,Manage the LAN IP Address Settings,Manage the WAN and LAN Network Settings > Manage the LAN IP Address Settings,Manage the WAN and LAN Network Settings,2,121,122,P3,1,1,1,1,1619,1619,405,405,0,6d60f364-08eb-5ab8-b817-58f2ae142998,6d60f364-08eb-5ab8-b817-58f2ae142998,d363d52d-99b4-4258-9e83-eca4fbdf4722:6d60f364-08eb-5ab8-b817-58f2ae142998,True,leaf outline with direct text candidate
d363d52d-99b4-4258-9e83-eca4fbdf4722:OUTLINE:4df73e80b02589b4,d363d52d-99b4-4258-9e83-eca4fbdf4722:OUTLINE:4df73e80b02589b4,d363d52d-99b4-4258-9e83-eca4fbdf4722,netgear-r6350.pdf,R6350,c1fb5889-0ca3-581a-829a-e438d6f1f7fb,Manage the Router Information Protocol Settings,Manage the WAN and LAN Network Settings > Manage the Router Information Protocol Settings,Manage the WAN and LAN Network Settings,2,122,123,P3,1,1,1,1,1629,1629,408,408,0,0732bf6a-a336-508e-9aab-9bb2ea05195d,0732bf6a-a336-508e-9aab-9bb2ea05195d,d363d52d-99b4-4258-9e83-eca4fbdf4722:0732bf6a-a336-508e-9aab-9bb2ea05195d,True,leaf outline with direct text candidate
d363d52d-99b4-4258-9e83-eca4fbdf4722:OUTLINE:b319ddee58b35ca2,d363d52d-99b4-4258-9e83-eca4fbdf4722:OUTLINE:b319ddee58b35ca2,d363d52d-99b4-4258-9e83-eca4fbdf4722,netgear-r6350.pdf,R6350,8bf397db-6e72-5d61-9641-dc8ff0f7586c,Manage the DHCP Server Address Pool,Manage the WAN and LAN Network Settings > Manage the DHCP Server Address Pool,Manage the WAN and LAN Network Settings,2,123,124,P3,1,1,1,1,1836,1836,459,459,0,e47b3d3d-859a-5d5d-ad99-c5e97e0e5866,e47b3d3d-859a-5d5d-ad99-c5e97e0e5866,d363d52d-99b4-4258-9e83-eca4fbdf4722:e47b3d3d-859a-5d5d-ad99-c5e97e0e5866,True,leaf outline with direct text candidate
d363d52d-99b4-4258-9e83-eca4fbdf4722:OUTLINE:0de6e3e5174dcafb,d363d52d-99b4-4258-9e83-eca4fbdf4722:OUTLINE:0de6e3e5174dcafb,d363d52d-99b4-4258-9e83-eca4fbdf4722,netgear-r6350.pdf,R6350,6ff04f8f-ae45-5845-9f7b-2c10bbf49bbd,Edit a reserved IP address,Manage the WAN and LAN Network Settings > Manage reserved LAN IP addresses > Edit a reserved IP address,Manage the WAN and LAN Network Settings > Manage reserved LAN IP addresses,3,124,125,P4,1,1,1,1,732,732,183,183,0,58705265-85c2-53cb-9a31-985904b45791,58705265-85c2-53cb-9a31-985904b45791,d363d52d-99b4-4258-9e83-eca4fbdf4722:58705265-85c2-53cb-9a31-985904b45791,True,leaf outline with direct text candidate
d363d52d-99b4-4258-9e83-eca4fbdf4722:OUTLINE:977e1333afb2aaa1,d363d52d-99b4-4258-9e83-eca4fbdf4722:OUTLINE:977e1333afb2aaa1,d363d52d-99b4-4258-9e83-eca4fbdf4722,netgear-r6350.pdf,R6350,24fd1e7f-fc7d-5134-a781-1c0a6a4979e6,Delete a reserved IP address entry,Manage the WAN and LAN Network Settings > Manage reserved LAN IP addresses > Delete a reserved IP address entry,Manage the WAN and LAN Network Settings > Manage reserved LAN IP addresses,3,125,125,P4,1,1,1,1,643,643,161,161,0,c9375949-fa5d-50d6-a813-d4c0d9974145,c9375949-fa5d-50d6-a813-d4c0d9974145,d363d52d-99b4-4258-9e83-eca4fbdf4722:c9375949-fa5d-50d6-a813-d4c0d9974145,True,leaf outline with direct text candidate
d363d52d-99b4-4258-9e83-eca4fbdf4722:OUTLINE:b6bf8f8bb752f369,d363d52d-99b4-4258-9e83-eca4fbdf4722:OUTLINE:b6bf8f8bb752f369,d363d52d-99b4-4258-9e83-eca4fbdf4722,netgear-r6350.pdf,R6350,19e0c399-cde8-59b0-a238-f3e29bfa5b04,Disable the Built-In DHCP Server,Manage the WAN and LAN Network Settings > Disable the Built-In DHCP Server,Manage the WAN and LAN Network Settings,2,125,126,P4,1,1,1,1,1133,1133,284,284,0,80e6eda0-2892-5cfd-949a-717b12f81332,80e6eda0-2892-5cfd-949a-717b12f81332,d363d52d-99b4-4258-9e83-eca4fbdf4722:80e6eda0-2892-5cfd-949a-717b12f81332,True,leaf outline with direct text candidate
d363d52d-99b4-4258-9e83-eca4fbdf4722:OUTLINE:ad60c9927e01d74d,d363d52d-99b4-4258-9e83-eca4fbdf4722:OUTLINE:ad60c9927e01d74d,d363d52d-99b4-4258-9e83-eca4fbdf4722,netgear-r6350.pdf,R6350,7e198d73-ba2e-5364-b7f0-349fbd811ece,Change the Router’s Device Name,Manage the WAN and LAN Network Settings > Change the Router’s Device Name,Manage the WAN and LAN Network Settings,2,126,127,P4,1,1,1,1,784,784,196,196,0,4f7304d4-1472-5a82-8512-c3853e5ab437,4f7304d4-1472-5a82-8512-c3853e5ab437,d363d52d-99b4-4258-9e83-eca4fbdf4722:4f7304d4-1472-5a82-8512-c3853e5ab437,True,leaf outline with direct text candidate
d363d52d-99b4-4258-9e83-eca4fbdf4722:OUTLINE:5f99f2049744d18a,d363d52d-99b4-4258-9e83-eca4fbdf4722:OUTLINE:5f99f2049744d18a,d363d52d-99b4-4258-9e83-eca4fbdf4722,netgear-r6350.pdf,R6350,f3ff31fc-1e34-516a-bb9f-d17bcef81168,Set Up a Static Route,Manage the WAN and LAN Network Settings > Set Up and Manage Custom Static Routes > Set Up a Static Route,Manage the WAN and LAN Network Settings > Set Up and Manage Custom Static Routes,3,128,129,P4,1,1,1,1,1864,1864,466,466,0,0af9a37b-b55e-5904-9be6-fe4fbad4271c,0af9a37b-b55e-5904-9be6-fe4fbad4271c,d363d52d-99b4-4258-9e83-eca4fbdf4722:0af9a37b-b55e-5904-9be6-fe4fbad4271c,True,leaf outline with direct text candidate
d363d52d-99b4-4258-9e83-eca4fbdf4722:OUTLINE:8e15b07b1543902f,d363d52d-99b4-4258-9e83-eca4fbdf4722:OUTLINE:8e15b07b1543902f,d363d52d-99b4-4258-9e83-eca4fbdf4722,netgear-r6350.pdf,R6350,84e75491-ca83-5ea9-99b7-0f9a1bdf6ab6,Change a Static Route,Manage the WAN and LAN Network Settings > Set Up and Manage Custom Static Routes > Change a Static Route,Manage the WAN and LAN Network Settings > Set Up and Manage Custom Static Routes,3,129,129,P4,1,1,1,1,876,876,219,219,0,8e269a02-a216-5ac0-bfa3-4dc97d1a52d6,8e269a02-a216-5ac0-bfa3-4dc97d1a52d6,d363d52d-99b4-4258-9e83-eca4fbdf4722:8e269a02-a216-5ac0-bfa3-4dc97d1a52d6,True,leaf outline with direct text candidate
d363d52d-99b4-4258-9e83-eca4fbdf4722:OUTLINE:fa6050ab02bf832c,d363d52d-99b4-4258-9e83-eca4fbdf4722:OUTLINE:fa6050ab02bf832c,d363d52d-99b4-4258-9e83-eca4fbdf4722,netgear-r6350.pdf,R6350,978ff2cc-3315-5baa-aeeb-092532ad22e6,Remove a Static Route,Manage the WAN and LAN Network Settings > Set Up and Manage Custom Static Routes > Remove a Static Route,Manage the WAN and LAN Network Settings > Set Up and Manage Custom Static Routes,3,130,130,P4,1,1,1,1,737,737,185,185,0,2c54b8a4-2815-5ad0-a55e-c353ee15b2c6,2c54b8a4-2815-5ad0-a55e-c353ee15b2c6,d363d52d-99b4-4258-9e83-eca4fbdf4722:2c54b8a4-2815-5ad0-a55e-c353ee15b2c6,True,leaf outline with direct text candidate
d363d52d-99b4-4258-9e83-eca4fbdf4722:OUTLINE:5283c300a58533cf,d363d52d-99b4-4258-9e83-eca4fbdf4722:OUTLINE:5283c300a58533cf,d363d52d-99b4-4258-9e83-eca4fbdf4722,netgear-r6350.pdf,R6350,376b37ac-f978-596a-81ad-0b1f58adbf88,Set Up a Bridge for a Port Group,Manage the WAN and LAN Network Settings > Set Up a Bridge for a Port Group or VLAN Tag Group > Set Up a Bridge for a Port Group,Manage the WAN and LAN Network Settings > Set Up a Bridge for a Port Group or VLAN Tag Group,3,131,131,P4,1,1,1,1,1679,1679,420,420,0,92de127d-5c3f-5d2a-a801-234fc3e5b014,92de127d-5c3f-5d2a-a801-234fc3e5b014,d363d52d-99b4-4258-9e83-eca4fbdf4722:92de127d-5c3f-5d2a-a801-234fc3e5b014,True,leaf outline with direct text candidate
d363d52d-99b4-4258-9e83-eca4fbdf4722:OUTLINE:df286c2cf4a041e5,d363d52d-99b4-4258-9e83-eca4fbdf4722:OUTLINE:df286c2cf4a041e5,d363d52d-99b4-4258-9e83-eca4fbdf4722,netgear-r6350.pdf,R6350,91b16620-7ebf-58e6-b51c-49807ae9d28e,Set Up a Bridge for a VLAN Tag Group,Manage the WAN and LAN Network Settings > Set Up a Bridge for a Port Group or VLAN Tag Group > Set Up a Bridge for a VLAN Tag Group,Manage the WAN and LAN Network Settings > Set Up a Bridge for a Port Group or VLAN Tag Group,3,132,133,P4,1,1,1,1,2303,2303,576,576,0,1ff96edd-9a3b-5993-87c7-dc20a71f4ddf,1ff96edd-9a3b-5993-87c7-dc20a71f4ddf,d363d52d-99b4-4258-9e83-eca4fbdf4722:1ff96edd-9a3b-5993-87c7-dc20a71f4ddf,True,leaf outline with direct text candidate
d363d52d-99b4-4258-9e83-eca4fbdf4722:OUTLINE:759d64cd684a03d3,d363d52d-99b4-4258-9e83-eca4fbdf4722:OUTLINE:759d64cd684a03d3,d363d52d-99b4-4258-9e83-eca4fbdf4722,netgear-r6350.pdf,R6350,f4d97b7e-3d34-5bdd-aab5-b3639d2c0e28,Check for new firmware and update the router,Manage Your Router > Update the router firmware > Check for new firmware and update the router,Manage Your Router > Update the router firmware,3,135,136,P4,1,1,1,1,1581,1581,396,396,0,2a3ade55-f893-5d78-8ead-3ff6b3d197c7,2a3ade55-f893-5d78-8ead-3ff6b3d197c7,d363d52d-99b4-4258-9e83-eca4fbdf4722:2a3ade55-f893-5d78-8ead-3ff6b3d197c7,True,leaf outline with direct text candidate
d363d52d-99b4-4258-9e83-eca4fbdf4722:OUTLINE:144a9eaf44243682,d363d52d-99b4-4258-9e83-eca4fbdf4722:OUTLINE:144a9eaf44243682,d363d52d-99b4-4258-9e83-eca4fbdf4722,netgear-r6350.pdf,R6350,a3c48b89-84e6-5dbb-a11f-85d0d9d1f9af,Manually upload firmware to the router,Manage Your Router > Update the router firmware > Manually upload firmware to the router,Manage Your Router > Update the router firmware,3,136,136,P4,1,1,1,1,1513,1513,379,379,0,82763a83-8a87-5a86-ac3a-cd78e0a68d0f,82763a83-8a87-5a86-ac3a-cd78e0a68d0f,d363d52d-99b4-4258-9e83-eca4fbdf4722:82763a83-8a87-5a86-ac3a-cd78e0a68d0f,True,leaf outline with direct text candidate
d363d52d-99b4-4258-9e83-eca4fbdf4722:OUTLINE:2a9eeb8814512f23,d363d52d-99b4-4258-9e83-eca4fbdf4722:OUTLINE:2a9eeb8814512f23,d363d52d-99b4-4258-9e83-eca4fbdf4722,netgear-r6350.pdf,R6350,eca7ab5e-73cc-5829-aa71-51f64091544a,Change the admin password,Manage Your Router > Change the admin password,Manage Your Router,2,137,137,P4,1,1,1,1,1009,1009,253,253,0,05519e14-2eff-51e9-9236-e93957018d1d,05519e14-2eff-51e9-9236-e93957018d1d,d363d52d-99b4-4258-9e83-eca4fbdf4722:05519e14-2eff-51e9-9236-e93957018d1d,True,leaf outline with direct text candidate
d363d52d-99b4-4258-9e83-eca4fbdf4722:OUTLINE:93bc0ecc3539fbab,d363d52d-99b4-4258-9e83-eca4fbdf4722:OUTLINE:93bc0ecc3539fbab,d363d52d-99b4-4258-9e83-eca4fbdf4722,netgear-r6350.pdf,R6350,eac2adc2-af44-50d5-b451-d4f39a09b0ad,Enable admin password recovery,Manage Your Router > Enable admin password recovery,Manage Your Router,2,137,138,P4,1,1,1,1,981,981,246,246,0,471370d2-cd2d-521d-bffc-7602e6c53654,471370d2-cd2d-521d-bffc-7602e6c53654,d363d52d-99b4-4258-9e83-eca4fbdf4722:471370d2-cd2d-521d-bffc-7602e6c53654,True,leaf outline with direct text candidate
d363d52d-99b4-4258-9e83-eca4fbdf4722:OUTLINE:563920ab21e73d16,d363d52d-99b4-4258-9e83-eca4fbdf4722:OUTLINE:563920ab21e73d16,d363d52d-99b4-4258-9e83-eca4fbdf4722,netgear-r6350.pdf,R6350,66c5c94b-b4b6-5f1d-b969-4031af52e5b5,Recover the admin password,Manage Your Router > Recover the admin password,Manage Your Router,2,138,139,P4,1,1,1,1,856,856,214,214,0,d8ba1e3e-620a-512e-9520-6dc227ac38a9,d8ba1e3e-620a-512e-9520-6dc227ac38a9,d363d52d-99b4-4258-9e83-eca4fbdf4722:d8ba1e3e-620a-512e-9520-6dc227ac38a9,True,leaf outline with direct text candidate
d363d52d-99b4-4258-9e83-eca4fbdf4722:OUTLINE:16dc1eb6ea5ba1ad,d363d52d-99b4-4258-9e83-eca4fbdf4722:OUTLINE:16dc1eb6ea5ba1ad,d363d52d-99b4-4258-9e83-eca4fbdf4722,netgear-r6350.pdf,R6350,9fca9673-530f-54df-848e-6e27b5e3fbf4,Back up the settings,Manage Your Router > Manage the router configuration file > Back up the settings,Manage Your Router > Manage the router configuration file,3,139,139,P4,1,1,1,1,706,706,177,177,0,4690be21-1100-5101-8a7c-2bc44fc90fc1,4690be21-1100-5101-8a7c-2bc44fc90fc1,d363d52d-99b4-4258-9e83-eca4fbdf4722:4690be21-1100-5101-8a7c-2bc44fc90fc1,True,leaf outline with direct text candidate
d363d52d-99b4-4258-9e83-eca4fbdf4722:OUTLINE:1897448df00d82fa,d363d52d-99b4-4258-9e83-eca4fbdf4722:OUTLINE:1897448df00d82fa,d363d52d-99b4-4258-9e83-eca4fbdf4722,netgear-r6350.pdf,R6350,97f75cd4-dc45-53bc-8112-f41f366dd426,Restore the settings,Manage Your Router > Manage the router configuration file > Restore the settings,Manage Your Router > Manage the router configuration file,3,139,140,P4,1,1,1,1,760,760,190,190,0,938592e1-dee5-5cd2-8afa-57a8eaba29ca,938592e1-dee5-5cd2-8afa-57a8eaba29ca,d363d52d-99b4-4258-9e83-eca4fbdf4722:938592e1-dee5-5cd2-8afa-57a8eaba29ca,True,leaf outline with direct text candidate
d363d52d-99b4-4258-9e83-eca4fbdf4722:OUTLINE:c406dcd0d505ed73,d363d52d-99b4-4258-9e83-eca4fbdf4722:OUTLINE:c406dcd0d505ed73,d363d52d-99b4-4258-9e83-eca4fbdf4722,netgear-r6350.pdf,R6350,08ef1d87-c57a-5842-9b91-658675869362,Disable or Enable LED Blinking or Turn Off LEDs,Manage Your Router > Disable or Enable LED Blinking or Turn Off LEDs,Manage Your Router,2,140,141,P4,1,1,1,1,1187,1187,297,297,0,5a7fc3bd-5bd0-57b2-944d-5a981598dcf7,5a7fc3bd-5bd0-57b2-944d-5a981598dcf7,d363d52d-99b4-4258-9e83-eca4fbdf4722:5a7fc3bd-5bd0-57b2-944d-5a981598dcf7,True,leaf outline with direct text candidate
d363d52d-99b4-4258-9e83-eca4fbdf4722:OUTLINE:16508c1309742aa6,d363d52d-99b4-4258-9e83-eca4fbdf4722:OUTLINE:16508c1309742aa6,d363d52d-99b4-4258-9e83-eca4fbdf4722,netgear-r6350.pdf,R6350,f70ea462-afe1-5108-9922-00367220a493,Use the Reset button,Manage Your Router > Return the router to its factory default settings > Use the Reset button,Manage Your Router > Return the router to its factory default settings,3,141,142,P4,1,1,1,1,723,723,181,181,0,a8ed97f6-b0c8-5d7e-b5cc-af310c2cb700,a8ed97f6-b0c8-5d7e-b5cc-af310c2cb700,d363d52d-99b4-4258-9e83-eca4fbdf4722:a8ed97f6-b0c8-5d7e-b5cc-af310c2cb700,True,leaf outline with direct text candidate
d363d52d-99b4-4258-9e83-eca4fbdf4722:OUTLINE:f36311c9fbb5c33b,d363d52d-99b4-4258-9e83-eca4fbdf4722:OUTLINE:f36311c9fbb5c33b,d363d52d-99b4-4258-9e83-eca4fbdf4722,netgear-r6350.pdf,R6350,2026fd8d-cbd9-5bdf-b01a-174132e6d9a0,Erase the settings,Manage Your Router > Return the router to its factory default settings > Erase the settings,Manage Your Router > Return the router to its factory default settings,3,142,142,P4,1,1,1,1,1000,1000,250,250,0,30cb5af4-ad9a-5de4-b044-140768a610eb,30cb5af4-ad9a-5de4-b044-140768a610eb,d363d52d-99b4-4258-9e83-eca4fbdf4722:30cb5af4-ad9a-5de4-b044-140768a610eb,True,leaf outline with direct text candidate
d363d52d-99b4-4258-9e83-eca4fbdf4722:OUTLINE:2a7ada61ead209e7,d363d52d-99b4-4258-9e83-eca4fbdf4722:OUTLINE:2a7ada61ead209e7,d363d52d-99b4-4258-9e83-eca4fbdf4722,netgear-r6350.pdf,R6350,24b3141c-366e-538c-ad99-91b76684b4b3,View information about the router and the Internet and WiFi settings,Manage Your Router > View the Status and Statistics of the Router > View information about the router and the Internet and WiFi settings,Manage Your Router > View the Status and Statistics of the Router,3,143,143,P4,1,1,1,1,1252,1252,313,313,0,6c6e7f93-dc23-57df-8cb4-4e5e8b6429f8,6c6e7f93-dc23-57df-8cb4-4e5e8b6429f8,d363d52d-99b4-4258-9e83-eca4fbdf4722:6c6e7f93-dc23-57df-8cb4-4e5e8b6429f8,True,leaf outline with direct text candidate
d363d52d-99b4-4258-9e83-eca4fbdf4722:OUTLINE:8853472f54aa91b2,d363d52d-99b4-4258-9e83-eca4fbdf4722:OUTLINE:8853472f54aa91b2,d363d52d-99b4-4258-9e83-eca4fbdf4722,netgear-r6350.pdf,R6350,0d5d6c8a-8907-586e-8501-a213b2718fdd,Display the statistics of the Internet port,Manage Your Router > View the Status and Statistics of the Router > Display the statistics of the Internet port,Manage Your Router > View the Status and Statistics of the Router,3,144,145,P4,1,1,1,1,1712,1712,428,428,0,8797aa97-5d6c-50dc-aa5e-f2974c7ee729,8797aa97-5d6c-50dc-aa5e-f2974c7ee729,d363d52d-99b4-4258-9e83-eca4fbdf4722:8797aa97-5d6c-50dc-aa5e-f2974c7ee729,True,leaf outline with direct text candidate
d363d52d-99b4-4258-9e83-eca4fbdf4722:OUTLINE:7b655e8d68f585f1,d363d52d-99b4-4258-9e83-eca4fbdf4722:OUTLINE:7b655e8d68f585f1,d363d52d-99b4-4258-9e83-eca4fbdf4722,netgear-r6350.pdf,R6350,64acede3-bbae-5ec8-b761-1f6d7dd99431,Check the Internet connection status,Manage Your Router > View the Status and Statistics of the Router > Check the Internet connection status,Manage Your Router > View the Status and Statistics of the Router,3,145,145,P4,1,1,1,1,1725,1725,432,432,0,ed852bc0-c5d4-5ae7-9219-ff2896fb89e0,ed852bc0-c5d4-5ae7-9219-ff2896fb89e0,d363d52d-99b4-4258-9e83-eca4fbdf4722:ed852bc0-c5d4-5ae7-9219-ff2896fb89e0,True,leaf outline with direct text candidate
d363d52d-99b4-4258-9e83-eca4fbdf4722:OUTLINE:c2ba7affcf9ef34c,d363d52d-99b4-4258-9e83-eca4fbdf4722:OUTLINE:c2ba7affcf9ef34c,d363d52d-99b4-4258-9e83-eca4fbdf4722,netgear-r6350.pdf,R6350,7ec9bf56-39bd-5294-86ff-67bb8c215a87,"View, Email, or Clear the Logs","Manage Your Router > Manage the Activity Log > View, Email, or Clear the Logs",Manage Your Router > Manage the Activity Log,3,146,146,P4,1,1,1,1,1307,1307,327,327,0,2614cfc0-dae8-5058-a15f-5d2e353875c9,2614cfc0-dae8-5058-a15f-5d2e353875c9,d363d52d-99b4-4258-9e83-eca4fbdf4722:2614cfc0-dae8-5058-a15f-5d2e353875c9,True,leaf outline with direct text candidate
d363d52d-99b4-4258-9e83-eca4fbdf4722:OUTLINE:9e7fc64d49637624,d363d52d-99b4-4258-9e83-eca4fbdf4722:OUTLINE:9e7fc64d49637624,d363d52d-99b4-4258-9e83-eca4fbdf4722,netgear-r6350.pdf,R6350,b1e0e05c-904d-5d0d-9a6a-e539036bfcf7,Specify Which Activities Are Logged,Manage Your Router > Manage the Activity Log > Specify Which Activities Are Logged,Manage Your Router > Manage the Activity Log,3,147,147,P4,1,1,1,1,945,945,237,237,0,d3335b7e-9c1e-51c0-bc02-4c72413be8bc,d3335b7e-9c1e-51c0-bc02-4c72413be8bc,d363d52d-99b4-4258-9e83-eca4fbdf4722:d3335b7e-9c1e-51c0-bc02-4c72413be8bc,True,leaf outline with direct text candidate
d363d52d-99b4-4258-9e83-eca4fbdf4722:OUTLINE:0233e0df2b249ecc,d363d52d-99b4-4258-9e83-eca4fbdf4722:OUTLINE:0233e0df2b249ecc,d363d52d-99b4-4258-9e83-eca4fbdf4722,netgear-r6350.pdf,R6350,0d2d2024-749f-547a-a579-988115847343,View devices currently on the network,Manage Your Router > View devices currently on the network,Manage Your Router,2,147,148,P4,1,1,1,1,1096,1096,274,274,0,3835ef8f-a7c0-59d5-beee-b439588447f3,3835ef8f-a7c0-59d5-beee-b439588447f3,d363d52d-99b4-4258-9e83-eca4fbdf4722:3835ef8f-a7c0-59d5-beee-b439588447f3,True,leaf outline with direct text candidate
d363d52d-99b4-4258-9e83-eca4fbdf4722:OUTLINE:b202e63e91831884,d363d52d-99b4-4258-9e83-eca4fbdf4722:OUTLINE:b202e63e91831884,d363d52d-99b4-4258-9e83-eca4fbdf4722,netgear-r6350.pdf,R6350,6a892b5d-017c-55b2-9c85-ff23693a2c1e,Start the Traffic Meter Without Traffic Volume Restrictions,Manage Your Router > Monitor and Meter Internet Traffic > Start the Traffic Meter Without Traffic Volume Restrictions,Manage Your Router > Monitor and Meter Internet Traffic,3,148,149,P4,1,1,1,1,1192,1192,298,298,0,b2adf112-ec34-5a14-81ae-3abfb50d721e,b2adf112-ec34-5a14-81ae-3abfb50d721e,d363d52d-99b4-4258-9e83-eca4fbdf4722:b2adf112-ec34-5a14-81ae-3abfb50d721e,True,leaf outline with direct text candidate
d363d52d-99b4-4258-9e83-eca4fbdf4722:OUTLINE:f2673d4e7a6b9511,d363d52d-99b4-4258-9e83-eca4fbdf4722:OUTLINE:f2673d4e7a6b9511,d363d52d-99b4-4258-9e83-eca4fbdf4722,netgear-r6350.pdf,R6350,c764bee8-9685-53e4-9c80-9aeb161c4b59,View the Internet Traffic Volume and Statistics,Manage Your Router > Monitor and Meter Internet Traffic > View the Internet Traffic Volume and Statistics,Manage Your Router > Monitor and Meter Internet Traffic,3,149,149,P4,1,1,1,1,1183,1183,296,296,0,c4faa15f-23b0-5353-a11e-7f9b8aa71c9d,c4faa15f-23b0-5353-a11e-7f9b8aa71c9d,d363d52d-99b4-4258-9e83-eca4fbdf4722:c4faa15f-23b0-5353-a11e-7f9b8aa71c9d,True,leaf outline with direct text candidate
d363d52d-99b4-4258-9e83-eca4fbdf4722:OUTLINE:a4c58cbe1ba901b1,d363d52d-99b4-4258-9e83-eca4fbdf4722:OUTLINE:a4c58cbe1ba901b1,d363d52d-99b4-4258-9e83-eca4fbdf4722,netgear-r6350.pdf,R6350,4cb72705-2eab-5c8f-998c-4f7f413edcf2,Restrict Internet Traffic by Volume,Manage Your Router > Monitor and Meter Internet Traffic > Restrict Internet Traffic by Volume,Manage Your Router > Monitor and Meter Internet Traffic,3,150,151,P4,1,1,1,1,2255,2255,564,564,0,b5cc5c3e-2dc5-5332-92e2-698b8ebdb584,b5cc5c3e-2dc5-5332-92e2-698b8ebdb584,d363d52d-99b4-4258-9e83-eca4fbdf4722:b5cc5c3e-2dc5-5332-92e2-698b8ebdb584,True,leaf outline with direct text candidate
d363d52d-99b4-4258-9e83-eca4fbdf4722:OUTLINE:5cf8ed626db917ea,d363d52d-99b4-4258-9e83-eca4fbdf4722:OUTLINE:5cf8ed626db917ea,d363d52d-99b4-4258-9e83-eca4fbdf4722,netgear-r6350.pdf,R6350,dc3542f6-e195-59f5-9bda-9c10b5f4ce0b,Restrict Internet Traffic by Connection Time,Manage Your Router > Monitor and Meter Internet Traffic > Restrict Internet Traffic by Connection Time,Manage Your Router > Monitor and Meter Internet Traffic,3,151,152,P4,1,1,1,1,2119,2119,530,530,0,7226fbf2-570f-5631-9b58-54c9df9d8c9d,7226fbf2-570f-5631-9b58-54c9df9d8c9d,d363d52d-99b4-4258-9e83-eca4fbdf4722:7226fbf2-570f-5631-9b58-54c9df9d8c9d,True,leaf outline with direct text candidate
d363d52d-99b4-4258-9e83-eca4fbdf4722:OUTLINE:68fbe6ef545dd2f2,d363d52d-99b4-4258-9e83-eca4fbdf4722:OUTLINE:68fbe6ef545dd2f2,d363d52d-99b4-4258-9e83-eca4fbdf4722,netgear-r6350.pdf,R6350,58c32c42-66bf-5675-b864-20c5ebfb18b8,Unblock the Traffic Meter After the Traffic Limit Is Reached,Manage Your Router > Monitor and Meter Internet Traffic > Unblock the Traffic Meter After the Traffic Limit Is Reached,Manage Your Router > Monitor and Meter Internet Traffic,3,152,152,P4,1,1,1,1,989,989,248,248,0,7856e894-111e-53fa-a711-a0d01acdcad8,7856e894-111e-53fa-a711-a0d01acdcad8,d363d52d-99b4-4258-9e83-eca4fbdf4722:7856e894-111e-53fa-a711-a0d01acdcad8,True,leaf outline with direct text candidate
d363d52d-99b4-4258-9e83-eca4fbdf4722:OUTLINE:c5c1ef67e6abac27,d363d52d-99b4-4258-9e83-eca4fbdf4722:OUTLINE:c5c1ef67e6abac27,d363d52d-99b4-4258-9e83-eca4fbdf4722,netgear-r6350.pdf,R6350,b439f1d3-ce64-50d9-98ac-1866a13b7176,Set up remote management,Manage Your Router > Remote access > Set up remote management,Manage Your Router > Remote access,3,153,154,P4,1,1,1,1,1615,1615,404,404,0,ca6f126f-0768-5543-9bb1-a7cd099fd58f,ca6f126f-0768-5543-9bb1-a7cd099fd58f,d363d52d-99b4-4258-9e83-eca4fbdf4722:ca6f126f-0768-5543-9bb1-a7cd099fd58f,True,leaf outline with direct text candidate
d363d52d-99b4-4258-9e83-eca4fbdf4722:OUTLINE:90955fb37c1fc3aa,d363d52d-99b4-4258-9e83-eca4fbdf4722:OUTLINE:90955fb37c1fc3aa,d363d52d-99b4-4258-9e83-eca4fbdf4722,netgear-r6350.pdf,R6350,42e032f4-2136-5590-8878-4a0739d83cf4,Use remote access,Manage Your Router > Remote access > Use remote access,Manage Your Router > Remote access,3,154,154,P4,1,1,1,1,370,370,93,93,0,12dad281-8f10-5bdd-9516-33bed9a6e3ba,12dad281-8f10-5bdd-9516-33bed9a6e3ba,d363d52d-99b4-4258-9e83-eca4fbdf4722:12dad281-8f10-5bdd-9516-33bed9a6e3ba,True,leaf outline with direct text candidate
d363d52d-99b4-4258-9e83-eca4fbdf4722:OUTLINE:fffb99b4f629fc1d,d363d52d-99b4-4258-9e83-eca4fbdf4722:OUTLINE:fffb99b4f629fc1d,d363d52d-99b4-4258-9e83-eca4fbdf4722,netgear-r6350.pdf,R6350,a5337e05-b830-5798-8c8f-2e6211cce749,Set Up a WiFi Schedule,Manage the Advanced WiFi Features > Set Up a WiFi Schedule,Manage the Advanced WiFi Features,2,156,156,P4,1,1,1,1,1366,1366,342,342,0,b1bcc85e-ed11-5cb8-978a-c9c2378b45f9,b1bcc85e-ed11-5cb8-978a-c9c2378b45f9,d363d52d-99b4-4258-9e83-eca4fbdf4722:b1bcc85e-ed11-5cb8-978a-c9c2378b45f9,True,leaf outline with direct text candidate
d363d52d-99b4-4258-9e83-eca4fbdf4722:OUTLINE:eb7b7adda07fc8fc,d363d52d-99b4-4258-9e83-eca4fbdf4722:OUTLINE:eb7b7adda07fc8fc,d363d52d-99b4-4258-9e83-eca4fbdf4722,netgear-r6350.pdf,R6350,591d5b3a-cf66-5829-85e9-249935ad2f8a,Manage the WPS Settings,Manage the Advanced WiFi Features > Manage the WPS Settings,Manage the Advanced WiFi Features,2,157,158,P4,1,1,1,1,2576,2576,644,644,0,baf22846-43d6-5cb8-9621-e9635dd36e2f,baf22846-43d6-5cb8-9621-e9635dd36e2f,d363d52d-99b4-4258-9e83-eca4fbdf4722:baf22846-43d6-5cb8-9621-e9635dd36e2f,True,leaf outline with direct text candidate
d363d52d-99b4-4258-9e83-eca4fbdf4722:OUTLINE:db13a850e338ba87,d363d52d-99b4-4258-9e83-eca4fbdf4722:OUTLINE:db13a850e338ba87,d363d52d-99b4-4258-9e83-eca4fbdf4722,netgear-r6350.pdf,R6350,915e3937-2106-52bc-89ea-35a32598bb93,Manage Advanced WiFi Settings,Manage the Advanced WiFi Features > Manage Advanced WiFi Settings,Manage the Advanced WiFi Features,2,158,159,P4,1,1,1,1,1564,1564,391,391,0,355a3325-4a2a-5202-9a27-36ac8aa72d56,355a3325-4a2a-5202-9a27-36ac8aa72d56,d363d52d-99b4-4258-9e83-eca4fbdf4722:355a3325-4a2a-5202-9a27-36ac8aa72d56,True,leaf outline with direct text candidate
d363d52d-99b4-4258-9e83-eca4fbdf4722:OUTLINE:7cc70494d33c456f,d363d52d-99b4-4258-9e83-eca4fbdf4722:OUTLINE:7cc70494d33c456f,d363d52d-99b4-4258-9e83-eca4fbdf4722,netgear-r6350.pdf,R6350,ef5321e7-aedd-58aa-8068-6bc5e0778412,Manage Airtime Fairness,Manage the Advanced WiFi Features > Specify How the Router Manages WiFi Clients > Manage Airtime Fairness,Manage the Advanced WiFi Features > Specify How the Router Manages WiFi Clients,3,159,160,P4,1,1,1,1,1135,1135,284,284,0,3660d339-b9c6-5298-adf1-7d7b2785409f,3660d339-b9c6-5298-adf1-7d7b2785409f,d363d52d-99b4-4258-9e83-eca4fbdf4722:3660d339-b9c6-5298-adf1-7d7b2785409f,True,leaf outline with direct text candidate
d363d52d-99b4-4258-9e83-eca4fbdf4722:OUTLINE:050e49d171ae1cc4,d363d52d-99b4-4258-9e83-eca4fbdf4722:OUTLINE:050e49d171ae1cc4,d363d52d-99b4-4258-9e83-eca4fbdf4722,netgear-r6350.pdf,R6350,c834b303-9e56-5658-950b-6ffd85c85929,Manage Implicit Beamforming,Manage the Advanced WiFi Features > Specify How the Router Manages WiFi Clients > Manage Implicit Beamforming,Manage the Advanced WiFi Features > Specify How the Router Manages WiFi Clients,3,160,160,P4,1,1,1,1,1234,1234,309,309,0,d6f7f8f4-41d2-5ec5-b2de-fab3ab5f6b69,d6f7f8f4-41d2-5ec5-b2de-fab3ab5f6b69,d363d52d-99b4-4258-9e83-eca4fbdf4722:d6f7f8f4-41d2-5ec5-b2de-fab3ab5f6b69,True,leaf outline with direct text candidate
d363d52d-99b4-4258-9e83-eca4fbdf4722:OUTLINE:06753de5360907b9,d363d52d-99b4-4258-9e83-eca4fbdf4722:OUTLINE:06753de5360907b9,d363d52d-99b4-4258-9e83-eca4fbdf4722,netgear-r6350.pdf,R6350,ffdda57e-7d61-5e34-aa7e-5b52ff802431,Manage MU-MIMO,Manage the Advanced WiFi Features > Specify How the Router Manages WiFi Clients > Manage MU-MIMO,Manage the Advanced WiFi Features > Specify How the Router Manages WiFi Clients,3,161,161,P4,1,1,1,1,1056,1056,264,264,0,e07ac8b4-e02a-59ff-82fc-a1e305bad5e4,e07ac8b4-e02a-59ff-82fc-a1e305bad5e4,d363d52d-99b4-4258-9e83-eca4fbdf4722:e07ac8b4-e02a-59ff-82fc-a1e305bad5e4,True,leaf outline with direct text candidate
d363d52d-99b4-4258-9e83-eca4fbdf4722:OUTLINE:07e220fc22aa06e3,d363d52d-99b4-4258-9e83-eca4fbdf4722:OUTLINE:07e220fc22aa06e3,d363d52d-99b4-4258-9e83-eca4fbdf4722,netgear-r6350.pdf,R6350,c132ee99-18ca-5dde-9170-c79ed0e595a6,Set Up a WiFi Bridge Between the Router and Another Device,Manage the Advanced WiFi Features > Set Up a WiFi Bridge Between the Router and Another Device,Manage the Advanced WiFi Features,2,161,164,P4,1,1,1,1,5306,5306,1327,1327,0,c84bb033-c6b4-58ff-a5d2-78ca433dea49,c84bb033-c6b4-58ff-a5d2-78ca433dea49,d363d52d-99b4-4258-9e83-eca4fbdf4722:c84bb033-c6b4-58ff-a5d2-78ca433dea49,True,leaf outline with direct text candidate
d363d52d-99b4-4258-9e83-eca4fbdf4722:OUTLINE:e5ba947620a7a567,d363d52d-99b4-4258-9e83-eca4fbdf4722:OUTLINE:e5ba947620a7a567,d363d52d-99b4-4258-9e83-eca4fbdf4722,netgear-r6350.pdf,R6350,41764b1a-ef20-5c1a-97c6-57399bfb00fe,Use the Router as a WiFi Access Point Only,Manage the Advanced WiFi Features > Use the Router as a WiFi Access Point Only,Manage the Advanced WiFi Features,2,164,165,P4,1,1,1,1,2156,2156,539,539,0,8b4e14c0-d607-5676-93f5-dbc7fc0d86fc,8b4e14c0-d607-5676-93f5-dbc7fc0d86fc,d363d52d-99b4-4258-9e83-eca4fbdf4722:8b4e14c0-d607-5676-93f5-dbc7fc0d86fc,True,leaf outline with direct text candidate
d363d52d-99b4-4258-9e83-eca4fbdf4722:OUTLINE:85fdb5c6df19be1d,d363d52d-99b4-4258-9e83-eca4fbdf4722:OUTLINE:85fdb5c6df19be1d,d363d52d-99b4-4258-9e83-eca4fbdf4722,netgear-r6350.pdf,R6350,97a38a28-8b1f-5aef-9953-611b7b9a72ff,Set up a VPN connection,Use VPN to Access Your Network > Set up a VPN connection,Use VPN to Access Your Network,2,167,167,P5,1,1,1,1,855,855,214,214,0,f9ad8237-b940-5dc2-8324-e0c13ae2416e,f9ad8237-b940-5dc2-8324-e0c13ae2416e,d363d52d-99b4-4258-9e83-eca4fbdf4722:f9ad8237-b940-5dc2-8324-e0c13ae2416e,True,leaf outline with direct text candidate
d363d52d-99b4-4258-9e83-eca4fbdf4722:OUTLINE:034e36ac4554a972,d363d52d-99b4-4258-9e83-eca4fbdf4722:OUTLINE:034e36ac4554a972,d363d52d-99b4-4258-9e83-eca4fbdf4722,netgear-r6350.pdf,R6350,6096f807-00e2-51a3-8fc0-4cf7c245b420,Specify VPN Service in the Router,Use VPN to Access Your Network > Specify VPN Service in the Router,Use VPN to Access Your Network,2,167,168,P5,1,1,1,1,1176,1176,294,294,0,5a2880cf-d756-5339-84e6-c63563eeb2cb,5a2880cf-d756-5339-84e6-c63563eeb2cb,d363d52d-99b4-4258-9e83-eca4fbdf4722:5a2880cf-d756-5339-84e6-c63563eeb2cb,True,leaf outline with direct text candidate
d363d52d-99b4-4258-9e83-eca4fbdf4722:OUTLINE:96318ffbf4a3ba5f,d363d52d-99b4-4258-9e83-eca4fbdf4722:OUTLINE:96318ffbf4a3ba5f,d363d52d-99b4-4258-9e83-eca4fbdf4722,netgear-r6350.pdf,R6350,3ffe392c-f007-57c6-9f7d-dd9d53b8a4f8,Install OpenVPN Software on Your Windows-Based Computer,Use VPN to Access Your Network > Install OpenVPN software > Install OpenVPN Software on Your Windows-Based Computer,Use VPN to Access Your Network > Install OpenVPN software,3,168,170,P5,1,1,1,1,2709,2709,678,678,0,61ed1546-a094-59bc-b483-2e2653c7fa78,61ed1546-a094-59bc-b483-2e2653c7fa78,d363d52d-99b4-4258-9e83-eca4fbdf4722:61ed1546-a094-59bc-b483-2e2653c7fa78,True,leaf outline with direct text candidate
d363d52d-99b4-4258-9e83-eca4fbdf4722:OUTLINE:6ed76a05b7efc6c6,d363d52d-99b4-4258-9e83-eca4fbdf4722:OUTLINE:6ed76a05b7efc6c6,d363d52d-99b4-4258-9e83-eca4fbdf4722,netgear-r6350.pdf,R6350,07552742-3941-5c07-aafb-e2db44d7c9db,Install OpenVPN Software on Your Mac Computer,Use VPN to Access Your Network > Install OpenVPN software > Install OpenVPN Software on Your Mac Computer,Use VPN to Access Your Network > Install OpenVPN software,3,170,171,P5,1,1,1,1,1422,1422,356,356,0,0ba5e5ee-8685-5618-80d5-a6ee39e3cf64,0ba5e5ee-8685-5618-80d5-a6ee39e3cf64,d363d52d-99b4-4258-9e83-eca4fbdf4722:0ba5e5ee-8685-5618-80d5-a6ee39e3cf64,True,leaf outline with direct text candidate
d363d52d-99b4-4258-9e83-eca4fbdf4722:OUTLINE:4f0479dd9f44afab,d363d52d-99b4-4258-9e83-eca4fbdf4722:OUTLINE:4f0479dd9f44afab,d363d52d-99b4-4258-9e83-eca4fbdf4722,netgear-r6350.pdf,R6350,410e12ee-9b49-513c-8060-d94f45367d10,Install OpenVPN Software on an iOS Device,Use VPN to Access Your Network > Install OpenVPN software > Install OpenVPN Software on an iOS Device,Use VPN to Access Your Network > Install OpenVPN software,3,171,171,P5,1,1,1,1,1346,1346,337,337,0,99954e13-239d-5fda-87ed-f6509a54b9f5,99954e13-239d-5fda-87ed-f6509a54b9f5,d363d52d-99b4-4258-9e83-eca4fbdf4722:99954e13-239d-5fda-87ed-f6509a54b9f5,True,leaf outline with direct text candidate
d363d52d-99b4-4258-9e83-eca4fbdf4722:OUTLINE:aaa110d73c5ebaf9,d363d52d-99b4-4258-9e83-eca4fbdf4722:OUTLINE:aaa110d73c5ebaf9,d363d52d-99b4-4258-9e83-eca4fbdf4722,netgear-r6350.pdf,R6350,61db75aa-17ff-59eb-806b-3cf436822083,Install OpenVPN Software on an Android Device,Use VPN to Access Your Network > Install OpenVPN software > Install OpenVPN Software on an Android Device,Use VPN to Access Your Network > Install OpenVPN software,3,172,172,P5,1,1,1,1,1348,1348,337,337,0,006d8e6b-77f6-54fa-826b-6d417979808f,006d8e6b-77f6-54fa-826b-6d417979808f,d363d52d-99b4-4258-9e83-eca4fbdf4722:006d8e6b-77f6-54fa-826b-6d417979808f,True,leaf outline with direct text candidate
d363d52d-99b4-4258-9e83-eca4fbdf4722:OUTLINE:0332b0c91aed8767,d363d52d-99b4-4258-9e83-eca4fbdf4722:OUTLINE:0332b0c91aed8767,d363d52d-99b4-4258-9e83-eca4fbdf4722,netgear-r6350.pdf,R6350,3c284f31-2ca7-5071-8a58-117984b50964,Use a VPN Tunnel on Your Windows-Based Computer,Use VPN to Access Your Network > Use a VPN Tunnel on Your Windows-Based Computer,Use VPN to Access Your Network,2,173,173,P5,1,1,1,1,1420,1420,355,355,0,c3fbc939-a8ae-561e-8210-e76e61387a4d,c3fbc939-a8ae-561e-8210-e76e61387a4d,d363d52d-99b4-4258-9e83-eca4fbdf4722:c3fbc939-a8ae-561e-8210-e76e61387a4d,True,leaf outline with direct text candidate
d363d52d-99b4-4258-9e83-eca4fbdf4722:OUTLINE:4c9926ec976fb66c,d363d52d-99b4-4258-9e83-eca4fbdf4722:OUTLINE:4c9926ec976fb66c,d363d52d-99b4-4258-9e83-eca4fbdf4722,netgear-r6350.pdf,R6350,f9367487-5c4d-5d27-9901-3709516c026b,Use VPN to Access the Router’s USB Device and Media,Use VPN to Access Your Network > Use VPN to Access the Router’s USB Device and Media,Use VPN to Access Your Network,2,174,174,P5,1,1,1,1,856,856,214,214,0,0aa14853-bbdb-5423-a96f-03caf3c8beea,0aa14853-bbdb-5423-a96f-03caf3c8beea,d363d52d-99b4-4258-9e83-eca4fbdf4722:0aa14853-bbdb-5423-a96f-03caf3c8beea,True,leaf outline with direct text candidate
d363d52d-99b4-4258-9e83-eca4fbdf4722:OUTLINE:1b192e95bd996eb7,d363d52d-99b4-4258-9e83-eca4fbdf4722:OUTLINE:1b192e95bd996eb7,d363d52d-99b4-4258-9e83-eca4fbdf4722,netgear-r6350.pdf,R6350,40fa9026-e6f1-56dd-9f94-a591cf01ef93,Set Up VPN Client Internet Access in the Router,Use VPN to Access Your Network > Use a VPN Tunnel to Access Your Internet Service at Home > Set Up VPN Client Internet Access in the Router,Use VPN to Access Your Network > Use a VPN Tunnel to Access Your Internet Service at Home,3,175,175,P5,1,1,1,1,1485,1485,372,372,0,5b537b42-e8b1-50ba-aa50-3907371e5975,5b537b42-e8b1-50ba-aa50-3907371e5975,d363d52d-99b4-4258-9e83-eca4fbdf4722:5b537b42-e8b1-50ba-aa50-3907371e5975,True,leaf outline with direct text candidate
d363d52d-99b4-4258-9e83-eca4fbdf4722:OUTLINE:bac5122865f8e6db,d363d52d-99b4-4258-9e83-eca4fbdf4722:OUTLINE:bac5122865f8e6db,d363d52d-99b4-4258-9e83-eca4fbdf4722,netgear-r6350.pdf,R6350,4020880f-2f54-558c-91d2-3ce603fc84cd,Block VPN Client Internet Access in the Router,Use VPN to Access Your Network > Use a VPN Tunnel to Access Your Internet Service at Home > Block VPN Client Internet Access in the Router,Use VPN to Access Your Network > Use a VPN Tunnel to Access Your Internet Service at Home,3,175,176,P5,1,1,1,1,1407,1407,352,352,0,621fe677-344e-56c1-bc96-5b7fd647ab60,621fe677-344e-56c1-bc96-5b7fd647ab60,d363d52d-99b4-4258-9e83-eca4fbdf4722:621fe677-344e-56c1-bc96-5b7fd647ab60,True,leaf outline with direct text candidate
d363d52d-99b4-4258-9e83-eca4fbdf4722:OUTLINE:3e2ffcc9a2514e01,d363d52d-99b4-4258-9e83-eca4fbdf4722:OUTLINE:3e2ffcc9a2514e01,d363d52d-99b4-4258-9e83-eca4fbdf4722,netgear-r6350.pdf,R6350,ef60af38-fbcc-5a47-a702-531017d505ee,Use VPN to access your Internet service at home,Use VPN to Access Your Network > Use a VPN Tunnel to Access Your Internet Service at Home > Use VPN to access your Internet service at home,Use VPN to Access Your Network > Use a VPN Tunnel to Access Your Internet Service at Home,3,176,176,P5,1,1,1,1,563,563,141,141,0,521df11b-ba0a-5d89-89c6-150357614d6d,521df11b-ba0a-5d89-89c6-150357614d6d,d363d52d-99b4-4258-9e83-eca4fbdf4722:521df11b-ba0a-5d89-89c6-150357614d6d,True,leaf outline with direct text candidate
d363d52d-99b4-4258-9e83-eca4fbdf4722:OUTLINE:5b9e812d65cb52d5,d363d52d-99b4-4258-9e83-eca4fbdf4722:OUTLINE:5b9e812d65cb52d5,d363d52d-99b4-4258-9e83-eca4fbdf4722,netgear-r6350.pdf,R6350,d6b1617e-363e-5866-9682-53782117c4f9,Forward Incoming Traffic for a Default Service or Application,Manage Port Forwarding and Port Triggering > Manage Port Forwarding to a Local Server for Services and Applications > Forward Incoming Traffic for a Default Service or Application,Manage Port Forwarding and Port Triggering > Manage Port Forwarding to a Local Server for Services and Applications,3,178,179,P5,1,1,1,1,1606,1606,402,402,0,52aedfac-3f52-548e-aece-e4ca3b0b64b3,52aedfac-3f52-548e-aece-e4ca3b0b64b3,d363d52d-99b4-4258-9e83-eca4fbdf4722:52aedfac-3f52-548e-aece-e4ca3b0b64b3,True,leaf outline with direct text candidate
d363d52d-99b4-4258-9e83-eca4fbdf4722:OUTLINE:4eef2d1dcdbdef65,d363d52d-99b4-4258-9e83-eca4fbdf4722:OUTLINE:4eef2d1dcdbdef65,d363d52d-99b4-4258-9e83-eca4fbdf4722,netgear-r6350.pdf,R6350,50c9bbb7-c4b7-56ed-b2f9-b5761ab90c7c,Add a Port Forwarding Rule With a Custom Service or Application,Manage Port Forwarding and Port Triggering > Manage Port Forwarding to a Local Server for Services and Applications > Add a Port Forwarding Rule With a Custom Service or Application,Manage Port Forwarding and Port Triggering > Manage Port Forwarding to a Local Server for Services and Applications,3,179,180,P5,1,1,1,1,2766,2766,692,692,0,32b0128d-4cd3-5692-bf84-033ded9ba0f6,32b0128d-4cd3-5692-bf84-033ded9ba0f6,d363d52d-99b4-4258-9e83-eca4fbdf4722:32b0128d-4cd3-5692-bf84-033ded9ba0f6,True,leaf outline with direct text candidate
d363d52d-99b4-4258-9e83-eca4fbdf4722:OUTLINE:e1a6bf19b182d664,d363d52d-99b4-4258-9e83-eca4fbdf4722:OUTLINE:e1a6bf19b182d664,d363d52d-99b4-4258-9e83-eca4fbdf4722,netgear-r6350.pdf,R6350,662f62af-56cf-5741-bb59-715d9e181dbe,Change a Port Forwarding Rule,Manage Port Forwarding and Port Triggering > Manage Port Forwarding to a Local Server for Services and Applications > Change a Port Forwarding Rule,Manage Port Forwarding and Port Triggering > Manage Port Forwarding to a Local Server for Services and Applications,3,180,181,P5,1,1,1,1,1114,1114,279,279,0,28edd501-a838-546a-afbe-efbecf300686,28edd501-a838-546a-afbe-efbecf300686,d363d52d-99b4-4258-9e83-eca4fbdf4722:28edd501-a838-546a-afbe-efbecf300686,True,leaf outline with direct text candidate
d363d52d-99b4-4258-9e83-eca4fbdf4722:OUTLINE:b8dd719cf71769c1,d363d52d-99b4-4258-9e83-eca4fbdf4722:OUTLINE:b8dd719cf71769c1,d363d52d-99b4-4258-9e83-eca4fbdf4722,netgear-r6350.pdf,R6350,bf299981-20cf-5fb7-adf6-48dcc1fc8bc0,Remove a Port Forwarding Rule,Manage Port Forwarding and Port Triggering > Manage Port Forwarding to a Local Server for Services and Applications > Remove a Port Forwarding Rule,Manage Port Forwarding and Port Triggering > Manage Port Forwarding to a Local Server for Services and Applications,3,181,181,P5,1,1,1,1,840,840,210,210,0,55f304ec-f058-5c42-b0c8-e653c157b82a,55f304ec-f058-5c42-b0c8-e653c157b82a,d363d52d-99b4-4258-9e83-eca4fbdf4722:55f304ec-f058-5c42-b0c8-e653c157b82a,True,leaf outline with direct text candidate
d363d52d-99b4-4258-9e83-eca4fbdf4722:OUTLINE:a976069c61c532da,d363d52d-99b4-4258-9e83-eca4fbdf4722:OUTLINE:a976069c61c532da,d363d52d-99b4-4258-9e83-eca4fbdf4722,netgear-r6350.pdf,R6350,0e8066e6-8d93-5c89-b174-35d01623ab9b,Application Example: Make a Local Web Server Public,Manage Port Forwarding and Port Triggering > Manage Port Forwarding to a Local Server for Services and Applications > Application Example: Make a Local Web Server Public,Manage Port Forwarding and Port Triggering > Manage Port Forwarding to a Local Server for Services and Applications,3,182,182,P5,1,1,1,1,937,937,235,235,0,5d13f408-bd0f-5a3d-b40a-5f77c6bd4daa,5d13f408-bd0f-5a3d-b40a-5f77c6bd4daa,d363d52d-99b4-4258-9e83-eca4fbdf4722:5d13f408-bd0f-5a3d-b40a-5f77c6bd4daa,True,leaf outline with direct text candidate
d363d52d-99b4-4258-9e83-eca4fbdf4722:OUTLINE:1c6d60ff5b2a5045,d363d52d-99b4-4258-9e83-eca4fbdf4722:OUTLINE:1c6d60ff5b2a5045,d363d52d-99b4-4258-9e83-eca4fbdf4722,netgear-r6350.pdf,R6350,9cf6f7c8-5512-5c98-b6f3-a341d970506f,How the Router Implements the Port Forwarding Rule,Manage Port Forwarding and Port Triggering > Manage Port Forwarding to a Local Server for Services and Applications > How the Router Implements the Port Forwarding Rule,Manage Port Forwarding and Port Triggering > Manage Port Forwarding to a Local Server for Services and Applications,3,182,183,P5,1,1,1,1,937,937,235,235,0,2eed33bd-5687-5587-a5b3-66cb1b9875c8,2eed33bd-5687-5587-a5b3-66cb1b9875c8,d363d52d-99b4-4258-9e83-eca4fbdf4722:2eed33bd-5687-5587-a5b3-66cb1b9875c8,True,leaf outline with direct text candidate
d363d52d-99b4-4258-9e83-eca4fbdf4722:OUTLINE:2bf2c8afed147012,d363d52d-99b4-4258-9e83-eca4fbdf4722:OUTLINE:2bf2c8afed147012,d363d52d-99b4-4258-9e83-eca4fbdf4722,netgear-r6350.pdf,R6350,5b24044f-e939-5b24-be6e-7168d8ac359d,Add a Port Triggering Rule,Manage Port Forwarding and Port Triggering > Manage Port Triggering for Services and Applications > Add a Port Triggering Rule,Manage Port Forwarding and Port Triggering > Manage Port Triggering for Services and Applications,3,183,184,P5,1,1,1,1,2157,2157,540,540,0,76e1f0ff-01db-51fe-b31b-85ca21b0cac3,76e1f0ff-01db-51fe-b31b-85ca21b0cac3,d363d52d-99b4-4258-9e83-eca4fbdf4722:76e1f0ff-01db-51fe-b31b-85ca21b0cac3,True,leaf outline with direct text candidate
d363d52d-99b4-4258-9e83-eca4fbdf4722:OUTLINE:7f7edd0f0d8129d9,d363d52d-99b4-4258-9e83-eca4fbdf4722:OUTLINE:7f7edd0f0d8129d9,d363d52d-99b4-4258-9e83-eca4fbdf4722,netgear-r6350.pdf,R6350,ea00181b-3ded-571f-903c-97263f47d939,Change a Port Triggering Rule,Manage Port Forwarding and Port Triggering > Manage Port Triggering for Services and Applications > Change a Port Triggering Rule,Manage Port Forwarding and Port Triggering > Manage Port Triggering for Services and Applications,3,185,185,P5,1,1,1,1,1140,1140,285,285,0,d61cebbd-8a1e-5f31-bad4-be9c5460ae64,d61cebbd-8a1e-5f31-bad4-be9c5460ae64,d363d52d-99b4-4258-9e83-eca4fbdf4722:d61cebbd-8a1e-5f31-bad4-be9c5460ae64,True,leaf outline with direct text candidate
d363d52d-99b4-4258-9e83-eca4fbdf4722:OUTLINE:df3ddba642026e27,d363d52d-99b4-4258-9e83-eca4fbdf4722:OUTLINE:df3ddba642026e27,d363d52d-99b4-4258-9e83-eca4fbdf4722,netgear-r6350.pdf,R6350,42483182-6b99-5d55-9d0e-06da3e17c37c,Remove a Port Triggering Rule,Manage Port Forwarding and Port Triggering > Manage Port Triggering for Services and Applications > Remove a Port Triggering Rule,Manage Port Forwarding and Port Triggering > Manage Port Triggering for Services and Applications,3,185,186,P5,1,1,1,1,852,852,213,213,0,3b6b3801-db88-5ebc-902d-76ddd0095d6c,3b6b3801-db88-5ebc-902d-76ddd0095d6c,d363d52d-99b4-4258-9e83-eca4fbdf4722:3b6b3801-db88-5ebc-902d-76ddd0095d6c,True,leaf outline with direct text candidate
d363d52d-99b4-4258-9e83-eca4fbdf4722:OUTLINE:9c0a71e680c257bc,d363d52d-99b4-4258-9e83-eca4fbdf4722:OUTLINE:9c0a71e680c257bc,d363d52d-99b4-4258-9e83-eca4fbdf4722,netgear-r6350.pdf,R6350,de39152d-343c-51d2-bc4f-d0a8ad64031d,Specify the Time-Out for Port Triggering,Manage Port Forwarding and Port Triggering > Manage Port Triggering for Services and Applications > Specify the Time-Out for Port Triggering,Manage Port Forwarding and Port Triggering > Manage Port Triggering for Services and Applications,3,186,187,P5,1,1,1,1,1053,1053,264,264,0,ddddd7e5-788b-53a8-97a7-22a2cd4fed86,ddddd7e5-788b-53a8-97a7-22a2cd4fed86,d363d52d-99b4-4258-9e83-eca4fbdf4722:ddddd7e5-788b-53a8-97a7-22a2cd4fed86,True,leaf outline with direct text candidate
d363d52d-99b4-4258-9e83-eca4fbdf4722:OUTLINE:92e621557406a348,d363d52d-99b4-4258-9e83-eca4fbdf4722:OUTLINE:92e621557406a348,d363d52d-99b4-4258-9e83-eca4fbdf4722,netgear-r6350.pdf,R6350,0debc8f8-b0ab-5f70-8ae6-c50b85f016c2,Disable Port Triggering,Manage Port Forwarding and Port Triggering > Manage Port Triggering for Services and Applications > Disable Port Triggering,Manage Port Forwarding and Port Triggering > Manage Port Triggering for Services and Applications,3,187,187,P5,1,1,1,1,979,979,245,245,0,f94ae39e-b4d2-5a07-938c-1d00f56302be,f94ae39e-b4d2-5a07-938c-1d00f56302be,d363d52d-99b4-4258-9e83-eca4fbdf4722:f94ae39e-b4d2-5a07-938c-1d00f56302be,True,leaf outline with direct text candidate
d363d52d-99b4-4258-9e83-eca4fbdf4722:OUTLINE:2c394752c3da44ef,d363d52d-99b4-4258-9e83-eca4fbdf4722:OUTLINE:2c394752c3da44ef,d363d52d-99b4-4258-9e83-eca4fbdf4722,netgear-r6350.pdf,R6350,df95cd7e-4a21-52bc-926e-c12b68df8bd2,Application Example: Port Triggering for Internet Relay Chat,Manage Port Forwarding and Port Triggering > Manage Port Triggering for Services and Applications > Application Example: Port Triggering for Internet Relay Chat,Manage Port Forwarding and Port Triggering > Manage Port Triggering for Services and Applications,3,187,188,P5,1,1,1,1,2617,2617,655,655,0,04cee028-c115-53e9-80fa-435b79d25c86,04cee028-c115-53e9-80fa-435b79d25c86,d363d52d-99b4-4258-9e83-eca4fbdf4722:04cee028-c115-53e9-80fa-435b79d25c86,True,leaf outline with direct text candidate
d363d52d-99b4-4258-9e83-eca4fbdf4722:OUTLINE:f67dde43cca3ccc5,d363d52d-99b4-4258-9e83-eca4fbdf4722:OUTLINE:f67dde43cca3ccc5,d363d52d-99b4-4258-9e83-eca4fbdf4722,netgear-r6350.pdf,R6350,6b20a533-649f-518c-aa0f-724189ccffa5,Sequence to restart your network,Troubleshooting > Quick tips > Sequence to restart your network,Troubleshooting > Quick tips,3,190,190,P5,1,1,1,1,212,212,53,53,0,43ee9cdf-ae9a-5b3c-bbe5-ecde0e3d2cfe,43ee9cdf-ae9a-5b3c-bbe5-ecde0e3d2cfe,d363d52d-99b4-4258-9e83-eca4fbdf4722:43ee9cdf-ae9a-5b3c-bbe5-ecde0e3d2cfe,True,leaf outline with direct text candidate
d363d52d-99b4-4258-9e83-eca4fbdf4722:OUTLINE:75bf225706b871e2,d363d52d-99b4-4258-9e83-eca4fbdf4722:OUTLINE:75bf225706b871e2,d363d52d-99b4-4258-9e83-eca4fbdf4722,netgear-r6350.pdf,R6350,83782ff8-ccaa-5738-9d23-28a6d21cbd3a,Check the power adapter and Ethernet cable connections,Troubleshooting > Quick tips > Check the power adapter and Ethernet cable connections,Troubleshooting > Quick tips,3,190,190,P5,1,1,1,1,515,515,129,129,0,4b9a8181-cb6c-5825-85f7-05dab83f2a3f,4b9a8181-cb6c-5825-85f7-05dab83f2a3f,d363d52d-99b4-4258-9e83-eca4fbdf4722:4b9a8181-cb6c-5825-85f7-05dab83f2a3f,True,leaf outline with direct text candidate
d363d52d-99b4-4258-9e83-eca4fbdf4722:OUTLINE:2c74854a9298dec3,d363d52d-99b4-4258-9e83-eca4fbdf4722:OUTLINE:2c74854a9298dec3,d363d52d-99b4-4258-9e83-eca4fbdf4722,netgear-r6350.pdf,R6350,affb504c-7994-5e07-9277-a1d7c034b263,Check the WiFi settings,Troubleshooting > Quick tips > Check the WiFi settings,Troubleshooting > Quick tips,3,190,190,P5,1,1,1,1,406,406,102,102,0,335ea183-1b40-5e35-af4b-f01b3137b0c1,335ea183-1b40-5e35-af4b-f01b3137b0c1,d363d52d-99b4-4258-9e83-eca4fbdf4722:335ea183-1b40-5e35-af4b-f01b3137b0c1,True,leaf outline with direct text candidate
d363d52d-99b4-4258-9e83-eca4fbdf4722:OUTLINE:eb1f7b0380af998e,d363d52d-99b4-4258-9e83-eca4fbdf4722:OUTLINE:eb1f7b0380af998e,d363d52d-99b4-4258-9e83-eca4fbdf4722,netgear-r6350.pdf,R6350,ee1f5e6f-dce4-52cc-aa88-2e95d47a2ae5,Check the network settings,Troubleshooting > Quick tips > Check the network settings,Troubleshooting > Quick tips,3,190,191,P5,1,1,1,1,593,593,149,149,0,d7f22ecf-daab-54fc-9de9-74703efb66a1,d7f22ecf-daab-54fc-9de9-74703efb66a1,d363d52d-99b4-4258-9e83-eca4fbdf4722:d7f22ecf-daab-54fc-9de9-74703efb66a1,True,leaf outline with direct text candidate
d363d52d-99b4-4258-9e83-eca4fbdf4722:OUTLINE:6cdd03f3614a1ab8,d363d52d-99b4-4258-9e83-eca4fbdf4722:OUTLINE:6cdd03f3614a1ab8,d363d52d-99b4-4258-9e83-eca4fbdf4722,netgear-r6350.pdf,R6350,3b30689a-51b5-5dae-8784-5badfef11773,Standard LED behavior when the router is powered on,Troubleshooting > Troubleshoot with the LEDs > Standard LED behavior when the router is powered on,Troubleshooting > Troubleshoot with the LEDs,3,191,191,P5,1,1,1,1,395,395,99,99,0,b27b612a-5c9c-5c3a-bfbf-41380f330f63,b27b612a-5c9c-5c3a-bfbf-41380f330f63,d363d52d-99b4-4258-9e83-eca4fbdf4722:b27b612a-5c9c-5c3a-bfbf-41380f330f63,True,leaf outline with direct text candidate
d363d52d-99b4-4258-9e83-eca4fbdf4722:OUTLINE:5cd070b790651b6f,d363d52d-99b4-4258-9e83-eca4fbdf4722:OUTLINE:5cd070b790651b6f,d363d52d-99b4-4258-9e83-eca4fbdf4722,netgear-r6350.pdf,R6350,f3b72e8b-96d8-5d78-8e1e-71e49dfcd287,Power LED is off or blinking,Troubleshooting > Troubleshoot with the LEDs > Power LED is off or blinking,Troubleshooting > Troubleshoot with the LEDs,3,191,191,P5,1,1,1,1,677,677,170,170,0,fca5ee25-d8aa-503c-9059-f2145cd1afdc,fca5ee25-d8aa-503c-9059-f2145cd1afdc,d363d52d-99b4-4258-9e83-eca4fbdf4722:fca5ee25-d8aa-503c-9059-f2145cd1afdc,True,leaf outline with direct text candidate
d363d52d-99b4-4258-9e83-eca4fbdf4722:OUTLINE:336cd4ad401325c0,d363d52d-99b4-4258-9e83-eca4fbdf4722:OUTLINE:336cd4ad401325c0,d363d52d-99b4-4258-9e83-eca4fbdf4722,netgear-r6350.pdf,R6350,cde33e37-1dba-5427-afa1-5c62a4bb6e1c,Internet or Ethernet LAN port LEDs are off,Troubleshooting > Troubleshoot with the LEDs > Internet or Ethernet LAN port LEDs are off,Troubleshooting > Troubleshoot with the LEDs,3,192,192,P5,1,1,1,1,536,536,134,134,0,0a3e9e25-c2a0-5ff5-9ea7-dfcd3a28faec,0a3e9e25-c2a0-5ff5-9ea7-dfcd3a28faec,d363d52d-99b4-4258-9e83-eca4fbdf4722:0a3e9e25-c2a0-5ff5-9ea7-dfcd3a28faec,True,leaf outline with direct text candidate
d363d52d-99b4-4258-9e83-eca4fbdf4722:OUTLINE:5a4a9eed369ea641,d363d52d-99b4-4258-9e83-eca4fbdf4722:OUTLINE:5a4a9eed369ea641,d363d52d-99b4-4258-9e83-eca4fbdf4722,netgear-r6350.pdf,R6350,b8acbec7-ea5d-51b6-a5ab-c27c4a4352de,You cannot log in to the router,Troubleshooting > You cannot log in to the router,Troubleshooting,2,192,193,P5,1,1,1,1,2465,2465,617,617,0,5fb6c324-9a3a-55a6-9e85-b28426238725,5fb6c324-9a3a-55a6-9e85-b28426238725,d363d52d-99b4-4258-9e83-eca4fbdf4722:5fb6c324-9a3a-55a6-9e85-b28426238725,True,leaf outline with direct text candidate
d363d52d-99b4-4258-9e83-eca4fbdf4722:OUTLINE:26632525d1e8244b,d363d52d-99b4-4258-9e83-eca4fbdf4722:OUTLINE:26632525d1e8244b,d363d52d-99b4-4258-9e83-eca4fbdf4722,netgear-r6350.pdf,R6350,64458e68-d85b-586d-bb35-c1933cb069fe,You cannot access the Internet,Troubleshooting > You cannot access the Internet,Troubleshooting,2,193,194,P5,1,1,1,1,2982,2982,746,746,0,79822e37-5591-59b3-a4e6-be796ba4abbf,79822e37-5591-59b3-a4e6-be796ba4abbf,d363d52d-99b4-4258-9e83-eca4fbdf4722:79822e37-5591-59b3-a4e6-be796ba4abbf,True,leaf outline with direct text candidate
d363d52d-99b4-4258-9e83-eca4fbdf4722:OUTLINE:6ca762548278f56e,d363d52d-99b4-4258-9e83-eca4fbdf4722:OUTLINE:6ca762548278f56e,d363d52d-99b4-4258-9e83-eca4fbdf4722,netgear-r6350.pdf,R6350,9b7ada98-f56d-52d7-b714-bcd034c41864,Troubleshoot Internet browsing,Troubleshooting > Troubleshoot Internet browsing,Troubleshooting,2,194,195,P5,1,1,1,1,1129,1129,283,283,0,818e0932-f3ff-5602-b5b9-5f1d94d353ed,818e0932-f3ff-5602-b5b9-5f1d94d353ed,d363d52d-99b4-4258-9e83-eca4fbdf4722:818e0932-f3ff-5602-b5b9-5f1d94d353ed,True,leaf outline with direct text candidate
d363d52d-99b4-4258-9e83-eca4fbdf4722:OUTLINE:9c32743864313ce3,d363d52d-99b4-4258-9e83-eca4fbdf4722:OUTLINE:9c32743864313ce3,d363d52d-99b4-4258-9e83-eca4fbdf4722,netgear-r6350.pdf,R6350,67fc5b12-9b44-59c9-8d7e-3365cb691611,Changes are not saved,Troubleshooting > Changes are not saved,Troubleshooting,2,195,195,P5,1,1,1,1,403,403,101,101,0,89d07740-bf45-5a3f-aae9-8ef36cc53998,89d07740-bf45-5a3f-aae9-8ef36cc53998,d363d52d-99b4-4258-9e83-eca4fbdf4722:89d07740-bf45-5a3f-aae9-8ef36cc53998,True,leaf outline with direct text candidate
d363d52d-99b4-4258-9e83-eca4fbdf4722:OUTLINE:392ff4fbd7ee9772,d363d52d-99b4-4258-9e83-eca4fbdf4722:OUTLINE:392ff4fbd7ee9772,d363d52d-99b4-4258-9e83-eca4fbdf4722,netgear-r6350.pdf,R6350,255430e4-14e1-57fc-8d5e-d93198f8f65e,Troubleshoot WiFi connectivity,Troubleshooting > Troubleshoot WiFi connectivity,Troubleshooting,2,195,196,P5,1,1,1,1,1221,1221,306,306,0,04bd2000-f1cc-52d9-9646-2736f0fb6c18,04bd2000-f1cc-52d9-9646-2736f0fb6c18,d363d52d-99b4-4258-9e83-eca4fbdf4722:04bd2000-f1cc-52d9-9646-2736f0fb6c18,True,leaf outline with direct text candidate
d363d52d-99b4-4258-9e83-eca4fbdf4722:OUTLINE:9ad236fa74b89647,d363d52d-99b4-4258-9e83-eca4fbdf4722:OUTLINE:9ad236fa74b89647,d363d52d-99b4-4258-9e83-eca4fbdf4722,netgear-r6350.pdf,R6350,e436097a-a1ad-590a-b71a-e38dcb6315ad,Test the LAN path to your router,Troubleshooting > Troubleshoot your network using the ping utility > Test the LAN path to your router,Troubleshooting > Troubleshoot your network using the ping utility,3,196,197,P5,1,1,1,1,1401,1401,351,351,0,b6ce6497-49a9-5a9f-a737-af08a875eaa5,b6ce6497-49a9-5a9f-a737-af08a875eaa5,d363d52d-99b4-4258-9e83-eca4fbdf4722:b6ce6497-49a9-5a9f-a737-af08a875eaa5,True,leaf outline with direct text candidate
d363d52d-99b4-4258-9e83-eca4fbdf4722:OUTLINE:3d0101989fca1bb6,d363d52d-99b4-4258-9e83-eca4fbdf4722:OUTLINE:3d0101989fca1bb6,d363d52d-99b4-4258-9e83-eca4fbdf4722,netgear-r6350.pdf,R6350,83653532-1677-5598-9a90-abd64a804111,Test the path from a Windows-based computer to a remote device,Troubleshooting > Troubleshoot your network using the ping utility > Test the path from a Windows-based computer to a remote device,Troubleshooting > Troubleshoot your network using the ping utility,3,197,198,P5,1,1,1,1,1579,1579,395,395,0,3b16622f-2234-5fed-adf6-69cc491ea918,3b16622f-2234-5fed-adf6-69cc491ea918,d363d52d-99b4-4258-9e83-eca4fbdf4722:3b16622f-2234-5fed-adf6-69cc491ea918,True,leaf outline with direct text candidate
d363d52d-99b4-4258-9e83-eca4fbdf4722:OUTLINE:8f47581d1b5990c8,d363d52d-99b4-4258-9e83-eca4fbdf4722:OUTLINE:8f47581d1b5990c8,d363d52d-99b4-4258-9e83-eca4fbdf4722,netgear-r6350.pdf,R6350,02056cfc-a1c6-5581-9f0a-c6aae98f8249,Factory Settings,Supplemental Information > Factory Settings,Supplemental Information,2,200,202,P5,1,1,1,1,2813,2813,704,704,1,078fce15-64ff-523b-abe3-8d4e27848c82,078fce15-64ff-523b-abe3-8d4e27848c82,d363d52d-99b4-4258-9e83-eca4fbdf4722:078fce15-64ff-523b-abe3-8d4e27848c82,True,leaf outline with direct text candidate
d363d52d-99b4-4258-9e83-eca4fbdf4722:OUTLINE:b934612f8b7cd99e,d363d52d-99b4-4258-9e83-eca4fbdf4722:OUTLINE:b934612f8b7cd99e,d363d52d-99b4-4258-9e83-eca4fbdf4722,netgear-r6350.pdf,R6350,02ce7c20-1955-5c4e-ada6-31a5d46e4c41,Technical Specifications,Supplemental Information > Technical Specifications,Supplemental Information,2,203,204,P5,1,1,1,1,1725,1725,432,432,1,3c7598ff-1e9d-538d-8b78-013e9e66b847,3c7598ff-1e9d-538d-8b78-013e9e66b847,d363d52d-99b4-4258-9e83-eca4fbdf4722:3c7598ff-1e9d-538d-8b78-013e9e66b847,True,leaf outline with direct text candidate
8a56b2bf-5d68-4806-abb7-de39894bb404:OUTLINE:adbb7fb370caa78d,8a56b2bf-5d68-4806-abb7-de39894bb404:OUTLINE:adbb7fb370caa78d,8a56b2bf-5d68-4806-abb7-de39894bb404,netgear-r7000.pdf,R7000,8e7c7ed3-600c-56d2-838b-a4e49584ebdb,Unpack Your Router,Hardware Setup > Unpack Your Router,Hardware Setup,2,10,10,P1,1,1,1,1,102,102,26,26,1,170780d1-9839-5848-8bcf-c5f008e1fe10,170780d1-9839-5848-8bcf-c5f008e1fe10,8a56b2bf-5d68-4806-abb7-de39894bb404:170780d1-9839-5848-8bcf-c5f008e1fe10,True,leaf outline with direct text candidate
8a56b2bf-5d68-4806-abb7-de39894bb404:OUTLINE:9d045c3fc4719120,8a56b2bf-5d68-4806-abb7-de39894bb404:OUTLINE:9d045c3fc4719120,8a56b2bf-5d68-4806-abb7-de39894bb404,netgear-r7000.pdf,R7000,2a891fa0-8be5-5410-925e-f98f728e5159,Top Panel LEDs and Buttons,Hardware Setup > Top Panel LEDs and Buttons,Hardware Setup,2,11,13,P1,1,1,1,1,3234,3234,809,809,1,c4d716cf-2163-565a-b553-4f3fba2921b0,c4d716cf-2163-565a-b553-4f3fba2921b0,8a56b2bf-5d68-4806-abb7-de39894bb404:c4d716cf-2163-565a-b553-4f3fba2921b0,True,leaf outline with direct text candidate
8a56b2bf-5d68-4806-abb7-de39894bb404:OUTLINE:e271e0b47a14e4d5,8a56b2bf-5d68-4806-abb7-de39894bb404:OUTLINE:e271e0b47a14e4d5,8a56b2bf-5d68-4806-abb7-de39894bb404,netgear-r7000.pdf,R7000,6b391a69-a7de-5d57-b441-fdaa0d260db0,Rear Panel,Hardware Setup > Rear Panel,Hardware Setup,2,14,14,P1,1,1,1,1,1018,1018,255,255,1,cd377ecc-8f4a-54b9-93f6-b454abc20d67,cd377ecc-8f4a-54b9-93f6-b454abc20d67,8a56b2bf-5d68-4806-abb7-de39894bb404:cd377ecc-8f4a-54b9-93f6-b454abc20d67,True,leaf outline with direct text candidate
8a56b2bf-5d68-4806-abb7-de39894bb404:OUTLINE:68179f8d62531963,8a56b2bf-5d68-4806-abb7-de39894bb404:OUTLINE:68179f8d62531963,8a56b2bf-5d68-4806-abb7-de39894bb404,netgear-r7000.pdf,R7000,cff95d97-8649-58a6-8f1f-9d3478ace2c0,Extend the Antennas,Hardware Setup > Extend the Antennas,Hardware Setup,2,15,15,P1,1,1,1,1,117,117,30,30,1,3a1734ad-bf5d-5755-a2dc-e3c8ff267eaa,3a1734ad-bf5d-5755-a2dc-e3c8ff267eaa,8a56b2bf-5d68-4806-abb7-de39894bb404:3a1734ad-bf5d-5755-a2dc-e3c8ff267eaa,True,leaf outline with direct text candidate
8a56b2bf-5d68-4806-abb7-de39894bb404:OUTLINE:a51f9d983a829e2f,8a56b2bf-5d68-4806-abb7-de39894bb404:OUTLINE:a51f9d983a829e2f,8a56b2bf-5d68-4806-abb7-de39894bb404,netgear-r7000.pdf,R7000,57b6e412-eb1a-520f-acff-d30907d1eb62,Router Label,Hardware Setup > Router Label,Hardware Setup,2,15,15,P1,1,1,1,1,192,192,48,48,1,74570597-5fb2-5834-adff-d6592b3c509d,74570597-5fb2-5834-adff-d6592b3c509d,8a56b2bf-5d68-4806-abb7-de39894bb404:74570597-5fb2-5834-adff-d6592b3c509d,True,leaf outline with direct text candidate
8a56b2bf-5d68-4806-abb7-de39894bb404:OUTLINE:8549e88eb21b4078,8a56b2bf-5d68-4806-abb7-de39894bb404:OUTLINE:8549e88eb21b4078,8a56b2bf-5d68-4806-abb7-de39894bb404,netgear-r7000.pdf,R7000,e321abb8-43ee-538d-845e-9fb6b75fb53b,Position Your Router,Hardware Setup > Position Your Router,Hardware Setup,2,16,17,P1,1,1,1,1,1431,1431,358,358,0,a558a4fd-f5ea-5ad7-8f40-f63c42201e36,a558a4fd-f5ea-5ad7-8f40-f63c42201e36,8a56b2bf-5d68-4806-abb7-de39894bb404:a558a4fd-f5ea-5ad7-8f40-f63c42201e36,True,leaf outline with direct text candidate
8a56b2bf-5d68-4806-abb7-de39894bb404:OUTLINE:d0c14d1f4a338a48,8a56b2bf-5d68-4806-abb7-de39894bb404:OUTLINE:d0c14d1f4a338a48,8a56b2bf-5d68-4806-abb7-de39894bb404,netgear-r7000.pdf,R7000,944cd968-1dd7-559f-9b7f-8269e69a727c,Cable Your Router,Hardware Setup > Cable Your Router,Hardware Setup,2,17,17,P1,1,1,1,1,666,666,167,167,1,3358052a-815b-5201-a127-e92149644fca,3358052a-815b-5201-a127-e92149644fca,8a56b2bf-5d68-4806-abb7-de39894bb404:3358052a-815b-5201-a127-e92149644fca,True,leaf outline with direct text candidate
8a56b2bf-5d68-4806-abb7-de39894bb404:OUTLINE:0cc5c443004437fd,8a56b2bf-5d68-4806-abb7-de39894bb404:OUTLINE:0cc5c443004437fd,8a56b2bf-5d68-4806-abb7-de39894bb404,netgear-r7000.pdf,R7000,f4e87e48-1dc6-5903-a6b0-05ba1e2482d7,Wired Connection,Connect to the Network and Access the Router > Connect to the Network > Wired Connection,Connect to the Network and Access the Router > Connect to the Network,3,19,19,P1,1,1,1,1,456,456,114,114,0,cf6a9c70-f40a-521b-8ee5-c0a7ff8c1279,cf6a9c70-f40a-521b-8ee5-c0a7ff8c1279,8a56b2bf-5d68-4806-abb7-de39894bb404:cf6a9c70-f40a-521b-8ee5-c0a7ff8c1279,True,leaf outline with direct text candidate
8a56b2bf-5d68-4806-abb7-de39894bb404:OUTLINE:7876ece3eb22d05c,8a56b2bf-5d68-4806-abb7-de39894bb404:OUTLINE:7876ece3eb22d05c,8a56b2bf-5d68-4806-abb7-de39894bb404,netgear-r7000.pdf,R7000,67abe375-c629-5e20-85b1-154418b4f476,WiFi Connection,Connect to the Network and Access the Router > Connect to the Network > WiFi Connection,Connect to the Network and Access the Router > Connect to the Network,3,19,19,P1,1,1,1,1,361,361,91,91,0,b1147279-285c-50dc-965c-7722351f3563,b1147279-285c-50dc-965c-7722351f3563,8a56b2bf-5d68-4806-abb7-de39894bb404:b1147279-285c-50dc-965c-7722351f3563,True,leaf outline with direct text candidate
8a56b2bf-5d68-4806-abb7-de39894bb404:OUTLINE:2f43ca83b775a549,8a56b2bf-5d68-4806-abb7-de39894bb404:OUTLINE:2f43ca83b775a549,8a56b2bf-5d68-4806-abb7-de39894bb404,netgear-r7000.pdf,R7000,579d70ca-c39e-503b-ad66-bf12c811b025,WiFi Connection Using WPS,Connect to the Network and Access the Router > Connect to the Network > WiFi Connection Using WPS,Connect to the Network and Access the Router > Connect to the Network,3,19,20,P1,1,1,1,1,545,545,137,137,0,db3f81a5-963b-525a-8b9c-8af646091a3d,db3f81a5-963b-525a-8b9c-8af646091a3d,8a56b2bf-5d68-4806-abb7-de39894bb404:db3f81a5-963b-525a-8b9c-8af646091a3d,True,leaf outline with direct text candidate
8a56b2bf-5d68-4806-abb7-de39894bb404:OUTLINE:63ea5dc0688d71e9,8a56b2bf-5d68-4806-abb7-de39894bb404:OUTLINE:63ea5dc0688d71e9,8a56b2bf-5d68-4806-abb7-de39894bb404,netgear-r7000.pdf,R7000,a25fcd9a-5144-53ca-bfd7-5ee4725bc5c4,Types of Logins,Connect to the Network and Access the Router > Types of Logins,Connect to the Network and Access the Router,2,20,20,P1,1,1,1,1,704,704,176,176,0,dd8c0829-d96d-5554-8d75-4fc617db0181,dd8c0829-d96d-5554-8d75-4fc617db0181,8a56b2bf-5d68-4806-abb7-de39894bb404:dd8c0829-d96d-5554-8d75-4fc617db0181,True,leaf outline with direct text candidate
8a56b2bf-5d68-4806-abb7-de39894bb404:OUTLINE:c50ea81be15c291c,8a56b2bf-5d68-4806-abb7-de39894bb404:OUTLINE:c50ea81be15c291c,8a56b2bf-5d68-4806-abb7-de39894bb404,netgear-r7000.pdf,R7000,b5e53dc0-2b98-51d8-bda8-c0103c9aabd8,Automatic Internet Setup,Connect to the Network and Access the Router > Use a Web Browser to Access the Router > Automatic Internet Setup,Connect to the Network and Access the Router > Use a Web Browser to Access the Router,3,20,22,P1,1,1,1,1,3097,3097,775,775,0,719d2bc8-053b-526f-b527-03643105ac92,719d2bc8-053b-526f-b527-03643105ac92,8a56b2bf-5d68-4806-abb7-de39894bb404:719d2bc8-053b-526f-b527-03643105ac92,True,leaf outline with direct text candidate
8a56b2bf-5d68-4806-abb7-de39894bb404:OUTLINE:11dc60f38939c506,8a56b2bf-5d68-4806-abb7-de39894bb404:OUTLINE:11dc60f38939c506,8a56b2bf-5d68-4806-abb7-de39894bb404,netgear-r7000.pdf,R7000,e1b2f2db-5234-537c-8df0-73b5a25a8507,Log In to the Router,Connect to the Network and Access the Router > Use a Web Browser to Access the Router > Log In to the Router,Connect to the Network and Access the Router > Use a Web Browser to Access the Router,3,22,22,P1,1,1,1,1,822,822,206,206,0,49ea29b1-2ee4-5b9b-95e1-6d7a8e05ce63,49ea29b1-2ee4-5b9b-95e1-6d7a8e05ce63,8a56b2bf-5d68-4806-abb7-de39894bb404:49ea29b1-2ee4-5b9b-95e1-6d7a8e05ce63,True,leaf outline with direct text candidate
8a56b2bf-5d68-4806-abb7-de39894bb404:OUTLINE:8a4c090ce9641e2c,8a56b2bf-5d68-4806-abb7-de39894bb404:OUTLINE:8a4c090ce9641e2c,8a56b2bf-5d68-4806-abb7-de39894bb404,netgear-r7000.pdf,R7000,2d7f4885-5f64-5b04-a482-35fb6dac2210,Install and Manage Your Router With the Nighthawk App,Connect to the Network and Access the Router > Install and Manage Your Router With the Nighthawk App,Connect to the Network and Access the Router,2,22,23,P1,1,1,1,1,779,779,195,195,0,d909a163-3e8d-542a-96ec-038d7478dc87,d909a163-3e8d-542a-96ec-038d7478dc87,8a56b2bf-5d68-4806-abb7-de39894bb404:d909a163-3e8d-542a-96ec-038d7478dc87,True,leaf outline with direct text candidate
8a56b2bf-5d68-4806-abb7-de39894bb404:OUTLINE:50152a15d29b61a8,8a56b2bf-5d68-4806-abb7-de39894bb404:OUTLINE:50152a15d29b61a8,8a56b2bf-5d68-4806-abb7-de39894bb404,netgear-r7000.pdf,R7000,db0ed095-dcbe-5c7a-93f1-e34bedcc2e21,Change the Language,Connect to the Network and Access the Router > Change the Language,Connect to the Network and Access the Router,2,23,23,P1,1,1,1,1,632,632,158,158,0,dbf438c2-6a7d-5c5b-981e-e34d1c3dc25b,dbf438c2-6a7d-5c5b-981e-e34d1c3dc25b,8a56b2bf-5d68-4806-abb7-de39894bb404:dbf438c2-6a7d-5c5b-981e-e34d1c3dc25b,True,leaf outline with direct text candidate
8a56b2bf-5d68-4806-abb7-de39894bb404:OUTLINE:615f1a78bd39eb84,8a56b2bf-5d68-4806-abb7-de39894bb404:OUTLINE:615f1a78bd39eb84,8a56b2bf-5d68-4806-abb7-de39894bb404,netgear-r7000.pdf,R7000,e55cffd6-4c4d-5154-a60f-390c1f3cfc4f,Use the Internet Setup Wizard,Specify Your Internet Settings > Use the Internet Setup Wizard,Specify Your Internet Settings,2,25,25,P1,1,1,1,1,1031,1031,258,258,0,9213a4bb-497e-56d3-be43-8791bb53a54e,9213a4bb-497e-56d3-be43-8791bb53a54e,8a56b2bf-5d68-4806-abb7-de39894bb404:9213a4bb-497e-56d3-be43-8791bb53a54e,True,leaf outline with direct text candidate
8a56b2bf-5d68-4806-abb7-de39894bb404:OUTLINE:e0f1c97bdb6a46a4,8a56b2bf-5d68-4806-abb7-de39894bb404:OUTLINE:e0f1c97bdb6a46a4,8a56b2bf-5d68-4806-abb7-de39894bb404,netgear-r7000.pdf,R7000,92439e10-6fb7-528b-bc39-58600df1c5aa,Specify an Internet Connection Without a Login,Specify Your Internet Settings > Manually Set Up the Internet Connection > Specify an Internet Connection Without a Login,Specify Your Internet Settings > Manually Set Up the Internet Connection,3,25,27,P1,1,1,1,1,2292,2292,573,573,0,3ff9be43-5715-56e3-841b-b0a52c53d0cb,3ff9be43-5715-56e3-841b-b0a52c53d0cb,8a56b2bf-5d68-4806-abb7-de39894bb404:3ff9be43-5715-56e3-841b-b0a52c53d0cb,True,leaf outline with direct text candidate
8a56b2bf-5d68-4806-abb7-de39894bb404:OUTLINE:3da0fa315cbf5dd3,8a56b2bf-5d68-4806-abb7-de39894bb404:OUTLINE:3da0fa315cbf5dd3,8a56b2bf-5d68-4806-abb7-de39894bb404,netgear-r7000.pdf,R7000,dd6935a3-8f99-5649-96d0-4f86f05201c5,Specify an Internet Connection That Uses a Login,Specify Your Internet Settings > Manually Set Up the Internet Connection > Specify an Internet Connection That Uses a Login,Specify Your Internet Settings > Manually Set Up the Internet Connection,3,27,28,P1,1,1,1,1,2772,2772,693,693,0,d0653d09-42fb-5c23-be13-108c6bb1d370,d0653d09-42fb-5c23-be13-108c6bb1d370,8a56b2bf-5d68-4806-abb7-de39894bb404:d0653d09-42fb-5c23-be13-108c6bb1d370,True,leaf outline with direct text candidate
8a56b2bf-5d68-4806-abb7-de39894bb404:OUTLINE:afb0b0cb01db4ab0,8a56b2bf-5d68-4806-abb7-de39894bb404:OUTLINE:afb0b0cb01db4ab0,8a56b2bf-5d68-4806-abb7-de39894bb404,netgear-r7000.pdf,R7000,fbfc548b-ebb7-5927-877a-6b76935c12b1,Requirements for Entering IPv6 Addresses,Specify Your Internet Settings > Specify IPv6 Internet Connections > Requirements for Entering IPv6 Addresses,Specify Your Internet Settings > Specify IPv6 Internet Connections,3,29,29,P1,1,1,1,1,376,376,94,94,0,28b68112-abb7-5350-b4ea-76283efa50fc,28b68112-abb7-5350-b4ea-76283efa50fc,8a56b2bf-5d68-4806-abb7-de39894bb404:28b68112-abb7-5350-b4ea-76283efa50fc,True,leaf outline with direct text candidate
8a56b2bf-5d68-4806-abb7-de39894bb404:OUTLINE:d1d4cf01e4bf1ba4,8a56b2bf-5d68-4806-abb7-de39894bb404:OUTLINE:d1d4cf01e4bf1ba4,8a56b2bf-5d68-4806-abb7-de39894bb404,netgear-r7000.pdf,R7000,38054b15-dee2-5f99-b33a-104351506fc3,Use Auto Detect for an IPv6 Internet Connection,Specify Your Internet Settings > Specify IPv6 Internet Connections > Use Auto Detect for an IPv6 Internet Connection,Specify Your Internet Settings > Specify IPv6 Internet Connections,3,29,30,P1,1,1,1,1,2268,2268,567,567,0,b599fbfb-3343-57c9-9850-044f73b384dd,b599fbfb-3343-57c9-9850-044f73b384dd,8a56b2bf-5d68-4806-abb7-de39894bb404:b599fbfb-3343-57c9-9850-044f73b384dd,True,leaf outline with direct text candidate
8a56b2bf-5d68-4806-abb7-de39894bb404:OUTLINE:677eed6310b1b986,8a56b2bf-5d68-4806-abb7-de39894bb404:OUTLINE:677eed6310b1b986,8a56b2bf-5d68-4806-abb7-de39894bb404,netgear-r7000.pdf,R7000,60fe39dc-a05f-5a26-a16e-a94a87e9e864,Set Up an IPv6 6to4 Tunnel Internet Connection,Specify Your Internet Settings > Specify IPv6 Internet Connections > Set Up an IPv6 6to4 Tunnel Internet Connection,Specify Your Internet Settings > Specify IPv6 Internet Connections,3,30,32,P1,1,1,1,1,2348,2348,587,587,0,42167bc0-e34c-5226-ad86-a6c638c5859a,42167bc0-e34c-5226-ad86-a6c638c5859a,8a56b2bf-5d68-4806-abb7-de39894bb404:42167bc0-e34c-5226-ad86-a6c638c5859a,True,leaf outline with direct text candidate
8a56b2bf-5d68-4806-abb7-de39894bb404:OUTLINE:83695825690635cd,8a56b2bf-5d68-4806-abb7-de39894bb404:OUTLINE:83695825690635cd,8a56b2bf-5d68-4806-abb7-de39894bb404,netgear-r7000.pdf,R7000,ae5db7e7-4cda-5b6e-aa49-106c61e06857,Set Up an IPv6 Pass Through Internet Connection,Specify Your Internet Settings > Specify IPv6 Internet Connections > Set Up an IPv6 Pass Through Internet Connection,Specify Your Internet Settings > Specify IPv6 Internet Connections,3,32,32,P1,1,1,1,1,883,883,221,221,0,ec4bf452-0be9-5d97-8612-be4bb085ebde,ec4bf452-0be9-5d97-8612-be4bb085ebde,8a56b2bf-5d68-4806-abb7-de39894bb404:ec4bf452-0be9-5d97-8612-be4bb085ebde,True,leaf outline with direct text candidate
8a56b2bf-5d68-4806-abb7-de39894bb404:OUTLINE:5775170d073af15c,8a56b2bf-5d68-4806-abb7-de39894bb404:OUTLINE:5775170d073af15c,8a56b2bf-5d68-4806-abb7-de39894bb404,netgear-r7000.pdf,R7000,37fa8162-080d-57a6-a6fa-80fc3f3b4829,Set Up an IPv6 Fixed Internet Connection,Specify Your Internet Settings > Specify IPv6 Internet Connections > Set Up an IPv6 Fixed Internet Connection,Specify Your Internet Settings > Specify IPv6 Internet Connections,3,32,34,P1,1,1,1,1,2133,2133,534,534,0,756c6b35-6819-5f91-9114-70c60986bba9,756c6b35-6819-5f91-9114-70c60986bba9,8a56b2bf-5d68-4806-abb7-de39894bb404:756c6b35-6819-5f91-9114-70c60986bba9,True,leaf outline with direct text candidate
8a56b2bf-5d68-4806-abb7-de39894bb404:OUTLINE:2be340a6dc4486a5,8a56b2bf-5d68-4806-abb7-de39894bb404:OUTLINE:2be340a6dc4486a5,8a56b2bf-5d68-4806-abb7-de39894bb404,netgear-r7000.pdf,R7000,9c040076-754e-5279-857c-5cf39c10eff6,Set Up an IPv6 DHCP Internet Connection,Specify Your Internet Settings > Specify IPv6 Internet Connections > Set Up an IPv6 DHCP Internet Connection,Specify Your Internet Settings > Specify IPv6 Internet Connections,3,34,35,P1,1,1,1,1,2800,2800,700,700,0,e31d999c-67c2-5b3d-b8af-b7c8a950fac4,e31d999c-67c2-5b3d-b8af-b7c8a950fac4,8a56b2bf-5d68-4806-abb7-de39894bb404:e31d999c-67c2-5b3d-b8af-b7c8a950fac4,True,leaf outline with direct text candidate
8a56b2bf-5d68-4806-abb7-de39894bb404:OUTLINE:a1874fdb067adcad,8a56b2bf-5d68-4806-abb7-de39894bb404:OUTLINE:a1874fdb067adcad,8a56b2bf-5d68-4806-abb7-de39894bb404,netgear-r7000.pdf,R7000,180a0492-b180-5706-9881-05892ac5cc3d,Set Up an IPv6 PPPoE Internet Connection,Specify Your Internet Settings > Specify IPv6 Internet Connections > Set Up an IPv6 PPPoE Internet Connection,Specify Your Internet Settings > Specify IPv6 Internet Connections,3,35,37,P1,1,1,1,1,3123,3123,781,781,0,b3bbb7b6-6221-5146-8dbd-cdde9357f46e,b3bbb7b6-6221-5146-8dbd-cdde9357f46e,8a56b2bf-5d68-4806-abb7-de39894bb404:b3bbb7b6-6221-5146-8dbd-cdde9357f46e,True,leaf outline with direct text candidate
8a56b2bf-5d68-4806-abb7-de39894bb404:OUTLINE:9752f9b668288c16,8a56b2bf-5d68-4806-abb7-de39894bb404:OUTLINE:9752f9b668288c16,8a56b2bf-5d68-4806-abb7-de39894bb404,netgear-r7000.pdf,R7000,72740150-3fb2-52ab-aa70-ab0038c4964a,Use Auto Config for an IPv6 Internet Connection,Specify Your Internet Settings > Specify IPv6 Internet Connections > Use Auto Config for an IPv6 Internet Connection,Specify Your Internet Settings > Specify IPv6 Internet Connections,3,37,38,P1,1,1,1,1,2784,2784,696,696,0,8d88438b-9b81-5ed8-9f6f-86d10990694c,8d88438b-9b81-5ed8-9f6f-86d10990694c,8a56b2bf-5d68-4806-abb7-de39894bb404:8d88438b-9b81-5ed8-9f6f-86d10990694c,True,leaf outline with direct text candidate
8a56b2bf-5d68-4806-abb7-de39894bb404:OUTLINE:948972b4e27859fb,8a56b2bf-5d68-4806-abb7-de39894bb404:OUTLINE:948972b4e27859fb,8a56b2bf-5d68-4806-abb7-de39894bb404,netgear-r7000.pdf,R7000,da5d3620-bbaa-5b6d-a9f3-92052f6fe7f4,Set Up an IPv6 6rd Internet Connection,Specify Your Internet Settings > Specify IPv6 Internet Connections > Set Up an IPv6 6rd Internet Connection,Specify Your Internet Settings > Specify IPv6 Internet Connections,3,38,40,P1,1,1,1,1,3715,3715,929,929,0,b4ea45d9-09f3-515c-9530-7531ea961c6b,b4ea45d9-09f3-515c-9530-7531ea961c6b,8a56b2bf-5d68-4806-abb7-de39894bb404:b4ea45d9-09f3-515c-9530-7531ea961c6b,True,leaf outline with direct text candidate
8a56b2bf-5d68-4806-abb7-de39894bb404:OUTLINE:222a3b04d9134a5d,8a56b2bf-5d68-4806-abb7-de39894bb404:OUTLINE:222a3b04d9134a5d,8a56b2bf-5d68-4806-abb7-de39894bb404,netgear-r7000.pdf,R7000,3c7d2d49-efb8-547f-ad0e-95cefdc8692b,MTU Concepts,Specify Your Internet Settings > Manage the MTU Size > MTU Concepts,Specify Your Internet Settings > Manage the MTU Size,3,40,42,P2,1,1,1,1,1987,1987,497,497,1,141ba841-dddb-5f3d-a3f3-8f1e37f56530,141ba841-dddb-5f3d-a3f3-8f1e37f56530,8a56b2bf-5d68-4806-abb7-de39894bb404:141ba841-dddb-5f3d-a3f3-8f1e37f56530,True,leaf outline with direct text candidate
8a56b2bf-5d68-4806-abb7-de39894bb404:OUTLINE:26cfd5bed51a23b5,8a56b2bf-5d68-4806-abb7-de39894bb404:OUTLINE:26cfd5bed51a23b5,8a56b2bf-5d68-4806-abb7-de39894bb404,netgear-r7000.pdf,R7000,d740cf01-1cc9-5bbc-b244-647fc30c1015,Change the MTU Size,Specify Your Internet Settings > Manage the MTU Size > Change the MTU Size,Specify Your Internet Settings > Manage the MTU Size,3,42,42,P2,1,1,1,1,611,611,153,153,0,e4b05b24-584a-5366-a28d-496a3b7a726a,e4b05b24-584a-5366-a28d-496a3b7a726a,8a56b2bf-5d68-4806-abb7-de39894bb404:e4b05b24-584a-5366-a28d-496a3b7a726a,True,leaf outline with direct text candidate
8a56b2bf-5d68-4806-abb7-de39894bb404:OUTLINE:2b62dcc1af5a8fe6,8a56b2bf-5d68-4806-abb7-de39894bb404:OUTLINE:2b62dcc1af5a8fe6,8a56b2bf-5d68-4806-abb7-de39894bb404,netgear-r7000.pdf,R7000,59aa6ead-eb2a-5055-be43-812f92aecbeb,Allow or Block Access to Your Network,Control Access to the Internet > Allow or Block Access to Your Network,Control Access to the Internet,2,44,45,P2,1,1,1,1,2029,2029,508,508,0,1b0286dd-c957-5830-b280-d985429f39e9,1b0286dd-c957-5830-b280-d985429f39e9,8a56b2bf-5d68-4806-abb7-de39894bb404:1b0286dd-c957-5830-b280-d985429f39e9,True,leaf outline with direct text candidate
8a56b2bf-5d68-4806-abb7-de39894bb404:OUTLINE:ab073aa5960ad153,8a56b2bf-5d68-4806-abb7-de39894bb404:OUTLINE:ab073aa5960ad153,8a56b2bf-5d68-4806-abb7-de39894bb404,netgear-r7000.pdf,R7000,7b651dbd-dc9c-561e-b658-6634ad42f7f3,Block Services From the Internet,Control Access to the Internet > Use Keywords to Block Internet Sites > Block Services From the Internet,Control Access to the Internet > Use Keywords to Block Internet Sites,3,47,48,P2,1,1,1,1,2073,2073,519,519,0,530840de-6a19-5604-8ef4-c611f05fe583,530840de-6a19-5604-8ef4-c611f05fe583,8a56b2bf-5d68-4806-abb7-de39894bb404:530840de-6a19-5604-8ef4-c611f05fe583,True,leaf outline with direct text candidate
8a56b2bf-5d68-4806-abb7-de39894bb404:OUTLINE:ab6cd03cabd8dba1,8a56b2bf-5d68-4806-abb7-de39894bb404:OUTLINE:ab6cd03cabd8dba1,8a56b2bf-5d68-4806-abb7-de39894bb404,netgear-r7000.pdf,R7000,7f29f6d4-a86d-54ae-808e-238dd85702d1,Delete Keywords From the Blocked List,Control Access to the Internet > Use Keywords to Block Internet Sites > Delete Keywords From the Blocked List,Control Access to the Internet > Use Keywords to Block Internet Sites,3,48,48,P2,1,1,1,1,787,787,197,197,0,c0a4ec49-c0bf-5cf0-be34-3f66f0fa4246,c0a4ec49-c0bf-5cf0-be34-3f66f0fa4246,8a56b2bf-5d68-4806-abb7-de39894bb404:c0a4ec49-c0bf-5cf0-be34-3f66f0fa4246,True,leaf outline with direct text candidate
8a56b2bf-5d68-4806-abb7-de39894bb404:OUTLINE:5e19c028ed573249,8a56b2bf-5d68-4806-abb7-de39894bb404:OUTLINE:5e19c028ed573249,8a56b2bf-5d68-4806-abb7-de39894bb404,netgear-r7000.pdf,R7000,490a323b-42d0-552c-8145-a1ecd7cdad46,Avoid Blocking on a Trusted Computer,Control Access to the Internet > Use Keywords to Block Internet Sites > Avoid Blocking on a Trusted Computer,Control Access to the Internet > Use Keywords to Block Internet Sites,3,48,49,P2,1,1,1,1,980,980,245,245,0,2495fa74-e650-58e2-bf9f-04cb04d4a008,2495fa74-e650-58e2-bf9f-04cb04d4a008,8a56b2bf-5d68-4806-abb7-de39894bb404:2495fa74-e650-58e2-bf9f-04cb04d4a008,True,leaf outline with direct text candidate
8a56b2bf-5d68-4806-abb7-de39894bb404:OUTLINE:c52222dae3308b10,8a56b2bf-5d68-4806-abb7-de39894bb404:OUTLINE:c52222dae3308b10,8a56b2bf-5d68-4806-abb7-de39894bb404,netgear-r7000.pdf,R7000,1d0f5b6b-0b79-577b-ae21-ca3e1430dcbb,Manage Network Access Control Lists,Control Access to the Internet > Manage Network Access Control Lists,Control Access to the Internet,2,49,50,P2,1,1,1,1,908,908,227,227,0,0e9ca354-b536-5fec-b7f4-0acba754a2ae,0e9ca354-b536-5fec-b7f4-0acba754a2ae,8a56b2bf-5d68-4806-abb7-de39894bb404:0e9ca354-b536-5fec-b7f4-0acba754a2ae,True,leaf outline with direct text candidate
8a56b2bf-5d68-4806-abb7-de39894bb404:OUTLINE:6a6e4cf46a830ab5,8a56b2bf-5d68-4806-abb7-de39894bb404:OUTLINE:6a6e4cf46a830ab5,8a56b2bf-5d68-4806-abb7-de39894bb404,netgear-r7000.pdf,R7000,62f958f8-2138-523e-b398-7a93b3086eb8,Schedule When to Block Internet Sites and Services,Control Access to the Internet > Schedule When to Block Internet Sites and Services,Control Access to the Internet,2,50,50,P2,1,1,1,1,1011,1011,253,253,0,a2e26983-94d7-506d-83a6-3c78b6ae4ad5,a2e26983-94d7-506d-83a6-3c78b6ae4ad5,8a56b2bf-5d68-4806-abb7-de39894bb404:a2e26983-94d7-506d-83a6-3c78b6ae4ad5,True,leaf outline with direct text candidate
8a56b2bf-5d68-4806-abb7-de39894bb404:OUTLINE:7f7a8ce6c06899bf,8a56b2bf-5d68-4806-abb7-de39894bb404:OUTLINE:7f7a8ce6c06899bf,8a56b2bf-5d68-4806-abb7-de39894bb404,netgear-r7000.pdf,R7000,2d7f221e-dfed-5f01-a8ac-750f2857e7fb,Set Up Security Event Email Notifications,Control Access to the Internet > Set Up Security Event Email Notifications,Control Access to the Internet,2,51,52,P2,1,1,1,1,2567,2567,642,642,0,bd59f813-7478-573e-bbc9-68e2974d38e7,bd59f813-7478-573e-bbc9-68e2974d38e7,8a56b2bf-5d68-4806-abb7-de39894bb404:bd59f813-7478-573e-bbc9-68e2974d38e7,True,leaf outline with direct text candidate
8a56b2bf-5d68-4806-abb7-de39894bb404:OUTLINE:e2eff86054e7d2f5,8a56b2bf-5d68-4806-abb7-de39894bb404:OUTLINE:e2eff86054e7d2f5,8a56b2bf-5d68-4806-abb7-de39894bb404,netgear-r7000.pdf,R7000,26b1e334-e009-5fea-9d85-5a226574dcad,Add a QoS Rule by Service,Optimize Performance > Optimize Internet Streaming With Dynamic QoS > Enable Advanced QoS and Manually Set Up QoS Rules > Add a QoS Rule by Service,Optimize Performance > Optimize Internet Streaming With Dynamic QoS > Enable Advanced QoS and Manually Set Up QoS Rules,4,55,55,P2,1,1,1,1,997,997,250,250,0,33138e5b-604f-5b3a-a222-7a621a2e5904,33138e5b-604f-5b3a-a222-7a621a2e5904,8a56b2bf-5d68-4806-abb7-de39894bb404:33138e5b-604f-5b3a-a222-7a621a2e5904,True,leaf outline with direct text candidate
8a56b2bf-5d68-4806-abb7-de39894bb404:OUTLINE:0a660146508fda12,8a56b2bf-5d68-4806-abb7-de39894bb404:OUTLINE:0a660146508fda12,8a56b2bf-5d68-4806-abb7-de39894bb404,netgear-r7000.pdf,R7000,7b491130-407b-55b6-a48e-1f749e4973d3,Add a QoS Rule by Device,Optimize Performance > Optimize Internet Streaming With Dynamic QoS > Enable Advanced QoS and Manually Set Up QoS Rules > Add a QoS Rule by Device,Optimize Performance > Optimize Internet Streaming With Dynamic QoS > Enable Advanced QoS and Manually Set Up QoS Rules,4,55,56,P2,1,1,1,1,1249,1249,313,313,0,3a682a15-e809-5a0b-b646-c75d0c358df0,3a682a15-e809-5a0b-b646-c75d0c358df0,8a56b2bf-5d68-4806-abb7-de39894bb404:3a682a15-e809-5a0b-b646-c75d0c358df0,True,leaf outline with direct text candidate
8a56b2bf-5d68-4806-abb7-de39894bb404:OUTLINE:f4bd6a547d16c31d,8a56b2bf-5d68-4806-abb7-de39894bb404:OUTLINE:f4bd6a547d16c31d,8a56b2bf-5d68-4806-abb7-de39894bb404,netgear-r7000.pdf,R7000,758c46f3-698b-5565-b355-017c357c2992,Add a QoS Rule by LAN pot,Optimize Performance > Optimize Internet Streaming With Dynamic QoS > Enable Advanced QoS and Manually Set Up QoS Rules > Add a QoS Rule by LAN pot,Optimize Performance > Optimize Internet Streaming With Dynamic QoS > Enable Advanced QoS and Manually Set Up QoS Rules,4,56,57,P2,1,1,1,1,989,989,248,248,0,8aecb252-6293-553d-8e28-ef7b756f0c82,8aecb252-6293-553d-8e28-ef7b756f0c82,8a56b2bf-5d68-4806-abb7-de39894bb404:8aecb252-6293-553d-8e28-ef7b756f0c82,True,leaf outline with direct text candidate
8a56b2bf-5d68-4806-abb7-de39894bb404:OUTLINE:d424e7dacaa5da4f,8a56b2bf-5d68-4806-abb7-de39894bb404:OUTLINE:d424e7dacaa5da4f,8a56b2bf-5d68-4806-abb7-de39894bb404,netgear-r7000.pdf,R7000,c3ae0530-1c34-52bd-8f95-9e879da7c0a8,Edit a QoS Rule,Optimize Performance > Optimize Internet Streaming With Dynamic QoS > Enable Advanced QoS and Manually Set Up QoS Rules > Edit a QoS Rule,Optimize Performance > Optimize Internet Streaming With Dynamic QoS > Enable Advanced QoS and Manually Set Up QoS Rules,4,57,58,P2,1,1,1,1,863,863,216,216,0,a793d29d-91e5-5159-8f4d-a64f44f4da99,a793d29d-91e5-5159-8f4d-a64f44f4da99,8a56b2bf-5d68-4806-abb7-de39894bb404:a793d29d-91e5-5159-8f4d-a64f44f4da99,True,leaf outline with direct text candidate
8a56b2bf-5d68-4806-abb7-de39894bb404:OUTLINE:0680b8a961a3f559,8a56b2bf-5d68-4806-abb7-de39894bb404:OUTLINE:0680b8a961a3f559,8a56b2bf-5d68-4806-abb7-de39894bb404,netgear-r7000.pdf,R7000,0eb90b34-6066-590d-8d65-1476a0e454c7,Delete a QoS Rule,Optimize Performance > Optimize Internet Streaming With Dynamic QoS > Enable Advanced QoS and Manually Set Up QoS Rules > Delete a QoS Rule,Optimize Performance > Optimize Internet Streaming With Dynamic QoS > Enable Advanced QoS and Manually Set Up QoS Rules,4,58,58,P2,1,1,1,1,619,619,155,155,0,d10df432-4ab5-527b-8683-e1b67b9a82bc,d10df432-4ab5-527b-8683-e1b67b9a82bc,8a56b2bf-5d68-4806-abb7-de39894bb404:d10df432-4ab5-527b-8683-e1b67b9a82bc,True,leaf outline with direct text candidate
8a56b2bf-5d68-4806-abb7-de39894bb404:OUTLINE:eba31cad872722b3,8a56b2bf-5d68-4806-abb7-de39894bb404:OUTLINE:eba31cad872722b3,8a56b2bf-5d68-4806-abb7-de39894bb404,netgear-r7000.pdf,R7000,5006703b-11a4-5f1a-9aa3-a77cefef7f39,Delete All QoS Rules,Optimize Performance > Optimize Internet Streaming With Dynamic QoS > Enable Advanced QoS and Manually Set Up QoS Rules > Delete All QoS Rules,Optimize Performance > Optimize Internet Streaming With Dynamic QoS > Enable Advanced QoS and Manually Set Up QoS Rules,4,58,59,P2,1,1,1,1,558,558,140,140,0,3710df75-9b15-5b53-b049-ccb8f5a896f7,3710df75-9b15-5b53-b049-ccb8f5a896f7,8a56b2bf-5d68-4806-abb7-de39894bb404:3710df75-9b15-5b53-b049-ccb8f5a896f7,True,leaf outline with direct text candidate
8a56b2bf-5d68-4806-abb7-de39894bb404:OUTLINE:cfcfaca0e3086cdc,8a56b2bf-5d68-4806-abb7-de39894bb404:OUTLINE:cfcfaca0e3086cdc,8a56b2bf-5d68-4806-abb7-de39894bb404,netgear-r7000.pdf,R7000,a18aa887-c0d7-5db7-a933-686f9f3bbfe7,Enable or Disable the Automatic QoS Database Update,Optimize Performance > Optimize Internet Streaming With Dynamic QoS > Enable Dynamic QoS > Enable or Disable the Automatic QoS Database Update,Optimize Performance > Optimize Internet Streaming With Dynamic QoS > Enable Dynamic QoS,4,60,60,P2,1,1,1,1,987,987,247,247,0,10b49bf0-7a2b-5227-b097-01ca55614526,10b49bf0-7a2b-5227-b097-01ca55614526,8a56b2bf-5d68-4806-abb7-de39894bb404:10b49bf0-7a2b-5227-b097-01ca55614526,True,leaf outline with direct text candidate
8a56b2bf-5d68-4806-abb7-de39894bb404:OUTLINE:08da0d3cf6f7d113,8a56b2bf-5d68-4806-abb7-de39894bb404:OUTLINE:08da0d3cf6f7d113,8a56b2bf-5d68-4806-abb7-de39894bb404,netgear-r7000.pdf,R7000,97277a8e-9988-5fbc-accd-59e211a1aec3,Improve Network Connections With Universal Plug-N-Play,Optimize Performance > Improve Network Connections With Universal Plug-N-Play,Optimize Performance,2,61,62,P2,1,1,1,1,2446,2446,612,612,0,54a5ae0e-dabe-533f-8906-cd65b27661ec,54a5ae0e-dabe-533f-8906-cd65b27661ec,8a56b2bf-5d68-4806-abb7-de39894bb404:54a5ae0e-dabe-533f-8906-cd65b27661ec,True,leaf outline with direct text candidate
8a56b2bf-5d68-4806-abb7-de39894bb404:OUTLINE:6aedfbcb9c05e0fc,8a56b2bf-5d68-4806-abb7-de39894bb404:OUTLINE:6aedfbcb9c05e0fc,8a56b2bf-5d68-4806-abb7-de39894bb404,netgear-r7000.pdf,R7000,33d14074-9123-58d3-9d5d-9aa2623626c1,Manage Wi-Fi Multimedia Quality of Service,Optimize Performance > Manage Wi-Fi Multimedia Quality of Service,Optimize Performance,2,62,63,P2,1,1,1,1,1367,1367,342,342,0,956e3c9d-9691-560c-bf42-8f3dd72dc54b,956e3c9d-9691-560c-bf42-8f3dd72dc54b,8a56b2bf-5d68-4806-abb7-de39894bb404:956e3c9d-9691-560c-bf42-8f3dd72dc54b,True,leaf outline with direct text candidate
8a56b2bf-5d68-4806-abb7-de39894bb404:OUTLINE:b389ff244ddbd082,8a56b2bf-5d68-4806-abb7-de39894bb404:OUTLINE:b389ff244ddbd082,8a56b2bf-5d68-4806-abb7-de39894bb404,netgear-r7000.pdf,R7000,c32fb6d1-a2ff-5fd8-bce4-e778e66a2aba,Enable or Disable Smart Connect,Optimize Performance > Enable or Disable Smart Connect,Optimize Performance,2,63,63,P2,1,1,1,1,1145,1145,287,287,0,f03b025c-7ba6-565b-b150-fc934cab44d1,f03b025c-7ba6-565b-b150-fc934cab44d1,8a56b2bf-5d68-4806-abb7-de39894bb404:f03b025c-7ba6-565b-b150-fc934cab44d1,True,leaf outline with direct text candidate
8a56b2bf-5d68-4806-abb7-de39894bb404:OUTLINE:9a9945f301eb0bd2,8a56b2bf-5d68-4806-abb7-de39894bb404:OUTLINE:9a9945f301eb0bd2,8a56b2bf-5d68-4806-abb7-de39894bb404,netgear-r7000.pdf,R7000,5c00779a-5ec7-52e0-9c11-1e61ccbf321d,View or Change WAN Settings,Manage Network Settings > View or Change WAN Settings,Manage Network Settings,2,65,66,P2,1,1,1,1,2491,2491,623,623,0,1acee919-e06d-5d47-9304-5fa695381bf8,1acee919-e06d-5d47-9304-5fa695381bf8,8a56b2bf-5d68-4806-abb7-de39894bb404:1acee919-e06d-5d47-9304-5fa695381bf8,True,leaf outline with direct text candidate
8a56b2bf-5d68-4806-abb7-de39894bb404:OUTLINE:f0cc3455a330cd72,8a56b2bf-5d68-4806-abb7-de39894bb404:OUTLINE:f0cc3455a330cd72,8a56b2bf-5d68-4806-abb7-de39894bb404,netgear-r7000.pdf,R7000,50dd1052-a25e-5593-8695-21655aa21992,Set Up a Default DMZ Server,Manage Network Settings > Set Up a Default DMZ Server,Manage Network Settings,2,66,67,P2,1,1,1,1,1752,1752,438,438,0,f6a204e1-2aaa-5aef-8411-ec48511021fc,f6a204e1-2aaa-5aef-8411-ec48511021fc,8a56b2bf-5d68-4806-abb7-de39894bb404:f6a204e1-2aaa-5aef-8411-ec48511021fc,True,leaf outline with direct text candidate
8a56b2bf-5d68-4806-abb7-de39894bb404:OUTLINE:d02c16342ef31e84,8a56b2bf-5d68-4806-abb7-de39894bb404:OUTLINE:d02c16342ef31e84,8a56b2bf-5d68-4806-abb7-de39894bb404,netgear-r7000.pdf,R7000,23bdfd22-6429-5e0b-b431-cd91649f4b44,Change the Router’s Device Name,Manage Network Settings > Change the Router’s Device Name,Manage Network Settings,2,67,67,P2,1,1,1,1,751,751,188,188,0,2550e91a-0888-5250-85ee-2caf78ee854e,2550e91a-0888-5250-85ee-2caf78ee854e,8a56b2bf-5d68-4806-abb7-de39894bb404:2550e91a-0888-5250-85ee-2caf78ee854e,True,leaf outline with direct text candidate
8a56b2bf-5d68-4806-abb7-de39894bb404:OUTLINE:d57e6bd4481fd591,8a56b2bf-5d68-4806-abb7-de39894bb404:OUTLINE:d57e6bd4481fd591,8a56b2bf-5d68-4806-abb7-de39894bb404,netgear-r7000.pdf,R7000,80867e6b-9d67-5921-9ed3-55725f5cee62,Change the LAN TCP/IP Settings,Manage Network Settings > Change the LAN TCP/IP Settings,Manage Network Settings,2,67,69,P2,1,1,1,1,2422,2422,606,606,0,5daae3a0-c73e-5639-84a1-0761839ee2e8,5daae3a0-c73e-5639-84a1-0761839ee2e8,8a56b2bf-5d68-4806-abb7-de39894bb404:5daae3a0-c73e-5639-84a1-0761839ee2e8,True,leaf outline with direct text candidate
8a56b2bf-5d68-4806-abb7-de39894bb404:OUTLINE:8db4bae24bb9eea0,8a56b2bf-5d68-4806-abb7-de39894bb404:OUTLINE:8db4bae24bb9eea0,8a56b2bf-5d68-4806-abb7-de39894bb404,netgear-r7000.pdf,R7000,e0a0ef97-1e61-5aff-8123-3a8549ef3512,Specify the IP Addresses That the Router Assigns,Manage Network Settings > Specify the IP Addresses That the Router Assigns,Manage Network Settings,2,69,70,P2,1,1,1,1,1778,1778,445,445,0,2854bf2f-66f1-58ef-816c-00af9492892d,2854bf2f-66f1-58ef-816c-00af9492892d,8a56b2bf-5d68-4806-abb7-de39894bb404:2854bf2f-66f1-58ef-816c-00af9492892d,True,leaf outline with direct text candidate
8a56b2bf-5d68-4806-abb7-de39894bb404:OUTLINE:f31d478c224e4548,8a56b2bf-5d68-4806-abb7-de39894bb404:OUTLINE:f31d478c224e4548,8a56b2bf-5d68-4806-abb7-de39894bb404,netgear-r7000.pdf,R7000,e920e623-c6be-5436-913a-7812ff6b5fc9,Disable the DHCP Server Feature in the Router,Manage Network Settings > Disable the DHCP Server Feature in the Router,Manage Network Settings,2,70,71,P2,1,1,1,1,1140,1140,285,285,0,c5b7a190-89b3-5c81-9acd-0435214b816d,c5b7a190-89b3-5c81-9acd-0435214b816d,8a56b2bf-5d68-4806-abb7-de39894bb404:c5b7a190-89b3-5c81-9acd-0435214b816d,True,leaf outline with direct text candidate
8a56b2bf-5d68-4806-abb7-de39894bb404:OUTLINE:31492668154ad027,8a56b2bf-5d68-4806-abb7-de39894bb404:OUTLINE:31492668154ad027,8a56b2bf-5d68-4806-abb7-de39894bb404,netgear-r7000.pdf,R7000,95926e3e-f67c-5942-ae37-3e6bd07fe193,Reserve an IP Address,Manage Network Settings > Manage Reserved LAN IP Addresses > Reserve an IP Address,Manage Network Settings > Manage Reserved LAN IP Addresses,3,71,72,P2,1,1,1,1,1177,1177,295,295,0,1ffc5577-ba76-5c13-96f7-9639c441a28b,1ffc5577-ba76-5c13-96f7-9639c441a28b,8a56b2bf-5d68-4806-abb7-de39894bb404:1ffc5577-ba76-5c13-96f7-9639c441a28b,True,leaf outline with direct text candidate
8a56b2bf-5d68-4806-abb7-de39894bb404:OUTLINE:32fbc46ff6fbb138,8a56b2bf-5d68-4806-abb7-de39894bb404:OUTLINE:32fbc46ff6fbb138,8a56b2bf-5d68-4806-abb7-de39894bb404,netgear-r7000.pdf,R7000,a828bff6-154a-51f4-8ff0-40bce2dceb74,Edit a Reserved IP Address,Manage Network Settings > Manage Reserved LAN IP Addresses > Edit a Reserved IP Address,Manage Network Settings > Manage Reserved LAN IP Addresses,3,72,72,P2,1,1,1,1,732,732,183,183,0,c03fece9-71eb-590c-bc23-3d5a9d175b2b,c03fece9-71eb-590c-bc23-3d5a9d175b2b,8a56b2bf-5d68-4806-abb7-de39894bb404:c03fece9-71eb-590c-bc23-3d5a9d175b2b,True,leaf outline with direct text candidate
8a56b2bf-5d68-4806-abb7-de39894bb404:OUTLINE:411d047d411e0c78,8a56b2bf-5d68-4806-abb7-de39894bb404:OUTLINE:411d047d411e0c78,8a56b2bf-5d68-4806-abb7-de39894bb404,netgear-r7000.pdf,R7000,3b1aad9f-ae9c-50b3-b008-285e52cc6a90,Delete a Reserved IP Address Entry,Manage Network Settings > Manage Reserved LAN IP Addresses > Delete a Reserved IP Address Entry,Manage Network Settings > Manage Reserved LAN IP Addresses,3,72,73,P2,1,1,1,1,643,643,161,161,0,416baf14-c062-560a-8617-f0bb13fcc432,416baf14-c062-560a-8617-f0bb13fcc432,8a56b2bf-5d68-4806-abb7-de39894bb404:416baf14-c062-560a-8617-f0bb13fcc432,True,leaf outline with direct text candidate
8a56b2bf-5d68-4806-abb7-de39894bb404:OUTLINE:c63b1862b8f31d4e,8a56b2bf-5d68-4806-abb7-de39894bb404:OUTLINE:c63b1862b8f31d4e,8a56b2bf-5d68-4806-abb7-de39894bb404,netgear-r7000.pdf,R7000,c3b16a91-6b9f-5afe-9038-a73edd328983,Use the WPS Wizard for WiFi Connections,Manage Network Settings > Use the WPS Wizard for WiFi Connections,Manage Network Settings,2,73,74,P2,1,1,1,1,1097,1097,275,275,0,10634509-8314-5770-8306-85573af829c9,10634509-8314-5770-8306-85573af829c9,8a56b2bf-5d68-4806-abb7-de39894bb404:10634509-8314-5770-8306-85573af829c9,True,leaf outline with direct text candidate
8a56b2bf-5d68-4806-abb7-de39894bb404:OUTLINE:f535bbf59dcc8a1e,8a56b2bf-5d68-4806-abb7-de39894bb404:OUTLINE:f535bbf59dcc8a1e,8a56b2bf-5d68-4806-abb7-de39894bb404,netgear-r7000.pdf,R7000,dbb46c6d-02ca-5d5c-b8ed-de22a396ae57,Specify Basic WiFi Settings,Manage Network Settings > Specify Basic WiFi Settings,Manage Network Settings,2,74,75,P2,1,1,1,1,3289,3289,823,823,0,61f495ce-b463-5f79-a3ab-a0da67b6926f,61f495ce-b463-5f79-a3ab-a0da67b6926f,8a56b2bf-5d68-4806-abb7-de39894bb404:61f495ce-b463-5f79-a3ab-a0da67b6926f,True,leaf outline with direct text candidate
8a56b2bf-5d68-4806-abb7-de39894bb404:OUTLINE:a66bf25c4b42e83c,8a56b2bf-5d68-4806-abb7-de39894bb404:OUTLINE:a66bf25c4b42e83c,8a56b2bf-5d68-4806-abb7-de39894bb404,netgear-r7000.pdf,R7000,2fd1429c-1ef0-5680-b044-91eca357f91a,Change the WiFi Mbps Settings,Manage Network Settings > Change the WiFi Mbps Settings,Manage Network Settings,2,75,77,P2,1,1,1,1,2214,2214,554,554,0,a8587898-afde-559a-9cc3-beaf9eda9a28,a8587898-afde-559a-9cc3-beaf9eda9a28,8a56b2bf-5d68-4806-abb7-de39894bb404:a8587898-afde-559a-9cc3-beaf9eda9a28,True,leaf outline with direct text candidate
8a56b2bf-5d68-4806-abb7-de39894bb404:OUTLINE:a2da453ccf064e86,8a56b2bf-5d68-4806-abb7-de39894bb404:OUTLINE:a2da453ccf064e86,8a56b2bf-5d68-4806-abb7-de39894bb404,netgear-r7000.pdf,R7000,1c6421cb-2206-5837-b2e1-d5ca2dcb133f,Change the WiFi Password or the WiFi Security,Manage Network Settings > Change the WiFi Password or the WiFi Security,Manage Network Settings,2,77,78,P3,1,1,1,1,2255,2255,564,564,0,88afe02c-3e3f-583c-a716-84dcc0e51e58,88afe02c-3e3f-583c-a716-84dcc0e51e58,8a56b2bf-5d68-4806-abb7-de39894bb404:88afe02c-3e3f-583c-a716-84dcc0e51e58,True,leaf outline with direct text candidate
8a56b2bf-5d68-4806-abb7-de39894bb404:OUTLINE:2e7b2718d8026dfd,8a56b2bf-5d68-4806-abb7-de39894bb404:OUTLINE:2e7b2718d8026dfd,8a56b2bf-5d68-4806-abb7-de39894bb404,netgear-r7000.pdf,R7000,8521ded7-9ab9-568b-866e-c5f674d9574d,Set Up a Guest WiFi Network,Manage Network Settings > Set Up a Guest WiFi Network,Manage Network Settings,2,78,80,P3,1,1,1,1,4826,4826,1207,1207,0,ea3745ca-4683-568d-9be9-698245bac67a,ea3745ca-4683-568d-9be9-698245bac67a,8a56b2bf-5d68-4806-abb7-de39894bb404:ea3745ca-4683-568d-9be9-698245bac67a,True,leaf outline with direct text candidate
8a56b2bf-5d68-4806-abb7-de39894bb404:OUTLINE:4c7b4b20cdd98a87,8a56b2bf-5d68-4806-abb7-de39894bb404:OUTLINE:4c7b4b20cdd98a87,8a56b2bf-5d68-4806-abb7-de39894bb404,netgear-r7000.pdf,R7000,baa47b04-35a4-5e63-b510-5534bfeabac3,Use the WiFi On/Off Button,Manage Network Settings > Control the WiFi Radios > Use the WiFi On/Off Button,Manage Network Settings > Control the WiFi Radios,3,81,81,P3,1,1,1,1,300,300,75,75,0,dc35cd5e-b23a-5e7b-aab7-9e6ad0d8b7b8,dc35cd5e-b23a-5e7b-aab7-9e6ad0d8b7b8,8a56b2bf-5d68-4806-abb7-de39894bb404:dc35cd5e-b23a-5e7b-aab7-9e6ad0d8b7b8,True,leaf outline with direct text candidate
8a56b2bf-5d68-4806-abb7-de39894bb404:OUTLINE:c2da5931117ce5f9,8a56b2bf-5d68-4806-abb7-de39894bb404:OUTLINE:c2da5931117ce5f9,8a56b2bf-5d68-4806-abb7-de39894bb404,netgear-r7000.pdf,R7000,2257ec0e-c21d-51f2-9946-5ea556e1b149,Enable or Disable the WiFi Radios,Manage Network Settings > Control the WiFi Radios > Enable or Disable the WiFi Radios,Manage Network Settings > Control the WiFi Radios,3,81,81,P3,1,1,1,1,1041,1041,261,261,0,1d7a8435-28e0-5415-b35e-c231bed08959,1d7a8435-28e0-5415-b35e-c231bed08959,8a56b2bf-5d68-4806-abb7-de39894bb404:1d7a8435-28e0-5415-b35e-c231bed08959,True,leaf outline with direct text candidate
8a56b2bf-5d68-4806-abb7-de39894bb404:OUTLINE:4e4b6b7c8d9a0c06,8a56b2bf-5d68-4806-abb7-de39894bb404:OUTLINE:4e4b6b7c8d9a0c06,8a56b2bf-5d68-4806-abb7-de39894bb404,netgear-r7000.pdf,R7000,2619e6d3-fb5b-5fd8-ae2d-15df93d3aa91,Set Up a WiFi Schedule,Manage Network Settings > Set Up a WiFi Schedule,Manage Network Settings,2,81,82,P3,1,1,1,1,1105,1105,277,277,0,f0fcc112-97d6-5c2f-a7da-574f3ce6fd50,f0fcc112-97d6-5c2f-a7da-574f3ce6fd50,8a56b2bf-5d68-4806-abb7-de39894bb404:f0fcc112-97d6-5c2f-a7da-574f3ce6fd50,True,leaf outline with direct text candidate
8a56b2bf-5d68-4806-abb7-de39894bb404:OUTLINE:ed99aaec62194a48,8a56b2bf-5d68-4806-abb7-de39894bb404:OUTLINE:ed99aaec62194a48,8a56b2bf-5d68-4806-abb7-de39894bb404,netgear-r7000.pdf,R7000,fc7c6d90-5bcd-5e06-986c-108d690bd0c5,Specify WPS Settings,Manage Network Settings > Specify WPS Settings,Manage Network Settings,2,82,83,P3,1,1,1,1,1539,1539,385,385,0,e71fd0d5-4493-57a0-8dcb-2efabd609d33,e71fd0d5-4493-57a0-8dcb-2efabd609d33,8a56b2bf-5d68-4806-abb7-de39894bb404:e71fd0d5-4493-57a0-8dcb-2efabd609d33,True,leaf outline with direct text candidate
8a56b2bf-5d68-4806-abb7-de39894bb404:OUTLINE:65bd4cada8b51848,8a56b2bf-5d68-4806-abb7-de39894bb404:OUTLINE:65bd4cada8b51848,8a56b2bf-5d68-4806-abb7-de39894bb404,netgear-r7000.pdf,R7000,1111d5da-8725-5198-ba1a-64450319ec91,Set Up the Router as a WiFi Access Point,Manage Network Settings > Set Up the Router as a WiFi Access Point,Manage Network Settings,2,83,84,P3,1,1,1,1,1597,1597,400,400,0,998d7a0b-cad5-5497-a6f0-6608fd9085de,998d7a0b-cad5-5497-a6f0-6608fd9085de,8a56b2bf-5d68-4806-abb7-de39894bb404:998d7a0b-cad5-5497-a6f0-6608fd9085de,True,leaf outline with direct text candidate
8a56b2bf-5d68-4806-abb7-de39894bb404:OUTLINE:b8b61b14e6dd5450,8a56b2bf-5d68-4806-abb7-de39894bb404:OUTLINE:b8b61b14e6dd5450,8a56b2bf-5d68-4806-abb7-de39894bb404,netgear-r7000.pdf,R7000,5464e3a3-a12b-5732-a950-ebcdfab17097,Set Up the Router in Bridge Mode,Manage Network Settings > Set Up the Router in Bridge Mode,Manage Network Settings,2,84,86,P3,1,1,1,1,2439,2439,610,610,0,1fcc1c7e-c8d6-5cd7-8b7f-694648161fba,1fcc1c7e-c8d6-5cd7-8b7f-694648161fba,8a56b2bf-5d68-4806-abb7-de39894bb404:1fcc1c7e-c8d6-5cd7-8b7f-694648161fba,True,leaf outline with direct text candidate
8a56b2bf-5d68-4806-abb7-de39894bb404:OUTLINE:02eb99aaf0ddb8b1,8a56b2bf-5d68-4806-abb7-de39894bb404:OUTLINE:02eb99aaf0ddb8b1,8a56b2bf-5d68-4806-abb7-de39894bb404,netgear-r7000.pdf,R7000,c5abb380-1b89-52ca-9f13-d0036f0f59f4,Set Up the Router as a WiFi Repeater,Manage Network Settings > Set Up the Router as a WiFi Repeater,Manage Network Settings,2,86,87,P3,1,1,1,1,2146,2146,537,537,0,9a37a3e7-3b9a-5ac3-a422-1082072b55f1,9a37a3e7-3b9a-5ac3-a422-1082072b55f1,8a56b2bf-5d68-4806-abb7-de39894bb404:9a37a3e7-3b9a-5ac3-a422-1082072b55f1,True,leaf outline with direct text candidate
8a56b2bf-5d68-4806-abb7-de39894bb404:OUTLINE:662724e4e78111f5,8a56b2bf-5d68-4806-abb7-de39894bb404:OUTLINE:662724e4e78111f5,8a56b2bf-5d68-4806-abb7-de39894bb404,netgear-r7000.pdf,R7000,0e5705a3-15b5-59f1-bd4a-9149cec38cb8,Set Up a Bridge for a Port Group,Manage Network Settings > Set Up a Bridge for a Port Group or VLAN Tag Group > Set Up a Bridge for a Port Group,Manage Network Settings > Set Up a Bridge for a Port Group or VLAN Tag Group,3,87,88,P3,1,1,1,1,1672,1672,418,418,0,44c9f013-bb31-5e36-a31d-65b45498b3a8,44c9f013-bb31-5e36-a31d-65b45498b3a8,8a56b2bf-5d68-4806-abb7-de39894bb404:44c9f013-bb31-5e36-a31d-65b45498b3a8,True,leaf outline with direct text candidate
8a56b2bf-5d68-4806-abb7-de39894bb404:OUTLINE:59555aeaa8dd25f7,8a56b2bf-5d68-4806-abb7-de39894bb404:OUTLINE:59555aeaa8dd25f7,8a56b2bf-5d68-4806-abb7-de39894bb404,netgear-r7000.pdf,R7000,34f71786-3d4a-5718-8289-8a9d1a61a30f,Set Up a Bridge for a VLAN Tag Group,Manage Network Settings > Set Up a Bridge for a Port Group or VLAN Tag Group > Set Up a Bridge for a VLAN Tag Group,Manage Network Settings > Set Up a Bridge for a Port Group or VLAN Tag Group,3,88,90,P3,1,1,1,1,2206,2206,552,552,0,ba62baa8-55c4-5e2f-8b80-c165aef14a73,ba62baa8-55c4-5e2f-8b80-c165aef14a73,8a56b2bf-5d68-4806-abb7-de39894bb404:ba62baa8-55c4-5e2f-8b80-c165aef14a73,True,leaf outline with direct text candidate
8a56b2bf-5d68-4806-abb7-de39894bb404:OUTLINE:1cd05bef8cf0825b,8a56b2bf-5d68-4806-abb7-de39894bb404:OUTLINE:1cd05bef8cf0825b,8a56b2bf-5d68-4806-abb7-de39894bb404,netgear-r7000.pdf,R7000,78b636de-c4b5-5ae4-9ad6-8fb211a5be11,Set Up a Static Route,Manage Network Settings > Custom Static Routes > Set Up a Static Route,Manage Network Settings > Custom Static Routes,3,91,92,P3,1,1,1,1,1869,1869,468,468,0,0ca56565-a3bd-59d0-aeeb-0d710499db6c,0ca56565-a3bd-59d0-aeeb-0d710499db6c,8a56b2bf-5d68-4806-abb7-de39894bb404:0ca56565-a3bd-59d0-aeeb-0d710499db6c,True,leaf outline with direct text candidate
8a56b2bf-5d68-4806-abb7-de39894bb404:OUTLINE:c1ad3983468fbef8,8a56b2bf-5d68-4806-abb7-de39894bb404:OUTLINE:c1ad3983468fbef8,8a56b2bf-5d68-4806-abb7-de39894bb404,netgear-r7000.pdf,R7000,5d466c4b-b274-553c-90ce-cfb29367135f,Edit a Static Route,Manage Network Settings > Custom Static Routes > Edit a Static Route,Manage Network Settings > Custom Static Routes,3,92,92,P3,1,1,1,1,716,716,179,179,0,c6d56bf0-07ac-59cd-b10e-a8602b7c525b,c6d56bf0-07ac-59cd-b10e-a8602b7c525b,8a56b2bf-5d68-4806-abb7-de39894bb404:c6d56bf0-07ac-59cd-b10e-a8602b7c525b,True,leaf outline with direct text candidate
8a56b2bf-5d68-4806-abb7-de39894bb404:OUTLINE:cf34b47cb5a2a406,8a56b2bf-5d68-4806-abb7-de39894bb404:OUTLINE:cf34b47cb5a2a406,8a56b2bf-5d68-4806-abb7-de39894bb404,netgear-r7000.pdf,R7000,ca4484d1-ca96-5f22-8118-f571f3202edd,Delete a Static Route,Manage Network Settings > Custom Static Routes > Delete a Static Route,Manage Network Settings > Custom Static Routes,3,93,93,P3,1,1,1,1,638,638,160,160,0,d1b701cc-f28a-5837-9f3c-cdac4505ef69,d1b701cc-f28a-5837-9f3c-cdac4505ef69,8a56b2bf-5d68-4806-abb7-de39894bb404:d1b701cc-f28a-5837-9f3c-cdac4505ef69,True,leaf outline with direct text candidate
8a56b2bf-5d68-4806-abb7-de39894bb404:OUTLINE:b221eb3152c3096e,8a56b2bf-5d68-4806-abb7-de39894bb404:OUTLINE:b221eb3152c3096e,8a56b2bf-5d68-4806-abb7-de39894bb404,netgear-r7000.pdf,R7000,f070424c-d6fb-5609-a2ac-e39c5ed217a5,Check for New Firmware and Update the Router,Manage Your Router > Update the Router Firmware > Check for New Firmware and Update the Router,Manage Your Router > Update the Router Firmware,3,95,96,P3,1,1,1,1,1594,1594,399,399,0,c0d3c3ea-e98a-585b-bf6a-52e84d2e153c,c0d3c3ea-e98a-585b-bf6a-52e84d2e153c,8a56b2bf-5d68-4806-abb7-de39894bb404:c0d3c3ea-e98a-585b-bf6a-52e84d2e153c,True,leaf outline with direct text candidate
8a56b2bf-5d68-4806-abb7-de39894bb404:OUTLINE:79b69029dd39ba1b,8a56b2bf-5d68-4806-abb7-de39894bb404:OUTLINE:79b69029dd39ba1b,8a56b2bf-5d68-4806-abb7-de39894bb404,netgear-r7000.pdf,R7000,35d2494b-1e69-5c60-9bc4-d05487f95877,Manually Upload Firmware to the Router,Manage Your Router > Update the Router Firmware > Manually Upload Firmware to the Router,Manage Your Router > Update the Router Firmware,3,96,96,P3,1,1,1,1,1464,1464,366,366,0,83cd139f-2ffe-5ebe-b1e3-238e0a30a0c4,83cd139f-2ffe-5ebe-b1e3-238e0a30a0c4,8a56b2bf-5d68-4806-abb7-de39894bb404:83cd139f-2ffe-5ebe-b1e3-238e0a30a0c4,True,leaf outline with direct text candidate
8a56b2bf-5d68-4806-abb7-de39894bb404:OUTLINE:022e6fe11992ac8e,8a56b2bf-5d68-4806-abb7-de39894bb404:OUTLINE:022e6fe11992ac8e,8a56b2bf-5d68-4806-abb7-de39894bb404,netgear-r7000.pdf,R7000,5902beb1-06bd-5567-b7dc-cdb1792410a7,Change the admin Password,Manage Your Router > Change the admin Password,Manage Your Router,2,97,97,P3,1,1,1,1,1152,1152,288,288,0,9f386a74-d67c-5c64-9b18-2cb9686604ad,9f386a74-d67c-5c64-9b18-2cb9686604ad,8a56b2bf-5d68-4806-abb7-de39894bb404:9f386a74-d67c-5c64-9b18-2cb9686604ad,True,leaf outline with direct text candidate
8a56b2bf-5d68-4806-abb7-de39894bb404:OUTLINE:5e6608eb9defccd2,8a56b2bf-5d68-4806-abb7-de39894bb404:OUTLINE:5e6608eb9defccd2,8a56b2bf-5d68-4806-abb7-de39894bb404,netgear-r7000.pdf,R7000,91c2ae5f-51b1-5e04-a1bc-52449d09d4a4,Enable admin Password Recovery,Manage Your Router > Enable admin Password Recovery,Manage Your Router,2,97,98,P3,1,1,1,1,981,981,246,246,0,33ddbb7b-7ffc-5553-bb87-9bb51750c9f2,33ddbb7b-7ffc-5553-bb87-9bb51750c9f2,8a56b2bf-5d68-4806-abb7-de39894bb404:33ddbb7b-7ffc-5553-bb87-9bb51750c9f2,True,leaf outline with direct text candidate
8a56b2bf-5d68-4806-abb7-de39894bb404:OUTLINE:e39f3a6f99a8a078,8a56b2bf-5d68-4806-abb7-de39894bb404:OUTLINE:e39f3a6f99a8a078,8a56b2bf-5d68-4806-abb7-de39894bb404,netgear-r7000.pdf,R7000,8649269f-ed20-5715-a4d2-a15aa20d58fa,Recover the admin Password,Manage Your Router > Recover the admin Password,Manage Your Router,2,98,99,P3,1,1,1,1,849,849,213,213,0,3d20ad6e-da52-5682-a67e-3506b557634e,3d20ad6e-da52-5682-a67e-3506b557634e,8a56b2bf-5d68-4806-abb7-de39894bb404:3d20ad6e-da52-5682-a67e-3506b557634e,True,leaf outline with direct text candidate
8a56b2bf-5d68-4806-abb7-de39894bb404:OUTLINE:5fc5e17bdea2fcd6,8a56b2bf-5d68-4806-abb7-de39894bb404:OUTLINE:5fc5e17bdea2fcd6,8a56b2bf-5d68-4806-abb7-de39894bb404,netgear-r7000.pdf,R7000,fecf64e5-6826-5d12-88b4-8d7a435e1fc2,View Information About the Router and the Internet and WiFi Settings,Manage Your Router > View Information About the Router and the Internet and WiFi Settings,Manage Your Router,2,99,99,P3,1,1,1,1,1246,1246,312,312,0,30e8b645-9b70-5e52-801b-a06df8aba776,30e8b645-9b70-5e52-801b-a06df8aba776,8a56b2bf-5d68-4806-abb7-de39894bb404:30e8b645-9b70-5e52-801b-a06df8aba776,True,leaf outline with direct text candidate
8a56b2bf-5d68-4806-abb7-de39894bb404:OUTLINE:b8b61b7d66ff90a1,8a56b2bf-5d68-4806-abb7-de39894bb404:OUTLINE:b8b61b7d66ff90a1,8a56b2bf-5d68-4806-abb7-de39894bb404,netgear-r7000.pdf,R7000,0b1c3b36-54fd-525e-a577-ce502e6b947e,Display Internet Port Statistics,Manage Your Router > Display Internet Port Statistics,Manage Your Router,2,100,101,P3,1,1,1,1,1683,1683,421,421,0,0b8cd0d8-1f9c-5c69-886e-06744b09b661,0b8cd0d8-1f9c-5c69-886e-06744b09b661,8a56b2bf-5d68-4806-abb7-de39894bb404:0b8cd0d8-1f9c-5c69-886e-06744b09b661,True,leaf outline with direct text candidate
8a56b2bf-5d68-4806-abb7-de39894bb404:OUTLINE:2b84714e210fd033,8a56b2bf-5d68-4806-abb7-de39894bb404:OUTLINE:2b84714e210fd033,8a56b2bf-5d68-4806-abb7-de39894bb404,netgear-r7000.pdf,R7000,6ce57a8e-b8f4-5455-99c5-16722de55603,Check the Internet Connection Status,Manage Your Router > Check the Internet Connection Status,Manage Your Router,2,101,102,P3,1,1,1,1,1501,1501,376,376,0,537310b8-39d1-57ca-81f0-ddddc2ad9916,537310b8-39d1-57ca-81f0-ddddc2ad9916,8a56b2bf-5d68-4806-abb7-de39894bb404:537310b8-39d1-57ca-81f0-ddddc2ad9916,True,leaf outline with direct text candidate
8a56b2bf-5d68-4806-abb7-de39894bb404:OUTLINE:4f8154605dabd682,8a56b2bf-5d68-4806-abb7-de39894bb404:OUTLINE:4f8154605dabd682,8a56b2bf-5d68-4806-abb7-de39894bb404,netgear-r7000.pdf,R7000,4476e27a-d3e6-5e60-a774-01121b4b0dfb,View and Manage Logs of Router Activity,Manage Your Router > View and Manage Logs of Router Activity,Manage Your Router,2,102,102,P3,1,1,1,1,1627,1627,407,407,0,371880ae-aa71-5a21-85f4-7420d05fd2a5,371880ae-aa71-5a21-85f4-7420d05fd2a5,8a56b2bf-5d68-4806-abb7-de39894bb404:371880ae-aa71-5a21-85f4-7420d05fd2a5,True,leaf outline with direct text candidate
8a56b2bf-5d68-4806-abb7-de39894bb404:OUTLINE:799ed5a93777daeb,8a56b2bf-5d68-4806-abb7-de39894bb404:OUTLINE:799ed5a93777daeb,8a56b2bf-5d68-4806-abb7-de39894bb404,netgear-r7000.pdf,R7000,8baad162-59ae-5f9a-8d99-f6ff1e9d4550,View Devices Currently on the Network,Manage Your Router > View Devices Currently on the Network,Manage Your Router,2,103,103,P3,1,1,1,1,1080,1080,270,270,0,4fde9fda-1d20-5863-9a02-946cdad4d05e,4fde9fda-1d20-5863-9a02-946cdad4d05e,8a56b2bf-5d68-4806-abb7-de39894bb404:4fde9fda-1d20-5863-9a02-946cdad4d05e,True,leaf outline with direct text candidate
8a56b2bf-5d68-4806-abb7-de39894bb404:OUTLINE:c0140d5c2b632a10,8a56b2bf-5d68-4806-abb7-de39894bb404:OUTLINE:c0140d5c2b632a10,8a56b2bf-5d68-4806-abb7-de39894bb404,netgear-r7000.pdf,R7000,1753c32e-3bb3-5d0e-852b-cfb674a9a9d0,Monitor Internet Traffic,Manage Your Router > Monitor Internet Traffic,Manage Your Router,2,103,105,P3,1,1,1,1,2387,2387,597,597,0,d5c81356-534d-54ed-926d-3ff260b08f2c,d5c81356-534d-54ed-926d-3ff260b08f2c,8a56b2bf-5d68-4806-abb7-de39894bb404:d5c81356-534d-54ed-926d-3ff260b08f2c,True,leaf outline with direct text candidate
8a56b2bf-5d68-4806-abb7-de39894bb404:OUTLINE:69e58e1760bae338,8a56b2bf-5d68-4806-abb7-de39894bb404:OUTLINE:69e58e1760bae338,8a56b2bf-5d68-4806-abb7-de39894bb404,netgear-r7000.pdf,R7000,8c04d65c-a047-55a0-8baf-12704865252d,Back Up Settings,Manage Your Router > Manage the Router Configuration File > Back Up Settings,Manage Your Router > Manage the Router Configuration File,3,105,105,P3,1,1,1,1,706,706,177,177,0,0058c9fc-4a38-5116-8c01-bade3d1e17eb,0058c9fc-4a38-5116-8c01-bade3d1e17eb,8a56b2bf-5d68-4806-abb7-de39894bb404:0058c9fc-4a38-5116-8c01-bade3d1e17eb,True,leaf outline with direct text candidate
8a56b2bf-5d68-4806-abb7-de39894bb404:OUTLINE:01efbe71be770c60,8a56b2bf-5d68-4806-abb7-de39894bb404:OUTLINE:01efbe71be770c60,8a56b2bf-5d68-4806-abb7-de39894bb404,netgear-r7000.pdf,R7000,12edb671-c2e7-5dbe-a962-34fb12da0c1f,Erase the Settings,Manage Your Router > Manage the Router Configuration File > Erase the Settings,Manage Your Router > Manage the Router Configuration File,3,105,106,P3,1,1,1,1,994,994,249,249,0,15f7c9fd-b0eb-54db-a39c-b7fe7362e944,15f7c9fd-b0eb-54db-a39c-b7fe7362e944,8a56b2bf-5d68-4806-abb7-de39894bb404:15f7c9fd-b0eb-54db-a39c-b7fe7362e944,True,leaf outline with direct text candidate
8a56b2bf-5d68-4806-abb7-de39894bb404:OUTLINE:5d487064321af0dc,8a56b2bf-5d68-4806-abb7-de39894bb404:OUTLINE:5d487064321af0dc,8a56b2bf-5d68-4806-abb7-de39894bb404,netgear-r7000.pdf,R7000,7c44698a-ab88-5d47-a2b6-e0fbb431abfc,Restore Configuration Settings,Manage Your Router > Manage the Router Configuration File > Restore Configuration Settings,Manage Your Router > Manage the Router Configuration File,3,106,106,P3,1,1,1,1,760,760,190,190,0,fb23ab13-e522-5a5c-a80f-07d1721bf673,fb23ab13-e522-5a5c-a80f-07d1721bf673,8a56b2bf-5d68-4806-abb7-de39894bb404:fb23ab13-e522-5a5c-a80f-07d1721bf673,True,leaf outline with direct text candidate
8a56b2bf-5d68-4806-abb7-de39894bb404:OUTLINE:42bc10659811af2c,8a56b2bf-5d68-4806-abb7-de39894bb404:OUTLINE:42bc10659811af2c,8a56b2bf-5d68-4806-abb7-de39894bb404,netgear-r7000.pdf,R7000,6a03b9b0-cb34-5d9f-82ae-4c2fa5214c65,Set Up Remote Management,Manage Your Router > Remote Access > Set Up Remote Management,Manage Your Router > Remote Access,3,107,108,P3,1,1,1,1,1615,1615,404,404,0,79d677ad-2fef-50d3-92dd-c07a6df0f14e,79d677ad-2fef-50d3-92dd-c07a6df0f14e,8a56b2bf-5d68-4806-abb7-de39894bb404:79d677ad-2fef-50d3-92dd-c07a6df0f14e,True,leaf outline with direct text candidate
8a56b2bf-5d68-4806-abb7-de39894bb404:OUTLINE:f903b3f765069454,8a56b2bf-5d68-4806-abb7-de39894bb404:OUTLINE:f903b3f765069454,8a56b2bf-5d68-4806-abb7-de39894bb404,netgear-r7000.pdf,R7000,f4ba5dd2-5ca0-59a5-baf4-b66ebcf04696,Use Remote Access,Manage Your Router > Remote Access > Use Remote Access,Manage Your Router > Remote Access,3,108,108,P3,1,1,1,1,370,370,93,93,0,c63a4385-d5ca-500b-bb85-d656176fdbe2,c63a4385-d5ca-500b-bb85-d656176fdbe2,8a56b2bf-5d68-4806-abb7-de39894bb404:c63a4385-d5ca-500b-bb85-d656176fdbe2,True,leaf outline with direct text candidate
8a56b2bf-5d68-4806-abb7-de39894bb404:OUTLINE:5fa86e5987d4058e,8a56b2bf-5d68-4806-abb7-de39894bb404:OUTLINE:5fa86e5987d4058e,8a56b2bf-5d68-4806-abb7-de39894bb404,netgear-r7000.pdf,R7000,112ecc4c-ac29-59fd-964a-3316cc9fecff,Remotely Access Your Router Using the Nighthawk App,Manage Your Router > Remotely Access Your Router Using the Nighthawk App,Manage Your Router,2,108,108,P3,1,1,1,1,455,455,114,114,0,3f306a13-214d-57c4-b574-305bbbb1be9f,3f306a13-214d-57c4-b574-305bbbb1be9f,8a56b2bf-5d68-4806-abb7-de39894bb404:3f306a13-214d-57c4-b574-305bbbb1be9f,True,leaf outline with direct text candidate
8a56b2bf-5d68-4806-abb7-de39894bb404:OUTLINE:838267953f049c60,8a56b2bf-5d68-4806-abb7-de39894bb404:OUTLINE:838267953f049c60,8a56b2bf-5d68-4806-abb7-de39894bb404,netgear-r7000.pdf,R7000,d92e98d6-a5b8-56eb-8253-395bd6a2a153,Disable LED Blinking or Turn Off LEDs,Manage Your Router > Disable LED Blinking or Turn Off LEDs,Manage Your Router,2,109,109,P3,1,1,1,1,1040,1040,260,260,0,1c40ca01-cec5-54da-afba-778a40ee02dc,1c40ca01-cec5-54da-afba-778a40ee02dc,8a56b2bf-5d68-4806-abb7-de39894bb404:1c40ca01-cec5-54da-afba-778a40ee02dc,True,leaf outline with direct text candidate
8a56b2bf-5d68-4806-abb7-de39894bb404:OUTLINE:776ba8ac356b830f,8a56b2bf-5d68-4806-abb7-de39894bb404:OUTLINE:776ba8ac356b830f,8a56b2bf-5d68-4806-abb7-de39894bb404,netgear-r7000.pdf,R7000,b5d40137-3768-59ad-acbb-f0ac3db4746c,Set Your Time Zone,Manage Your Router > Set Your Time Zone,Manage Your Router,2,109,110,P3,1,1,1,1,744,744,186,186,0,1c87234f-8aff-560c-8028-20099626deb5,1c87234f-8aff-560c-8028-20099626deb5,8a56b2bf-5d68-4806-abb7-de39894bb404:1c87234f-8aff-560c-8028-20099626deb5,True,leaf outline with direct text candidate
8a56b2bf-5d68-4806-abb7-de39894bb404:OUTLINE:f79ea7be006eeae3,8a56b2bf-5d68-4806-abb7-de39894bb404:OUTLINE:f79ea7be006eeae3,8a56b2bf-5d68-4806-abb7-de39894bb404,netgear-r7000.pdf,R7000,0ac0b429-cdd9-5935-a8ac-ba55919c03f8,Change the NTP Server,Manage Your Router > Change the NTP Server,Manage Your Router,2,110,110,P3,1,1,1,1,882,882,221,221,0,d4980606-c8d1-5aca-adbe-96e35254c9e1,d4980606-c8d1-5aca-adbe-96e35254c9e1,8a56b2bf-5d68-4806-abb7-de39894bb404:d4980606-c8d1-5aca-adbe-96e35254c9e1,True,leaf outline with direct text candidate
8a56b2bf-5d68-4806-abb7-de39894bb404:OUTLINE:7753f546be9be79f,8a56b2bf-5d68-4806-abb7-de39894bb404:OUTLINE:7753f546be9be79f,8a56b2bf-5d68-4806-abb7-de39894bb404,netgear-r7000.pdf,R7000,04c089d9-b2bd-5e66-b2a5-9b5447573b7a,Use the Reset Button,Manage Your Router > Return the Router to Its Factory Default Settings > Use the Reset Button,Manage Your Router > Return the Router to Its Factory Default Settings,3,111,111,P3,1,1,1,1,723,723,181,181,0,0a257dcc-14da-5a65-8bbb-86278eb6021d,0a257dcc-14da-5a65-8bbb-86278eb6021d,8a56b2bf-5d68-4806-abb7-de39894bb404:0a257dcc-14da-5a65-8bbb-86278eb6021d,True,leaf outline with direct text candidate
8a56b2bf-5d68-4806-abb7-de39894bb404:OUTLINE:b060bfaaafd61a44,8a56b2bf-5d68-4806-abb7-de39894bb404:OUTLINE:b060bfaaafd61a44,8a56b2bf-5d68-4806-abb7-de39894bb404,netgear-r7000.pdf,R7000,60e844d5-e801-59a4-96a7-c2dd7fcc378e,Erase the Settings,Manage Your Router > Return the Router to Its Factory Default Settings > Erase the Settings,Manage Your Router > Return the Router to Its Factory Default Settings,3,111,112,P3,1,1,1,1,994,994,249,249,0,08c13974-10e3-5210-9032-0e3def519062,08c13974-10e3-5210-9032-0e3def519062,8a56b2bf-5d68-4806-abb7-de39894bb404:08c13974-10e3-5210-9032-0e3def519062,True,leaf outline with direct text candidate
8a56b2bf-5d68-4806-abb7-de39894bb404:OUTLINE:2268360b7aeddd7e,8a56b2bf-5d68-4806-abb7-de39894bb404:OUTLINE:2268360b7aeddd7e,8a56b2bf-5d68-4806-abb7-de39894bb404,netgear-r7000.pdf,R7000,1a69dc66-a687-5a2d-a17d-0a3c8f1d565a,USB Device Requirements,Share USB Storage Devices Attached to the Router > USB Device Requirements,Share USB Storage Devices Attached to the Router,2,114,114,P4,1,1,1,1,717,717,180,180,0,72a696d1-9056-5c48-9ff6-0c2e0b809e50,72a696d1-9056-5c48-9ff6-0c2e0b809e50,8a56b2bf-5d68-4806-abb7-de39894bb404:72a696d1-9056-5c48-9ff6-0c2e0b809e50,True,leaf outline with direct text candidate
8a56b2bf-5d68-4806-abb7-de39894bb404:OUTLINE:fe358e135f08b4c5,8a56b2bf-5d68-4806-abb7-de39894bb404:OUTLINE:fe358e135f08b4c5,8a56b2bf-5d68-4806-abb7-de39894bb404,netgear-r7000.pdf,R7000,6f12923e-436e-573c-bf83-96dfce82ec58,Connect a USB Storage Device to the Router,Share USB Storage Devices Attached to the Router > Connect a USB Storage Device to the Router,Share USB Storage Devices Attached to the Router,2,114,114,P4,1,1,1,1,649,649,163,163,0,96978d17-c520-5dc4-9ac1-3245153c140e,96978d17-c520-5dc4-9ac1-3245153c140e,8a56b2bf-5d68-4806-abb7-de39894bb404:96978d17-c520-5dc4-9ac1-3245153c140e,True,leaf outline with direct text candidate
8a56b2bf-5d68-4806-abb7-de39894bb404:OUTLINE:400563a5b311e25e,8a56b2bf-5d68-4806-abb7-de39894bb404:OUTLINE:400563a5b311e25e,8a56b2bf-5d68-4806-abb7-de39894bb404,netgear-r7000.pdf,R7000,d7170d86-db9e-5c50-a4d1-b145b3537c70,Access a Storage Device Connected to the Router From a Windows-Based Computer,Share USB Storage Devices Attached to the Router > Access a Storage Device Connected to the Router From a Windows-Based Computer,Share USB Storage Devices Attached to the Router,2,115,115,P4,1,1,1,1,685,685,172,172,0,da2688dc-eac4-5b81-8674-1b93947baba6,da2688dc-eac4-5b81-8674-1b93947baba6,8a56b2bf-5d68-4806-abb7-de39894bb404:da2688dc-eac4-5b81-8674-1b93947baba6,True,leaf outline with direct text candidate
8a56b2bf-5d68-4806-abb7-de39894bb404:OUTLINE:00374b7623405bbf,8a56b2bf-5d68-4806-abb7-de39894bb404:OUTLINE:00374b7623405bbf,8a56b2bf-5d68-4806-abb7-de39894bb404,netgear-r7000.pdf,R7000,870b3841-844e-5398-bc57-508b3b51a422,Map a USB Device to a Windows Network Drive,Share USB Storage Devices Attached to the Router > Map a USB Device to a Windows Network Drive,Share USB Storage Devices Attached to the Router,2,115,116,P4,1,1,1,1,1170,1170,293,293,0,12d64457-dfc6-5d29-aa0d-90e9f872858e,12d64457-dfc6-5d29-aa0d-90e9f872858e,8a56b2bf-5d68-4806-abb7-de39894bb404:12d64457-dfc6-5d29-aa0d-90e9f872858e,True,leaf outline with direct text candidate
8a56b2bf-5d68-4806-abb7-de39894bb404:OUTLINE:8406428b5318e201,8a56b2bf-5d68-4806-abb7-de39894bb404:OUTLINE:8406428b5318e201,8a56b2bf-5d68-4806-abb7-de39894bb404,netgear-r7000.pdf,R7000,8b30129a-0ba6-53ba-b362-e527f8d99c24,Access a Storage Device That Is Connected to the Router From a Mac,Share USB Storage Devices Attached to the Router > Access a Storage Device That Is Connected to the Router From a Mac,Share USB Storage Devices Attached to the Router,2,116,117,P4,1,1,1,1,1245,1245,312,312,0,218575b6-6f2a-5206-82b2-9695b2eaecc9,218575b6-6f2a-5206-82b2-9695b2eaecc9,8a56b2bf-5d68-4806-abb7-de39894bb404:218575b6-6f2a-5206-82b2-9695b2eaecc9,True,leaf outline with direct text candidate
8a56b2bf-5d68-4806-abb7-de39894bb404:OUTLINE:2995162f62ce88cb,8a56b2bf-5d68-4806-abb7-de39894bb404:OUTLINE:2995162f62ce88cb,8a56b2bf-5d68-4806-abb7-de39894bb404,netgear-r7000.pdf,R7000,50617e38-2fd3-589e-9ba1-5da8c09d194d,Back Up Windows-Based Computers With ReadySHARE Vault,Share USB Storage Devices Attached to the Router > Back Up Windows-Based Computers With ReadySHARE Vault,Share USB Storage Devices Attached to the Router,2,117,117,P4,1,1,1,1,1033,1033,259,259,0,6c28050e-1533-5d12-833b-ed3bed9b4828,6c28050e-1533-5d12-833b-ed3bed9b4828,8a56b2bf-5d68-4806-abb7-de39894bb404:6c28050e-1533-5d12-833b-ed3bed9b4828,True,leaf outline with direct text candidate
8a56b2bf-5d68-4806-abb7-de39894bb404:OUTLINE:6d8da3a0470d26f8,8a56b2bf-5d68-4806-abb7-de39894bb404:OUTLINE:6d8da3a0470d26f8,8a56b2bf-5d68-4806-abb7-de39894bb404,netgear-r7000.pdf,R7000,8752599d-e15a-5a03-b73e-5412a1d3525b,Set Up a USB Hard Drive on a Mac,Share USB Storage Devices Attached to the Router > Back Up Mac Computers With Time Machine > Set Up a USB Hard Drive on a Mac,Share USB Storage Devices Attached to the Router > Back Up Mac Computers With Time Machine,3,118,118,P4,1,1,1,1,1321,1321,331,331,0,cf03d1f8-a6d1-5581-b85d-52e0819e526d,cf03d1f8-a6d1-5581-b85d-52e0819e526d,8a56b2bf-5d68-4806-abb7-de39894bb404:cf03d1f8-a6d1-5581-b85d-52e0819e526d,True,leaf outline with direct text candidate
8a56b2bf-5d68-4806-abb7-de39894bb404:OUTLINE:3b699d1c341cc9ff,8a56b2bf-5d68-4806-abb7-de39894bb404:OUTLINE:3b699d1c341cc9ff,8a56b2bf-5d68-4806-abb7-de39894bb404,netgear-r7000.pdf,R7000,8f92242d-7622-58ca-ab98-2614bd2a724c,Prepare to Back Up a Large Amount of Data,Share USB Storage Devices Attached to the Router > Back Up Mac Computers With Time Machine > Prepare to Back Up a Large Amount of Data,Share USB Storage Devices Attached to the Router > Back Up Mac Computers With Time Machine,3,119,119,P4,1,1,1,1,1079,1079,270,270,0,8eae853b-e198-5bdf-9138-1f23b9289367,8eae853b-e198-5bdf-9138-1f23b9289367,8a56b2bf-5d68-4806-abb7-de39894bb404:8eae853b-e198-5bdf-9138-1f23b9289367,True,leaf outline with direct text candidate
8a56b2bf-5d68-4806-abb7-de39894bb404:OUTLINE:c57a24db43b9086e,8a56b2bf-5d68-4806-abb7-de39894bb404:OUTLINE:c57a24db43b9086e,8a56b2bf-5d68-4806-abb7-de39894bb404,netgear-r7000.pdf,R7000,a26088b7-1e3c-53b3-a69a-0b46efac7ea3,Use Time Machine to Back Up Onto a USB Hard Disk,Share USB Storage Devices Attached to the Router > Back Up Mac Computers With Time Machine > Use Time Machine to Back Up Onto a USB Hard Disk,Share USB Storage Devices Attached to the Router > Back Up Mac Computers With Time Machine,3,119,120,P4,1,1,1,1,1955,1955,489,489,0,bc04d898-6ac5-5464-bada-56570a81cc78,bc04d898-6ac5-5464-bada-56570a81cc78,8a56b2bf-5d68-4806-abb7-de39894bb404:bc04d898-6ac5-5464-bada-56570a81cc78,True,leaf outline with direct text candidate
8a56b2bf-5d68-4806-abb7-de39894bb404:OUTLINE:25cce2b1933eaeb6,8a56b2bf-5d68-4806-abb7-de39894bb404:OUTLINE:25cce2b1933eaeb6,8a56b2bf-5d68-4806-abb7-de39894bb404,netgear-r7000.pdf,R7000,1bfb9ea1-5485-5b6d-b9bf-838aa55df959,Enable FTP Access Within Your Network,Share USB Storage Devices Attached to the Router > Enable FTP Access Within Your Network,Share USB Storage Devices Attached to the Router,2,121,121,P4,1,1,1,1,735,735,184,184,0,63bc8350-f409-5083-aac5-1ec432315249,63bc8350-f409-5083-aac5-1ec432315249,8a56b2bf-5d68-4806-abb7-de39894bb404:63bc8350-f409-5083-aac5-1ec432315249,True,leaf outline with direct text candidate
8a56b2bf-5d68-4806-abb7-de39894bb404:OUTLINE:d633c352b7bcd685,8a56b2bf-5d68-4806-abb7-de39894bb404:OUTLINE:d633c352b7bcd685,8a56b2bf-5d68-4806-abb7-de39894bb404,netgear-r7000.pdf,R7000,99c5b3bd-20d5-5888-8409-e04688e4636c,View or Change Network Folders on a Storage Device,Share USB Storage Devices Attached to the Router > View or Change Network Folders on a Storage Device,Share USB Storage Devices Attached to the Router,2,121,122,P4,1,1,1,1,1545,1545,387,387,0,fe9a945d-04ba-5396-9310-969fd3b0cda3,fe9a945d-04ba-5396-9310-969fd3b0cda3,8a56b2bf-5d68-4806-abb7-de39894bb404:fe9a945d-04ba-5396-9310-969fd3b0cda3,True,leaf outline with direct text candidate
8a56b2bf-5d68-4806-abb7-de39894bb404:OUTLINE:17b00f022a683bd7,8a56b2bf-5d68-4806-abb7-de39894bb404:OUTLINE:17b00f022a683bd7,8a56b2bf-5d68-4806-abb7-de39894bb404,netgear-r7000.pdf,R7000,23fe4af6-ca08-5209-9962-a445df145feb,Add a Network Folder on a USB Storage Device,Share USB Storage Devices Attached to the Router > Add a Network Folder on a USB Storage Device,Share USB Storage Devices Attached to the Router,2,122,123,P4,1,1,1,1,1775,1775,444,444,0,d14c49dc-0145-567a-83e4-8fc49ec730e0,d14c49dc-0145-567a-83e4-8fc49ec730e0,8a56b2bf-5d68-4806-abb7-de39894bb404:d14c49dc-0145-567a-83e4-8fc49ec730e0,True,leaf outline with direct text candidate
8a56b2bf-5d68-4806-abb7-de39894bb404:OUTLINE:21ff6c4348b989b8,8a56b2bf-5d68-4806-abb7-de39894bb404:OUTLINE:21ff6c4348b989b8,8a56b2bf-5d68-4806-abb7-de39894bb404,netgear-r7000.pdf,R7000,32f0470f-e50d-5aad-9a96-fe60451463c3,Edit a Network Folder on a USB Storage Device,Share USB Storage Devices Attached to the Router > Edit a Network Folder on a USB Storage Device,Share USB Storage Devices Attached to the Router,2,123,124,P4,1,1,1,1,869,869,218,218,0,de934a4b-5cff-56d8-8989-50c3c26447be,de934a4b-5cff-56d8-8989-50c3c26447be,8a56b2bf-5d68-4806-abb7-de39894bb404:de934a4b-5cff-56d8-8989-50c3c26447be,True,leaf outline with direct text candidate
8a56b2bf-5d68-4806-abb7-de39894bb404:OUTLINE:c609b236ba26c5f0,8a56b2bf-5d68-4806-abb7-de39894bb404:OUTLINE:c609b236ba26c5f0,8a56b2bf-5d68-4806-abb7-de39894bb404,netgear-r7000.pdf,R7000,3fad320f-5d9b-5f4c-bb12-29852cea0515,Download Files Using NETGEAR Downloader,Share USB Storage Devices Attached to the Router > Set Up NETGEAR Downloader > Download Files Using NETGEAR Downloader,Share USB Storage Devices Attached to the Router > Set Up NETGEAR Downloader,3,124,125,P4,1,1,1,1,1480,1480,370,370,0,53f8662a-eb74-5082-b7b5-b4a49221dd56,53f8662a-eb74-5082-b7b5-b4a49221dd56,8a56b2bf-5d68-4806-abb7-de39894bb404:53f8662a-eb74-5082-b7b5-b4a49221dd56,True,leaf outline with direct text candidate
8a56b2bf-5d68-4806-abb7-de39894bb404:OUTLINE:570550232553d986,8a56b2bf-5d68-4806-abb7-de39894bb404:OUTLINE:570550232553d986,8a56b2bf-5d68-4806-abb7-de39894bb404,netgear-r7000.pdf,R7000,847823c2-2ad2-565f-9c2d-b5e1b9a94952,Set Up Email Notifications for NETGEAR Downloader,Share USB Storage Devices Attached to the Router > Set Up NETGEAR Downloader > Set Up Email Notifications for NETGEAR Downloader,Share USB Storage Devices Attached to the Router > Set Up NETGEAR Downloader,3,125,126,P4,1,1,1,1,774,774,194,194,0,34e01d69-bacf-5eea-9140-9196d2ca7b29,34e01d69-bacf-5eea-9140-9196d2ca7b29,8a56b2bf-5d68-4806-abb7-de39894bb404:34e01d69-bacf-5eea-9140-9196d2ca7b29,True,leaf outline with direct text candidate
8a56b2bf-5d68-4806-abb7-de39894bb404:OUTLINE:67be7bc816d23583,8a56b2bf-5d68-4806-abb7-de39894bb404:OUTLINE:67be7bc816d23583,8a56b2bf-5d68-4806-abb7-de39894bb404,netgear-r7000.pdf,R7000,c77c9a14-cfec-5a2f-ad48-4b800bbe73fd,Change the NETGEAR Downloader Settings,Share USB Storage Devices Attached to the Router > Set Up NETGEAR Downloader > Change the NETGEAR Downloader Settings,Share USB Storage Devices Attached to the Router > Set Up NETGEAR Downloader,3,126,126,P4,1,1,1,1,930,930,233,233,0,c848fe04-0511-5980-8087-f41b96138b18,c848fe04-0511-5980-8087-f41b96138b18,8a56b2bf-5d68-4806-abb7-de39894bb404:c848fe04-0511-5980-8087-f41b96138b18,True,leaf outline with direct text candidate
8a56b2bf-5d68-4806-abb7-de39894bb404:OUTLINE:293333e73875984a,8a56b2bf-5d68-4806-abb7-de39894bb404:OUTLINE:293333e73875984a,8a56b2bf-5d68-4806-abb7-de39894bb404,netgear-r7000.pdf,R7000,2a45ac94-c16f-528c-98e6-2c6fcdb0fbcb,Manage NETGEAR Downloader Tasks,Share USB Storage Devices Attached to the Router > Set Up NETGEAR Downloader > Manage NETGEAR Downloader Tasks,Share USB Storage Devices Attached to the Router > Set Up NETGEAR Downloader,3,127,127,P4,1,1,1,1,580,580,145,145,0,ef85cc55-3b0c-5610-8b2b-ca6643d71948,ef85cc55-3b0c-5610-8b2b-ca6643d71948,8a56b2bf-5d68-4806-abb7-de39894bb404:ef85cc55-3b0c-5610-8b2b-ca6643d71948,True,leaf outline with direct text candidate
8a56b2bf-5d68-4806-abb7-de39894bb404:OUTLINE:a45b122f3150aab5,8a56b2bf-5d68-4806-abb7-de39894bb404:OUTLINE:a45b122f3150aab5,8a56b2bf-5d68-4806-abb7-de39894bb404,netgear-r7000.pdf,R7000,62c9cdd1-7f99-5d61-9782-e2eba51d2a4e,Safely Remove a USB Storage Device,Share USB Storage Devices Attached to the Router > Safely Remove a USB Storage Device,Share USB Storage Devices Attached to the Router,2,127,128,P4,1,1,1,1,897,897,225,225,0,f53d0043-7e92-5117-9828-95f8161455a0,f53d0043-7e92-5117-9828-95f8161455a0,8a56b2bf-5d68-4806-abb7-de39894bb404:f53d0043-7e92-5117-9828-95f8161455a0,True,leaf outline with direct text candidate
8a56b2bf-5d68-4806-abb7-de39894bb404:OUTLINE:ffd1b4596844dda9,8a56b2bf-5d68-4806-abb7-de39894bb404:OUTLINE:ffd1b4596844dda9,8a56b2bf-5d68-4806-abb7-de39894bb404,netgear-r7000.pdf,R7000,3b3f35b7-f6b8-551d-9c83-189f91d80dbc,Set Up and Manage Dynamic DNS,Use Dynamic DNS to Access USB Storage Devices Through the Internet > Set Up and Manage Dynamic DNS,Use Dynamic DNS to Access USB Storage Devices Through the Internet,2,130,130,P4,1,1,1,1,967,967,242,242,0,0cd60313-0ac6-5467-b3c5-3f1740db1866,0cd60313-0ac6-5467-b3c5-3f1740db1866,8a56b2bf-5d68-4806-abb7-de39894bb404:0cd60313-0ac6-5467-b3c5-3f1740db1866,True,leaf outline with direct text candidate
8a56b2bf-5d68-4806-abb7-de39894bb404:OUTLINE:aab6d8dcd2a0309e,8a56b2bf-5d68-4806-abb7-de39894bb404:OUTLINE:aab6d8dcd2a0309e,8a56b2bf-5d68-4806-abb7-de39894bb404,netgear-r7000.pdf,R7000,08d1324a-a555-5066-96ca-c9cd00f32fec,Set Up FTP Access Through the Internet,Use Dynamic DNS to Access USB Storage Devices Through the Internet > Set Up FTP Access Through the Internet,Use Dynamic DNS to Access USB Storage Devices Through the Internet,2,130,131,P4,1,1,1,1,1008,1008,252,252,0,7bc54898-3a09-5f69-a7a4-3aef1cc99047,7bc54898-3a09-5f69-a7a4-3aef1cc99047,8a56b2bf-5d68-4806-abb7-de39894bb404:7bc54898-3a09-5f69-a7a4-3aef1cc99047,True,leaf outline with direct text candidate
8a56b2bf-5d68-4806-abb7-de39894bb404:OUTLINE:9eab1704a4f2031b,8a56b2bf-5d68-4806-abb7-de39894bb404:OUTLINE:9eab1704a4f2031b,8a56b2bf-5d68-4806-abb7-de39894bb404,netgear-r7000.pdf,R7000,119c0e7d-0ae4-5e7a-a920-40de2a0f4e41,Set Up Your Personal FTP Server,Use Dynamic DNS to Access USB Storage Devices Through the Internet > Your Personal FTP Server > Set Up Your Personal FTP Server,Use Dynamic DNS to Access USB Storage Devices Through the Internet > Your Personal FTP Server,3,131,132,P4,1,1,1,1,967,967,242,242,0,6c16af8f-3eed-550c-ad09-044555f44402,6c16af8f-3eed-550c-ad09-044555f44402,8a56b2bf-5d68-4806-abb7-de39894bb404:6c16af8f-3eed-550c-ad09-044555f44402,True,leaf outline with direct text candidate
8a56b2bf-5d68-4806-abb7-de39894bb404:OUTLINE:b39c006a60ef2d14,8a56b2bf-5d68-4806-abb7-de39894bb404:OUTLINE:b39c006a60ef2d14,8a56b2bf-5d68-4806-abb7-de39894bb404,netgear-r7000.pdf,R7000,8db8b7e6-79e3-565c-b074-25075047f42c,Set Up a New Dynamic DNS Account,Use Dynamic DNS to Access USB Storage Devices Through the Internet > Your Personal FTP Server > Set Up a New Dynamic DNS Account,Use Dynamic DNS to Access USB Storage Devices Through the Internet > Your Personal FTP Server,3,132,132,P4,1,1,1,1,1270,1270,318,318,0,783c82c2-918a-5720-bef4-85781ad2af99,783c82c2-918a-5720-bef4-85781ad2af99,8a56b2bf-5d68-4806-abb7-de39894bb404:783c82c2-918a-5720-bef4-85781ad2af99,True,leaf outline with direct text candidate
8a56b2bf-5d68-4806-abb7-de39894bb404:OUTLINE:9b6e37063d802704,8a56b2bf-5d68-4806-abb7-de39894bb404:OUTLINE:9b6e37063d802704,8a56b2bf-5d68-4806-abb7-de39894bb404,netgear-r7000.pdf,R7000,a84247c5-74ca-5791-9927-5fe74fe32086,Specify a DNS Account That You Already Created,Use Dynamic DNS to Access USB Storage Devices Through the Internet > Your Personal FTP Server > Specify a DNS Account That You Already Created,Use Dynamic DNS to Access USB Storage Devices Through the Internet > Your Personal FTP Server,3,132,133,P4,1,1,1,1,1497,1497,375,375,0,72afea68-baba-54a3-8d60-6ee23d92fdb6,72afea68-baba-54a3-8d60-6ee23d92fdb6,8a56b2bf-5d68-4806-abb7-de39894bb404:72afea68-baba-54a3-8d60-6ee23d92fdb6,True,leaf outline with direct text candidate
8a56b2bf-5d68-4806-abb7-de39894bb404:OUTLINE:5031a17d783e1700,8a56b2bf-5d68-4806-abb7-de39894bb404:OUTLINE:5031a17d783e1700,8a56b2bf-5d68-4806-abb7-de39894bb404,netgear-r7000.pdf,R7000,b0583772-adee-58c6-8006-6bf867b584dd,Change the Dynamic DNS Settings,Use Dynamic DNS to Access USB Storage Devices Through the Internet > Your Personal FTP Server > Change the Dynamic DNS Settings,Use Dynamic DNS to Access USB Storage Devices Through the Internet > Your Personal FTP Server,3,133,134,P4,1,1,1,1,673,673,169,169,0,7e090661-6e52-5e1b-9b1e-3efc302a53dd,7e090661-6e52-5e1b-9b1e-3efc302a53dd,8a56b2bf-5d68-4806-abb7-de39894bb404:7e090661-6e52-5e1b-9b1e-3efc302a53dd,True,leaf outline with direct text candidate
8a56b2bf-5d68-4806-abb7-de39894bb404:OUTLINE:6cca2b13d46fd9ff,8a56b2bf-5d68-4806-abb7-de39894bb404:OUTLINE:6cca2b13d46fd9ff,8a56b2bf-5d68-4806-abb7-de39894bb404,netgear-r7000.pdf,R7000,65952a2a-4c0f-56f5-ac4c-564f6c2e6129,Access USB Storage Devices Through the Internet,Use Dynamic DNS to Access USB Storage Devices Through the Internet > Access USB Storage Devices Through the Internet,Use Dynamic DNS to Access USB Storage Devices Through the Internet,2,135,135,P4,1,1,1,1,646,646,162,162,0,af255485-98d7-59f8-94db-806fd6280e64,af255485-98d7-59f8-94db-806fd6280e64,8a56b2bf-5d68-4806-abb7-de39894bb404:af255485-98d7-59f8-94db-806fd6280e64,True,leaf outline with direct text candidate
8a56b2bf-5d68-4806-abb7-de39894bb404:OUTLINE:0fc676a3a4479418,8a56b2bf-5d68-4806-abb7-de39894bb404:OUTLINE:0fc676a3a4479418,8a56b2bf-5d68-4806-abb7-de39894bb404,netgear-r7000.pdf,R7000,7797ef5d-39d7-5b0a-acd5-be8fd48d8e6b,Create a ReadyCLOUD Account,Use Dynamic DNS to Access USB Storage Devices Through the Internet > Remotely Access a USB Device Using ReadyCLOUD > Create a ReadyCLOUD Account,Use Dynamic DNS to Access USB Storage Devices Through the Internet > Remotely Access a USB Device Using ReadyCLOUD,3,135,136,P4,1,1,1,1,495,495,124,124,0,89cf7641-ad76-514d-a38e-ff036b200250,89cf7641-ad76-514d-a38e-ff036b200250,8a56b2bf-5d68-4806-abb7-de39894bb404:89cf7641-ad76-514d-a38e-ff036b200250,True,leaf outline with direct text candidate
8a56b2bf-5d68-4806-abb7-de39894bb404:OUTLINE:7784197828a53a41,8a56b2bf-5d68-4806-abb7-de39894bb404:OUTLINE:7784197828a53a41,8a56b2bf-5d68-4806-abb7-de39894bb404,netgear-r7000.pdf,R7000,f899655b-92c0-58a2-bee2-7327b658eabb,Register Your Router With ReadyCLOUD,Use Dynamic DNS to Access USB Storage Devices Through the Internet > Remotely Access a USB Device Using ReadyCLOUD > Register Your Router With ReadyCLOUD,Use Dynamic DNS to Access USB Storage Devices Through the Internet > Remotely Access a USB Device Using ReadyCLOUD,3,136,137,P4,1,1,1,1,1864,1864,466,466,0,e2441363-6c2a-53a1-bc5f-70f736213984,e2441363-6c2a-53a1-bc5f-70f736213984,8a56b2bf-5d68-4806-abb7-de39894bb404:e2441363-6c2a-53a1-bc5f-70f736213984,True,leaf outline with direct text candidate
8a56b2bf-5d68-4806-abb7-de39894bb404:OUTLINE:ddb06c29e1a02460,8a56b2bf-5d68-4806-abb7-de39894bb404:OUTLINE:ddb06c29e1a02460,8a56b2bf-5d68-4806-abb7-de39894bb404,netgear-r7000.pdf,R7000,a05a9e09-2f2d-533e-ab84-b014e3f1ca19,Specify ReadyDLNA Media Server Settings,Use the Router as a Media Server > Specify ReadyDLNA Media Server Settings,Use the Router as a Media Server,2,139,140,P4,1,1,1,1,1986,1986,497,497,0,abfad69f-cd68-5047-ba42-44866e99dfb4,abfad69f-cd68-5047-ba42-44866e99dfb4,8a56b2bf-5d68-4806-abb7-de39894bb404:abfad69f-cd68-5047-ba42-44866e99dfb4,True,leaf outline with direct text candidate
8a56b2bf-5d68-4806-abb7-de39894bb404:OUTLINE:e80986f43e8d9122,8a56b2bf-5d68-4806-abb7-de39894bb404:OUTLINE:e80986f43e8d9122,8a56b2bf-5d68-4806-abb7-de39894bb404,netgear-r7000.pdf,R7000,9b879fc2-311f-5859-a1f4-3f0d193c7489,Set Up the Router’s iTunes Server With iTunes,Use the Router as a Media Server > Play Music From a Storage Device With iTunes Server > Set Up the Router’s iTunes Server With iTunes,Use the Router as a Media Server > Play Music From a Storage Device With iTunes Server,3,140,141,P4,1,1,1,1,1864,1864,466,466,0,c07c9b04-a6cc-53e0-97ec-b5dff8965658,c07c9b04-a6cc-53e0-97ec-b5dff8965658,8a56b2bf-5d68-4806-abb7-de39894bb404:c07c9b04-a6cc-53e0-97ec-b5dff8965658,True,leaf outline with direct text candidate
8a56b2bf-5d68-4806-abb7-de39894bb404:OUTLINE:286ec77ba10a2808,8a56b2bf-5d68-4806-abb7-de39894bb404:OUTLINE:286ec77ba10a2808,8a56b2bf-5d68-4806-abb7-de39894bb404,netgear-r7000.pdf,R7000,2e08e931-9331-5c28-9895-c2dfc84313b7,Set Up the Router’s iTunes Server With the Remote App,Use the Router as a Media Server > Play Music From a Storage Device With iTunes Server > Set Up the Router’s iTunes Server With the Remote App,Use the Router as a Media Server > Play Music From a Storage Device With iTunes Server,3,141,142,P4,1,1,1,1,1943,1943,486,486,0,d58e6595-8e7b-589e-8a58-c39b635233a5,d58e6595-8e7b-589e-8a58-c39b635233a5,8a56b2bf-5d68-4806-abb7-de39894bb404:d58e6595-8e7b-589e-8a58-c39b635233a5,True,leaf outline with direct text candidate
8a56b2bf-5d68-4806-abb7-de39894bb404:OUTLINE:d42e7f3b3afc3d28,8a56b2bf-5d68-4806-abb7-de39894bb404:OUTLINE:d42e7f3b3afc3d28,8a56b2bf-5d68-4806-abb7-de39894bb404,netgear-r7000.pdf,R7000,39388e4a-f008-5cdf-9ddc-5803687d612a,Set Up the Router to Work With TiVo,Use the Router as a Media Server > Set Up the Router to Work With TiVo,Use the Router as a Media Server,2,142,143,P4,1,1,1,1,1199,1199,300,300,0,e75dccb2-4ec8-5756-b577-8a9ec04b1f8a,e75dccb2-4ec8-5756-b577-8a9ec04b1f8a,8a56b2bf-5d68-4806-abb7-de39894bb404:e75dccb2-4ec8-5756-b577-8a9ec04b1f8a,True,leaf outline with direct text candidate
8a56b2bf-5d68-4806-abb7-de39894bb404:OUTLINE:97a6833762491be1,8a56b2bf-5d68-4806-abb7-de39894bb404:OUTLINE:97a6833762491be1,8a56b2bf-5d68-4806-abb7-de39894bb404,netgear-r7000.pdf,R7000,ad6e3e49-6fdc-55f8-a013-8c085ebf06ee,Change the NTP Server,Use the Router as a Media Server > Change the NTP Server,Use the Router as a Media Server,2,143,144,P4,1,1,1,1,882,882,221,221,0,e0a29d83-bb4e-5486-bac0-906091d1c384,e0a29d83-bb4e-5486-bac0-906091d1c384,8a56b2bf-5d68-4806-abb7-de39894bb404:e0a29d83-bb4e-5486-bac0-906091d1c384,True,leaf outline with direct text candidate
8a56b2bf-5d68-4806-abb7-de39894bb404:OUTLINE:a99ac8487e59de28,8a56b2bf-5d68-4806-abb7-de39894bb404:OUTLINE:a99ac8487e59de28,8a56b2bf-5d68-4806-abb7-de39894bb404,netgear-r7000.pdf,R7000,3ffc57ae-28b5-5b19-a81d-1d4348d5be35,Install the Printer Driver and Cable the Printer,Share a USB Printer > Install the Printer Driver and Cable the Printer,Share a USB Printer,2,146,146,P4,1,1,1,1,474,474,119,119,0,f9c4f561-2789-5188-b412-6b03a06edf0e,f9c4f561-2789-5188-b412-6b03a06edf0e,8a56b2bf-5d68-4806-abb7-de39894bb404:f9c4f561-2789-5188-b412-6b03a06edf0e,True,leaf outline with direct text candidate
8a56b2bf-5d68-4806-abb7-de39894bb404:OUTLINE:807031e5a7371cf3,8a56b2bf-5d68-4806-abb7-de39894bb404:OUTLINE:807031e5a7371cf3,8a56b2bf-5d68-4806-abb7-de39894bb404,netgear-r7000.pdf,R7000,3193032b-227c-540b-9098-4d0284c86520,Download the ReadySHARE Printer Utility,Share a USB Printer > Download the ReadySHARE Printer Utility,Share a USB Printer,2,146,146,P4,1,1,1,1,459,459,115,115,0,0883606c-4aba-5dab-a274-d5331ac4d493,0883606c-4aba-5dab-a274-d5331ac4d493,8a56b2bf-5d68-4806-abb7-de39894bb404:0883606c-4aba-5dab-a274-d5331ac4d493,True,leaf outline with direct text candidate
8a56b2bf-5d68-4806-abb7-de39894bb404:OUTLINE:467b36cc69457a86,8a56b2bf-5d68-4806-abb7-de39894bb404:OUTLINE:467b36cc69457a86,8a56b2bf-5d68-4806-abb7-de39894bb404,netgear-r7000.pdf,R7000,6d391c0b-cb75-511d-9fe1-da3af261f938,Install the ReadySHARE Printer Utility,Share a USB Printer > Install the ReadySHARE Printer Utility,Share a USB Printer,2,146,147,P4,1,1,1,1,1421,1421,356,356,0,fc33c937-ddb8-5b98-8464-214b6b7107e0,fc33c937-ddb8-5b98-8464-214b6b7107e0,8a56b2bf-5d68-4806-abb7-de39894bb404:fc33c937-ddb8-5b98-8464-214b6b7107e0,True,leaf outline with direct text candidate
8a56b2bf-5d68-4806-abb7-de39894bb404:OUTLINE:c4bd993aee2a147b,8a56b2bf-5d68-4806-abb7-de39894bb404:OUTLINE:c4bd993aee2a147b,8a56b2bf-5d68-4806-abb7-de39894bb404,netgear-r7000.pdf,R7000,08d36660-e1d3-5207-b4be-454db01ec99f,Print Using the NETGEAR USB Control Center,Share a USB Printer > Print Using the NETGEAR USB Control Center,Share a USB Printer,2,147,148,P4,1,1,1,1,1222,1222,306,306,0,ea698470-b732-5eb5-92d3-6b376673b14e,ea698470-b732-5eb5-92d3-6b376673b14e,8a56b2bf-5d68-4806-abb7-de39894bb404:ea698470-b732-5eb5-92d3-6b376673b14e,True,leaf outline with direct text candidate
8a56b2bf-5d68-4806-abb7-de39894bb404:OUTLINE:a1c7e7cafbdb38f1,8a56b2bf-5d68-4806-abb7-de39894bb404:OUTLINE:a1c7e7cafbdb38f1,8a56b2bf-5d68-4806-abb7-de39894bb404,netgear-r7000.pdf,R7000,b85b6cac-01a1-5ea0-905e-70f2102f487e,Set Up a VPN Connection,Use VPN to Access Your Network > Set Up a VPN Connection,Use VPN to Access Your Network,2,150,150,P5,1,1,1,1,855,855,214,214,0,15c023d1-7e9a-592e-8b62-0ff32fbdba8d,15c023d1-7e9a-592e-8b62-0ff32fbdba8d,8a56b2bf-5d68-4806-abb7-de39894bb404:15c023d1-7e9a-592e-8b62-0ff32fbdba8d,True,leaf outline with direct text candidate
8a56b2bf-5d68-4806-abb7-de39894bb404:OUTLINE:034e36ac4554a972,8a56b2bf-5d68-4806-abb7-de39894bb404:OUTLINE:034e36ac4554a972,8a56b2bf-5d68-4806-abb7-de39894bb404,netgear-r7000.pdf,R7000,44646606-17f5-5a5e-a9f5-83e6e141e410,Specify VPN Service in the Router,Use VPN to Access Your Network > Specify VPN Service in the Router,Use VPN to Access Your Network,2,150,151,P5,1,1,1,1,1223,1223,306,306,0,0adc3911-da25-5284-9caa-419738571f93,0adc3911-da25-5284-9caa-419738571f93,8a56b2bf-5d68-4806-abb7-de39894bb404:0adc3911-da25-5284-9caa-419738571f93,True,leaf outline with direct text candidate
8a56b2bf-5d68-4806-abb7-de39894bb404:OUTLINE:bd4a37c3f691bf16,8a56b2bf-5d68-4806-abb7-de39894bb404:OUTLINE:bd4a37c3f691bf16,8a56b2bf-5d68-4806-abb7-de39894bb404,netgear-r7000.pdf,R7000,4c6f8253-f0a7-5e30-86ac-266f5b71d124,Install OpenVPN Software on Your Windows Computer,Use VPN to Access Your Network > Install OpenVPN Software > Install OpenVPN Software on Your Windows Computer,Use VPN to Access Your Network > Install OpenVPN Software,3,151,154,P5,1,1,1,1,2683,2683,671,671,0,7205e289-143e-5d7a-b0e3-98318973bd06,7205e289-143e-5d7a-b0e3-98318973bd06,8a56b2bf-5d68-4806-abb7-de39894bb404:7205e289-143e-5d7a-b0e3-98318973bd06,True,leaf outline with direct text candidate
8a56b2bf-5d68-4806-abb7-de39894bb404:OUTLINE:af861d788e0d2987,8a56b2bf-5d68-4806-abb7-de39894bb404:OUTLINE:af861d788e0d2987,8a56b2bf-5d68-4806-abb7-de39894bb404,netgear-r7000.pdf,R7000,f5a206fa-867d-59c4-a269-5f61c21ccc6d,Install OpenVPN Software on Your Mac Computer,Use VPN to Access Your Network > Install OpenVPN Software > Install OpenVPN Software on Your Mac Computer,Use VPN to Access Your Network > Install OpenVPN Software,3,154,154,P5,1,1,1,1,1441,1441,361,361,0,9aea813e-9538-5545-94b8-851fef0dcd46,9aea813e-9538-5545-94b8-851fef0dcd46,8a56b2bf-5d68-4806-abb7-de39894bb404:9aea813e-9538-5545-94b8-851fef0dcd46,True,leaf outline with direct text candidate
8a56b2bf-5d68-4806-abb7-de39894bb404:OUTLINE:fdf9a6339ff3dcd8,8a56b2bf-5d68-4806-abb7-de39894bb404:OUTLINE:fdf9a6339ff3dcd8,8a56b2bf-5d68-4806-abb7-de39894bb404,netgear-r7000.pdf,R7000,ab2ecd61-26ef-50cf-a194-8fa78fff7746,Install OpenVPN Software on an iOS Device,Use VPN to Access Your Network > Install OpenVPN Software > Install OpenVPN Software on an iOS Device,Use VPN to Access Your Network > Install OpenVPN Software,3,155,155,P5,1,1,1,1,1349,1349,338,338,0,0cff8f5c-96b8-5d33-9c11-37f93f8300fb,0cff8f5c-96b8-5d33-9c11-37f93f8300fb,8a56b2bf-5d68-4806-abb7-de39894bb404:0cff8f5c-96b8-5d33-9c11-37f93f8300fb,True,leaf outline with direct text candidate
8a56b2bf-5d68-4806-abb7-de39894bb404:OUTLINE:95f746cd0efc85f9,8a56b2bf-5d68-4806-abb7-de39894bb404:OUTLINE:95f746cd0efc85f9,8a56b2bf-5d68-4806-abb7-de39894bb404,netgear-r7000.pdf,R7000,cdcbcfbf-7f5a-5212-add4-22f4ea679882,Install OpenVPN Software on an Android Device,Use VPN to Access Your Network > Install OpenVPN Software > Install OpenVPN Software on an Android Device,Use VPN to Access Your Network > Install OpenVPN Software,3,155,156,P5,1,1,1,1,1353,1353,339,339,0,78784e2f-4898-5bb5-ad02-7914dc839be1,78784e2f-4898-5bb5-ad02-7914dc839be1,8a56b2bf-5d68-4806-abb7-de39894bb404:78784e2f-4898-5bb5-ad02-7914dc839be1,True,leaf outline with direct text candidate
8a56b2bf-5d68-4806-abb7-de39894bb404:OUTLINE:bb77dd89cb8a7075,8a56b2bf-5d68-4806-abb7-de39894bb404:OUTLINE:bb77dd89cb8a7075,8a56b2bf-5d68-4806-abb7-de39894bb404,netgear-r7000.pdf,R7000,19d7f271-4caf-572e-b0a3-20ead54160cb,Use a VPN Tunnel on Your Windows Computer,Use VPN to Access Your Network > Use a VPN Tunnel on Your Windows Computer,Use VPN to Access Your Network,2,156,157,P5,1,1,1,1,1513,1513,379,379,0,6953e0a8-19b3-5e57-8c32-35a09da66319,6953e0a8-19b3-5e57-8c32-35a09da66319,8a56b2bf-5d68-4806-abb7-de39894bb404:6953e0a8-19b3-5e57-8c32-35a09da66319,True,leaf outline with direct text candidate
8a56b2bf-5d68-4806-abb7-de39894bb404:OUTLINE:4c9926ec976fb66c,8a56b2bf-5d68-4806-abb7-de39894bb404:OUTLINE:4c9926ec976fb66c,8a56b2bf-5d68-4806-abb7-de39894bb404,netgear-r7000.pdf,R7000,3f9d67aa-9fd1-5f1e-bb5f-28329812188e,Use VPN to Access the Router’s USB Device and Media,Use VPN to Access Your Network > Use VPN to Access the Router’s USB Device and Media,Use VPN to Access Your Network,2,158,158,P5,1,1,1,1,855,855,214,214,0,9a8a035f-6c7d-54b2-bf8c-912a716d0bff,9a8a035f-6c7d-54b2-bf8c-912a716d0bff,8a56b2bf-5d68-4806-abb7-de39894bb404:9a8a035f-6c7d-54b2-bf8c-912a716d0bff,True,leaf outline with direct text candidate
8a56b2bf-5d68-4806-abb7-de39894bb404:OUTLINE:c4136fa526548a6a,8a56b2bf-5d68-4806-abb7-de39894bb404:OUTLINE:c4136fa526548a6a,8a56b2bf-5d68-4806-abb7-de39894bb404,netgear-r7000.pdf,R7000,01c63c82-ae5d-5a2d-8f6c-0214b892fc61,Set Up VPN Client Internet Access in the Router,Use VPN to Access Your Network > Use VPN to Access Your Internet Service at Home > Set Up VPN Client Internet Access in the Router,Use VPN to Access Your Network > Use VPN to Access Your Internet Service at Home,3,159,159,P5,1,1,1,1,1534,1534,384,384,0,5a9199d4-5e78-5160-9a50-fabc20efa770,5a9199d4-5e78-5160-9a50-fabc20efa770,8a56b2bf-5d68-4806-abb7-de39894bb404:5a9199d4-5e78-5160-9a50-fabc20efa770,True,leaf outline with direct text candidate
8a56b2bf-5d68-4806-abb7-de39894bb404:OUTLINE:fd2594ca2ad7825b,8a56b2bf-5d68-4806-abb7-de39894bb404:OUTLINE:fd2594ca2ad7825b,8a56b2bf-5d68-4806-abb7-de39894bb404,netgear-r7000.pdf,R7000,17a0056e-b0b3-5b80-9509-0b1f1cc1bbc1,Block VPN Client Internet Access in the Router,Use VPN to Access Your Network > Use VPN to Access Your Internet Service at Home > Block VPN Client Internet Access in the Router,Use VPN to Access Your Network > Use VPN to Access Your Internet Service at Home,3,159,160,P5,1,1,1,1,1456,1456,364,364,0,8bb0c2b6-f108-5143-95af-dafaa586aab5,8bb0c2b6-f108-5143-95af-dafaa586aab5,8a56b2bf-5d68-4806-abb7-de39894bb404:8bb0c2b6-f108-5143-95af-dafaa586aab5,True,leaf outline with direct text candidate
8a56b2bf-5d68-4806-abb7-de39894bb404:OUTLINE:c7d3edd33cb57e71,8a56b2bf-5d68-4806-abb7-de39894bb404:OUTLINE:c7d3edd33cb57e71,8a56b2bf-5d68-4806-abb7-de39894bb404,netgear-r7000.pdf,R7000,b4e7af4c-5659-5596-a638-30b9ea0d57a6,Use a VPN Tunnel to Access Your Internet Service at Home,Use VPN to Access Your Network > Use VPN to Access Your Internet Service at Home > Use a VPN Tunnel to Access Your Internet Service at Home,Use VPN to Access Your Network > Use VPN to Access Your Internet Service at Home,3,160,161,P5,1,1,1,1,396,396,99,99,0,1541c129-4603-5d63-a920-e35f5533af8b,1541c129-4603-5d63-a920-e35f5533af8b,8a56b2bf-5d68-4806-abb7-de39894bb404:1541c129-4603-5d63-a920-e35f5533af8b,True,leaf outline with direct text candidate
8a56b2bf-5d68-4806-abb7-de39894bb404:OUTLINE:425fd0c20f6c6d8b,8a56b2bf-5d68-4806-abb7-de39894bb404:OUTLINE:425fd0c20f6c6d8b,8a56b2bf-5d68-4806-abb7-de39894bb404,netgear-r7000.pdf,R7000,4c482303-9a0e-5db3-94aa-fc3a7410bb32,Set Up Port Forwarding to a Local Server,Manage Port Forwarding and Port Triggering > Manage Port Forwarding to a Local Server > Set Up Port Forwarding to a Local Server,Manage Port Forwarding and Port Triggering > Manage Port Forwarding to a Local Server,3,163,164,P5,1,1,1,1,1328,1328,332,332,0,950af6c7-f0a7-53f2-98a7-e6b7fc48a29a,950af6c7-f0a7-53f2-98a7-e6b7fc48a29a,8a56b2bf-5d68-4806-abb7-de39894bb404:950af6c7-f0a7-53f2-98a7-e6b7fc48a29a,True,leaf outline with direct text candidate
8a56b2bf-5d68-4806-abb7-de39894bb404:OUTLINE:e3e21bd0953be5a3,8a56b2bf-5d68-4806-abb7-de39894bb404:OUTLINE:e3e21bd0953be5a3,8a56b2bf-5d68-4806-abb7-de39894bb404,netgear-r7000.pdf,R7000,71599345-cd1a-5c41-914c-c765ed28dfd8,Add a Custom Port Forwarding Service,Manage Port Forwarding and Port Triggering > Manage Port Forwarding to a Local Server > Add a Custom Port Forwarding Service,Manage Port Forwarding and Port Triggering > Manage Port Forwarding to a Local Server,3,164,165,P5,1,1,1,1,2022,2022,506,506,0,0125269b-47b9-5b29-91af-0325b612dd29,0125269b-47b9-5b29-91af-0325b612dd29,8a56b2bf-5d68-4806-abb7-de39894bb404:0125269b-47b9-5b29-91af-0325b612dd29,True,leaf outline with direct text candidate
8a56b2bf-5d68-4806-abb7-de39894bb404:OUTLINE:203036559d76eba5,8a56b2bf-5d68-4806-abb7-de39894bb404:OUTLINE:203036559d76eba5,8a56b2bf-5d68-4806-abb7-de39894bb404,netgear-r7000.pdf,R7000,c4b6c811-4195-5ccf-b3b0-4cb6ad10195d,Edit a Port Forwarding Service,Manage Port Forwarding and Port Triggering > Manage Port Forwarding to a Local Server > Edit a Port Forwarding Service,Manage Port Forwarding and Port Triggering > Manage Port Forwarding to a Local Server,3,165,165,P5,1,1,1,1,866,866,217,217,0,3d1146f4-9329-5a7a-b415-bec9f4383989,3d1146f4-9329-5a7a-b415-bec9f4383989,8a56b2bf-5d68-4806-abb7-de39894bb404:3d1146f4-9329-5a7a-b415-bec9f4383989,True,leaf outline with direct text candidate
8a56b2bf-5d68-4806-abb7-de39894bb404:OUTLINE:aeba97229cfacc47,8a56b2bf-5d68-4806-abb7-de39894bb404:OUTLINE:aeba97229cfacc47,8a56b2bf-5d68-4806-abb7-de39894bb404,netgear-r7000.pdf,R7000,29e86704-a74c-5993-b87d-6df4652f30d6,Delete a Port Forwarding Entry,Manage Port Forwarding and Port Triggering > Manage Port Forwarding to a Local Server > Delete a Port Forwarding Entry,Manage Port Forwarding and Port Triggering > Manage Port Forwarding to a Local Server,3,166,166,P5,1,1,1,1,747,747,187,187,0,e59bc00f-c6f5-5e98-892a-b730d7dbd07f,e59bc00f-c6f5-5e98-892a-b730d7dbd07f,8a56b2bf-5d68-4806-abb7-de39894bb404:e59bc00f-c6f5-5e98-892a-b730d7dbd07f,True,leaf outline with direct text candidate
8a56b2bf-5d68-4806-abb7-de39894bb404:OUTLINE:60da0b4d37331104,8a56b2bf-5d68-4806-abb7-de39894bb404:OUTLINE:60da0b4d37331104,8a56b2bf-5d68-4806-abb7-de39894bb404,netgear-r7000.pdf,R7000,5af07768-536c-571a-9fd4-f7a8c5768e47,Application Example: Make a Local Web Server Public,Manage Port Forwarding and Port Triggering > Manage Port Forwarding to a Local Server > Application Example: Make a Local Web Server Public,Manage Port Forwarding and Port Triggering > Manage Port Forwarding to a Local Server,3,166,166,P5,1,1,1,1,938,938,235,235,0,8fb3463d-a069-5c1d-8787-b235603f7b98,8fb3463d-a069-5c1d-8787-b235603f7b98,8a56b2bf-5d68-4806-abb7-de39894bb404:8fb3463d-a069-5c1d-8787-b235603f7b98,True,leaf outline with direct text candidate
8a56b2bf-5d68-4806-abb7-de39894bb404:OUTLINE:747acb0d4cb26e1b,8a56b2bf-5d68-4806-abb7-de39894bb404:OUTLINE:747acb0d4cb26e1b,8a56b2bf-5d68-4806-abb7-de39894bb404,netgear-r7000.pdf,R7000,65166559-d5fe-506d-9414-5bd0776d2bcc,How the Router Implements the Port Forwarding Rule,Manage Port Forwarding and Port Triggering > Manage Port Forwarding to a Local Server > How the Router Implements the Port Forwarding Rule,Manage Port Forwarding and Port Triggering > Manage Port Forwarding to a Local Server,3,167,167,P5,1,1,1,1,926,926,232,232,0,36a44e4d-1905-5cef-bfe9-49ea3609dc3c,36a44e4d-1905-5cef-bfe9-49ea3609dc3c,8a56b2bf-5d68-4806-abb7-de39894bb404:36a44e4d-1905-5cef-bfe9-49ea3609dc3c,True,leaf outline with direct text candidate
8a56b2bf-5d68-4806-abb7-de39894bb404:OUTLINE:177fbae2ddb6251a,8a56b2bf-5d68-4806-abb7-de39894bb404:OUTLINE:177fbae2ddb6251a,8a56b2bf-5d68-4806-abb7-de39894bb404,netgear-r7000.pdf,R7000,0a816ae7-2225-596b-a04f-ea7ae42b6e77,Add a Port Triggering Service,Manage Port Forwarding and Port Triggering > Port Triggering > Add a Port Triggering Service,Manage Port Forwarding and Port Triggering > Port Triggering,3,168,168,P5,1,1,1,1,1485,1485,372,372,0,4b4c49da-48ba-5242-b701-b1e1a0ba2b65,4b4c49da-48ba-5242-b701-b1e1a0ba2b65,8a56b2bf-5d68-4806-abb7-de39894bb404:4b4c49da-48ba-5242-b701-b1e1a0ba2b65,True,leaf outline with direct text candidate
8a56b2bf-5d68-4806-abb7-de39894bb404:OUTLINE:2d37d42c99e677a0,8a56b2bf-5d68-4806-abb7-de39894bb404:OUTLINE:2d37d42c99e677a0,8a56b2bf-5d68-4806-abb7-de39894bb404,netgear-r7000.pdf,R7000,63fab821-b7a6-5139-b447-8eaec84801a5,Enable Port Triggering,Manage Port Forwarding and Port Triggering > Port Triggering > Enable Port Triggering,Manage Port Forwarding and Port Triggering > Port Triggering,3,169,169,P5,1,1,1,1,1087,1087,272,272,0,d3434e35-bd8e-5fb1-abf1-dc473fa6e873,d3434e35-bd8e-5fb1-abf1-dc473fa6e873,8a56b2bf-5d68-4806-abb7-de39894bb404:d3434e35-bd8e-5fb1-abf1-dc473fa6e873,True,leaf outline with direct text candidate
8a56b2bf-5d68-4806-abb7-de39894bb404:OUTLINE:4ea4f6aa3dd5aa3a,8a56b2bf-5d68-4806-abb7-de39894bb404:OUTLINE:4ea4f6aa3dd5aa3a,8a56b2bf-5d68-4806-abb7-de39894bb404,netgear-r7000.pdf,R7000,e8f9a75d-363d-5337-85ac-bc82239231c1,Application Example: Port Triggering for Internet Relay Chat,Manage Port Forwarding and Port Triggering > Port Triggering > Application Example: Port Triggering for Internet Relay Chat,Manage Port Forwarding and Port Triggering > Port Triggering,3,169,170,P5,1,1,1,1,2611,2611,653,653,0,22b781b9-3e62-5d72-85c4-4b17be894b0a,22b781b9-3e62-5d72-85c4-4b17be894b0a,8a56b2bf-5d68-4806-abb7-de39894bb404:22b781b9-3e62-5d72-85c4-4b17be894b0a,True,leaf outline with direct text candidate
8a56b2bf-5d68-4806-abb7-de39894bb404:OUTLINE:59222463e26d1879,8a56b2bf-5d68-4806-abb7-de39894bb404:OUTLINE:59222463e26d1879,8a56b2bf-5d68-4806-abb7-de39894bb404,netgear-r7000.pdf,R7000,391bcfea-10bc-5979-bd3a-5983890e2a5b,Sequence to Restart Your Network,Troubleshooting > Quick Tips > Sequence to Restart Your Network,Troubleshooting > Quick Tips,3,172,172,P5,1,1,1,1,212,212,53,53,0,f2289449-f54e-5af6-8243-762118ef305b,f2289449-f54e-5af6-8243-762118ef305b,8a56b2bf-5d68-4806-abb7-de39894bb404:f2289449-f54e-5af6-8243-762118ef305b,True,leaf outline with direct text candidate
8a56b2bf-5d68-4806-abb7-de39894bb404:OUTLINE:2ce22310eb952974,8a56b2bf-5d68-4806-abb7-de39894bb404:OUTLINE:2ce22310eb952974,8a56b2bf-5d68-4806-abb7-de39894bb404,netgear-r7000.pdf,R7000,22205d79-de1c-580c-b6da-754b83759282,Check Ethernet Cable Connections,Troubleshooting > Quick Tips > Check Ethernet Cable Connections,Troubleshooting > Quick Tips,3,172,172,P5,1,1,1,1,393,393,99,99,0,0840bab1-67d6-5c6c-b00f-e0a82dee63b9,0840bab1-67d6-5c6c-b00f-e0a82dee63b9,8a56b2bf-5d68-4806-abb7-de39894bb404:0840bab1-67d6-5c6c-b00f-e0a82dee63b9,True,leaf outline with direct text candidate
8a56b2bf-5d68-4806-abb7-de39894bb404:OUTLINE:9a725da63aa86a90,8a56b2bf-5d68-4806-abb7-de39894bb404:OUTLINE:9a725da63aa86a90,8a56b2bf-5d68-4806-abb7-de39894bb404,netgear-r7000.pdf,R7000,675b42c1-772f-509d-84e7-763ec53a5edc,WiFi Settings,Troubleshooting > Quick Tips > WiFi Settings,Troubleshooting > Quick Tips,3,172,172,P5,1,1,1,1,326,326,82,82,0,33e10a89-cd52-5aa3-a20c-b5fe9e6472da,33e10a89-cd52-5aa3-a20c-b5fe9e6472da,8a56b2bf-5d68-4806-abb7-de39894bb404:33e10a89-cd52-5aa3-a20c-b5fe9e6472da,True,leaf outline with direct text candidate
8a56b2bf-5d68-4806-abb7-de39894bb404:OUTLINE:847cecb9643d2407,8a56b2bf-5d68-4806-abb7-de39894bb404:OUTLINE:847cecb9643d2407,8a56b2bf-5d68-4806-abb7-de39894bb404,netgear-r7000.pdf,R7000,1a2b2688-f14a-526e-9f28-a1f2a196d717,Network Settings,Troubleshooting > Quick Tips > Network Settings,Troubleshooting > Quick Tips,3,172,172,P5,1,1,1,1,466,466,117,117,0,00ed8214-8d2c-546c-8a19-5ddae5a1e440,00ed8214-8d2c-546c-8a19-5ddae5a1e440,8a56b2bf-5d68-4806-abb7-de39894bb404:00ed8214-8d2c-546c-8a19-5ddae5a1e440,True,leaf outline with direct text candidate
8a56b2bf-5d68-4806-abb7-de39894bb404:OUTLINE:2d6ba8de08c385b6,8a56b2bf-5d68-4806-abb7-de39894bb404:OUTLINE:2d6ba8de08c385b6,8a56b2bf-5d68-4806-abb7-de39894bb404,netgear-r7000.pdf,R7000,cb354cbe-93db-5537-beaf-e8f4730ad95b,Standard LED Behavior When the Router Is Powered On,Troubleshooting > Troubleshoot With the LEDs > Standard LED Behavior When the Router Is Powered On,Troubleshooting > Troubleshoot With the LEDs,3,173,173,P5,1,1,1,1,395,395,99,99,0,262ff6ae-df0c-585e-bed0-094aea4c3092,262ff6ae-df0c-585e-bed0-094aea4c3092,8a56b2bf-5d68-4806-abb7-de39894bb404:262ff6ae-df0c-585e-bed0-094aea4c3092,True,leaf outline with direct text candidate
8a56b2bf-5d68-4806-abb7-de39894bb404:OUTLINE:b2d1c512f961f6fd,8a56b2bf-5d68-4806-abb7-de39894bb404:OUTLINE:b2d1c512f961f6fd,8a56b2bf-5d68-4806-abb7-de39894bb404,netgear-r7000.pdf,R7000,c5c3c0ee-8fef-5f5a-bb1b-7ebea2de6be1,Power LED Is Off or Blinking,Troubleshooting > Troubleshoot With the LEDs > Power LED Is Off or Blinking,Troubleshooting > Troubleshoot With the LEDs,3,173,173,P5,1,1,1,1,677,677,170,170,0,05565fdc-4481-5012-b515-85773c42fccd,05565fdc-4481-5012-b515-85773c42fccd,8a56b2bf-5d68-4806-abb7-de39894bb404:05565fdc-4481-5012-b515-85773c42fccd,True,leaf outline with direct text candidate
8a56b2bf-5d68-4806-abb7-de39894bb404:OUTLINE:0c289c9921935d4f,8a56b2bf-5d68-4806-abb7-de39894bb404:OUTLINE:0c289c9921935d4f,8a56b2bf-5d68-4806-abb7-de39894bb404,netgear-r7000.pdf,R7000,5196b37f-70a6-5611-92c1-46101227834e,LEDs Never Turn Off,Troubleshooting > Troubleshoot With the LEDs > LEDs Never Turn Off,Troubleshooting > Troubleshoot With the LEDs,3,173,174,P5,1,1,1,1,501,501,126,126,0,0a809305-5da5-5901-8135-99733f3bd166,0a809305-5da5-5901-8135-99733f3bd166,8a56b2bf-5d68-4806-abb7-de39894bb404:0a809305-5da5-5901-8135-99733f3bd166,True,leaf outline with direct text candidate
8a56b2bf-5d68-4806-abb7-de39894bb404:OUTLINE:a92761cb4f362eb4,8a56b2bf-5d68-4806-abb7-de39894bb404:OUTLINE:a92761cb4f362eb4,8a56b2bf-5d68-4806-abb7-de39894bb404,netgear-r7000.pdf,R7000,aafc917e-5f85-5fe5-b569-7df61727dac8,Internet or Ethernet Port LEDs Are Off,Troubleshooting > Troubleshoot With the LEDs > Internet or Ethernet Port LEDs Are Off,Troubleshooting > Troubleshoot With the LEDs,3,174,174,P5,1,1,1,1,546,546,137,137,0,3ef604e9-bf42-56e2-a7f3-e5a73e8a700f,3ef604e9-bf42-56e2-a7f3-e5a73e8a700f,8a56b2bf-5d68-4806-abb7-de39894bb404:3ef604e9-bf42-56e2-a7f3-e5a73e8a700f,True,leaf outline with direct text candidate
8a56b2bf-5d68-4806-abb7-de39894bb404:OUTLINE:4046c6d2c24f1bc4,8a56b2bf-5d68-4806-abb7-de39894bb404:OUTLINE:4046c6d2c24f1bc4,8a56b2bf-5d68-4806-abb7-de39894bb404,netgear-r7000.pdf,R7000,13a3da76-1b2e-5f4c-8cdd-2ab86ca8be7f,WiFi LED Is Off,Troubleshooting > Troubleshoot With the LEDs > WiFi LED Is Off,Troubleshooting > Troubleshoot With the LEDs,3,174,174,P5,1,1,1,1,216,216,54,54,0,fd663dc5-9f58-5491-869d-92ac729b08ca,fd663dc5-9f58-5491-869d-92ac729b08ca,8a56b2bf-5d68-4806-abb7-de39894bb404:fd663dc5-9f58-5491-869d-92ac729b08ca,True,leaf outline with direct text candidate
8a56b2bf-5d68-4806-abb7-de39894bb404:OUTLINE:90fb3d0fb286e650,8a56b2bf-5d68-4806-abb7-de39894bb404:OUTLINE:90fb3d0fb286e650,8a56b2bf-5d68-4806-abb7-de39894bb404,netgear-r7000.pdf,R7000,e76876b4-de37-574c-95f9-36aa029e3cf7,You Cannot Log In to the Router,Troubleshooting > You Cannot Log In to the Router,Troubleshooting,2,174,175,P5,1,1,1,1,1703,1703,426,426,0,bfc17abb-eabf-550d-9891-8823239edd5b,bfc17abb-eabf-550d-9891-8823239edd5b,8a56b2bf-5d68-4806-abb7-de39894bb404:bfc17abb-eabf-550d-9891-8823239edd5b,True,leaf outline with direct text candidate
8a56b2bf-5d68-4806-abb7-de39894bb404:OUTLINE:2dc6c69bd871e879,8a56b2bf-5d68-4806-abb7-de39894bb404:OUTLINE:2dc6c69bd871e879,8a56b2bf-5d68-4806-abb7-de39894bb404,netgear-r7000.pdf,R7000,4eb9de9f-0b7d-56d9-ac97-c7bb23ad076f,You Cannot Access the Internet,Troubleshooting > You Cannot Access the Internet,Troubleshooting,2,175,176,P5,1,1,1,1,3292,3292,823,823,0,cc64f649-2eb6-5146-b773-78a986679fff,cc64f649-2eb6-5146-b773-78a986679fff,8a56b2bf-5d68-4806-abb7-de39894bb404:cc64f649-2eb6-5146-b773-78a986679fff,True,leaf outline with direct text candidate
8a56b2bf-5d68-4806-abb7-de39894bb404:OUTLINE:6a2658f17d5afe2e,8a56b2bf-5d68-4806-abb7-de39894bb404:OUTLINE:6a2658f17d5afe2e,8a56b2bf-5d68-4806-abb7-de39894bb404,netgear-r7000.pdf,R7000,f32a228b-a0d5-5c45-b8af-26a697e9507d,Troubleshoot Internet Browsing,Troubleshooting > Troubleshoot Internet Browsing,Troubleshooting,2,176,177,P5,1,1,1,1,1513,1513,379,379,0,fcc1bfb7-bf15-5031-b6f5-77b4b1a780a0,fcc1bfb7-bf15-5031-b6f5-77b4b1a780a0,8a56b2bf-5d68-4806-abb7-de39894bb404:fcc1bfb7-bf15-5031-b6f5-77b4b1a780a0,True,leaf outline with direct text candidate
8a56b2bf-5d68-4806-abb7-de39894bb404:OUTLINE:e3fbaa1e04197b1c,8a56b2bf-5d68-4806-abb7-de39894bb404:OUTLINE:e3fbaa1e04197b1c,8a56b2bf-5d68-4806-abb7-de39894bb404,netgear-r7000.pdf,R7000,37bfb5b5-c826-5a7f-b580-eb1c8f7520bb,Changes Are Not Saved,Troubleshooting > Changes Are Not Saved,Troubleshooting,2,177,177,P5,1,1,1,1,403,403,101,101,0,f734ce15-6ddb-5765-9867-96cc53a05040,f734ce15-6ddb-5765-9867-96cc53a05040,8a56b2bf-5d68-4806-abb7-de39894bb404:f734ce15-6ddb-5765-9867-96cc53a05040,True,leaf outline with direct text candidate
8a56b2bf-5d68-4806-abb7-de39894bb404:OUTLINE:2be192fda8a4722e,8a56b2bf-5d68-4806-abb7-de39894bb404:OUTLINE:2be192fda8a4722e,8a56b2bf-5d68-4806-abb7-de39894bb404,netgear-r7000.pdf,R7000,eabe3bdb-238a-5c70-b0f2-0cfafdfe24b2,Troubleshoot WiFi Connectivity,Troubleshooting > Troubleshoot WiFi Connectivity,Troubleshooting,2,177,178,P5,1,1,1,1,1225,1225,307,307,0,65aa662f-9473-5c74-b996-74e7f545f09c,65aa662f-9473-5c74-b996-74e7f545f09c,8a56b2bf-5d68-4806-abb7-de39894bb404:65aa662f-9473-5c74-b996-74e7f545f09c,True,leaf outline with direct text candidate
8a56b2bf-5d68-4806-abb7-de39894bb404:OUTLINE:ead34398ba14210a,8a56b2bf-5d68-4806-abb7-de39894bb404:OUTLINE:ead34398ba14210a,8a56b2bf-5d68-4806-abb7-de39894bb404,netgear-r7000.pdf,R7000,3ccc823e-b9b3-55a5-a71c-7b8361ab249a,Test the LAN Path to Your Router,Troubleshooting > Troubleshoot Your Network Using the Ping Utility > Test the LAN Path to Your Router,Troubleshooting > Troubleshoot Your Network Using the Ping Utility,3,178,179,P5,1,1,1,1,1401,1401,351,351,0,4211a1a2-59d1-5309-b819-4df2e2e2dcaf,4211a1a2-59d1-5309-b819-4df2e2e2dcaf,8a56b2bf-5d68-4806-abb7-de39894bb404:4211a1a2-59d1-5309-b819-4df2e2e2dcaf,True,leaf outline with direct text candidate
8a56b2bf-5d68-4806-abb7-de39894bb404:OUTLINE:6d1843f7bb5a6235,8a56b2bf-5d68-4806-abb7-de39894bb404:OUTLINE:6d1843f7bb5a6235,8a56b2bf-5d68-4806-abb7-de39894bb404,netgear-r7000.pdf,R7000,13cb6ca9-e8a4-5b54-8722-595760ab13c1,Test the Path From a Windows-Based Computer to a Remote Device,Troubleshooting > Troubleshoot Your Network Using the Ping Utility > Test the Path From a Windows-Based Computer to a Remote Device,Troubleshooting > Troubleshoot Your Network Using the Ping Utility,3,179,180,P5,1,1,1,1,1579,1579,395,395,0,57e4bd0c-1f9c-5965-be15-b5de64a53388,57e4bd0c-1f9c-5965-be15-b5de64a53388,8a56b2bf-5d68-4806-abb7-de39894bb404:57e4bd0c-1f9c-5965-be15-b5de64a53388,True,leaf outline with direct text candidate
8a56b2bf-5d68-4806-abb7-de39894bb404:OUTLINE:8f47581d1b5990c8,8a56b2bf-5d68-4806-abb7-de39894bb404:OUTLINE:8f47581d1b5990c8,8a56b2bf-5d68-4806-abb7-de39894bb404,netgear-r7000.pdf,R7000,0a078b9d-9759-5d74-8180-89c857f97b70,Factory Settings,Supplemental Information > Factory Settings,Supplemental Information,2,182,184,P5,1,1,1,1,2853,2853,714,714,1,06e893da-81f4-5f5a-993a-722f5fd85743,06e893da-81f4-5f5a-993a-722f5fd85743,8a56b2bf-5d68-4806-abb7-de39894bb404:06e893da-81f4-5f5a-993a-722f5fd85743,True,leaf outline with direct text candidate
8a56b2bf-5d68-4806-abb7-de39894bb404:OUTLINE:b934612f8b7cd99e,8a56b2bf-5d68-4806-abb7-de39894bb404:OUTLINE:b934612f8b7cd99e,8a56b2bf-5d68-4806-abb7-de39894bb404,netgear-r7000.pdf,R7000,1b573435-dd6f-5e78-961e-511a3a58808e,Technical Specifications,Supplemental Information > Technical Specifications,Supplemental Information,2,185,186,P5,1,1,1,1,1827,1827,457,457,1,e265b8c7-435a-52ce-9fea-bfb6ab71b3fd,e265b8c7-435a-52ce-9fea-bfb6ab71b3fd,8a56b2bf-5d68-4806-abb7-de39894bb404:e265b8c7-435a-52ce-9fea-bfb6ab71b3fd,True,leaf outline with direct text candidate
d69381d0-06ed-49bf-9fe1-6050d9374432:OUTLINE:89ac3ac6d4a7bbea,d69381d0-06ed-49bf-9fe1-6050d9374432:OUTLINE:89ac3ac6d4a7bbea,d69381d0-06ed-49bf-9fe1-6050d9374432,netgear-rax120.pdf,RAX120,68766dea-6c83-50c8-a4da-d49f6fa20e0e,Unpack your router,Hardware Setup > Unpack your router,Hardware Setup,2,10,10,P1,1,1,1,1,102,102,26,26,1,89d399fa-1c1b-5d37-b35a-194ce673ec69,89d399fa-1c1b-5d37-b35a-194ce673ec69,d69381d0-06ed-49bf-9fe1-6050d9374432:89d399fa-1c1b-5d37-b35a-194ce673ec69,True,leaf outline with direct text candidate
d69381d0-06ed-49bf-9fe1-6050d9374432:OUTLINE:c2b8a7a81af8d017,d69381d0-06ed-49bf-9fe1-6050d9374432:OUTLINE:c2b8a7a81af8d017,d69381d0-06ed-49bf-9fe1-6050d9374432,netgear-rax120.pdf,RAX120,0ec1334d-9385-5c28-9b46-3df91ecd332f,Top panel LEDs and buttons,Hardware Setup > Top panel LEDs and buttons,Hardware Setup,2,11,13,P1,1,1,1,1,3375,3375,844,844,1,9953feb4-3a38-56c8-abc5-d25151cbd21e,9953feb4-3a38-56c8-abc5-d25151cbd21e,d69381d0-06ed-49bf-9fe1-6050d9374432:9953feb4-3a38-56c8-abc5-d25151cbd21e,True,leaf outline with direct text candidate
d69381d0-06ed-49bf-9fe1-6050d9374432:OUTLINE:7614a09c7c5f91bc,d69381d0-06ed-49bf-9fe1-6050d9374432:OUTLINE:7614a09c7c5f91bc,d69381d0-06ed-49bf-9fe1-6050d9374432,netgear-rax120.pdf,RAX120,3bfbbcf7-f732-54e4-b755-110086fcee4e,Rear panel,Hardware Setup > Rear panel,Hardware Setup,2,13,14,P1,1,1,1,1,2745,2745,687,687,1,02eb50d9-d537-5487-ba9f-af1cd17e379a,02eb50d9-d537-5487-ba9f-af1cd17e379a,d69381d0-06ed-49bf-9fe1-6050d9374432:02eb50d9-d537-5487-ba9f-af1cd17e379a,True,leaf outline with direct text candidate
d69381d0-06ed-49bf-9fe1-6050d9374432:OUTLINE:1e4fd49fcb375b80,d69381d0-06ed-49bf-9fe1-6050d9374432:OUTLINE:1e4fd49fcb375b80,d69381d0-06ed-49bf-9fe1-6050d9374432,netgear-rax120.pdf,RAX120,e57fdf3f-0695-5687-802c-7a2b843acc5e,Extend the antennas,Hardware Setup > Extend the antennas,Hardware Setup,2,15,15,P1,1,1,1,1,117,117,30,30,1,aa3b1203-d4b7-598a-a240-e7a404e17934,aa3b1203-d4b7-598a-a240-e7a404e17934,d69381d0-06ed-49bf-9fe1-6050d9374432:aa3b1203-d4b7-598a-a240-e7a404e17934,True,leaf outline with direct text candidate
d69381d0-06ed-49bf-9fe1-6050d9374432:OUTLINE:bd2a9b275a579189,d69381d0-06ed-49bf-9fe1-6050d9374432:OUTLINE:bd2a9b275a579189,d69381d0-06ed-49bf-9fe1-6050d9374432,netgear-rax120.pdf,RAX120,1feabb63-a413-5099-bdf6-4e4d9c1c4e01,Router label,Hardware Setup > Router label,Hardware Setup,2,15,15,P1,1,1,1,1,156,156,39,39,1,95a37b51-8c1d-5f32-a3fe-f16d8e64ff89,95a37b51-8c1d-5f32-a3fe-f16d8e64ff89,d69381d0-06ed-49bf-9fe1-6050d9374432:95a37b51-8c1d-5f32-a3fe-f16d8e64ff89,True,leaf outline with direct text candidate
d69381d0-06ed-49bf-9fe1-6050d9374432:OUTLINE:79aeb7edd70d3319,d69381d0-06ed-49bf-9fe1-6050d9374432:OUTLINE:79aeb7edd70d3319,d69381d0-06ed-49bf-9fe1-6050d9374432,netgear-rax120.pdf,RAX120,161c1958-c1ef-5a83-9ab1-d2789d653f2f,Position your router,Hardware Setup > Position your router,Hardware Setup,2,15,16,P1,1,1,1,1,1431,1431,358,358,0,a598cdde-568d-5aea-8f59-8c49a63df425,a598cdde-568d-5aea-8f59-8c49a63df425,d69381d0-06ed-49bf-9fe1-6050d9374432:a598cdde-568d-5aea-8f59-8c49a63df425,True,leaf outline with direct text candidate
d69381d0-06ed-49bf-9fe1-6050d9374432:OUTLINE:4781bd4ea612c3fb,d69381d0-06ed-49bf-9fe1-6050d9374432:OUTLINE:4781bd4ea612c3fb,d69381d0-06ed-49bf-9fe1-6050d9374432,netgear-rax120.pdf,RAX120,f9821308-c68c-5646-b308-36113028ade9,Cable your router,Hardware Setup > Cable your router,Hardware Setup,2,17,17,P1,1,1,1,1,666,666,167,167,1,c78de953-6132-5e83-a4fc-d17090c85112,c78de953-6132-5e83-a4fc-d17090c85112,d69381d0-06ed-49bf-9fe1-6050d9374432:c78de953-6132-5e83-a4fc-d17090c85112,True,leaf outline with direct text candidate
d69381d0-06ed-49bf-9fe1-6050d9374432:OUTLINE:7eab92d4662cc433,d69381d0-06ed-49bf-9fe1-6050d9374432:OUTLINE:7eab92d4662cc433,d69381d0-06ed-49bf-9fe1-6050d9374432,netgear-rax120.pdf,RAX120,44e64b76-3ce7-58a7-98d7-d436551dea1c,Turn the LEDs on or off using the LED On/Off switch,Hardware Setup > Turn the LEDs on or off using the LED On/Off switch,Hardware Setup,2,18,18,P1,1,1,1,1,471,471,118,118,0,49a28dda-7f14-5b01-93f6-626a1b1d0cf4,49a28dda-7f14-5b01-93f6-626a1b1d0cf4,d69381d0-06ed-49bf-9fe1-6050d9374432:49a28dda-7f14-5b01-93f6-626a1b1d0cf4,True,leaf outline with direct text candidate
d69381d0-06ed-49bf-9fe1-6050d9374432:OUTLINE:85b1720bb8051971,d69381d0-06ed-49bf-9fe1-6050d9374432:OUTLINE:85b1720bb8051971,d69381d0-06ed-49bf-9fe1-6050d9374432,netgear-rax120.pdf,RAX120,626276b7-7339-5e7b-9963-0751192bde2d,Connect to the router using a wired connection,Connect to the network and access the router > Connect to the router network > Connect to the router using a wired connection,Connect to the network and access the router > Connect to the router network,3,20,20,P1,1,1,1,1,459,459,115,115,0,46818bd5-23ae-5531-be06-497cb2cd499e,46818bd5-23ae-5531-be06-497cb2cd499e,d69381d0-06ed-49bf-9fe1-6050d9374432:46818bd5-23ae-5531-be06-497cb2cd499e,True,leaf outline with direct text candidate
d69381d0-06ed-49bf-9fe1-6050d9374432:OUTLINE:921813814db5b082,d69381d0-06ed-49bf-9fe1-6050d9374432:OUTLINE:921813814db5b082,d69381d0-06ed-49bf-9fe1-6050d9374432,netgear-rax120.pdf,RAX120,047de7d1-d27e-5d1d-a97b-14b6e1477d63,Connect to the router WiFi network,Connect to the network and access the router > Connect to the router network > Connect to the router WiFi network,Connect to the network and access the router > Connect to the router network,3,20,20,P1,1,1,1,1,565,565,142,142,0,b60e3895-245a-5425-8b93-c239ec1de9e2,b60e3895-245a-5425-8b93-c239ec1de9e2,d69381d0-06ed-49bf-9fe1-6050d9374432:b60e3895-245a-5425-8b93-c239ec1de9e2,True,leaf outline with direct text candidate
d69381d0-06ed-49bf-9fe1-6050d9374432:OUTLINE:ac897c4b5b05edbe,d69381d0-06ed-49bf-9fe1-6050d9374432:OUTLINE:ac897c4b5b05edbe,d69381d0-06ed-49bf-9fe1-6050d9374432,netgear-rax120.pdf,RAX120,84e27fce-16a4-5e3a-aa15-5530d17dbcfb,Connect to the WiFi network using WPS,Connect to the network and access the router > Connect to the router network > Connect to the WiFi network using WPS,Connect to the network and access the router > Connect to the router network,3,20,21,P1,1,1,1,1,588,588,147,147,0,20391ce6-2367-5709-8d12-8c24f2b78704,20391ce6-2367-5709-8d12-8c24f2b78704,d69381d0-06ed-49bf-9fe1-6050d9374432:20391ce6-2367-5709-8d12-8c24f2b78704,True,leaf outline with direct text candidate
d69381d0-06ed-49bf-9fe1-6050d9374432:OUTLINE:4bdaaa28252d41a2,d69381d0-06ed-49bf-9fe1-6050d9374432:OUTLINE:4bdaaa28252d41a2,d69381d0-06ed-49bf-9fe1-6050d9374432,netgear-rax120.pdf,RAX120,5b7ca033-a763-5c91-94c0-3d8ca435da12,Types of logins,Connect to the network and access the router > Types of logins,Connect to the network and access the router,2,21,21,P1,1,1,1,1,909,909,228,228,0,6af6a140-458c-5188-b116-2f8430c69437,6af6a140-458c-5188-b116-2f8430c69437,d69381d0-06ed-49bf-9fe1-6050d9374432:6af6a140-458c-5188-b116-2f8430c69437,True,leaf outline with direct text candidate
d69381d0-06ed-49bf-9fe1-6050d9374432:OUTLINE:b481de0052440a54,d69381d0-06ed-49bf-9fe1-6050d9374432:OUTLINE:b481de0052440a54,d69381d0-06ed-49bf-9fe1-6050d9374432,netgear-rax120.pdf,RAX120,267d6dda-42fa-5ec0-ab54-77c06e18eb1c,Automatic Internet setup,Connect to the network and access the router > Use a web browser to access the router > Automatic Internet setup,Connect to the network and access the router > Use a web browser to access the router,3,21,23,P1,1,1,1,1,2974,2974,744,744,0,261ec35c-16b7-56d5-99a9-503c4c3ba0be,261ec35c-16b7-56d5-99a9-503c4c3ba0be,d69381d0-06ed-49bf-9fe1-6050d9374432:261ec35c-16b7-56d5-99a9-503c4c3ba0be,True,leaf outline with direct text candidate
d69381d0-06ed-49bf-9fe1-6050d9374432:OUTLINE:e0c098ef989ddc9d,d69381d0-06ed-49bf-9fe1-6050d9374432:OUTLINE:e0c098ef989ddc9d,d69381d0-06ed-49bf-9fe1-6050d9374432,netgear-rax120.pdf,RAX120,ce3978f2-1dfe-53b9-9ea9-20fd0a7e016f,Log in to the router,Connect to the network and access the router > Use a web browser to access the router > Log in to the router,Connect to the network and access the router > Use a web browser to access the router,3,23,23,P1,1,1,1,1,822,822,206,206,0,b9937b70-a336-5587-80b2-44b7567807fd,b9937b70-a336-5587-80b2-44b7567807fd,d69381d0-06ed-49bf-9fe1-6050d9374432:b9937b70-a336-5587-80b2-44b7567807fd,True,leaf outline with direct text candidate
d69381d0-06ed-49bf-9fe1-6050d9374432:OUTLINE:1196c86d67cf71a0,d69381d0-06ed-49bf-9fe1-6050d9374432:OUTLINE:1196c86d67cf71a0,d69381d0-06ed-49bf-9fe1-6050d9374432,netgear-rax120.pdf,RAX120,779789ae-ce61-5561-ab6c-22d8349af56e,Install and manage your router with the Nighthawk app,Connect to the network and access the router > Install and manage your router with the Nighthawk app,Connect to the network and access the router,2,23,24,P1,1,1,1,1,1187,1187,297,297,0,7d31218a-8510-586c-9d5e-5bf879b2139f,7d31218a-8510-586c-9d5e-5bf879b2139f,d69381d0-06ed-49bf-9fe1-6050d9374432:7d31218a-8510-586c-9d5e-5bf879b2139f,True,leaf outline with direct text candidate
d69381d0-06ed-49bf-9fe1-6050d9374432:OUTLINE:4df560f4bde9cc0f,d69381d0-06ed-49bf-9fe1-6050d9374432:OUTLINE:4df560f4bde9cc0f,d69381d0-06ed-49bf-9fe1-6050d9374432,netgear-rax120.pdf,RAX120,b4ffb2f3-72cf-5486-b578-2d02acff4553,Change the language,Connect to the network and access the router > Change the language,Connect to the network and access the router,2,24,24,P1,1,1,1,1,705,705,177,177,0,dfee3773-69cd-5ee3-b119-604a4e77696d,dfee3773-69cd-5ee3-b119-604a4e77696d,d69381d0-06ed-49bf-9fe1-6050d9374432:dfee3773-69cd-5ee3-b119-604a4e77696d,True,leaf outline with direct text candidate
d69381d0-06ed-49bf-9fe1-6050d9374432:OUTLINE:615f1a78bd39eb84,d69381d0-06ed-49bf-9fe1-6050d9374432:OUTLINE:615f1a78bd39eb84,d69381d0-06ed-49bf-9fe1-6050d9374432,netgear-rax120.pdf,RAX120,2f40f7c0-7bcd-544b-ac92-23d769b33d64,Use the Internet Setup Wizard,Specify Your Internet Settings > Use the Internet Setup Wizard,Specify Your Internet Settings,2,26,26,P1,1,1,1,1,1031,1031,258,258,0,aa4233c9-79c8-5cb6-b60b-761ae7361cc0,aa4233c9-79c8-5cb6-b60b-761ae7361cc0,d69381d0-06ed-49bf-9fe1-6050d9374432:aa4233c9-79c8-5cb6-b60b-761ae7361cc0,True,leaf outline with direct text candidate
d69381d0-06ed-49bf-9fe1-6050d9374432:OUTLINE:8c80cd632556e4e9,d69381d0-06ed-49bf-9fe1-6050d9374432:OUTLINE:8c80cd632556e4e9,d69381d0-06ed-49bf-9fe1-6050d9374432,netgear-rax120.pdf,RAX120,299a1d41-d296-5f93-b676-e13458e2fe18,Specify an Internet connection without a login,Specify Your Internet Settings > Manually set up the Internet connection > Specify an Internet connection without a login,Specify Your Internet Settings > Manually set up the Internet connection,3,26,28,P1,1,1,1,1,2910,2910,728,728,0,c79bcfdb-ffb3-5ca4-9b4a-fa11d1e74d42,c79bcfdb-ffb3-5ca4-9b4a-fa11d1e74d42,d69381d0-06ed-49bf-9fe1-6050d9374432:c79bcfdb-ffb3-5ca4-9b4a-fa11d1e74d42,True,leaf outline with direct text candidate
d69381d0-06ed-49bf-9fe1-6050d9374432:OUTLINE:78f2799eec8f9929,d69381d0-06ed-49bf-9fe1-6050d9374432:OUTLINE:78f2799eec8f9929,d69381d0-06ed-49bf-9fe1-6050d9374432,netgear-rax120.pdf,RAX120,c08693dd-c59c-5d09-8ace-fd85e4b80893,Specify an Internet connection that uses a login,Specify Your Internet Settings > Manually set up the Internet connection > Specify an Internet connection that uses a login,Specify Your Internet Settings > Manually set up the Internet connection,3,28,30,P1,1,1,1,1,3404,3404,851,851,0,e4c98729-58cc-573e-b9c9-c3f2a304d45a,e4c98729-58cc-573e-b9c9-c3f2a304d45a,d69381d0-06ed-49bf-9fe1-6050d9374432:e4c98729-58cc-573e-b9c9-c3f2a304d45a,True,leaf outline with direct text candidate
d69381d0-06ed-49bf-9fe1-6050d9374432:OUTLINE:e70b65f731f5e0ac,d69381d0-06ed-49bf-9fe1-6050d9374432:OUTLINE:e70b65f731f5e0ac,d69381d0-06ed-49bf-9fe1-6050d9374432,netgear-rax120.pdf,RAX120,8743384a-851d-5136-a8bc-8a782b9c745a,Get Multi-Gig Internet with the Multi-Gig port,Specify Your Internet Settings > Manage a Multi-Gig Internet connection > Get Multi-Gig Internet with the Multi-Gig port,Specify Your Internet Settings > Manage a Multi-Gig Internet connection,3,30,31,P1,1,1,1,1,1218,1218,305,305,0,15155ebf-b1ce-5f8e-b696-5089838101c8,15155ebf-b1ce-5f8e-b696-5089838101c8,d69381d0-06ed-49bf-9fe1-6050d9374432:15155ebf-b1ce-5f8e-b696-5089838101c8,True,leaf outline with direct text candidate
d69381d0-06ed-49bf-9fe1-6050d9374432:OUTLINE:80356a05e44b4c79,d69381d0-06ed-49bf-9fe1-6050d9374432:OUTLINE:80356a05e44b4c79,d69381d0-06ed-49bf-9fe1-6050d9374432,netgear-rax120.pdf,RAX120,eb0bfe55-d9d7-5cd6-9e49-610273b0773c,Get Multi-Gig Internet with port aggregation,Specify Your Internet Settings > Manage a Multi-Gig Internet connection > Get Multi-Gig Internet with port aggregation,Specify Your Internet Settings > Manage a Multi-Gig Internet connection,3,31,32,P1,1,1,1,1,1658,1658,415,415,0,de60ffd8-0b92-5457-bb23-1d61a5a0d889,de60ffd8-0b92-5457-bb23-1d61a5a0d889,d69381d0-06ed-49bf-9fe1-6050d9374432:de60ffd8-0b92-5457-bb23-1d61a5a0d889,True,leaf outline with direct text candidate
d69381d0-06ed-49bf-9fe1-6050d9374432:OUTLINE:a601ee74ef01a3a2,d69381d0-06ed-49bf-9fe1-6050d9374432:OUTLINE:a601ee74ef01a3a2,d69381d0-06ed-49bf-9fe1-6050d9374432,netgear-rax120.pdf,RAX120,3f569c35-d23d-5a12-a8ef-3d88b9acd74a,Requirements for entering IPv6 addresses,Specify Your Internet Settings > Specify IPv6 Internet connections > Requirements for entering IPv6 addresses,Specify Your Internet Settings > Specify IPv6 Internet connections,3,33,33,P1,1,1,1,1,376,376,94,94,0,91f0bcc3-caab-5a3a-8895-c02fc23ee069,91f0bcc3-caab-5a3a-8895-c02fc23ee069,d69381d0-06ed-49bf-9fe1-6050d9374432:91f0bcc3-caab-5a3a-8895-c02fc23ee069,True,leaf outline with direct text candidate
d69381d0-06ed-49bf-9fe1-6050d9374432:OUTLINE:34aaa5671245ffe8,d69381d0-06ed-49bf-9fe1-6050d9374432:OUTLINE:34aaa5671245ffe8,d69381d0-06ed-49bf-9fe1-6050d9374432,netgear-rax120.pdf,RAX120,4c0af756-e94b-5c8c-96c3-87715da2c8ea,Use auto detect for an IPv6 Internet connection,Specify Your Internet Settings > Specify IPv6 Internet connections > Use auto detect for an IPv6 Internet connection,Specify Your Internet Settings > Specify IPv6 Internet connections,3,33,34,P1,1,1,1,1,2268,2268,567,567,0,269f6592-29ff-59aa-bc70-068bab8f5d37,269f6592-29ff-59aa-bc70-068bab8f5d37,d69381d0-06ed-49bf-9fe1-6050d9374432:269f6592-29ff-59aa-bc70-068bab8f5d37,True,leaf outline with direct text candidate
d69381d0-06ed-49bf-9fe1-6050d9374432:OUTLINE:d330686b16c734af,d69381d0-06ed-49bf-9fe1-6050d9374432:OUTLINE:d330686b16c734af,d69381d0-06ed-49bf-9fe1-6050d9374432,netgear-rax120.pdf,RAX120,1c5ea3ec-8c18-5947-a89d-8ff7d52e2b91,Set up an IPv6 6to4 tunnel Internet connection,Specify Your Internet Settings > Specify IPv6 Internet connections > Set up an IPv6 6to4 tunnel Internet connection,Specify Your Internet Settings > Specify IPv6 Internet connections,3,34,36,P1,1,1,1,1,2760,2760,690,690,0,cf568022-8152-52b0-aef0-cb6d9ac1cda6,cf568022-8152-52b0-aef0-cb6d9ac1cda6,d69381d0-06ed-49bf-9fe1-6050d9374432:cf568022-8152-52b0-aef0-cb6d9ac1cda6,True,leaf outline with direct text candidate
d69381d0-06ed-49bf-9fe1-6050d9374432:OUTLINE:7dcc6744e0e7954c,d69381d0-06ed-49bf-9fe1-6050d9374432:OUTLINE:7dcc6744e0e7954c,d69381d0-06ed-49bf-9fe1-6050d9374432,netgear-rax120.pdf,RAX120,31994e09-1fdf-5619-b2d4-863d00862603,Set up an IPv6 pass-through Internet connection,Specify Your Internet Settings > Specify IPv6 Internet connections > Set up an IPv6 pass-through Internet connection,Specify Your Internet Settings > Specify IPv6 Internet connections,3,36,36,P2,1,1,1,1,883,883,221,221,0,f02b327f-e424-5fbd-884a-afa982cfba97,f02b327f-e424-5fbd-884a-afa982cfba97,d69381d0-06ed-49bf-9fe1-6050d9374432:f02b327f-e424-5fbd-884a-afa982cfba97,True,leaf outline with direct text candidate
d69381d0-06ed-49bf-9fe1-6050d9374432:OUTLINE:a83acb2e18c8d600,d69381d0-06ed-49bf-9fe1-6050d9374432:OUTLINE:a83acb2e18c8d600,d69381d0-06ed-49bf-9fe1-6050d9374432,netgear-rax120.pdf,RAX120,a4a04c07-f23b-5726-b4dd-5569fb455813,Set up an IPv6 fixed Internet connection,Specify Your Internet Settings > Specify IPv6 Internet connections > Set up an IPv6 fixed Internet connection,Specify Your Internet Settings > Specify IPv6 Internet connections,3,37,38,P2,1,1,1,1,2133,2133,534,534,0,4a9ce789-e3b1-555b-a082-3e0ead079683,4a9ce789-e3b1-555b-a082-3e0ead079683,d69381d0-06ed-49bf-9fe1-6050d9374432:4a9ce789-e3b1-555b-a082-3e0ead079683,True,leaf outline with direct text candidate
d69381d0-06ed-49bf-9fe1-6050d9374432:OUTLINE:90fc01de3ddd93f5,d69381d0-06ed-49bf-9fe1-6050d9374432:OUTLINE:90fc01de3ddd93f5,d69381d0-06ed-49bf-9fe1-6050d9374432,netgear-rax120.pdf,RAX120,4673de8c-9562-5dd3-b25f-1fc4a6de8f2a,Set up an IPv6 DHCP Internet connection,Specify Your Internet Settings > Specify IPv6 Internet connections > Set up an IPv6 DHCP Internet connection,Specify Your Internet Settings > Specify IPv6 Internet connections,3,38,39,P2,1,1,1,1,3212,3212,803,803,0,dc422621-24b7-54e5-a4f4-04d08a64a03c,dc422621-24b7-54e5-a4f4-04d08a64a03c,d69381d0-06ed-49bf-9fe1-6050d9374432:dc422621-24b7-54e5-a4f4-04d08a64a03c,True,leaf outline with direct text candidate
d69381d0-06ed-49bf-9fe1-6050d9374432:OUTLINE:a15cf3131d7cad31,d69381d0-06ed-49bf-9fe1-6050d9374432:OUTLINE:a15cf3131d7cad31,d69381d0-06ed-49bf-9fe1-6050d9374432,netgear-rax120.pdf,RAX120,5478469a-1000-5661-8224-b3bfb2e47991,Set up an IPv6 PPPoE Internet connection,Specify Your Internet Settings > Specify IPv6 Internet connections > Set up an IPv6 PPPoE Internet connection,Specify Your Internet Settings > Specify IPv6 Internet connections,3,40,41,P2,1,1,1,1,3535,3535,884,884,0,6e92a69d-373f-5098-bee7-50bde9df8f04,6e92a69d-373f-5098-bee7-50bde9df8f04,d69381d0-06ed-49bf-9fe1-6050d9374432:6e92a69d-373f-5098-bee7-50bde9df8f04,True,leaf outline with direct text candidate
d69381d0-06ed-49bf-9fe1-6050d9374432:OUTLINE:5c59851a56345ebf,d69381d0-06ed-49bf-9fe1-6050d9374432:OUTLINE:5c59851a56345ebf,d69381d0-06ed-49bf-9fe1-6050d9374432,netgear-rax120.pdf,RAX120,3903f966-5bfe-50b5-be5e-bd4f3c74a86a,Use auto config for an IPv6 Internet connection,Specify Your Internet Settings > Specify IPv6 Internet connections > Use auto config for an IPv6 Internet connection,Specify Your Internet Settings > Specify IPv6 Internet connections,3,41,43,P2,1,1,1,1,3237,3237,810,810,0,bfb01473-83e4-52e3-ab1d-0f74fe7aa76f,bfb01473-83e4-52e3-ab1d-0f74fe7aa76f,d69381d0-06ed-49bf-9fe1-6050d9374432:bfb01473-83e4-52e3-ab1d-0f74fe7aa76f,True,leaf outline with direct text candidate
d69381d0-06ed-49bf-9fe1-6050d9374432:OUTLINE:18888eec39f3c158,d69381d0-06ed-49bf-9fe1-6050d9374432:OUTLINE:18888eec39f3c158,d69381d0-06ed-49bf-9fe1-6050d9374432,netgear-rax120.pdf,RAX120,3df1d0f2-6fb2-56fa-b590-3e25344aacd0,Set up an IPv6 6rd Internet connection,Specify Your Internet Settings > Specify IPv6 Internet connections > Set up an IPv6 6rd Internet connection,Specify Your Internet Settings > Specify IPv6 Internet connections,3,43,45,P2,1,1,1,1,3715,3715,929,929,0,063dbf2c-3f69-5f4e-b782-908e3f98521f,063dbf2c-3f69-5f4e-b782-908e3f98521f,d69381d0-06ed-49bf-9fe1-6050d9374432:063dbf2c-3f69-5f4e-b782-908e3f98521f,True,leaf outline with direct text candidate
d69381d0-06ed-49bf-9fe1-6050d9374432:OUTLINE:88cdae4e848e09b9,d69381d0-06ed-49bf-9fe1-6050d9374432:OUTLINE:88cdae4e848e09b9,d69381d0-06ed-49bf-9fe1-6050d9374432,netgear-rax120.pdf,RAX120,e6a28079-1bef-5099-9d27-45703b4fee29,MTU concepts,Specify Your Internet Settings > Manage the MTU size > MTU concepts,Specify Your Internet Settings > Manage the MTU size,3,45,46,P2,1,1,1,1,1951,1951,488,488,1,f0a7a5c0-a73f-59d4-8a48-daea65e0c6d9,f0a7a5c0-a73f-59d4-8a48-daea65e0c6d9,d69381d0-06ed-49bf-9fe1-6050d9374432:f0a7a5c0-a73f-59d4-8a48-daea65e0c6d9,True,leaf outline with direct text candidate
d69381d0-06ed-49bf-9fe1-6050d9374432:OUTLINE:fac12b6c6fd62dc2,d69381d0-06ed-49bf-9fe1-6050d9374432:OUTLINE:fac12b6c6fd62dc2,d69381d0-06ed-49bf-9fe1-6050d9374432,netgear-rax120.pdf,RAX120,4f0e9550-2909-58b1-b498-b551887acecd,Change the MTU size,Specify Your Internet Settings > Manage the MTU size > Change the MTU size,Specify Your Internet Settings > Manage the MTU size,3,46,46,P2,1,1,1,1,612,612,153,153,0,222d0e94-e16c-57b7-8632-cf3065855e31,222d0e94-e16c-57b7-8632-cf3065855e31,d69381d0-06ed-49bf-9fe1-6050d9374432:222d0e94-e16c-57b7-8632-cf3065855e31,True,leaf outline with direct text candidate
d69381d0-06ed-49bf-9fe1-6050d9374432:OUTLINE:f8101b0cebfcabd9,d69381d0-06ed-49bf-9fe1-6050d9374432:OUTLINE:f8101b0cebfcabd9,d69381d0-06ed-49bf-9fe1-6050d9374432,netgear-rax120.pdf,RAX120,b00596b0-44d0-5f43-b046-70375e9f0d74,"Enable the network access control list, set the access rule, and allow or block connected devices","Control Access to the Internet > Network access control list > Enable the network access control list, set the access rule, and allow or block connected devices",Control Access to the Internet > Network access control list,3,48,50,P2,1,1,1,1,3652,3652,913,913,0,f8df672f-89f8-503d-8fe3-c2a909833a97,f8df672f-89f8-503d-8fe3-c2a909833a97,d69381d0-06ed-49bf-9fe1-6050d9374432:f8df672f-89f8-503d-8fe3-c2a909833a97,True,leaf outline with direct text candidate
d69381d0-06ed-49bf-9fe1-6050d9374432:OUTLINE:121e62ef30e6e2d8,d69381d0-06ed-49bf-9fe1-6050d9374432:OUTLINE:121e62ef30e6e2d8,d69381d0-06ed-49bf-9fe1-6050d9374432,netgear-rax120.pdf,RAX120,af85997e-a89b-508f-b6ae-d814ec4a789f,Manage allowed devices currently not on the network,Control Access to the Internet > Network access control list > Manage allowed devices currently not on the network,Control Access to the Internet > Network access control list,3,50,52,P2,1,1,1,1,2815,2815,704,704,0,9e1b8836-d9ff-5b1f-97fe-d96700d0cb4f,9e1b8836-d9ff-5b1f-97fe-d96700d0cb4f,d69381d0-06ed-49bf-9fe1-6050d9374432:9e1b8836-d9ff-5b1f-97fe-d96700d0cb4f,True,leaf outline with direct text candidate
d69381d0-06ed-49bf-9fe1-6050d9374432:OUTLINE:25a5d80ded2c0fe6,d69381d0-06ed-49bf-9fe1-6050d9374432:OUTLINE:25a5d80ded2c0fe6,d69381d0-06ed-49bf-9fe1-6050d9374432,netgear-rax120.pdf,RAX120,55c23c9b-fb8b-5ebb-8c0c-d489a9a78728,Manage blocked devices currently not on the network,Control Access to the Internet > Network access control list > Manage blocked devices currently not on the network,Control Access to the Internet > Network access control list,3,52,53,P2,1,1,1,1,2648,2648,662,662,0,330f9cde-2ef3-5107-845b-787b8a83d077,330f9cde-2ef3-5107-845b-787b8a83d077,d69381d0-06ed-49bf-9fe1-6050d9374432:330f9cde-2ef3-5107-845b-787b8a83d077,True,leaf outline with direct text candidate
d69381d0-06ed-49bf-9fe1-6050d9374432:OUTLINE:9f1dfc9e9b4fb245,d69381d0-06ed-49bf-9fe1-6050d9374432:OUTLINE:9f1dfc9e9b4fb245,d69381d0-06ed-49bf-9fe1-6050d9374432,netgear-rax120.pdf,RAX120,de61ec9c-35ee-5228-80d3-49379c50d790,Use keywords to block Internet sites,Control Access to the Internet > Use keywords to block Internet sites,Control Access to the Internet,2,54,55,P2,1,1,1,1,1692,1692,423,423,0,8a090382-deed-58a4-b0ae-96228d8dda92,8a090382-deed-58a4-b0ae-96228d8dda92,d69381d0-06ed-49bf-9fe1-6050d9374432:8a090382-deed-58a4-b0ae-96228d8dda92,True,leaf outline with direct text candidate
d69381d0-06ed-49bf-9fe1-6050d9374432:OUTLINE:b12cd4d72dd684c1,d69381d0-06ed-49bf-9fe1-6050d9374432:OUTLINE:b12cd4d72dd684c1,d69381d0-06ed-49bf-9fe1-6050d9374432,netgear-rax120.pdf,RAX120,3b386df1-e967-57cc-b2f2-4b6042ca668c,Block services from the Internet,Control Access to the Internet > Block services from the Internet,Control Access to the Internet,2,55,56,P2,1,1,1,1,2210,2210,553,553,0,cd5e47ea-9eb3-5855-bebf-d8a1440e7cfe,cd5e47ea-9eb3-5855-bebf-d8a1440e7cfe,d69381d0-06ed-49bf-9fe1-6050d9374432:cd5e47ea-9eb3-5855-bebf-d8a1440e7cfe,True,leaf outline with direct text candidate
d69381d0-06ed-49bf-9fe1-6050d9374432:OUTLINE:956aebf14d657943,d69381d0-06ed-49bf-9fe1-6050d9374432:OUTLINE:956aebf14d657943,d69381d0-06ed-49bf-9fe1-6050d9374432,netgear-rax120.pdf,RAX120,c38836e1-8207-51e8-b777-ec1b5ea00f47,Delete keywords from the blocked list,Control Access to the Internet > Delete keywords from the blocked list,Control Access to the Internet,2,56,57,P2,1,1,1,1,830,830,208,208,0,71242ec0-6c32-5875-a2e1-613c89d55362,71242ec0-6c32-5875-a2e1-613c89d55362,d69381d0-06ed-49bf-9fe1-6050d9374432:71242ec0-6c32-5875-a2e1-613c89d55362,True,leaf outline with direct text candidate
d69381d0-06ed-49bf-9fe1-6050d9374432:OUTLINE:8b21da5331cde3b1,d69381d0-06ed-49bf-9fe1-6050d9374432:OUTLINE:8b21da5331cde3b1,d69381d0-06ed-49bf-9fe1-6050d9374432,netgear-rax120.pdf,RAX120,e857758f-9fab-572a-90bd-cf09a2a61dc5,Prevent blocking on a trusted computer,Control Access to the Internet > Prevent blocking on a trusted computer,Control Access to the Internet,2,57,57,P2,1,1,1,1,980,980,245,245,0,b5a0a7c4-36cf-5be3-9862-fc0052d5a08b,b5a0a7c4-36cf-5be3-9862-fc0052d5a08b,d69381d0-06ed-49bf-9fe1-6050d9374432:b5a0a7c4-36cf-5be3-9862-fc0052d5a08b,True,leaf outline with direct text candidate
d69381d0-06ed-49bf-9fe1-6050d9374432:OUTLINE:7da297be96c6f77d,d69381d0-06ed-49bf-9fe1-6050d9374432:OUTLINE:7da297be96c6f77d,d69381d0-06ed-49bf-9fe1-6050d9374432,netgear-rax120.pdf,RAX120,e958425d-d4e3-5607-b881-2707bccdab4c,Schedule when to block Internet sites and services,Control Access to the Internet > Schedule when to block Internet sites and services,Control Access to the Internet,2,57,58,P2,1,1,1,1,1011,1011,253,253,0,442859fc-6fc0-5497-a9e9-11bdc21f085e,442859fc-6fc0-5497-a9e9-11bdc21f085e,d69381d0-06ed-49bf-9fe1-6050d9374432:442859fc-6fc0-5497-a9e9-11bdc21f085e,True,leaf outline with direct text candidate
d69381d0-06ed-49bf-9fe1-6050d9374432:OUTLINE:2c0ec2920cd14051,d69381d0-06ed-49bf-9fe1-6050d9374432:OUTLINE:2c0ec2920cd14051,d69381d0-06ed-49bf-9fe1-6050d9374432,netgear-rax120.pdf,RAX120,5d2024fb-35a2-589e-9308-4b76c589e64b,Set up security event email notifications,Control Access to the Internet > Set up security event email notifications,Control Access to the Internet,2,58,59,P2,1,1,1,1,2507,2507,627,627,0,51d3d6a5-8a0e-5494-80bb-a5e58e9a1b5e,51d3d6a5-8a0e-5494-80bb-a5e58e9a1b5e,d69381d0-06ed-49bf-9fe1-6050d9374432:51d3d6a5-8a0e-5494-80bb-a5e58e9a1b5e,True,leaf outline with direct text candidate
d69381d0-06ed-49bf-9fe1-6050d9374432:OUTLINE:84b32a9f0026b03d,d69381d0-06ed-49bf-9fe1-6050d9374432:OUTLINE:84b32a9f0026b03d,d69381d0-06ed-49bf-9fe1-6050d9374432,netgear-rax120.pdf,RAX120,b7e96d03-42d3-59fd-9a1b-34cee597d5cb,Enable upstream QoS,Optimize Performance > Optimize Internet streaming with QoS > Enable upstream QoS,Optimize Performance > Optimize Internet streaming with QoS,3,61,61,P2,1,1,1,1,1226,1226,307,307,0,97f77be1-a417-5e31-aa5e-72f89cb48e2c,97f77be1-a417-5e31-aa5e-72f89cb48e2c,d69381d0-06ed-49bf-9fe1-6050d9374432:97f77be1-a417-5e31-aa5e-72f89cb48e2c,True,leaf outline with direct text candidate
d69381d0-06ed-49bf-9fe1-6050d9374432:OUTLINE:4eaa49944a16fccf,d69381d0-06ed-49bf-9fe1-6050d9374432:OUTLINE:4eaa49944a16fccf,d69381d0-06ed-49bf-9fe1-6050d9374432,netgear-rax120.pdf,RAX120,63bbc666-b413-59e3-afd6-98ca978d01a7,Add a custom QoS rule,Optimize Performance > Optimize Internet streaming with QoS > Add a custom QoS rule,Optimize Performance > Optimize Internet streaming with QoS,3,62,62,P2,1,1,1,1,898,898,225,225,0,e7074629-3170-532b-892c-a2d78087b564,e7074629-3170-532b-892c-a2d78087b564,d69381d0-06ed-49bf-9fe1-6050d9374432:e7074629-3170-532b-892c-a2d78087b564,True,leaf outline with direct text candidate
d69381d0-06ed-49bf-9fe1-6050d9374432:OUTLINE:4b3d5d83a76aa9f6,d69381d0-06ed-49bf-9fe1-6050d9374432:OUTLINE:4b3d5d83a76aa9f6,d69381d0-06ed-49bf-9fe1-6050d9374432,netgear-rax120.pdf,RAX120,f09606ff-d491-58ef-9880-238db017ba3d,Edit a QoS rule,Optimize Performance > Optimize Internet streaming with QoS > Edit a QoS rule,Optimize Performance > Optimize Internet streaming with QoS,3,62,63,P2,1,1,1,1,1010,1010,253,253,0,7f61a1a5-c5ed-5c8d-bb1e-1d3ebcbfa033,7f61a1a5-c5ed-5c8d-bb1e-1d3ebcbfa033,d69381d0-06ed-49bf-9fe1-6050d9374432:7f61a1a5-c5ed-5c8d-bb1e-1d3ebcbfa033,True,leaf outline with direct text candidate
d69381d0-06ed-49bf-9fe1-6050d9374432:OUTLINE:cd9a3816ab253a5e,d69381d0-06ed-49bf-9fe1-6050d9374432:OUTLINE:cd9a3816ab253a5e,d69381d0-06ed-49bf-9fe1-6050d9374432,netgear-rax120.pdf,RAX120,3282c2a6-d66d-5df6-a1af-09f75c489651,Delete a QoS rule,Optimize Performance > Optimize Internet streaming with QoS > Delete a QoS rule,Optimize Performance > Optimize Internet streaming with QoS,3,63,64,P2,1,1,1,1,757,757,190,190,0,92697006-c62d-586f-b7bd-198793c9ee0d,92697006-c62d-586f-b7bd-198793c9ee0d,d69381d0-06ed-49bf-9fe1-6050d9374432:92697006-c62d-586f-b7bd-198793c9ee0d,True,leaf outline with direct text candidate
d69381d0-06ed-49bf-9fe1-6050d9374432:OUTLINE:9ca4dc7d4b328d33,d69381d0-06ed-49bf-9fe1-6050d9374432:OUTLINE:9ca4dc7d4b328d33,d69381d0-06ed-49bf-9fe1-6050d9374432,netgear-rax120.pdf,RAX120,53e79640-91e9-5630-9a5a-9c6914760a88,Delete all QoS rules,Optimize Performance > Optimize Internet streaming with QoS > Delete all QoS rules,Optimize Performance > Optimize Internet streaming with QoS,3,64,64,P2,1,1,1,1,676,676,169,169,0,713f1e84-9851-5a0c-ae94-b7c693ff503c,713f1e84-9851-5a0c-ae94-b7c693ff503c,d69381d0-06ed-49bf-9fe1-6050d9374432:713f1e84-9851-5a0c-ae94-b7c693ff503c,True,leaf outline with direct text candidate
d69381d0-06ed-49bf-9fe1-6050d9374432:OUTLINE:4da8e40be17ac59a,d69381d0-06ed-49bf-9fe1-6050d9374432:OUTLINE:4da8e40be17ac59a,d69381d0-06ed-49bf-9fe1-6050d9374432,netgear-rax120.pdf,RAX120,5fe3af89-799f-51f7-958f-8bce06246650,Improve network connections with Universal Plug and Play,Optimize Performance > Improve network connections with Universal Plug and Play,Optimize Performance,2,64,66,P2,1,1,1,1,2457,2457,615,615,0,2aa94c22-46cd-5a57-bd4a-3a52a2670d6f,2aa94c22-46cd-5a57-bd4a-3a52a2670d6f,d69381d0-06ed-49bf-9fe1-6050d9374432:2aa94c22-46cd-5a57-bd4a-3a52a2670d6f,True,leaf outline with direct text candidate
d69381d0-06ed-49bf-9fe1-6050d9374432:OUTLINE:6aedfbcb9c05e0fc,d69381d0-06ed-49bf-9fe1-6050d9374432:OUTLINE:6aedfbcb9c05e0fc,d69381d0-06ed-49bf-9fe1-6050d9374432,netgear-rax120.pdf,RAX120,67fa6cb6-96c3-59cb-b0b6-977e68aa8b37,Manage Wi-Fi Multimedia Quality of Service,Optimize Performance > Manage Wi-Fi Multimedia Quality of Service,Optimize Performance,2,66,66,P2,1,1,1,1,1370,1370,343,343,0,7f5e69a3-1db8-5fa6-bb00-99e9c6759986,7f5e69a3-1db8-5fa6-bb00-99e9c6759986,d69381d0-06ed-49bf-9fe1-6050d9374432:7f5e69a3-1db8-5fa6-bb00-99e9c6759986,True,leaf outline with direct text candidate
d69381d0-06ed-49bf-9fe1-6050d9374432:OUTLINE:868aba1ce2d26cfa,d69381d0-06ed-49bf-9fe1-6050d9374432:OUTLINE:868aba1ce2d26cfa,d69381d0-06ed-49bf-9fe1-6050d9374432,netgear-rax120.pdf,RAX120,ce84276e-0e70-5a70-9c04-26c6f1e7dc2e,Enable or disable Smart Connect,Optimize Performance > Enable or disable Smart Connect,Optimize Performance,2,66,67,P2,1,1,1,1,1141,1141,286,286,0,ab34f3ba-7e7c-56b5-902f-7fbb165b0488,ab34f3ba-7e7c-56b5-902f-7fbb165b0488,d69381d0-06ed-49bf-9fe1-6050d9374432:ab34f3ba-7e7c-56b5-902f-7fbb165b0488,True,leaf outline with direct text candidate
d69381d0-06ed-49bf-9fe1-6050d9374432:OUTLINE:d10f321e5627aefb,d69381d0-06ed-49bf-9fe1-6050d9374432:OUTLINE:d10f321e5627aefb,d69381d0-06ed-49bf-9fe1-6050d9374432,netgear-rax120.pdf,RAX120,c29996db-b2c5-50cd-b20c-f38368143830,Enable or disable AX WiFi,Optimize Performance > Enable or disable AX WiFi,Optimize Performance,2,67,68,P2,1,1,1,1,1008,1008,252,252,0,69c05c19-a059-5b0b-b939-5b35746470fd,69c05c19-a059-5b0b-b939-5b35746470fd,d69381d0-06ed-49bf-9fe1-6050d9374432:69c05c19-a059-5b0b-b939-5b35746470fd,True,leaf outline with direct text candidate
d69381d0-06ed-49bf-9fe1-6050d9374432:OUTLINE:b393aec4e5f20ee4,d69381d0-06ed-49bf-9fe1-6050d9374432:OUTLINE:b393aec4e5f20ee4,d69381d0-06ed-49bf-9fe1-6050d9374432,netgear-rax120.pdf,RAX120,b4fccd31-9bbf-5482-a56e-49b6b16fe44a,View or change the WAN settings,Manage Network Settings > View or change the WAN settings,Manage Network Settings,2,70,71,P2,1,1,1,1,2491,2491,623,623,0,304579c0-2505-541b-9272-41a33abdc404,304579c0-2505-541b-9272-41a33abdc404,d69381d0-06ed-49bf-9fe1-6050d9374432:304579c0-2505-541b-9272-41a33abdc404,True,leaf outline with direct text candidate
d69381d0-06ed-49bf-9fe1-6050d9374432:OUTLINE:8bf4ca3b858fe008,d69381d0-06ed-49bf-9fe1-6050d9374432:OUTLINE:8bf4ca3b858fe008,d69381d0-06ed-49bf-9fe1-6050d9374432,netgear-rax120.pdf,RAX120,e0a5fc38-893c-51e8-a0a7-f8b6d2d483e1,Set up a default DMZ server,Manage Network Settings > Set up a default DMZ server,Manage Network Settings,2,71,72,P3,1,1,1,1,1752,1752,438,438,0,e4751896-a4ff-513a-b8f7-bc2d01f03f3e,e4751896-a4ff-513a-b8f7-bc2d01f03f3e,d69381d0-06ed-49bf-9fe1-6050d9374432:e4751896-a4ff-513a-b8f7-bc2d01f03f3e,True,leaf outline with direct text candidate
d69381d0-06ed-49bf-9fe1-6050d9374432:OUTLINE:97b7baa89df06019,d69381d0-06ed-49bf-9fe1-6050d9374432:OUTLINE:97b7baa89df06019,d69381d0-06ed-49bf-9fe1-6050d9374432,netgear-rax120.pdf,RAX120,86aeb4e0-8fd4-5805-bcd3-c3f638cd0cfe,Change the router’s device name,Manage Network Settings > Change the router’s device name,Manage Network Settings,2,72,72,P3,1,1,1,1,751,751,188,188,0,68fcd3bc-86dc-5257-9f12-7a71b0bc92b9,68fcd3bc-86dc-5257-9f12-7a71b0bc92b9,d69381d0-06ed-49bf-9fe1-6050d9374432:68fcd3bc-86dc-5257-9f12-7a71b0bc92b9,True,leaf outline with direct text candidate
d69381d0-06ed-49bf-9fe1-6050d9374432:OUTLINE:c7bcecb24c77f570,d69381d0-06ed-49bf-9fe1-6050d9374432:OUTLINE:c7bcecb24c77f570,d69381d0-06ed-49bf-9fe1-6050d9374432,netgear-rax120.pdf,RAX120,bc32470b-82cc-5870-9672-b4914e9d305c,Change the LAN TCP/IP settings,Manage Network Settings > Change the LAN TCP/IP settings,Manage Network Settings,2,72,74,P3,1,1,1,1,2422,2422,606,606,0,24b4cb3e-9057-5f4c-a772-56b1413c9afc,24b4cb3e-9057-5f4c-a772-56b1413c9afc,d69381d0-06ed-49bf-9fe1-6050d9374432:24b4cb3e-9057-5f4c-a772-56b1413c9afc,True,leaf outline with direct text candidate
d69381d0-06ed-49bf-9fe1-6050d9374432:OUTLINE:3d5b076d3213e815,d69381d0-06ed-49bf-9fe1-6050d9374432:OUTLINE:3d5b076d3213e815,d69381d0-06ed-49bf-9fe1-6050d9374432,netgear-rax120.pdf,RAX120,30a1cb8d-f278-5ff6-b4a5-39f0d69d873f,Specify the IP addresses that the router assigns,Manage Network Settings > Specify the IP addresses that the router assigns,Manage Network Settings,2,74,75,P3,1,1,1,1,1797,1797,450,450,0,3a3c26ae-1836-5453-b7c4-c85f35296488,3a3c26ae-1836-5453-b7c4-c85f35296488,d69381d0-06ed-49bf-9fe1-6050d9374432:3a3c26ae-1836-5453-b7c4-c85f35296488,True,leaf outline with direct text candidate
d69381d0-06ed-49bf-9fe1-6050d9374432:OUTLINE:bbfec0ebd44bf9d9,d69381d0-06ed-49bf-9fe1-6050d9374432:OUTLINE:bbfec0ebd44bf9d9,d69381d0-06ed-49bf-9fe1-6050d9374432,netgear-rax120.pdf,RAX120,98ea17bd-30e2-5e4e-9398-c739a8e44721,Disable the DHCP server feature in the router,Manage Network Settings > Disable the DHCP server feature in the router,Manage Network Settings,2,75,76,P3,1,1,1,1,1140,1140,285,285,0,53656349-6299-5e05-8f28-86238d09b54a,53656349-6299-5e05-8f28-86238d09b54a,d69381d0-06ed-49bf-9fe1-6050d9374432:53656349-6299-5e05-8f28-86238d09b54a,True,leaf outline with direct text candidate
d69381d0-06ed-49bf-9fe1-6050d9374432:OUTLINE:43ec202019e41936,d69381d0-06ed-49bf-9fe1-6050d9374432:OUTLINE:43ec202019e41936,d69381d0-06ed-49bf-9fe1-6050d9374432,netgear-rax120.pdf,RAX120,8218ada3-fd43-5112-80dc-1b94928620e0,Reserve an IP address,Manage Network Settings > Manage reserved LAN IP addresses > Reserve an IP address,Manage Network Settings > Manage reserved LAN IP addresses,3,76,77,P3,1,1,1,1,1216,1216,304,304,0,ebd82415-b17d-5082-8472-3811a168faaf,ebd82415-b17d-5082-8472-3811a168faaf,d69381d0-06ed-49bf-9fe1-6050d9374432:ebd82415-b17d-5082-8472-3811a168faaf,True,leaf outline with direct text candidate
d69381d0-06ed-49bf-9fe1-6050d9374432:OUTLINE:65152cd4c24d5f6b,d69381d0-06ed-49bf-9fe1-6050d9374432:OUTLINE:65152cd4c24d5f6b,d69381d0-06ed-49bf-9fe1-6050d9374432,netgear-rax120.pdf,RAX120,3446a625-d3cb-58a3-8bd2-0325f5628d07,Edit a reserved IP address,Manage Network Settings > Manage reserved LAN IP addresses > Edit a reserved IP address,Manage Network Settings > Manage reserved LAN IP addresses,3,77,77,P3,1,1,1,1,732,732,183,183,0,79da6936-bc1d-53fc-b043-434193a77ba9,79da6936-bc1d-53fc-b043-434193a77ba9,d69381d0-06ed-49bf-9fe1-6050d9374432:79da6936-bc1d-53fc-b043-434193a77ba9,True,leaf outline with direct text candidate
d69381d0-06ed-49bf-9fe1-6050d9374432:OUTLINE:61c7740806af5127,d69381d0-06ed-49bf-9fe1-6050d9374432:OUTLINE:61c7740806af5127,d69381d0-06ed-49bf-9fe1-6050d9374432,netgear-rax120.pdf,RAX120,1c90fe06-690d-59e2-a25f-63c1bd6d5ac3,Delete a reserved IP address entry,Manage Network Settings > Manage reserved LAN IP addresses > Delete a reserved IP address entry,Manage Network Settings > Manage reserved LAN IP addresses,3,77,78,P3,1,1,1,1,643,643,161,161,0,736f0fb5-0ecd-5316-9090-f19234ded501,736f0fb5-0ecd-5316-9090-f19234ded501,d69381d0-06ed-49bf-9fe1-6050d9374432:736f0fb5-0ecd-5316-9090-f19234ded501,True,leaf outline with direct text candidate
d69381d0-06ed-49bf-9fe1-6050d9374432:OUTLINE:931784a6222be411,d69381d0-06ed-49bf-9fe1-6050d9374432:OUTLINE:931784a6222be411,d69381d0-06ed-49bf-9fe1-6050d9374432,netgear-rax120.pdf,RAX120,10183307-3fc4-5969-bf07-88c2aaf41cb2,Use the WPS Wizard for WiFi connections,Manage Network Settings > Use the WPS Wizard for WiFi connections,Manage Network Settings,2,78,79,P3,1,1,1,1,1115,1115,279,279,0,e410adde-e90f-5911-9dfa-34dd549d2ba8,e410adde-e90f-5911-9dfa-34dd549d2ba8,d69381d0-06ed-49bf-9fe1-6050d9374432:e410adde-e90f-5911-9dfa-34dd549d2ba8,True,leaf outline with direct text candidate
d69381d0-06ed-49bf-9fe1-6050d9374432:OUTLINE:ddc9a81a1c49a5c5,d69381d0-06ed-49bf-9fe1-6050d9374432:OUTLINE:ddc9a81a1c49a5c5,d69381d0-06ed-49bf-9fe1-6050d9374432,netgear-rax120.pdf,RAX120,45e24419-445e-5cdd-ac26-fabe2ada4496,Specify basic WiFi settings,Manage Network Settings > Specify basic WiFi settings,Manage Network Settings,2,79,80,P3,1,1,1,1,3289,3289,823,823,0,88a61bbc-985f-5b34-9830-9632803f359f,88a61bbc-985f-5b34-9830-9632803f359f,d69381d0-06ed-49bf-9fe1-6050d9374432:88a61bbc-985f-5b34-9830-9632803f359f,True,leaf outline with direct text candidate
d69381d0-06ed-49bf-9fe1-6050d9374432:OUTLINE:8d66e90b801f07f3,d69381d0-06ed-49bf-9fe1-6050d9374432:OUTLINE:8d66e90b801f07f3,d69381d0-06ed-49bf-9fe1-6050d9374432,netgear-rax120.pdf,RAX120,510e5e00-0a64-5310-806d-c9d604d80c9f,Change the WiFi password or the WiFi security,Manage Network Settings > Change the WiFi password or the WiFi security,Manage Network Settings,2,80,82,P3,1,1,1,1,2484,2484,621,621,0,0f01b620-ac86-5a3e-bacb-6893a15e210e,0f01b620-ac86-5a3e-bacb-6893a15e210e,d69381d0-06ed-49bf-9fe1-6050d9374432:0f01b620-ac86-5a3e-bacb-6893a15e210e,True,leaf outline with direct text candidate
d69381d0-06ed-49bf-9fe1-6050d9374432:OUTLINE:46d322ea7870eacf,d69381d0-06ed-49bf-9fe1-6050d9374432:OUTLINE:46d322ea7870eacf,d69381d0-06ed-49bf-9fe1-6050d9374432,netgear-rax120.pdf,RAX120,bd4af23c-957c-51c7-82ad-fe3927972237,Change the WiFi mode,Manage Network Settings > Change the WiFi mode,Manage Network Settings,2,82,83,P3,1,1,1,1,2091,2091,523,523,0,1ab9f71d-7528-5a1d-9e2c-d64bdd456be9,1ab9f71d-7528-5a1d-9e2c-d64bdd456be9,d69381d0-06ed-49bf-9fe1-6050d9374432:1ab9f71d-7528-5a1d-9e2c-d64bdd456be9,True,leaf outline with direct text candidate
d69381d0-06ed-49bf-9fe1-6050d9374432:OUTLINE:ba8cb58b708e4149,d69381d0-06ed-49bf-9fe1-6050d9374432:OUTLINE:ba8cb58b708e4149,d69381d0-06ed-49bf-9fe1-6050d9374432,netgear-rax120.pdf,RAX120,39b91962-0487-5d84-b870-7efc8b49cac2,Change the transmission power control,Manage Network Settings > Change the transmission power control,Manage Network Settings,2,83,83,P3,1,1,1,1,1107,1107,277,277,0,2622fe32-20aa-5002-8851-1a477edf124a,2622fe32-20aa-5002-8851-1a477edf124a,d69381d0-06ed-49bf-9fe1-6050d9374432:2622fe32-20aa-5002-8851-1a477edf124a,True,leaf outline with direct text candidate
d69381d0-06ed-49bf-9fe1-6050d9374432:OUTLINE:983e3bfb9dd40518,d69381d0-06ed-49bf-9fe1-6050d9374432:OUTLINE:983e3bfb9dd40518,d69381d0-06ed-49bf-9fe1-6050d9374432,netgear-rax120.pdf,RAX120,95aff227-7004-5b38-ba6c-622908e221cc,Set up a guest WiFi network,Manage Network Settings > Set up a guest WiFi network,Manage Network Settings,2,84,86,P3,1,1,1,1,4816,4816,1204,1204,0,4a3c6ae0-2e2e-5feb-aeaa-341b1b45b1aa,4a3c6ae0-2e2e-5feb-aeaa-341b1b45b1aa,d69381d0-06ed-49bf-9fe1-6050d9374432:4a3c6ae0-2e2e-5feb-aeaa-341b1b45b1aa,True,leaf outline with direct text candidate
d69381d0-06ed-49bf-9fe1-6050d9374432:OUTLINE:953b99e50503f0ea,d69381d0-06ed-49bf-9fe1-6050d9374432:OUTLINE:953b99e50503f0ea,d69381d0-06ed-49bf-9fe1-6050d9374432,netgear-rax120.pdf,RAX120,4c90f081-dbb5-53e2-8fff-ead66f8e5a91,Use the WiFi On/Off button,Manage Network Settings > Control the WiFi radios > Use the WiFi On/Off button,Manage Network Settings > Control the WiFi radios,3,86,86,P3,1,1,1,1,300,300,75,75,0,b6cc7aff-44a9-5be7-9857-6f294095095e,b6cc7aff-44a9-5be7-9857-6f294095095e,d69381d0-06ed-49bf-9fe1-6050d9374432:b6cc7aff-44a9-5be7-9857-6f294095095e,True,leaf outline with direct text candidate
d69381d0-06ed-49bf-9fe1-6050d9374432:OUTLINE:8861e7ad09e57cd3,d69381d0-06ed-49bf-9fe1-6050d9374432:OUTLINE:8861e7ad09e57cd3,d69381d0-06ed-49bf-9fe1-6050d9374432,netgear-rax120.pdf,RAX120,834a9646-e879-544a-aec2-95a58aba96f2,Enable or disable the WiFi radios,Manage Network Settings > Control the WiFi radios > Enable or disable the WiFi radios,Manage Network Settings > Control the WiFi radios,3,86,87,P3,1,1,1,1,1037,1037,260,260,0,5776f539-59a4-5e4a-bf09-24bac9062168,5776f539-59a4-5e4a-bf09-24bac9062168,d69381d0-06ed-49bf-9fe1-6050d9374432:5776f539-59a4-5e4a-bf09-24bac9062168,True,leaf outline with direct text candidate
d69381d0-06ed-49bf-9fe1-6050d9374432:OUTLINE:13dd69f28db09185,d69381d0-06ed-49bf-9fe1-6050d9374432:OUTLINE:13dd69f28db09185,d69381d0-06ed-49bf-9fe1-6050d9374432,netgear-rax120.pdf,RAX120,2b2ea2d2-d4fe-5930-b595-ce8b3038501c,Set up a WiFi schedule,Manage Network Settings > Set up a WiFi schedule,Manage Network Settings,2,87,88,P3,1,1,1,1,1087,1087,272,272,0,0554640d-94ce-588b-a554-84c6c060c75b,0554640d-94ce-588b-a554-84c6c060c75b,d69381d0-06ed-49bf-9fe1-6050d9374432:0554640d-94ce-588b-a554-84c6c060c75b,True,leaf outline with direct text candidate
d69381d0-06ed-49bf-9fe1-6050d9374432:OUTLINE:f2b2bdbbca2e731d,d69381d0-06ed-49bf-9fe1-6050d9374432:OUTLINE:f2b2bdbbca2e731d,d69381d0-06ed-49bf-9fe1-6050d9374432,netgear-rax120.pdf,RAX120,ffa01d39-e8fb-552c-8a3a-5bca19a9cf21,Set up the router as a WiFi access point,Manage Network Settings > Set up the router as a WiFi access point,Manage Network Settings,2,88,89,P3,1,1,1,1,1650,1650,413,413,0,b4c20a88-39a3-5566-b5a0-84e0bf9194d1,b4c20a88-39a3-5566-b5a0-84e0bf9194d1,d69381d0-06ed-49bf-9fe1-6050d9374432:b4c20a88-39a3-5566-b5a0-84e0bf9194d1,True,leaf outline with direct text candidate
d69381d0-06ed-49bf-9fe1-6050d9374432:OUTLINE:69ae9675076d07ee,d69381d0-06ed-49bf-9fe1-6050d9374432:OUTLINE:69ae9675076d07ee,d69381d0-06ed-49bf-9fe1-6050d9374432,netgear-rax120.pdf,RAX120,9e3238f5-be5b-52c3-bff9-ba8f286371ac,Set up the router in bridge mode,Manage Network Settings > Set up the router in bridge mode,Manage Network Settings,2,89,90,P3,1,1,1,1,2529,2529,633,633,0,715fdc68-4f4d-57c7-8cc5-e0be161c4ed0,715fdc68-4f4d-57c7-8cc5-e0be161c4ed0,d69381d0-06ed-49bf-9fe1-6050d9374432:715fdc68-4f4d-57c7-8cc5-e0be161c4ed0,True,leaf outline with direct text candidate
d69381d0-06ed-49bf-9fe1-6050d9374432:OUTLINE:1974a3c3e73503e0,d69381d0-06ed-49bf-9fe1-6050d9374432:OUTLINE:1974a3c3e73503e0,d69381d0-06ed-49bf-9fe1-6050d9374432,netgear-rax120.pdf,RAX120,ecaf6cb7-a89c-566e-bb1e-568766a5570d,Return the router to router mode,Manage Network Settings > Return the router to router mode,Manage Network Settings,2,90,91,P3,1,1,1,1,787,787,197,197,0,1687fda5-f3c4-5857-ad57-ea0e6962b3a2,1687fda5-f3c4-5857-ad57-ea0e6962b3a2,d69381d0-06ed-49bf-9fe1-6050d9374432:1687fda5-f3c4-5857-ad57-ea0e6962b3a2,True,leaf outline with direct text candidate
d69381d0-06ed-49bf-9fe1-6050d9374432:OUTLINE:1c649b657dc4e9b2,d69381d0-06ed-49bf-9fe1-6050d9374432:OUTLINE:1c649b657dc4e9b2,d69381d0-06ed-49bf-9fe1-6050d9374432,netgear-rax120.pdf,RAX120,7f67ac2a-780f-5d24-bc74-5cdbfbaf6551,Set up a bridge for a port group,Manage Network Settings > Set up a bridge for a port group or VLAN tag group > Set up a bridge for a port group,Manage Network Settings > Set up a bridge for a port group or VLAN tag group,3,91,92,P3,1,1,1,1,1709,1709,428,428,0,91c51a45-4438-5fd7-8259-87a71e542abf,91c51a45-4438-5fd7-8259-87a71e542abf,d69381d0-06ed-49bf-9fe1-6050d9374432:91c51a45-4438-5fd7-8259-87a71e542abf,True,leaf outline with direct text candidate
d69381d0-06ed-49bf-9fe1-6050d9374432:OUTLINE:d1c77ac91f33a3a2,d69381d0-06ed-49bf-9fe1-6050d9374432:OUTLINE:d1c77ac91f33a3a2,d69381d0-06ed-49bf-9fe1-6050d9374432,netgear-rax120.pdf,RAX120,723da110-4f32-5041-ae63-97654899dc91,Set up a bridge for a VLAN tag group,Manage Network Settings > Set up a bridge for a port group or VLAN tag group > Set up a bridge for a VLAN tag group,Manage Network Settings > Set up a bridge for a port group or VLAN tag group,3,92,94,P3,1,1,1,1,2282,2282,571,571,0,17ab9b62-91e6-5cbb-8b64-c61ffa950c4a,17ab9b62-91e6-5cbb-8b64-c61ffa950c4a,d69381d0-06ed-49bf-9fe1-6050d9374432:17ab9b62-91e6-5cbb-8b64-c61ffa950c4a,True,leaf outline with direct text candidate
d69381d0-06ed-49bf-9fe1-6050d9374432:OUTLINE:a173f7c825733973,d69381d0-06ed-49bf-9fe1-6050d9374432:OUTLINE:a173f7c825733973,d69381d0-06ed-49bf-9fe1-6050d9374432,netgear-rax120.pdf,RAX120,3f669e22-2983-5926-9fbf-6f47a29fcf0a,Set up an IPTV port,Manage Network Settings > Set up a bridge for a port group or VLAN tag group > Set up an IPTV port,Manage Network Settings > Set up a bridge for a port group or VLAN tag group,3,94,95,P3,1,1,1,1,1992,1992,498,498,0,dffbff0d-dbad-54a9-9134-59aefb3504d0,dffbff0d-dbad-54a9-9134-59aefb3504d0,d69381d0-06ed-49bf-9fe1-6050d9374432:dffbff0d-dbad-54a9-9134-59aefb3504d0,True,leaf outline with direct text candidate
d69381d0-06ed-49bf-9fe1-6050d9374432:OUTLINE:9095df5248a36362,d69381d0-06ed-49bf-9fe1-6050d9374432:OUTLINE:9095df5248a36362,d69381d0-06ed-49bf-9fe1-6050d9374432,netgear-rax120.pdf,RAX120,c2936f2d-3dc9-50e4-bda9-dc7e3e6cfb3c,Set up a static route,Manage Network Settings > Manage custom static routes > Set up a static route,Manage Network Settings > Manage custom static routes,3,96,97,P3,1,1,1,1,1816,1816,454,454,0,bc8337d2-3872-5618-b506-0d822d45e4b2,bc8337d2-3872-5618-b506-0d822d45e4b2,d69381d0-06ed-49bf-9fe1-6050d9374432:bc8337d2-3872-5618-b506-0d822d45e4b2,True,leaf outline with direct text candidate
d69381d0-06ed-49bf-9fe1-6050d9374432:OUTLINE:3c76528313570627,d69381d0-06ed-49bf-9fe1-6050d9374432:OUTLINE:3c76528313570627,d69381d0-06ed-49bf-9fe1-6050d9374432,netgear-rax120.pdf,RAX120,4a0395f8-f75c-53db-87df-8325e7936295,Edit a static route,Manage Network Settings > Manage custom static routes > Edit a static route,Manage Network Settings > Manage custom static routes,3,97,97,P3,1,1,1,1,716,716,179,179,0,86faf957-363b-599c-8ec9-4675a7d0bbd5,86faf957-363b-599c-8ec9-4675a7d0bbd5,d69381d0-06ed-49bf-9fe1-6050d9374432:86faf957-363b-599c-8ec9-4675a7d0bbd5,True,leaf outline with direct text candidate
d69381d0-06ed-49bf-9fe1-6050d9374432:OUTLINE:7f5b712e726581d6,d69381d0-06ed-49bf-9fe1-6050d9374432:OUTLINE:7f5b712e726581d6,d69381d0-06ed-49bf-9fe1-6050d9374432,netgear-rax120.pdf,RAX120,8b127573-1646-50f3-8f06-94cd6a5c484e,Delete a static route,Manage Network Settings > Manage custom static routes > Delete a static route,Manage Network Settings > Manage custom static routes,3,98,98,P3,1,1,1,1,638,638,160,160,0,a11adf43-ad7b-5ec4-a542-ff6059b1faf4,a11adf43-ad7b-5ec4-a542-ff6059b1faf4,d69381d0-06ed-49bf-9fe1-6050d9374432:a11adf43-ad7b-5ec4-a542-ff6059b1faf4,True,leaf outline with direct text candidate
d69381d0-06ed-49bf-9fe1-6050d9374432:OUTLINE:20ff4332274f1b8b,d69381d0-06ed-49bf-9fe1-6050d9374432:OUTLINE:20ff4332274f1b8b,d69381d0-06ed-49bf-9fe1-6050d9374432,netgear-rax120.pdf,RAX120,ca1cd695-047a-5910-b498-9f3c2f5a018f,Enable or disable MU-MIMO,Manage Network Settings > Enable or disable MU-MIMO,Manage Network Settings,2,98,99,P3,1,1,1,1,1141,1141,286,286,0,707448cb-e251-5171-bcb7-c59e59d84350,707448cb-e251-5171-bcb7-c59e59d84350,d69381d0-06ed-49bf-9fe1-6050d9374432:707448cb-e251-5171-bcb7-c59e59d84350,True,leaf outline with direct text candidate
d69381d0-06ed-49bf-9fe1-6050d9374432:OUTLINE:c6b37def226de5cd,d69381d0-06ed-49bf-9fe1-6050d9374432:OUTLINE:c6b37def226de5cd,d69381d0-06ed-49bf-9fe1-6050d9374432,netgear-rax120.pdf,RAX120,a358bf5f-45ee-5c70-ad54-718c1306772f,Set up Ethernet port aggregation to a LAN device,Manage Network Settings > Manage Ethernet port aggregation to a LAN device > Set up Ethernet port aggregation to a LAN device,Manage Network Settings > Manage Ethernet port aggregation to a LAN device,3,100,101,P3,1,1,1,1,2232,2232,558,558,0,10e2e2dd-c607-529d-9d35-85b267f5e2cd,10e2e2dd-c607-529d-9d35-85b267f5e2cd,d69381d0-06ed-49bf-9fe1-6050d9374432:10e2e2dd-c607-529d-9d35-85b267f5e2cd,True,leaf outline with direct text candidate
d69381d0-06ed-49bf-9fe1-6050d9374432:OUTLINE:f74e42e3b338cf39,d69381d0-06ed-49bf-9fe1-6050d9374432:OUTLINE:f74e42e3b338cf39,d69381d0-06ed-49bf-9fe1-6050d9374432,netgear-rax120.pdf,RAX120,b45cda2a-cb3b-5b58-ba87-08b9d786dfaf,View or change the router Ethernet port aggregation mode,Manage Network Settings > Manage Ethernet port aggregation to a LAN device > View or change the router Ethernet port aggregation mode,Manage Network Settings > Manage Ethernet port aggregation to a LAN device,3,101,102,P3,1,1,1,1,2096,2096,524,524,0,8bc8fb5c-c22f-5da8-9f2c-a30e3741c0ec,8bc8fb5c-c22f-5da8-9f2c-a30e3741c0ec,d69381d0-06ed-49bf-9fe1-6050d9374432:8bc8fb5c-c22f-5da8-9f2c-a30e3741c0ec,True,leaf outline with direct text candidate
d69381d0-06ed-49bf-9fe1-6050d9374432:OUTLINE:759d64cd684a03d3,d69381d0-06ed-49bf-9fe1-6050d9374432:OUTLINE:759d64cd684a03d3,d69381d0-06ed-49bf-9fe1-6050d9374432,netgear-rax120.pdf,RAX120,e44d951c-56bb-58f9-8ca1-85684aefa529,Check for new firmware and update the router,Manage Your Router > Update the router firmware > Check for new firmware and update the router,Manage Your Router > Update the router firmware,3,104,105,P3,1,1,1,1,1581,1581,396,396,0,b96f1275-8b98-5f40-9bf9-eefaa5f65f16,b96f1275-8b98-5f40-9bf9-eefaa5f65f16,d69381d0-06ed-49bf-9fe1-6050d9374432:b96f1275-8b98-5f40-9bf9-eefaa5f65f16,True,leaf outline with direct text candidate
d69381d0-06ed-49bf-9fe1-6050d9374432:OUTLINE:144a9eaf44243682,d69381d0-06ed-49bf-9fe1-6050d9374432:OUTLINE:144a9eaf44243682,d69381d0-06ed-49bf-9fe1-6050d9374432,netgear-rax120.pdf,RAX120,60f9743b-9a97-550e-8c33-eccaa0ac4c66,Manually upload firmware to the router,Manage Your Router > Update the router firmware > Manually upload firmware to the router,Manage Your Router > Update the router firmware,3,105,105,P3,1,1,1,1,1523,1523,381,381,0,ffb03160-ef2c-5ed9-8d88-91a3430efc25,ffb03160-ef2c-5ed9-8d88-91a3430efc25,d69381d0-06ed-49bf-9fe1-6050d9374432:ffb03160-ef2c-5ed9-8d88-91a3430efc25,True,leaf outline with direct text candidate
d69381d0-06ed-49bf-9fe1-6050d9374432:OUTLINE:2a9eeb8814512f23,d69381d0-06ed-49bf-9fe1-6050d9374432:OUTLINE:2a9eeb8814512f23,d69381d0-06ed-49bf-9fe1-6050d9374432,netgear-rax120.pdf,RAX120,543a54ae-26cf-52ca-a136-0359ad32c59f,Change the admin password,Manage Your Router > Change the admin password,Manage Your Router,2,106,106,P4,1,1,1,1,1009,1009,253,253,0,ecffda61-8412-5d08-b713-fa6582b8dfc8,ecffda61-8412-5d08-b713-fa6582b8dfc8,d69381d0-06ed-49bf-9fe1-6050d9374432:ecffda61-8412-5d08-b713-fa6582b8dfc8,True,leaf outline with direct text candidate
d69381d0-06ed-49bf-9fe1-6050d9374432:OUTLINE:2dd255283f1c0d9a,d69381d0-06ed-49bf-9fe1-6050d9374432:OUTLINE:2dd255283f1c0d9a,d69381d0-06ed-49bf-9fe1-6050d9374432,netgear-rax120.pdf,RAX120,a353813e-5403-5d1d-950d-ab46e6ba8e87,Enable admin password reset,Manage Your Router > Enable admin password reset,Manage Your Router,2,106,107,P4,1,1,1,1,940,940,235,235,0,ea7382ed-6f7a-546f-bda2-f6df5aeb7d0d,ea7382ed-6f7a-546f-bda2-f6df5aeb7d0d,d69381d0-06ed-49bf-9fe1-6050d9374432:ea7382ed-6f7a-546f-bda2-f6df5aeb7d0d,True,leaf outline with direct text candidate
d69381d0-06ed-49bf-9fe1-6050d9374432:OUTLINE:34fed9bf3c746d44,d69381d0-06ed-49bf-9fe1-6050d9374432:OUTLINE:34fed9bf3c746d44,d69381d0-06ed-49bf-9fe1-6050d9374432,netgear-rax120.pdf,RAX120,4579e4e8-d520-5f7a-8ea6-0d6e3d07fdb3,Reset the admin password,Manage Your Router > Reset the admin password,Manage Your Router,2,107,108,P4,1,1,1,1,1041,1041,261,261,0,e0f74f33-f3bc-53bb-9b93-f1038c32fed8,e0f74f33-f3bc-53bb-9b93-f1038c32fed8,d69381d0-06ed-49bf-9fe1-6050d9374432:e0f74f33-f3bc-53bb-9b93-f1038c32fed8,True,leaf outline with direct text candidate
d69381d0-06ed-49bf-9fe1-6050d9374432:OUTLINE:6a21f9b5b2e845d8,d69381d0-06ed-49bf-9fe1-6050d9374432:OUTLINE:6a21f9b5b2e845d8,d69381d0-06ed-49bf-9fe1-6050d9374432,netgear-rax120.pdf,RAX120,3c8617ff-f189-5632-94f8-2e9803b94afb,Always use HTTPS to access the router,Manage Your Router > Always use HTTPS to access the router,Manage Your Router,2,108,108,P4,1,1,1,1,1339,1339,335,335,0,c05cd7cb-2670-5e82-bcbc-bee3e9b64379,c05cd7cb-2670-5e82-bcbc-bee3e9b64379,d69381d0-06ed-49bf-9fe1-6050d9374432:c05cd7cb-2670-5e82-bcbc-bee3e9b64379,True,leaf outline with direct text candidate
d69381d0-06ed-49bf-9fe1-6050d9374432:OUTLINE:b12173e1e134fdbc,d69381d0-06ed-49bf-9fe1-6050d9374432:OUTLINE:b12173e1e134fdbc,d69381d0-06ed-49bf-9fe1-6050d9374432,netgear-rax120.pdf,RAX120,c087c9bc-d09f-58f5-961b-5c0e63cdeac5,View information about the router and the Internet and WiFi settings,Manage Your Router > View information about the router and the Internet and WiFi settings,Manage Your Router,2,109,109,P4,1,1,1,1,1252,1252,313,313,0,831da047-4284-54aa-ab28-c39a018336ae,831da047-4284-54aa-ab28-c39a018336ae,d69381d0-06ed-49bf-9fe1-6050d9374432:831da047-4284-54aa-ab28-c39a018336ae,True,leaf outline with direct text candidate
d69381d0-06ed-49bf-9fe1-6050d9374432:OUTLINE:57fe273a4cf13cfe,d69381d0-06ed-49bf-9fe1-6050d9374432:OUTLINE:57fe273a4cf13cfe,d69381d0-06ed-49bf-9fe1-6050d9374432,netgear-rax120.pdf,RAX120,368c9c77-857f-5e53-9ae4-5f544113d4aa,Display the statistics of the Internet port,Manage Your Router > Display the statistics of the Internet port,Manage Your Router,2,109,110,P4,1,1,1,1,1712,1712,428,428,0,42130aae-eac0-5ac7-a846-a6c53650dc9e,42130aae-eac0-5ac7-a846-a6c53650dc9e,d69381d0-06ed-49bf-9fe1-6050d9374432:42130aae-eac0-5ac7-a846-a6c53650dc9e,True,leaf outline with direct text candidate
d69381d0-06ed-49bf-9fe1-6050d9374432:OUTLINE:6771fbe9c8f541bf,d69381d0-06ed-49bf-9fe1-6050d9374432:OUTLINE:6771fbe9c8f541bf,d69381d0-06ed-49bf-9fe1-6050d9374432,netgear-rax120.pdf,RAX120,abb925f2-89a1-5e48-8146-65c89d53c96c,Check the Internet connection status,Manage Your Router > Check the Internet connection status,Manage Your Router,2,111,111,P4,1,1,1,1,1725,1725,432,432,0,a55df085-5b50-50fb-8e14-a3e46343ff87,a55df085-5b50-50fb-8e14-a3e46343ff87,d69381d0-06ed-49bf-9fe1-6050d9374432:a55df085-5b50-50fb-8e14-a3e46343ff87,True,leaf outline with direct text candidate
d69381d0-06ed-49bf-9fe1-6050d9374432:OUTLINE:50555901814609f9,d69381d0-06ed-49bf-9fe1-6050d9374432:OUTLINE:50555901814609f9,d69381d0-06ed-49bf-9fe1-6050d9374432,netgear-rax120.pdf,RAX120,522cd5fb-c567-5908-9991-e1d91d199799,View and manage logs of router activity,Manage Your Router > View and manage logs of router activity,Manage Your Router,2,112,112,P4,1,1,1,1,1679,1679,420,420,0,27af85b7-06c3-5161-bf6c-e7a476216f22,27af85b7-06c3-5161-bf6c-e7a476216f22,d69381d0-06ed-49bf-9fe1-6050d9374432:27af85b7-06c3-5161-bf6c-e7a476216f22,True,leaf outline with direct text candidate
d69381d0-06ed-49bf-9fe1-6050d9374432:OUTLINE:0233e0df2b249ecc,d69381d0-06ed-49bf-9fe1-6050d9374432:OUTLINE:0233e0df2b249ecc,d69381d0-06ed-49bf-9fe1-6050d9374432,netgear-rax120.pdf,RAX120,040880f9-b5a8-5a1a-804b-0ec9b8cef351,View devices currently on the network,Manage Your Router > View devices currently on the network,Manage Your Router,2,113,113,P4,1,1,1,1,1096,1096,274,274,0,b5dd9b49-db70-5873-bdab-509974bce209,b5dd9b49-db70-5873-bdab-509974bce209,d69381d0-06ed-49bf-9fe1-6050d9374432:b5dd9b49-db70-5873-bdab-509974bce209,True,leaf outline with direct text candidate
d69381d0-06ed-49bf-9fe1-6050d9374432:OUTLINE:b501c092002a51d8,d69381d0-06ed-49bf-9fe1-6050d9374432:OUTLINE:b501c092002a51d8,d69381d0-06ed-49bf-9fe1-6050d9374432,netgear-rax120.pdf,RAX120,3071c667-784e-5f6b-b701-20e081a9845d,Monitor Internet traffic,Manage Your Router > Monitor Internet traffic,Manage Your Router,2,113,114,P4,1,1,1,1,2372,2372,593,593,0,be8e97ac-3e19-5968-9fc6-34cf514873d4,be8e97ac-3e19-5968-9fc6-34cf514873d4,d69381d0-06ed-49bf-9fe1-6050d9374432:be8e97ac-3e19-5968-9fc6-34cf514873d4,True,leaf outline with direct text candidate
d69381d0-06ed-49bf-9fe1-6050d9374432:OUTLINE:16dc1eb6ea5ba1ad,d69381d0-06ed-49bf-9fe1-6050d9374432:OUTLINE:16dc1eb6ea5ba1ad,d69381d0-06ed-49bf-9fe1-6050d9374432,netgear-rax120.pdf,RAX120,f333faa4-7b5d-5fcc-8552-3d41338e25af,Back up the settings,Manage Your Router > Manage the router configuration file > Back up the settings,Manage Your Router > Manage the router configuration file,3,115,115,P4,1,1,1,1,706,706,177,177,0,adf1a780-3d6f-51be-a84f-8ac3505f535c,adf1a780-3d6f-51be-a84f-8ac3505f535c,d69381d0-06ed-49bf-9fe1-6050d9374432:adf1a780-3d6f-51be-a84f-8ac3505f535c,True,leaf outline with direct text candidate
d69381d0-06ed-49bf-9fe1-6050d9374432:OUTLINE:5ae513b79530a608,d69381d0-06ed-49bf-9fe1-6050d9374432:OUTLINE:5ae513b79530a608,d69381d0-06ed-49bf-9fe1-6050d9374432,netgear-rax120.pdf,RAX120,4c1f1853-bc02-5e55-8931-d7efbac82979,Erase the settings,Manage Your Router > Manage the router configuration file > Erase the settings,Manage Your Router > Manage the router configuration file,3,115,116,P4,1,1,1,1,1000,1000,250,250,0,06daaeef-ec94-5d0f-8314-953d3a240463,06daaeef-ec94-5d0f-8314-953d3a240463,d69381d0-06ed-49bf-9fe1-6050d9374432:06daaeef-ec94-5d0f-8314-953d3a240463,True,leaf outline with direct text candidate
d69381d0-06ed-49bf-9fe1-6050d9374432:OUTLINE:1897448df00d82fa,d69381d0-06ed-49bf-9fe1-6050d9374432:OUTLINE:1897448df00d82fa,d69381d0-06ed-49bf-9fe1-6050d9374432,netgear-rax120.pdf,RAX120,40d949e1-a0ce-5c27-909c-d8daa952b668,Restore the settings,Manage Your Router > Manage the router configuration file > Restore the settings,Manage Your Router > Manage the router configuration file,3,116,116,P4,1,1,1,1,760,760,190,190,0,71c44f89-9408-566a-8009-071204b133f5,71c44f89-9408-566a-8009-071204b133f5,d69381d0-06ed-49bf-9fe1-6050d9374432:71c44f89-9408-566a-8009-071204b133f5,True,leaf outline with direct text candidate
d69381d0-06ed-49bf-9fe1-6050d9374432:OUTLINE:462b211282562b96,d69381d0-06ed-49bf-9fe1-6050d9374432:OUTLINE:462b211282562b96,d69381d0-06ed-49bf-9fe1-6050d9374432,netgear-rax120.pdf,RAX120,22aae29d-4b5c-59c2-9498-0842163adeeb,Connect to your router with Anywhere Access,Manage Your Router > Connect to your router with Anywhere Access,Manage Your Router,2,117,117,P4,1,1,1,1,560,560,140,140,0,8aee8cfb-f8eb-5f8d-8fba-c2454ecc5095,8aee8cfb-f8eb-5f8d-8fba-c2454ecc5095,d69381d0-06ed-49bf-9fe1-6050d9374432:8aee8cfb-f8eb-5f8d-8fba-c2454ecc5095,True,leaf outline with direct text candidate
d69381d0-06ed-49bf-9fe1-6050d9374432:OUTLINE:b50e2fba24f9c545,d69381d0-06ed-49bf-9fe1-6050d9374432:OUTLINE:b50e2fba24f9c545,d69381d0-06ed-49bf-9fe1-6050d9374432,netgear-rax120.pdf,RAX120,0e95881f-7239-5cf3-a23f-9ac56cf73f56,Disable LED blinking or turn off LEDs,Manage Your Router > Disable LED blinking or turn off LEDs,Manage Your Router,2,117,117,P4,1,1,1,1,1046,1046,262,262,0,5c82d4ef-7c18-5ecc-b644-701b7da5e828,5c82d4ef-7c18-5ecc-b644-701b7da5e828,d69381d0-06ed-49bf-9fe1-6050d9374432:5c82d4ef-7c18-5ecc-b644-701b7da5e828,True,leaf outline with direct text candidate
d69381d0-06ed-49bf-9fe1-6050d9374432:OUTLINE:536e38dc6e76c4f9,d69381d0-06ed-49bf-9fe1-6050d9374432:OUTLINE:536e38dc6e76c4f9,d69381d0-06ed-49bf-9fe1-6050d9374432,netgear-rax120.pdf,RAX120,e694dade-1e84-56f1-b60b-e29c42589f8e,Set your time zone,Manage Your Router > Set your time zone,Manage Your Router,2,118,118,P4,1,1,1,1,744,744,186,186,0,5f21bf59-b1a4-5c68-923b-d8f5d1fb5903,5f21bf59-b1a4-5c68-923b-d8f5d1fb5903,d69381d0-06ed-49bf-9fe1-6050d9374432:5f21bf59-b1a4-5c68-923b-d8f5d1fb5903,True,leaf outline with direct text candidate
d69381d0-06ed-49bf-9fe1-6050d9374432:OUTLINE:da5aece7fde9d58b,d69381d0-06ed-49bf-9fe1-6050d9374432:OUTLINE:da5aece7fde9d58b,d69381d0-06ed-49bf-9fe1-6050d9374432,netgear-rax120.pdf,RAX120,f5874623-4efa-5786-ba0f-638c5b1055dd,Set the NTP server,Manage Your Router > Set the NTP server,Manage Your Router,2,118,119,P4,1,1,1,1,971,971,243,243,0,db961a8c-9ae1-5b21-8b0a-91612be11df4,db961a8c-9ae1-5b21-8b0a-91612be11df4,d69381d0-06ed-49bf-9fe1-6050d9374432:db961a8c-9ae1-5b21-8b0a-91612be11df4,True,leaf outline with direct text candidate
d69381d0-06ed-49bf-9fe1-6050d9374432:OUTLINE:c2e5aa6c07760fe3,d69381d0-06ed-49bf-9fe1-6050d9374432:OUTLINE:c2e5aa6c07760fe3,d69381d0-06ed-49bf-9fe1-6050d9374432,netgear-rax120.pdf,RAX120,d16dd78e-9e26-547d-8299-37397f25a146,Specify ReadyDLNA media server settings,Manage Your Router > Specify ReadyDLNA media server settings,Manage Your Router,2,119,120,P4,1,1,1,1,1475,1475,369,369,0,40b456e8-9a3f-59fd-882c-9a6cd05c4ded,40b456e8-9a3f-59fd-882c-9a6cd05c4ded,d69381d0-06ed-49bf-9fe1-6050d9374432:40b456e8-9a3f-59fd-882c-9a6cd05c4ded,True,leaf outline with direct text candidate
d69381d0-06ed-49bf-9fe1-6050d9374432:OUTLINE:16508c1309742aa6,d69381d0-06ed-49bf-9fe1-6050d9374432:OUTLINE:16508c1309742aa6,d69381d0-06ed-49bf-9fe1-6050d9374432,netgear-rax120.pdf,RAX120,5d036009-de34-5b9a-acaf-7f63d1da1eea,Use the Reset button,Manage Your Router > Return the router to its factory default settings > Use the Reset button,Manage Your Router > Return the router to its factory default settings,3,120,121,P4,1,1,1,1,723,723,181,181,0,fa416218-84aa-5950-9d59-e6993480f2cd,fa416218-84aa-5950-9d59-e6993480f2cd,d69381d0-06ed-49bf-9fe1-6050d9374432:fa416218-84aa-5950-9d59-e6993480f2cd,True,leaf outline with direct text candidate
d69381d0-06ed-49bf-9fe1-6050d9374432:OUTLINE:f36311c9fbb5c33b,d69381d0-06ed-49bf-9fe1-6050d9374432:OUTLINE:f36311c9fbb5c33b,d69381d0-06ed-49bf-9fe1-6050d9374432,netgear-rax120.pdf,RAX120,37ba4958-5c41-5018-bc00-81e82f91a99c,Erase the settings,Manage Your Router > Return the router to its factory default settings > Erase the settings,Manage Your Router > Return the router to its factory default settings,3,121,121,P4,1,1,1,1,1000,1000,250,250,0,7a9eebd9-f5d2-5c21-9c8c-a42022709c2d,7a9eebd9-f5d2-5c21-9c8c-a42022709c2d,d69381d0-06ed-49bf-9fe1-6050d9374432:7a9eebd9-f5d2-5c21-9c8c-a42022709c2d,True,leaf outline with direct text candidate
d69381d0-06ed-49bf-9fe1-6050d9374432:OUTLINE:f6d96cbca721e93a,d69381d0-06ed-49bf-9fe1-6050d9374432:OUTLINE:f6d96cbca721e93a,d69381d0-06ed-49bf-9fe1-6050d9374432,netgear-rax120.pdf,RAX120,ee581c13-5658-5fe7-8db1-561b7c233cd6,USB device requirements,Share USB Storage Devices Attached to the Router > USB device requirements,Share USB Storage Devices Attached to the Router,2,123,123,P4,1,1,1,1,717,717,180,180,0,aeaf90b5-5cb4-5ff1-af4a-2f43d2368c76,aeaf90b5-5cb4-5ff1-af4a-2f43d2368c76,d69381d0-06ed-49bf-9fe1-6050d9374432:aeaf90b5-5cb4-5ff1-af4a-2f43d2368c76,True,leaf outline with direct text candidate
d69381d0-06ed-49bf-9fe1-6050d9374432:OUTLINE:30e6bc1f5ecbb7b4,d69381d0-06ed-49bf-9fe1-6050d9374432:OUTLINE:30e6bc1f5ecbb7b4,d69381d0-06ed-49bf-9fe1-6050d9374432,netgear-rax120.pdf,RAX120,2d6d37a3-becf-55df-8df9-fe4e33e079f7,Connect a USB storage device to the router,Share USB Storage Devices Attached to the Router > Connect a USB storage device to the router,Share USB Storage Devices Attached to the Router,2,123,123,P4,1,1,1,1,646,646,162,162,0,bb9735df-2bc3-50f1-9fb8-2235613d714e,bb9735df-2bc3-50f1-9fb8-2235613d714e,d69381d0-06ed-49bf-9fe1-6050d9374432:bb9735df-2bc3-50f1-9fb8-2235613d714e,True,leaf outline with direct text candidate
d69381d0-06ed-49bf-9fe1-6050d9374432:OUTLINE:cab77ccab1fc9381,d69381d0-06ed-49bf-9fe1-6050d9374432:OUTLINE:cab77ccab1fc9381,d69381d0-06ed-49bf-9fe1-6050d9374432,netgear-rax120.pdf,RAX120,95c09fd6-f453-52ea-8367-13dbcdda8e1d,Access a storage device connected to the router from a Windows-based computer,Share USB Storage Devices Attached to the Router > Access a storage device connected to the router from a Windows-based computer,Share USB Storage Devices Attached to the Router,2,124,124,P4,1,1,1,1,685,685,172,172,0,e13591fd-08dc-5203-afd5-4205421897f5,e13591fd-08dc-5203-afd5-4205421897f5,d69381d0-06ed-49bf-9fe1-6050d9374432:e13591fd-08dc-5203-afd5-4205421897f5,True,leaf outline with direct text candidate
d69381d0-06ed-49bf-9fe1-6050d9374432:OUTLINE:c13e62b9f187f6d4,d69381d0-06ed-49bf-9fe1-6050d9374432:OUTLINE:c13e62b9f187f6d4,d69381d0-06ed-49bf-9fe1-6050d9374432,netgear-rax120.pdf,RAX120,099a2d26-94ae-537f-8a9b-329c4495c123,Map a USB device to a Windows network drive,Share USB Storage Devices Attached to the Router > Map a USB device to a Windows network drive,Share USB Storage Devices Attached to the Router,2,124,125,P4,1,1,1,1,1170,1170,293,293,0,67d37d9f-924e-5891-a590-5e0456de8190,67d37d9f-924e-5891-a590-5e0456de8190,d69381d0-06ed-49bf-9fe1-6050d9374432:67d37d9f-924e-5891-a590-5e0456de8190,True,leaf outline with direct text candidate
d69381d0-06ed-49bf-9fe1-6050d9374432:OUTLINE:b3066d612f62895b,d69381d0-06ed-49bf-9fe1-6050d9374432:OUTLINE:b3066d612f62895b,d69381d0-06ed-49bf-9fe1-6050d9374432,netgear-rax120.pdf,RAX120,bf2f5b3d-7e80-5648-be80-ff4e7eddf2d6,Access a storage device that is connected to the router from a Mac,Share USB Storage Devices Attached to the Router > Access a storage device that is connected to the router from a Mac,Share USB Storage Devices Attached to the Router,2,125,126,P4,1,1,1,1,1235,1235,309,309,0,ef4a3855-0444-5b9c-89e6-56bbbb0b3a68,ef4a3855-0444-5b9c-89e6-56bbbb0b3a68,d69381d0-06ed-49bf-9fe1-6050d9374432:ef4a3855-0444-5b9c-89e6-56bbbb0b3a68,True,leaf outline with direct text candidate
d69381d0-06ed-49bf-9fe1-6050d9374432:OUTLINE:d19f34a440eb384a,d69381d0-06ed-49bf-9fe1-6050d9374432:OUTLINE:d19f34a440eb384a,d69381d0-06ed-49bf-9fe1-6050d9374432,netgear-rax120.pdf,RAX120,7de80a89-cdc2-5291-8511-712650dbcf50,Set up a USB hard drive on a Mac,Share USB Storage Devices Attached to the Router > Back up Mac computers with Time Machine > Set up a USB hard drive on a Mac,Share USB Storage Devices Attached to the Router > Back up Mac computers with Time Machine,3,126,127,P4,1,1,1,1,1321,1321,331,331,0,17ad582c-a168-5331-9931-bc900e05e810,17ad582c-a168-5331-9931-bc900e05e810,d69381d0-06ed-49bf-9fe1-6050d9374432:17ad582c-a168-5331-9931-bc900e05e810,True,leaf outline with direct text candidate
d69381d0-06ed-49bf-9fe1-6050d9374432:OUTLINE:dd6be40b0135c6e0,d69381d0-06ed-49bf-9fe1-6050d9374432:OUTLINE:dd6be40b0135c6e0,d69381d0-06ed-49bf-9fe1-6050d9374432,netgear-rax120.pdf,RAX120,b75c8772-2912-5329-8be4-0b4177eb6c64,Prepare to back up a large amount of data,Share USB Storage Devices Attached to the Router > Back up Mac computers with Time Machine > Prepare to back up a large amount of data,Share USB Storage Devices Attached to the Router > Back up Mac computers with Time Machine,3,127,127,P4,1,1,1,1,1079,1079,270,270,0,e33a569c-4d4b-5980-bb49-1ddc090aa2c7,e33a569c-4d4b-5980-bb49-1ddc090aa2c7,d69381d0-06ed-49bf-9fe1-6050d9374432:e33a569c-4d4b-5980-bb49-1ddc090aa2c7,True,leaf outline with direct text candidate
d69381d0-06ed-49bf-9fe1-6050d9374432:OUTLINE:e30ab4ae911b5a65,d69381d0-06ed-49bf-9fe1-6050d9374432:OUTLINE:e30ab4ae911b5a65,d69381d0-06ed-49bf-9fe1-6050d9374432,netgear-rax120.pdf,RAX120,baeede11-b348-5efe-9840-bfc79c7159bb,Use Time Machine to back up onto a USB hard disk,Share USB Storage Devices Attached to the Router > Back up Mac computers with Time Machine > Use Time Machine to back up onto a USB hard disk,Share USB Storage Devices Attached to the Router > Back up Mac computers with Time Machine,3,127,128,P4,1,1,1,1,1950,1950,488,488,0,a63eef92-b04f-5721-a16b-76b4b56987d0,a63eef92-b04f-5721-a16b-76b4b56987d0,d69381d0-06ed-49bf-9fe1-6050d9374432:a63eef92-b04f-5721-a16b-76b4b56987d0,True,leaf outline with direct text candidate
d69381d0-06ed-49bf-9fe1-6050d9374432:OUTLINE:db63cdf49b678cf1,d69381d0-06ed-49bf-9fe1-6050d9374432:OUTLINE:db63cdf49b678cf1,d69381d0-06ed-49bf-9fe1-6050d9374432,netgear-rax120.pdf,RAX120,010899b7-b3fa-5b1c-9d11-e257b9ec4964,Enable FTP access within your network,Share USB Storage Devices Attached to the Router > Enable FTP access within your network,Share USB Storage Devices Attached to the Router,2,129,129,P4,1,1,1,1,731,731,183,183,0,662fcb80-0ce3-5797-b452-577fb359c83f,662fcb80-0ce3-5797-b452-577fb359c83f,d69381d0-06ed-49bf-9fe1-6050d9374432:662fcb80-0ce3-5797-b452-577fb359c83f,True,leaf outline with direct text candidate
d69381d0-06ed-49bf-9fe1-6050d9374432:OUTLINE:bcac3565908ea5d5,d69381d0-06ed-49bf-9fe1-6050d9374432:OUTLINE:bcac3565908ea5d5,d69381d0-06ed-49bf-9fe1-6050d9374432,netgear-rax120.pdf,RAX120,833d5b5f-8d0a-5e75-9bb2-3121d9b61b77,View network folders on a storage device,Share USB Storage Devices Attached to the Router > View network folders on a storage device,Share USB Storage Devices Attached to the Router,2,129,130,P4,1,1,1,1,1425,1425,357,357,0,14bc83c7-61a2-5364-b2c3-e1a9446f3dbe,14bc83c7-61a2-5364-b2c3-e1a9446f3dbe,d69381d0-06ed-49bf-9fe1-6050d9374432:14bc83c7-61a2-5364-b2c3-e1a9446f3dbe,True,leaf outline with direct text candidate
d69381d0-06ed-49bf-9fe1-6050d9374432:OUTLINE:7e8558c76cede228,d69381d0-06ed-49bf-9fe1-6050d9374432:OUTLINE:7e8558c76cede228,d69381d0-06ed-49bf-9fe1-6050d9374432,netgear-rax120.pdf,RAX120,f6e1d773-aff1-501a-90d1-21ed2ef6a1e2,Add a network folder on a USB storage device,Share USB Storage Devices Attached to the Router > Add a network folder on a USB storage device,Share USB Storage Devices Attached to the Router,2,130,131,P4,1,1,1,1,1771,1771,443,443,0,9d1e53fd-0a2d-51bd-bb64-2521b239e8f3,9d1e53fd-0a2d-51bd-bb64-2521b239e8f3,d69381d0-06ed-49bf-9fe1-6050d9374432:9d1e53fd-0a2d-51bd-bb64-2521b239e8f3,True,leaf outline with direct text candidate
d69381d0-06ed-49bf-9fe1-6050d9374432:OUTLINE:902cbde304aea84b,d69381d0-06ed-49bf-9fe1-6050d9374432:OUTLINE:902cbde304aea84b,d69381d0-06ed-49bf-9fe1-6050d9374432,netgear-rax120.pdf,RAX120,d7ffa881-7441-5aab-ace0-09812854f390,Edit a network folder on a USB storage device,Share USB Storage Devices Attached to the Router > Edit a network folder on a USB storage device,Share USB Storage Devices Attached to the Router,2,131,132,P4,1,1,1,1,865,865,217,217,0,ef883bba-f58e-59eb-a4c9-3e0a223e7f06,ef883bba-f58e-59eb-a4c9-3e0a223e7f06,d69381d0-06ed-49bf-9fe1-6050d9374432:ef883bba-f58e-59eb-a4c9-3e0a223e7f06,True,leaf outline with direct text candidate
d69381d0-06ed-49bf-9fe1-6050d9374432:OUTLINE:6d9e65e07ba1fab4,d69381d0-06ed-49bf-9fe1-6050d9374432:OUTLINE:6d9e65e07ba1fab4,d69381d0-06ed-49bf-9fe1-6050d9374432,netgear-rax120.pdf,RAX120,a17da9c6-3756-5f6b-9879-5f3b52ae0367,Safely remove a USB storage device,Share USB Storage Devices Attached to the Router > Safely remove a USB storage device,Share USB Storage Devices Attached to the Router,2,132,132,P4,1,1,1,1,893,893,224,224,0,cd9faf8b-ee14-589d-9699-be59c22ce650,cd9faf8b-ee14-589d-9699-be59c22ce650,d69381d0-06ed-49bf-9fe1-6050d9374432:cd9faf8b-ee14-589d-9699-be59c22ce650,True,leaf outline with direct text candidate
d69381d0-06ed-49bf-9fe1-6050d9374432:OUTLINE:5bcedba15877f9ba,d69381d0-06ed-49bf-9fe1-6050d9374432:OUTLINE:5bcedba15877f9ba,d69381d0-06ed-49bf-9fe1-6050d9374432,netgear-rax120.pdf,RAX120,bc4f22d5-64c6-5373-9285-c6f7a11f9a1c,Set up a new Dynamic DNS account,Use Dynamic DNS to Access USB Storage Devices Through the Internet > Set up and manage Dynamic DNS > Set up a new Dynamic DNS account,Use Dynamic DNS to Access USB Storage Devices Through the Internet > Set up and manage Dynamic DNS,3,134,135,P4,1,1,1,1,1270,1270,318,318,0,f54b1f1e-caf6-5cc7-8ff2-e7a5c4f0271f,f54b1f1e-caf6-5cc7-8ff2-e7a5c4f0271f,d69381d0-06ed-49bf-9fe1-6050d9374432:f54b1f1e-caf6-5cc7-8ff2-e7a5c4f0271f,True,leaf outline with direct text candidate
d69381d0-06ed-49bf-9fe1-6050d9374432:OUTLINE:63ce14dc44a4804a,d69381d0-06ed-49bf-9fe1-6050d9374432:OUTLINE:63ce14dc44a4804a,d69381d0-06ed-49bf-9fe1-6050d9374432,netgear-rax120.pdf,RAX120,f0740fb4-d742-5ef6-a728-3c7bc9eea998,Specify a DNS account that you already created,Use Dynamic DNS to Access USB Storage Devices Through the Internet > Set up and manage Dynamic DNS > Specify a DNS account that you already created,Use Dynamic DNS to Access USB Storage Devices Through the Internet > Set up and manage Dynamic DNS,3,135,136,P4,1,1,1,1,1583,1583,396,396,0,e43b60ee-74fd-5d48-823c-2588148d4411,e43b60ee-74fd-5d48-823c-2588148d4411,d69381d0-06ed-49bf-9fe1-6050d9374432:e43b60ee-74fd-5d48-823c-2588148d4411,True,leaf outline with direct text candidate
d69381d0-06ed-49bf-9fe1-6050d9374432:OUTLINE:6bfd2d1ed7baea6f,d69381d0-06ed-49bf-9fe1-6050d9374432:OUTLINE:6bfd2d1ed7baea6f,d69381d0-06ed-49bf-9fe1-6050d9374432,netgear-rax120.pdf,RAX120,53a8093f-b32e-5813-99b4-b16c13e77ae1,Change the Dynamic DNS settings,Use Dynamic DNS to Access USB Storage Devices Through the Internet > Set up and manage Dynamic DNS > Change the Dynamic DNS settings,Use Dynamic DNS to Access USB Storage Devices Through the Internet > Set up and manage Dynamic DNS,3,136,136,P4,1,1,1,1,673,673,169,169,0,d7d2bc93-72bb-53d6-945c-0708fde2888b,d7d2bc93-72bb-53d6-945c-0708fde2888b,d69381d0-06ed-49bf-9fe1-6050d9374432:d7d2bc93-72bb-53d6-945c-0708fde2888b,True,leaf outline with direct text candidate
d69381d0-06ed-49bf-9fe1-6050d9374432:OUTLINE:41b0cfbdc8d1f56e,d69381d0-06ed-49bf-9fe1-6050d9374432:OUTLINE:41b0cfbdc8d1f56e,d69381d0-06ed-49bf-9fe1-6050d9374432,netgear-rax120.pdf,RAX120,9c5f73f9-558c-5d77-b7c4-2a3e07c3993c,Set up your personal FTP server,Use Dynamic DNS to Access USB Storage Devices Through the Internet > Your personal FTP server > Set up your personal FTP server,Use Dynamic DNS to Access USB Storage Devices Through the Internet > Your personal FTP server,3,137,137,P4,1,1,1,1,967,967,242,242,0,4866129d-86cf-5dd4-a4d5-db16c9297fdd,4866129d-86cf-5dd4-a4d5-db16c9297fdd,d69381d0-06ed-49bf-9fe1-6050d9374432:4866129d-86cf-5dd4-a4d5-db16c9297fdd,True,leaf outline with direct text candidate
d69381d0-06ed-49bf-9fe1-6050d9374432:OUTLINE:7b219629caafbbc1,d69381d0-06ed-49bf-9fe1-6050d9374432:OUTLINE:7b219629caafbbc1,d69381d0-06ed-49bf-9fe1-6050d9374432,netgear-rax120.pdf,RAX120,ca24887a-2a24-5f80-aee2-efb71855b700,Set up FTP access through the Internet,Use Dynamic DNS to Access USB Storage Devices Through the Internet > Your personal FTP server > Set up FTP access through the Internet,Use Dynamic DNS to Access USB Storage Devices Through the Internet > Your personal FTP server,3,137,138,P4,1,1,1,1,1564,1564,391,391,0,b0263c07-f638-5830-806c-35c34ccc8b72,b0263c07-f638-5830-806c-35c34ccc8b72,d69381d0-06ed-49bf-9fe1-6050d9374432:b0263c07-f638-5830-806c-35c34ccc8b72,True,leaf outline with direct text candidate
d69381d0-06ed-49bf-9fe1-6050d9374432:OUTLINE:1a19d30ebf92e996,d69381d0-06ed-49bf-9fe1-6050d9374432:OUTLINE:1a19d30ebf92e996,d69381d0-06ed-49bf-9fe1-6050d9374432,netgear-rax120.pdf,RAX120,268dbc1e-ce2a-5031-978b-e910c593ba0e,Set up HTTPS access through the Internet,Use Dynamic DNS to Access USB Storage Devices Through the Internet > Set up HTTPS access through the Internet,Use Dynamic DNS to Access USB Storage Devices Through the Internet,2,138,139,P4,1,1,1,1,1565,1565,392,392,0,af73a425-1ba5-55b9-be08-d834e6fc24e7,af73a425-1ba5-55b9-be08-d834e6fc24e7,d69381d0-06ed-49bf-9fe1-6050d9374432:af73a425-1ba5-55b9-be08-d834e6fc24e7,True,leaf outline with direct text candidate
d69381d0-06ed-49bf-9fe1-6050d9374432:OUTLINE:489c9ea9d0cb181d,d69381d0-06ed-49bf-9fe1-6050d9374432:OUTLINE:489c9ea9d0cb181d,d69381d0-06ed-49bf-9fe1-6050d9374432,netgear-rax120.pdf,RAX120,13fd962d-7648-5bbe-bb60-0da931115bcd,Access USB storage devices through the Internet,Use Dynamic DNS to Access USB Storage Devices Through the Internet > Access USB storage devices through the Internet,Use Dynamic DNS to Access USB Storage Devices Through the Internet,2,139,140,P4,1,1,1,1,825,825,207,207,0,0f3234e4-48f4-51ac-8247-1bfe18ee311a,0f3234e4-48f4-51ac-8247-1bfe18ee311a,d69381d0-06ed-49bf-9fe1-6050d9374432:0f3234e4-48f4-51ac-8247-1bfe18ee311a,True,leaf outline with direct text candidate
d69381d0-06ed-49bf-9fe1-6050d9374432:OUTLINE:661653de34052c9d,d69381d0-06ed-49bf-9fe1-6050d9374432:OUTLINE:661653de34052c9d,d69381d0-06ed-49bf-9fe1-6050d9374432,netgear-rax120.pdf,RAX120,38b42590-97cd-5a66-8947-c0a9c803fa60,Create a ReadyCLOUD account,Use Dynamic DNS to Access USB Storage Devices Through the Internet > Remotely access a USB device using ReadyCLOUD > Create a ReadyCLOUD account,Use Dynamic DNS to Access USB Storage Devices Through the Internet > Remotely access a USB device using ReadyCLOUD,3,140,141,P4,1,1,1,1,492,492,123,123,0,c2aea3b4-6177-5b00-8459-556981d57248,c2aea3b4-6177-5b00-8459-556981d57248,d69381d0-06ed-49bf-9fe1-6050d9374432:c2aea3b4-6177-5b00-8459-556981d57248,True,leaf outline with direct text candidate
d69381d0-06ed-49bf-9fe1-6050d9374432:OUTLINE:41ef9352c3641296,d69381d0-06ed-49bf-9fe1-6050d9374432:OUTLINE:41ef9352c3641296,d69381d0-06ed-49bf-9fe1-6050d9374432,netgear-rax120.pdf,RAX120,d81c0acc-18d0-5b75-9db6-80bc3ea8b4bb,Register your router with ReadyCLOUD,Use Dynamic DNS to Access USB Storage Devices Through the Internet > Remotely access a USB device using ReadyCLOUD > Register your router with ReadyCLOUD,Use Dynamic DNS to Access USB Storage Devices Through the Internet > Remotely access a USB device using ReadyCLOUD,3,141,141,P5,1,1,1,1,1773,1773,444,444,0,4e31d1c7-5684-5542-9135-3dc2ef166f4b,4e31d1c7-5684-5542-9135-3dc2ef166f4b,d69381d0-06ed-49bf-9fe1-6050d9374432:4e31d1c7-5684-5542-9135-3dc2ef166f4b,True,leaf outline with direct text candidate
d69381d0-06ed-49bf-9fe1-6050d9374432:OUTLINE:8b9e84b41a8e2327,d69381d0-06ed-49bf-9fe1-6050d9374432:OUTLINE:8b9e84b41a8e2327,d69381d0-06ed-49bf-9fe1-6050d9374432,netgear-rax120.pdf,RAX120,85bffcd9-9302-54ee-a7a9-37c350274e15,About VPN connections,Use OpenVPN to Access Your Network > About VPN connections,Use OpenVPN to Access Your Network,2,143,143,P5,1,1,1,1,1597,1597,400,400,0,792e9240-5fe7-59a7-8568-d2660d4bd799,792e9240-5fe7-59a7-8568-d2660d4bd799,d69381d0-06ed-49bf-9fe1-6050d9374432:792e9240-5fe7-59a7-8568-d2660d4bd799,True,leaf outline with direct text candidate
d69381d0-06ed-49bf-9fe1-6050d9374432:OUTLINE:8a6dfe1f8c0e3503,d69381d0-06ed-49bf-9fe1-6050d9374432:OUTLINE:8a6dfe1f8c0e3503,d69381d0-06ed-49bf-9fe1-6050d9374432,netgear-rax120.pdf,RAX120,96dc684b-f256-59d7-abeb-34e2b5b644be,Enable OpenVPN service in the router,Use OpenVPN to Access Your Network > Enable OpenVPN service in the router,Use OpenVPN to Access Your Network,2,144,145,P5,1,1,1,1,2290,2290,573,573,0,1cca8454-3ee7-57e5-96f3-7174a5c17ae1,1cca8454-3ee7-57e5-96f3-7174a5c17ae1,d69381d0-06ed-49bf-9fe1-6050d9374432:1cca8454-3ee7-57e5-96f3-7174a5c17ae1,True,leaf outline with direct text candidate
d69381d0-06ed-49bf-9fe1-6050d9374432:OUTLINE:12bddd78cb699bc6,d69381d0-06ed-49bf-9fe1-6050d9374432:OUTLINE:12bddd78cb699bc6,d69381d0-06ed-49bf-9fe1-6050d9374432,netgear-rax120.pdf,RAX120,565131f3-e5de-5008-b311-e344a7ca74c7,Install OpenVPN software on a Windows-based computer,Use OpenVPN to Access Your Network > Install OpenVPN software on a VPN client > Install OpenVPN software on a Windows-based computer,Use OpenVPN to Access Your Network > Install OpenVPN software on a VPN client,3,145,147,P5,1,1,1,1,2426,2426,607,607,0,b357489f-7866-5d11-bd22-70e8fee2e942,b357489f-7866-5d11-bd22-70e8fee2e942,d69381d0-06ed-49bf-9fe1-6050d9374432:b357489f-7866-5d11-bd22-70e8fee2e942,True,leaf outline with direct text candidate
d69381d0-06ed-49bf-9fe1-6050d9374432:OUTLINE:7f836f6e8827bbbf,d69381d0-06ed-49bf-9fe1-6050d9374432:OUTLINE:7f836f6e8827bbbf,d69381d0-06ed-49bf-9fe1-6050d9374432,netgear-rax120.pdf,RAX120,9e13b379-1afe-56ed-ab9b-bf54ab9973d7,Install OpenVPN software on a Mac computer,Use OpenVPN to Access Your Network > Install OpenVPN software on a VPN client > Install OpenVPN software on a Mac computer,Use OpenVPN to Access Your Network > Install OpenVPN software on a VPN client,3,147,148,P5,1,1,1,1,1669,1669,418,418,0,809c6d5a-46a0-54e0-8882-05b5d42677f1,809c6d5a-46a0-54e0-8882-05b5d42677f1,d69381d0-06ed-49bf-9fe1-6050d9374432:809c6d5a-46a0-54e0-8882-05b5d42677f1,True,leaf outline with direct text candidate
d69381d0-06ed-49bf-9fe1-6050d9374432:OUTLINE:7c9d23443af8662d,d69381d0-06ed-49bf-9fe1-6050d9374432:OUTLINE:7c9d23443af8662d,d69381d0-06ed-49bf-9fe1-6050d9374432,netgear-rax120.pdf,RAX120,3345795f-4aac-5f85-a2bf-f41943445bd8,Install OpenVPN software on an iOS device,Use OpenVPN to Access Your Network > Install OpenVPN software on a VPN client > Install OpenVPN software on an iOS device,Use OpenVPN to Access Your Network > Install OpenVPN software on a VPN client,3,148,149,P5,1,1,1,1,1641,1641,411,411,0,7aba781d-08f8-5fc6-809e-ee38bba11bfa,7aba781d-08f8-5fc6-809e-ee38bba11bfa,d69381d0-06ed-49bf-9fe1-6050d9374432:7aba781d-08f8-5fc6-809e-ee38bba11bfa,True,leaf outline with direct text candidate
d69381d0-06ed-49bf-9fe1-6050d9374432:OUTLINE:65bda46f8a067355,d69381d0-06ed-49bf-9fe1-6050d9374432:OUTLINE:65bda46f8a067355,d69381d0-06ed-49bf-9fe1-6050d9374432,netgear-rax120.pdf,RAX120,66a20af4-fa6a-5c29-bd25-639a4a31b1fd,Install OpenVPN software on an Android device,Use OpenVPN to Access Your Network > Install OpenVPN software on a VPN client > Install OpenVPN software on an Android device,Use OpenVPN to Access Your Network > Install OpenVPN software on a VPN client,3,149,149,P5,1,1,1,1,1535,1535,384,384,0,345daf99-3239-5ef0-82b9-699f8578fa2c,345daf99-3239-5ef0-82b9-699f8578fa2c,d69381d0-06ed-49bf-9fe1-6050d9374432:345daf99-3239-5ef0-82b9-699f8578fa2c,True,leaf outline with direct text candidate
d69381d0-06ed-49bf-9fe1-6050d9374432:OUTLINE:73af42b29ef02388,d69381d0-06ed-49bf-9fe1-6050d9374432:OUTLINE:73af42b29ef02388,d69381d0-06ed-49bf-9fe1-6050d9374432,netgear-rax120.pdf,RAX120,7a4def3e-5a44-5bd6-acf4-8d9a50f9d114,LAN IP addressing in VPN networks,Use OpenVPN to Access Your Network > LAN IP addressing in VPN networks,Use OpenVPN to Access Your Network,2,150,150,P5,1,1,1,1,717,717,180,180,0,bf69a6ec-f1d8-59ef-9f24-3e6f511b61a6,bf69a6ec-f1d8-59ef-9f24-3e6f511b61a6,d69381d0-06ed-49bf-9fe1-6050d9374432:bf69a6ec-f1d8-59ef-9f24-3e6f511b61a6,True,leaf outline with direct text candidate
d69381d0-06ed-49bf-9fe1-6050d9374432:OUTLINE:cc0ce5690a59f7da,d69381d0-06ed-49bf-9fe1-6050d9374432:OUTLINE:cc0ce5690a59f7da,d69381d0-06ed-49bf-9fe1-6050d9374432,netgear-rax120.pdf,RAX120,02ff904e-41f4-5c10-9975-130c6accdef2,Use VPN to remotely access a USB storage device attached to the router,Use OpenVPN to Access Your Network > Use VPN to remotely access a USB storage device attached to the router,Use OpenVPN to Access Your Network,2,150,150,P5,1,1,1,1,418,418,105,105,0,d2bbd29c-7588-5dda-ab46-69b0612cd939,d2bbd29c-7588-5dda-ab46-69b0612cd939,d69381d0-06ed-49bf-9fe1-6050d9374432:d2bbd29c-7588-5dda-ab46-69b0612cd939,True,leaf outline with direct text candidate
d69381d0-06ed-49bf-9fe1-6050d9374432:OUTLINE:9e6456f8a8e2556f,d69381d0-06ed-49bf-9fe1-6050d9374432:OUTLINE:9e6456f8a8e2556f,d69381d0-06ed-49bf-9fe1-6050d9374432,netgear-rax120.pdf,RAX120,e02ffd7f-8494-5e44-a110-8dff7664f4b7,Allow VPN client Internet access in the router,Use OpenVPN to Access Your Network > Use VPN to access your Internet service at home > Allow VPN client Internet access in the router,Use OpenVPN to Access Your Network > Use VPN to access your Internet service at home,3,151,151,P5,1,1,1,1,1321,1321,331,331,0,23430790-70a6-50ac-80b3-35ee1e5831c7,23430790-70a6-50ac-80b3-35ee1e5831c7,d69381d0-06ed-49bf-9fe1-6050d9374432:23430790-70a6-50ac-80b3-35ee1e5831c7,True,leaf outline with direct text candidate
d69381d0-06ed-49bf-9fe1-6050d9374432:OUTLINE:4961dff6fcaa17d5,d69381d0-06ed-49bf-9fe1-6050d9374432:OUTLINE:4961dff6fcaa17d5,d69381d0-06ed-49bf-9fe1-6050d9374432,netgear-rax120.pdf,RAX120,37b5eba3-b653-5d82-8950-9ce67e252ed9,Block VPN client Internet access in the router,Use OpenVPN to Access Your Network > Use VPN to access your Internet service at home > Block VPN client Internet access in the router,Use OpenVPN to Access Your Network > Use VPN to access your Internet service at home,3,151,152,P5,1,1,1,1,1312,1312,328,328,0,cc2a50b4-c2ab-52a1-aec4-9176e39b978c,cc2a50b4-c2ab-52a1-aec4-9176e39b978c,d69381d0-06ed-49bf-9fe1-6050d9374432:cc2a50b4-c2ab-52a1-aec4-9176e39b978c,True,leaf outline with direct text candidate
d69381d0-06ed-49bf-9fe1-6050d9374432:OUTLINE:daf5f533fe9ebdbe,d69381d0-06ed-49bf-9fe1-6050d9374432:OUTLINE:daf5f533fe9ebdbe,d69381d0-06ed-49bf-9fe1-6050d9374432,netgear-rax120.pdf,RAX120,845f39c3-a4c3-54d5-8f82-7eae56fe1454,Set up port forwarding to a local server,Manage port forwarding and port triggering > Manage port forwarding to a local server > Set up port forwarding to a local server,Manage port forwarding and port triggering > Manage port forwarding to a local server,3,154,155,P5,1,1,1,1,1328,1328,332,332,0,bd4c95a1-759d-5ce0-931c-626479b66080,bd4c95a1-759d-5ce0-931c-626479b66080,d69381d0-06ed-49bf-9fe1-6050d9374432:bd4c95a1-759d-5ce0-931c-626479b66080,True,leaf outline with direct text candidate
d69381d0-06ed-49bf-9fe1-6050d9374432:OUTLINE:58cf70019312366d,d69381d0-06ed-49bf-9fe1-6050d9374432:OUTLINE:58cf70019312366d,d69381d0-06ed-49bf-9fe1-6050d9374432,netgear-rax120.pdf,RAX120,0c5ddf74-49bd-542e-8e5d-0a03efc8ea79,Add a custom port forwarding service,Manage port forwarding and port triggering > Manage port forwarding to a local server > Add a custom port forwarding service,Manage port forwarding and port triggering > Manage port forwarding to a local server,3,155,156,P5,1,1,1,1,2022,2022,506,506,0,b10cb40c-c22b-5f9d-b7f2-45089cb0c5d8,b10cb40c-c22b-5f9d-b7f2-45089cb0c5d8,d69381d0-06ed-49bf-9fe1-6050d9374432:b10cb40c-c22b-5f9d-b7f2-45089cb0c5d8,True,leaf outline with direct text candidate
d69381d0-06ed-49bf-9fe1-6050d9374432:OUTLINE:467073553419e71c,d69381d0-06ed-49bf-9fe1-6050d9374432:OUTLINE:467073553419e71c,d69381d0-06ed-49bf-9fe1-6050d9374432,netgear-rax120.pdf,RAX120,cfdd6801-0999-5574-a016-f62d24f94704,Edit a port forwarding service,Manage port forwarding and port triggering > Manage port forwarding to a local server > Edit a port forwarding service,Manage port forwarding and port triggering > Manage port forwarding to a local server,3,156,156,P5,1,1,1,1,866,866,217,217,0,c2704dca-8973-5ecf-af15-2fedb90d9ea4,c2704dca-8973-5ecf-af15-2fedb90d9ea4,d69381d0-06ed-49bf-9fe1-6050d9374432:c2704dca-8973-5ecf-af15-2fedb90d9ea4,True,leaf outline with direct text candidate
d69381d0-06ed-49bf-9fe1-6050d9374432:OUTLINE:26b7cd33b42faba6,d69381d0-06ed-49bf-9fe1-6050d9374432:OUTLINE:26b7cd33b42faba6,d69381d0-06ed-49bf-9fe1-6050d9374432,netgear-rax120.pdf,RAX120,c1bbc99f-3c1e-57cc-b684-14f953cdf458,Delete a port forwarding entry,Manage port forwarding and port triggering > Manage port forwarding to a local server > Delete a port forwarding entry,Manage port forwarding and port triggering > Manage port forwarding to a local server,3,157,157,P5,1,1,1,1,747,747,187,187,0,c0fa25f5-57eb-5278-95d6-0f2bcace224f,c0fa25f5-57eb-5278-95d6-0f2bcace224f,d69381d0-06ed-49bf-9fe1-6050d9374432:c0fa25f5-57eb-5278-95d6-0f2bcace224f,True,leaf outline with direct text candidate
d69381d0-06ed-49bf-9fe1-6050d9374432:OUTLINE:18c827aa369e2d90,d69381d0-06ed-49bf-9fe1-6050d9374432:OUTLINE:18c827aa369e2d90,d69381d0-06ed-49bf-9fe1-6050d9374432,netgear-rax120.pdf,RAX120,a872b6c9-0405-5a9b-9a3d-1ef9e2be0dfb,Application example: Make a local web server public,Manage port forwarding and port triggering > Manage port forwarding to a local server > Application example: Make a local web server public,Manage port forwarding and port triggering > Manage port forwarding to a local server,3,157,157,P5,1,1,1,1,934,934,234,234,0,10f082e0-460d-59c2-bf25-090a7b36a4a8,10f082e0-460d-59c2-bf25-090a7b36a4a8,d69381d0-06ed-49bf-9fe1-6050d9374432:10f082e0-460d-59c2-bf25-090a7b36a4a8,True,leaf outline with direct text candidate
d69381d0-06ed-49bf-9fe1-6050d9374432:OUTLINE:0d5b6e0a7ba7bfe2,d69381d0-06ed-49bf-9fe1-6050d9374432:OUTLINE:0d5b6e0a7ba7bfe2,d69381d0-06ed-49bf-9fe1-6050d9374432,netgear-rax120.pdf,RAX120,8ec85f88-fd79-5770-95ff-9f22cbb3646d,How the router implements the port forwarding rule,Manage port forwarding and port triggering > Manage port forwarding to a local server > How the router implements the port forwarding rule,Manage port forwarding and port triggering > Manage port forwarding to a local server,3,158,158,P5,1,1,1,1,926,926,232,232,0,cf516841-9648-5ad0-aaaa-b65b9c5d85aa,cf516841-9648-5ad0-aaaa-b65b9c5d85aa,d69381d0-06ed-49bf-9fe1-6050d9374432:cf516841-9648-5ad0-aaaa-b65b9c5d85aa,True,leaf outline with direct text candidate
d69381d0-06ed-49bf-9fe1-6050d9374432:OUTLINE:75123e28a3f1cdc3,d69381d0-06ed-49bf-9fe1-6050d9374432:OUTLINE:75123e28a3f1cdc3,d69381d0-06ed-49bf-9fe1-6050d9374432,netgear-rax120.pdf,RAX120,4818a3c0-b4a9-5146-827d-ca32a2a76b08,Add a port triggering service,Manage port forwarding and port triggering > Port triggering > Add a port triggering service,Manage port forwarding and port triggering > Port triggering,3,159,160,P5,1,1,1,1,1809,1809,453,453,0,9666c3ba-4646-59ef-9081-009ee8bd5f26,9666c3ba-4646-59ef-9081-009ee8bd5f26,d69381d0-06ed-49bf-9fe1-6050d9374432:9666c3ba-4646-59ef-9081-009ee8bd5f26,True,leaf outline with direct text candidate
d69381d0-06ed-49bf-9fe1-6050d9374432:OUTLINE:ad72e9c271e77de6,d69381d0-06ed-49bf-9fe1-6050d9374432:OUTLINE:ad72e9c271e77de6,d69381d0-06ed-49bf-9fe1-6050d9374432,netgear-rax120.pdf,RAX120,14d3321f-7d4d-5eb9-8f77-6f3e3fd6b8f8,Enable port triggering,Manage port forwarding and port triggering > Port triggering > Enable port triggering,Manage port forwarding and port triggering > Port triggering,3,160,160,P5,1,1,1,1,1105,1105,277,277,0,e73565d7-c70f-5c33-90a9-dde4b0e36036,e73565d7-c70f-5c33-90a9-dde4b0e36036,d69381d0-06ed-49bf-9fe1-6050d9374432:e73565d7-c70f-5c33-90a9-dde4b0e36036,True,leaf outline with direct text candidate
d69381d0-06ed-49bf-9fe1-6050d9374432:OUTLINE:9e8595cdfcbcddf0,d69381d0-06ed-49bf-9fe1-6050d9374432:OUTLINE:9e8595cdfcbcddf0,d69381d0-06ed-49bf-9fe1-6050d9374432,netgear-rax120.pdf,RAX120,b906e8e6-0b77-5cc7-b8f1-38ff7101f7d1,Application example: Port triggering for Internet relay chat,Manage port forwarding and port triggering > Port triggering > Application example: Port triggering for Internet relay chat,Manage port forwarding and port triggering > Port triggering,3,160,161,P5,1,1,1,1,2611,2611,653,653,0,95629a49-e234-57fe-a432-51fea6617983,95629a49-e234-57fe-a432-51fea6617983,d69381d0-06ed-49bf-9fe1-6050d9374432:95629a49-e234-57fe-a432-51fea6617983,True,leaf outline with direct text candidate
d69381d0-06ed-49bf-9fe1-6050d9374432:OUTLINE:f67dde43cca3ccc5,d69381d0-06ed-49bf-9fe1-6050d9374432:OUTLINE:f67dde43cca3ccc5,d69381d0-06ed-49bf-9fe1-6050d9374432,netgear-rax120.pdf,RAX120,05a553ed-a7fc-5f70-9742-7fcdfa9d762a,Sequence to restart your network,Troubleshooting > Quick tips > Sequence to restart your network,Troubleshooting > Quick tips,3,163,163,P5,1,1,1,1,212,212,53,53,0,b9cf44a4-e860-572b-8735-b26e1fc948db,b9cf44a4-e860-572b-8735-b26e1fc948db,d69381d0-06ed-49bf-9fe1-6050d9374432:b9cf44a4-e860-572b-8735-b26e1fc948db,True,leaf outline with direct text candidate
d69381d0-06ed-49bf-9fe1-6050d9374432:OUTLINE:75bf225706b871e2,d69381d0-06ed-49bf-9fe1-6050d9374432:OUTLINE:75bf225706b871e2,d69381d0-06ed-49bf-9fe1-6050d9374432,netgear-rax120.pdf,RAX120,f2fe5042-82b3-5524-923a-c58b9de1b1cb,Check the power adapter and Ethernet cable connections,Troubleshooting > Quick tips > Check the power adapter and Ethernet cable connections,Troubleshooting > Quick tips,3,163,163,P5,1,1,1,1,515,515,129,129,0,6b276395-29f9-5df2-adac-bbe935e47b32,6b276395-29f9-5df2-adac-bbe935e47b32,d69381d0-06ed-49bf-9fe1-6050d9374432:6b276395-29f9-5df2-adac-bbe935e47b32,True,leaf outline with direct text candidate
d69381d0-06ed-49bf-9fe1-6050d9374432:OUTLINE:2c74854a9298dec3,d69381d0-06ed-49bf-9fe1-6050d9374432:OUTLINE:2c74854a9298dec3,d69381d0-06ed-49bf-9fe1-6050d9374432,netgear-rax120.pdf,RAX120,e7e81af1-4323-50b3-b12f-9b5c2b1d10a6,Check the WiFi settings,Troubleshooting > Quick tips > Check the WiFi settings,Troubleshooting > Quick tips,3,163,163,P5,1,1,1,1,406,406,102,102,0,f24fac39-a3db-5243-9d24-4986ad8e8cf1,f24fac39-a3db-5243-9d24-4986ad8e8cf1,d69381d0-06ed-49bf-9fe1-6050d9374432:f24fac39-a3db-5243-9d24-4986ad8e8cf1,True,leaf outline with direct text candidate
d69381d0-06ed-49bf-9fe1-6050d9374432:OUTLINE:eb1f7b0380af998e,d69381d0-06ed-49bf-9fe1-6050d9374432:OUTLINE:eb1f7b0380af998e,d69381d0-06ed-49bf-9fe1-6050d9374432,netgear-rax120.pdf,RAX120,f069a298-e9d8-5623-874b-c945eb56eb4e,Check the network settings,Troubleshooting > Quick tips > Check the network settings,Troubleshooting > Quick tips,3,163,164,P5,1,1,1,1,593,593,149,149,0,ec44b73a-1963-51b8-b170-5ef2511a7451,ec44b73a-1963-51b8-b170-5ef2511a7451,d69381d0-06ed-49bf-9fe1-6050d9374432:ec44b73a-1963-51b8-b170-5ef2511a7451,True,leaf outline with direct text candidate
d69381d0-06ed-49bf-9fe1-6050d9374432:OUTLINE:6cdd03f3614a1ab8,d69381d0-06ed-49bf-9fe1-6050d9374432:OUTLINE:6cdd03f3614a1ab8,d69381d0-06ed-49bf-9fe1-6050d9374432,netgear-rax120.pdf,RAX120,fefab5ab-a31b-5bdf-993f-715650c0283d,Standard LED behavior when the router is powered on,Troubleshooting > Troubleshoot with the LEDs > Standard LED behavior when the router is powered on,Troubleshooting > Troubleshoot with the LEDs,3,164,164,P5,1,1,1,1,395,395,99,99,0,53092283-1630-580a-ae86-48bf4df08b16,53092283-1630-580a-ae86-48bf4df08b16,d69381d0-06ed-49bf-9fe1-6050d9374432:53092283-1630-580a-ae86-48bf4df08b16,True,leaf outline with direct text candidate
d69381d0-06ed-49bf-9fe1-6050d9374432:OUTLINE:5cd070b790651b6f,d69381d0-06ed-49bf-9fe1-6050d9374432:OUTLINE:5cd070b790651b6f,d69381d0-06ed-49bf-9fe1-6050d9374432,netgear-rax120.pdf,RAX120,d956268f-5ec6-5115-97fa-021272a322e6,Power LED is off or blinking,Troubleshooting > Troubleshoot with the LEDs > Power LED is off or blinking,Troubleshooting > Troubleshoot with the LEDs,3,164,164,P5,1,1,1,1,677,677,170,170,0,bc5a29a3-c41c-51db-96ab-22d5d18c5515,bc5a29a3-c41c-51db-96ab-22d5d18c5515,d69381d0-06ed-49bf-9fe1-6050d9374432:bc5a29a3-c41c-51db-96ab-22d5d18c5515,True,leaf outline with direct text candidate
d69381d0-06ed-49bf-9fe1-6050d9374432:OUTLINE:8442cd09018fcfe2,d69381d0-06ed-49bf-9fe1-6050d9374432:OUTLINE:8442cd09018fcfe2,d69381d0-06ed-49bf-9fe1-6050d9374432,netgear-rax120.pdf,RAX120,11203a56-9834-54f3-a099-8662053bb5c3,LEDs never turn off,Troubleshooting > Troubleshoot with the LEDs > LEDs never turn off,Troubleshooting > Troubleshoot with the LEDs,3,164,165,P5,1,1,1,1,501,501,126,126,0,59cc073b-cb01-5945-a7bd-10eb0067b264,59cc073b-cb01-5945-a7bd-10eb0067b264,d69381d0-06ed-49bf-9fe1-6050d9374432:59cc073b-cb01-5945-a7bd-10eb0067b264,True,leaf outline with direct text candidate
d69381d0-06ed-49bf-9fe1-6050d9374432:OUTLINE:336cd4ad401325c0,d69381d0-06ed-49bf-9fe1-6050d9374432:OUTLINE:336cd4ad401325c0,d69381d0-06ed-49bf-9fe1-6050d9374432,netgear-rax120.pdf,RAX120,bc5885aa-a11c-5653-b9ae-2b2f93092f61,Internet or Ethernet LAN port LEDs are off,Troubleshooting > Troubleshoot with the LEDs > Internet or Ethernet LAN port LEDs are off,Troubleshooting > Troubleshoot with the LEDs,3,165,165,P5,1,1,1,1,536,536,134,134,0,dc920b05-a85c-5eba-9f83-24422f755c6c,dc920b05-a85c-5eba-9f83-24422f755c6c,d69381d0-06ed-49bf-9fe1-6050d9374432:dc920b05-a85c-5eba-9f83-24422f755c6c,True,leaf outline with direct text candidate
d69381d0-06ed-49bf-9fe1-6050d9374432:OUTLINE:5afba934c029b9ba,d69381d0-06ed-49bf-9fe1-6050d9374432:OUTLINE:5afba934c029b9ba,d69381d0-06ed-49bf-9fe1-6050d9374432,netgear-rax120.pdf,RAX120,f69ed3da-74d0-5d83-b912-9836faa3da5b,WiFi LED is off,Troubleshooting > Troubleshoot with the LEDs > WiFi LED is off,Troubleshooting > Troubleshoot with the LEDs,3,165,165,P5,1,1,1,1,316,316,79,79,0,5cdde1bb-9f34-58f5-a81e-b80ef1f7b022,5cdde1bb-9f34-58f5-a81e-b80ef1f7b022,d69381d0-06ed-49bf-9fe1-6050d9374432:5cdde1bb-9f34-58f5-a81e-b80ef1f7b022,True,leaf outline with direct text candidate
d69381d0-06ed-49bf-9fe1-6050d9374432:OUTLINE:5a4a9eed369ea641,d69381d0-06ed-49bf-9fe1-6050d9374432:OUTLINE:5a4a9eed369ea641,d69381d0-06ed-49bf-9fe1-6050d9374432,netgear-rax120.pdf,RAX120,a756d18b-d502-5caf-8395-a1184f653b0c,You cannot log in to the router,Troubleshooting > You cannot log in to the router,Troubleshooting,2,165,166,P5,1,1,1,1,2466,2466,617,617,0,e34fa161-9104-5116-90b4-a35d5749364c,e34fa161-9104-5116-90b4-a35d5749364c,d69381d0-06ed-49bf-9fe1-6050d9374432:e34fa161-9104-5116-90b4-a35d5749364c,True,leaf outline with direct text candidate
d69381d0-06ed-49bf-9fe1-6050d9374432:OUTLINE:26632525d1e8244b,d69381d0-06ed-49bf-9fe1-6050d9374432:OUTLINE:26632525d1e8244b,d69381d0-06ed-49bf-9fe1-6050d9374432,netgear-rax120.pdf,RAX120,ca343ae2-d265-55bf-9649-139142af0168,You cannot access the Internet,Troubleshooting > You cannot access the Internet,Troubleshooting,2,166,168,P5,1,1,1,1,2982,2982,746,746,0,d391fad6-8f89-528c-9e77-629049ac978d,d391fad6-8f89-528c-9e77-629049ac978d,d69381d0-06ed-49bf-9fe1-6050d9374432:d391fad6-8f89-528c-9e77-629049ac978d,True,leaf outline with direct text candidate
d69381d0-06ed-49bf-9fe1-6050d9374432:OUTLINE:6ca762548278f56e,d69381d0-06ed-49bf-9fe1-6050d9374432:OUTLINE:6ca762548278f56e,d69381d0-06ed-49bf-9fe1-6050d9374432,netgear-rax120.pdf,RAX120,113f3694-8f90-5b76-910c-e0c0fa2534a4,Troubleshoot Internet browsing,Troubleshooting > Troubleshoot Internet browsing,Troubleshooting,2,168,168,P5,1,1,1,1,1129,1129,283,283,0,ff1f5340-8ce2-5c00-b61b-e404662096a4,ff1f5340-8ce2-5c00-b61b-e404662096a4,d69381d0-06ed-49bf-9fe1-6050d9374432:ff1f5340-8ce2-5c00-b61b-e404662096a4,True,leaf outline with direct text candidate
d69381d0-06ed-49bf-9fe1-6050d9374432:OUTLINE:9c32743864313ce3,d69381d0-06ed-49bf-9fe1-6050d9374432:OUTLINE:9c32743864313ce3,d69381d0-06ed-49bf-9fe1-6050d9374432,netgear-rax120.pdf,RAX120,f2601706-a723-5e46-962a-db734c3c7d21,Changes are not saved,Troubleshooting > Changes are not saved,Troubleshooting,2,168,168,P5,1,1,1,1,403,403,101,101,0,5248213a-8c94-5110-b8b4-37fc33d44bb1,5248213a-8c94-5110-b8b4-37fc33d44bb1,d69381d0-06ed-49bf-9fe1-6050d9374432:5248213a-8c94-5110-b8b4-37fc33d44bb1,True,leaf outline with direct text candidate
d69381d0-06ed-49bf-9fe1-6050d9374432:OUTLINE:392ff4fbd7ee9772,d69381d0-06ed-49bf-9fe1-6050d9374432:OUTLINE:392ff4fbd7ee9772,d69381d0-06ed-49bf-9fe1-6050d9374432,netgear-rax120.pdf,RAX120,319e5fd1-8b31-54c9-87b1-1db4d6aa68ab,Troubleshoot WiFi connectivity,Troubleshooting > Troubleshoot WiFi connectivity,Troubleshooting,2,169,169,P5,1,1,1,1,1221,1221,306,306,0,48b55cf6-5b08-527e-bd26-f4183bca41e2,48b55cf6-5b08-527e-bd26-f4183bca41e2,d69381d0-06ed-49bf-9fe1-6050d9374432:48b55cf6-5b08-527e-bd26-f4183bca41e2,True,leaf outline with direct text candidate
d69381d0-06ed-49bf-9fe1-6050d9374432:OUTLINE:9ad236fa74b89647,d69381d0-06ed-49bf-9fe1-6050d9374432:OUTLINE:9ad236fa74b89647,d69381d0-06ed-49bf-9fe1-6050d9374432,netgear-rax120.pdf,RAX120,f0ae9591-7882-5bff-8757-cf14a87e9660,Test the LAN path to your router,Troubleshooting > Troubleshoot your network using the ping utility > Test the LAN path to your router,Troubleshooting > Troubleshoot your network using the ping utility,3,169,170,P5,1,1,1,1,1401,1401,351,351,0,742aebb8-def7-557e-90b0-9a86f89c3e00,742aebb8-def7-557e-90b0-9a86f89c3e00,d69381d0-06ed-49bf-9fe1-6050d9374432:742aebb8-def7-557e-90b0-9a86f89c3e00,True,leaf outline with direct text candidate
d69381d0-06ed-49bf-9fe1-6050d9374432:OUTLINE:3d0101989fca1bb6,d69381d0-06ed-49bf-9fe1-6050d9374432:OUTLINE:3d0101989fca1bb6,d69381d0-06ed-49bf-9fe1-6050d9374432,netgear-rax120.pdf,RAX120,6588394b-f099-5d72-a048-a42225f6c455,Test the path from a Windows-based computer to a remote device,Troubleshooting > Troubleshoot your network using the ping utility > Test the path from a Windows-based computer to a remote device,Troubleshooting > Troubleshoot your network using the ping utility,3,170,171,P5,1,1,1,1,1579,1579,395,395,0,a57ec6c5-b0e2-5468-95b3-86df9ea89365,a57ec6c5-b0e2-5468-95b3-86df9ea89365,d69381d0-06ed-49bf-9fe1-6050d9374432:a57ec6c5-b0e2-5468-95b3-86df9ea89365,True,leaf outline with direct text candidate
d69381d0-06ed-49bf-9fe1-6050d9374432:OUTLINE:41c9cb735a542932,d69381d0-06ed-49bf-9fe1-6050d9374432:OUTLINE:41c9cb735a542932,d69381d0-06ed-49bf-9fe1-6050d9374432,netgear-rax120.pdf,RAX120,5e8ff238-74ea-5b0b-84a3-747d6165ef9c,Factory settings,Supplemental Information > Factory settings,Supplemental Information,2,173,174,P5,1,1,1,1,1558,1558,390,390,1,7059c14f-c840-5863-9050-2518f69aa8d5,7059c14f-c840-5863-9050-2518f69aa8d5,d69381d0-06ed-49bf-9fe1-6050d9374432:7059c14f-c840-5863-9050-2518f69aa8d5,True,leaf outline with direct text candidate
d69381d0-06ed-49bf-9fe1-6050d9374432:OUTLINE:6bc46cf08a463778,d69381d0-06ed-49bf-9fe1-6050d9374432:OUTLINE:6bc46cf08a463778,d69381d0-06ed-49bf-9fe1-6050d9374432,netgear-rax120.pdf,RAX120,9821da7c-35ee-5548-bb5d-45a160293c9f,Technical specifications,Supplemental Information > Technical specifications,Supplemental Information,2,174,175,P5,1,1,1,1,1835,1835,459,459,1,b99bfe8a-2c7b-5d11-8e26-ac160c89d9c9,b99bfe8a-2c7b-5d11-8e26-ac160c89d9c9,d69381d0-06ed-49bf-9fe1-6050d9374432:b99bfe8a-2c7b-5d11-8e26-ac160c89d9c9,True,leaf outline with direct text candidate
e65eaa31-8579-448d-a22c-88a8fde64409:OUTLINE:89ac3ac6d4a7bbea,e65eaa31-8579-448d-a22c-88a8fde64409:OUTLINE:89ac3ac6d4a7bbea,e65eaa31-8579-448d-a22c-88a8fde64409,netgear-rax50.pdf,RAX50,99dd6f86-19a9-58c7-bab5-7ebfcbedda0b,Unpack your router,Hardware Setup > Unpack your router,Hardware Setup,2,9,9,P1,1,1,1,1,117,117,30,30,1,49fd8078-d12d-592a-84fa-1e686f72b071,49fd8078-d12d-592a-84fa-1e686f72b071,e65eaa31-8579-448d-a22c-88a8fde64409:49fd8078-d12d-592a-84fa-1e686f72b071,True,leaf outline with direct text candidate
e65eaa31-8579-448d-a22c-88a8fde64409:OUTLINE:c2b8a7a81af8d017,e65eaa31-8579-448d-a22c-88a8fde64409:OUTLINE:c2b8a7a81af8d017,e65eaa31-8579-448d-a22c-88a8fde64409,netgear-rax50.pdf,RAX50,d9d34bde-2bf7-5507-bf85-df84fd806450,Top panel LEDs and buttons,Hardware Setup > Top panel LEDs and buttons,Hardware Setup,2,10,11,P1,1,1,1,1,1984,1984,496,496,1,768db634-23d4-52e8-85b2-64f39b4bb22f,768db634-23d4-52e8-85b2-64f39b4bb22f,e65eaa31-8579-448d-a22c-88a8fde64409:768db634-23d4-52e8-85b2-64f39b4bb22f,True,leaf outline with direct text candidate
e65eaa31-8579-448d-a22c-88a8fde64409:OUTLINE:7614a09c7c5f91bc,e65eaa31-8579-448d-a22c-88a8fde64409:OUTLINE:7614a09c7c5f91bc,e65eaa31-8579-448d-a22c-88a8fde64409,netgear-rax50.pdf,RAX50,25574d80-0bc1-51a7-ac49-e90b29eeedea,Rear panel,Hardware Setup > Rear panel,Hardware Setup,2,12,12,P1,1,1,1,1,868,868,217,217,1,6b5281de-e334-5b77-972d-87d1f2c26ff8,6b5281de-e334-5b77-972d-87d1f2c26ff8,e65eaa31-8579-448d-a22c-88a8fde64409:6b5281de-e334-5b77-972d-87d1f2c26ff8,True,leaf outline with direct text candidate
e65eaa31-8579-448d-a22c-88a8fde64409:OUTLINE:bd2a9b275a579189,e65eaa31-8579-448d-a22c-88a8fde64409:OUTLINE:bd2a9b275a579189,e65eaa31-8579-448d-a22c-88a8fde64409,netgear-rax50.pdf,RAX50,d2cb7dc7-3f74-5c6d-8595-2a3779654501,Router label,Hardware Setup > Router label,Hardware Setup,2,13,13,P1,1,1,1,1,136,136,34,34,1,34a580cd-450c-55e1-8009-658748d19a31,34a580cd-450c-55e1-8009-658748d19a31,e65eaa31-8579-448d-a22c-88a8fde64409:34a580cd-450c-55e1-8009-658748d19a31,True,leaf outline with direct text candidate
e65eaa31-8579-448d-a22c-88a8fde64409:OUTLINE:ab68deb3acd243ff,e65eaa31-8579-448d-a22c-88a8fde64409:OUTLINE:ab68deb3acd243ff,e65eaa31-8579-448d-a22c-88a8fde64409,netgear-rax50.pdf,RAX50,7af4567d-d1f1-5485-a4d3-4b914485f28c,Attach and position the antennas,Hardware Setup > Attach and position the antennas,Hardware Setup,2,13,13,P1,1,1,1,1,475,475,119,119,1,c31cd99a-365c-5ce5-8381-39df25c52273,c31cd99a-365c-5ce5-8381-39df25c52273,e65eaa31-8579-448d-a22c-88a8fde64409:c31cd99a-365c-5ce5-8381-39df25c52273,True,leaf outline with direct text candidate
e65eaa31-8579-448d-a22c-88a8fde64409:OUTLINE:79aeb7edd70d3319,e65eaa31-8579-448d-a22c-88a8fde64409:OUTLINE:79aeb7edd70d3319,e65eaa31-8579-448d-a22c-88a8fde64409,netgear-rax50.pdf,RAX50,c8604b35-5a70-582a-9fdc-f64e1c373efb,Position your router,Hardware Setup > Position your router,Hardware Setup,2,14,14,P1,1,1,1,1,1438,1438,360,360,0,f42f57b0-65cd-5982-935c-289c54636287,f42f57b0-65cd-5982-935c-289c54636287,e65eaa31-8579-448d-a22c-88a8fde64409:f42f57b0-65cd-5982-935c-289c54636287,True,leaf outline with direct text candidate
e65eaa31-8579-448d-a22c-88a8fde64409:OUTLINE:b71657378aef8eb8,e65eaa31-8579-448d-a22c-88a8fde64409:OUTLINE:b71657378aef8eb8,e65eaa31-8579-448d-a22c-88a8fde64409,netgear-rax50.pdf,RAX50,9c522281-e120-5f36-ad47-4ba142894dd9,Wall-mount your router,Hardware Setup > Wall-mount your router,Hardware Setup,2,15,15,P1,1,1,1,1,477,477,120,120,1,5440f2d1-02b4-5d02-94d9-972ad6453e45,5440f2d1-02b4-5d02-94d9-972ad6453e45,e65eaa31-8579-448d-a22c-88a8fde64409:5440f2d1-02b4-5d02-94d9-972ad6453e45,True,leaf outline with direct text candidate
e65eaa31-8579-448d-a22c-88a8fde64409:OUTLINE:4781bd4ea612c3fb,e65eaa31-8579-448d-a22c-88a8fde64409:OUTLINE:4781bd4ea612c3fb,e65eaa31-8579-448d-a22c-88a8fde64409,netgear-rax50.pdf,RAX50,5787d40f-4fd9-580b-8adb-f2e7f3d3b15d,Cable your router,Hardware Setup > Cable your router,Hardware Setup,2,16,16,P1,1,1,1,1,666,666,167,167,1,b44981b7-18cf-5ed8-8dec-a23e367c49c5,b44981b7-18cf-5ed8-8dec-a23e367c49c5,e65eaa31-8579-448d-a22c-88a8fde64409:b44981b7-18cf-5ed8-8dec-a23e367c49c5,True,leaf outline with direct text candidate
e65eaa31-8579-448d-a22c-88a8fde64409:OUTLINE:aedf68ff3da862c4,e65eaa31-8579-448d-a22c-88a8fde64409:OUTLINE:aedf68ff3da862c4,e65eaa31-8579-448d-a22c-88a8fde64409,netgear-rax50.pdf,RAX50,e86f9497-aa73-5e0e-9f24-63ddc4ffd669,Connect to the router using a wired connection,Connect to the Network and Access the Router > Connect to the router network > Connect to the router using a wired connection,Connect to the Network and Access the Router > Connect to the router network,3,18,18,P1,1,1,1,1,459,459,115,115,0,1b2c7958-ebc1-5927-bfb6-4acbd0f97781,1b2c7958-ebc1-5927-bfb6-4acbd0f97781,e65eaa31-8579-448d-a22c-88a8fde64409:1b2c7958-ebc1-5927-bfb6-4acbd0f97781,True,leaf outline with direct text candidate
e65eaa31-8579-448d-a22c-88a8fde64409:OUTLINE:41ba92c1cd759ea9,e65eaa31-8579-448d-a22c-88a8fde64409:OUTLINE:41ba92c1cd759ea9,e65eaa31-8579-448d-a22c-88a8fde64409,netgear-rax50.pdf,RAX50,63057a71-2392-5454-a326-267227715567,Connect to the router WiFi network,Connect to the Network and Access the Router > Connect to the router network > Connect to the router WiFi network,Connect to the Network and Access the Router > Connect to the router network,3,18,18,P1,1,1,1,1,565,565,142,142,0,e00425b6-15d6-5234-b2e5-d0f194e4e777,e00425b6-15d6-5234-b2e5-d0f194e4e777,e65eaa31-8579-448d-a22c-88a8fde64409:e00425b6-15d6-5234-b2e5-d0f194e4e777,True,leaf outline with direct text candidate
e65eaa31-8579-448d-a22c-88a8fde64409:OUTLINE:5109f9413469b7e8,e65eaa31-8579-448d-a22c-88a8fde64409:OUTLINE:5109f9413469b7e8,e65eaa31-8579-448d-a22c-88a8fde64409,netgear-rax50.pdf,RAX50,859568d0-16d1-5524-8e79-cf69107afced,Connect to the WiFi network using WPS,Connect to the Network and Access the Router > Connect to the router network > Connect to the WiFi network using WPS,Connect to the Network and Access the Router > Connect to the router network,3,18,19,P1,1,1,1,1,588,588,147,147,0,0d0332bd-75ac-5ad3-9c5a-7aed854a77fe,0d0332bd-75ac-5ad3-9c5a-7aed854a77fe,e65eaa31-8579-448d-a22c-88a8fde64409:0d0332bd-75ac-5ad3-9c5a-7aed854a77fe,True,leaf outline with direct text candidate
e65eaa31-8579-448d-a22c-88a8fde64409:OUTLINE:ae3a244734afb7ee,e65eaa31-8579-448d-a22c-88a8fde64409:OUTLINE:ae3a244734afb7ee,e65eaa31-8579-448d-a22c-88a8fde64409,netgear-rax50.pdf,RAX50,d490f483-161a-5233-8a79-01400910817a,Types of logins,Connect to the Network and Access the Router > Types of logins,Connect to the Network and Access the Router,2,19,19,P1,1,1,1,1,909,909,228,228,0,c20a108c-c673-5740-9b8a-90c8cd8f8ede,c20a108c-c673-5740-9b8a-90c8cd8f8ede,e65eaa31-8579-448d-a22c-88a8fde64409:c20a108c-c673-5740-9b8a-90c8cd8f8ede,True,leaf outline with direct text candidate
e65eaa31-8579-448d-a22c-88a8fde64409:OUTLINE:3fb8aba617a660dc,e65eaa31-8579-448d-a22c-88a8fde64409:OUTLINE:3fb8aba617a660dc,e65eaa31-8579-448d-a22c-88a8fde64409,netgear-rax50.pdf,RAX50,3e0843cb-bbde-5ac7-8256-671ed515554b,Automatic Internet setup,Connect to the Network and Access the Router > Use a web browser to access the router > Automatic Internet setup,Connect to the Network and Access the Router > Use a web browser to access the router,3,19,21,P1,1,1,1,1,2974,2974,744,744,0,0b5f3ade-852a-5ee5-a14b-eb804dee3cb8,0b5f3ade-852a-5ee5-a14b-eb804dee3cb8,e65eaa31-8579-448d-a22c-88a8fde64409:0b5f3ade-852a-5ee5-a14b-eb804dee3cb8,True,leaf outline with direct text candidate
e65eaa31-8579-448d-a22c-88a8fde64409:OUTLINE:e5f5941e9398252c,e65eaa31-8579-448d-a22c-88a8fde64409:OUTLINE:e5f5941e9398252c,e65eaa31-8579-448d-a22c-88a8fde64409,netgear-rax50.pdf,RAX50,a3272c7d-0b08-5bf5-8e5e-f16961d46599,Log in to the router,Connect to the Network and Access the Router > Use a web browser to access the router > Log in to the router,Connect to the Network and Access the Router > Use a web browser to access the router,3,21,21,P1,1,1,1,1,822,822,206,206,0,860dfd07-9525-52da-970b-42a2a609702c,860dfd07-9525-52da-970b-42a2a609702c,e65eaa31-8579-448d-a22c-88a8fde64409:860dfd07-9525-52da-970b-42a2a609702c,True,leaf outline with direct text candidate
e65eaa31-8579-448d-a22c-88a8fde64409:OUTLINE:1926c82f8efb8460,e65eaa31-8579-448d-a22c-88a8fde64409:OUTLINE:1926c82f8efb8460,e65eaa31-8579-448d-a22c-88a8fde64409,netgear-rax50.pdf,RAX50,9edff164-2d44-5c7c-9848-ec4e8a7efbf5,Install and manage your router with the Nighthawk app,Connect to the Network and Access the Router > Install and manage your router with the Nighthawk app,Connect to the Network and Access the Router,2,21,22,P1,1,1,1,1,1187,1187,297,297,0,c111178e-50a7-5a39-9170-89ec0b5a11cd,c111178e-50a7-5a39-9170-89ec0b5a11cd,e65eaa31-8579-448d-a22c-88a8fde64409:c111178e-50a7-5a39-9170-89ec0b5a11cd,True,leaf outline with direct text candidate
e65eaa31-8579-448d-a22c-88a8fde64409:OUTLINE:45cb4eb30e732d61,e65eaa31-8579-448d-a22c-88a8fde64409:OUTLINE:45cb4eb30e732d61,e65eaa31-8579-448d-a22c-88a8fde64409,netgear-rax50.pdf,RAX50,7f470569-99ff-5407-a2db-aa7f603088fb,Change the language,Connect to the Network and Access the Router > Change the language,Connect to the Network and Access the Router,2,22,22,P1,1,1,1,1,705,705,177,177,0,530e409d-b4d7-5f03-9c6f-e386dd983ae8,530e409d-b4d7-5f03-9c6f-e386dd983ae8,e65eaa31-8579-448d-a22c-88a8fde64409:530e409d-b4d7-5f03-9c6f-e386dd983ae8,True,leaf outline with direct text candidate
e65eaa31-8579-448d-a22c-88a8fde64409:OUTLINE:615f1a78bd39eb84,e65eaa31-8579-448d-a22c-88a8fde64409:OUTLINE:615f1a78bd39eb84,e65eaa31-8579-448d-a22c-88a8fde64409,netgear-rax50.pdf,RAX50,2101d778-e625-5a9a-b904-b12ebc6100f3,Use the Internet Setup Wizard,Specify Your Internet Settings > Use the Internet Setup Wizard,Specify Your Internet Settings,2,24,24,P1,1,1,1,1,1031,1031,258,258,0,db1eb650-9b13-5d6f-b618-4dcee9013eac,db1eb650-9b13-5d6f-b618-4dcee9013eac,e65eaa31-8579-448d-a22c-88a8fde64409:db1eb650-9b13-5d6f-b618-4dcee9013eac,True,leaf outline with direct text candidate
e65eaa31-8579-448d-a22c-88a8fde64409:OUTLINE:8c80cd632556e4e9,e65eaa31-8579-448d-a22c-88a8fde64409:OUTLINE:8c80cd632556e4e9,e65eaa31-8579-448d-a22c-88a8fde64409,netgear-rax50.pdf,RAX50,9e7d385d-eeeb-5f35-b79b-2cb38d34bd72,Specify an Internet connection without a login,Specify Your Internet Settings > Manually set up the Internet connection > Specify an Internet connection without a login,Specify Your Internet Settings > Manually set up the Internet connection,3,24,26,P1,1,1,1,1,2292,2292,573,573,0,1771f9f5-f2ad-57ac-a5dc-a46cd7622b32,1771f9f5-f2ad-57ac-a5dc-a46cd7622b32,e65eaa31-8579-448d-a22c-88a8fde64409:1771f9f5-f2ad-57ac-a5dc-a46cd7622b32,True,leaf outline with direct text candidate
e65eaa31-8579-448d-a22c-88a8fde64409:OUTLINE:78f2799eec8f9929,e65eaa31-8579-448d-a22c-88a8fde64409:OUTLINE:78f2799eec8f9929,e65eaa31-8579-448d-a22c-88a8fde64409,netgear-rax50.pdf,RAX50,d4b96c3d-656b-5780-b49b-3926261957f7,Specify an Internet connection that uses a login,Specify Your Internet Settings > Manually set up the Internet connection > Specify an Internet connection that uses a login,Specify Your Internet Settings > Manually set up the Internet connection,3,26,27,P1,1,1,1,1,2772,2772,693,693,0,5ee4415f-7073-5907-bfa6-71ba7202cccb,5ee4415f-7073-5907-bfa6-71ba7202cccb,e65eaa31-8579-448d-a22c-88a8fde64409:5ee4415f-7073-5907-bfa6-71ba7202cccb,True,leaf outline with direct text candidate
e65eaa31-8579-448d-a22c-88a8fde64409:OUTLINE:a601ee74ef01a3a2,e65eaa31-8579-448d-a22c-88a8fde64409:OUTLINE:a601ee74ef01a3a2,e65eaa31-8579-448d-a22c-88a8fde64409,netgear-rax50.pdf,RAX50,f9cc619a-3fb7-59d0-8bad-708d62ea094b,Requirements for entering IPv6 addresses,Specify Your Internet Settings > Specify IPv6 Internet connections > Requirements for entering IPv6 addresses,Specify Your Internet Settings > Specify IPv6 Internet connections,3,28,28,P1,1,1,1,1,376,376,94,94,0,1c001bc4-2e58-5ca4-ace1-c1b6b442ea8e,1c001bc4-2e58-5ca4-ace1-c1b6b442ea8e,e65eaa31-8579-448d-a22c-88a8fde64409:1c001bc4-2e58-5ca4-ace1-c1b6b442ea8e,True,leaf outline with direct text candidate
e65eaa31-8579-448d-a22c-88a8fde64409:OUTLINE:34aaa5671245ffe8,e65eaa31-8579-448d-a22c-88a8fde64409:OUTLINE:34aaa5671245ffe8,e65eaa31-8579-448d-a22c-88a8fde64409,netgear-rax50.pdf,RAX50,8d6b4ecd-8731-595c-b7da-5a5decde1ba3,Use auto detect for an IPv6 Internet connection,Specify Your Internet Settings > Specify IPv6 Internet connections > Use auto detect for an IPv6 Internet connection,Specify Your Internet Settings > Specify IPv6 Internet connections,3,28,29,P1,1,1,1,1,2268,2268,567,567,0,ee07852d-b609-5f27-bc97-a2f0b1878979,ee07852d-b609-5f27-bc97-a2f0b1878979,e65eaa31-8579-448d-a22c-88a8fde64409:ee07852d-b609-5f27-bc97-a2f0b1878979,True,leaf outline with direct text candidate
e65eaa31-8579-448d-a22c-88a8fde64409:OUTLINE:d330686b16c734af,e65eaa31-8579-448d-a22c-88a8fde64409:OUTLINE:d330686b16c734af,e65eaa31-8579-448d-a22c-88a8fde64409,netgear-rax50.pdf,RAX50,804f7784-7901-51d1-b843-030f60e9e26a,Set up an IPv6 6to4 tunnel Internet connection,Specify Your Internet Settings > Specify IPv6 Internet connections > Set up an IPv6 6to4 tunnel Internet connection,Specify Your Internet Settings > Specify IPv6 Internet connections,3,29,31,P1,1,1,1,1,2760,2760,690,690,0,60bde80c-34b9-5f48-858f-3fcabaf28633,60bde80c-34b9-5f48-858f-3fcabaf28633,e65eaa31-8579-448d-a22c-88a8fde64409:60bde80c-34b9-5f48-858f-3fcabaf28633,True,leaf outline with direct text candidate
e65eaa31-8579-448d-a22c-88a8fde64409:OUTLINE:7dcc6744e0e7954c,e65eaa31-8579-448d-a22c-88a8fde64409:OUTLINE:7dcc6744e0e7954c,e65eaa31-8579-448d-a22c-88a8fde64409,netgear-rax50.pdf,RAX50,5a7026a0-c0e8-5434-bb6b-03eeca0bce19,Set up an IPv6 pass-through Internet connection,Specify Your Internet Settings > Specify IPv6 Internet connections > Set up an IPv6 pass-through Internet connection,Specify Your Internet Settings > Specify IPv6 Internet connections,3,31,31,P1,1,1,1,1,883,883,221,221,0,8c9913a4-92ae-5ea2-9c4b-f2b8953ac4a7,8c9913a4-92ae-5ea2-9c4b-f2b8953ac4a7,e65eaa31-8579-448d-a22c-88a8fde64409:8c9913a4-92ae-5ea2-9c4b-f2b8953ac4a7,True,leaf outline with direct text candidate
e65eaa31-8579-448d-a22c-88a8fde64409:OUTLINE:a83acb2e18c8d600,e65eaa31-8579-448d-a22c-88a8fde64409:OUTLINE:a83acb2e18c8d600,e65eaa31-8579-448d-a22c-88a8fde64409,netgear-rax50.pdf,RAX50,df7673b2-1167-5cb0-a684-43b52b1d68a7,Set up an IPv6 fixed Internet connection,Specify Your Internet Settings > Specify IPv6 Internet connections > Set up an IPv6 fixed Internet connection,Specify Your Internet Settings > Specify IPv6 Internet connections,3,32,33,P1,1,1,1,1,2133,2133,534,534,0,db5f8935-dde2-5c3a-bfa8-a2300f62d0ab,db5f8935-dde2-5c3a-bfa8-a2300f62d0ab,e65eaa31-8579-448d-a22c-88a8fde64409:db5f8935-dde2-5c3a-bfa8-a2300f62d0ab,True,leaf outline with direct text candidate
e65eaa31-8579-448d-a22c-88a8fde64409:OUTLINE:90fc01de3ddd93f5,e65eaa31-8579-448d-a22c-88a8fde64409:OUTLINE:90fc01de3ddd93f5,e65eaa31-8579-448d-a22c-88a8fde64409,netgear-rax50.pdf,RAX50,d5afc34b-e429-5b32-a7d5-4300b056d15b,Set up an IPv6 DHCP Internet connection,Specify Your Internet Settings > Specify IPv6 Internet connections > Set up an IPv6 DHCP Internet connection,Specify Your Internet Settings > Specify IPv6 Internet connections,3,33,34,P2,1,1,1,1,3212,3212,803,803,0,5c7cdd1d-9c90-5e6d-ab8c-3d5c3661a3fe,5c7cdd1d-9c90-5e6d-ab8c-3d5c3661a3fe,e65eaa31-8579-448d-a22c-88a8fde64409:5c7cdd1d-9c90-5e6d-ab8c-3d5c3661a3fe,True,leaf outline with direct text candidate
e65eaa31-8579-448d-a22c-88a8fde64409:OUTLINE:a15cf3131d7cad31,e65eaa31-8579-448d-a22c-88a8fde64409:OUTLINE:a15cf3131d7cad31,e65eaa31-8579-448d-a22c-88a8fde64409,netgear-rax50.pdf,RAX50,cfd4c179-5c7c-50d9-a938-98f5c4a3af03,Set up an IPv6 PPPoE Internet connection,Specify Your Internet Settings > Specify IPv6 Internet connections > Set up an IPv6 PPPoE Internet connection,Specify Your Internet Settings > Specify IPv6 Internet connections,3,35,36,P2,1,1,1,1,3535,3535,884,884,0,84c85809-aca9-59ec-93c0-ca4292209b4e,84c85809-aca9-59ec-93c0-ca4292209b4e,e65eaa31-8579-448d-a22c-88a8fde64409:84c85809-aca9-59ec-93c0-ca4292209b4e,True,leaf outline with direct text candidate
e65eaa31-8579-448d-a22c-88a8fde64409:OUTLINE:5c59851a56345ebf,e65eaa31-8579-448d-a22c-88a8fde64409:OUTLINE:5c59851a56345ebf,e65eaa31-8579-448d-a22c-88a8fde64409,netgear-rax50.pdf,RAX50,b3d008fa-cac6-5559-8cb5-a16f23b0ad51,Use auto config for an IPv6 Internet connection,Specify Your Internet Settings > Specify IPv6 Internet connections > Use auto config for an IPv6 Internet connection,Specify Your Internet Settings > Specify IPv6 Internet connections,3,36,38,P2,1,1,1,1,3237,3237,810,810,0,e87e22a2-a89c-58a7-9ff2-ff82463e19a7,e87e22a2-a89c-58a7-9ff2-ff82463e19a7,e65eaa31-8579-448d-a22c-88a8fde64409:e87e22a2-a89c-58a7-9ff2-ff82463e19a7,True,leaf outline with direct text candidate
e65eaa31-8579-448d-a22c-88a8fde64409:OUTLINE:18888eec39f3c158,e65eaa31-8579-448d-a22c-88a8fde64409:OUTLINE:18888eec39f3c158,e65eaa31-8579-448d-a22c-88a8fde64409,netgear-rax50.pdf,RAX50,48456de3-570e-590c-b361-23a2f2b3e5b0,Set up an IPv6 6rd Internet connection,Specify Your Internet Settings > Specify IPv6 Internet connections > Set up an IPv6 6rd Internet connection,Specify Your Internet Settings > Specify IPv6 Internet connections,3,38,40,P2,1,1,1,1,3715,3715,929,929,0,41a1822f-3f8a-56e0-bf8a-f9eccef671b6,41a1822f-3f8a-56e0-bf8a-f9eccef671b6,e65eaa31-8579-448d-a22c-88a8fde64409:41a1822f-3f8a-56e0-bf8a-f9eccef671b6,True,leaf outline with direct text candidate
e65eaa31-8579-448d-a22c-88a8fde64409:OUTLINE:88cdae4e848e09b9,e65eaa31-8579-448d-a22c-88a8fde64409:OUTLINE:88cdae4e848e09b9,e65eaa31-8579-448d-a22c-88a8fde64409,netgear-rax50.pdf,RAX50,9e123ef4-f909-52c7-ba7a-bb3f10759099,MTU concepts,Specify Your Internet Settings > Manage the MTU size > MTU concepts,Specify Your Internet Settings > Manage the MTU size,3,40,41,P2,1,1,1,1,1951,1951,488,488,1,6fa573f9-aa9e-58a8-ae1b-a4dfefb50545,6fa573f9-aa9e-58a8-ae1b-a4dfefb50545,e65eaa31-8579-448d-a22c-88a8fde64409:6fa573f9-aa9e-58a8-ae1b-a4dfefb50545,True,leaf outline with direct text candidate
e65eaa31-8579-448d-a22c-88a8fde64409:OUTLINE:fac12b6c6fd62dc2,e65eaa31-8579-448d-a22c-88a8fde64409:OUTLINE:fac12b6c6fd62dc2,e65eaa31-8579-448d-a22c-88a8fde64409,netgear-rax50.pdf,RAX50,31d29c0c-ceb8-5753-9b18-e0eee693d237,Change the MTU size,Specify Your Internet Settings > Manage the MTU size > Change the MTU size,Specify Your Internet Settings > Manage the MTU size,3,41,41,P2,1,1,1,1,612,612,153,153,0,b082f178-7456-55df-bbbd-aa9b6c05e53e,b082f178-7456-55df-bbbd-aa9b6c05e53e,e65eaa31-8579-448d-a22c-88a8fde64409:b082f178-7456-55df-bbbd-aa9b6c05e53e,True,leaf outline with direct text candidate
e65eaa31-8579-448d-a22c-88a8fde64409:OUTLINE:f8101b0cebfcabd9,e65eaa31-8579-448d-a22c-88a8fde64409:OUTLINE:f8101b0cebfcabd9,e65eaa31-8579-448d-a22c-88a8fde64409,netgear-rax50.pdf,RAX50,7cc1f6ed-7540-503d-bc65-d7ed81b37ccb,"Enable the network access control list, set the access rule, and allow or block connected devices","Control Access to the Internet > Network access control list > Enable the network access control list, set the access rule, and allow or block connected devices",Control Access to the Internet > Network access control list,3,43,45,P2,1,1,1,1,3652,3652,913,913,0,f5872d3c-76d3-512c-bb09-69a649f6720f,f5872d3c-76d3-512c-bb09-69a649f6720f,e65eaa31-8579-448d-a22c-88a8fde64409:f5872d3c-76d3-512c-bb09-69a649f6720f,True,leaf outline with direct text candidate
e65eaa31-8579-448d-a22c-88a8fde64409:OUTLINE:121e62ef30e6e2d8,e65eaa31-8579-448d-a22c-88a8fde64409:OUTLINE:121e62ef30e6e2d8,e65eaa31-8579-448d-a22c-88a8fde64409,netgear-rax50.pdf,RAX50,2b023381-4bb1-5485-ab03-ca8f8476ebe7,Manage allowed devices currently not on the network,Control Access to the Internet > Network access control list > Manage allowed devices currently not on the network,Control Access to the Internet > Network access control list,3,45,47,P2,1,1,1,1,2815,2815,704,704,0,03914fcb-62c9-5345-8ab2-2475379fe1be,03914fcb-62c9-5345-8ab2-2475379fe1be,e65eaa31-8579-448d-a22c-88a8fde64409:03914fcb-62c9-5345-8ab2-2475379fe1be,True,leaf outline with direct text candidate
e65eaa31-8579-448d-a22c-88a8fde64409:OUTLINE:25a5d80ded2c0fe6,e65eaa31-8579-448d-a22c-88a8fde64409:OUTLINE:25a5d80ded2c0fe6,e65eaa31-8579-448d-a22c-88a8fde64409,netgear-rax50.pdf,RAX50,f461d6c7-09dd-53f1-ab1f-7c1569e8c187,Manage blocked devices currently not on the network,Control Access to the Internet > Network access control list > Manage blocked devices currently not on the network,Control Access to the Internet > Network access control list,3,47,48,P2,1,1,1,1,2648,2648,662,662,0,bf4b489e-adc8-5174-a565-5fb7e6fec6b3,bf4b489e-adc8-5174-a565-5fb7e6fec6b3,e65eaa31-8579-448d-a22c-88a8fde64409:bf4b489e-adc8-5174-a565-5fb7e6fec6b3,True,leaf outline with direct text candidate
e65eaa31-8579-448d-a22c-88a8fde64409:OUTLINE:9f1dfc9e9b4fb245,e65eaa31-8579-448d-a22c-88a8fde64409:OUTLINE:9f1dfc9e9b4fb245,e65eaa31-8579-448d-a22c-88a8fde64409,netgear-rax50.pdf,RAX50,41e299c5-1119-57b4-95cd-fed0448d9778,Use keywords to block Internet sites,Control Access to the Internet > Use keywords to block Internet sites,Control Access to the Internet,2,49,50,P2,1,1,1,1,1692,1692,423,423,0,0fa899f8-6073-5804-b094-84f126871c81,0fa899f8-6073-5804-b094-84f126871c81,e65eaa31-8579-448d-a22c-88a8fde64409:0fa899f8-6073-5804-b094-84f126871c81,True,leaf outline with direct text candidate
e65eaa31-8579-448d-a22c-88a8fde64409:OUTLINE:956aebf14d657943,e65eaa31-8579-448d-a22c-88a8fde64409:OUTLINE:956aebf14d657943,e65eaa31-8579-448d-a22c-88a8fde64409,netgear-rax50.pdf,RAX50,2df8948b-c623-53d9-b191-aad26a7e5037,Delete keywords from the blocked list,Control Access to the Internet > Delete keywords from the blocked list,Control Access to the Internet,2,50,50,P2,1,1,1,1,830,830,208,208,0,129bd376-7038-5168-ad65-325a145fb1dd,129bd376-7038-5168-ad65-325a145fb1dd,e65eaa31-8579-448d-a22c-88a8fde64409:129bd376-7038-5168-ad65-325a145fb1dd,True,leaf outline with direct text candidate
e65eaa31-8579-448d-a22c-88a8fde64409:OUTLINE:b12cd4d72dd684c1,e65eaa31-8579-448d-a22c-88a8fde64409:OUTLINE:b12cd4d72dd684c1,e65eaa31-8579-448d-a22c-88a8fde64409,netgear-rax50.pdf,RAX50,30981bd7-fd9c-51cb-874f-db906504794c,Block services from the Internet,Control Access to the Internet > Block services from the Internet,Control Access to the Internet,2,50,52,P2,1,1,1,1,2210,2210,553,553,0,99658dd2-78ae-5071-b357-1bf664fe79b4,99658dd2-78ae-5071-b357-1bf664fe79b4,e65eaa31-8579-448d-a22c-88a8fde64409:99658dd2-78ae-5071-b357-1bf664fe79b4,True,leaf outline with direct text candidate
e65eaa31-8579-448d-a22c-88a8fde64409:OUTLINE:8b21da5331cde3b1,e65eaa31-8579-448d-a22c-88a8fde64409:OUTLINE:8b21da5331cde3b1,e65eaa31-8579-448d-a22c-88a8fde64409,netgear-rax50.pdf,RAX50,a1662179-c83a-5b1f-9a1c-957e4cb2f80f,Prevent blocking on a trusted computer,Control Access to the Internet > Prevent blocking on a trusted computer,Control Access to the Internet,2,52,52,P2,1,1,1,1,980,980,245,245,0,900bc55d-efcb-525a-bdb7-a6d5925ce2a8,900bc55d-efcb-525a-bdb7-a6d5925ce2a8,e65eaa31-8579-448d-a22c-88a8fde64409:900bc55d-efcb-525a-bdb7-a6d5925ce2a8,True,leaf outline with direct text candidate
e65eaa31-8579-448d-a22c-88a8fde64409:OUTLINE:7da297be96c6f77d,e65eaa31-8579-448d-a22c-88a8fde64409:OUTLINE:7da297be96c6f77d,e65eaa31-8579-448d-a22c-88a8fde64409,netgear-rax50.pdf,RAX50,d9f0f253-d9f8-50d7-a283-52ac30fe1003,Schedule when to block Internet sites and services,Control Access to the Internet > Schedule when to block Internet sites and services,Control Access to the Internet,2,52,53,P2,1,1,1,1,1011,1011,253,253,0,fbac5510-ea20-59be-8bd9-0fd9637cceb4,fbac5510-ea20-59be-8bd9-0fd9637cceb4,e65eaa31-8579-448d-a22c-88a8fde64409:fbac5510-ea20-59be-8bd9-0fd9637cceb4,True,leaf outline with direct text candidate
e65eaa31-8579-448d-a22c-88a8fde64409:OUTLINE:2c0ec2920cd14051,e65eaa31-8579-448d-a22c-88a8fde64409:OUTLINE:2c0ec2920cd14051,e65eaa31-8579-448d-a22c-88a8fde64409,netgear-rax50.pdf,RAX50,137347a3-8227-52d4-87d5-152052ac11b6,Set up security event email notifications,Control Access to the Internet > Set up security event email notifications,Control Access to the Internet,2,53,54,P2,1,1,1,1,2567,2567,642,642,0,147ad2c0-a04d-5904-bf09-3459263a8468,147ad2c0-a04d-5904-bf09-3459263a8468,e65eaa31-8579-448d-a22c-88a8fde64409:147ad2c0-a04d-5904-bf09-3459263a8468,True,leaf outline with direct text candidate
e65eaa31-8579-448d-a22c-88a8fde64409:OUTLINE:b393aec4e5f20ee4,e65eaa31-8579-448d-a22c-88a8fde64409:OUTLINE:b393aec4e5f20ee4,e65eaa31-8579-448d-a22c-88a8fde64409,netgear-rax50.pdf,RAX50,3e0607a6-1f4c-5db4-8824-6d1b1c415603,View or change the WAN settings,Manage Network Settings > View or change the WAN settings,Manage Network Settings,2,56,57,P2,1,1,1,1,2491,2491,623,623,0,2644fbb0-15d0-5d42-a0ad-66da0c7392da,2644fbb0-15d0-5d42-a0ad-66da0c7392da,e65eaa31-8579-448d-a22c-88a8fde64409:2644fbb0-15d0-5d42-a0ad-66da0c7392da,True,leaf outline with direct text candidate
e65eaa31-8579-448d-a22c-88a8fde64409:OUTLINE:8bf4ca3b858fe008,e65eaa31-8579-448d-a22c-88a8fde64409:OUTLINE:8bf4ca3b858fe008,e65eaa31-8579-448d-a22c-88a8fde64409,netgear-rax50.pdf,RAX50,dcd36ed4-18a6-59c9-8542-2e8580ab969d,Set up a default DMZ server,Manage Network Settings > Set up a default DMZ server,Manage Network Settings,2,57,58,P2,1,1,1,1,1752,1752,438,438,0,398e6767-c079-5f75-9165-df722383b745,398e6767-c079-5f75-9165-df722383b745,e65eaa31-8579-448d-a22c-88a8fde64409:398e6767-c079-5f75-9165-df722383b745,True,leaf outline with direct text candidate
e65eaa31-8579-448d-a22c-88a8fde64409:OUTLINE:97b7baa89df06019,e65eaa31-8579-448d-a22c-88a8fde64409:OUTLINE:97b7baa89df06019,e65eaa31-8579-448d-a22c-88a8fde64409,netgear-rax50.pdf,RAX50,cd470014-e104-5c5e-bd4d-8049b723c678,Change the router’s device name,Manage Network Settings > Change the router’s device name,Manage Network Settings,2,58,58,P2,1,1,1,1,771,771,193,193,0,bb014bd8-ec09-5cff-8c03-884b75d79e6c,bb014bd8-ec09-5cff-8c03-884b75d79e6c,e65eaa31-8579-448d-a22c-88a8fde64409:bb014bd8-ec09-5cff-8c03-884b75d79e6c,True,leaf outline with direct text candidate
e65eaa31-8579-448d-a22c-88a8fde64409:OUTLINE:c7bcecb24c77f570,e65eaa31-8579-448d-a22c-88a8fde64409:OUTLINE:c7bcecb24c77f570,e65eaa31-8579-448d-a22c-88a8fde64409,netgear-rax50.pdf,RAX50,a1495b9f-0b07-5704-b149-34c816fcfb0a,Change the LAN TCP/IP settings,Manage Network Settings > Change the LAN TCP/IP settings,Manage Network Settings,2,58,60,P2,1,1,1,1,2422,2422,606,606,0,655ecb0a-75ee-537e-92b3-63ec5fc650a2,655ecb0a-75ee-537e-92b3-63ec5fc650a2,e65eaa31-8579-448d-a22c-88a8fde64409:655ecb0a-75ee-537e-92b3-63ec5fc650a2,True,leaf outline with direct text candidate
e65eaa31-8579-448d-a22c-88a8fde64409:OUTLINE:3d5b076d3213e815,e65eaa31-8579-448d-a22c-88a8fde64409:OUTLINE:3d5b076d3213e815,e65eaa31-8579-448d-a22c-88a8fde64409,netgear-rax50.pdf,RAX50,4de14e08-d2b3-5465-b65b-cf9d49a68c57,Specify the IP addresses that the router assigns,Manage Network Settings > Specify the IP addresses that the router assigns,Manage Network Settings,2,60,61,P2,1,1,1,1,1797,1797,450,450,0,a6f5bbc3-e697-5aa5-bbe8-9237b93ff804,a6f5bbc3-e697-5aa5-bbe8-9237b93ff804,e65eaa31-8579-448d-a22c-88a8fde64409:a6f5bbc3-e697-5aa5-bbe8-9237b93ff804,True,leaf outline with direct text candidate
e65eaa31-8579-448d-a22c-88a8fde64409:OUTLINE:bbfec0ebd44bf9d9,e65eaa31-8579-448d-a22c-88a8fde64409:OUTLINE:bbfec0ebd44bf9d9,e65eaa31-8579-448d-a22c-88a8fde64409,netgear-rax50.pdf,RAX50,0b1dda9a-1144-5e7d-9728-7775e36aa374,Disable the DHCP server feature in the router,Manage Network Settings > Disable the DHCP server feature in the router,Manage Network Settings,2,61,62,P2,1,1,1,1,1140,1140,285,285,0,4e4130d9-8486-53ba-8a39-75b60fe1e008,4e4130d9-8486-53ba-8a39-75b60fe1e008,e65eaa31-8579-448d-a22c-88a8fde64409:4e4130d9-8486-53ba-8a39-75b60fe1e008,True,leaf outline with direct text candidate
e65eaa31-8579-448d-a22c-88a8fde64409:OUTLINE:43ec202019e41936,e65eaa31-8579-448d-a22c-88a8fde64409:OUTLINE:43ec202019e41936,e65eaa31-8579-448d-a22c-88a8fde64409,netgear-rax50.pdf,RAX50,b3e4dc8f-9233-547d-9632-afd90508c9b0,Reserve an IP address,Manage Network Settings > Manage reserved LAN IP addresses > Reserve an IP address,Manage Network Settings > Manage reserved LAN IP addresses,3,62,63,P2,1,1,1,1,1216,1216,304,304,0,d9126cb8-c360-58f8-aa45-792ae9ed2942,d9126cb8-c360-58f8-aa45-792ae9ed2942,e65eaa31-8579-448d-a22c-88a8fde64409:d9126cb8-c360-58f8-aa45-792ae9ed2942,True,leaf outline with direct text candidate
e65eaa31-8579-448d-a22c-88a8fde64409:OUTLINE:65152cd4c24d5f6b,e65eaa31-8579-448d-a22c-88a8fde64409:OUTLINE:65152cd4c24d5f6b,e65eaa31-8579-448d-a22c-88a8fde64409,netgear-rax50.pdf,RAX50,2f382995-c197-58f1-a6d0-bf12bd74fbc2,Edit a reserved IP address,Manage Network Settings > Manage reserved LAN IP addresses > Edit a reserved IP address,Manage Network Settings > Manage reserved LAN IP addresses,3,63,63,P2,1,1,1,1,732,732,183,183,0,1be33f2b-4682-5836-9ce0-8b2da0854ebd,1be33f2b-4682-5836-9ce0-8b2da0854ebd,e65eaa31-8579-448d-a22c-88a8fde64409:1be33f2b-4682-5836-9ce0-8b2da0854ebd,True,leaf outline with direct text candidate
e65eaa31-8579-448d-a22c-88a8fde64409:OUTLINE:61c7740806af5127,e65eaa31-8579-448d-a22c-88a8fde64409:OUTLINE:61c7740806af5127,e65eaa31-8579-448d-a22c-88a8fde64409,netgear-rax50.pdf,RAX50,68bf1482-3447-5e27-8caa-f5ea475410cb,Delete a reserved IP address entry,Manage Network Settings > Manage reserved LAN IP addresses > Delete a reserved IP address entry,Manage Network Settings > Manage reserved LAN IP addresses,3,63,64,P2,1,1,1,1,643,643,161,161,0,a0a531b5-16a3-5a94-914b-de4d6188a967,a0a531b5-16a3-5a94-914b-de4d6188a967,e65eaa31-8579-448d-a22c-88a8fde64409:a0a531b5-16a3-5a94-914b-de4d6188a967,True,leaf outline with direct text candidate
e65eaa31-8579-448d-a22c-88a8fde64409:OUTLINE:931784a6222be411,e65eaa31-8579-448d-a22c-88a8fde64409:OUTLINE:931784a6222be411,e65eaa31-8579-448d-a22c-88a8fde64409,netgear-rax50.pdf,RAX50,07818931-a936-548f-a01b-b0021843656d,Use the WPS Wizard for WiFi connections,Manage Network Settings > Use the WPS Wizard for WiFi connections,Manage Network Settings,2,64,65,P2,1,1,1,1,1411,1411,353,353,0,77e2ff67-edbd-5b7f-97f8-fa076a1c1e06,77e2ff67-edbd-5b7f-97f8-fa076a1c1e06,e65eaa31-8579-448d-a22c-88a8fde64409:77e2ff67-edbd-5b7f-97f8-fa076a1c1e06,True,leaf outline with direct text candidate
e65eaa31-8579-448d-a22c-88a8fde64409:OUTLINE:ddc9a81a1c49a5c5,e65eaa31-8579-448d-a22c-88a8fde64409:OUTLINE:ddc9a81a1c49a5c5,e65eaa31-8579-448d-a22c-88a8fde64409,netgear-rax50.pdf,RAX50,1726dee1-d229-52f9-9d47-75c1e5100e32,Specify basic WiFi settings,Manage Network Settings > Specify basic WiFi settings,Manage Network Settings,2,65,66,P3,1,1,1,1,3289,3289,823,823,0,567ccffc-53dd-5f49-8306-5dd3c23407e7,567ccffc-53dd-5f49-8306-5dd3c23407e7,e65eaa31-8579-448d-a22c-88a8fde64409:567ccffc-53dd-5f49-8306-5dd3c23407e7,True,leaf outline with direct text candidate
e65eaa31-8579-448d-a22c-88a8fde64409:OUTLINE:53909ba870007019,e65eaa31-8579-448d-a22c-88a8fde64409:OUTLINE:53909ba870007019,e65eaa31-8579-448d-a22c-88a8fde64409,netgear-rax50.pdf,RAX50,7d51cb74-e2b6-5829-b8f1-32681bc360f4,Change the WiFi mode if AX WiFi is enabled,Manage Network Settings > Change the WiFi mode > Change the WiFi mode if AX WiFi is enabled,Manage Network Settings > Change the WiFi mode,3,67,68,P3,1,1,1,1,2415,2415,604,604,0,7afae5d1-8529-5b58-b6ab-3c27228d5ad8,7afae5d1-8529-5b58-b6ab-3c27228d5ad8,e65eaa31-8579-448d-a22c-88a8fde64409:7afae5d1-8529-5b58-b6ab-3c27228d5ad8,True,leaf outline with direct text candidate
e65eaa31-8579-448d-a22c-88a8fde64409:OUTLINE:5fa3ad6bf78b4954,e65eaa31-8579-448d-a22c-88a8fde64409:OUTLINE:5fa3ad6bf78b4954,e65eaa31-8579-448d-a22c-88a8fde64409,netgear-rax50.pdf,RAX50,1d8141ca-191e-5ec1-a3b6-99b2f3d29539,Change the WiFi mode if AX WiFi is disabled,Manage Network Settings > Change the WiFi mode > Change the WiFi mode if AX WiFi is disabled,Manage Network Settings > Change the WiFi mode,3,68,69,P3,1,1,1,1,2416,2416,604,604,0,5c16d5ea-1607-5d18-b38f-5e40d6a6ea2a,5c16d5ea-1607-5d18-b38f-5e40d6a6ea2a,e65eaa31-8579-448d-a22c-88a8fde64409:5c16d5ea-1607-5d18-b38f-5e40d6a6ea2a,True,leaf outline with direct text candidate
e65eaa31-8579-448d-a22c-88a8fde64409:OUTLINE:8d66e90b801f07f3,e65eaa31-8579-448d-a22c-88a8fde64409:OUTLINE:8d66e90b801f07f3,e65eaa31-8579-448d-a22c-88a8fde64409,netgear-rax50.pdf,RAX50,09cdf16c-4066-5c32-ac87-f491dc1b8c80,Change the WiFi password or the WiFi security,Manage Network Settings > Change the WiFi password or the WiFi security,Manage Network Settings,2,69,70,P3,1,1,1,1,2464,2464,616,616,0,8ac61414-fafd-5cda-9ea9-b0eaa1e84ab3,8ac61414-fafd-5cda-9ea9-b0eaa1e84ab3,e65eaa31-8579-448d-a22c-88a8fde64409:8ac61414-fafd-5cda-9ea9-b0eaa1e84ab3,True,leaf outline with direct text candidate
e65eaa31-8579-448d-a22c-88a8fde64409:OUTLINE:983e3bfb9dd40518,e65eaa31-8579-448d-a22c-88a8fde64409:OUTLINE:983e3bfb9dd40518,e65eaa31-8579-448d-a22c-88a8fde64409,netgear-rax50.pdf,RAX50,37dee6ce-f32f-5a95-98d1-8148eda274a2,Set up a guest WiFi network,Manage Network Settings > Set up a guest WiFi network,Manage Network Settings,2,70,72,P3,1,1,1,1,4826,4826,1207,1207,0,4992ee82-9f24-5875-a9b2-20166c42e272,4992ee82-9f24-5875-a9b2-20166c42e272,e65eaa31-8579-448d-a22c-88a8fde64409:4992ee82-9f24-5875-a9b2-20166c42e272,True,leaf outline with direct text candidate
e65eaa31-8579-448d-a22c-88a8fde64409:OUTLINE:c1959fc70a2c11bb,e65eaa31-8579-448d-a22c-88a8fde64409:OUTLINE:c1959fc70a2c11bb,e65eaa31-8579-448d-a22c-88a8fde64409,netgear-rax50.pdf,RAX50,196e0792-8e37-5a17-a1b3-978497b46f50,Enable or disable the WiFi radios,Manage Network Settings > Enable or disable the WiFi radios,Manage Network Settings,2,73,73,P3,1,1,1,1,1037,1037,260,260,0,b72d6035-0006-5730-97cb-266f12595623,b72d6035-0006-5730-97cb-266f12595623,e65eaa31-8579-448d-a22c-88a8fde64409:b72d6035-0006-5730-97cb-266f12595623,True,leaf outline with direct text candidate
e65eaa31-8579-448d-a22c-88a8fde64409:OUTLINE:13dd69f28db09185,e65eaa31-8579-448d-a22c-88a8fde64409:OUTLINE:13dd69f28db09185,e65eaa31-8579-448d-a22c-88a8fde64409,netgear-rax50.pdf,RAX50,bfa79e86-842d-5a13-8f54-b9c938eb9024,Set up a WiFi schedule,Manage Network Settings > Set up a WiFi schedule,Manage Network Settings,2,73,74,P3,1,1,1,1,1087,1087,272,272,0,187e369f-16e9-54a8-a092-de5c61099c01,187e369f-16e9-54a8-a092-de5c61099c01,e65eaa31-8579-448d-a22c-88a8fde64409:187e369f-16e9-54a8-a092-de5c61099c01,True,leaf outline with direct text candidate
e65eaa31-8579-448d-a22c-88a8fde64409:OUTLINE:f2b2bdbbca2e731d,e65eaa31-8579-448d-a22c-88a8fde64409:OUTLINE:f2b2bdbbca2e731d,e65eaa31-8579-448d-a22c-88a8fde64409,netgear-rax50.pdf,RAX50,af39f2fb-4a09-5796-b8b7-af4e11aa6b76,Set up the router as a WiFi access point,Manage Network Settings > Set up the router as a WiFi access point,Manage Network Settings,2,74,75,P3,1,1,1,1,1633,1633,409,409,0,e347b154-b511-5598-853a-d16789b067f4,e347b154-b511-5598-853a-d16789b067f4,e65eaa31-8579-448d-a22c-88a8fde64409:e347b154-b511-5598-853a-d16789b067f4,True,leaf outline with direct text candidate
e65eaa31-8579-448d-a22c-88a8fde64409:OUTLINE:1c649b657dc4e9b2,e65eaa31-8579-448d-a22c-88a8fde64409:OUTLINE:1c649b657dc4e9b2,e65eaa31-8579-448d-a22c-88a8fde64409,netgear-rax50.pdf,RAX50,ad6e6c94-f884-5397-9e68-03a33dc6f73e,Set up a bridge for a port group,Manage Network Settings > Set up a bridge for a port group or VLAN tag group > Set up a bridge for a port group,Manage Network Settings > Set up a bridge for a port group or VLAN tag group,3,75,76,P3,1,1,1,1,1709,1709,428,428,0,2b5d938a-b1e8-5d4a-ba62-4db61c7c1ca2,2b5d938a-b1e8-5d4a-ba62-4db61c7c1ca2,e65eaa31-8579-448d-a22c-88a8fde64409:2b5d938a-b1e8-5d4a-ba62-4db61c7c1ca2,True,leaf outline with direct text candidate
e65eaa31-8579-448d-a22c-88a8fde64409:OUTLINE:a173f7c825733973,e65eaa31-8579-448d-a22c-88a8fde64409:OUTLINE:a173f7c825733973,e65eaa31-8579-448d-a22c-88a8fde64409,netgear-rax50.pdf,RAX50,8ba84c41-3dd7-5736-a35e-dd50ec7c4a67,Set up an IPTV port,Manage Network Settings > Set up a bridge for a port group or VLAN tag group > Set up an IPTV port,Manage Network Settings > Set up a bridge for a port group or VLAN tag group,3,77,78,P3,1,1,1,1,1992,1992,498,498,0,463e8a0a-d562-5a9b-929f-41de59dd3fae,463e8a0a-d562-5a9b-929f-41de59dd3fae,e65eaa31-8579-448d-a22c-88a8fde64409:463e8a0a-d562-5a9b-929f-41de59dd3fae,True,leaf outline with direct text candidate
e65eaa31-8579-448d-a22c-88a8fde64409:OUTLINE:d1c77ac91f33a3a2,e65eaa31-8579-448d-a22c-88a8fde64409:OUTLINE:d1c77ac91f33a3a2,e65eaa31-8579-448d-a22c-88a8fde64409,netgear-rax50.pdf,RAX50,a370f08b-6332-5410-be09-55fc8a989bf6,Set up a bridge for a VLAN tag group,Manage Network Settings > Set up a bridge for a port group or VLAN tag group > Set up a bridge for a VLAN tag group,Manage Network Settings > Set up a bridge for a port group or VLAN tag group,3,78,79,P3,1,1,1,1,2280,2280,570,570,0,2ead2cbe-d69d-5b20-9dce-073f267d25e0,2ead2cbe-d69d-5b20-9dce-073f267d25e0,e65eaa31-8579-448d-a22c-88a8fde64409:2ead2cbe-d69d-5b20-9dce-073f267d25e0,True,leaf outline with direct text candidate
e65eaa31-8579-448d-a22c-88a8fde64409:OUTLINE:9095df5248a36362,e65eaa31-8579-448d-a22c-88a8fde64409:OUTLINE:9095df5248a36362,e65eaa31-8579-448d-a22c-88a8fde64409,netgear-rax50.pdf,RAX50,b3f48fae-6940-5bf6-943b-610c7a0e0961,Set up a static route,Manage Network Settings > Manage custom static routes > Set up a static route,Manage Network Settings > Manage custom static routes,3,80,81,P3,1,1,1,1,1816,1816,454,454,0,28c314aa-4846-57ee-8e79-45904dfd82a9,28c314aa-4846-57ee-8e79-45904dfd82a9,e65eaa31-8579-448d-a22c-88a8fde64409:28c314aa-4846-57ee-8e79-45904dfd82a9,True,leaf outline with direct text candidate
e65eaa31-8579-448d-a22c-88a8fde64409:OUTLINE:3c76528313570627,e65eaa31-8579-448d-a22c-88a8fde64409:OUTLINE:3c76528313570627,e65eaa31-8579-448d-a22c-88a8fde64409,netgear-rax50.pdf,RAX50,9f94ff97-18ba-5a86-ae99-6f0a1a96b853,Edit a static route,Manage Network Settings > Manage custom static routes > Edit a static route,Manage Network Settings > Manage custom static routes,3,81,82,P3,1,1,1,1,716,716,179,179,0,bece1ab6-7c5f-5357-ae8a-93d0618f4693,bece1ab6-7c5f-5357-ae8a-93d0618f4693,e65eaa31-8579-448d-a22c-88a8fde64409:bece1ab6-7c5f-5357-ae8a-93d0618f4693,True,leaf outline with direct text candidate
e65eaa31-8579-448d-a22c-88a8fde64409:OUTLINE:7f5b712e726581d6,e65eaa31-8579-448d-a22c-88a8fde64409:OUTLINE:7f5b712e726581d6,e65eaa31-8579-448d-a22c-88a8fde64409,netgear-rax50.pdf,RAX50,008491c1-1c54-5388-8357-4a7fbd652d09,Delete a static route,Manage Network Settings > Manage custom static routes > Delete a static route,Manage Network Settings > Manage custom static routes,3,82,82,P3,1,1,1,1,638,638,160,160,0,61d02bda-440a-5079-9cda-761992357987,61d02bda-440a-5079-9cda-761992357987,e65eaa31-8579-448d-a22c-88a8fde64409:61d02bda-440a-5079-9cda-761992357987,True,leaf outline with direct text candidate
e65eaa31-8579-448d-a22c-88a8fde64409:OUTLINE:9da40ad53e68496e,e65eaa31-8579-448d-a22c-88a8fde64409:OUTLINE:9da40ad53e68496e,e65eaa31-8579-448d-a22c-88a8fde64409,netgear-rax50.pdf,RAX50,fc5d763a-afb9-50ad-9bf3-f996577a486c,Enable or disable implicit beamforming,Manage Network Settings > Enable or disable implicit beamforming,Manage Network Settings,2,82,83,P3,1,1,1,1,1160,1160,290,290,0,95bca802-9100-5dda-b9d4-7b76762cf27e,95bca802-9100-5dda-b9d4-7b76762cf27e,e65eaa31-8579-448d-a22c-88a8fde64409:95bca802-9100-5dda-b9d4-7b76762cf27e,True,leaf outline with direct text candidate
e65eaa31-8579-448d-a22c-88a8fde64409:OUTLINE:20ff4332274f1b8b,e65eaa31-8579-448d-a22c-88a8fde64409:OUTLINE:20ff4332274f1b8b,e65eaa31-8579-448d-a22c-88a8fde64409,netgear-rax50.pdf,RAX50,7db83a03-1b5b-5fc6-be4c-ef4767593466,Enable or disable MU-MIMO,Manage Network Settings > Enable or disable MU-MIMO,Manage Network Settings,2,83,84,P3,1,1,1,1,1141,1141,286,286,0,6b12a27a-8d95-58fa-927d-e94061ea4bee,6b12a27a-8d95-58fa-927d-e94061ea4bee,e65eaa31-8579-448d-a22c-88a8fde64409:6b12a27a-8d95-58fa-927d-e94061ea4bee,True,leaf outline with direct text candidate
e65eaa31-8579-448d-a22c-88a8fde64409:OUTLINE:a8937bd7857359c7,e65eaa31-8579-448d-a22c-88a8fde64409:OUTLINE:a8937bd7857359c7,e65eaa31-8579-448d-a22c-88a8fde64409,netgear-rax50.pdf,RAX50,e0559086-5646-54a7-8a27-590b9f4c5c3e,Enable or disable AX WiFi,Manage Network Settings > Enable or disable AX WiFi,Manage Network Settings,2,84,84,P3,1,1,1,1,1008,1008,252,252,0,b19ab74d-3e56-5b7a-9a6b-cc50c31804e0,b19ab74d-3e56-5b7a-9a6b-cc50c31804e0,e65eaa31-8579-448d-a22c-88a8fde64409:b19ab74d-3e56-5b7a-9a6b-cc50c31804e0,True,leaf outline with direct text candidate
e65eaa31-8579-448d-a22c-88a8fde64409:OUTLINE:f362300bbbc0324c,e65eaa31-8579-448d-a22c-88a8fde64409:OUTLINE:f362300bbbc0324c,e65eaa31-8579-448d-a22c-88a8fde64409,netgear-rax50.pdf,RAX50,21c18a7b-5d80-5a24-a165-1ca3d8b26c98,Enable Dynamic QoS,Optimize Performance > Use Dynamic QoS to optimize Internet traffic management > Enable Dynamic QoS,Optimize Performance > Use Dynamic QoS to optimize Internet traffic management,3,86,87,P3,1,1,1,1,1261,1261,316,316,0,d2849132-6a3d-520c-8f2c-bd5e904e522d,d2849132-6a3d-520c-8f2c-bd5e904e522d,e65eaa31-8579-448d-a22c-88a8fde64409:d2849132-6a3d-520c-8f2c-bd5e904e522d,True,leaf outline with direct text candidate
e65eaa31-8579-448d-a22c-88a8fde64409:OUTLINE:4e7731d3ebb2db89,e65eaa31-8579-448d-a22c-88a8fde64409:OUTLINE:4e7731d3ebb2db89,e65eaa31-8579-448d-a22c-88a8fde64409,netgear-rax50.pdf,RAX50,cef990c1-178c-547a-88f9-23efee6fa3ee,Enable or disable the automatic QoS database update,Optimize Performance > Use Dynamic QoS to optimize Internet traffic management > Enable or disable the automatic QoS database update,Optimize Performance > Use Dynamic QoS to optimize Internet traffic management,3,87,87,P3,1,1,1,1,957,957,240,240,0,f6fd63f2-f6fd-5bae-a838-1a933a94fc87,f6fd63f2-f6fd-5bae-a838-1a933a94fc87,e65eaa31-8579-448d-a22c-88a8fde64409:f6fd63f2-f6fd-5bae-a838-1a933a94fc87,True,leaf outline with direct text candidate
e65eaa31-8579-448d-a22c-88a8fde64409:OUTLINE:41d86e3c0982faa9,e65eaa31-8579-448d-a22c-88a8fde64409:OUTLINE:41d86e3c0982faa9,e65eaa31-8579-448d-a22c-88a8fde64409,netgear-rax50.pdf,RAX50,b521482a-e8a6-5998-9e02-21dbb53a9945,Manually update the dynamic QoS database,Optimize Performance > Use Dynamic QoS to optimize Internet traffic management > Manually update the dynamic QoS database,Optimize Performance > Use Dynamic QoS to optimize Internet traffic management,3,87,88,P3,1,1,1,1,1010,1010,253,253,0,93ffa849-c75e-5120-be9a-d99bb0eed70b,93ffa849-c75e-5120-be9a-d99bb0eed70b,e65eaa31-8579-448d-a22c-88a8fde64409:93ffa849-c75e-5120-be9a-d99bb0eed70b,True,leaf outline with direct text candidate
e65eaa31-8579-448d-a22c-88a8fde64409:OUTLINE:4da8e40be17ac59a,e65eaa31-8579-448d-a22c-88a8fde64409:OUTLINE:4da8e40be17ac59a,e65eaa31-8579-448d-a22c-88a8fde64409,netgear-rax50.pdf,RAX50,0c7e05c4-cde6-5bdc-9b8e-bcc80a4cbf97,Improve network connections with Universal Plug and Play,Optimize Performance > Improve network connections with Universal Plug and Play,Optimize Performance,2,88,89,P3,1,1,1,1,2553,2553,639,639,0,774ee189-bd64-5f3b-9cb7-acd22941260e,774ee189-bd64-5f3b-9cb7-acd22941260e,e65eaa31-8579-448d-a22c-88a8fde64409:774ee189-bd64-5f3b-9cb7-acd22941260e,True,leaf outline with direct text candidate
e65eaa31-8579-448d-a22c-88a8fde64409:OUTLINE:887bf2ecf9f77442,e65eaa31-8579-448d-a22c-88a8fde64409:OUTLINE:887bf2ecf9f77442,e65eaa31-8579-448d-a22c-88a8fde64409,netgear-rax50.pdf,RAX50,b8bca16a-8051-5df9-8164-9b56874fd1b4,Wi-Fi Multimedia Quality of Service,Optimize Performance > Wi-Fi Multimedia Quality of Service,Optimize Performance,2,89,90,P3,1,1,1,1,1522,1522,381,381,0,8edc0fb3-3755-5b04-af67-8465feba2137,8edc0fb3-3755-5b04-af67-8465feba2137,e65eaa31-8579-448d-a22c-88a8fde64409:8edc0fb3-3755-5b04-af67-8465feba2137,True,leaf outline with direct text candidate
e65eaa31-8579-448d-a22c-88a8fde64409:OUTLINE:d10f321e5627aefb,e65eaa31-8579-448d-a22c-88a8fde64409:OUTLINE:d10f321e5627aefb,e65eaa31-8579-448d-a22c-88a8fde64409,netgear-rax50.pdf,RAX50,be8e4005-17ed-5263-a6c6-d1c4f5c5c8b1,Enable or disable AX WiFi,Optimize Performance > Enable or disable AX WiFi,Optimize Performance,2,90,91,P3,1,1,1,1,1008,1008,252,252,0,684e63e0-b298-5126-8bf3-02cd19690596,684e63e0-b298-5126-8bf3-02cd19690596,e65eaa31-8579-448d-a22c-88a8fde64409:684e63e0-b298-5126-8bf3-02cd19690596,True,leaf outline with direct text candidate
e65eaa31-8579-448d-a22c-88a8fde64409:OUTLINE:759d64cd684a03d3,e65eaa31-8579-448d-a22c-88a8fde64409:OUTLINE:759d64cd684a03d3,e65eaa31-8579-448d-a22c-88a8fde64409,netgear-rax50.pdf,RAX50,f3340460-8377-5a69-b8f4-335a7d90f03a,Check for new firmware and update the router,Manage Your Router > Update the router firmware > Check for new firmware and update the router,Manage Your Router > Update the router firmware,3,93,94,P3,1,1,1,1,1577,1577,395,395,0,175b6bb5-6032-5c21-9e2d-83dbb8b8ef10,175b6bb5-6032-5c21-9e2d-83dbb8b8ef10,e65eaa31-8579-448d-a22c-88a8fde64409:175b6bb5-6032-5c21-9e2d-83dbb8b8ef10,True,leaf outline with direct text candidate
e65eaa31-8579-448d-a22c-88a8fde64409:OUTLINE:144a9eaf44243682,e65eaa31-8579-448d-a22c-88a8fde64409:OUTLINE:144a9eaf44243682,e65eaa31-8579-448d-a22c-88a8fde64409,netgear-rax50.pdf,RAX50,0898ddfc-42b6-55f9-9527-503abe114c53,Manually upload firmware to the router,Manage Your Router > Update the router firmware > Manually upload firmware to the router,Manage Your Router > Update the router firmware,3,94,94,P3,1,1,1,1,1519,1519,380,380,0,c1ae4393-c8b4-5260-94d1-a584ee5122c8,c1ae4393-c8b4-5260-94d1-a584ee5122c8,e65eaa31-8579-448d-a22c-88a8fde64409:c1ae4393-c8b4-5260-94d1-a584ee5122c8,True,leaf outline with direct text candidate
e65eaa31-8579-448d-a22c-88a8fde64409:OUTLINE:2a9eeb8814512f23,e65eaa31-8579-448d-a22c-88a8fde64409:OUTLINE:2a9eeb8814512f23,e65eaa31-8579-448d-a22c-88a8fde64409,netgear-rax50.pdf,RAX50,0a7630df-9c9c-5c7f-9c68-4ce69bf37f0c,Change the admin password,Manage Your Router > Change the admin password,Manage Your Router,2,95,95,P3,1,1,1,1,1009,1009,253,253,0,d659abfb-9458-5e61-8449-b4a4aae55ec6,d659abfb-9458-5e61-8449-b4a4aae55ec6,e65eaa31-8579-448d-a22c-88a8fde64409:d659abfb-9458-5e61-8449-b4a4aae55ec6,True,leaf outline with direct text candidate
e65eaa31-8579-448d-a22c-88a8fde64409:OUTLINE:2dd255283f1c0d9a,e65eaa31-8579-448d-a22c-88a8fde64409:OUTLINE:2dd255283f1c0d9a,e65eaa31-8579-448d-a22c-88a8fde64409,netgear-rax50.pdf,RAX50,86e2406e-1d90-5d8a-a623-434b394c4c4a,Enable admin password reset,Manage Your Router > Enable admin password reset,Manage Your Router,2,95,96,P3,1,1,1,1,940,940,235,235,0,dbd4c253-9a3f-5c37-815b-6479d033a582,dbd4c253-9a3f-5c37-815b-6479d033a582,e65eaa31-8579-448d-a22c-88a8fde64409:dbd4c253-9a3f-5c37-815b-6479d033a582,True,leaf outline with direct text candidate
e65eaa31-8579-448d-a22c-88a8fde64409:OUTLINE:34fed9bf3c746d44,e65eaa31-8579-448d-a22c-88a8fde64409:OUTLINE:34fed9bf3c746d44,e65eaa31-8579-448d-a22c-88a8fde64409,netgear-rax50.pdf,RAX50,3ec7d844-f98a-56ae-b42a-de309a811e2f,Reset the admin password,Manage Your Router > Reset the admin password,Manage Your Router,2,96,97,P3,1,1,1,1,1041,1041,261,261,0,18147ff5-671f-5083-b6be-4551aa2bb127,18147ff5-671f-5083-b6be-4551aa2bb127,e65eaa31-8579-448d-a22c-88a8fde64409:18147ff5-671f-5083-b6be-4551aa2bb127,True,leaf outline with direct text candidate
e65eaa31-8579-448d-a22c-88a8fde64409:OUTLINE:6a21f9b5b2e845d8,e65eaa31-8579-448d-a22c-88a8fde64409:OUTLINE:6a21f9b5b2e845d8,e65eaa31-8579-448d-a22c-88a8fde64409,netgear-rax50.pdf,RAX50,61c604e4-952d-581d-9137-11c1868ac11d,Always use HTTPS to access the router,Manage Your Router > Always use HTTPS to access the router,Manage Your Router,2,97,97,P4,1,1,1,1,1339,1339,335,335,0,bd871467-b42f-5be9-8561-c3214f30360f,bd871467-b42f-5be9-8561-c3214f30360f,e65eaa31-8579-448d-a22c-88a8fde64409:bd871467-b42f-5be9-8561-c3214f30360f,True,leaf outline with direct text candidate
e65eaa31-8579-448d-a22c-88a8fde64409:OUTLINE:b12173e1e134fdbc,e65eaa31-8579-448d-a22c-88a8fde64409:OUTLINE:b12173e1e134fdbc,e65eaa31-8579-448d-a22c-88a8fde64409,netgear-rax50.pdf,RAX50,b26b8971-12a0-53f4-a971-c1f3e6324d92,View information about the router and the Internet and WiFi settings,Manage Your Router > View information about the router and the Internet and WiFi settings,Manage Your Router,2,98,98,P4,1,1,1,1,1252,1252,313,313,0,0f4aebc2-b532-542c-857f-5cc34359b93a,0f4aebc2-b532-542c-857f-5cc34359b93a,e65eaa31-8579-448d-a22c-88a8fde64409:0f4aebc2-b532-542c-857f-5cc34359b93a,True,leaf outline with direct text candidate
e65eaa31-8579-448d-a22c-88a8fde64409:OUTLINE:57fe273a4cf13cfe,e65eaa31-8579-448d-a22c-88a8fde64409:OUTLINE:57fe273a4cf13cfe,e65eaa31-8579-448d-a22c-88a8fde64409,netgear-rax50.pdf,RAX50,81682635-fcf3-515d-9aeb-a2f27589fb71,Display the statistics of the Internet port,Manage Your Router > Display the statistics of the Internet port,Manage Your Router,2,98,99,P4,1,1,1,1,1712,1712,428,428,0,b87ad35e-a696-5e21-9a61-0c67caa43972,b87ad35e-a696-5e21-9a61-0c67caa43972,e65eaa31-8579-448d-a22c-88a8fde64409:b87ad35e-a696-5e21-9a61-0c67caa43972,True,leaf outline with direct text candidate
e65eaa31-8579-448d-a22c-88a8fde64409:OUTLINE:6771fbe9c8f541bf,e65eaa31-8579-448d-a22c-88a8fde64409:OUTLINE:6771fbe9c8f541bf,e65eaa31-8579-448d-a22c-88a8fde64409,netgear-rax50.pdf,RAX50,bb77b3e6-b04e-5902-8757-c94b3e65e5b0,Check the Internet connection status,Manage Your Router > Check the Internet connection status,Manage Your Router,2,100,100,P4,1,1,1,1,1725,1725,432,432,0,7b762a47-da73-52c1-8f9a-0d1ef0369d6f,7b762a47-da73-52c1-8f9a-0d1ef0369d6f,e65eaa31-8579-448d-a22c-88a8fde64409:7b762a47-da73-52c1-8f9a-0d1ef0369d6f,True,leaf outline with direct text candidate
e65eaa31-8579-448d-a22c-88a8fde64409:OUTLINE:50555901814609f9,e65eaa31-8579-448d-a22c-88a8fde64409:OUTLINE:50555901814609f9,e65eaa31-8579-448d-a22c-88a8fde64409,netgear-rax50.pdf,RAX50,a578f0ec-0619-5b40-a8b1-9013554a4573,View and manage logs of router activity,Manage Your Router > View and manage logs of router activity,Manage Your Router,2,101,101,P4,1,1,1,1,1676,1676,419,419,0,f7527cdb-1cd3-5081-8dfa-cae5ce0b7ad2,f7527cdb-1cd3-5081-8dfa-cae5ce0b7ad2,e65eaa31-8579-448d-a22c-88a8fde64409:f7527cdb-1cd3-5081-8dfa-cae5ce0b7ad2,True,leaf outline with direct text candidate
e65eaa31-8579-448d-a22c-88a8fde64409:OUTLINE:0233e0df2b249ecc,e65eaa31-8579-448d-a22c-88a8fde64409:OUTLINE:0233e0df2b249ecc,e65eaa31-8579-448d-a22c-88a8fde64409,netgear-rax50.pdf,RAX50,8ce91813-d459-582b-a9df-fa7a5a329349,View devices currently on the network,Manage Your Router > View devices currently on the network,Manage Your Router,2,102,102,P4,1,1,1,1,1096,1096,274,274,0,4803ab48-f456-5f0c-95d6-a1e621e31102,4803ab48-f456-5f0c-95d6-a1e621e31102,e65eaa31-8579-448d-a22c-88a8fde64409:4803ab48-f456-5f0c-95d6-a1e621e31102,True,leaf outline with direct text candidate
e65eaa31-8579-448d-a22c-88a8fde64409:OUTLINE:b501c092002a51d8,e65eaa31-8579-448d-a22c-88a8fde64409:OUTLINE:b501c092002a51d8,e65eaa31-8579-448d-a22c-88a8fde64409,netgear-rax50.pdf,RAX50,20078ff7-302c-5926-9334-4363cd111e30,Monitor Internet traffic,Manage Your Router > Monitor Internet traffic,Manage Your Router,2,102,103,P4,1,1,1,1,2372,2372,593,593,0,b394157a-06a4-5abd-a83c-3f74a2db8267,b394157a-06a4-5abd-a83c-3f74a2db8267,e65eaa31-8579-448d-a22c-88a8fde64409:b394157a-06a4-5abd-a83c-3f74a2db8267,True,leaf outline with direct text candidate
e65eaa31-8579-448d-a22c-88a8fde64409:OUTLINE:16dc1eb6ea5ba1ad,e65eaa31-8579-448d-a22c-88a8fde64409:OUTLINE:16dc1eb6ea5ba1ad,e65eaa31-8579-448d-a22c-88a8fde64409,netgear-rax50.pdf,RAX50,0eab9b27-ea13-594c-9bdd-4a56c20f8d6a,Back up the settings,Manage Your Router > Manage the router configuration file > Back up the settings,Manage Your Router > Manage the router configuration file,3,104,104,P4,1,1,1,1,706,706,177,177,0,0e8a4859-ac3f-57fd-a7ae-a5affebcdfde,0e8a4859-ac3f-57fd-a7ae-a5affebcdfde,e65eaa31-8579-448d-a22c-88a8fde64409:0e8a4859-ac3f-57fd-a7ae-a5affebcdfde,True,leaf outline with direct text candidate
e65eaa31-8579-448d-a22c-88a8fde64409:OUTLINE:5ae513b79530a608,e65eaa31-8579-448d-a22c-88a8fde64409:OUTLINE:5ae513b79530a608,e65eaa31-8579-448d-a22c-88a8fde64409,netgear-rax50.pdf,RAX50,9b73c336-ab13-5b2f-8661-2d87ed01c461,Erase the settings,Manage Your Router > Manage the router configuration file > Erase the settings,Manage Your Router > Manage the router configuration file,3,104,105,P4,1,1,1,1,1000,1000,250,250,0,03a4fccb-bb0c-56ec-b67b-eee79c190813,03a4fccb-bb0c-56ec-b67b-eee79c190813,e65eaa31-8579-448d-a22c-88a8fde64409:03a4fccb-bb0c-56ec-b67b-eee79c190813,True,leaf outline with direct text candidate
e65eaa31-8579-448d-a22c-88a8fde64409:OUTLINE:1897448df00d82fa,e65eaa31-8579-448d-a22c-88a8fde64409:OUTLINE:1897448df00d82fa,e65eaa31-8579-448d-a22c-88a8fde64409,netgear-rax50.pdf,RAX50,eaced592-6a41-53ea-a2c9-431058be57d8,Restore the settings,Manage Your Router > Manage the router configuration file > Restore the settings,Manage Your Router > Manage the router configuration file,3,105,105,P4,1,1,1,1,760,760,190,190,0,98cfa2a4-509e-5858-8e32-2a914f7b5f31,98cfa2a4-509e-5858-8e32-2a914f7b5f31,e65eaa31-8579-448d-a22c-88a8fde64409:98cfa2a4-509e-5858-8e32-2a914f7b5f31,True,leaf outline with direct text candidate
e65eaa31-8579-448d-a22c-88a8fde64409:OUTLINE:462b211282562b96,e65eaa31-8579-448d-a22c-88a8fde64409:OUTLINE:462b211282562b96,e65eaa31-8579-448d-a22c-88a8fde64409,netgear-rax50.pdf,RAX50,a175e32b-a9f6-5093-979e-4886defc846d,Connect to your router with Anywhere Access,Manage Your Router > Connect to your router with Anywhere Access,Manage Your Router,2,106,106,P4,1,1,1,1,559,559,140,140,0,343cd1ba-49ae-5a17-969b-b2011fe6a974,343cd1ba-49ae-5a17-969b-b2011fe6a974,e65eaa31-8579-448d-a22c-88a8fde64409:343cd1ba-49ae-5a17-969b-b2011fe6a974,True,leaf outline with direct text candidate
e65eaa31-8579-448d-a22c-88a8fde64409:OUTLINE:2fb2c198f90efd54,e65eaa31-8579-448d-a22c-88a8fde64409:OUTLINE:2fb2c198f90efd54,e65eaa31-8579-448d-a22c-88a8fde64409,netgear-rax50.pdf,RAX50,ab263d23-7339-5bdb-bb1f-fe78953116e5,Turn off the router LEDs,Manage Your Router > Turn off the router LEDs,Manage Your Router,2,106,106,P4,1,1,1,1,817,817,205,205,0,2f8c46d8-9a15-5f3b-a431-fe598d524e56,2f8c46d8-9a15-5f3b-a431-fe598d524e56,e65eaa31-8579-448d-a22c-88a8fde64409:2f8c46d8-9a15-5f3b-a431-fe598d524e56,True,leaf outline with direct text candidate
e65eaa31-8579-448d-a22c-88a8fde64409:OUTLINE:536e38dc6e76c4f9,e65eaa31-8579-448d-a22c-88a8fde64409:OUTLINE:536e38dc6e76c4f9,e65eaa31-8579-448d-a22c-88a8fde64409,netgear-rax50.pdf,RAX50,fd926374-a76b-566b-8f3c-2bb68af6ad07,Set your time zone,Manage Your Router > Set your time zone,Manage Your Router,2,107,107,P4,1,1,1,1,744,744,186,186,0,0e390b06-fbf5-5686-98c1-f58bf84eb35d,0e390b06-fbf5-5686-98c1-f58bf84eb35d,e65eaa31-8579-448d-a22c-88a8fde64409:0e390b06-fbf5-5686-98c1-f58bf84eb35d,True,leaf outline with direct text candidate
e65eaa31-8579-448d-a22c-88a8fde64409:OUTLINE:da5aece7fde9d58b,e65eaa31-8579-448d-a22c-88a8fde64409:OUTLINE:da5aece7fde9d58b,e65eaa31-8579-448d-a22c-88a8fde64409,netgear-rax50.pdf,RAX50,6dcdfaaa-f04a-5efb-ada3-92041868042d,Set the NTP server,Manage Your Router > Set the NTP server,Manage Your Router,2,107,108,P4,1,1,1,1,971,971,243,243,0,44e7186a-d80b-519f-b7c8-793cc38b95ad,44e7186a-d80b-519f-b7c8-793cc38b95ad,e65eaa31-8579-448d-a22c-88a8fde64409:44e7186a-d80b-519f-b7c8-793cc38b95ad,True,leaf outline with direct text candidate
e65eaa31-8579-448d-a22c-88a8fde64409:OUTLINE:c2e5aa6c07760fe3,e65eaa31-8579-448d-a22c-88a8fde64409:OUTLINE:c2e5aa6c07760fe3,e65eaa31-8579-448d-a22c-88a8fde64409,netgear-rax50.pdf,RAX50,fc213267-bd1b-53e8-ae2c-acc3452d6b5e,Specify ReadyDLNA media server settings,Manage Your Router > Specify ReadyDLNA media server settings,Manage Your Router,2,108,109,P4,1,1,1,1,1517,1517,380,380,0,d91ae36a-3aed-5acd-8001-351714a2e898,d91ae36a-3aed-5acd-8001-351714a2e898,e65eaa31-8579-448d-a22c-88a8fde64409:d91ae36a-3aed-5acd-8001-351714a2e898,True,leaf outline with direct text candidate
e65eaa31-8579-448d-a22c-88a8fde64409:OUTLINE:16508c1309742aa6,e65eaa31-8579-448d-a22c-88a8fde64409:OUTLINE:16508c1309742aa6,e65eaa31-8579-448d-a22c-88a8fde64409,netgear-rax50.pdf,RAX50,27c332e1-1a69-55bd-8ac6-f7e97f2960ca,Use the Reset button,Manage Your Router > Return the router to its factory default settings > Use the Reset button,Manage Your Router > Return the router to its factory default settings,3,109,110,P4,1,1,1,1,723,723,181,181,0,db85c08a-eeba-5dfb-96da-0dde84583dbf,db85c08a-eeba-5dfb-96da-0dde84583dbf,e65eaa31-8579-448d-a22c-88a8fde64409:db85c08a-eeba-5dfb-96da-0dde84583dbf,True,leaf outline with direct text candidate
e65eaa31-8579-448d-a22c-88a8fde64409:OUTLINE:f36311c9fbb5c33b,e65eaa31-8579-448d-a22c-88a8fde64409:OUTLINE:f36311c9fbb5c33b,e65eaa31-8579-448d-a22c-88a8fde64409,netgear-rax50.pdf,RAX50,a98392cd-8ed1-5c28-b189-511e14bedb67,Erase the settings,Manage Your Router > Return the router to its factory default settings > Erase the settings,Manage Your Router > Return the router to its factory default settings,3,110,110,P4,1,1,1,1,1000,1000,250,250,0,949f4076-a01d-5589-9000-e07d2468d8e1,949f4076-a01d-5589-9000-e07d2468d8e1,e65eaa31-8579-448d-a22c-88a8fde64409:949f4076-a01d-5589-9000-e07d2468d8e1,True,leaf outline with direct text candidate
e65eaa31-8579-448d-a22c-88a8fde64409:OUTLINE:f6d96cbca721e93a,e65eaa31-8579-448d-a22c-88a8fde64409:OUTLINE:f6d96cbca721e93a,e65eaa31-8579-448d-a22c-88a8fde64409,netgear-rax50.pdf,RAX50,2e9e0d63-f97b-5a42-be85-6eb5994377a3,USB device requirements,Share USB Storage Devices Attached to the Router > USB device requirements,Share USB Storage Devices Attached to the Router,2,112,112,P4,1,1,1,1,717,717,180,180,0,9c7ec5e9-5d33-5b95-b808-b5cf02baa6e4,9c7ec5e9-5d33-5b95-b808-b5cf02baa6e4,e65eaa31-8579-448d-a22c-88a8fde64409:9c7ec5e9-5d33-5b95-b808-b5cf02baa6e4,True,leaf outline with direct text candidate
e65eaa31-8579-448d-a22c-88a8fde64409:OUTLINE:30e6bc1f5ecbb7b4,e65eaa31-8579-448d-a22c-88a8fde64409:OUTLINE:30e6bc1f5ecbb7b4,e65eaa31-8579-448d-a22c-88a8fde64409,netgear-rax50.pdf,RAX50,c75f3f4e-1960-505f-aa11-646070a0b681,Connect a USB storage device to the router,Share USB Storage Devices Attached to the Router > Connect a USB storage device to the router,Share USB Storage Devices Attached to the Router,2,112,112,P4,1,1,1,1,646,646,162,162,0,173e6efd-2c2c-5343-bad7-634d6de51907,173e6efd-2c2c-5343-bad7-634d6de51907,e65eaa31-8579-448d-a22c-88a8fde64409:173e6efd-2c2c-5343-bad7-634d6de51907,True,leaf outline with direct text candidate
e65eaa31-8579-448d-a22c-88a8fde64409:OUTLINE:cab77ccab1fc9381,e65eaa31-8579-448d-a22c-88a8fde64409:OUTLINE:cab77ccab1fc9381,e65eaa31-8579-448d-a22c-88a8fde64409,netgear-rax50.pdf,RAX50,fb23892d-c822-5edc-b6da-1a73532baf47,Access a storage device connected to the router from a Windows-based computer,Share USB Storage Devices Attached to the Router > Access a storage device connected to the router from a Windows-based computer,Share USB Storage Devices Attached to the Router,2,113,113,P4,1,1,1,1,685,685,172,172,0,e428b8c4-ad7c-565b-a493-a0988ae76f4c,e428b8c4-ad7c-565b-a493-a0988ae76f4c,e65eaa31-8579-448d-a22c-88a8fde64409:e428b8c4-ad7c-565b-a493-a0988ae76f4c,True,leaf outline with direct text candidate
e65eaa31-8579-448d-a22c-88a8fde64409:OUTLINE:c13e62b9f187f6d4,e65eaa31-8579-448d-a22c-88a8fde64409:OUTLINE:c13e62b9f187f6d4,e65eaa31-8579-448d-a22c-88a8fde64409,netgear-rax50.pdf,RAX50,d9d10713-74dc-5990-ac69-a3f222e339e2,Map a USB device to a Windows network drive,Share USB Storage Devices Attached to the Router > Map a USB device to a Windows network drive,Share USB Storage Devices Attached to the Router,2,113,114,P4,1,1,1,1,1170,1170,293,293,0,38935138-fe5f-53d0-96cd-d82b39ade28f,38935138-fe5f-53d0-96cd-d82b39ade28f,e65eaa31-8579-448d-a22c-88a8fde64409:38935138-fe5f-53d0-96cd-d82b39ade28f,True,leaf outline with direct text candidate
e65eaa31-8579-448d-a22c-88a8fde64409:OUTLINE:b3066d612f62895b,e65eaa31-8579-448d-a22c-88a8fde64409:OUTLINE:b3066d612f62895b,e65eaa31-8579-448d-a22c-88a8fde64409,netgear-rax50.pdf,RAX50,5817f5d9-9fe1-5874-8c93-4f065d57582b,Access a storage device that is connected to the router from a Mac,Share USB Storage Devices Attached to the Router > Access a storage device that is connected to the router from a Mac,Share USB Storage Devices Attached to the Router,2,114,115,P4,1,1,1,1,1235,1235,309,309,0,bd446c14-3b3a-52e8-a725-915abc27f136,bd446c14-3b3a-52e8-a725-915abc27f136,e65eaa31-8579-448d-a22c-88a8fde64409:bd446c14-3b3a-52e8-a725-915abc27f136,True,leaf outline with direct text candidate
e65eaa31-8579-448d-a22c-88a8fde64409:OUTLINE:db63cdf49b678cf1,e65eaa31-8579-448d-a22c-88a8fde64409:OUTLINE:db63cdf49b678cf1,e65eaa31-8579-448d-a22c-88a8fde64409,netgear-rax50.pdf,RAX50,caf6c1f3-af98-5d52-8b0d-5b43058ed2cc,Enable FTP access within your network,Share USB Storage Devices Attached to the Router > Enable FTP access within your network,Share USB Storage Devices Attached to the Router,2,115,115,P4,1,1,1,1,735,735,184,184,0,540adef2-c527-5db1-bc2f-8ce012c8629e,540adef2-c527-5db1-bc2f-8ce012c8629e,e65eaa31-8579-448d-a22c-88a8fde64409:540adef2-c527-5db1-bc2f-8ce012c8629e,True,leaf outline with direct text candidate
e65eaa31-8579-448d-a22c-88a8fde64409:OUTLINE:bcac3565908ea5d5,e65eaa31-8579-448d-a22c-88a8fde64409:OUTLINE:bcac3565908ea5d5,e65eaa31-8579-448d-a22c-88a8fde64409,netgear-rax50.pdf,RAX50,28dd818a-fa27-57a9-904f-811a7a8ee4f4,View network folders on a storage device,Share USB Storage Devices Attached to the Router > View network folders on a storage device,Share USB Storage Devices Attached to the Router,2,115,116,P4,1,1,1,1,1429,1429,358,358,0,9274feba-6fe4-5b35-9e0c-79e0d0b62e1f,9274feba-6fe4-5b35-9e0c-79e0d0b62e1f,e65eaa31-8579-448d-a22c-88a8fde64409:9274feba-6fe4-5b35-9e0c-79e0d0b62e1f,True,leaf outline with direct text candidate
e65eaa31-8579-448d-a22c-88a8fde64409:OUTLINE:7e8558c76cede228,e65eaa31-8579-448d-a22c-88a8fde64409:OUTLINE:7e8558c76cede228,e65eaa31-8579-448d-a22c-88a8fde64409,netgear-rax50.pdf,RAX50,f699f791-f9eb-52ac-90f4-ae453a4cab7e,Add a network folder on a USB storage device,Share USB Storage Devices Attached to the Router > Add a network folder on a USB storage device,Share USB Storage Devices Attached to the Router,2,116,117,P4,1,1,1,1,1775,1775,444,444,0,daed7153-9fb1-599b-a95f-40cf3aa79879,daed7153-9fb1-599b-a95f-40cf3aa79879,e65eaa31-8579-448d-a22c-88a8fde64409:daed7153-9fb1-599b-a95f-40cf3aa79879,True,leaf outline with direct text candidate
e65eaa31-8579-448d-a22c-88a8fde64409:OUTLINE:902cbde304aea84b,e65eaa31-8579-448d-a22c-88a8fde64409:OUTLINE:902cbde304aea84b,e65eaa31-8579-448d-a22c-88a8fde64409,netgear-rax50.pdf,RAX50,6f81b669-bf5b-5a02-8f73-8b16049cad3d,Edit a network folder on a USB storage device,Share USB Storage Devices Attached to the Router > Edit a network folder on a USB storage device,Share USB Storage Devices Attached to the Router,2,117,118,P4,1,1,1,1,869,869,218,218,0,07d2242a-f841-5b3b-91e1-3a0249026fc8,07d2242a-f841-5b3b-91e1-3a0249026fc8,e65eaa31-8579-448d-a22c-88a8fde64409:07d2242a-f841-5b3b-91e1-3a0249026fc8,True,leaf outline with direct text candidate
e65eaa31-8579-448d-a22c-88a8fde64409:OUTLINE:6d9e65e07ba1fab4,e65eaa31-8579-448d-a22c-88a8fde64409:OUTLINE:6d9e65e07ba1fab4,e65eaa31-8579-448d-a22c-88a8fde64409,netgear-rax50.pdf,RAX50,d2bfa69c-313a-531f-8309-398f1a2d0779,Safely remove a USB storage device,Share USB Storage Devices Attached to the Router > Safely remove a USB storage device,Share USB Storage Devices Attached to the Router,2,118,118,P4,1,1,1,1,897,897,225,225,0,d11a025c-810a-5cee-85ba-56d4a6ac96f6,d11a025c-810a-5cee-85ba-56d4a6ac96f6,e65eaa31-8579-448d-a22c-88a8fde64409:d11a025c-810a-5cee-85ba-56d4a6ac96f6,True,leaf outline with direct text candidate
e65eaa31-8579-448d-a22c-88a8fde64409:OUTLINE:5bcedba15877f9ba,e65eaa31-8579-448d-a22c-88a8fde64409:OUTLINE:5bcedba15877f9ba,e65eaa31-8579-448d-a22c-88a8fde64409,netgear-rax50.pdf,RAX50,53fb92e0-c6bc-5443-b43f-cb2c2093489c,Set up a new Dynamic DNS account,Use Dynamic DNS to Access USB Storage Devices Through the Internet > Set up and manage Dynamic DNS > Set up a new Dynamic DNS account,Use Dynamic DNS to Access USB Storage Devices Through the Internet > Set up and manage Dynamic DNS,3,120,121,P4,1,1,1,1,1270,1270,318,318,0,c61b475f-2cda-58b2-a65a-bce377f0dd23,c61b475f-2cda-58b2-a65a-bce377f0dd23,e65eaa31-8579-448d-a22c-88a8fde64409:c61b475f-2cda-58b2-a65a-bce377f0dd23,True,leaf outline with direct text candidate
e65eaa31-8579-448d-a22c-88a8fde64409:OUTLINE:63ce14dc44a4804a,e65eaa31-8579-448d-a22c-88a8fde64409:OUTLINE:63ce14dc44a4804a,e65eaa31-8579-448d-a22c-88a8fde64409,netgear-rax50.pdf,RAX50,b582012c-ed05-5505-a0da-bce56b216353,Specify a DNS account that you already created,Use Dynamic DNS to Access USB Storage Devices Through the Internet > Set up and manage Dynamic DNS > Specify a DNS account that you already created,Use Dynamic DNS to Access USB Storage Devices Through the Internet > Set up and manage Dynamic DNS,3,121,122,P4,1,1,1,1,1583,1583,396,396,0,aae918c4-3d38-5ba5-ab87-c3362e57e3de,aae918c4-3d38-5ba5-ab87-c3362e57e3de,e65eaa31-8579-448d-a22c-88a8fde64409:aae918c4-3d38-5ba5-ab87-c3362e57e3de,True,leaf outline with direct text candidate
e65eaa31-8579-448d-a22c-88a8fde64409:OUTLINE:6bfd2d1ed7baea6f,e65eaa31-8579-448d-a22c-88a8fde64409:OUTLINE:6bfd2d1ed7baea6f,e65eaa31-8579-448d-a22c-88a8fde64409,netgear-rax50.pdf,RAX50,e8266bc6-c167-5251-b285-7755593462e7,Change the Dynamic DNS settings,Use Dynamic DNS to Access USB Storage Devices Through the Internet > Set up and manage Dynamic DNS > Change the Dynamic DNS settings,Use Dynamic DNS to Access USB Storage Devices Through the Internet > Set up and manage Dynamic DNS,3,122,122,P4,1,1,1,1,673,673,169,169,0,0c508bb0-976d-53ba-a55e-f4605a17747b,0c508bb0-976d-53ba-a55e-f4605a17747b,e65eaa31-8579-448d-a22c-88a8fde64409:0c508bb0-976d-53ba-a55e-f4605a17747b,True,leaf outline with direct text candidate
e65eaa31-8579-448d-a22c-88a8fde64409:OUTLINE:41b0cfbdc8d1f56e,e65eaa31-8579-448d-a22c-88a8fde64409:OUTLINE:41b0cfbdc8d1f56e,e65eaa31-8579-448d-a22c-88a8fde64409,netgear-rax50.pdf,RAX50,e6c74053-00f5-571f-8555-2e0cedddbbfb,Set up your personal FTP server,Use Dynamic DNS to Access USB Storage Devices Through the Internet > Your personal FTP server > Set up your personal FTP server,Use Dynamic DNS to Access USB Storage Devices Through the Internet > Your personal FTP server,3,123,123,P4,1,1,1,1,967,967,242,242,0,d434736e-17ba-54e8-bb5b-3b2f8356eb81,d434736e-17ba-54e8-bb5b-3b2f8356eb81,e65eaa31-8579-448d-a22c-88a8fde64409:d434736e-17ba-54e8-bb5b-3b2f8356eb81,True,leaf outline with direct text candidate
e65eaa31-8579-448d-a22c-88a8fde64409:OUTLINE:7b219629caafbbc1,e65eaa31-8579-448d-a22c-88a8fde64409:OUTLINE:7b219629caafbbc1,e65eaa31-8579-448d-a22c-88a8fde64409,netgear-rax50.pdf,RAX50,3c6367d3-ecd1-512c-bf6c-9225541b08f2,Set up FTP access through the Internet,Use Dynamic DNS to Access USB Storage Devices Through the Internet > Your personal FTP server > Set up FTP access through the Internet,Use Dynamic DNS to Access USB Storage Devices Through the Internet > Your personal FTP server,3,123,124,P4,1,1,1,1,1568,1568,392,392,0,f00d6f48-aae5-54aa-a66c-3488d6666c3c,f00d6f48-aae5-54aa-a66c-3488d6666c3c,e65eaa31-8579-448d-a22c-88a8fde64409:f00d6f48-aae5-54aa-a66c-3488d6666c3c,True,leaf outline with direct text candidate
e65eaa31-8579-448d-a22c-88a8fde64409:OUTLINE:1a19d30ebf92e996,e65eaa31-8579-448d-a22c-88a8fde64409:OUTLINE:1a19d30ebf92e996,e65eaa31-8579-448d-a22c-88a8fde64409,netgear-rax50.pdf,RAX50,45e916ec-01a0-5f75-abb7-10243c67e6f8,Set up HTTPS access through the Internet,Use Dynamic DNS to Access USB Storage Devices Through the Internet > Set up HTTPS access through the Internet,Use Dynamic DNS to Access USB Storage Devices Through the Internet,2,124,125,P4,1,1,1,1,1569,1569,393,393,0,9c21d444-5d19-5a78-af17-eadc57d30cd0,9c21d444-5d19-5a78-af17-eadc57d30cd0,e65eaa31-8579-448d-a22c-88a8fde64409:9c21d444-5d19-5a78-af17-eadc57d30cd0,True,leaf outline with direct text candidate
e65eaa31-8579-448d-a22c-88a8fde64409:OUTLINE:489c9ea9d0cb181d,e65eaa31-8579-448d-a22c-88a8fde64409:OUTLINE:489c9ea9d0cb181d,e65eaa31-8579-448d-a22c-88a8fde64409,netgear-rax50.pdf,RAX50,47d14de8-9790-5365-afef-5a8e1a476c07,Access USB storage devices through the Internet,Use Dynamic DNS to Access USB Storage Devices Through the Internet > Access USB storage devices through the Internet,Use Dynamic DNS to Access USB Storage Devices Through the Internet,2,125,126,P4,1,1,1,1,825,825,207,207,0,0d6d3fa4-f5aa-5cfe-b20c-9a6c09eeed0d,0d6d3fa4-f5aa-5cfe-b20c-9a6c09eeed0d,e65eaa31-8579-448d-a22c-88a8fde64409:0d6d3fa4-f5aa-5cfe-b20c-9a6c09eeed0d,True,leaf outline with direct text candidate
e65eaa31-8579-448d-a22c-88a8fde64409:OUTLINE:8b9e84b41a8e2327,e65eaa31-8579-448d-a22c-88a8fde64409:OUTLINE:8b9e84b41a8e2327,e65eaa31-8579-448d-a22c-88a8fde64409,netgear-rax50.pdf,RAX50,fab7f49f-543d-5d1b-ba3a-ba19336aa753,About VPN connections,Use OpenVPN to Access Your Network > About VPN connections,Use OpenVPN to Access Your Network,2,128,128,P4,1,1,1,1,1597,1597,400,400,0,a13c3553-78f9-5ede-9cd9-390daad977b6,a13c3553-78f9-5ede-9cd9-390daad977b6,e65eaa31-8579-448d-a22c-88a8fde64409:a13c3553-78f9-5ede-9cd9-390daad977b6,True,leaf outline with direct text candidate
e65eaa31-8579-448d-a22c-88a8fde64409:OUTLINE:8a6dfe1f8c0e3503,e65eaa31-8579-448d-a22c-88a8fde64409:OUTLINE:8a6dfe1f8c0e3503,e65eaa31-8579-448d-a22c-88a8fde64409,netgear-rax50.pdf,RAX50,aaa71af3-9678-5509-8225-c85e021294f4,Enable OpenVPN service in the router,Use OpenVPN to Access Your Network > Enable OpenVPN service in the router,Use OpenVPN to Access Your Network,2,129,130,P5,1,1,1,1,2290,2290,573,573,0,9078acec-f7bb-55fa-8707-b9a0825e4d79,9078acec-f7bb-55fa-8707-b9a0825e4d79,e65eaa31-8579-448d-a22c-88a8fde64409:9078acec-f7bb-55fa-8707-b9a0825e4d79,True,leaf outline with direct text candidate
e65eaa31-8579-448d-a22c-88a8fde64409:OUTLINE:12bddd78cb699bc6,e65eaa31-8579-448d-a22c-88a8fde64409:OUTLINE:12bddd78cb699bc6,e65eaa31-8579-448d-a22c-88a8fde64409,netgear-rax50.pdf,RAX50,d92d0916-a96d-5168-a057-373e8d03a66d,Install OpenVPN software on a Windows-based computer,Use OpenVPN to Access Your Network > Install OpenVPN software on a VPN client > Install OpenVPN software on a Windows-based computer,Use OpenVPN to Access Your Network > Install OpenVPN software on a VPN client,3,130,132,P5,1,1,1,1,2426,2426,607,607,0,a81b0ea4-f34e-536c-bc14-cd418516030e,a81b0ea4-f34e-536c-bc14-cd418516030e,e65eaa31-8579-448d-a22c-88a8fde64409:a81b0ea4-f34e-536c-bc14-cd418516030e,True,leaf outline with direct text candidate
e65eaa31-8579-448d-a22c-88a8fde64409:OUTLINE:7f836f6e8827bbbf,e65eaa31-8579-448d-a22c-88a8fde64409:OUTLINE:7f836f6e8827bbbf,e65eaa31-8579-448d-a22c-88a8fde64409,netgear-rax50.pdf,RAX50,3089b6b0-8c10-5850-b5ec-2e87e4dc66b8,Install OpenVPN software on a Mac computer,Use OpenVPN to Access Your Network > Install OpenVPN software on a VPN client > Install OpenVPN software on a Mac computer,Use OpenVPN to Access Your Network > Install OpenVPN software on a VPN client,3,132,133,P5,1,1,1,1,1672,1672,418,418,0,b0bbd52e-a51c-547f-9ae8-b72b014451d5,b0bbd52e-a51c-547f-9ae8-b72b014451d5,e65eaa31-8579-448d-a22c-88a8fde64409:b0bbd52e-a51c-547f-9ae8-b72b014451d5,True,leaf outline with direct text candidate
e65eaa31-8579-448d-a22c-88a8fde64409:OUTLINE:7c9d23443af8662d,e65eaa31-8579-448d-a22c-88a8fde64409:OUTLINE:7c9d23443af8662d,e65eaa31-8579-448d-a22c-88a8fde64409,netgear-rax50.pdf,RAX50,f983f636-7e64-5b69-9c41-99ccc54a170f,Install OpenVPN software on an iOS device,Use OpenVPN to Access Your Network > Install OpenVPN software on a VPN client > Install OpenVPN software on an iOS device,Use OpenVPN to Access Your Network > Install OpenVPN software on a VPN client,3,133,134,P5,1,1,1,1,1641,1641,411,411,0,20b875d3-b026-5832-82b1-d14a28bfa738,20b875d3-b026-5832-82b1-d14a28bfa738,e65eaa31-8579-448d-a22c-88a8fde64409:20b875d3-b026-5832-82b1-d14a28bfa738,True,leaf outline with direct text candidate
e65eaa31-8579-448d-a22c-88a8fde64409:OUTLINE:65bda46f8a067355,e65eaa31-8579-448d-a22c-88a8fde64409:OUTLINE:65bda46f8a067355,e65eaa31-8579-448d-a22c-88a8fde64409,netgear-rax50.pdf,RAX50,4700a170-ae80-5d9a-9293-6d50638ab361,Install OpenVPN software on an Android device,Use OpenVPN to Access Your Network > Install OpenVPN software on a VPN client > Install OpenVPN software on an Android device,Use OpenVPN to Access Your Network > Install OpenVPN software on a VPN client,3,134,134,P5,1,1,1,1,1535,1535,384,384,0,5cf9975b-f699-5f14-b4fa-c66ae846b2d1,5cf9975b-f699-5f14-b4fa-c66ae846b2d1,e65eaa31-8579-448d-a22c-88a8fde64409:5cf9975b-f699-5f14-b4fa-c66ae846b2d1,True,leaf outline with direct text candidate
e65eaa31-8579-448d-a22c-88a8fde64409:OUTLINE:73af42b29ef02388,e65eaa31-8579-448d-a22c-88a8fde64409:OUTLINE:73af42b29ef02388,e65eaa31-8579-448d-a22c-88a8fde64409,netgear-rax50.pdf,RAX50,bbc5238c-70dc-5f32-8729-baca2fdad2a9,LAN IP addressing in VPN networks,Use OpenVPN to Access Your Network > LAN IP addressing in VPN networks,Use OpenVPN to Access Your Network,2,135,135,P5,1,1,1,1,717,717,180,180,0,fa2fab6b-991d-5add-b533-ed842f8d4542,fa2fab6b-991d-5add-b533-ed842f8d4542,e65eaa31-8579-448d-a22c-88a8fde64409:fa2fab6b-991d-5add-b533-ed842f8d4542,True,leaf outline with direct text candidate
e65eaa31-8579-448d-a22c-88a8fde64409:OUTLINE:9e6456f8a8e2556f,e65eaa31-8579-448d-a22c-88a8fde64409:OUTLINE:9e6456f8a8e2556f,e65eaa31-8579-448d-a22c-88a8fde64409,netgear-rax50.pdf,RAX50,2d504aea-7348-5154-b985-acfc603fea3a,Allow VPN client Internet access in the router,Use OpenVPN to Access Your Network > Use VPN to access your Internet service at home > Allow VPN client Internet access in the router,Use OpenVPN to Access Your Network > Use VPN to access your Internet service at home,3,135,136,P5,1,1,1,1,1321,1321,331,331,0,18c41429-7bbd-5c17-800b-8d459d0ddf59,18c41429-7bbd-5c17-800b-8d459d0ddf59,e65eaa31-8579-448d-a22c-88a8fde64409:18c41429-7bbd-5c17-800b-8d459d0ddf59,True,leaf outline with direct text candidate
e65eaa31-8579-448d-a22c-88a8fde64409:OUTLINE:4961dff6fcaa17d5,e65eaa31-8579-448d-a22c-88a8fde64409:OUTLINE:4961dff6fcaa17d5,e65eaa31-8579-448d-a22c-88a8fde64409,netgear-rax50.pdf,RAX50,514bb0f0-e435-5acf-8b8a-2b33c58d8da3,Block VPN client Internet access in the router,Use OpenVPN to Access Your Network > Use VPN to access your Internet service at home > Block VPN client Internet access in the router,Use OpenVPN to Access Your Network > Use VPN to access your Internet service at home,3,136,137,P5,1,1,1,1,1320,1320,330,330,0,01143d51-a727-543c-b607-948530c2902c,01143d51-a727-543c-b607-948530c2902c,e65eaa31-8579-448d-a22c-88a8fde64409:01143d51-a727-543c-b607-948530c2902c,True,leaf outline with direct text candidate
e65eaa31-8579-448d-a22c-88a8fde64409:OUTLINE:cc0ce5690a59f7da,e65eaa31-8579-448d-a22c-88a8fde64409:OUTLINE:cc0ce5690a59f7da,e65eaa31-8579-448d-a22c-88a8fde64409,netgear-rax50.pdf,RAX50,77c6653b-7afa-5e7e-87d9-bb541c867a6b,Use VPN to remotely access a USB storage device attached to the router,Use OpenVPN to Access Your Network > Use VPN to remotely access a USB storage device attached to the router,Use OpenVPN to Access Your Network,2,137,137,P5,1,1,1,1,418,418,105,105,0,e4793bd4-59b5-52d0-920d-53bb5dce9e7e,e4793bd4-59b5-52d0-920d-53bb5dce9e7e,e65eaa31-8579-448d-a22c-88a8fde64409:e4793bd4-59b5-52d0-920d-53bb5dce9e7e,True,leaf outline with direct text candidate
e65eaa31-8579-448d-a22c-88a8fde64409:OUTLINE:4fdf3519caf165b3,e65eaa31-8579-448d-a22c-88a8fde64409:OUTLINE:4fdf3519caf165b3,e65eaa31-8579-448d-a22c-88a8fde64409,netgear-rax50.pdf,RAX50,0d8fd4e5-0844-5919-af27-c5b746bf3d38,Set up port forwarding to a local server,Manage Port Forwarding and Port Triggering > Manage port forwarding to a local server > Set up port forwarding to a local server,Manage Port Forwarding and Port Triggering > Manage port forwarding to a local server,3,139,140,P5,1,1,1,1,1328,1328,332,332,0,c7c359bd-2333-5cb5-a40c-a7522e5d092b,c7c359bd-2333-5cb5-a40c-a7522e5d092b,e65eaa31-8579-448d-a22c-88a8fde64409:c7c359bd-2333-5cb5-a40c-a7522e5d092b,True,leaf outline with direct text candidate
e65eaa31-8579-448d-a22c-88a8fde64409:OUTLINE:d73ad392f1469d40,e65eaa31-8579-448d-a22c-88a8fde64409:OUTLINE:d73ad392f1469d40,e65eaa31-8579-448d-a22c-88a8fde64409,netgear-rax50.pdf,RAX50,e3c19ab7-e7a0-5524-9d88-c48bc3a13fdc,Add a custom port forwarding service,Manage Port Forwarding and Port Triggering > Manage port forwarding to a local server > Add a custom port forwarding service,Manage Port Forwarding and Port Triggering > Manage port forwarding to a local server,3,140,141,P5,1,1,1,1,2022,2022,506,506,0,2e1c137e-3319-584a-91ad-84969b5cd7aa,2e1c137e-3319-584a-91ad-84969b5cd7aa,e65eaa31-8579-448d-a22c-88a8fde64409:2e1c137e-3319-584a-91ad-84969b5cd7aa,True,leaf outline with direct text candidate
e65eaa31-8579-448d-a22c-88a8fde64409:OUTLINE:0e4b8818738323e5,e65eaa31-8579-448d-a22c-88a8fde64409:OUTLINE:0e4b8818738323e5,e65eaa31-8579-448d-a22c-88a8fde64409,netgear-rax50.pdf,RAX50,dd280dfd-ae6e-59fb-9e3a-b73b9090f1e3,Edit a port forwarding service,Manage Port Forwarding and Port Triggering > Manage port forwarding to a local server > Edit a port forwarding service,Manage Port Forwarding and Port Triggering > Manage port forwarding to a local server,3,141,141,P5,1,1,1,1,866,866,217,217,0,2ed0f550-d321-5128-adb1-e9c20e3caf10,2ed0f550-d321-5128-adb1-e9c20e3caf10,e65eaa31-8579-448d-a22c-88a8fde64409:2ed0f550-d321-5128-adb1-e9c20e3caf10,True,leaf outline with direct text candidate
e65eaa31-8579-448d-a22c-88a8fde64409:OUTLINE:4c371fdde86b5510,e65eaa31-8579-448d-a22c-88a8fde64409:OUTLINE:4c371fdde86b5510,e65eaa31-8579-448d-a22c-88a8fde64409,netgear-rax50.pdf,RAX50,380c6d1f-08a5-5b23-8428-cd11d78ab802,Delete a port forwarding entry,Manage Port Forwarding and Port Triggering > Manage port forwarding to a local server > Delete a port forwarding entry,Manage Port Forwarding and Port Triggering > Manage port forwarding to a local server,3,142,142,P5,1,1,1,1,747,747,187,187,0,af31b6ec-73a8-5529-8fa5-da1f467d1bef,af31b6ec-73a8-5529-8fa5-da1f467d1bef,e65eaa31-8579-448d-a22c-88a8fde64409:af31b6ec-73a8-5529-8fa5-da1f467d1bef,True,leaf outline with direct text candidate
e65eaa31-8579-448d-a22c-88a8fde64409:OUTLINE:92de03712d452a04,e65eaa31-8579-448d-a22c-88a8fde64409:OUTLINE:92de03712d452a04,e65eaa31-8579-448d-a22c-88a8fde64409,netgear-rax50.pdf,RAX50,a6b78b50-769a-5606-b6d0-ec89227bcfb3,Application example: Make a local web server public,Manage Port Forwarding and Port Triggering > Manage port forwarding to a local server > Application example: Make a local web server public,Manage Port Forwarding and Port Triggering > Manage port forwarding to a local server,3,142,142,P5,1,1,1,1,934,934,234,234,0,34ec1d15-40f7-55a5-9772-135ebc91324b,34ec1d15-40f7-55a5-9772-135ebc91324b,e65eaa31-8579-448d-a22c-88a8fde64409:34ec1d15-40f7-55a5-9772-135ebc91324b,True,leaf outline with direct text candidate
e65eaa31-8579-448d-a22c-88a8fde64409:OUTLINE:0531809d109e3667,e65eaa31-8579-448d-a22c-88a8fde64409:OUTLINE:0531809d109e3667,e65eaa31-8579-448d-a22c-88a8fde64409,netgear-rax50.pdf,RAX50,1c0e8422-8c52-5dd9-a100-213c0b4862c5,How the router implements the port forwarding rule,Manage Port Forwarding and Port Triggering > Manage port forwarding to a local server > How the router implements the port forwarding rule,Manage Port Forwarding and Port Triggering > Manage port forwarding to a local server,3,143,143,P5,1,1,1,1,926,926,232,232,0,0b8e2055-6f61-572f-84da-42d70195ba7b,0b8e2055-6f61-572f-84da-42d70195ba7b,e65eaa31-8579-448d-a22c-88a8fde64409:0b8e2055-6f61-572f-84da-42d70195ba7b,True,leaf outline with direct text candidate
e65eaa31-8579-448d-a22c-88a8fde64409:OUTLINE:c4b47fce310ee454,e65eaa31-8579-448d-a22c-88a8fde64409:OUTLINE:c4b47fce310ee454,e65eaa31-8579-448d-a22c-88a8fde64409,netgear-rax50.pdf,RAX50,92088a7e-02f0-5dc5-a90e-447ecbab03cf,Add a port triggering service,Manage Port Forwarding and Port Triggering > Port triggering > Add a port triggering service,Manage Port Forwarding and Port Triggering > Port triggering,3,144,145,P5,1,1,1,1,1809,1809,453,453,0,7e9b0fc0-f9a6-580c-8f5b-d9ffe62c67c7,7e9b0fc0-f9a6-580c-8f5b-d9ffe62c67c7,e65eaa31-8579-448d-a22c-88a8fde64409:7e9b0fc0-f9a6-580c-8f5b-d9ffe62c67c7,True,leaf outline with direct text candidate
e65eaa31-8579-448d-a22c-88a8fde64409:OUTLINE:28f0a72ba41ae872,e65eaa31-8579-448d-a22c-88a8fde64409:OUTLINE:28f0a72ba41ae872,e65eaa31-8579-448d-a22c-88a8fde64409,netgear-rax50.pdf,RAX50,e0ea30a6-cc39-5388-a493-1631b1db925c,Enable port triggering,Manage Port Forwarding and Port Triggering > Port triggering > Enable port triggering,Manage Port Forwarding and Port Triggering > Port triggering,3,145,145,P5,1,1,1,1,1105,1105,277,277,0,340cd592-e47c-5cb9-a17f-b6986fbed3b6,340cd592-e47c-5cb9-a17f-b6986fbed3b6,e65eaa31-8579-448d-a22c-88a8fde64409:340cd592-e47c-5cb9-a17f-b6986fbed3b6,True,leaf outline with direct text candidate
e65eaa31-8579-448d-a22c-88a8fde64409:OUTLINE:6676e5be2991e0f8,e65eaa31-8579-448d-a22c-88a8fde64409:OUTLINE:6676e5be2991e0f8,e65eaa31-8579-448d-a22c-88a8fde64409,netgear-rax50.pdf,RAX50,f019bc09-b509-57f2-8f00-44979ec281a4,Application example: Port triggering for Internet relay chat,Manage Port Forwarding and Port Triggering > Port triggering > Application example: Port triggering for Internet relay chat,Manage Port Forwarding and Port Triggering > Port triggering,3,145,146,P5,1,1,1,1,2611,2611,653,653,0,67f8eab0-6a22-5c7b-9f6c-d116e364dc33,67f8eab0-6a22-5c7b-9f6c-d116e364dc33,e65eaa31-8579-448d-a22c-88a8fde64409:67f8eab0-6a22-5c7b-9f6c-d116e364dc33,True,leaf outline with direct text candidate
e65eaa31-8579-448d-a22c-88a8fde64409:OUTLINE:f67dde43cca3ccc5,e65eaa31-8579-448d-a22c-88a8fde64409:OUTLINE:f67dde43cca3ccc5,e65eaa31-8579-448d-a22c-88a8fde64409,netgear-rax50.pdf,RAX50,ea05a55e-6e4c-5ba4-8dcc-bb74af8708b9,Sequence to restart your network,Troubleshooting > Quick tips > Sequence to restart your network,Troubleshooting > Quick tips,3,148,148,P5,1,1,1,1,212,212,53,53,0,63debb74-88a8-5b3c-bde8-04a677ac56c7,63debb74-88a8-5b3c-bde8-04a677ac56c7,e65eaa31-8579-448d-a22c-88a8fde64409:63debb74-88a8-5b3c-bde8-04a677ac56c7,True,leaf outline with direct text candidate
e65eaa31-8579-448d-a22c-88a8fde64409:OUTLINE:75bf225706b871e2,e65eaa31-8579-448d-a22c-88a8fde64409:OUTLINE:75bf225706b871e2,e65eaa31-8579-448d-a22c-88a8fde64409,netgear-rax50.pdf,RAX50,edd445b7-215c-587a-8d45-dfbdc18c5274,Check the power adapter and Ethernet cable connections,Troubleshooting > Quick tips > Check the power adapter and Ethernet cable connections,Troubleshooting > Quick tips,3,148,148,P5,1,1,1,1,515,515,129,129,0,d542a232-92c1-58c8-8c71-58dcdd9d87b0,d542a232-92c1-58c8-8c71-58dcdd9d87b0,e65eaa31-8579-448d-a22c-88a8fde64409:d542a232-92c1-58c8-8c71-58dcdd9d87b0,True,leaf outline with direct text candidate
e65eaa31-8579-448d-a22c-88a8fde64409:OUTLINE:2c74854a9298dec3,e65eaa31-8579-448d-a22c-88a8fde64409:OUTLINE:2c74854a9298dec3,e65eaa31-8579-448d-a22c-88a8fde64409,netgear-rax50.pdf,RAX50,507a48d6-18e9-59e2-badc-082a981d0dfb,Check the WiFi settings,Troubleshooting > Quick tips > Check the WiFi settings,Troubleshooting > Quick tips,3,148,148,P5,1,1,1,1,406,406,102,102,0,39daa66a-c631-5cec-aaff-699fcdd0f47f,39daa66a-c631-5cec-aaff-699fcdd0f47f,e65eaa31-8579-448d-a22c-88a8fde64409:39daa66a-c631-5cec-aaff-699fcdd0f47f,True,leaf outline with direct text candidate
e65eaa31-8579-448d-a22c-88a8fde64409:OUTLINE:eb1f7b0380af998e,e65eaa31-8579-448d-a22c-88a8fde64409:OUTLINE:eb1f7b0380af998e,e65eaa31-8579-448d-a22c-88a8fde64409,netgear-rax50.pdf,RAX50,bbdf9b5d-b446-548a-a468-c0c05fc9eba9,Check the network settings,Troubleshooting > Quick tips > Check the network settings,Troubleshooting > Quick tips,3,148,149,P5,1,1,1,1,593,593,149,149,0,fe260b55-1994-59d9-a1d0-bc6b454ad9cc,fe260b55-1994-59d9-a1d0-bc6b454ad9cc,e65eaa31-8579-448d-a22c-88a8fde64409:fe260b55-1994-59d9-a1d0-bc6b454ad9cc,True,leaf outline with direct text candidate
e65eaa31-8579-448d-a22c-88a8fde64409:OUTLINE:6cdd03f3614a1ab8,e65eaa31-8579-448d-a22c-88a8fde64409:OUTLINE:6cdd03f3614a1ab8,e65eaa31-8579-448d-a22c-88a8fde64409,netgear-rax50.pdf,RAX50,4fc6f65d-5875-5001-9491-8d285c11ca33,Standard LED behavior when the router is powered on,Troubleshooting > Troubleshoot with the LEDs > Standard LED behavior when the router is powered on,Troubleshooting > Troubleshoot with the LEDs,3,149,149,P5,1,1,1,1,395,395,99,99,0,21ccea99-0207-56f5-9a25-6825b90b3b6b,21ccea99-0207-56f5-9a25-6825b90b3b6b,e65eaa31-8579-448d-a22c-88a8fde64409:21ccea99-0207-56f5-9a25-6825b90b3b6b,True,leaf outline with direct text candidate
e65eaa31-8579-448d-a22c-88a8fde64409:OUTLINE:8442cd09018fcfe2,e65eaa31-8579-448d-a22c-88a8fde64409:OUTLINE:8442cd09018fcfe2,e65eaa31-8579-448d-a22c-88a8fde64409,netgear-rax50.pdf,RAX50,aadb909f-8c30-5fd6-8c0d-58fdccb6ee94,LEDs never turn off,Troubleshooting > Troubleshoot with the LEDs > LEDs never turn off,Troubleshooting > Troubleshoot with the LEDs,3,149,149,P5,1,1,1,1,501,501,126,126,0,6b71d462-878a-5a3c-bcd1-cc0c4c0eda41,6b71d462-878a-5a3c-bcd1-cc0c4c0eda41,e65eaa31-8579-448d-a22c-88a8fde64409:6b71d462-878a-5a3c-bcd1-cc0c4c0eda41,True,leaf outline with direct text candidate
e65eaa31-8579-448d-a22c-88a8fde64409:OUTLINE:5cd070b790651b6f,e65eaa31-8579-448d-a22c-88a8fde64409:OUTLINE:5cd070b790651b6f,e65eaa31-8579-448d-a22c-88a8fde64409,netgear-rax50.pdf,RAX50,86cb13c2-5471-5357-8e6b-4925b836a878,Power LED is off or blinking,Troubleshooting > Troubleshoot with the LEDs > Power LED is off or blinking,Troubleshooting > Troubleshoot with the LEDs,3,150,150,P5,1,1,1,1,677,677,170,170,0,b08e3502-c165-5543-8285-14dcebdc33a1,b08e3502-c165-5543-8285-14dcebdc33a1,e65eaa31-8579-448d-a22c-88a8fde64409:b08e3502-c165-5543-8285-14dcebdc33a1,True,leaf outline with direct text candidate
e65eaa31-8579-448d-a22c-88a8fde64409:OUTLINE:336cd4ad401325c0,e65eaa31-8579-448d-a22c-88a8fde64409:OUTLINE:336cd4ad401325c0,e65eaa31-8579-448d-a22c-88a8fde64409,netgear-rax50.pdf,RAX50,ea942fa8-b1c0-5bcb-a87c-8af3c319a6f8,Internet or Ethernet LAN port LEDs are off,Troubleshooting > Troubleshoot with the LEDs > Internet or Ethernet LAN port LEDs are off,Troubleshooting > Troubleshoot with the LEDs,3,150,150,P5,1,1,1,1,536,536,134,134,0,67345d86-29ac-5778-8a68-f1ea126891ba,67345d86-29ac-5778-8a68-f1ea126891ba,e65eaa31-8579-448d-a22c-88a8fde64409:67345d86-29ac-5778-8a68-f1ea126891ba,True,leaf outline with direct text candidate
e65eaa31-8579-448d-a22c-88a8fde64409:OUTLINE:5afba934c029b9ba,e65eaa31-8579-448d-a22c-88a8fde64409:OUTLINE:5afba934c029b9ba,e65eaa31-8579-448d-a22c-88a8fde64409,netgear-rax50.pdf,RAX50,a6cb4333-7c86-51ae-9a2b-a5ce0389e935,WiFi LED is off,Troubleshooting > Troubleshoot with the LEDs > WiFi LED is off,Troubleshooting > Troubleshoot with the LEDs,3,150,150,P5,1,1,1,1,316,316,79,79,0,5e4c620b-8e9a-595e-b473-d20226e52eb0,5e4c620b-8e9a-595e-b473-d20226e52eb0,e65eaa31-8579-448d-a22c-88a8fde64409:5e4c620b-8e9a-595e-b473-d20226e52eb0,True,leaf outline with direct text candidate
e65eaa31-8579-448d-a22c-88a8fde64409:OUTLINE:5a4a9eed369ea641,e65eaa31-8579-448d-a22c-88a8fde64409:OUTLINE:5a4a9eed369ea641,e65eaa31-8579-448d-a22c-88a8fde64409,netgear-rax50.pdf,RAX50,ee16c879-a963-5e3b-9cb6-3d50095ec13d,You cannot log in to the router,Troubleshooting > You cannot log in to the router,Troubleshooting,2,151,151,P5,1,1,1,1,2451,2451,613,613,0,e285a9f0-a46a-5cf5-ac4d-2b173ede15a6,e285a9f0-a46a-5cf5-ac4d-2b173ede15a6,e65eaa31-8579-448d-a22c-88a8fde64409:e285a9f0-a46a-5cf5-ac4d-2b173ede15a6,True,leaf outline with direct text candidate
e65eaa31-8579-448d-a22c-88a8fde64409:OUTLINE:26632525d1e8244b,e65eaa31-8579-448d-a22c-88a8fde64409:OUTLINE:26632525d1e8244b,e65eaa31-8579-448d-a22c-88a8fde64409,netgear-rax50.pdf,RAX50,03f389f8-95aa-5f45-935d-01bbcdcf89d6,You cannot access the Internet,Troubleshooting > You cannot access the Internet,Troubleshooting,2,152,153,P5,1,1,1,1,2982,2982,746,746,0,2e503aca-cddf-5ed3-a289-418796446caa,2e503aca-cddf-5ed3-a289-418796446caa,e65eaa31-8579-448d-a22c-88a8fde64409:2e503aca-cddf-5ed3-a289-418796446caa,True,leaf outline with direct text candidate
e65eaa31-8579-448d-a22c-88a8fde64409:OUTLINE:6ca762548278f56e,e65eaa31-8579-448d-a22c-88a8fde64409:OUTLINE:6ca762548278f56e,e65eaa31-8579-448d-a22c-88a8fde64409,netgear-rax50.pdf,RAX50,d4acb6f9-29a4-5c08-86a3-4456f894a444,Troubleshoot Internet browsing,Troubleshooting > Troubleshoot Internet browsing,Troubleshooting,2,153,153,P5,1,1,1,1,1129,1129,283,283,0,e7004a46-44c8-5b2a-bb26-3cbaf8b649e4,e7004a46-44c8-5b2a-bb26-3cbaf8b649e4,e65eaa31-8579-448d-a22c-88a8fde64409:e7004a46-44c8-5b2a-bb26-3cbaf8b649e4,True,leaf outline with direct text candidate
e65eaa31-8579-448d-a22c-88a8fde64409:OUTLINE:9c32743864313ce3,e65eaa31-8579-448d-a22c-88a8fde64409:OUTLINE:9c32743864313ce3,e65eaa31-8579-448d-a22c-88a8fde64409,netgear-rax50.pdf,RAX50,0664c6a4-1064-5148-9e16-6d833b5ce4e7,Changes are not saved,Troubleshooting > Changes are not saved,Troubleshooting,2,154,154,P5,1,1,1,1,403,403,101,101,0,8a1f36b5-aaaa-557d-a7c6-8b9086b7070f,8a1f36b5-aaaa-557d-a7c6-8b9086b7070f,e65eaa31-8579-448d-a22c-88a8fde64409:8a1f36b5-aaaa-557d-a7c6-8b9086b7070f,True,leaf outline with direct text candidate
e65eaa31-8579-448d-a22c-88a8fde64409:OUTLINE:392ff4fbd7ee9772,e65eaa31-8579-448d-a22c-88a8fde64409:OUTLINE:392ff4fbd7ee9772,e65eaa31-8579-448d-a22c-88a8fde64409,netgear-rax50.pdf,RAX50,31f05bc4-1878-55f2-b4ff-69a435878f93,Troubleshoot WiFi connectivity,Troubleshooting > Troubleshoot WiFi connectivity,Troubleshooting,2,154,154,P5,1,1,1,1,1221,1221,306,306,0,6fddf705-f785-5ad9-8645-470660354f7c,6fddf705-f785-5ad9-8645-470660354f7c,e65eaa31-8579-448d-a22c-88a8fde64409:6fddf705-f785-5ad9-8645-470660354f7c,True,leaf outline with direct text candidate
e65eaa31-8579-448d-a22c-88a8fde64409:OUTLINE:9ad236fa74b89647,e65eaa31-8579-448d-a22c-88a8fde64409:OUTLINE:9ad236fa74b89647,e65eaa31-8579-448d-a22c-88a8fde64409,netgear-rax50.pdf,RAX50,a4425cca-558f-5d10-b10c-c3bacaf90bf4,Test the LAN path to your router,Troubleshooting > Troubleshoot your network using the ping utility > Test the LAN path to your router,Troubleshooting > Troubleshoot your network using the ping utility,3,155,155,P5,1,1,1,1,1401,1401,351,351,0,b60d283b-acea-5673-be03-c506dc1df859,b60d283b-acea-5673-be03-c506dc1df859,e65eaa31-8579-448d-a22c-88a8fde64409:b60d283b-acea-5673-be03-c506dc1df859,True,leaf outline with direct text candidate
e65eaa31-8579-448d-a22c-88a8fde64409:OUTLINE:3d0101989fca1bb6,e65eaa31-8579-448d-a22c-88a8fde64409:OUTLINE:3d0101989fca1bb6,e65eaa31-8579-448d-a22c-88a8fde64409,netgear-rax50.pdf,RAX50,3e8b8065-a404-5e06-80dd-01e8d288b2db,Test the path from a Windows-based computer to a remote device,Troubleshooting > Troubleshoot your network using the ping utility > Test the path from a Windows-based computer to a remote device,Troubleshooting > Troubleshoot your network using the ping utility,3,156,156,P5,1,1,1,1,1579,1579,395,395,0,d6a2438e-ce2e-5744-b23d-64355bb7f3b2,d6a2438e-ce2e-5744-b23d-64355bb7f3b2,e65eaa31-8579-448d-a22c-88a8fde64409:d6a2438e-ce2e-5744-b23d-64355bb7f3b2,True,leaf outline with direct text candidate
e65eaa31-8579-448d-a22c-88a8fde64409:OUTLINE:41c9cb735a542932,e65eaa31-8579-448d-a22c-88a8fde64409:OUTLINE:41c9cb735a542932,e65eaa31-8579-448d-a22c-88a8fde64409,netgear-rax50.pdf,RAX50,13fe6f1b-6988-5e6f-a64f-ea10b5c6f7e1,Factory settings,Supplemental Information > Factory settings,Supplemental Information,2,158,159,P5,1,1,1,1,1542,1542,386,386,1,b9c99248-6e07-5e14-9035-cdd1fe152a11,b9c99248-6e07-5e14-9035-cdd1fe152a11,e65eaa31-8579-448d-a22c-88a8fde64409:b9c99248-6e07-5e14-9035-cdd1fe152a11,True,leaf outline with direct text candidate
e65eaa31-8579-448d-a22c-88a8fde64409:OUTLINE:6bc46cf08a463778,e65eaa31-8579-448d-a22c-88a8fde64409:OUTLINE:6bc46cf08a463778,e65eaa31-8579-448d-a22c-88a8fde64409,netgear-rax50.pdf,RAX50,70ad2575-3741-5dcc-a038-8342892aa96f,Technical specifications,Supplemental Information > Technical specifications,Supplemental Information,2,159,160,P5,1,1,1,1,1637,1637,410,410,1,cf906c72-f252-5ee1-85d2-f4e0bd708646,cf906c72-f252-5ee1-85d2-f4e0bd708646,e65eaa31-8579-448d-a22c-88a8fde64409:cf906c72-f252-5ee1-85d2-f4e0bd708646,True,leaf outline with direct text candidate
57d18421-8c71-47bc-992e-0d0dfdcdbbea:OUTLINE:89ac3ac6d4a7bbea,57d18421-8c71-47bc-992e-0d0dfdcdbbea:OUTLINE:89ac3ac6d4a7bbea,57d18421-8c71-47bc-992e-0d0dfdcdbbea,netgear-raxe500.pdf,RAXE500,5661d0a2-c7c9-5871-8db1-f79612419258,Unpack your router,Hardware Setup > Unpack your router,Hardware Setup,2,9,9,P1,1,1,1,1,102,102,26,26,1,8a1be461-4020-5f1a-ba04-c26ff0b497e5,8a1be461-4020-5f1a-ba04-c26ff0b497e5,57d18421-8c71-47bc-992e-0d0dfdcdbbea:8a1be461-4020-5f1a-ba04-c26ff0b497e5,True,leaf outline with direct text candidate
57d18421-8c71-47bc-992e-0d0dfdcdbbea:OUTLINE:c2b8a7a81af8d017,57d18421-8c71-47bc-992e-0d0dfdcdbbea:OUTLINE:c2b8a7a81af8d017,57d18421-8c71-47bc-992e-0d0dfdcdbbea,netgear-raxe500.pdf,RAXE500,faead860-df11-54f6-a638-38a6c6cfda20,Top panel LEDs and buttons,Hardware Setup > Top panel LEDs and buttons,Hardware Setup,2,10,12,P1,1,1,1,1,3665,3665,917,917,1,79d08515-25f8-59a9-9fef-c9b9d783eaf5,79d08515-25f8-59a9-9fef-c9b9d783eaf5,57d18421-8c71-47bc-992e-0d0dfdcdbbea:79d08515-25f8-59a9-9fef-c9b9d783eaf5,True,leaf outline with direct text candidate
57d18421-8c71-47bc-992e-0d0dfdcdbbea:OUTLINE:7614a09c7c5f91bc,57d18421-8c71-47bc-992e-0d0dfdcdbbea:OUTLINE:7614a09c7c5f91bc,57d18421-8c71-47bc-992e-0d0dfdcdbbea,netgear-raxe500.pdf,RAXE500,2e36c705-ef0b-5f94-b1bf-68722afaae41,Rear panel,Hardware Setup > Rear panel,Hardware Setup,2,13,14,P1,1,1,1,1,2390,2390,598,598,1,a9d853e2-8243-5c6a-b2da-774b3a920896,a9d853e2-8243-5c6a-b2da-774b3a920896,57d18421-8c71-47bc-992e-0d0dfdcdbbea:a9d853e2-8243-5c6a-b2da-774b3a920896,True,leaf outline with direct text candidate
57d18421-8c71-47bc-992e-0d0dfdcdbbea:OUTLINE:1e4fd49fcb375b80,57d18421-8c71-47bc-992e-0d0dfdcdbbea:OUTLINE:1e4fd49fcb375b80,57d18421-8c71-47bc-992e-0d0dfdcdbbea,netgear-raxe500.pdf,RAXE500,95dc4cc7-9bb4-5025-b6eb-373928ba5281,Extend the antennas,Hardware Setup > Extend the antennas,Hardware Setup,2,14,14,P1,1,1,1,1,117,117,30,30,1,0cc898f1-9c6e-5982-9bab-2fd9bfe720d5,0cc898f1-9c6e-5982-9bab-2fd9bfe720d5,57d18421-8c71-47bc-992e-0d0dfdcdbbea:0cc898f1-9c6e-5982-9bab-2fd9bfe720d5,True,leaf outline with direct text candidate
57d18421-8c71-47bc-992e-0d0dfdcdbbea:OUTLINE:bd2a9b275a579189,57d18421-8c71-47bc-992e-0d0dfdcdbbea:OUTLINE:bd2a9b275a579189,57d18421-8c71-47bc-992e-0d0dfdcdbbea,netgear-raxe500.pdf,RAXE500,2e73b4b5-53c0-5660-a671-b126a5dd5dd0,Router label,Hardware Setup > Router label,Hardware Setup,2,15,15,P1,1,1,1,1,150,150,38,38,1,b4adf386-b5f7-5b98-bcf2-0f65060c48dd,b4adf386-b5f7-5b98-bcf2-0f65060c48dd,57d18421-8c71-47bc-992e-0d0dfdcdbbea:b4adf386-b5f7-5b98-bcf2-0f65060c48dd,True,leaf outline with direct text candidate
57d18421-8c71-47bc-992e-0d0dfdcdbbea:OUTLINE:79aeb7edd70d3319,57d18421-8c71-47bc-992e-0d0dfdcdbbea:OUTLINE:79aeb7edd70d3319,57d18421-8c71-47bc-992e-0d0dfdcdbbea,netgear-raxe500.pdf,RAXE500,81ecb01e-0c0b-549e-adb2-307354c086f0,Position your router,Hardware Setup > Position your router,Hardware Setup,2,15,16,P1,1,1,1,1,1438,1438,360,360,0,6aafe5c2-9e7c-5443-b0ec-68521fe653f9,6aafe5c2-9e7c-5443-b0ec-68521fe653f9,57d18421-8c71-47bc-992e-0d0dfdcdbbea:6aafe5c2-9e7c-5443-b0ec-68521fe653f9,True,leaf outline with direct text candidate
57d18421-8c71-47bc-992e-0d0dfdcdbbea:OUTLINE:8d54e2b65213694a,57d18421-8c71-47bc-992e-0d0dfdcdbbea:OUTLINE:8d54e2b65213694a,57d18421-8c71-47bc-992e-0d0dfdcdbbea,netgear-raxe500.pdf,RAXE500,24e15cfe-61a9-51fd-a504-56ff7c483971,Connect your router to a modem,Hardware Setup > Connect your router to a modem,Hardware Setup,2,16,17,P1,1,1,1,1,1247,1247,312,312,1,9b6d8260-8141-523c-94d9-dad342266097,9b6d8260-8141-523c-94d9-dad342266097,57d18421-8c71-47bc-992e-0d0dfdcdbbea:9b6d8260-8141-523c-94d9-dad342266097,True,leaf outline with direct text candidate
57d18421-8c71-47bc-992e-0d0dfdcdbbea:OUTLINE:48409eacacf24d92,57d18421-8c71-47bc-992e-0d0dfdcdbbea:OUTLINE:48409eacacf24d92,57d18421-8c71-47bc-992e-0d0dfdcdbbea,netgear-raxe500.pdf,RAXE500,01249679-ea95-5382-b5ac-16ef3e715c06,Wall-Mount Your Router,Hardware Setup > Wall-Mount Your Router,Hardware Setup,2,18,18,P1,1,1,1,1,477,477,120,120,1,009e5131-52f4-5e4a-8d2b-ff9f4ea030bf,009e5131-52f4-5e4a-8d2b-ff9f4ea030bf,57d18421-8c71-47bc-992e-0d0dfdcdbbea:009e5131-52f4-5e4a-8d2b-ff9f4ea030bf,True,leaf outline with direct text candidate
57d18421-8c71-47bc-992e-0d0dfdcdbbea:OUTLINE:e8d1f2ba2faa826f,57d18421-8c71-47bc-992e-0d0dfdcdbbea:OUTLINE:e8d1f2ba2faa826f,57d18421-8c71-47bc-992e-0d0dfdcdbbea,netgear-raxe500.pdf,RAXE500,03ba8f0f-0fe5-5588-9b9a-348592afc287,Connect to the network using a wired connection,Connect to the network and access the router > Connect to the network > Connect to the network using a wired connection,Connect to the network and access the router > Connect to the network,3,20,20,P1,1,1,1,1,450,450,113,113,0,2d4a99e8-23f7-5d37-bfe7-d8e07fd88bf1,2d4a99e8-23f7-5d37-bfe7-d8e07fd88bf1,57d18421-8c71-47bc-992e-0d0dfdcdbbea:2d4a99e8-23f7-5d37-bfe7-d8e07fd88bf1,True,leaf outline with direct text candidate
57d18421-8c71-47bc-992e-0d0dfdcdbbea:OUTLINE:51a6513bbc2a11e3,57d18421-8c71-47bc-992e-0d0dfdcdbbea:OUTLINE:51a6513bbc2a11e3,57d18421-8c71-47bc-992e-0d0dfdcdbbea,netgear-raxe500.pdf,RAXE500,2b230065-9c96-5dac-b368-27649a3bac39,Find and connect to the WiFi network,Connect to the network and access the router > Connect to the network > Find and connect to the WiFi network,Connect to the network and access the router > Connect to the network,3,20,20,P1,1,1,1,1,361,361,91,91,0,a3662689-f8b9-5c28-8c0a-b2185487bec9,a3662689-f8b9-5c28-8c0a-b2185487bec9,57d18421-8c71-47bc-992e-0d0dfdcdbbea:a3662689-f8b9-5c28-8c0a-b2185487bec9,True,leaf outline with direct text candidate
57d18421-8c71-47bc-992e-0d0dfdcdbbea:OUTLINE:1616a79769947886,57d18421-8c71-47bc-992e-0d0dfdcdbbea:OUTLINE:1616a79769947886,57d18421-8c71-47bc-992e-0d0dfdcdbbea,netgear-raxe500.pdf,RAXE500,764b1eaf-997c-5331-a8e6-f2010af3daad,WiFi connection using WPS,Connect to the network and access the router > Connect to the network > WiFi connection using WPS,Connect to the network and access the router > Connect to the network,3,20,21,P1,1,1,1,1,545,545,137,137,0,f72b3fab-491f-57b2-a41b-dcebb85c933e,f72b3fab-491f-57b2-a41b-dcebb85c933e,57d18421-8c71-47bc-992e-0d0dfdcdbbea:f72b3fab-491f-57b2-a41b-dcebb85c933e,True,leaf outline with direct text candidate
57d18421-8c71-47bc-992e-0d0dfdcdbbea:OUTLINE:4bdaaa28252d41a2,57d18421-8c71-47bc-992e-0d0dfdcdbbea:OUTLINE:4bdaaa28252d41a2,57d18421-8c71-47bc-992e-0d0dfdcdbbea,netgear-raxe500.pdf,RAXE500,a7d85d76-9485-543f-b6e7-76befbe27c6e,Types of logins,Connect to the network and access the router > Types of logins,Connect to the network and access the router,2,21,21,P1,1,1,1,1,978,978,245,245,0,5bff991f-36e6-5d46-b210-d1239293b548,5bff991f-36e6-5d46-b210-d1239293b548,57d18421-8c71-47bc-992e-0d0dfdcdbbea:5bff991f-36e6-5d46-b210-d1239293b548,True,leaf outline with direct text candidate
57d18421-8c71-47bc-992e-0d0dfdcdbbea:OUTLINE:1196c86d67cf71a0,57d18421-8c71-47bc-992e-0d0dfdcdbbea:OUTLINE:1196c86d67cf71a0,57d18421-8c71-47bc-992e-0d0dfdcdbbea,netgear-raxe500.pdf,RAXE500,1bd53174-6613-5006-bcd4-bac3e7e2ba1c,Install and manage your router with the Nighthawk app,Connect to the network and access the router > Install and manage your router with the Nighthawk app,Connect to the network and access the router,2,21,22,P1,1,1,1,1,1187,1187,297,297,0,a0302612-1576-5d05-bb59-59af013c1387,a0302612-1576-5d05-bb59-59af013c1387,57d18421-8c71-47bc-992e-0d0dfdcdbbea:a0302612-1576-5d05-bb59-59af013c1387,True,leaf outline with direct text candidate
57d18421-8c71-47bc-992e-0d0dfdcdbbea:OUTLINE:f3161081da6e6415,57d18421-8c71-47bc-992e-0d0dfdcdbbea:OUTLINE:f3161081da6e6415,57d18421-8c71-47bc-992e-0d0dfdcdbbea,netgear-raxe500.pdf,RAXE500,e948856f-44f1-5478-b2be-351f2ce5e8fd,Automatic Internet Setup,Connect to the network and access the router > Use a web browser to access the router > Automatic Internet Setup,Connect to the network and access the router > Use a web browser to access the router,3,22,23,P1,1,1,1,1,2974,2974,744,744,0,feb09c00-0fd2-5b2c-ae97-969bd349df0e,feb09c00-0fd2-5b2c-ae97-969bd349df0e,57d18421-8c71-47bc-992e-0d0dfdcdbbea:feb09c00-0fd2-5b2c-ae97-969bd349df0e,True,leaf outline with direct text candidate
57d18421-8c71-47bc-992e-0d0dfdcdbbea:OUTLINE:e0c098ef989ddc9d,57d18421-8c71-47bc-992e-0d0dfdcdbbea:OUTLINE:e0c098ef989ddc9d,57d18421-8c71-47bc-992e-0d0dfdcdbbea,netgear-raxe500.pdf,RAXE500,b295e9c5-e0b6-5fca-9483-892516917fc5,Log in to the router,Connect to the network and access the router > Use a web browser to access the router > Log in to the router,Connect to the network and access the router > Use a web browser to access the router,3,24,24,P1,1,1,1,1,822,822,206,206,0,284ac42f-f227-5ca0-b197-899e6ff1e768,284ac42f-f227-5ca0-b197-899e6ff1e768,57d18421-8c71-47bc-992e-0d0dfdcdbbea:284ac42f-f227-5ca0-b197-899e6ff1e768,True,leaf outline with direct text candidate
57d18421-8c71-47bc-992e-0d0dfdcdbbea:OUTLINE:4df560f4bde9cc0f,57d18421-8c71-47bc-992e-0d0dfdcdbbea:OUTLINE:4df560f4bde9cc0f,57d18421-8c71-47bc-992e-0d0dfdcdbbea,netgear-raxe500.pdf,RAXE500,02d3c442-3778-5fc3-9ecd-a31ef6d17001,Change the language,Connect to the network and access the router > Change the language,Connect to the network and access the router,2,24,24,P1,1,1,1,1,705,705,177,177,0,eae3c8b9-6532-5ee3-be50-bdecc1738439,eae3c8b9-6532-5ee3-be50-bdecc1738439,57d18421-8c71-47bc-992e-0d0dfdcdbbea:eae3c8b9-6532-5ee3-be50-bdecc1738439,True,leaf outline with direct text candidate
57d18421-8c71-47bc-992e-0d0dfdcdbbea:OUTLINE:615f1a78bd39eb84,57d18421-8c71-47bc-992e-0d0dfdcdbbea:OUTLINE:615f1a78bd39eb84,57d18421-8c71-47bc-992e-0d0dfdcdbbea,netgear-raxe500.pdf,RAXE500,3d5be808-8171-549c-b44a-ff017f17aed2,Use the Internet Setup Wizard,Specify Your Internet Settings > Use the Internet Setup Wizard,Specify Your Internet Settings,2,26,26,P1,1,1,1,1,1031,1031,258,258,0,875a5033-6dfd-575b-8a2c-9fb4ed6c7e5d,875a5033-6dfd-575b-8a2c-9fb4ed6c7e5d,57d18421-8c71-47bc-992e-0d0dfdcdbbea:875a5033-6dfd-575b-8a2c-9fb4ed6c7e5d,True,leaf outline with direct text candidate
57d18421-8c71-47bc-992e-0d0dfdcdbbea:OUTLINE:8c80cd632556e4e9,57d18421-8c71-47bc-992e-0d0dfdcdbbea:OUTLINE:8c80cd632556e4e9,57d18421-8c71-47bc-992e-0d0dfdcdbbea,netgear-raxe500.pdf,RAXE500,637dd5db-e557-5ec7-8ba1-c4718b9e0bf0,Specify an Internet connection without a login,Specify Your Internet Settings > Manually set up the Internet connection > Specify an Internet connection without a login,Specify Your Internet Settings > Manually set up the Internet connection,3,26,28,P1,1,1,1,1,2963,2963,741,741,0,a114d7bd-801f-53cb-80ac-e580ea635016,a114d7bd-801f-53cb-80ac-e580ea635016,57d18421-8c71-47bc-992e-0d0dfdcdbbea:a114d7bd-801f-53cb-80ac-e580ea635016,True,leaf outline with direct text candidate
57d18421-8c71-47bc-992e-0d0dfdcdbbea:OUTLINE:78f2799eec8f9929,57d18421-8c71-47bc-992e-0d0dfdcdbbea:OUTLINE:78f2799eec8f9929,57d18421-8c71-47bc-992e-0d0dfdcdbbea,netgear-raxe500.pdf,RAXE500,55c47ba6-9588-5b5e-9836-0cf68ffffaa0,Specify an Internet connection that uses a login,Specify Your Internet Settings > Manually set up the Internet connection > Specify an Internet connection that uses a login,Specify Your Internet Settings > Manually set up the Internet connection,3,28,30,P1,1,1,1,1,3438,3438,860,860,0,742215f3-fa62-5440-ac43-11dc2ffb6a5d,742215f3-fa62-5440-ac43-11dc2ffb6a5d,57d18421-8c71-47bc-992e-0d0dfdcdbbea:742215f3-fa62-5440-ac43-11dc2ffb6a5d,True,leaf outline with direct text candidate
57d18421-8c71-47bc-992e-0d0dfdcdbbea:OUTLINE:37b004c6f39e8d97,57d18421-8c71-47bc-992e-0d0dfdcdbbea:OUTLINE:37b004c6f39e8d97,57d18421-8c71-47bc-992e-0d0dfdcdbbea,netgear-raxe500.pdf,RAXE500,f2059e44-c415-5a65-a63a-49edece2098f,Get Multi-Gig Internet With the Multi-Gig Port,Specify Your Internet Settings > Manage a Multi-Gig Internet connection > Get Multi-Gig Internet With the Multi-Gig Port,Specify Your Internet Settings > Manage a Multi-Gig Internet connection,3,31,31,P1,1,1,1,1,1231,1231,308,308,0,69226b76-77d8-583f-be22-51b90dc95cb2,69226b76-77d8-583f-be22-51b90dc95cb2,57d18421-8c71-47bc-992e-0d0dfdcdbbea:69226b76-77d8-583f-be22-51b90dc95cb2,True,leaf outline with direct text candidate
57d18421-8c71-47bc-992e-0d0dfdcdbbea:OUTLINE:48272541c281128f,57d18421-8c71-47bc-992e-0d0dfdcdbbea:OUTLINE:48272541c281128f,57d18421-8c71-47bc-992e-0d0dfdcdbbea,netgear-raxe500.pdf,RAXE500,40cf68df-1e74-583c-9575-300e4279a621,Get Multi-Gig Internet With Internet Port Aggregation,Specify Your Internet Settings > Manage a Multi-Gig Internet connection > Get Multi-Gig Internet With Internet Port Aggregation,Specify Your Internet Settings > Manage a Multi-Gig Internet connection,3,31,32,P1,1,1,1,1,1623,1623,406,406,0,1d33d534-7246-570e-ab4f-847c66c94777,1d33d534-7246-570e-ab4f-847c66c94777,57d18421-8c71-47bc-992e-0d0dfdcdbbea:1d33d534-7246-570e-ab4f-847c66c94777,True,leaf outline with direct text candidate
57d18421-8c71-47bc-992e-0d0dfdcdbbea:OUTLINE:a601ee74ef01a3a2,57d18421-8c71-47bc-992e-0d0dfdcdbbea:OUTLINE:a601ee74ef01a3a2,57d18421-8c71-47bc-992e-0d0dfdcdbbea,netgear-raxe500.pdf,RAXE500,6d31d83e-440f-565b-9663-99b3ddf8eb71,Requirements for entering IPv6 addresses,Specify Your Internet Settings > Specify IPv6 Internet connections > Requirements for entering IPv6 addresses,Specify Your Internet Settings > Specify IPv6 Internet connections,3,33,33,P1,1,1,1,1,376,376,94,94,0,f0182d51-1c14-556f-8e18-ceb6082c2188,f0182d51-1c14-556f-8e18-ceb6082c2188,57d18421-8c71-47bc-992e-0d0dfdcdbbea:f0182d51-1c14-556f-8e18-ceb6082c2188,True,leaf outline with direct text candidate
57d18421-8c71-47bc-992e-0d0dfdcdbbea:OUTLINE:34aaa5671245ffe8,57d18421-8c71-47bc-992e-0d0dfdcdbbea:OUTLINE:34aaa5671245ffe8,57d18421-8c71-47bc-992e-0d0dfdcdbbea,netgear-raxe500.pdf,RAXE500,6885dc52-ca06-553b-827a-64766d42d239,Use auto detect for an IPv6 Internet connection,Specify Your Internet Settings > Specify IPv6 Internet connections > Use auto detect for an IPv6 Internet connection,Specify Your Internet Settings > Specify IPv6 Internet connections,3,33,34,P1,1,1,1,1,2268,2268,567,567,0,9a7f1203-3a55-523e-9165-6b75f8b0e5b7,9a7f1203-3a55-523e-9165-6b75f8b0e5b7,57d18421-8c71-47bc-992e-0d0dfdcdbbea:9a7f1203-3a55-523e-9165-6b75f8b0e5b7,True,leaf outline with direct text candidate
57d18421-8c71-47bc-992e-0d0dfdcdbbea:OUTLINE:d330686b16c734af,57d18421-8c71-47bc-992e-0d0dfdcdbbea:OUTLINE:d330686b16c734af,57d18421-8c71-47bc-992e-0d0dfdcdbbea,netgear-raxe500.pdf,RAXE500,39628e7b-1ee0-5612-b93b-ada58467f14c,Set up an IPv6 6to4 tunnel Internet connection,Specify Your Internet Settings > Specify IPv6 Internet connections > Set up an IPv6 6to4 tunnel Internet connection,Specify Your Internet Settings > Specify IPv6 Internet connections,3,35,36,P2,1,1,1,1,2348,2348,587,587,0,90dc0cf2-c796-57eb-87e5-6550886d3566,90dc0cf2-c796-57eb-87e5-6550886d3566,57d18421-8c71-47bc-992e-0d0dfdcdbbea:90dc0cf2-c796-57eb-87e5-6550886d3566,True,leaf outline with direct text candidate
57d18421-8c71-47bc-992e-0d0dfdcdbbea:OUTLINE:7dcc6744e0e7954c,57d18421-8c71-47bc-992e-0d0dfdcdbbea:OUTLINE:7dcc6744e0e7954c,57d18421-8c71-47bc-992e-0d0dfdcdbbea,netgear-raxe500.pdf,RAXE500,7a96c5d1-24e8-5dce-ac0c-3937467b94d1,Set up an IPv6 pass-through Internet connection,Specify Your Internet Settings > Specify IPv6 Internet connections > Set up an IPv6 pass-through Internet connection,Specify Your Internet Settings > Specify IPv6 Internet connections,3,36,36,P2,1,1,1,1,883,883,221,221,0,9f527e50-06ce-5289-b717-6813e40cf2ee,9f527e50-06ce-5289-b717-6813e40cf2ee,57d18421-8c71-47bc-992e-0d0dfdcdbbea:9f527e50-06ce-5289-b717-6813e40cf2ee,True,leaf outline with direct text candidate
57d18421-8c71-47bc-992e-0d0dfdcdbbea:OUTLINE:a83acb2e18c8d600,57d18421-8c71-47bc-992e-0d0dfdcdbbea:OUTLINE:a83acb2e18c8d600,57d18421-8c71-47bc-992e-0d0dfdcdbbea,netgear-raxe500.pdf,RAXE500,204f6366-d855-5ab0-8be0-9d730a95024d,Set up an IPv6 fixed Internet connection,Specify Your Internet Settings > Specify IPv6 Internet connections > Set up an IPv6 fixed Internet connection,Specify Your Internet Settings > Specify IPv6 Internet connections,3,37,38,P2,1,1,1,1,2133,2133,534,534,0,5ffc76ec-562d-5557-911f-c46c77ba633f,5ffc76ec-562d-5557-911f-c46c77ba633f,57d18421-8c71-47bc-992e-0d0dfdcdbbea:5ffc76ec-562d-5557-911f-c46c77ba633f,True,leaf outline with direct text candidate
57d18421-8c71-47bc-992e-0d0dfdcdbbea:OUTLINE:90fc01de3ddd93f5,57d18421-8c71-47bc-992e-0d0dfdcdbbea:OUTLINE:90fc01de3ddd93f5,57d18421-8c71-47bc-992e-0d0dfdcdbbea,netgear-raxe500.pdf,RAXE500,b2b517ef-fc1b-5817-8f31-e7916aab4f17,Set up an IPv6 DHCP Internet connection,Specify Your Internet Settings > Specify IPv6 Internet connections > Set up an IPv6 DHCP Internet connection,Specify Your Internet Settings > Specify IPv6 Internet connections,3,38,39,P2,1,1,1,1,2800,2800,700,700,0,787ded8d-2851-5792-9481-a934897e080a,787ded8d-2851-5792-9481-a934897e080a,57d18421-8c71-47bc-992e-0d0dfdcdbbea:787ded8d-2851-5792-9481-a934897e080a,True,leaf outline with direct text candidate
57d18421-8c71-47bc-992e-0d0dfdcdbbea:OUTLINE:a15cf3131d7cad31,57d18421-8c71-47bc-992e-0d0dfdcdbbea:OUTLINE:a15cf3131d7cad31,57d18421-8c71-47bc-992e-0d0dfdcdbbea,netgear-raxe500.pdf,RAXE500,228afa94-0eb8-54e5-8ddb-c4b3a8cf6789,Set up an IPv6 PPPoE Internet connection,Specify Your Internet Settings > Specify IPv6 Internet connections > Set up an IPv6 PPPoE Internet connection,Specify Your Internet Settings > Specify IPv6 Internet connections,3,39,41,P2,1,1,1,1,3123,3123,781,781,0,f2626b4f-ec75-565c-aad5-50019b2dd1b4,f2626b4f-ec75-565c-aad5-50019b2dd1b4,57d18421-8c71-47bc-992e-0d0dfdcdbbea:f2626b4f-ec75-565c-aad5-50019b2dd1b4,True,leaf outline with direct text candidate
57d18421-8c71-47bc-992e-0d0dfdcdbbea:OUTLINE:5c59851a56345ebf,57d18421-8c71-47bc-992e-0d0dfdcdbbea:OUTLINE:5c59851a56345ebf,57d18421-8c71-47bc-992e-0d0dfdcdbbea,netgear-raxe500.pdf,RAXE500,8bf27740-78fd-5d18-b196-5209c03f5c65,Use auto config for an IPv6 Internet connection,Specify Your Internet Settings > Specify IPv6 Internet connections > Use auto config for an IPv6 Internet connection,Specify Your Internet Settings > Specify IPv6 Internet connections,3,41,42,P2,1,1,1,1,2825,2825,707,707,0,c06a8f87-c26e-56f6-8abd-b2a651eef025,c06a8f87-c26e-56f6-8abd-b2a651eef025,57d18421-8c71-47bc-992e-0d0dfdcdbbea:c06a8f87-c26e-56f6-8abd-b2a651eef025,True,leaf outline with direct text candidate
57d18421-8c71-47bc-992e-0d0dfdcdbbea:OUTLINE:18888eec39f3c158,57d18421-8c71-47bc-992e-0d0dfdcdbbea:OUTLINE:18888eec39f3c158,57d18421-8c71-47bc-992e-0d0dfdcdbbea,netgear-raxe500.pdf,RAXE500,e69d3cea-401d-5bd8-b100-7393e3242680,Set up an IPv6 6rd Internet connection,Specify Your Internet Settings > Specify IPv6 Internet connections > Set up an IPv6 6rd Internet connection,Specify Your Internet Settings > Specify IPv6 Internet connections,3,43,44,P2,1,1,1,1,3715,3715,929,929,0,a7957a76-de5a-53fb-92ac-f631eb9f1398,a7957a76-de5a-53fb-92ac-f631eb9f1398,57d18421-8c71-47bc-992e-0d0dfdcdbbea:a7957a76-de5a-53fb-92ac-f631eb9f1398,True,leaf outline with direct text candidate
57d18421-8c71-47bc-992e-0d0dfdcdbbea:OUTLINE:88cdae4e848e09b9,57d18421-8c71-47bc-992e-0d0dfdcdbbea:OUTLINE:88cdae4e848e09b9,57d18421-8c71-47bc-992e-0d0dfdcdbbea,netgear-raxe500.pdf,RAXE500,e489a036-365a-5f84-9122-585d0e9b07dd,MTU concepts,Specify Your Internet Settings > Manage the MTU size > MTU concepts,Specify Your Internet Settings > Manage the MTU size,3,44,46,P2,1,1,1,1,2005,2005,502,502,1,eae4f314-abe4-5229-ac3e-d9cc4c571b27,eae4f314-abe4-5229-ac3e-d9cc4c571b27,57d18421-8c71-47bc-992e-0d0dfdcdbbea:eae4f314-abe4-5229-ac3e-d9cc4c571b27,True,leaf outline with direct text candidate
57d18421-8c71-47bc-992e-0d0dfdcdbbea:OUTLINE:fac12b6c6fd62dc2,57d18421-8c71-47bc-992e-0d0dfdcdbbea:OUTLINE:fac12b6c6fd62dc2,57d18421-8c71-47bc-992e-0d0dfdcdbbea,netgear-raxe500.pdf,RAXE500,6d9188a0-0cdc-5a27-8625-9657e21707e6,Change the MTU size,Specify Your Internet Settings > Manage the MTU size > Change the MTU size,Specify Your Internet Settings > Manage the MTU size,3,46,46,P2,1,1,1,1,611,611,153,153,0,18a45189-9618-54b7-a131-4f7218fbc1df,18a45189-9618-54b7-a131-4f7218fbc1df,57d18421-8c71-47bc-992e-0d0dfdcdbbea:18a45189-9618-54b7-a131-4f7218fbc1df,True,leaf outline with direct text candidate
57d18421-8c71-47bc-992e-0d0dfdcdbbea:OUTLINE:e3e815068bc2ad30,57d18421-8c71-47bc-992e-0d0dfdcdbbea:OUTLINE:e3e815068bc2ad30,57d18421-8c71-47bc-992e-0d0dfdcdbbea,netgear-raxe500.pdf,RAXE500,c4a79e37-89ff-5ef9-a02d-b349ba9cd37e,Activate Armor using the Nighthawk app,Control Access to the Internet > Manage NETGEAR Armor > Activate Armor using the Nighthawk app,Control Access to the Internet > Manage NETGEAR Armor,3,48,48,P2,1,1,1,1,193,193,49,49,0,d4136315-f5d2-5cf8-a2f0-f867c8678bee,d4136315-f5d2-5cf8-a2f0-f867c8678bee,57d18421-8c71-47bc-992e-0d0dfdcdbbea:d4136315-f5d2-5cf8-a2f0-f867c8678bee,True,leaf outline with direct text candidate
57d18421-8c71-47bc-992e-0d0dfdcdbbea:OUTLINE:253cac9ac4a25524,57d18421-8c71-47bc-992e-0d0dfdcdbbea:OUTLINE:253cac9ac4a25524,57d18421-8c71-47bc-992e-0d0dfdcdbbea,netgear-raxe500.pdf,RAXE500,20704c4b-c778-50b3-9397-6066e6a4b0a3,View or change your NETGEAR Armor settings using the Nighthawk app,Control Access to the Internet > Manage NETGEAR Armor > View or change your NETGEAR Armor settings using the Nighthawk app,Control Access to the Internet > Manage NETGEAR Armor,3,48,48,P2,1,1,1,1,210,210,53,53,0,43e11946-2e4f-55ce-b807-d7bf6544e33b,43e11946-2e4f-55ce-b807-d7bf6544e33b,57d18421-8c71-47bc-992e-0d0dfdcdbbea:43e11946-2e4f-55ce-b807-d7bf6544e33b,True,leaf outline with direct text candidate
57d18421-8c71-47bc-992e-0d0dfdcdbbea:OUTLINE:301959e68d261a5b,57d18421-8c71-47bc-992e-0d0dfdcdbbea:OUTLINE:301959e68d261a5b,57d18421-8c71-47bc-992e-0d0dfdcdbbea,netgear-raxe500.pdf,RAXE500,e364cb52-f145-5c14-9b97-152ccc40502d,Enable access control to allow or block access to the Internet,Control Access to the Internet > Enable access control to allow or block access to the Internet,Control Access to the Internet,2,49,50,P2,1,1,1,1,2167,2167,542,542,0,2940f4fd-f711-5b54-96e4-f97ef6963921,2940f4fd-f711-5b54-96e4-f97ef6963921,57d18421-8c71-47bc-992e-0d0dfdcdbbea:2940f4fd-f711-5b54-96e4-f97ef6963921,True,leaf outline with direct text candidate
57d18421-8c71-47bc-992e-0d0dfdcdbbea:OUTLINE:9f1dfc9e9b4fb245,57d18421-8c71-47bc-992e-0d0dfdcdbbea:OUTLINE:9f1dfc9e9b4fb245,57d18421-8c71-47bc-992e-0d0dfdcdbbea,netgear-raxe500.pdf,RAXE500,dbac8148-4b84-56d4-ba1b-a53deda7d9c7,Use keywords to block Internet sites,Control Access to the Internet > Use keywords to block Internet sites,Control Access to the Internet,2,50,51,P2,1,1,1,1,1692,1692,423,423,0,9a6cf150-bca1-5b0b-946d-73cc4e9d6251,9a6cf150-bca1-5b0b-946d-73cc4e9d6251,57d18421-8c71-47bc-992e-0d0dfdcdbbea:9a6cf150-bca1-5b0b-946d-73cc4e9d6251,True,leaf outline with direct text candidate
57d18421-8c71-47bc-992e-0d0dfdcdbbea:OUTLINE:956aebf14d657943,57d18421-8c71-47bc-992e-0d0dfdcdbbea:OUTLINE:956aebf14d657943,57d18421-8c71-47bc-992e-0d0dfdcdbbea,netgear-raxe500.pdf,RAXE500,ddf4bb56-050d-5a09-b417-f325cf23fc21,Delete keywords from the blocked list,Control Access to the Internet > Delete keywords from the blocked list,Control Access to the Internet,2,51,51,P2,1,1,1,1,830,830,208,208,0,cf0293fb-1dc6-51dd-9388-a825d0c3a38f,cf0293fb-1dc6-51dd-9388-a825d0c3a38f,57d18421-8c71-47bc-992e-0d0dfdcdbbea:cf0293fb-1dc6-51dd-9388-a825d0c3a38f,True,leaf outline with direct text candidate
57d18421-8c71-47bc-992e-0d0dfdcdbbea:OUTLINE:b12cd4d72dd684c1,57d18421-8c71-47bc-992e-0d0dfdcdbbea:OUTLINE:b12cd4d72dd684c1,57d18421-8c71-47bc-992e-0d0dfdcdbbea,netgear-raxe500.pdf,RAXE500,d87e6292-6e00-5d9d-9ef5-19a6671e8c8d,Block services from the Internet,Control Access to the Internet > Block services from the Internet,Control Access to the Internet,2,52,53,P2,1,1,1,1,2210,2210,553,553,0,25d941d6-9be8-56f0-83ff-fc84ab7b90f4,25d941d6-9be8-56f0-83ff-fc84ab7b90f4,57d18421-8c71-47bc-992e-0d0dfdcdbbea:25d941d6-9be8-56f0-83ff-fc84ab7b90f4,True,leaf outline with direct text candidate
57d18421-8c71-47bc-992e-0d0dfdcdbbea:OUTLINE:8b21da5331cde3b1,57d18421-8c71-47bc-992e-0d0dfdcdbbea:OUTLINE:8b21da5331cde3b1,57d18421-8c71-47bc-992e-0d0dfdcdbbea,netgear-raxe500.pdf,RAXE500,cc24adf4-e33a-5ae9-b643-f0d367559739,Prevent blocking on a trusted computer,Control Access to the Internet > Prevent blocking on a trusted computer,Control Access to the Internet,2,53,53,P2,1,1,1,1,980,980,245,245,0,40e0abbc-7afb-5548-8edd-3cea34e00ed1,40e0abbc-7afb-5548-8edd-3cea34e00ed1,57d18421-8c71-47bc-992e-0d0dfdcdbbea:40e0abbc-7afb-5548-8edd-3cea34e00ed1,True,leaf outline with direct text candidate
57d18421-8c71-47bc-992e-0d0dfdcdbbea:OUTLINE:ec2ae08e64e94d95,57d18421-8c71-47bc-992e-0d0dfdcdbbea:OUTLINE:ec2ae08e64e94d95,57d18421-8c71-47bc-992e-0d0dfdcdbbea,netgear-raxe500.pdf,RAXE500,f857c66a-4727-5db0-9748-64ec46a400f2,Manage network access control lists,Control Access to the Internet > Manage network access control lists,Control Access to the Internet,2,54,54,P2,1,1,1,1,992,992,248,248,0,ae593625-ef78-5c60-ad1e-354f3e6da523,ae593625-ef78-5c60-ad1e-354f3e6da523,57d18421-8c71-47bc-992e-0d0dfdcdbbea:ae593625-ef78-5c60-ad1e-354f3e6da523,True,leaf outline with direct text candidate
57d18421-8c71-47bc-992e-0d0dfdcdbbea:OUTLINE:7da297be96c6f77d,57d18421-8c71-47bc-992e-0d0dfdcdbbea:OUTLINE:7da297be96c6f77d,57d18421-8c71-47bc-992e-0d0dfdcdbbea,netgear-raxe500.pdf,RAXE500,f19eeba4-ddd7-5681-a8fc-17c54b6aec61,Schedule when to block Internet sites and services,Control Access to the Internet > Schedule when to block Internet sites and services,Control Access to the Internet,2,54,55,P2,1,1,1,1,1011,1011,253,253,0,c6e86a74-7a3c-5475-b624-f0f83e8c942e,c6e86a74-7a3c-5475-b624-f0f83e8c942e,57d18421-8c71-47bc-992e-0d0dfdcdbbea:c6e86a74-7a3c-5475-b624-f0f83e8c942e,True,leaf outline with direct text candidate
57d18421-8c71-47bc-992e-0d0dfdcdbbea:OUTLINE:2c0ec2920cd14051,57d18421-8c71-47bc-992e-0d0dfdcdbbea:OUTLINE:2c0ec2920cd14051,57d18421-8c71-47bc-992e-0d0dfdcdbbea,netgear-raxe500.pdf,RAXE500,b5938d92-88a8-5c57-82f1-86b28bd4e962,Set up security event email notifications,Control Access to the Internet > Set up security event email notifications,Control Access to the Internet,2,55,56,P2,1,1,1,1,2567,2567,642,642,0,2995f3d8-b1d9-5ef2-b596-41e1562ee175,2995f3d8-b1d9-5ef2-b596-41e1562ee175,57d18421-8c71-47bc-992e-0d0dfdcdbbea:2995f3d8-b1d9-5ef2-b596-41e1562ee175,True,leaf outline with direct text candidate
57d18421-8c71-47bc-992e-0d0dfdcdbbea:OUTLINE:b393aec4e5f20ee4,57d18421-8c71-47bc-992e-0d0dfdcdbbea:OUTLINE:b393aec4e5f20ee4,57d18421-8c71-47bc-992e-0d0dfdcdbbea,netgear-raxe500.pdf,RAXE500,00ed26b2-e44a-5945-b86e-d70f58de4a3c,View or change the WAN settings,Manage Network Settings > View or change the WAN settings,Manage Network Settings,2,59,60,P2,1,1,1,1,2491,2491,623,623,0,2688cb60-f212-54f4-8ab5-e5f8a0e24d13,2688cb60-f212-54f4-8ab5-e5f8a0e24d13,57d18421-8c71-47bc-992e-0d0dfdcdbbea:2688cb60-f212-54f4-8ab5-e5f8a0e24d13,True,leaf outline with direct text candidate
57d18421-8c71-47bc-992e-0d0dfdcdbbea:OUTLINE:8bf4ca3b858fe008,57d18421-8c71-47bc-992e-0d0dfdcdbbea:OUTLINE:8bf4ca3b858fe008,57d18421-8c71-47bc-992e-0d0dfdcdbbea,netgear-raxe500.pdf,RAXE500,d9f0f562-9b8d-56e7-9754-582c5319facc,Set up a default DMZ server,Manage Network Settings > Set up a default DMZ server,Manage Network Settings,2,60,61,P2,1,1,1,1,1752,1752,438,438,0,508d014b-f83c-5a94-8faf-9967fbe1c057,508d014b-f83c-5a94-8faf-9967fbe1c057,57d18421-8c71-47bc-992e-0d0dfdcdbbea:508d014b-f83c-5a94-8faf-9967fbe1c057,True,leaf outline with direct text candidate
57d18421-8c71-47bc-992e-0d0dfdcdbbea:OUTLINE:d02c16342ef31e84,57d18421-8c71-47bc-992e-0d0dfdcdbbea:OUTLINE:d02c16342ef31e84,57d18421-8c71-47bc-992e-0d0dfdcdbbea,netgear-raxe500.pdf,RAXE500,4036f406-d404-5c04-ac3e-8f5b602d6e30,Change the Router’s Device Name,Manage Network Settings > Change the Router’s Device Name,Manage Network Settings,2,61,61,P2,1,1,1,1,751,751,188,188,0,261c7d53-f37d-50eb-b8ee-5b6387530a59,261c7d53-f37d-50eb-b8ee-5b6387530a59,57d18421-8c71-47bc-992e-0d0dfdcdbbea:261c7d53-f37d-50eb-b8ee-5b6387530a59,True,leaf outline with direct text candidate
57d18421-8c71-47bc-992e-0d0dfdcdbbea:OUTLINE:c7bcecb24c77f570,57d18421-8c71-47bc-992e-0d0dfdcdbbea:OUTLINE:c7bcecb24c77f570,57d18421-8c71-47bc-992e-0d0dfdcdbbea,netgear-raxe500.pdf,RAXE500,3586a263-0d0d-5cfd-8d74-2f17c92d4ad5,Change the LAN TCP/IP settings,Manage Network Settings > Change the LAN TCP/IP settings,Manage Network Settings,2,61,63,P2,1,1,1,1,2422,2422,606,606,0,d62e312a-4a41-56f0-9db6-bf5f9b4d836b,d62e312a-4a41-56f0-9db6-bf5f9b4d836b,57d18421-8c71-47bc-992e-0d0dfdcdbbea:d62e312a-4a41-56f0-9db6-bf5f9b4d836b,True,leaf outline with direct text candidate
57d18421-8c71-47bc-992e-0d0dfdcdbbea:OUTLINE:3d5b076d3213e815,57d18421-8c71-47bc-992e-0d0dfdcdbbea:OUTLINE:3d5b076d3213e815,57d18421-8c71-47bc-992e-0d0dfdcdbbea,netgear-raxe500.pdf,RAXE500,7b913f23-204d-564c-9b67-494cbd8dc0ce,Specify the IP addresses that the router assigns,Manage Network Settings > Specify the IP addresses that the router assigns,Manage Network Settings,2,63,64,P2,1,1,1,1,1797,1797,450,450,0,01cd477a-47d2-5fed-a150-f3482022089e,01cd477a-47d2-5fed-a150-f3482022089e,57d18421-8c71-47bc-992e-0d0dfdcdbbea:01cd477a-47d2-5fed-a150-f3482022089e,True,leaf outline with direct text candidate
57d18421-8c71-47bc-992e-0d0dfdcdbbea:OUTLINE:bbfec0ebd44bf9d9,57d18421-8c71-47bc-992e-0d0dfdcdbbea:OUTLINE:bbfec0ebd44bf9d9,57d18421-8c71-47bc-992e-0d0dfdcdbbea,netgear-raxe500.pdf,RAXE500,8eaf3840-ea87-5292-af54-1df3198a861d,Disable the DHCP server feature in the router,Manage Network Settings > Disable the DHCP server feature in the router,Manage Network Settings,2,64,65,P2,1,1,1,1,1140,1140,285,285,0,8dba79ed-9bf8-5cb2-833b-a493317e765e,8dba79ed-9bf8-5cb2-833b-a493317e765e,57d18421-8c71-47bc-992e-0d0dfdcdbbea:8dba79ed-9bf8-5cb2-833b-a493317e765e,True,leaf outline with direct text candidate
57d18421-8c71-47bc-992e-0d0dfdcdbbea:OUTLINE:43ec202019e41936,57d18421-8c71-47bc-992e-0d0dfdcdbbea:OUTLINE:43ec202019e41936,57d18421-8c71-47bc-992e-0d0dfdcdbbea,netgear-raxe500.pdf,RAXE500,ab89fc2e-68b2-5087-a127-d2a103bf32cb,Reserve an IP address,Manage Network Settings > Manage reserved LAN IP addresses > Reserve an IP address,Manage Network Settings > Manage reserved LAN IP addresses,3,65,66,P2,1,1,1,1,1177,1177,295,295,0,f2e671d8-fc06-516e-a030-49f849e9bcc9,f2e671d8-fc06-516e-a030-49f849e9bcc9,57d18421-8c71-47bc-992e-0d0dfdcdbbea:f2e671d8-fc06-516e-a030-49f849e9bcc9,True,leaf outline with direct text candidate
57d18421-8c71-47bc-992e-0d0dfdcdbbea:OUTLINE:65152cd4c24d5f6b,57d18421-8c71-47bc-992e-0d0dfdcdbbea:OUTLINE:65152cd4c24d5f6b,57d18421-8c71-47bc-992e-0d0dfdcdbbea,netgear-raxe500.pdf,RAXE500,4ee3f1b7-cdad-59a7-ab55-e5e4283dc02d,Edit a reserved IP address,Manage Network Settings > Manage reserved LAN IP addresses > Edit a reserved IP address,Manage Network Settings > Manage reserved LAN IP addresses,3,66,66,P2,1,1,1,1,732,732,183,183,0,56457cf2-6dc5-5268-ad7e-673ed5c71554,56457cf2-6dc5-5268-ad7e-673ed5c71554,57d18421-8c71-47bc-992e-0d0dfdcdbbea:56457cf2-6dc5-5268-ad7e-673ed5c71554,True,leaf outline with direct text candidate
57d18421-8c71-47bc-992e-0d0dfdcdbbea:OUTLINE:61c7740806af5127,57d18421-8c71-47bc-992e-0d0dfdcdbbea:OUTLINE:61c7740806af5127,57d18421-8c71-47bc-992e-0d0dfdcdbbea,netgear-raxe500.pdf,RAXE500,450fcfa8-2e7e-5034-b7e4-3b4589b75b75,Delete a reserved IP address entry,Manage Network Settings > Manage reserved LAN IP addresses > Delete a reserved IP address entry,Manage Network Settings > Manage reserved LAN IP addresses,3,66,67,P2,1,1,1,1,643,643,161,161,0,160a1642-0f54-5818-802e-c1fa87c26572,160a1642-0f54-5818-802e-c1fa87c26572,57d18421-8c71-47bc-992e-0d0dfdcdbbea:160a1642-0f54-5818-802e-c1fa87c26572,True,leaf outline with direct text candidate
57d18421-8c71-47bc-992e-0d0dfdcdbbea:OUTLINE:931784a6222be411,57d18421-8c71-47bc-992e-0d0dfdcdbbea:OUTLINE:931784a6222be411,57d18421-8c71-47bc-992e-0d0dfdcdbbea,netgear-raxe500.pdf,RAXE500,ba002a0d-f582-5402-b492-53723ad551f0,Use the WPS Wizard for WiFi connections,Manage Network Settings > Use the WPS Wizard for WiFi connections,Manage Network Settings,2,67,67,P2,1,1,1,1,1019,1019,255,255,0,28c09802-a236-5ff9-994f-8247eda40831,28c09802-a236-5ff9-994f-8247eda40831,57d18421-8c71-47bc-992e-0d0dfdcdbbea:28c09802-a236-5ff9-994f-8247eda40831,True,leaf outline with direct text candidate
57d18421-8c71-47bc-992e-0d0dfdcdbbea:OUTLINE:ddc9a81a1c49a5c5,57d18421-8c71-47bc-992e-0d0dfdcdbbea:OUTLINE:ddc9a81a1c49a5c5,57d18421-8c71-47bc-992e-0d0dfdcdbbea,netgear-raxe500.pdf,RAXE500,e9fdcc14-efd6-51f5-a531-801ca665b436,Specify basic WiFi settings,Manage Network Settings > Specify basic WiFi settings,Manage Network Settings,2,68,69,P2,1,1,1,1,3289,3289,823,823,0,02b732ff-6440-5fb7-94a1-7afaa05c4053,02b732ff-6440-5fb7-94a1-7afaa05c4053,57d18421-8c71-47bc-992e-0d0dfdcdbbea:02b732ff-6440-5fb7-94a1-7afaa05c4053,True,leaf outline with direct text candidate
57d18421-8c71-47bc-992e-0d0dfdcdbbea:OUTLINE:53909ba870007019,57d18421-8c71-47bc-992e-0d0dfdcdbbea:OUTLINE:53909ba870007019,57d18421-8c71-47bc-992e-0d0dfdcdbbea,netgear-raxe500.pdf,RAXE500,ec33029b-9260-5b87-89ae-0c2fcd0433b7,Change the WiFi mode if AX WiFi is enabled,Manage Network Settings > Change the WiFi mode > Change the WiFi mode if AX WiFi is enabled,Manage Network Settings > Change the WiFi mode,3,69,71,P3,1,1,1,1,3719,3719,930,930,0,6fd8db48-d1e9-5c3c-9c89-7a5b476d3800,6fd8db48-d1e9-5c3c-9c89-7a5b476d3800,57d18421-8c71-47bc-992e-0d0dfdcdbbea:6fd8db48-d1e9-5c3c-9c89-7a5b476d3800,True,leaf outline with direct text candidate
57d18421-8c71-47bc-992e-0d0dfdcdbbea:OUTLINE:5fa3ad6bf78b4954,57d18421-8c71-47bc-992e-0d0dfdcdbbea:OUTLINE:5fa3ad6bf78b4954,57d18421-8c71-47bc-992e-0d0dfdcdbbea,netgear-raxe500.pdf,RAXE500,6903091d-a327-5d3b-9a4c-a3e53c655362,Change the WiFi mode if AX WiFi is disabled,Manage Network Settings > Change the WiFi mode > Change the WiFi mode if AX WiFi is disabled,Manage Network Settings > Change the WiFi mode,3,71,72,P3,1,1,1,1,2595,2595,649,649,0,90bf0ac6-c4e6-5f77-81a3-50aa0a4a4464,90bf0ac6-c4e6-5f77-81a3-50aa0a4a4464,57d18421-8c71-47bc-992e-0d0dfdcdbbea:90bf0ac6-c4e6-5f77-81a3-50aa0a4a4464,True,leaf outline with direct text candidate
57d18421-8c71-47bc-992e-0d0dfdcdbbea:OUTLINE:8d66e90b801f07f3,57d18421-8c71-47bc-992e-0d0dfdcdbbea:OUTLINE:8d66e90b801f07f3,57d18421-8c71-47bc-992e-0d0dfdcdbbea,netgear-raxe500.pdf,RAXE500,5ac4f737-60d9-5d7c-85f6-7cb24808dcec,Change the WiFi password or the WiFi security,Manage Network Settings > Change the WiFi password or the WiFi security,Manage Network Settings,2,73,74,P3,1,1,1,1,3835,3835,959,959,0,562d4f66-c2be-5129-8371-34ff5c3eca80,562d4f66-c2be-5129-8371-34ff5c3eca80,57d18421-8c71-47bc-992e-0d0dfdcdbbea:562d4f66-c2be-5129-8371-34ff5c3eca80,True,leaf outline with direct text candidate
57d18421-8c71-47bc-992e-0d0dfdcdbbea:OUTLINE:983e3bfb9dd40518,57d18421-8c71-47bc-992e-0d0dfdcdbbea:OUTLINE:983e3bfb9dd40518,57d18421-8c71-47bc-992e-0d0dfdcdbbea,netgear-raxe500.pdf,RAXE500,73dc20c9-05fc-57c6-9744-71ab25284c71,Set up a guest WiFi network,Manage Network Settings > Set up a guest WiFi network,Manage Network Settings,2,75,77,P3,1,1,1,1,5624,5624,1406,1406,0,46eb8ffc-6068-5656-a6ea-4af98fde06d2,46eb8ffc-6068-5656-a6ea-4af98fde06d2,57d18421-8c71-47bc-992e-0d0dfdcdbbea:46eb8ffc-6068-5656-a6ea-4af98fde06d2,True,leaf outline with direct text candidate
57d18421-8c71-47bc-992e-0d0dfdcdbbea:OUTLINE:953b99e50503f0ea,57d18421-8c71-47bc-992e-0d0dfdcdbbea:OUTLINE:953b99e50503f0ea,57d18421-8c71-47bc-992e-0d0dfdcdbbea,netgear-raxe500.pdf,RAXE500,90fd1a7b-1e0e-599a-8c24-072f63bc94ce,Use the WiFi On/Off button,Manage Network Settings > Control the WiFi radios > Use the WiFi On/Off button,Manage Network Settings > Control the WiFi radios,3,77,77,P3,1,1,1,1,300,300,75,75,0,b270b282-ddfc-5883-a9a9-a5c6e89c78f1,b270b282-ddfc-5883-a9a9-a5c6e89c78f1,57d18421-8c71-47bc-992e-0d0dfdcdbbea:b270b282-ddfc-5883-a9a9-a5c6e89c78f1,True,leaf outline with direct text candidate
57d18421-8c71-47bc-992e-0d0dfdcdbbea:OUTLINE:8861e7ad09e57cd3,57d18421-8c71-47bc-992e-0d0dfdcdbbea:OUTLINE:8861e7ad09e57cd3,57d18421-8c71-47bc-992e-0d0dfdcdbbea,netgear-raxe500.pdf,RAXE500,ff0f1cf3-4067-5bc0-81a8-aee8e68b6af6,Enable or disable the WiFi radios,Manage Network Settings > Control the WiFi radios > Enable or disable the WiFi radios,Manage Network Settings > Control the WiFi radios,3,78,78,P3,1,1,1,1,1037,1037,260,260,0,183e963a-d605-5403-a4e2-b882de020cbb,183e963a-d605-5403-a4e2-b882de020cbb,57d18421-8c71-47bc-992e-0d0dfdcdbbea:183e963a-d605-5403-a4e2-b882de020cbb,True,leaf outline with direct text candidate
57d18421-8c71-47bc-992e-0d0dfdcdbbea:OUTLINE:a8937bd7857359c7,57d18421-8c71-47bc-992e-0d0dfdcdbbea:OUTLINE:a8937bd7857359c7,57d18421-8c71-47bc-992e-0d0dfdcdbbea,netgear-raxe500.pdf,RAXE500,c1c23d6e-585a-5f0d-bc6f-45700940bbcd,Enable or disable AX WiFi,Manage Network Settings > Enable or disable AX WiFi,Manage Network Settings,2,78,79,P3,1,1,1,1,1008,1008,252,252,0,eff2b2d3-56c2-58a2-be7b-3dcde3eaf6b0,eff2b2d3-56c2-58a2-be7b-3dcde3eaf6b0,57d18421-8c71-47bc-992e-0d0dfdcdbbea:eff2b2d3-56c2-58a2-be7b-3dcde3eaf6b0,True,leaf outline with direct text candidate
57d18421-8c71-47bc-992e-0d0dfdcdbbea:OUTLINE:9738f3c7fd6b99bc,57d18421-8c71-47bc-992e-0d0dfdcdbbea:OUTLINE:9738f3c7fd6b99bc,57d18421-8c71-47bc-992e-0d0dfdcdbbea,netgear-raxe500.pdf,RAXE500,ad06aa28-ae35-5986-9877-eba11b3031c1,Enable or disable 20/40 MHz coexistence for the 2.4 GHz radio,Manage Network Settings > Enable or disable 20/40 MHz coexistence for the 2.4 GHz radio,Manage Network Settings,2,79,80,P3,1,1,1,1,1455,1455,364,364,0,33088b55-3bd9-50bd-8652-c3cd7fd2d88f,33088b55-3bd9-50bd-8652-c3cd7fd2d88f,57d18421-8c71-47bc-992e-0d0dfdcdbbea:33088b55-3bd9-50bd-8652-c3cd7fd2d88f,True,leaf outline with direct text candidate
57d18421-8c71-47bc-992e-0d0dfdcdbbea:OUTLINE:81eee42a903b911b,57d18421-8c71-47bc-992e-0d0dfdcdbbea:OUTLINE:81eee42a903b911b,57d18421-8c71-47bc-992e-0d0dfdcdbbea,netgear-raxe500.pdf,RAXE500,b206b82e-eae1-559d-acc6-b491cb578d2d,Enable or disable OFDMA,Manage Network Settings > Enable or disable OFDMA,Manage Network Settings,2,80,81,P3,1,1,1,1,2104,2104,526,526,0,380fbb46-4437-59df-94ab-50fe436d3157,380fbb46-4437-59df-94ab-50fe436d3157,57d18421-8c71-47bc-992e-0d0dfdcdbbea:380fbb46-4437-59df-94ab-50fe436d3157,True,leaf outline with direct text candidate
57d18421-8c71-47bc-992e-0d0dfdcdbbea:OUTLINE:ad3a909375948b50,57d18421-8c71-47bc-992e-0d0dfdcdbbea:OUTLINE:ad3a909375948b50,57d18421-8c71-47bc-992e-0d0dfdcdbbea,netgear-raxe500.pdf,RAXE500,106f2c89-ca49-5d8d-90db-c55eb9f10bbc,Change the Transmission Power Control,Manage Network Settings > Change the Transmission Power Control,Manage Network Settings,2,81,82,P3,1,1,1,1,1072,1072,268,268,0,b46996fa-1645-565e-8998-f633b91a38d1,b46996fa-1645-565e-8998-f633b91a38d1,57d18421-8c71-47bc-992e-0d0dfdcdbbea:b46996fa-1645-565e-8998-f633b91a38d1,True,leaf outline with direct text candidate
57d18421-8c71-47bc-992e-0d0dfdcdbbea:OUTLINE:13dd69f28db09185,57d18421-8c71-47bc-992e-0d0dfdcdbbea:OUTLINE:13dd69f28db09185,57d18421-8c71-47bc-992e-0d0dfdcdbbea,netgear-raxe500.pdf,RAXE500,2de478b7-bf93-5168-af32-9debb3498527,Set up a WiFi schedule,Manage Network Settings > Set up a WiFi schedule,Manage Network Settings,2,82,82,P3,1,1,1,1,1087,1087,272,272,0,e7b3f47e-85d5-5b8b-923d-4e3087072fae,e7b3f47e-85d5-5b8b-923d-4e3087072fae,57d18421-8c71-47bc-992e-0d0dfdcdbbea:e7b3f47e-85d5-5b8b-923d-4e3087072fae,True,leaf outline with direct text candidate
57d18421-8c71-47bc-992e-0d0dfdcdbbea:OUTLINE:f2b2bdbbca2e731d,57d18421-8c71-47bc-992e-0d0dfdcdbbea:OUTLINE:f2b2bdbbca2e731d,57d18421-8c71-47bc-992e-0d0dfdcdbbea,netgear-raxe500.pdf,RAXE500,d6cf1211-97ab-58c6-834a-2479f94ada3a,Set up the router as a WiFi access point,Manage Network Settings > Set up the router as a WiFi access point,Manage Network Settings,2,83,83,P3,1,1,1,1,1644,1644,411,411,0,00012582-3994-5ac8-bd89-9dbff611d008,00012582-3994-5ac8-bd89-9dbff611d008,57d18421-8c71-47bc-992e-0d0dfdcdbbea:00012582-3994-5ac8-bd89-9dbff611d008,True,leaf outline with direct text candidate
57d18421-8c71-47bc-992e-0d0dfdcdbbea:OUTLINE:1c649b657dc4e9b2,57d18421-8c71-47bc-992e-0d0dfdcdbbea:OUTLINE:1c649b657dc4e9b2,57d18421-8c71-47bc-992e-0d0dfdcdbbea,netgear-raxe500.pdf,RAXE500,2069511e-9a82-5332-9384-343552908935,Set up a bridge for a port group,Manage Network Settings > Set up a bridge for a port group or VLAN tag group > Set up a bridge for a port group,Manage Network Settings > Set up a bridge for a port group or VLAN tag group,3,84,85,P3,1,1,1,1,1709,1709,428,428,0,2f3115a8-1163-5a5b-acdb-0e08431da1a4,2f3115a8-1163-5a5b-acdb-0e08431da1a4,57d18421-8c71-47bc-992e-0d0dfdcdbbea:2f3115a8-1163-5a5b-acdb-0e08431da1a4,True,leaf outline with direct text candidate
57d18421-8c71-47bc-992e-0d0dfdcdbbea:OUTLINE:d1c77ac91f33a3a2,57d18421-8c71-47bc-992e-0d0dfdcdbbea:OUTLINE:d1c77ac91f33a3a2,57d18421-8c71-47bc-992e-0d0dfdcdbbea,netgear-raxe500.pdf,RAXE500,c5410b10-da17-51dc-80b5-143f3306a541,Set up a bridge for a VLAN tag group,Manage Network Settings > Set up a bridge for a port group or VLAN tag group > Set up a bridge for a VLAN tag group,Manage Network Settings > Set up a bridge for a port group or VLAN tag group,3,85,86,P3,1,1,1,1,2282,2282,571,571,0,2a1bf140-8dee-5ac4-98a4-1486d8609428,2a1bf140-8dee-5ac4-98a4-1486d8609428,57d18421-8c71-47bc-992e-0d0dfdcdbbea:2a1bf140-8dee-5ac4-98a4-1486d8609428,True,leaf outline with direct text candidate
57d18421-8c71-47bc-992e-0d0dfdcdbbea:OUTLINE:a173f7c825733973,57d18421-8c71-47bc-992e-0d0dfdcdbbea:OUTLINE:a173f7c825733973,57d18421-8c71-47bc-992e-0d0dfdcdbbea,netgear-raxe500.pdf,RAXE500,efac1464-aa0d-50a3-81d0-57b7a05b2403,Set up an IPTV port,Manage Network Settings > Set up a bridge for a port group or VLAN tag group > Set up an IPTV port,Manage Network Settings > Set up a bridge for a port group or VLAN tag group,3,86,87,P3,1,1,1,1,1992,1992,498,498,0,6577d9c7-7fba-5d34-bd0f-16bd4e95d3de,6577d9c7-7fba-5d34-bd0f-16bd4e95d3de,57d18421-8c71-47bc-992e-0d0dfdcdbbea:6577d9c7-7fba-5d34-bd0f-16bd4e95d3de,True,leaf outline with direct text candidate
57d18421-8c71-47bc-992e-0d0dfdcdbbea:OUTLINE:9095df5248a36362,57d18421-8c71-47bc-992e-0d0dfdcdbbea:OUTLINE:9095df5248a36362,57d18421-8c71-47bc-992e-0d0dfdcdbbea,netgear-raxe500.pdf,RAXE500,b1f4c590-8f91-5b4e-967e-5919e3cf9acc,Set up a static route,Manage Network Settings > Manage custom static routes > Set up a static route,Manage Network Settings > Manage custom static routes,3,88,89,P3,1,1,1,1,1816,1816,454,454,0,1cca40db-a372-5b75-8871-a228a236a732,1cca40db-a372-5b75-8871-a228a236a732,57d18421-8c71-47bc-992e-0d0dfdcdbbea:1cca40db-a372-5b75-8871-a228a236a732,True,leaf outline with direct text candidate
57d18421-8c71-47bc-992e-0d0dfdcdbbea:OUTLINE:3c76528313570627,57d18421-8c71-47bc-992e-0d0dfdcdbbea:OUTLINE:3c76528313570627,57d18421-8c71-47bc-992e-0d0dfdcdbbea,netgear-raxe500.pdf,RAXE500,a35127ed-6d45-594b-a3b2-37fbbea24b35,Edit a static route,Manage Network Settings > Manage custom static routes > Edit a static route,Manage Network Settings > Manage custom static routes,3,89,90,P3,1,1,1,1,716,716,179,179,0,fa04607d-bb42-5852-a744-4d283facfea4,fa04607d-bb42-5852-a744-4d283facfea4,57d18421-8c71-47bc-992e-0d0dfdcdbbea:fa04607d-bb42-5852-a744-4d283facfea4,True,leaf outline with direct text candidate
57d18421-8c71-47bc-992e-0d0dfdcdbbea:OUTLINE:7f5b712e726581d6,57d18421-8c71-47bc-992e-0d0dfdcdbbea:OUTLINE:7f5b712e726581d6,57d18421-8c71-47bc-992e-0d0dfdcdbbea,netgear-raxe500.pdf,RAXE500,fde117ee-cde8-5d7c-9de4-b376cfb11caa,Delete a static route,Manage Network Settings > Manage custom static routes > Delete a static route,Manage Network Settings > Manage custom static routes,3,90,90,P3,1,1,1,1,638,638,160,160,0,dcf38599-337c-5393-b7b9-ceaa44e8b7e5,dcf38599-337c-5393-b7b9-ceaa44e8b7e5,57d18421-8c71-47bc-992e-0d0dfdcdbbea:dcf38599-337c-5393-b7b9-ceaa44e8b7e5,True,leaf outline with direct text candidate
57d18421-8c71-47bc-992e-0d0dfdcdbbea:OUTLINE:9da40ad53e68496e,57d18421-8c71-47bc-992e-0d0dfdcdbbea:OUTLINE:9da40ad53e68496e,57d18421-8c71-47bc-992e-0d0dfdcdbbea,netgear-raxe500.pdf,RAXE500,d190cece-9474-5b54-beb7-779e95d9207d,Enable or disable implicit beamforming,Manage Network Settings > Enable or disable implicit beamforming,Manage Network Settings,2,90,91,P3,1,1,1,1,1056,1056,264,264,0,b8da061f-95eb-5701-b112-914a98335f1d,b8da061f-95eb-5701-b112-914a98335f1d,57d18421-8c71-47bc-992e-0d0dfdcdbbea:b8da061f-95eb-5701-b112-914a98335f1d,True,leaf outline with direct text candidate
57d18421-8c71-47bc-992e-0d0dfdcdbbea:OUTLINE:bf3c49c54898dc99,57d18421-8c71-47bc-992e-0d0dfdcdbbea:OUTLINE:bf3c49c54898dc99,57d18421-8c71-47bc-992e-0d0dfdcdbbea,netgear-raxe500.pdf,RAXE500,2aab0358-16b2-54f6-a507-046ef1443be4,Enable or disable airtime fairness,Manage Network Settings > Enable or disable airtime fairness,Manage Network Settings,2,91,92,P3,1,1,1,1,1268,1268,317,317,0,44c39412-e729-5b69-b26f-a64ae1fc467f,44c39412-e729-5b69-b26f-a64ae1fc467f,57d18421-8c71-47bc-992e-0d0dfdcdbbea:44c39412-e729-5b69-b26f-a64ae1fc467f,True,leaf outline with direct text candidate
57d18421-8c71-47bc-992e-0d0dfdcdbbea:OUTLINE:20ff4332274f1b8b,57d18421-8c71-47bc-992e-0d0dfdcdbbea:OUTLINE:20ff4332274f1b8b,57d18421-8c71-47bc-992e-0d0dfdcdbbea,netgear-raxe500.pdf,RAXE500,d3218629-fb07-5401-bc94-ebaacad99b45,Enable or disable MU-MIMO,Manage Network Settings > Enable or disable MU-MIMO,Manage Network Settings,2,92,92,P3,1,1,1,1,1188,1188,297,297,0,0f584c16-a3eb-5b95-b07b-da4d2c4ab275,0f584c16-a3eb-5b95-b07b-da4d2c4ab275,57d18421-8c71-47bc-992e-0d0dfdcdbbea:0f584c16-a3eb-5b95-b07b-da4d2c4ab275,True,leaf outline with direct text candidate
57d18421-8c71-47bc-992e-0d0dfdcdbbea:OUTLINE:bcbc36d46cc9a286,57d18421-8c71-47bc-992e-0d0dfdcdbbea:OUTLINE:bcbc36d46cc9a286,57d18421-8c71-47bc-992e-0d0dfdcdbbea,netgear-raxe500.pdf,RAXE500,ebded5b3-7c5e-5cb1-b9a5-1db89ff41ba5,Enable or disable Smart Connect,Manage Network Settings > Enable or disable Smart Connect,Manage Network Settings,2,93,93,P3,1,1,1,1,1194,1194,299,299,0,81729ca3-576c-509b-9892-936b15e1a323,81729ca3-576c-509b-9892-936b15e1a323,57d18421-8c71-47bc-992e-0d0dfdcdbbea:81729ca3-576c-509b-9892-936b15e1a323,True,leaf outline with direct text candidate
57d18421-8c71-47bc-992e-0d0dfdcdbbea:OUTLINE:78527080f264797a,57d18421-8c71-47bc-992e-0d0dfdcdbbea:OUTLINE:78527080f264797a,57d18421-8c71-47bc-992e-0d0dfdcdbbea,netgear-raxe500.pdf,RAXE500,8d3327dc-4762-51b7-8283-f461d3b5f259,Improve network connections with Universal Plug and Play,Manage Network Settings > Improve network connections with Universal Plug and Play,Manage Network Settings,2,94,95,P3,1,1,1,1,2553,2553,639,639,0,dc0a6ec1-1f45-588b-9708-d59ccb92c880,dc0a6ec1-1f45-588b-9708-d59ccb92c880,57d18421-8c71-47bc-992e-0d0dfdcdbbea:dc0a6ec1-1f45-588b-9708-d59ccb92c880,True,leaf outline with direct text candidate
57d18421-8c71-47bc-992e-0d0dfdcdbbea:OUTLINE:b8b61b14e6dd5450,57d18421-8c71-47bc-992e-0d0dfdcdbbea:OUTLINE:b8b61b14e6dd5450,57d18421-8c71-47bc-992e-0d0dfdcdbbea,netgear-raxe500.pdf,RAXE500,2d5e57ad-1001-552b-b919-54d045f22540,Set Up the Router in Bridge Mode,Manage Network Settings > Set Up the Router in Bridge Mode,Manage Network Settings,2,95,96,P3,1,1,1,1,2414,2414,604,604,0,23e35935-7c43-5285-ab6f-23c45a30a2e9,23e35935-7c43-5285-ab6f-23c45a30a2e9,57d18421-8c71-47bc-992e-0d0dfdcdbbea:23e35935-7c43-5285-ab6f-23c45a30a2e9,True,leaf outline with direct text candidate
57d18421-8c71-47bc-992e-0d0dfdcdbbea:OUTLINE:ef111988d0234f71,57d18421-8c71-47bc-992e-0d0dfdcdbbea:OUTLINE:ef111988d0234f71,57d18421-8c71-47bc-992e-0d0dfdcdbbea,netgear-raxe500.pdf,RAXE500,0ff2e4f8-f633-5144-80f0-23b75e5f619a,Set Up Ethernet Port Aggregation to a LAN Device,Manage Network Settings > Manage Ethernet Port Aggregation to a LAN Device > Set Up Ethernet Port Aggregation to a LAN Device,Manage Network Settings > Manage Ethernet Port Aggregation to a LAN Device,3,97,98,P3,1,1,1,1,2221,2221,556,556,0,25c77477-9af3-5379-a417-10b10c71f77b,25c77477-9af3-5379-a417-10b10c71f77b,57d18421-8c71-47bc-992e-0d0dfdcdbbea:25c77477-9af3-5379-a417-10b10c71f77b,True,leaf outline with direct text candidate
57d18421-8c71-47bc-992e-0d0dfdcdbbea:OUTLINE:fbc9501ac3f3021b,57d18421-8c71-47bc-992e-0d0dfdcdbbea:OUTLINE:fbc9501ac3f3021b,57d18421-8c71-47bc-992e-0d0dfdcdbbea,netgear-raxe500.pdf,RAXE500,b451eb8a-4013-5762-9e88-6340a9055f13,View or Change the Router Ethernet Port Aggregation Mode,Manage Network Settings > Manage Ethernet Port Aggregation to a LAN Device > View or Change the Router Ethernet Port Aggregation Mode,Manage Network Settings > Manage Ethernet Port Aggregation to a LAN Device,3,98,99,P3,1,1,1,1,2093,2093,524,524,0,09ef238c-cabe-5ea4-9616-24e57ee8f002,09ef238c-cabe-5ea4-9616-24e57ee8f002,57d18421-8c71-47bc-992e-0d0dfdcdbbea:09ef238c-cabe-5ea4-9616-24e57ee8f002,True,leaf outline with direct text candidate
57d18421-8c71-47bc-992e-0d0dfdcdbbea:OUTLINE:759d64cd684a03d3,57d18421-8c71-47bc-992e-0d0dfdcdbbea:OUTLINE:759d64cd684a03d3,57d18421-8c71-47bc-992e-0d0dfdcdbbea,netgear-raxe500.pdf,RAXE500,63210c96-7d5a-5721-8414-1434c7f327a7,Check for new firmware and update the router,Manage Your Router > Update the router firmware > Check for new firmware and update the router,Manage Your Router > Update the router firmware,3,101,102,P3,1,1,1,1,1577,1577,395,395,0,d433d7a9-b192-58d4-8259-fbfeef9384e6,d433d7a9-b192-58d4-8259-fbfeef9384e6,57d18421-8c71-47bc-992e-0d0dfdcdbbea:d433d7a9-b192-58d4-8259-fbfeef9384e6,True,leaf outline with direct text candidate
57d18421-8c71-47bc-992e-0d0dfdcdbbea:OUTLINE:144a9eaf44243682,57d18421-8c71-47bc-992e-0d0dfdcdbbea:OUTLINE:144a9eaf44243682,57d18421-8c71-47bc-992e-0d0dfdcdbbea,netgear-raxe500.pdf,RAXE500,cb1d836b-f42c-5d28-b900-3df49572fced,Manually upload firmware to the router,Manage Your Router > Update the router firmware > Manually upload firmware to the router,Manage Your Router > Update the router firmware,3,102,102,P3,1,1,1,1,1509,1509,378,378,0,1869ca3e-f1a7-5c7d-9062-3e783e16aba3,1869ca3e-f1a7-5c7d-9062-3e783e16aba3,57d18421-8c71-47bc-992e-0d0dfdcdbbea:1869ca3e-f1a7-5c7d-9062-3e783e16aba3,True,leaf outline with direct text candidate
57d18421-8c71-47bc-992e-0d0dfdcdbbea:OUTLINE:2a9eeb8814512f23,57d18421-8c71-47bc-992e-0d0dfdcdbbea:OUTLINE:2a9eeb8814512f23,57d18421-8c71-47bc-992e-0d0dfdcdbbea,netgear-raxe500.pdf,RAXE500,18453866-278c-5c97-9f25-adba7f5b03fc,Change the admin password,Manage Your Router > Change the admin password,Manage Your Router,2,103,103,P4,1,1,1,1,1009,1009,253,253,0,6d848f3e-e6e3-503d-9675-58b59b11274a,6d848f3e-e6e3-503d-9675-58b59b11274a,57d18421-8c71-47bc-992e-0d0dfdcdbbea:6d848f3e-e6e3-503d-9675-58b59b11274a,True,leaf outline with direct text candidate
57d18421-8c71-47bc-992e-0d0dfdcdbbea:OUTLINE:93bc0ecc3539fbab,57d18421-8c71-47bc-992e-0d0dfdcdbbea:OUTLINE:93bc0ecc3539fbab,57d18421-8c71-47bc-992e-0d0dfdcdbbea,netgear-raxe500.pdf,RAXE500,a87b1d7c-294e-5224-9d3c-09a3c4bc99f7,Enable admin password recovery,Manage Your Router > Enable admin password recovery,Manage Your Router,2,103,104,P4,1,1,1,1,981,981,246,246,0,bd1499f0-941f-5bc2-a5a8-04745eefa6c6,bd1499f0-941f-5bc2-a5a8-04745eefa6c6,57d18421-8c71-47bc-992e-0d0dfdcdbbea:bd1499f0-941f-5bc2-a5a8-04745eefa6c6,True,leaf outline with direct text candidate
57d18421-8c71-47bc-992e-0d0dfdcdbbea:OUTLINE:563920ab21e73d16,57d18421-8c71-47bc-992e-0d0dfdcdbbea:OUTLINE:563920ab21e73d16,57d18421-8c71-47bc-992e-0d0dfdcdbbea,netgear-raxe500.pdf,RAXE500,69482cb2-c895-53cb-9faf-7ce01aa0a21d,Recover the admin password,Manage Your Router > Recover the admin password,Manage Your Router,2,104,105,P4,1,1,1,1,856,856,214,214,0,74e81b42-e270-5395-8fc5-cb0aa1f6e692,74e81b42-e270-5395-8fc5-cb0aa1f6e692,57d18421-8c71-47bc-992e-0d0dfdcdbbea:74e81b42-e270-5395-8fc5-cb0aa1f6e692,True,leaf outline with direct text candidate
57d18421-8c71-47bc-992e-0d0dfdcdbbea:OUTLINE:b12173e1e134fdbc,57d18421-8c71-47bc-992e-0d0dfdcdbbea:OUTLINE:b12173e1e134fdbc,57d18421-8c71-47bc-992e-0d0dfdcdbbea,netgear-raxe500.pdf,RAXE500,04934e24-1bb8-5523-8495-59144149678e,View information about the router and the Internet and WiFi settings,Manage Your Router > View information about the router and the Internet and WiFi settings,Manage Your Router,2,105,105,P4,1,1,1,1,1252,1252,313,313,0,18779218-1870-5b0f-a54a-58ead6e53840,18779218-1870-5b0f-a54a-58ead6e53840,57d18421-8c71-47bc-992e-0d0dfdcdbbea:18779218-1870-5b0f-a54a-58ead6e53840,True,leaf outline with direct text candidate
57d18421-8c71-47bc-992e-0d0dfdcdbbea:OUTLINE:57fe273a4cf13cfe,57d18421-8c71-47bc-992e-0d0dfdcdbbea:OUTLINE:57fe273a4cf13cfe,57d18421-8c71-47bc-992e-0d0dfdcdbbea,netgear-raxe500.pdf,RAXE500,c390366b-5bcc-5dc9-b95d-1d6cf510e97a,Display the statistics of the Internet port,Manage Your Router > Display the statistics of the Internet port,Manage Your Router,2,106,107,P4,1,1,1,1,1712,1712,428,428,0,ddc09136-a105-5cb9-b53f-e28a6e110d9c,ddc09136-a105-5cb9-b53f-e28a6e110d9c,57d18421-8c71-47bc-992e-0d0dfdcdbbea:ddc09136-a105-5cb9-b53f-e28a6e110d9c,True,leaf outline with direct text candidate
57d18421-8c71-47bc-992e-0d0dfdcdbbea:OUTLINE:6771fbe9c8f541bf,57d18421-8c71-47bc-992e-0d0dfdcdbbea:OUTLINE:6771fbe9c8f541bf,57d18421-8c71-47bc-992e-0d0dfdcdbbea,netgear-raxe500.pdf,RAXE500,5682a0cd-c61c-5143-b734-28aa3834172a,Check the Internet connection status,Manage Your Router > Check the Internet connection status,Manage Your Router,2,107,108,P4,1,1,1,1,1725,1725,432,432,0,aab62be0-41af-5b2b-9f6f-f4aba6fcea94,aab62be0-41af-5b2b-9f6f-f4aba6fcea94,57d18421-8c71-47bc-992e-0d0dfdcdbbea:aab62be0-41af-5b2b-9f6f-f4aba6fcea94,True,leaf outline with direct text candidate
57d18421-8c71-47bc-992e-0d0dfdcdbbea:OUTLINE:50555901814609f9,57d18421-8c71-47bc-992e-0d0dfdcdbbea:OUTLINE:50555901814609f9,57d18421-8c71-47bc-992e-0d0dfdcdbbea,netgear-raxe500.pdf,RAXE500,3938ec87-efa9-5446-a6d6-36898f0d1760,View and manage logs of router activity,Manage Your Router > View and manage logs of router activity,Manage Your Router,2,108,109,P4,1,1,1,1,1679,1679,420,420,0,3477ec41-41f5-59ed-8bfb-7064e9707186,3477ec41-41f5-59ed-8bfb-7064e9707186,57d18421-8c71-47bc-992e-0d0dfdcdbbea:3477ec41-41f5-59ed-8bfb-7064e9707186,True,leaf outline with direct text candidate
57d18421-8c71-47bc-992e-0d0dfdcdbbea:OUTLINE:0233e0df2b249ecc,57d18421-8c71-47bc-992e-0d0dfdcdbbea:OUTLINE:0233e0df2b249ecc,57d18421-8c71-47bc-992e-0d0dfdcdbbea,netgear-raxe500.pdf,RAXE500,4f5359ca-13c4-5da2-9ab6-66af3b8b644b,View devices currently on the network,Manage Your Router > View devices currently on the network,Manage Your Router,2,109,109,P4,1,1,1,1,1096,1096,274,274,0,a6a62862-6e43-586d-bdea-ec775feb6a07,a6a62862-6e43-586d-bdea-ec775feb6a07,57d18421-8c71-47bc-992e-0d0dfdcdbbea:a6a62862-6e43-586d-bdea-ec775feb6a07,True,leaf outline with direct text candidate
57d18421-8c71-47bc-992e-0d0dfdcdbbea:OUTLINE:b501c092002a51d8,57d18421-8c71-47bc-992e-0d0dfdcdbbea:OUTLINE:b501c092002a51d8,57d18421-8c71-47bc-992e-0d0dfdcdbbea,netgear-raxe500.pdf,RAXE500,1ac631c6-9606-523e-96d6-2c8a05e1c412,Monitor Internet traffic,Manage Your Router > Monitor Internet traffic,Manage Your Router,2,109,111,P4,1,1,1,1,2372,2372,593,593,0,04f1b52b-9f18-591e-ac0a-b16ee4a34dad,04f1b52b-9f18-591e-ac0a-b16ee4a34dad,57d18421-8c71-47bc-992e-0d0dfdcdbbea:04f1b52b-9f18-591e-ac0a-b16ee4a34dad,True,leaf outline with direct text candidate
57d18421-8c71-47bc-992e-0d0dfdcdbbea:OUTLINE:16dc1eb6ea5ba1ad,57d18421-8c71-47bc-992e-0d0dfdcdbbea:OUTLINE:16dc1eb6ea5ba1ad,57d18421-8c71-47bc-992e-0d0dfdcdbbea,netgear-raxe500.pdf,RAXE500,0d5bc4c5-caf3-58b3-b8b0-917b9a0a2fa1,Back up the settings,Manage Your Router > Manage the router configuration file > Back up the settings,Manage Your Router > Manage the router configuration file,3,111,111,P4,1,1,1,1,706,706,177,177,0,c1de8d02-dd98-5ba2-acde-79471af13ad3,c1de8d02-dd98-5ba2-acde-79471af13ad3,57d18421-8c71-47bc-992e-0d0dfdcdbbea:c1de8d02-dd98-5ba2-acde-79471af13ad3,True,leaf outline with direct text candidate
57d18421-8c71-47bc-992e-0d0dfdcdbbea:OUTLINE:5ae513b79530a608,57d18421-8c71-47bc-992e-0d0dfdcdbbea:OUTLINE:5ae513b79530a608,57d18421-8c71-47bc-992e-0d0dfdcdbbea,netgear-raxe500.pdf,RAXE500,e8378ad0-a9c3-5e1b-8383-b9283e937692,Erase the settings,Manage Your Router > Manage the router configuration file > Erase the settings,Manage Your Router > Manage the router configuration file,3,111,112,P4,1,1,1,1,1000,1000,250,250,0,f9673d04-056e-532b-8ac6-56d5d560625e,f9673d04-056e-532b-8ac6-56d5d560625e,57d18421-8c71-47bc-992e-0d0dfdcdbbea:f9673d04-056e-532b-8ac6-56d5d560625e,True,leaf outline with direct text candidate
57d18421-8c71-47bc-992e-0d0dfdcdbbea:OUTLINE:1897448df00d82fa,57d18421-8c71-47bc-992e-0d0dfdcdbbea:OUTLINE:1897448df00d82fa,57d18421-8c71-47bc-992e-0d0dfdcdbbea,netgear-raxe500.pdf,RAXE500,a1222119-030f-5ab8-81e4-585d027aabc8,Restore the settings,Manage Your Router > Manage the router configuration file > Restore the settings,Manage Your Router > Manage the router configuration file,3,112,113,P4,1,1,1,1,760,760,190,190,0,95f03e54-32c4-532b-90b9-d99dca0703d6,95f03e54-32c4-532b-90b9-d99dca0703d6,57d18421-8c71-47bc-992e-0d0dfdcdbbea:95f03e54-32c4-532b-90b9-d99dca0703d6,True,leaf outline with direct text candidate
57d18421-8c71-47bc-992e-0d0dfdcdbbea:OUTLINE:462b211282562b96,57d18421-8c71-47bc-992e-0d0dfdcdbbea:OUTLINE:462b211282562b96,57d18421-8c71-47bc-992e-0d0dfdcdbbea,netgear-raxe500.pdf,RAXE500,072039ea-f9fa-51de-bf41-87f886bff5e5,Connect to your router with Anywhere Access,Manage Your Router > Connect to your router with Anywhere Access,Manage Your Router,2,113,113,P4,1,1,1,1,560,560,140,140,0,75ae9ef1-054f-54a8-974f-0ca703bf7a38,75ae9ef1-054f-54a8-974f-0ca703bf7a38,57d18421-8c71-47bc-992e-0d0dfdcdbbea:75ae9ef1-054f-54a8-974f-0ca703bf7a38,True,leaf outline with direct text candidate
57d18421-8c71-47bc-992e-0d0dfdcdbbea:OUTLINE:b50e2fba24f9c545,57d18421-8c71-47bc-992e-0d0dfdcdbbea:OUTLINE:b50e2fba24f9c545,57d18421-8c71-47bc-992e-0d0dfdcdbbea,netgear-raxe500.pdf,RAXE500,20206373-4413-5086-bcde-664ea1864dae,Disable LED blinking or turn off LEDs,Manage Your Router > Disable LED blinking or turn off LEDs,Manage Your Router,2,113,114,P4,1,1,1,1,1046,1046,262,262,0,5f93337e-fdab-5f48-936b-564936a076a7,5f93337e-fdab-5f48-936b-564936a076a7,57d18421-8c71-47bc-992e-0d0dfdcdbbea:5f93337e-fdab-5f48-936b-564936a076a7,True,leaf outline with direct text candidate
57d18421-8c71-47bc-992e-0d0dfdcdbbea:OUTLINE:536e38dc6e76c4f9,57d18421-8c71-47bc-992e-0d0dfdcdbbea:OUTLINE:536e38dc6e76c4f9,57d18421-8c71-47bc-992e-0d0dfdcdbbea,netgear-raxe500.pdf,RAXE500,9d3934b1-2d81-5c6a-85bb-6c5ccbc07c95,Set your time zone,Manage Your Router > Set your time zone,Manage Your Router,2,114,114,P4,1,1,1,1,744,744,186,186,0,8533530e-9001-5a31-a453-6077909ff031,8533530e-9001-5a31-a453-6077909ff031,57d18421-8c71-47bc-992e-0d0dfdcdbbea:8533530e-9001-5a31-a453-6077909ff031,True,leaf outline with direct text candidate
57d18421-8c71-47bc-992e-0d0dfdcdbbea:OUTLINE:8d2f0656cf8d4a03,57d18421-8c71-47bc-992e-0d0dfdcdbbea:OUTLINE:8d2f0656cf8d4a03,57d18421-8c71-47bc-992e-0d0dfdcdbbea,netgear-raxe500.pdf,RAXE500,9e652c53-c069-5a38-bda0-b8413b87f509,Set the NTP Server,Manage Your Router > Set the NTP Server,Manage Your Router,2,114,115,P4,1,1,1,1,971,971,243,243,0,29f43702-7db0-5452-b0a7-d5a2155c5b59,29f43702-7db0-5452-b0a7-d5a2155c5b59,57d18421-8c71-47bc-992e-0d0dfdcdbbea:29f43702-7db0-5452-b0a7-d5a2155c5b59,True,leaf outline with direct text candidate
57d18421-8c71-47bc-992e-0d0dfdcdbbea:OUTLINE:516b73f5f290c5ff,57d18421-8c71-47bc-992e-0d0dfdcdbbea:OUTLINE:516b73f5f290c5ff,57d18421-8c71-47bc-992e-0d0dfdcdbbea,netgear-raxe500.pdf,RAXE500,05e4ad05-4025-51c5-b0e2-9a6e9ef07146,Specify ReadyDLNA Media Server Settings,Manage Your Router > Specify ReadyDLNA Media Server Settings,Manage Your Router,2,116,116,P4,1,1,1,1,1516,1516,379,379,0,c3bfa3ad-d441-57e2-968f-76eb1ec84c81,c3bfa3ad-d441-57e2-968f-76eb1ec84c81,57d18421-8c71-47bc-992e-0d0dfdcdbbea:c3bfa3ad-d441-57e2-968f-76eb1ec84c81,True,leaf outline with direct text candidate
57d18421-8c71-47bc-992e-0d0dfdcdbbea:OUTLINE:16508c1309742aa6,57d18421-8c71-47bc-992e-0d0dfdcdbbea:OUTLINE:16508c1309742aa6,57d18421-8c71-47bc-992e-0d0dfdcdbbea,netgear-raxe500.pdf,RAXE500,1bd4d386-cb8c-5c71-a6ea-8f08ccb7b5c2,Use the Reset button,Manage Your Router > Return the router to its factory default settings > Use the Reset button,Manage Your Router > Return the router to its factory default settings,3,117,117,P4,1,1,1,1,723,723,181,181,0,8e160d72-d9c0-5e0b-b624-739f05be19bb,8e160d72-d9c0-5e0b-b624-739f05be19bb,57d18421-8c71-47bc-992e-0d0dfdcdbbea:8e160d72-d9c0-5e0b-b624-739f05be19bb,True,leaf outline with direct text candidate
57d18421-8c71-47bc-992e-0d0dfdcdbbea:OUTLINE:f36311c9fbb5c33b,57d18421-8c71-47bc-992e-0d0dfdcdbbea:OUTLINE:f36311c9fbb5c33b,57d18421-8c71-47bc-992e-0d0dfdcdbbea,netgear-raxe500.pdf,RAXE500,1e4525c7-c588-500c-a709-d8c5c30b542e,Erase the settings,Manage Your Router > Return the router to its factory default settings > Erase the settings,Manage Your Router > Return the router to its factory default settings,3,117,118,P4,1,1,1,1,1000,1000,250,250,0,38a0105f-ff6d-5aab-bcb3-0f08611feefb,38a0105f-ff6d-5aab-bcb3-0f08611feefb,57d18421-8c71-47bc-992e-0d0dfdcdbbea:38a0105f-ff6d-5aab-bcb3-0f08611feefb,True,leaf outline with direct text candidate
57d18421-8c71-47bc-992e-0d0dfdcdbbea:OUTLINE:f6d96cbca721e93a,57d18421-8c71-47bc-992e-0d0dfdcdbbea:OUTLINE:f6d96cbca721e93a,57d18421-8c71-47bc-992e-0d0dfdcdbbea,netgear-raxe500.pdf,RAXE500,6f9fdbfd-b054-5dca-96ba-0640087dae70,USB device requirements,Share USB Storage Devices Attached to the Router > USB device requirements,Share USB Storage Devices Attached to the Router,2,120,120,P4,1,1,1,1,717,717,180,180,0,78603c0b-03c7-5631-9b1a-d3d48e9e67eb,78603c0b-03c7-5631-9b1a-d3d48e9e67eb,57d18421-8c71-47bc-992e-0d0dfdcdbbea:78603c0b-03c7-5631-9b1a-d3d48e9e67eb,True,leaf outline with direct text candidate
57d18421-8c71-47bc-992e-0d0dfdcdbbea:OUTLINE:30e6bc1f5ecbb7b4,57d18421-8c71-47bc-992e-0d0dfdcdbbea:OUTLINE:30e6bc1f5ecbb7b4,57d18421-8c71-47bc-992e-0d0dfdcdbbea,netgear-raxe500.pdf,RAXE500,99b71f20-d55d-5ee4-9acb-a88fb35b58b4,Connect a USB storage device to the router,Share USB Storage Devices Attached to the Router > Connect a USB storage device to the router,Share USB Storage Devices Attached to the Router,2,120,120,P4,1,1,1,1,646,646,162,162,0,40812aed-cd07-5dff-9ac0-4704875b0f45,40812aed-cd07-5dff-9ac0-4704875b0f45,57d18421-8c71-47bc-992e-0d0dfdcdbbea:40812aed-cd07-5dff-9ac0-4704875b0f45,True,leaf outline with direct text candidate
57d18421-8c71-47bc-992e-0d0dfdcdbbea:OUTLINE:cab77ccab1fc9381,57d18421-8c71-47bc-992e-0d0dfdcdbbea:OUTLINE:cab77ccab1fc9381,57d18421-8c71-47bc-992e-0d0dfdcdbbea,netgear-raxe500.pdf,RAXE500,a430989f-fbc1-5610-b190-0866a09e6e00,Access a storage device connected to the router from a Windows-based computer,Share USB Storage Devices Attached to the Router > Access a storage device connected to the router from a Windows-based computer,Share USB Storage Devices Attached to the Router,2,121,121,P4,1,1,1,1,685,685,172,172,0,45794013-1cd5-503b-9879-5d012d28510c,45794013-1cd5-503b-9879-5d012d28510c,57d18421-8c71-47bc-992e-0d0dfdcdbbea:45794013-1cd5-503b-9879-5d012d28510c,True,leaf outline with direct text candidate
57d18421-8c71-47bc-992e-0d0dfdcdbbea:OUTLINE:c13e62b9f187f6d4,57d18421-8c71-47bc-992e-0d0dfdcdbbea:OUTLINE:c13e62b9f187f6d4,57d18421-8c71-47bc-992e-0d0dfdcdbbea,netgear-raxe500.pdf,RAXE500,04525a3f-eea4-513a-b6a3-c529938bf31a,Map a USB device to a Windows network drive,Share USB Storage Devices Attached to the Router > Map a USB device to a Windows network drive,Share USB Storage Devices Attached to the Router,2,121,122,P4,1,1,1,1,1170,1170,293,293,0,beab9bff-68a2-5fc2-b90b-78ecc9a9d1bb,beab9bff-68a2-5fc2-b90b-78ecc9a9d1bb,57d18421-8c71-47bc-992e-0d0dfdcdbbea:beab9bff-68a2-5fc2-b90b-78ecc9a9d1bb,True,leaf outline with direct text candidate
57d18421-8c71-47bc-992e-0d0dfdcdbbea:OUTLINE:b3066d612f62895b,57d18421-8c71-47bc-992e-0d0dfdcdbbea:OUTLINE:b3066d612f62895b,57d18421-8c71-47bc-992e-0d0dfdcdbbea,netgear-raxe500.pdf,RAXE500,223a3bbe-c443-52fd-969d-4571555eb888,Access a storage device that is connected to the router from a Mac,Share USB Storage Devices Attached to the Router > Access a storage device that is connected to the router from a Mac,Share USB Storage Devices Attached to the Router,2,122,123,P4,1,1,1,1,1270,1270,318,318,0,cdfe8559-784a-5d51-a5a1-6ff28d588430,cdfe8559-784a-5d51-a5a1-6ff28d588430,57d18421-8c71-47bc-992e-0d0dfdcdbbea:cdfe8559-784a-5d51-a5a1-6ff28d588430,True,leaf outline with direct text candidate
57d18421-8c71-47bc-992e-0d0dfdcdbbea:OUTLINE:db63cdf49b678cf1,57d18421-8c71-47bc-992e-0d0dfdcdbbea:OUTLINE:db63cdf49b678cf1,57d18421-8c71-47bc-992e-0d0dfdcdbbea,netgear-raxe500.pdf,RAXE500,b8a7b826-d2aa-5b2d-8e8d-6f7e7ebb1834,Enable FTP access within your network,Share USB Storage Devices Attached to the Router > Enable FTP access within your network,Share USB Storage Devices Attached to the Router,2,123,123,P4,1,1,1,1,735,735,184,184,0,c0a0a256-1dcf-56d0-bcac-4e100bd17821,c0a0a256-1dcf-56d0-bcac-4e100bd17821,57d18421-8c71-47bc-992e-0d0dfdcdbbea:c0a0a256-1dcf-56d0-bcac-4e100bd17821,True,leaf outline with direct text candidate
57d18421-8c71-47bc-992e-0d0dfdcdbbea:OUTLINE:bcac3565908ea5d5,57d18421-8c71-47bc-992e-0d0dfdcdbbea:OUTLINE:bcac3565908ea5d5,57d18421-8c71-47bc-992e-0d0dfdcdbbea,netgear-raxe500.pdf,RAXE500,062eca8e-e408-5de0-9bd5-aa4f541992ea,View network folders on a storage device,Share USB Storage Devices Attached to the Router > View network folders on a storage device,Share USB Storage Devices Attached to the Router,2,123,124,P4,1,1,1,1,1429,1429,358,358,0,5e5c51b3-dccd-5818-b9ae-65b70b14cfda,5e5c51b3-dccd-5818-b9ae-65b70b14cfda,57d18421-8c71-47bc-992e-0d0dfdcdbbea:5e5c51b3-dccd-5818-b9ae-65b70b14cfda,True,leaf outline with direct text candidate
57d18421-8c71-47bc-992e-0d0dfdcdbbea:OUTLINE:7e8558c76cede228,57d18421-8c71-47bc-992e-0d0dfdcdbbea:OUTLINE:7e8558c76cede228,57d18421-8c71-47bc-992e-0d0dfdcdbbea,netgear-raxe500.pdf,RAXE500,a24c9742-d61a-51dc-af53-55b028daa040,Add a network folder on a USB storage device,Share USB Storage Devices Attached to the Router > Add a network folder on a USB storage device,Share USB Storage Devices Attached to the Router,2,124,125,P4,1,1,1,1,1775,1775,444,444,0,b2cee766-ed4f-59bb-8d66-703a2aecba75,b2cee766-ed4f-59bb-8d66-703a2aecba75,57d18421-8c71-47bc-992e-0d0dfdcdbbea:b2cee766-ed4f-59bb-8d66-703a2aecba75,True,leaf outline with direct text candidate
57d18421-8c71-47bc-992e-0d0dfdcdbbea:OUTLINE:902cbde304aea84b,57d18421-8c71-47bc-992e-0d0dfdcdbbea:OUTLINE:902cbde304aea84b,57d18421-8c71-47bc-992e-0d0dfdcdbbea,netgear-raxe500.pdf,RAXE500,29c7d91d-c8d3-5b24-aa3c-678e1402345e,Edit a network folder on a USB storage device,Share USB Storage Devices Attached to the Router > Edit a network folder on a USB storage device,Share USB Storage Devices Attached to the Router,2,125,126,P4,1,1,1,1,869,869,218,218,0,0732d446-ec1f-5e96-a58a-13d4001cea78,0732d446-ec1f-5e96-a58a-13d4001cea78,57d18421-8c71-47bc-992e-0d0dfdcdbbea:0732d446-ec1f-5e96-a58a-13d4001cea78,True,leaf outline with direct text candidate
57d18421-8c71-47bc-992e-0d0dfdcdbbea:OUTLINE:6d9e65e07ba1fab4,57d18421-8c71-47bc-992e-0d0dfdcdbbea:OUTLINE:6d9e65e07ba1fab4,57d18421-8c71-47bc-992e-0d0dfdcdbbea,netgear-raxe500.pdf,RAXE500,2d9fe85f-40e2-5b0b-a17b-1d6387b69f7a,Safely remove a USB storage device,Share USB Storage Devices Attached to the Router > Safely remove a USB storage device,Share USB Storage Devices Attached to the Router,2,126,127,P4,1,1,1,1,897,897,225,225,0,eaa8444a-32f2-5dda-9a31-ec9949be4c14,eaa8444a-32f2-5dda-9a31-ec9949be4c14,57d18421-8c71-47bc-992e-0d0dfdcdbbea:eaa8444a-32f2-5dda-9a31-ec9949be4c14,True,leaf outline with direct text candidate
57d18421-8c71-47bc-992e-0d0dfdcdbbea:OUTLINE:9a67390e1768f0a7,57d18421-8c71-47bc-992e-0d0dfdcdbbea:OUTLINE:9a67390e1768f0a7,57d18421-8c71-47bc-992e-0d0dfdcdbbea,netgear-raxe500.pdf,RAXE500,46b4c8a2-020d-57a1-b2ff-049f7ca10aad,Set up and manage Dynamic DNS,Use Dynamic DNS to Access USB Storage Devices Through the Internet > Set up and manage Dynamic DNS,Use Dynamic DNS to Access USB Storage Devices Through the Internet,2,129,129,P4,1,1,1,1,967,967,242,242,0,11879f1f-745d-56ee-9c96-52ce7f49fa15,11879f1f-745d-56ee-9c96-52ce7f49fa15,57d18421-8c71-47bc-992e-0d0dfdcdbbea:11879f1f-745d-56ee-9c96-52ce7f49fa15,True,leaf outline with direct text candidate
57d18421-8c71-47bc-992e-0d0dfdcdbbea:OUTLINE:08d18b5033f0e4ab,57d18421-8c71-47bc-992e-0d0dfdcdbbea:OUTLINE:08d18b5033f0e4ab,57d18421-8c71-47bc-992e-0d0dfdcdbbea,netgear-raxe500.pdf,RAXE500,b5cba9c6-e03a-5b40-a03e-89c7735f4598,Set up FTP access through the Internet,Use Dynamic DNS to Access USB Storage Devices Through the Internet > Set up FTP access through the Internet,Use Dynamic DNS to Access USB Storage Devices Through the Internet,2,129,130,P4,1,1,1,1,1008,1008,252,252,0,dfd26dbb-425e-581f-b9d2-3d4185eed488,dfd26dbb-425e-581f-b9d2-3d4185eed488,57d18421-8c71-47bc-992e-0d0dfdcdbbea:dfd26dbb-425e-581f-b9d2-3d4185eed488,True,leaf outline with direct text candidate
57d18421-8c71-47bc-992e-0d0dfdcdbbea:OUTLINE:41b0cfbdc8d1f56e,57d18421-8c71-47bc-992e-0d0dfdcdbbea:OUTLINE:41b0cfbdc8d1f56e,57d18421-8c71-47bc-992e-0d0dfdcdbbea,netgear-raxe500.pdf,RAXE500,08280da7-6874-55d3-b607-9c8f2e83c145,Set up your personal FTP server,Use Dynamic DNS to Access USB Storage Devices Through the Internet > Your personal FTP server > Set up your personal FTP server,Use Dynamic DNS to Access USB Storage Devices Through the Internet > Your personal FTP server,3,130,131,P4,1,1,1,1,967,967,242,242,0,d030ab6c-b7b3-5783-a986-4b1a3598b38d,d030ab6c-b7b3-5783-a986-4b1a3598b38d,57d18421-8c71-47bc-992e-0d0dfdcdbbea:d030ab6c-b7b3-5783-a986-4b1a3598b38d,True,leaf outline with direct text candidate
57d18421-8c71-47bc-992e-0d0dfdcdbbea:OUTLINE:31ad88bd458986d1,57d18421-8c71-47bc-992e-0d0dfdcdbbea:OUTLINE:31ad88bd458986d1,57d18421-8c71-47bc-992e-0d0dfdcdbbea,netgear-raxe500.pdf,RAXE500,33c237a5-f800-5c60-84bf-12adafc3c5d2,Set up a new Dynamic DNS account,Use Dynamic DNS to Access USB Storage Devices Through the Internet > Your personal FTP server > Set up a new Dynamic DNS account,Use Dynamic DNS to Access USB Storage Devices Through the Internet > Your personal FTP server,3,131,131,P4,1,1,1,1,1270,1270,318,318,0,b9c49a73-9552-585d-be43-2c72259fffb1,b9c49a73-9552-585d-be43-2c72259fffb1,57d18421-8c71-47bc-992e-0d0dfdcdbbea:b9c49a73-9552-585d-be43-2c72259fffb1,True,leaf outline with direct text candidate
57d18421-8c71-47bc-992e-0d0dfdcdbbea:OUTLINE:4fd6419a72655606,57d18421-8c71-47bc-992e-0d0dfdcdbbea:OUTLINE:4fd6419a72655606,57d18421-8c71-47bc-992e-0d0dfdcdbbea,netgear-raxe500.pdf,RAXE500,98428e47-0fd3-5daa-8624-5e01cb868450,Specify a DNS account that you already created,Use Dynamic DNS to Access USB Storage Devices Through the Internet > Your personal FTP server > Specify a DNS account that you already created,Use Dynamic DNS to Access USB Storage Devices Through the Internet > Your personal FTP server,3,131,132,P4,1,1,1,1,1583,1583,396,396,0,ccb7ddd9-5080-5a0c-86f9-954c5f84972b,ccb7ddd9-5080-5a0c-86f9-954c5f84972b,57d18421-8c71-47bc-992e-0d0dfdcdbbea:ccb7ddd9-5080-5a0c-86f9-954c5f84972b,True,leaf outline with direct text candidate
57d18421-8c71-47bc-992e-0d0dfdcdbbea:OUTLINE:41c38c5c103d0448,57d18421-8c71-47bc-992e-0d0dfdcdbbea:OUTLINE:41c38c5c103d0448,57d18421-8c71-47bc-992e-0d0dfdcdbbea,netgear-raxe500.pdf,RAXE500,5cb83a92-5549-5589-ac63-fd3ba722983d,Change the Dynamic DNS settings,Use Dynamic DNS to Access USB Storage Devices Through the Internet > Your personal FTP server > Change the Dynamic DNS settings,Use Dynamic DNS to Access USB Storage Devices Through the Internet > Your personal FTP server,3,132,133,P4,1,1,1,1,673,673,169,169,0,559865a3-a183-5cf0-bf66-1fb2cc2522d0,559865a3-a183-5cf0-bf66-1fb2cc2522d0,57d18421-8c71-47bc-992e-0d0dfdcdbbea:559865a3-a183-5cf0-bf66-1fb2cc2522d0,True,leaf outline with direct text candidate
57d18421-8c71-47bc-992e-0d0dfdcdbbea:OUTLINE:489c9ea9d0cb181d,57d18421-8c71-47bc-992e-0d0dfdcdbbea:OUTLINE:489c9ea9d0cb181d,57d18421-8c71-47bc-992e-0d0dfdcdbbea,netgear-raxe500.pdf,RAXE500,3d589375-d495-5ccb-ad30-5dad4a086fda,Access USB storage devices through the Internet,Use Dynamic DNS to Access USB Storage Devices Through the Internet > Access USB storage devices through the Internet,Use Dynamic DNS to Access USB Storage Devices Through the Internet,2,133,133,P4,1,1,1,1,646,646,162,162,0,0de9e869-cc14-5794-9a62-a2a528fa36f4,0de9e869-cc14-5794-9a62-a2a528fa36f4,57d18421-8c71-47bc-992e-0d0dfdcdbbea:0de9e869-cc14-5794-9a62-a2a528fa36f4,True,leaf outline with direct text candidate
57d18421-8c71-47bc-992e-0d0dfdcdbbea:OUTLINE:85fdb5c6df19be1d,57d18421-8c71-47bc-992e-0d0dfdcdbbea:OUTLINE:85fdb5c6df19be1d,57d18421-8c71-47bc-992e-0d0dfdcdbbea,netgear-raxe500.pdf,RAXE500,42cba75f-1734-55ec-88b8-8f36e3530483,Set up a VPN connection,Use VPN to Access Your Network > Set up a VPN connection,Use VPN to Access Your Network,2,135,135,P4,1,1,1,1,855,855,214,214,0,98ccf5bb-b3e3-5845-bdf3-0ece4cc86891,98ccf5bb-b3e3-5845-bdf3-0ece4cc86891,57d18421-8c71-47bc-992e-0d0dfdcdbbea:98ccf5bb-b3e3-5845-bdf3-0ece4cc86891,True,leaf outline with direct text candidate
57d18421-8c71-47bc-992e-0d0dfdcdbbea:OUTLINE:e67672a203ab7ca2,57d18421-8c71-47bc-992e-0d0dfdcdbbea:OUTLINE:e67672a203ab7ca2,57d18421-8c71-47bc-992e-0d0dfdcdbbea,netgear-raxe500.pdf,RAXE500,c39a67a4-54b4-5d1d-87e7-2fd3356f52df,Specify VPN service in the router,Use VPN to Access Your Network > Specify VPN service in the router,Use VPN to Access Your Network,2,135,136,P4,1,1,1,1,1223,1223,306,306,0,66527a8a-d8be-5acb-8f2d-4b936114d54c,66527a8a-d8be-5acb-8f2d-4b936114d54c,57d18421-8c71-47bc-992e-0d0dfdcdbbea:66527a8a-d8be-5acb-8f2d-4b936114d54c,True,leaf outline with direct text candidate
57d18421-8c71-47bc-992e-0d0dfdcdbbea:OUTLINE:597c259ef54d4309,57d18421-8c71-47bc-992e-0d0dfdcdbbea:OUTLINE:597c259ef54d4309,57d18421-8c71-47bc-992e-0d0dfdcdbbea,netgear-raxe500.pdf,RAXE500,8cde1fc5-f064-5d88-9f96-e843db120057,Install OpenVPN Software on Your Windows Computer,Use VPN to Access Your Network > Install OpenVPN software > Install OpenVPN Software on Your Windows Computer,Use VPN to Access Your Network > Install OpenVPN software,3,136,139,P4,1,1,1,1,2600,2600,650,650,0,9613d7ed-931e-5d42-a70c-0ef9a2ee1f3a,9613d7ed-931e-5d42-a70c-0ef9a2ee1f3a,57d18421-8c71-47bc-992e-0d0dfdcdbbea:9613d7ed-931e-5d42-a70c-0ef9a2ee1f3a,True,leaf outline with direct text candidate
57d18421-8c71-47bc-992e-0d0dfdcdbbea:OUTLINE:a1ead7108c0fbd27,57d18421-8c71-47bc-992e-0d0dfdcdbbea:OUTLINE:a1ead7108c0fbd27,57d18421-8c71-47bc-992e-0d0dfdcdbbea,netgear-raxe500.pdf,RAXE500,57b412fd-f635-5927-ad31-c94d97ae0e96,Install OpenVPN software on your Mac computer,Use VPN to Access Your Network > Install OpenVPN software > Install OpenVPN software on your Mac computer,Use VPN to Access Your Network > Install OpenVPN software,3,139,139,P5,1,1,1,1,1424,1424,356,356,0,1dd9fc0e-b1bb-529d-a9ec-b8f8841039c6,1dd9fc0e-b1bb-529d-a9ec-b8f8841039c6,57d18421-8c71-47bc-992e-0d0dfdcdbbea:1dd9fc0e-b1bb-529d-a9ec-b8f8841039c6,True,leaf outline with direct text candidate
57d18421-8c71-47bc-992e-0d0dfdcdbbea:OUTLINE:0e4b39799e102c33,57d18421-8c71-47bc-992e-0d0dfdcdbbea:OUTLINE:0e4b39799e102c33,57d18421-8c71-47bc-992e-0d0dfdcdbbea,netgear-raxe500.pdf,RAXE500,4e7f53b1-44e7-51c9-ade2-1cc3812315b6,Install OpenVPN software on an iOS device,Use VPN to Access Your Network > Install OpenVPN software > Install OpenVPN software on an iOS device,Use VPN to Access Your Network > Install OpenVPN software,3,140,140,P5,1,1,1,1,1349,1349,338,338,0,9424eaf0-fc9e-52db-b53a-f5b841e1cc6c,9424eaf0-fc9e-52db-b53a-f5b841e1cc6c,57d18421-8c71-47bc-992e-0d0dfdcdbbea:9424eaf0-fc9e-52db-b53a-f5b841e1cc6c,True,leaf outline with direct text candidate
57d18421-8c71-47bc-992e-0d0dfdcdbbea:OUTLINE:43f9ac7aab235770,57d18421-8c71-47bc-992e-0d0dfdcdbbea:OUTLINE:43f9ac7aab235770,57d18421-8c71-47bc-992e-0d0dfdcdbbea,netgear-raxe500.pdf,RAXE500,5dd2c17f-4e2c-5f8f-8cf2-06872988adfa,Install OpenVPN software on an Android device,Use VPN to Access Your Network > Install OpenVPN software > Install OpenVPN software on an Android device,Use VPN to Access Your Network > Install OpenVPN software,3,140,141,P5,1,1,1,1,1353,1353,339,339,0,8661da60-c910-577d-b144-09ec23c33b12,8661da60-c910-577d-b144-09ec23c33b12,57d18421-8c71-47bc-992e-0d0dfdcdbbea:8661da60-c910-577d-b144-09ec23c33b12,True,leaf outline with direct text candidate
57d18421-8c71-47bc-992e-0d0dfdcdbbea:OUTLINE:559914e5fe29e029,57d18421-8c71-47bc-992e-0d0dfdcdbbea:OUTLINE:559914e5fe29e029,57d18421-8c71-47bc-992e-0d0dfdcdbbea,netgear-raxe500.pdf,RAXE500,a09d57ea-8902-5b17-8113-deac8dca7c85,Use a VPN tunnel on your Windows computer,Use VPN to Access Your Network > Use a VPN tunnel on your Windows computer,Use VPN to Access Your Network,2,141,142,P5,1,1,1,1,1412,1412,353,353,0,1fa8f511-d49c-58ba-8867-89054bef0661,1fa8f511-d49c-58ba-8867-89054bef0661,57d18421-8c71-47bc-992e-0d0dfdcdbbea:1fa8f511-d49c-58ba-8867-89054bef0661,True,leaf outline with direct text candidate
57d18421-8c71-47bc-992e-0d0dfdcdbbea:OUTLINE:e34112b2199bb20c,57d18421-8c71-47bc-992e-0d0dfdcdbbea:OUTLINE:e34112b2199bb20c,57d18421-8c71-47bc-992e-0d0dfdcdbbea,netgear-raxe500.pdf,RAXE500,49d0891b-62b2-554e-bcff-b55ca8ea055d,Use VPN to access the router’s USB device and media,Use VPN to Access Your Network > Use VPN to access the router’s USB device and media,Use VPN to Access Your Network,2,143,143,P5,1,1,1,1,856,856,214,214,0,5743bf89-9507-504d-8e68-8555014cc89a,5743bf89-9507-504d-8e68-8555014cc89a,57d18421-8c71-47bc-992e-0d0dfdcdbbea:5743bf89-9507-504d-8e68-8555014cc89a,True,leaf outline with direct text candidate
57d18421-8c71-47bc-992e-0d0dfdcdbbea:OUTLINE:7bbe03a0d66739df,57d18421-8c71-47bc-992e-0d0dfdcdbbea:OUTLINE:7bbe03a0d66739df,57d18421-8c71-47bc-992e-0d0dfdcdbbea,netgear-raxe500.pdf,RAXE500,84a699c6-0aa2-59d2-ab5d-112198f96dc9,Set up VPN client Internet access in the router,Use VPN to Access Your Network > Use VPN to access your Internet service at home > Set up VPN client Internet access in the router,Use VPN to Access Your Network > Use VPN to access your Internet service at home,3,144,144,P5,1,1,1,1,1532,1532,383,383,0,0fc19ad4-a3f3-5128-a97a-000311ce8919,0fc19ad4-a3f3-5128-a97a-000311ce8919,57d18421-8c71-47bc-992e-0d0dfdcdbbea:0fc19ad4-a3f3-5128-a97a-000311ce8919,True,leaf outline with direct text candidate
57d18421-8c71-47bc-992e-0d0dfdcdbbea:OUTLINE:b3d8f29233940972,57d18421-8c71-47bc-992e-0d0dfdcdbbea:OUTLINE:b3d8f29233940972,57d18421-8c71-47bc-992e-0d0dfdcdbbea,netgear-raxe500.pdf,RAXE500,26e3abb9-22f5-53aa-87b2-a16af6a9cfbf,Block VPN client Internet access in the router,Use VPN to Access Your Network > Use VPN to access your Internet service at home > Block VPN client Internet access in the router,Use VPN to Access Your Network > Use VPN to access your Internet service at home,3,144,145,P5,1,1,1,1,1454,1454,364,364,0,6523043e-f55b-5d2a-9f0a-8376cfa661ce,6523043e-f55b-5d2a-9f0a-8376cfa661ce,57d18421-8c71-47bc-992e-0d0dfdcdbbea:6523043e-f55b-5d2a-9f0a-8376cfa661ce,True,leaf outline with direct text candidate
57d18421-8c71-47bc-992e-0d0dfdcdbbea:OUTLINE:e6d70ccec168c2a6,57d18421-8c71-47bc-992e-0d0dfdcdbbea:OUTLINE:e6d70ccec168c2a6,57d18421-8c71-47bc-992e-0d0dfdcdbbea,netgear-raxe500.pdf,RAXE500,034d3d75-06ce-5cb7-a1c6-4cdeef5695d4,Use a VPN tunnel to access your Internet service at home,Use VPN to Access Your Network > Use VPN to access your Internet service at home > Use a VPN tunnel to access your Internet service at home,Use VPN to Access Your Network > Use VPN to access your Internet service at home,3,145,146,P5,1,1,1,1,396,396,99,99,0,f28a4c35-4d28-56c9-a6aa-9d30d17a3c6c,f28a4c35-4d28-56c9-a6aa-9d30d17a3c6c,57d18421-8c71-47bc-992e-0d0dfdcdbbea:f28a4c35-4d28-56c9-a6aa-9d30d17a3c6c,True,leaf outline with direct text candidate
57d18421-8c71-47bc-992e-0d0dfdcdbbea:OUTLINE:daf5f533fe9ebdbe,57d18421-8c71-47bc-992e-0d0dfdcdbbea:OUTLINE:daf5f533fe9ebdbe,57d18421-8c71-47bc-992e-0d0dfdcdbbea,netgear-raxe500.pdf,RAXE500,16bc2057-a284-5e36-bf49-e22262a1e355,Set up port forwarding to a local server,Manage port forwarding and port triggering > Manage port forwarding to a local server > Set up port forwarding to a local server,Manage port forwarding and port triggering > Manage port forwarding to a local server,3,148,149,P5,1,1,1,1,1328,1328,332,332,0,ef02c560-d698-5462-b1e8-306a7f140b12,ef02c560-d698-5462-b1e8-306a7f140b12,57d18421-8c71-47bc-992e-0d0dfdcdbbea:ef02c560-d698-5462-b1e8-306a7f140b12,True,leaf outline with direct text candidate
57d18421-8c71-47bc-992e-0d0dfdcdbbea:OUTLINE:58cf70019312366d,57d18421-8c71-47bc-992e-0d0dfdcdbbea:OUTLINE:58cf70019312366d,57d18421-8c71-47bc-992e-0d0dfdcdbbea,netgear-raxe500.pdf,RAXE500,25e541a5-9586-5fbc-b788-d62b86f33fc4,Add a custom port forwarding service,Manage port forwarding and port triggering > Manage port forwarding to a local server > Add a custom port forwarding service,Manage port forwarding and port triggering > Manage port forwarding to a local server,3,149,150,P5,1,1,1,1,2022,2022,506,506,0,006fde7c-e877-568e-92ed-1644ace1f176,006fde7c-e877-568e-92ed-1644ace1f176,57d18421-8c71-47bc-992e-0d0dfdcdbbea:006fde7c-e877-568e-92ed-1644ace1f176,True,leaf outline with direct text candidate
57d18421-8c71-47bc-992e-0d0dfdcdbbea:OUTLINE:467073553419e71c,57d18421-8c71-47bc-992e-0d0dfdcdbbea:OUTLINE:467073553419e71c,57d18421-8c71-47bc-992e-0d0dfdcdbbea,netgear-raxe500.pdf,RAXE500,5b0c763c-6bc0-5267-8b0a-29c603e5fdbe,Edit a port forwarding service,Manage port forwarding and port triggering > Manage port forwarding to a local server > Edit a port forwarding service,Manage port forwarding and port triggering > Manage port forwarding to a local server,3,150,150,P5,1,1,1,1,866,866,217,217,0,eba2b965-24f9-5445-b347-0603bdb1b5b1,eba2b965-24f9-5445-b347-0603bdb1b5b1,57d18421-8c71-47bc-992e-0d0dfdcdbbea:eba2b965-24f9-5445-b347-0603bdb1b5b1,True,leaf outline with direct text candidate
57d18421-8c71-47bc-992e-0d0dfdcdbbea:OUTLINE:26b7cd33b42faba6,57d18421-8c71-47bc-992e-0d0dfdcdbbea:OUTLINE:26b7cd33b42faba6,57d18421-8c71-47bc-992e-0d0dfdcdbbea,netgear-raxe500.pdf,RAXE500,0563d051-3239-502a-a84a-801aa28a6ed3,Delete a port forwarding entry,Manage port forwarding and port triggering > Manage port forwarding to a local server > Delete a port forwarding entry,Manage port forwarding and port triggering > Manage port forwarding to a local server,3,151,151,P5,1,1,1,1,747,747,187,187,0,109e1a15-59ab-5f7f-acb3-f43189a2b5be,109e1a15-59ab-5f7f-acb3-f43189a2b5be,57d18421-8c71-47bc-992e-0d0dfdcdbbea:109e1a15-59ab-5f7f-acb3-f43189a2b5be,True,leaf outline with direct text candidate
57d18421-8c71-47bc-992e-0d0dfdcdbbea:OUTLINE:deb5ae8309213a14,57d18421-8c71-47bc-992e-0d0dfdcdbbea:OUTLINE:deb5ae8309213a14,57d18421-8c71-47bc-992e-0d0dfdcdbbea,netgear-raxe500.pdf,RAXE500,7846f50c-5eb9-5ff0-92fe-fe2c951a4257,Application xxample: Make a local web server public,Manage port forwarding and port triggering > Manage port forwarding to a local server > Application xxample: Make a local web server public,Manage port forwarding and port triggering > Manage port forwarding to a local server,3,151,151,P5,1,1,1,1,938,938,235,235,0,24c6ea43-a239-5e8d-9b53-29c068ae921d,24c6ea43-a239-5e8d-9b53-29c068ae921d,57d18421-8c71-47bc-992e-0d0dfdcdbbea:24c6ea43-a239-5e8d-9b53-29c068ae921d,True,leaf outline with direct text candidate
57d18421-8c71-47bc-992e-0d0dfdcdbbea:OUTLINE:0d5b6e0a7ba7bfe2,57d18421-8c71-47bc-992e-0d0dfdcdbbea:OUTLINE:0d5b6e0a7ba7bfe2,57d18421-8c71-47bc-992e-0d0dfdcdbbea,netgear-raxe500.pdf,RAXE500,04eab68b-fb7c-5233-ad1b-43e1caf9af42,How the router implements the port forwarding rule,Manage port forwarding and port triggering > Manage port forwarding to a local server > How the router implements the port forwarding rule,Manage port forwarding and port triggering > Manage port forwarding to a local server,3,152,152,P5,1,1,1,1,926,926,232,232,0,cb0591a9-a6dd-512d-aa50-8e0629954cd8,cb0591a9-a6dd-512d-aa50-8e0629954cd8,57d18421-8c71-47bc-992e-0d0dfdcdbbea:cb0591a9-a6dd-512d-aa50-8e0629954cd8,True,leaf outline with direct text candidate
57d18421-8c71-47bc-992e-0d0dfdcdbbea:OUTLINE:75123e28a3f1cdc3,57d18421-8c71-47bc-992e-0d0dfdcdbbea:OUTLINE:75123e28a3f1cdc3,57d18421-8c71-47bc-992e-0d0dfdcdbbea,netgear-raxe500.pdf,RAXE500,a1f05e2c-edfb-55e9-8a52-2a865cc503e5,Add a port triggering service,Manage port forwarding and port triggering > Port triggering > Add a port triggering service,Manage port forwarding and port triggering > Port triggering,3,153,153,P5,1,1,1,1,1485,1485,372,372,0,aa760bc0-525c-5797-a3bd-b5f4420a23b5,aa760bc0-525c-5797-a3bd-b5f4420a23b5,57d18421-8c71-47bc-992e-0d0dfdcdbbea:aa760bc0-525c-5797-a3bd-b5f4420a23b5,True,leaf outline with direct text candidate
57d18421-8c71-47bc-992e-0d0dfdcdbbea:OUTLINE:ad72e9c271e77de6,57d18421-8c71-47bc-992e-0d0dfdcdbbea:OUTLINE:ad72e9c271e77de6,57d18421-8c71-47bc-992e-0d0dfdcdbbea,netgear-raxe500.pdf,RAXE500,55598092-3f92-5ff4-8ed0-3b6f09c35e89,Enable port triggering,Manage port forwarding and port triggering > Port triggering > Enable port triggering,Manage port forwarding and port triggering > Port triggering,3,154,154,P5,1,1,1,1,1087,1087,272,272,0,575c6b1c-9e4b-56a9-bd75-b674c7cc08ea,575c6b1c-9e4b-56a9-bd75-b674c7cc08ea,57d18421-8c71-47bc-992e-0d0dfdcdbbea:575c6b1c-9e4b-56a9-bd75-b674c7cc08ea,True,leaf outline with direct text candidate
57d18421-8c71-47bc-992e-0d0dfdcdbbea:OUTLINE:9e8595cdfcbcddf0,57d18421-8c71-47bc-992e-0d0dfdcdbbea:OUTLINE:9e8595cdfcbcddf0,57d18421-8c71-47bc-992e-0d0dfdcdbbea,netgear-raxe500.pdf,RAXE500,772654e7-f43f-5d86-b310-cdf9937dd1a1,Application example: Port triggering for Internet relay chat,Manage port forwarding and port triggering > Port triggering > Application example: Port triggering for Internet relay chat,Manage port forwarding and port triggering > Port triggering,3,154,155,P5,1,1,1,1,2611,2611,653,653,0,b72b8a87-be82-5d91-abcf-ba7916883380,b72b8a87-be82-5d91-abcf-ba7916883380,57d18421-8c71-47bc-992e-0d0dfdcdbbea:b72b8a87-be82-5d91-abcf-ba7916883380,True,leaf outline with direct text candidate
57d18421-8c71-47bc-992e-0d0dfdcdbbea:OUTLINE:f67dde43cca3ccc5,57d18421-8c71-47bc-992e-0d0dfdcdbbea:OUTLINE:f67dde43cca3ccc5,57d18421-8c71-47bc-992e-0d0dfdcdbbea,netgear-raxe500.pdf,RAXE500,c567418c-9efb-5698-8e12-3ff992fca101,Sequence to restart your network,Troubleshooting > Quick tips > Sequence to restart your network,Troubleshooting > Quick tips,3,157,157,P5,1,1,1,1,212,212,53,53,0,494eba00-b9d1-5fec-898e-b212c6f28baf,494eba00-b9d1-5fec-898e-b212c6f28baf,57d18421-8c71-47bc-992e-0d0dfdcdbbea:494eba00-b9d1-5fec-898e-b212c6f28baf,True,leaf outline with direct text candidate
57d18421-8c71-47bc-992e-0d0dfdcdbbea:OUTLINE:75bf225706b871e2,57d18421-8c71-47bc-992e-0d0dfdcdbbea:OUTLINE:75bf225706b871e2,57d18421-8c71-47bc-992e-0d0dfdcdbbea,netgear-raxe500.pdf,RAXE500,8bf13a51-fe62-5bda-b9a7-00d86b269bec,Check the power adapter and Ethernet cable connections,Troubleshooting > Quick tips > Check the power adapter and Ethernet cable connections,Troubleshooting > Quick tips,3,157,157,P5,1,1,1,1,515,515,129,129,0,4f3d2903-b1ca-556d-a4f9-f0bea742c6b5,4f3d2903-b1ca-556d-a4f9-f0bea742c6b5,57d18421-8c71-47bc-992e-0d0dfdcdbbea:4f3d2903-b1ca-556d-a4f9-f0bea742c6b5,True,leaf outline with direct text candidate
57d18421-8c71-47bc-992e-0d0dfdcdbbea:OUTLINE:2c74854a9298dec3,57d18421-8c71-47bc-992e-0d0dfdcdbbea:OUTLINE:2c74854a9298dec3,57d18421-8c71-47bc-992e-0d0dfdcdbbea,netgear-raxe500.pdf,RAXE500,8b938083-8302-5feb-a43e-79ec4fd3506b,Check the WiFi settings,Troubleshooting > Quick tips > Check the WiFi settings,Troubleshooting > Quick tips,3,157,157,P5,1,1,1,1,406,406,102,102,0,0ca599be-3824-5fb8-8b40-4109155a72b2,0ca599be-3824-5fb8-8b40-4109155a72b2,57d18421-8c71-47bc-992e-0d0dfdcdbbea:0ca599be-3824-5fb8-8b40-4109155a72b2,True,leaf outline with direct text candidate
57d18421-8c71-47bc-992e-0d0dfdcdbbea:OUTLINE:eb1f7b0380af998e,57d18421-8c71-47bc-992e-0d0dfdcdbbea:OUTLINE:eb1f7b0380af998e,57d18421-8c71-47bc-992e-0d0dfdcdbbea,netgear-raxe500.pdf,RAXE500,c6d73dc6-32b5-5317-aa7f-9376990b3326,Check the network settings,Troubleshooting > Quick tips > Check the network settings,Troubleshooting > Quick tips,3,157,158,P5,1,1,1,1,593,593,149,149,0,6cc08877-270d-58a7-9e46-041f1014551a,6cc08877-270d-58a7-9e46-041f1014551a,57d18421-8c71-47bc-992e-0d0dfdcdbbea:6cc08877-270d-58a7-9e46-041f1014551a,True,leaf outline with direct text candidate
57d18421-8c71-47bc-992e-0d0dfdcdbbea:OUTLINE:6cdd03f3614a1ab8,57d18421-8c71-47bc-992e-0d0dfdcdbbea:OUTLINE:6cdd03f3614a1ab8,57d18421-8c71-47bc-992e-0d0dfdcdbbea,netgear-raxe500.pdf,RAXE500,c823a75e-5e56-53c3-a50a-eadf8dc9fbf4,Standard LED behavior when the router is powered on,Troubleshooting > Troubleshoot with the LEDs > Standard LED behavior when the router is powered on,Troubleshooting > Troubleshoot with the LEDs,3,158,158,P5,1,1,1,1,395,395,99,99,0,783a8e52-9803-5b2d-be02-7ecc5d1f960e,783a8e52-9803-5b2d-be02-7ecc5d1f960e,57d18421-8c71-47bc-992e-0d0dfdcdbbea:783a8e52-9803-5b2d-be02-7ecc5d1f960e,True,leaf outline with direct text candidate
57d18421-8c71-47bc-992e-0d0dfdcdbbea:OUTLINE:5cd070b790651b6f,57d18421-8c71-47bc-992e-0d0dfdcdbbea:OUTLINE:5cd070b790651b6f,57d18421-8c71-47bc-992e-0d0dfdcdbbea,netgear-raxe500.pdf,RAXE500,fe7a8761-c1d1-54d0-977c-dda312422fa6,Power LED is off or blinking,Troubleshooting > Troubleshoot with the LEDs > Power LED is off or blinking,Troubleshooting > Troubleshoot with the LEDs,3,158,158,P5,1,1,1,1,677,677,170,170,0,0ffe1a16-0158-5d04-9061-c8c001ebbb2d,0ffe1a16-0158-5d04-9061-c8c001ebbb2d,57d18421-8c71-47bc-992e-0d0dfdcdbbea:0ffe1a16-0158-5d04-9061-c8c001ebbb2d,True,leaf outline with direct text candidate
57d18421-8c71-47bc-992e-0d0dfdcdbbea:OUTLINE:8442cd09018fcfe2,57d18421-8c71-47bc-992e-0d0dfdcdbbea:OUTLINE:8442cd09018fcfe2,57d18421-8c71-47bc-992e-0d0dfdcdbbea,netgear-raxe500.pdf,RAXE500,6486effa-b94c-5d89-abae-7d78eef8c086,LEDs never turn off,Troubleshooting > Troubleshoot with the LEDs > LEDs never turn off,Troubleshooting > Troubleshoot with the LEDs,3,158,159,P5,1,1,1,1,501,501,126,126,0,59820530-c150-5d26-8d5f-8cdc5568bc13,59820530-c150-5d26-8d5f-8cdc5568bc13,57d18421-8c71-47bc-992e-0d0dfdcdbbea:59820530-c150-5d26-8d5f-8cdc5568bc13,True,leaf outline with direct text candidate
57d18421-8c71-47bc-992e-0d0dfdcdbbea:OUTLINE:336cd4ad401325c0,57d18421-8c71-47bc-992e-0d0dfdcdbbea:OUTLINE:336cd4ad401325c0,57d18421-8c71-47bc-992e-0d0dfdcdbbea,netgear-raxe500.pdf,RAXE500,92f09e20-3acf-5e33-945c-7aa4b8b03319,Internet or Ethernet LAN port LEDs are off,Troubleshooting > Troubleshoot with the LEDs > Internet or Ethernet LAN port LEDs are off,Troubleshooting > Troubleshoot with the LEDs,3,159,159,P5,1,1,1,1,536,536,134,134,0,5bdfc738-6759-5989-8593-c136736f1af8,5bdfc738-6759-5989-8593-c136736f1af8,57d18421-8c71-47bc-992e-0d0dfdcdbbea:5bdfc738-6759-5989-8593-c136736f1af8,True,leaf outline with direct text candidate
57d18421-8c71-47bc-992e-0d0dfdcdbbea:OUTLINE:5afba934c029b9ba,57d18421-8c71-47bc-992e-0d0dfdcdbbea:OUTLINE:5afba934c029b9ba,57d18421-8c71-47bc-992e-0d0dfdcdbbea,netgear-raxe500.pdf,RAXE500,8c700989-4d33-5c35-a667-600cfbba9793,WiFi LED is off,Troubleshooting > Troubleshoot with the LEDs > WiFi LED is off,Troubleshooting > Troubleshoot with the LEDs,3,159,159,P5,1,1,1,1,316,316,79,79,0,69cd245a-1266-5f23-8f16-78765bdd9f5c,69cd245a-1266-5f23-8f16-78765bdd9f5c,57d18421-8c71-47bc-992e-0d0dfdcdbbea:69cd245a-1266-5f23-8f16-78765bdd9f5c,True,leaf outline with direct text candidate
57d18421-8c71-47bc-992e-0d0dfdcdbbea:OUTLINE:5a4a9eed369ea641,57d18421-8c71-47bc-992e-0d0dfdcdbbea:OUTLINE:5a4a9eed369ea641,57d18421-8c71-47bc-992e-0d0dfdcdbbea,netgear-raxe500.pdf,RAXE500,82757f82-ff2a-5801-8f6b-66d1ec8c90c8,You cannot log in to the router,Troubleshooting > You cannot log in to the router,Troubleshooting,2,159,160,P5,1,1,1,1,2465,2465,617,617,0,8087d250-adb2-53bb-9dfa-1b13d152b70f,8087d250-adb2-53bb-9dfa-1b13d152b70f,57d18421-8c71-47bc-992e-0d0dfdcdbbea:8087d250-adb2-53bb-9dfa-1b13d152b70f,True,leaf outline with direct text candidate
57d18421-8c71-47bc-992e-0d0dfdcdbbea:OUTLINE:26632525d1e8244b,57d18421-8c71-47bc-992e-0d0dfdcdbbea:OUTLINE:26632525d1e8244b,57d18421-8c71-47bc-992e-0d0dfdcdbbea,netgear-raxe500.pdf,RAXE500,cffdc836-869f-5e37-bbc1-01048450d254,You cannot access the Internet,Troubleshooting > You cannot access the Internet,Troubleshooting,2,160,162,P5,1,1,1,1,2982,2982,746,746,0,5a769757-9259-5e7d-a074-d43a51ab587f,5a769757-9259-5e7d-a074-d43a51ab587f,57d18421-8c71-47bc-992e-0d0dfdcdbbea:5a769757-9259-5e7d-a074-d43a51ab587f,True,leaf outline with direct text candidate
57d18421-8c71-47bc-992e-0d0dfdcdbbea:OUTLINE:6ca762548278f56e,57d18421-8c71-47bc-992e-0d0dfdcdbbea:OUTLINE:6ca762548278f56e,57d18421-8c71-47bc-992e-0d0dfdcdbbea,netgear-raxe500.pdf,RAXE500,ea5099a2-39ec-5d55-ae13-a9519579d0bc,Troubleshoot Internet browsing,Troubleshooting > Troubleshoot Internet browsing,Troubleshooting,2,162,162,P5,1,1,1,1,1129,1129,283,283,0,c6ea10e7-ed27-5069-bcd1-0acf37e04e84,c6ea10e7-ed27-5069-bcd1-0acf37e04e84,57d18421-8c71-47bc-992e-0d0dfdcdbbea:c6ea10e7-ed27-5069-bcd1-0acf37e04e84,True,leaf outline with direct text candidate
57d18421-8c71-47bc-992e-0d0dfdcdbbea:OUTLINE:9c32743864313ce3,57d18421-8c71-47bc-992e-0d0dfdcdbbea:OUTLINE:9c32743864313ce3,57d18421-8c71-47bc-992e-0d0dfdcdbbea,netgear-raxe500.pdf,RAXE500,a665178f-6380-5bbd-9b4b-b7699067c524,Changes are not saved,Troubleshooting > Changes are not saved,Troubleshooting,2,162,162,P5,1,1,1,1,403,403,101,101,0,5ce4f4af-eee3-578a-bbc3-a78047c81a93,5ce4f4af-eee3-578a-bbc3-a78047c81a93,57d18421-8c71-47bc-992e-0d0dfdcdbbea:5ce4f4af-eee3-578a-bbc3-a78047c81a93,True,leaf outline with direct text candidate
57d18421-8c71-47bc-992e-0d0dfdcdbbea:OUTLINE:392ff4fbd7ee9772,57d18421-8c71-47bc-992e-0d0dfdcdbbea:OUTLINE:392ff4fbd7ee9772,57d18421-8c71-47bc-992e-0d0dfdcdbbea,netgear-raxe500.pdf,RAXE500,83add63d-bc41-59eb-8c0e-fa8e1b69eb87,Troubleshoot WiFi connectivity,Troubleshooting > Troubleshoot WiFi connectivity,Troubleshooting,2,163,163,P5,1,1,1,1,1221,1221,306,306,0,7f780013-53bc-5600-8aa2-8a4eefeebdf3,7f780013-53bc-5600-8aa2-8a4eefeebdf3,57d18421-8c71-47bc-992e-0d0dfdcdbbea:7f780013-53bc-5600-8aa2-8a4eefeebdf3,True,leaf outline with direct text candidate
57d18421-8c71-47bc-992e-0d0dfdcdbbea:OUTLINE:9ad236fa74b89647,57d18421-8c71-47bc-992e-0d0dfdcdbbea:OUTLINE:9ad236fa74b89647,57d18421-8c71-47bc-992e-0d0dfdcdbbea,netgear-raxe500.pdf,RAXE500,e1b1c229-d1ae-5184-be51-c1b1dd7c4319,Test the LAN path to your router,Troubleshooting > Troubleshoot your network using the ping utility > Test the LAN path to your router,Troubleshooting > Troubleshoot your network using the ping utility,3,163,164,P5,1,1,1,1,1401,1401,351,351,0,2dd1b281-ddee-5128-affd-a5571b00efba,2dd1b281-ddee-5128-affd-a5571b00efba,57d18421-8c71-47bc-992e-0d0dfdcdbbea:2dd1b281-ddee-5128-affd-a5571b00efba,True,leaf outline with direct text candidate
57d18421-8c71-47bc-992e-0d0dfdcdbbea:OUTLINE:3d0101989fca1bb6,57d18421-8c71-47bc-992e-0d0dfdcdbbea:OUTLINE:3d0101989fca1bb6,57d18421-8c71-47bc-992e-0d0dfdcdbbea,netgear-raxe500.pdf,RAXE500,8c53ed71-92c1-5cff-b831-cb532dfdefab,Test the path from a Windows-based computer to a remote device,Troubleshooting > Troubleshoot your network using the ping utility > Test the path from a Windows-based computer to a remote device,Troubleshooting > Troubleshoot your network using the ping utility,3,164,165,P5,1,1,1,1,1579,1579,395,395,0,f538d8c7-6ab2-54f4-a65c-e57d69c71e3b,f538d8c7-6ab2-54f4-a65c-e57d69c71e3b,57d18421-8c71-47bc-992e-0d0dfdcdbbea:f538d8c7-6ab2-54f4-a65c-e57d69c71e3b,True,leaf outline with direct text candidate
57d18421-8c71-47bc-992e-0d0dfdcdbbea:OUTLINE:41c9cb735a542932,57d18421-8c71-47bc-992e-0d0dfdcdbbea:OUTLINE:41c9cb735a542932,57d18421-8c71-47bc-992e-0d0dfdcdbbea,netgear-raxe500.pdf,RAXE500,21b5832c-827d-5195-94e5-558ecfad16c8,Factory settings,Supplemental Information > Factory settings,Supplemental Information,2,167,168,P5,1,1,1,1,1684,1684,421,421,1,d97546a1-6a8d-5949-918e-f156587e7f7d,d97546a1-6a8d-5949-918e-f156587e7f7d,57d18421-8c71-47bc-992e-0d0dfdcdbbea:d97546a1-6a8d-5949-918e-f156587e7f7d,True,leaf outline with direct text candidate
57d18421-8c71-47bc-992e-0d0dfdcdbbea:OUTLINE:6bc46cf08a463778,57d18421-8c71-47bc-992e-0d0dfdcdbbea:OUTLINE:6bc46cf08a463778,57d18421-8c71-47bc-992e-0d0dfdcdbbea,netgear-raxe500.pdf,RAXE500,e0f613ec-1fa6-5223-8a86-70603890a7f0,Technical specifications,Supplemental Information > Technical specifications,Supplemental Information,2,168,169,P5,1,1,1,1,2014,2014,504,504,1,003b0ff7-5131-56ec-b297-9523ff4cd971,003b0ff7-5131-56ec-b297-9523ff4cd971,57d18421-8c71-47bc-992e-0d0dfdcdbbea:003b0ff7-5131-56ec-b297-9523ff4cd971,True,leaf outline with direct text candidate
4431ab7b-17f3-4bc6-8ee4-691efbcdfdeb:OUTLINE:6c1b5587069f8194,4431ab7b-17f3-4bc6-8ee4-691efbcdfdeb:OUTLINE:6c1b5587069f8194,4431ab7b-17f3-4bc6-8ee4-691efbcdfdeb,netgear-rbk852.pdf,RBK852,960dfaa3-090d-514d-bc92-b25878fc16b2,Orbi router hardware features,Overview > Orbi router overview > Orbi router hardware features,Overview > Orbi router overview,3,9,10,P1,1,1,1,1,1099,1099,275,275,1,3852caa4-0a53-5b8d-a672-2dceb644b3ff,3852caa4-0a53-5b8d-a672-2dceb644b3ff,4431ab7b-17f3-4bc6-8ee4-691efbcdfdeb:3852caa4-0a53-5b8d-a672-2dceb644b3ff,True,leaf outline with direct text candidate
4431ab7b-17f3-4bc6-8ee4-691efbcdfdeb:OUTLINE:68d909a3f6426767,4431ab7b-17f3-4bc6-8ee4-691efbcdfdeb:OUTLINE:68d909a3f6426767,4431ab7b-17f3-4bc6-8ee4-691efbcdfdeb,netgear-rbk852.pdf,RBK852,b67a8efd-a24b-5112-b0a9-5199eb7d31f5,Orbi router LED behavior,Overview > Orbi router overview > Orbi router LED behavior,Overview > Orbi router overview,3,10,11,P1,1,1,1,1,886,886,222,222,1,e1ef7e18-c378-557d-bb1a-bc9a9c115f03,e1ef7e18-c378-557d-bb1a-bc9a9c115f03,4431ab7b-17f3-4bc6-8ee4-691efbcdfdeb:e1ef7e18-c378-557d-bb1a-bc9a9c115f03,True,leaf outline with direct text candidate
4431ab7b-17f3-4bc6-8ee4-691efbcdfdeb:OUTLINE:e2219ffc7758559f,4431ab7b-17f3-4bc6-8ee4-691efbcdfdeb:OUTLINE:e2219ffc7758559f,4431ab7b-17f3-4bc6-8ee4-691efbcdfdeb,netgear-rbk852.pdf,RBK852,c8ef696b-ab18-5331-8f65-413efac32ec0,Orbi satellite hardware features,Overview > Orbi satellite overview > Orbi satellite hardware features,Overview > Orbi satellite overview,3,11,12,P1,1,1,1,1,249,249,63,63,1,99bbc316-ce17-5acf-98d1-aad7e92aec5f,99bbc316-ce17-5acf-98d1-aad7e92aec5f,4431ab7b-17f3-4bc6-8ee4-691efbcdfdeb:99bbc316-ce17-5acf-98d1-aad7e92aec5f,True,leaf outline with direct text candidate
4431ab7b-17f3-4bc6-8ee4-691efbcdfdeb:OUTLINE:af74b054c27a1fe2,4431ab7b-17f3-4bc6-8ee4-691efbcdfdeb:OUTLINE:af74b054c27a1fe2,4431ab7b-17f3-4bc6-8ee4-691efbcdfdeb,netgear-rbk852.pdf,RBK852,f4a560de-abd9-5576-a219-0aa3f85cb362,Orbi satellite LED behavior,Overview > Orbi satellite overview > Orbi satellite LED behavior,Overview > Orbi satellite overview,3,12,12,P1,1,1,1,1,988,988,247,247,1,1c16631a-253c-55de-96e9-4f70304c9712,1c16631a-253c-55de-96e9-4f70304c9712,4431ab7b-17f3-4bc6-8ee4-691efbcdfdeb:1c16631a-253c-55de-96e9-4f70304c9712,True,leaf outline with direct text candidate
4431ab7b-17f3-4bc6-8ee4-691efbcdfdeb:OUTLINE:44c08d2771bf38bb,4431ab7b-17f3-4bc6-8ee4-691efbcdfdeb:OUTLINE:44c08d2771bf38bb,4431ab7b-17f3-4bc6-8ee4-691efbcdfdeb,netgear-rbk852.pdf,RBK852,039d32ac-f168-5361-9181-454b6c2ccd74,Connect your router,Overview > Connect your router,Overview,2,13,13,P1,1,1,1,1,1008,1008,252,252,0,08b4b339-6b55-5e67-b597-c0f273e568cb,08b4b339-6b55-5e67-b597-c0f273e568cb,4431ab7b-17f3-4bc6-8ee4-691efbcdfdeb:08b4b339-6b55-5e67-b597-c0f273e568cb,True,leaf outline with direct text candidate
4431ab7b-17f3-4bc6-8ee4-691efbcdfdeb:OUTLINE:7fee46cb6a7d9532,4431ab7b-17f3-4bc6-8ee4-691efbcdfdeb:OUTLINE:7fee46cb6a7d9532,4431ab7b-17f3-4bc6-8ee4-691efbcdfdeb,netgear-rbk852.pdf,RBK852,e8fa0f43-7fa3-566d-8010-0feda08dc49e,Place your Orbi satellite,Overview > Place your Orbi satellite,Overview,2,14,14,P1,1,1,1,1,185,185,47,47,0,187bc3f7-cbe6-5348-854d-ba311bbe4bfc,187bc3f7-cbe6-5348-854d-ba311bbe4bfc,4431ab7b-17f3-4bc6-8ee4-691efbcdfdeb:187bc3f7-cbe6-5348-854d-ba311bbe4bfc,True,leaf outline with direct text candidate
4431ab7b-17f3-4bc6-8ee4-691efbcdfdeb:OUTLINE:0dde3e7827c5a595,4431ab7b-17f3-4bc6-8ee4-691efbcdfdeb:OUTLINE:0dde3e7827c5a595,4431ab7b-17f3-4bc6-8ee4-691efbcdfdeb,netgear-rbk852.pdf,RBK852,eac5764a-665d-5e33-ab90-65e04c1578fb,Sync your Orbi satellite with your Orbi router,Overview > Sync your Orbi satellite with your Orbi router,Overview,2,14,14,P1,1,1,1,1,1226,1226,307,307,0,fd0ce992-9b7f-58e2-9140-f25a95a0b95b,fd0ce992-9b7f-58e2-9140-f25a95a0b95b,4431ab7b-17f3-4bc6-8ee4-691efbcdfdeb:fd0ce992-9b7f-58e2-9140-f25a95a0b95b,True,leaf outline with direct text candidate
4431ab7b-17f3-4bc6-8ee4-691efbcdfdeb:OUTLINE:f40c10244f014fb6,4431ab7b-17f3-4bc6-8ee4-691efbcdfdeb:OUTLINE:f40c10244f014fb6,4431ab7b-17f3-4bc6-8ee4-691efbcdfdeb,netgear-rbk852.pdf,RBK852,fa0910e2-ee80-52c8-a953-027e20d53e64,Wired connection,Connect to the Network and Access the Router > Connect to the network > Wired connection,Connect to the Network and Access the Router > Connect to the network,3,16,16,P1,1,1,1,1,603,603,151,151,0,c749d5cf-6ced-5858-bc58-0df6f92e2521,c749d5cf-6ced-5858-bc58-0df6f92e2521,4431ab7b-17f3-4bc6-8ee4-691efbcdfdeb:c749d5cf-6ced-5858-bc58-0df6f92e2521,True,leaf outline with direct text candidate
4431ab7b-17f3-4bc6-8ee4-691efbcdfdeb:OUTLINE:3380460ed93be7d8,4431ab7b-17f3-4bc6-8ee4-691efbcdfdeb:OUTLINE:3380460ed93be7d8,4431ab7b-17f3-4bc6-8ee4-691efbcdfdeb,netgear-rbk852.pdf,RBK852,9a5d3bee-c0c0-514c-81e1-25cdacb23aa2,WiFi connection,Connect to the Network and Access the Router > Connect to the network > WiFi connection,Connect to the Network and Access the Router > Connect to the network,3,16,16,P1,1,1,1,1,1057,1057,265,265,0,522f1028-c848-541b-988f-a194bbb62798,522f1028-c848-541b-988f-a194bbb62798,4431ab7b-17f3-4bc6-8ee4-691efbcdfdeb:522f1028-c848-541b-988f-a194bbb62798,True,leaf outline with direct text candidate
4431ab7b-17f3-4bc6-8ee4-691efbcdfdeb:OUTLINE:0c5d1fb6a581adfa,4431ab7b-17f3-4bc6-8ee4-691efbcdfdeb:OUTLINE:0c5d1fb6a581adfa,4431ab7b-17f3-4bc6-8ee4-691efbcdfdeb,netgear-rbk852.pdf,RBK852,7cc84da1-9d55-5c5d-9f5c-ba4f55412bf1,WiFi connection using WPS,Connect to the Network and Access the Router > Connect to the network > WiFi connection using WPS,Connect to the Network and Access the Router > Connect to the network,3,17,17,P1,1,1,1,1,554,554,139,139,0,0e0b0371-f279-5994-9832-f8052003a970,0e0b0371-f279-5994-9832-f8052003a970,4431ab7b-17f3-4bc6-8ee4-691efbcdfdeb:0e0b0371-f279-5994-9832-f8052003a970,True,leaf outline with direct text candidate
4431ab7b-17f3-4bc6-8ee4-691efbcdfdeb:OUTLINE:ae3a244734afb7ee,4431ab7b-17f3-4bc6-8ee4-691efbcdfdeb:OUTLINE:ae3a244734afb7ee,4431ab7b-17f3-4bc6-8ee4-691efbcdfdeb,netgear-rbk852.pdf,RBK852,57351eb5-ad39-5d7c-bf9e-3116b2652ee1,Types of logins,Connect to the Network and Access the Router > Types of logins,Connect to the Network and Access the Router,2,17,17,P1,1,1,1,1,963,963,241,241,0,4b269f0c-bdab-59bf-bacc-e6dc78440f81,4b269f0c-bdab-59bf-bacc-e6dc78440f81,4431ab7b-17f3-4bc6-8ee4-691efbcdfdeb:4b269f0c-bdab-59bf-bacc-e6dc78440f81,True,leaf outline with direct text candidate
4431ab7b-17f3-4bc6-8ee4-691efbcdfdeb:OUTLINE:6c616430b6a7ce87,4431ab7b-17f3-4bc6-8ee4-691efbcdfdeb:OUTLINE:6c616430b6a7ce87,4431ab7b-17f3-4bc6-8ee4-691efbcdfdeb,netgear-rbk852.pdf,RBK852,c64f09e2-a113-53b3-b95c-8c3ea3058d21,Router and satellite labels,Connect to the Network and Access the Router > Router and satellite labels,Connect to the Network and Access the Router,2,17,18,P1,1,1,1,1,299,299,75,75,0,1e6585d2-aff8-5f3a-b57a-35cbed0b439b,1e6585d2-aff8-5f3a-b57a-35cbed0b439b,4431ab7b-17f3-4bc6-8ee4-691efbcdfdeb:1e6585d2-aff8-5f3a-b57a-35cbed0b439b,True,leaf outline with direct text candidate
4431ab7b-17f3-4bc6-8ee4-691efbcdfdeb:OUTLINE:65d9802f8d5b48ae,4431ab7b-17f3-4bc6-8ee4-691efbcdfdeb:OUTLINE:65d9802f8d5b48ae,4431ab7b-17f3-4bc6-8ee4-691efbcdfdeb,netgear-rbk852.pdf,RBK852,a8cba50b-b490-5b0e-9aef-fc02e7d649ac,Set up and manage with the NETGEAR Orbi app,Connect to the Network and Access the Router > Set up and manage with the NETGEAR Orbi app,Connect to the Network and Access the Router,2,18,19,P1,1,1,1,1,961,961,241,241,0,32ea6e4a-769f-59fe-b6f4-cf80f2f02b85,32ea6e4a-769f-59fe-b6f4-cf80f2f02b85,4431ab7b-17f3-4bc6-8ee4-691efbcdfdeb:32ea6e4a-769f-59fe-b6f4-cf80f2f02b85,True,leaf outline with direct text candidate
4431ab7b-17f3-4bc6-8ee4-691efbcdfdeb:OUTLINE:8b1456cfb89d3fc6,4431ab7b-17f3-4bc6-8ee4-691efbcdfdeb:OUTLINE:8b1456cfb89d3fc6,4431ab7b-17f3-4bc6-8ee4-691efbcdfdeb,netgear-rbk852.pdf,RBK852,ba96c115-2e25-52f5-b2de-73e550eaa52f,Use the automatic Internet setup option,Connect to the Network and Access the Router > Use a web browser to access the router > Use the automatic Internet setup option,Connect to the Network and Access the Router > Use a web browser to access the router,3,19,20,P1,1,1,1,1,2792,2792,698,698,0,cdd46110-3d2a-5d6e-b1d5-62d87bc78850,cdd46110-3d2a-5d6e-b1d5-62d87bc78850,4431ab7b-17f3-4bc6-8ee4-691efbcdfdeb:cdd46110-3d2a-5d6e-b1d5-62d87bc78850,True,leaf outline with direct text candidate
4431ab7b-17f3-4bc6-8ee4-691efbcdfdeb:OUTLINE:c58f3745133ff957,4431ab7b-17f3-4bc6-8ee4-691efbcdfdeb:OUTLINE:c58f3745133ff957,4431ab7b-17f3-4bc6-8ee4-691efbcdfdeb,netgear-rbk852.pdf,RBK852,1a4b6991-f76f-54dc-be80-e4819dcef19f,Log in to the Orbi router web interface,Connect to the Network and Access the Router > Use a web browser to access the router > Log in to the Orbi router web interface,Connect to the Network and Access the Router > Use a web browser to access the router,3,20,21,P1,1,1,1,1,564,564,141,141,0,72143d38-7bf4-5797-8152-3b847b366180,72143d38-7bf4-5797-8152-3b847b366180,4431ab7b-17f3-4bc6-8ee4-691efbcdfdeb:72143d38-7bf4-5797-8152-3b847b366180,True,leaf outline with direct text candidate
4431ab7b-17f3-4bc6-8ee4-691efbcdfdeb:OUTLINE:45cb4eb30e732d61,4431ab7b-17f3-4bc6-8ee4-691efbcdfdeb:OUTLINE:45cb4eb30e732d61,4431ab7b-17f3-4bc6-8ee4-691efbcdfdeb,netgear-rbk852.pdf,RBK852,77998d34-c465-59db-9c30-4e9bdad47eb5,Change the language,Connect to the Network and Access the Router > Change the language,Connect to the Network and Access the Router,2,21,21,P1,1,1,1,1,633,633,159,159,0,772d57e6-1767-5152-8718-8612ee906265,772d57e6-1767-5152-8718-8612ee906265,4431ab7b-17f3-4bc6-8ee4-691efbcdfdeb:772d57e6-1767-5152-8718-8612ee906265,True,leaf outline with direct text candidate
4431ab7b-17f3-4bc6-8ee4-691efbcdfdeb:OUTLINE:5b2381d046a08bf8,4431ab7b-17f3-4bc6-8ee4-691efbcdfdeb:OUTLINE:5b2381d046a08bf8,4431ab7b-17f3-4bc6-8ee4-691efbcdfdeb,netgear-rbk852.pdf,RBK852,af5fd871-3a41-5d9d-965a-c935dd9cf55d,Manually set up the Internet connection,Specify Your Internet Settings > Manually set up the Internet connection,Specify Your Internet Settings,2,23,23,P1,1,1,1,1,65,65,17,17,0,4fc345fe-3acc-5522-87ca-7bb169893a82,4fc345fe-3acc-5522-87ca-7bb169893a82,4431ab7b-17f3-4bc6-8ee4-691efbcdfdeb:4fc345fe-3acc-5522-87ca-7bb169893a82,True,leaf outline with direct text candidate
4431ab7b-17f3-4bc6-8ee4-691efbcdfdeb:OUTLINE:be9bba780d9261c5,4431ab7b-17f3-4bc6-8ee4-691efbcdfdeb:OUTLINE:be9bba780d9261c5,4431ab7b-17f3-4bc6-8ee4-691efbcdfdeb,netgear-rbk852.pdf,RBK852,9b009343-6e9c-565b-aea1-3a521295e59c,Specify an Internet connection without a login,Specify Your Internet Settings > Specify an Internet connection without a login,Specify Your Internet Settings,2,23,24,P1,1,1,1,1,2781,2781,696,696,0,627af804-84c2-576e-8d6b-791f845151f7,627af804-84c2-576e-8d6b-791f845151f7,4431ab7b-17f3-4bc6-8ee4-691efbcdfdeb:627af804-84c2-576e-8d6b-791f845151f7,True,leaf outline with direct text candidate
4431ab7b-17f3-4bc6-8ee4-691efbcdfdeb:OUTLINE:dd38020313537c89,4431ab7b-17f3-4bc6-8ee4-691efbcdfdeb:OUTLINE:dd38020313537c89,4431ab7b-17f3-4bc6-8ee4-691efbcdfdeb,netgear-rbk852.pdf,RBK852,62618449-6cb1-5864-9646-544fbcf5cd77,Specify an Internet connection that uses a login,Specify Your Internet Settings > Specify an Internet connection that uses a login,Specify Your Internet Settings,2,25,26,P1,1,1,1,1,2879,2879,720,720,0,8d9a554a-454d-51b9-a983-73326d46fe14,8d9a554a-454d-51b9-a983-73326d46fe14,4431ab7b-17f3-4bc6-8ee4-691efbcdfdeb:8d9a554a-454d-51b9-a983-73326d46fe14,True,leaf outline with direct text candidate
4431ab7b-17f3-4bc6-8ee4-691efbcdfdeb:OUTLINE:fbf50a4e025956cb,4431ab7b-17f3-4bc6-8ee4-691efbcdfdeb:OUTLINE:fbf50a4e025956cb,4431ab7b-17f3-4bc6-8ee4-691efbcdfdeb,netgear-rbk852.pdf,RBK852,348693a1-ab43-579a-a519-274fe1d7abb2,Requirements for entering IPv6 addresses,Specify Your Internet Settings > Manage an IPv6 Internet connection > Requirements for entering IPv6 addresses,Specify Your Internet Settings > Manage an IPv6 Internet connection,3,27,27,P1,1,1,1,1,376,376,94,94,0,de3de3b9-79ad-5fbc-9db0-88299436c0c8,de3de3b9-79ad-5fbc-9db0-88299436c0c8,4431ab7b-17f3-4bc6-8ee4-691efbcdfdeb:de3de3b9-79ad-5fbc-9db0-88299436c0c8,True,leaf outline with direct text candidate
4431ab7b-17f3-4bc6-8ee4-691efbcdfdeb:OUTLINE:e0e51a7e3dee3e59,4431ab7b-17f3-4bc6-8ee4-691efbcdfdeb:OUTLINE:e0e51a7e3dee3e59,4431ab7b-17f3-4bc6-8ee4-691efbcdfdeb,netgear-rbk852.pdf,RBK852,0aa42224-a4b9-5fef-aaf0-35ba3acdc102,Specify IPv6 Internet connections,Specify Your Internet Settings > Manage an IPv6 Internet connection > Specify IPv6 Internet connections,Specify Your Internet Settings > Manage an IPv6 Internet connection,3,27,28,P1,1,1,1,1,1535,1535,384,384,0,bafbe93c-5d33-537b-82ee-2c89ca1550eb,bafbe93c-5d33-537b-82ee-2c89ca1550eb,4431ab7b-17f3-4bc6-8ee4-691efbcdfdeb:bafbe93c-5d33-537b-82ee-2c89ca1550eb,True,leaf outline with direct text candidate
4431ab7b-17f3-4bc6-8ee4-691efbcdfdeb:OUTLINE:17bb625aa7a8f62b,4431ab7b-17f3-4bc6-8ee4-691efbcdfdeb:OUTLINE:17bb625aa7a8f62b,4431ab7b-17f3-4bc6-8ee4-691efbcdfdeb,netgear-rbk852.pdf,RBK852,6ea5fb56-ee36-5fd2-a7de-4b71c0a83ce5,Use auto detection for an IPv6 Internet connection,Specify Your Internet Settings > Manage an IPv6 Internet connection > Use auto detection for an IPv6 Internet connection,Specify Your Internet Settings > Manage an IPv6 Internet connection,3,28,29,P1,1,1,1,1,2246,2246,562,562,0,351cc2c4-ce52-5178-939e-d495faac6f5a,351cc2c4-ce52-5178-939e-d495faac6f5a,4431ab7b-17f3-4bc6-8ee4-691efbcdfdeb:351cc2c4-ce52-5178-939e-d495faac6f5a,True,leaf outline with direct text candidate
4431ab7b-17f3-4bc6-8ee4-691efbcdfdeb:OUTLINE:23d2b59ecb136fea,4431ab7b-17f3-4bc6-8ee4-691efbcdfdeb:OUTLINE:23d2b59ecb136fea,4431ab7b-17f3-4bc6-8ee4-691efbcdfdeb,netgear-rbk852.pdf,RBK852,30cadc95-0624-5d6c-9518-580e13b469ad,Use auto configuration for an IPv6 Internet connection,Specify Your Internet Settings > Manage an IPv6 Internet connection > Use auto configuration for an IPv6 Internet connection,Specify Your Internet Settings > Manage an IPv6 Internet connection,3,29,31,P1,1,1,1,1,3124,3124,781,781,0,ca523430-b2ee-50b0-b804-729b4395c582,ca523430-b2ee-50b0-b804-729b4395c582,4431ab7b-17f3-4bc6-8ee4-691efbcdfdeb:ca523430-b2ee-50b0-b804-729b4395c582,True,leaf outline with direct text candidate
4431ab7b-17f3-4bc6-8ee4-691efbcdfdeb:OUTLINE:72a675bed11f195e,4431ab7b-17f3-4bc6-8ee4-691efbcdfdeb:OUTLINE:72a675bed11f195e,4431ab7b-17f3-4bc6-8ee4-691efbcdfdeb,netgear-rbk852.pdf,RBK852,a56112c1-9c8e-5d28-a4df-0616a8567aa8,Set up an IPv6 6to4 tunnel Internet connection,Specify Your Internet Settings > Manage an IPv6 Internet connection > Set up an IPv6 6to4 tunnel Internet connection,Specify Your Internet Settings > Manage an IPv6 Internet connection,3,31,32,P1,1,1,1,1,2740,2740,685,685,0,8b58b444-2465-58c5-9210-5c2a72f4638e,8b58b444-2465-58c5-9210-5c2a72f4638e,4431ab7b-17f3-4bc6-8ee4-691efbcdfdeb:8b58b444-2465-58c5-9210-5c2a72f4638e,True,leaf outline with direct text candidate
4431ab7b-17f3-4bc6-8ee4-691efbcdfdeb:OUTLINE:c9b32f49fa640629,4431ab7b-17f3-4bc6-8ee4-691efbcdfdeb:OUTLINE:c9b32f49fa640629,4431ab7b-17f3-4bc6-8ee4-691efbcdfdeb,netgear-rbk852.pdf,RBK852,26d4af3e-bad2-5ce1-8fec-308cf0c5ac2b,Set up an IPv6 6rd tunnel Internet connection,Specify Your Internet Settings > Manage an IPv6 Internet connection > Set up an IPv6 6rd tunnel Internet connection,Specify Your Internet Settings > Manage an IPv6 Internet connection,3,32,34,P1,1,1,1,1,3828,3828,957,957,0,7a601e85-9716-5735-af79-35db1ae9f323,7a601e85-9716-5735-af79-35db1ae9f323,4431ab7b-17f3-4bc6-8ee4-691efbcdfdeb:7a601e85-9716-5735-af79-35db1ae9f323,True,leaf outline with direct text candidate
4431ab7b-17f3-4bc6-8ee4-691efbcdfdeb:OUTLINE:b03d38ebcb448399,4431ab7b-17f3-4bc6-8ee4-691efbcdfdeb:OUTLINE:b03d38ebcb448399,4431ab7b-17f3-4bc6-8ee4-691efbcdfdeb,netgear-rbk852.pdf,RBK852,214ce45a-80be-52c6-a3ce-1693857c22ef,Set up an IPv6 pass-through Internet connection,Specify Your Internet Settings > Manage an IPv6 Internet connection > Set up an IPv6 pass-through Internet connection,Specify Your Internet Settings > Manage an IPv6 Internet connection,3,34,35,P2,1,1,1,1,856,856,214,214,0,3de0a7b0-7a67-5619-a4e9-7c92a91ba4b5,3de0a7b0-7a67-5619-a4e9-7c92a91ba4b5,4431ab7b-17f3-4bc6-8ee4-691efbcdfdeb:3de0a7b0-7a67-5619-a4e9-7c92a91ba4b5,True,leaf outline with direct text candidate
4431ab7b-17f3-4bc6-8ee4-691efbcdfdeb:OUTLINE:554aecb0652cef0c,4431ab7b-17f3-4bc6-8ee4-691efbcdfdeb:OUTLINE:554aecb0652cef0c,4431ab7b-17f3-4bc6-8ee4-691efbcdfdeb,netgear-rbk852.pdf,RBK852,a650bf29-fa51-560e-b7f5-fc64072e7564,Set up an IPv6 fixed Internet connection,Specify Your Internet Settings > Manage an IPv6 Internet connection > Set up an IPv6 fixed Internet connection,Specify Your Internet Settings > Manage an IPv6 Internet connection,3,35,36,P2,1,1,1,1,2099,2099,525,525,0,42cf4bf5-8d32-5756-8350-910c90ce079d,42cf4bf5-8d32-5756-8350-910c90ce079d,4431ab7b-17f3-4bc6-8ee4-691efbcdfdeb:42cf4bf5-8d32-5756-8350-910c90ce079d,True,leaf outline with direct text candidate
4431ab7b-17f3-4bc6-8ee4-691efbcdfdeb:OUTLINE:3625c80c7542aaec,4431ab7b-17f3-4bc6-8ee4-691efbcdfdeb:OUTLINE:3625c80c7542aaec,4431ab7b-17f3-4bc6-8ee4-691efbcdfdeb,netgear-rbk852.pdf,RBK852,5bbcd430-0f8e-5e10-872a-d9e6bbf05692,Set up an IPv6 DHCP Internet connection,Specify Your Internet Settings > Manage an IPv6 Internet connection > Set up an IPv6 DHCP Internet connection,Specify Your Internet Settings > Manage an IPv6 Internet connection,3,36,38,P2,1,1,1,1,3203,3203,801,801,0,43c0ab37-42a6-568c-a37f-e45b44aa0604,43c0ab37-42a6-568c-a37f-e45b44aa0604,4431ab7b-17f3-4bc6-8ee4-691efbcdfdeb:43c0ab37-42a6-568c-a37f-e45b44aa0604,True,leaf outline with direct text candidate
4431ab7b-17f3-4bc6-8ee4-691efbcdfdeb:OUTLINE:1903b33777805e3f,4431ab7b-17f3-4bc6-8ee4-691efbcdfdeb:OUTLINE:1903b33777805e3f,4431ab7b-17f3-4bc6-8ee4-691efbcdfdeb,netgear-rbk852.pdf,RBK852,61ed7712-2f33-5768-afdf-c33e751599be,Set up an IPv6 PPPoE Internet connection,Specify Your Internet Settings > Manage an IPv6 Internet connection > Set up an IPv6 PPPoE Internet connection,Specify Your Internet Settings > Manage an IPv6 Internet connection,3,38,40,P2,1,1,1,1,3525,3525,882,882,0,acfcfc10-9010-5a5e-9f6c-e4bbbf310479,acfcfc10-9010-5a5e-9f6c-e4bbbf310479,4431ab7b-17f3-4bc6-8ee4-691efbcdfdeb:acfcfc10-9010-5a5e-9f6c-e4bbbf310479,True,leaf outline with direct text candidate
4431ab7b-17f3-4bc6-8ee4-691efbcdfdeb:OUTLINE:3c29a1c75370222a,4431ab7b-17f3-4bc6-8ee4-691efbcdfdeb:OUTLINE:3c29a1c75370222a,4431ab7b-17f3-4bc6-8ee4-691efbcdfdeb,netgear-rbk852.pdf,RBK852,725be339-c275-5ebd-8fe1-2cba443b7197,Change the MTU size,Specify Your Internet Settings > Change the MTU size,Specify Your Internet Settings,2,40,41,P2,1,1,1,1,2598,2598,650,650,1,679a9435-2ea4-5333-aaf8-8b01616656b8,679a9435-2ea4-5333-aaf8-8b01616656b8,4431ab7b-17f3-4bc6-8ee4-691efbcdfdeb:679a9435-2ea4-5333-aaf8-8b01616656b8,True,leaf outline with direct text candidate
4431ab7b-17f3-4bc6-8ee4-691efbcdfdeb:OUTLINE:f41a53417684372e,4431ab7b-17f3-4bc6-8ee4-691efbcdfdeb:OUTLINE:f41a53417684372e,4431ab7b-17f3-4bc6-8ee4-691efbcdfdeb,netgear-rbk852.pdf,RBK852,30ac02b3-8ed1-532e-bbe9-19edd2e2881b,Manage NETGEAR Armor,Control Access to the Internet > Manage NETGEAR Armor,Control Access to the Internet,2,43,43,P2,1,1,1,1,636,636,159,159,0,65492b14-2c46-546a-a808-1df5e86daf97,65492b14-2c46-546a-a808-1df5e86daf97,4431ab7b-17f3-4bc6-8ee4-691efbcdfdeb:65492b14-2c46-546a-a808-1df5e86daf97,True,leaf outline with direct text candidate
4431ab7b-17f3-4bc6-8ee4-691efbcdfdeb:OUTLINE:548c0cbedd2a0e14,4431ab7b-17f3-4bc6-8ee4-691efbcdfdeb:OUTLINE:548c0cbedd2a0e14,4431ab7b-17f3-4bc6-8ee4-691efbcdfdeb,netgear-rbk852.pdf,RBK852,ddc02555-4c53-5a9a-9e1f-67a128e14b57,Allow or block access to your network,Control Access to the Internet > Allow or block access to your network,Control Access to the Internet,2,43,44,P2,1,1,1,1,2095,2095,524,524,0,411cec22-b854-5619-a013-edbc25f7754a,411cec22-b854-5619-a013-edbc25f7754a,4431ab7b-17f3-4bc6-8ee4-691efbcdfdeb:411cec22-b854-5619-a013-edbc25f7754a,True,leaf outline with direct text candidate
4431ab7b-17f3-4bc6-8ee4-691efbcdfdeb:OUTLINE:ec2ae08e64e94d95,4431ab7b-17f3-4bc6-8ee4-691efbcdfdeb:OUTLINE:ec2ae08e64e94d95,4431ab7b-17f3-4bc6-8ee4-691efbcdfdeb,netgear-rbk852.pdf,RBK852,d897ba8c-cc9f-5db6-a364-1973be0196a2,Manage network access control lists,Control Access to the Internet > Manage network access control lists,Control Access to the Internet,2,44,45,P2,1,1,1,1,1069,1069,268,268,0,d92828fc-264b-5edd-87a9-90ccb8c3ed50,d92828fc-264b-5edd-87a9-90ccb8c3ed50,4431ab7b-17f3-4bc6-8ee4-691efbcdfdeb:d92828fc-264b-5edd-87a9-90ccb8c3ed50,True,leaf outline with direct text candidate
4431ab7b-17f3-4bc6-8ee4-691efbcdfdeb:OUTLINE:9f1dfc9e9b4fb245,4431ab7b-17f3-4bc6-8ee4-691efbcdfdeb:OUTLINE:9f1dfc9e9b4fb245,4431ab7b-17f3-4bc6-8ee4-691efbcdfdeb,netgear-rbk852.pdf,RBK852,1354ddb6-701a-58d7-8909-6f270401473a,Use keywords to block Internet sites,Control Access to the Internet > Use keywords to block Internet sites,Control Access to the Internet,2,45,46,P2,1,1,1,1,1396,1396,349,349,0,f90bf28d-62cc-50b4-b862-0fe3943ef03c,f90bf28d-62cc-50b4-b862-0fe3943ef03c,4431ab7b-17f3-4bc6-8ee4-691efbcdfdeb:f90bf28d-62cc-50b4-b862-0fe3943ef03c,True,leaf outline with direct text candidate
4431ab7b-17f3-4bc6-8ee4-691efbcdfdeb:OUTLINE:ef0baf1def475415,4431ab7b-17f3-4bc6-8ee4-691efbcdfdeb:OUTLINE:ef0baf1def475415,4431ab7b-17f3-4bc6-8ee4-691efbcdfdeb,netgear-rbk852.pdf,RBK852,33bfd359-5919-5d27-998d-3d05bd542e20,Delete keywords that are used to block Internet sites,Control Access to the Internet > Delete keywords that are used to block Internet sites,Control Access to the Internet,2,46,47,P2,1,1,1,1,825,825,207,207,0,ad1184be-87ca-548e-9d44-390ae8d309d9,ad1184be-87ca-548e-9d44-390ae8d309d9,4431ab7b-17f3-4bc6-8ee4-691efbcdfdeb:ad1184be-87ca-548e-9d44-390ae8d309d9,True,leaf outline with direct text candidate
4431ab7b-17f3-4bc6-8ee4-691efbcdfdeb:OUTLINE:a357f787d7ed41f8,4431ab7b-17f3-4bc6-8ee4-691efbcdfdeb:OUTLINE:a357f787d7ed41f8,4431ab7b-17f3-4bc6-8ee4-691efbcdfdeb,netgear-rbk852.pdf,RBK852,97422873-e850-574a-a00b-c01a68968454,Avoid blocking on a trusted computer,Control Access to the Internet > Avoid blocking on a trusted computer,Control Access to the Internet,2,47,47,P2,1,1,1,1,959,959,240,240,0,a4b73755-0f4c-584f-92ca-6a8ce6ef85aa,a4b73755-0f4c-584f-92ca-6a8ce6ef85aa,4431ab7b-17f3-4bc6-8ee4-691efbcdfdeb:a4b73755-0f4c-584f-92ca-6a8ce6ef85aa,True,leaf outline with direct text candidate
4431ab7b-17f3-4bc6-8ee4-691efbcdfdeb:OUTLINE:b12cd4d72dd684c1,4431ab7b-17f3-4bc6-8ee4-691efbcdfdeb:OUTLINE:b12cd4d72dd684c1,4431ab7b-17f3-4bc6-8ee4-691efbcdfdeb,netgear-rbk852.pdf,RBK852,cf735581-99fb-5f99-9b39-c4e48e686914,Block services from the Internet,Control Access to the Internet > Block services from the Internet,Control Access to the Internet,2,47,49,P2,1,1,1,1,2078,2078,520,520,0,c997d040-95e9-56da-89a5-37053313a412,c997d040-95e9-56da-89a5-37053313a412,4431ab7b-17f3-4bc6-8ee4-691efbcdfdeb:c997d040-95e9-56da-89a5-37053313a412,True,leaf outline with direct text candidate
4431ab7b-17f3-4bc6-8ee4-691efbcdfdeb:OUTLINE:7da297be96c6f77d,4431ab7b-17f3-4bc6-8ee4-691efbcdfdeb:OUTLINE:7da297be96c6f77d,4431ab7b-17f3-4bc6-8ee4-691efbcdfdeb,netgear-rbk852.pdf,RBK852,fcd2d0af-87e5-545f-a29d-b47c4f1af9e8,Schedule when to block Internet sites and services,Control Access to the Internet > Schedule when to block Internet sites and services,Control Access to the Internet,2,49,49,P2,1,1,1,1,1112,1112,278,278,0,5aec1052-8f2e-5b4a-9938-6249e475c36b,5aec1052-8f2e-5b4a-9938-6249e475c36b,4431ab7b-17f3-4bc6-8ee4-691efbcdfdeb:5aec1052-8f2e-5b4a-9938-6249e475c36b,True,leaf outline with direct text candidate
4431ab7b-17f3-4bc6-8ee4-691efbcdfdeb:OUTLINE:2c0ec2920cd14051,4431ab7b-17f3-4bc6-8ee4-691efbcdfdeb:OUTLINE:2c0ec2920cd14051,4431ab7b-17f3-4bc6-8ee4-691efbcdfdeb,netgear-rbk852.pdf,RBK852,00613896-fc88-5311-a9a9-011143744c1e,Set up security event email notifications,Control Access to the Internet > Set up security event email notifications,Control Access to the Internet,2,49,51,P2,1,1,1,1,2423,2423,606,606,0,aee81160-3f45-597d-97ea-c7a1ad45d30a,aee81160-3f45-597d-97ea-c7a1ad45d30a,4431ab7b-17f3-4bc6-8ee4-691efbcdfdeb:aee81160-3f45-597d-97ea-c7a1ad45d30a,True,leaf outline with direct text candidate
4431ab7b-17f3-4bc6-8ee4-691efbcdfdeb:OUTLINE:e41ee00fcf3b28b6,4431ab7b-17f3-4bc6-8ee4-691efbcdfdeb:OUTLINE:e41ee00fcf3b28b6,4431ab7b-17f3-4bc6-8ee4-691efbcdfdeb,netgear-rbk852.pdf,RBK852,0450cc3c-bd42-559f-9557-bdf8b18670d7,About the WiFi networks,Specify WiFi Settings > About the WiFi networks,Specify WiFi Settings,2,53,53,P2,1,1,1,1,1706,1706,427,427,0,ba95c9cf-0dcf-5056-b7cd-709221690637,ba95c9cf-0dcf-5056-b7cd-709221690637,4431ab7b-17f3-4bc6-8ee4-691efbcdfdeb:ba95c9cf-0dcf-5056-b7cd-709221690637,True,leaf outline with direct text candidate
4431ab7b-17f3-4bc6-8ee4-691efbcdfdeb:OUTLINE:6eae6428de0a8f6f,4431ab7b-17f3-4bc6-8ee4-691efbcdfdeb:OUTLINE:6eae6428de0a8f6f,4431ab7b-17f3-4bc6-8ee4-691efbcdfdeb,netgear-rbk852.pdf,RBK852,029b3642-d253-52b6-84d5-f83a029e81dc,Enable or disable the AX feature for the 2.4 GHz or 5 GHz radio band,Specify WiFi Settings > Manage the settings for the main WiFi network > Enable or disable the AX feature for the 2.4 GHz or 5 GHz radio band,Specify WiFi Settings > Manage the settings for the main WiFi network,3,54,55,P2,1,1,1,1,1658,1658,415,415,0,218331d1-da68-5964-98f2-0a46944ee1bc,218331d1-da68-5964-98f2-0a46944ee1bc,4431ab7b-17f3-4bc6-8ee4-691efbcdfdeb:218331d1-da68-5964-98f2-0a46944ee1bc,True,leaf outline with direct text candidate
4431ab7b-17f3-4bc6-8ee4-691efbcdfdeb:OUTLINE:2db59fb16e716378,4431ab7b-17f3-4bc6-8ee4-691efbcdfdeb:OUTLINE:2db59fb16e716378,4431ab7b-17f3-4bc6-8ee4-691efbcdfdeb,netgear-rbk852.pdf,RBK852,7f84848f-47f7-5d80-b978-a745c58834fc,Change the name of the main WiFi network,Specify WiFi Settings > Manage the settings for the main WiFi network > Change the name of the main WiFi network,Specify WiFi Settings > Manage the settings for the main WiFi network,3,55,55,P2,1,1,1,1,985,985,247,247,0,b6421477-e814-5a97-a650-b75a8ab74c24,b6421477-e814-5a97-a650-b75a8ab74c24,4431ab7b-17f3-4bc6-8ee4-691efbcdfdeb:b6421477-e814-5a97-a650-b75a8ab74c24,True,leaf outline with direct text candidate
4431ab7b-17f3-4bc6-8ee4-691efbcdfdeb:OUTLINE:64a57c00f42311de,4431ab7b-17f3-4bc6-8ee4-691efbcdfdeb:OUTLINE:64a57c00f42311de,4431ab7b-17f3-4bc6-8ee4-691efbcdfdeb,netgear-rbk852.pdf,RBK852,1cd18c9e-0e8d-5f54-9ddf-553988a40608,Change the 2.4 GHz or 5 GHz WiFi channel,Specify WiFi Settings > Manage the settings for the main WiFi network > Change the 2.4 GHz or 5 GHz WiFi channel,Specify WiFi Settings > Manage the settings for the main WiFi network,3,55,56,P2,1,1,1,1,1474,1474,369,369,0,b2ec11a9-18a8-5c34-b212-f9f7e63561f7,b2ec11a9-18a8-5c34-b212-f9f7e63561f7,4431ab7b-17f3-4bc6-8ee4-691efbcdfdeb:b2ec11a9-18a8-5c34-b212-f9f7e63561f7,True,leaf outline with direct text candidate
4431ab7b-17f3-4bc6-8ee4-691efbcdfdeb:OUTLINE:860691a3c9347b9b,4431ab7b-17f3-4bc6-8ee4-691efbcdfdeb:OUTLINE:860691a3c9347b9b,4431ab7b-17f3-4bc6-8ee4-691efbcdfdeb,netgear-rbk852.pdf,RBK852,04334e4f-915f-599a-b4bb-f9904b943834,Change the WiFi password or security option for the main WiFi network,Specify WiFi Settings > Manage the settings for the main WiFi network > Change the WiFi password or security option for the main WiFi network,Specify WiFi Settings > Manage the settings for the main WiFi network,3,56,57,P2,1,1,1,1,1587,1587,397,397,0,bccc6437-631f-5a71-a4d1-8a4328b7235b,bccc6437-631f-5a71-a4d1-8a4328b7235b,4431ab7b-17f3-4bc6-8ee4-691efbcdfdeb:bccc6437-631f-5a71-a4d1-8a4328b7235b,True,leaf outline with direct text candidate
4431ab7b-17f3-4bc6-8ee4-691efbcdfdeb:OUTLINE:614e106a9ee8f477,4431ab7b-17f3-4bc6-8ee4-691efbcdfdeb:OUTLINE:614e106a9ee8f477,4431ab7b-17f3-4bc6-8ee4-691efbcdfdeb,netgear-rbk852.pdf,RBK852,26933e88-a330-5c9f-9ff4-784434ce4f26,Enable or disable the IoT network,Specify WiFi Settings > Manage the IoT WiFi settings > Enable or disable the IoT network,Specify WiFi Settings > Manage the IoT WiFi settings,3,58,58,P2,1,1,1,1,722,722,181,181,0,8266d268-3f72-5814-a110-1ebd6e0320eb,8266d268-3f72-5814-a110-1ebd6e0320eb,4431ab7b-17f3-4bc6-8ee4-691efbcdfdeb:8266d268-3f72-5814-a110-1ebd6e0320eb,True,leaf outline with direct text candidate
4431ab7b-17f3-4bc6-8ee4-691efbcdfdeb:OUTLINE:c209228a037fcbf7,4431ab7b-17f3-4bc6-8ee4-691efbcdfdeb:OUTLINE:c209228a037fcbf7,4431ab7b-17f3-4bc6-8ee4-691efbcdfdeb,netgear-rbk852.pdf,RBK852,7b86054b-1f3b-58dd-bb16-8eb20c0e5fc9,Change the WiFi radio band for the IoT network,Specify WiFi Settings > Manage the IoT WiFi settings > Change the WiFi radio band for the IoT network,Specify WiFi Settings > Manage the IoT WiFi settings,3,58,59,P2,1,1,1,1,686,686,172,172,0,d58d35ef-dc71-589c-9d67-019d52e7cdf9,d58d35ef-dc71-589c-9d67-019d52e7cdf9,4431ab7b-17f3-4bc6-8ee4-691efbcdfdeb:d58d35ef-dc71-589c-9d67-019d52e7cdf9,True,leaf outline with direct text candidate
4431ab7b-17f3-4bc6-8ee4-691efbcdfdeb:OUTLINE:ad5bd3b0ace40730,4431ab7b-17f3-4bc6-8ee4-691efbcdfdeb:OUTLINE:ad5bd3b0ace40730,4431ab7b-17f3-4bc6-8ee4-691efbcdfdeb,netgear-rbk852.pdf,RBK852,a0698ad2-cc2b-5cfc-b911-9e966d2d4a74,Change the WiFi network name for the IoT network,Specify WiFi Settings > Manage the IoT WiFi settings > Change the WiFi network name for the IoT network,Specify WiFi Settings > Manage the IoT WiFi settings,3,59,59,P2,1,1,1,1,922,922,231,231,0,dda5769f-cce0-5e9c-97f5-9bc2205a9adb,dda5769f-cce0-5e9c-97f5-9bc2205a9adb,4431ab7b-17f3-4bc6-8ee4-691efbcdfdeb:dda5769f-cce0-5e9c-97f5-9bc2205a9adb,True,leaf outline with direct text candidate
4431ab7b-17f3-4bc6-8ee4-691efbcdfdeb:OUTLINE:74f7241e9af5835b,4431ab7b-17f3-4bc6-8ee4-691efbcdfdeb:OUTLINE:74f7241e9af5835b,4431ab7b-17f3-4bc6-8ee4-691efbcdfdeb,netgear-rbk852.pdf,RBK852,dead0571-776b-5204-990a-5f3d4270ff27,Change the WiFi password or security option for the IoT network,Specify WiFi Settings > Manage the IoT WiFi settings > Change the WiFi password or security option for the IoT network,Specify WiFi Settings > Manage the IoT WiFi settings,3,60,60,P2,1,1,1,1,941,941,236,236,0,aaa3bcc0-7ffc-5103-9599-ebb0db960e00,aaa3bcc0-7ffc-5103-9599-ebb0db960e00,4431ab7b-17f3-4bc6-8ee4-691efbcdfdeb:aaa3bcc0-7ffc-5103-9599-ebb0db960e00,True,leaf outline with direct text candidate
4431ab7b-17f3-4bc6-8ee4-691efbcdfdeb:OUTLINE:f26e82bed25076a2,4431ab7b-17f3-4bc6-8ee4-691efbcdfdeb:OUTLINE:f26e82bed25076a2,4431ab7b-17f3-4bc6-8ee4-691efbcdfdeb,netgear-rbk852.pdf,RBK852,b4f4e6b3-6729-5ba7-97f0-be6ba8a9d2de,Set up a guest WiFi network,Specify WiFi Settings > Set up a guest WiFi network,Specify WiFi Settings,2,60,61,P2,1,1,1,1,1765,1765,442,442,0,63e8922d-56f2-5005-9848-51443f4b78ce,63e8922d-56f2-5005-9848-51443f4b78ce,4431ab7b-17f3-4bc6-8ee4-691efbcdfdeb:63e8922d-56f2-5005-9848-51443f4b78ce,True,leaf outline with direct text candidate
4431ab7b-17f3-4bc6-8ee4-691efbcdfdeb:OUTLINE:780679cebc8f137f,4431ab7b-17f3-4bc6-8ee4-691efbcdfdeb:OUTLINE:780679cebc8f137f,4431ab7b-17f3-4bc6-8ee4-691efbcdfdeb,netgear-rbk852.pdf,RBK852,ad9c921d-72ae-50a3-9c27-18a0ba7b713a,Change your region,Specify WiFi Settings > Change your region,Specify WiFi Settings,2,62,62,P2,1,1,1,1,662,662,166,166,0,3960f877-34c1-5979-8ce2-6d57fd88749d,3960f877-34c1-5979-8ce2-6d57fd88749d,4431ab7b-17f3-4bc6-8ee4-691efbcdfdeb:3960f877-34c1-5979-8ce2-6d57fd88749d,True,leaf outline with direct text candidate
4431ab7b-17f3-4bc6-8ee4-691efbcdfdeb:OUTLINE:fa4fbac7546274fd,4431ab7b-17f3-4bc6-8ee4-691efbcdfdeb:OUTLINE:fa4fbac7546274fd,4431ab7b-17f3-4bc6-8ee4-691efbcdfdeb,netgear-rbk852.pdf,RBK852,d7c0ab2b-a7b5-5813-9744-3cd5d48e61ad,Enable or disable 20/40 MHz coexistence for the 2.4 GHz radio,Specify WiFi Settings > Enable or disable 20/40 MHz coexistence for the 2.4 GHz radio,Specify WiFi Settings,2,62,63,P2,1,1,1,1,1489,1489,373,373,0,fa00accf-2a15-57ba-be3a-d2d8082cf781,fa00accf-2a15-57ba-be3a-d2d8082cf781,4431ab7b-17f3-4bc6-8ee4-691efbcdfdeb:fa00accf-2a15-57ba-be3a-d2d8082cf781,True,leaf outline with direct text candidate
4431ab7b-17f3-4bc6-8ee4-691efbcdfdeb:OUTLINE:ba099bab0db7f471,4431ab7b-17f3-4bc6-8ee4-691efbcdfdeb:OUTLINE:ba099bab0db7f471,4431ab7b-17f3-4bc6-8ee4-691efbcdfdeb,netgear-rbk852.pdf,RBK852,00a9d83c-ca4b-5974-ad3f-dc1087f67aa3,Change the preamble mode for a radio,Specify WiFi Settings > Change the preamble mode for a radio,Specify WiFi Settings,2,63,64,P2,1,1,1,1,1425,1425,357,357,0,a9ede3c4-e5db-51a1-b0a6-5dc8de89f685,a9ede3c4-e5db-51a1-b0a6-5dc8de89f685,4431ab7b-17f3-4bc6-8ee4-691efbcdfdeb:a9ede3c4-e5db-51a1-b0a6-5dc8de89f685,True,leaf outline with direct text candidate
4431ab7b-17f3-4bc6-8ee4-691efbcdfdeb:OUTLINE:77f3c6a0fa8b17fe,4431ab7b-17f3-4bc6-8ee4-691efbcdfdeb:OUTLINE:77f3c6a0fa8b17fe,4431ab7b-17f3-4bc6-8ee4-691efbcdfdeb,netgear-rbk852.pdf,RBK852,1959bc78-893a-5796-bf2a-790997834ceb,Change the radio transmission power control,Specify WiFi Settings > Change the radio transmission power control,Specify WiFi Settings,2,64,65,P2,1,1,1,1,1128,1128,282,282,0,de1f6347-ca49-5e04-b7c4-539261fa4887,de1f6347-ca49-5e04-b7c4-539261fa4887,4431ab7b-17f3-4bc6-8ee4-691efbcdfdeb:de1f6347-ca49-5e04-b7c4-539261fa4887,True,leaf outline with direct text candidate
4431ab7b-17f3-4bc6-8ee4-691efbcdfdeb:OUTLINE:8a7e26d29b24a23c,4431ab7b-17f3-4bc6-8ee4-691efbcdfdeb:OUTLINE:8a7e26d29b24a23c,4431ab7b-17f3-4bc6-8ee4-691efbcdfdeb,netgear-rbk852.pdf,RBK852,19e666ac-466a-5e3f-aaf9-23730e90d325,View or change WAN settings,Specify Network Settings > View or change WAN settings,Specify Network Settings,2,67,68,P3,1,1,1,1,2656,2656,664,664,0,9de00879-0e9f-519d-b2d2-c86f37c35acc,9de00879-0e9f-519d-b2d2-c86f37c35acc,4431ab7b-17f3-4bc6-8ee4-691efbcdfdeb:9de00879-0e9f-519d-b2d2-c86f37c35acc,True,leaf outline with direct text candidate
4431ab7b-17f3-4bc6-8ee4-691efbcdfdeb:OUTLINE:55fef29c1f4c52fd,4431ab7b-17f3-4bc6-8ee4-691efbcdfdeb:OUTLINE:55fef29c1f4c52fd,4431ab7b-17f3-4bc6-8ee4-691efbcdfdeb,netgear-rbk852.pdf,RBK852,b3aa65ef-29bd-5398-a413-e7b3c37fa83d,Set up Internet port aggregation for Orbi router model RBR860,Specify Network Settings > Manage the WAN preference for Orbi router model RBR860 > Set up Internet port aggregation for Orbi router model RBR860,Specify Network Settings > Manage the WAN preference for Orbi router model RBR860,3,68,69,P3,1,1,1,1,1405,1405,352,352,0,a6546993-1d1a-5eb2-b616-d7c4995490a6,a6546993-1d1a-5eb2-b616-d7c4995490a6,4431ab7b-17f3-4bc6-8ee4-691efbcdfdeb:a6546993-1d1a-5eb2-b616-d7c4995490a6,True,leaf outline with direct text candidate
4431ab7b-17f3-4bc6-8ee4-691efbcdfdeb:OUTLINE:d10e34e5346ddf76,4431ab7b-17f3-4bc6-8ee4-691efbcdfdeb:OUTLINE:d10e34e5346ddf76,4431ab7b-17f3-4bc6-8ee4-691efbcdfdeb,netgear-rbk852.pdf,RBK852,3fcf203a-8483-5812-b3cc-5f86ec963d78,Change the WAN preference back to the Internet port for Orbi router model RBR860,Specify Network Settings > Manage the WAN preference for Orbi router model RBR860 > Change the WAN preference back to the Internet port for Orbi router model RBR860,Specify Network Settings > Manage the WAN preference for Orbi router model RBR860,3,69,70,P3,1,1,1,1,894,894,224,224,0,6bb5767a-39e9-5a45-9bab-e7b9f978ef05,6bb5767a-39e9-5a45-9bab-e7b9f978ef05,4431ab7b-17f3-4bc6-8ee4-691efbcdfdeb:6bb5767a-39e9-5a45-9bab-e7b9f978ef05,True,leaf outline with direct text candidate
4431ab7b-17f3-4bc6-8ee4-691efbcdfdeb:OUTLINE:de8d8fe5e40e046c,4431ab7b-17f3-4bc6-8ee4-691efbcdfdeb:OUTLINE:de8d8fe5e40e046c,4431ab7b-17f3-4bc6-8ee4-691efbcdfdeb,netgear-rbk852.pdf,RBK852,5c75affc-3be5-5ab7-996c-3611d7eca52e,Set up Internet port aggregation for Orbi router model RBR850 or RBR840,Specify Network Settings > Manage the WAN preference for Orbi router model RBR850 or RBR840 > Set up Internet port aggregation for Orbi router model RBR850 or RBR840,Specify Network Settings > Manage the WAN preference for Orbi router model RBR850 or RBR840,3,70,71,P3,1,1,1,1,1421,1421,356,356,0,2aed92ac-64e9-59e8-8825-a47d618d0122,2aed92ac-64e9-59e8-8825-a47d618d0122,4431ab7b-17f3-4bc6-8ee4-691efbcdfdeb:2aed92ac-64e9-59e8-8825-a47d618d0122,True,leaf outline with direct text candidate
4431ab7b-17f3-4bc6-8ee4-691efbcdfdeb:OUTLINE:cff6903d64d66f2d,4431ab7b-17f3-4bc6-8ee4-691efbcdfdeb:OUTLINE:cff6903d64d66f2d,4431ab7b-17f3-4bc6-8ee4-691efbcdfdeb,netgear-rbk852.pdf,RBK852,752024ef-d587-5c9d-90b6-42ab5dddc015,Change the WAN preference back to the Internet port for Orbi router model RBR850 or RBR840,Specify Network Settings > Manage the WAN preference for Orbi router model RBR850 or RBR840 > Change the WAN preference back to the Internet port for Orbi router model RBR850 or RBR840,Specify Network Settings > Manage the WAN preference for Orbi router model RBR850 or RBR840,3,71,72,P3,1,1,1,1,915,915,229,229,0,a0634809-09b7-5d0d-a666-16b4df7028fc,a0634809-09b7-5d0d-a666-16b4df7028fc,4431ab7b-17f3-4bc6-8ee4-691efbcdfdeb:a0634809-09b7-5d0d-a666-16b4df7028fc,True,leaf outline with direct text candidate
4431ab7b-17f3-4bc6-8ee4-691efbcdfdeb:OUTLINE:80822496646748f4,4431ab7b-17f3-4bc6-8ee4-691efbcdfdeb:OUTLINE:80822496646748f4,4431ab7b-17f3-4bc6-8ee4-691efbcdfdeb,netgear-rbk852.pdf,RBK852,b08e62a0-1243-5e18-8475-b4374939d57c,Set up a new Dynamic DNS account,Specify Network Settings > Manage Dynamic DNS > Set up a new Dynamic DNS account,Specify Network Settings > Manage Dynamic DNS,3,72,73,P3,1,1,1,1,1445,1445,362,362,0,b1617d07-e5e0-5fc0-9892-d8f13a487959,b1617d07-e5e0-5fc0-9892-d8f13a487959,4431ab7b-17f3-4bc6-8ee4-691efbcdfdeb:b1617d07-e5e0-5fc0-9892-d8f13a487959,True,leaf outline with direct text candidate
4431ab7b-17f3-4bc6-8ee4-691efbcdfdeb:OUTLINE:7a315fa82ad7ce50,4431ab7b-17f3-4bc6-8ee4-691efbcdfdeb:OUTLINE:7a315fa82ad7ce50,4431ab7b-17f3-4bc6-8ee4-691efbcdfdeb,netgear-rbk852.pdf,RBK852,7877b27c-c7b6-5078-9ff1-5e99699affe3,Specify a Dynamic DNS account that you already created,Specify Network Settings > Manage Dynamic DNS > Specify a Dynamic DNS account that you already created,Specify Network Settings > Manage Dynamic DNS,3,73,74,P3,1,1,1,1,1473,1473,369,369,0,c30f0db6-35c0-5ee8-9c19-5f2194da6330,c30f0db6-35c0-5ee8-9c19-5f2194da6330,4431ab7b-17f3-4bc6-8ee4-691efbcdfdeb:c30f0db6-35c0-5ee8-9c19-5f2194da6330,True,leaf outline with direct text candidate
4431ab7b-17f3-4bc6-8ee4-691efbcdfdeb:OUTLINE:047d11c46416c6dc,4431ab7b-17f3-4bc6-8ee4-691efbcdfdeb:OUTLINE:047d11c46416c6dc,4431ab7b-17f3-4bc6-8ee4-691efbcdfdeb,netgear-rbk852.pdf,RBK852,e9b9e240-caaa-57c9-855a-ccfcec2538aa,Change the Dynamic DNS settings,Specify Network Settings > Manage Dynamic DNS > Change the Dynamic DNS settings,Specify Network Settings > Manage Dynamic DNS,3,74,74,P3,1,1,1,1,588,588,147,147,0,79d154f0-c49f-5ae7-8654-a93d05187f3c,79d154f0-c49f-5ae7-8654-a93d05187f3c,4431ab7b-17f3-4bc6-8ee4-691efbcdfdeb:79d154f0-c49f-5ae7-8654-a93d05187f3c,True,leaf outline with direct text candidate
4431ab7b-17f3-4bc6-8ee4-691efbcdfdeb:OUTLINE:4e33d99a76f7ae40,4431ab7b-17f3-4bc6-8ee4-691efbcdfdeb:OUTLINE:4e33d99a76f7ae40,4431ab7b-17f3-4bc6-8ee4-691efbcdfdeb,netgear-rbk852.pdf,RBK852,cb22c320-d690-5271-9b45-79787d61d02d,Set up a default DMZ server,Specify Network Settings > Set up a default DMZ server,Specify Network Settings,2,75,75,P3,1,1,1,1,1718,1718,430,430,0,67b80676-c2dc-58f5-adc0-194f73c1a328,67b80676-c2dc-58f5-adc0-194f73c1a328,4431ab7b-17f3-4bc6-8ee4-691efbcdfdeb:67b80676-c2dc-58f5-adc0-194f73c1a328,True,leaf outline with direct text candidate
4431ab7b-17f3-4bc6-8ee4-691efbcdfdeb:OUTLINE:8c1c71492816dd4c,4431ab7b-17f3-4bc6-8ee4-691efbcdfdeb:OUTLINE:8c1c71492816dd4c,4431ab7b-17f3-4bc6-8ee4-691efbcdfdeb,netgear-rbk852.pdf,RBK852,4a86e4a9-d62f-59b6-80de-f82cc8b41a35,Change the router’s device name,Specify Network Settings > Change the router’s device name,Specify Network Settings,2,76,76,P3,1,1,1,1,715,715,179,179,0,52486b49-6e71-5eef-b90e-e502ac96b327,52486b49-6e71-5eef-b90e-e502ac96b327,4431ab7b-17f3-4bc6-8ee4-691efbcdfdeb:52486b49-6e71-5eef-b90e-e502ac96b327,True,leaf outline with direct text candidate
4431ab7b-17f3-4bc6-8ee4-691efbcdfdeb:OUTLINE:fcb3bfbd33526deb,4431ab7b-17f3-4bc6-8ee4-691efbcdfdeb:OUTLINE:fcb3bfbd33526deb,4431ab7b-17f3-4bc6-8ee4-691efbcdfdeb,netgear-rbk852.pdf,RBK852,ab3bb43f-3f8a-546e-bb81-7dc4a7c6df48,Change the LAN TCP/IP settings,Specify Network Settings > Change the LAN TCP/IP settings,Specify Network Settings,2,76,78,P3,1,1,1,1,2483,2483,621,621,0,575689e2-78a2-51c0-b2e0-0c19125921d5,575689e2-78a2-51c0-b2e0-0c19125921d5,4431ab7b-17f3-4bc6-8ee4-691efbcdfdeb:575689e2-78a2-51c0-b2e0-0c19125921d5,True,leaf outline with direct text candidate
4431ab7b-17f3-4bc6-8ee4-691efbcdfdeb:OUTLINE:1ec6d08700a03870,4431ab7b-17f3-4bc6-8ee4-691efbcdfdeb:OUTLINE:1ec6d08700a03870,4431ab7b-17f3-4bc6-8ee4-691efbcdfdeb,netgear-rbk852.pdf,RBK852,60857751-75f0-5164-839d-a351b1db59e9,Use the router as a DHCP server,Specify Network Settings > Use the router as a DHCP server,Specify Network Settings,2,78,79,P3,1,1,1,1,1932,1932,483,483,0,f9f50b33-356f-5fdf-9fd6-6d4a2158cf0b,f9f50b33-356f-5fdf-9fd6-6d4a2158cf0b,4431ab7b-17f3-4bc6-8ee4-691efbcdfdeb:f9f50b33-356f-5fdf-9fd6-6d4a2158cf0b,True,leaf outline with direct text candidate
4431ab7b-17f3-4bc6-8ee4-691efbcdfdeb:OUTLINE:90d92ed823f63d37,4431ab7b-17f3-4bc6-8ee4-691efbcdfdeb:OUTLINE:90d92ed823f63d37,4431ab7b-17f3-4bc6-8ee4-691efbcdfdeb,netgear-rbk852.pdf,RBK852,78c06ca6-c09d-523b-84d7-828908195418,Disable the DHCP server feature in the router,Specify Network Settings > Disable the DHCP server feature in the router,Specify Network Settings,2,79,79,P3,1,1,1,1,1086,1086,272,272,0,4f4c9cfe-02d5-545c-b5ca-245dfcddcfda,4f4c9cfe-02d5-545c-b5ca-245dfcddcfda,4431ab7b-17f3-4bc6-8ee4-691efbcdfdeb:4f4c9cfe-02d5-545c-b5ca-245dfcddcfda,True,leaf outline with direct text candidate
4431ab7b-17f3-4bc6-8ee4-691efbcdfdeb:OUTLINE:efef389a5806b654,4431ab7b-17f3-4bc6-8ee4-691efbcdfdeb:OUTLINE:efef389a5806b654,4431ab7b-17f3-4bc6-8ee4-691efbcdfdeb,netgear-rbk852.pdf,RBK852,e1320e7a-6883-52a2-940e-8552d8b9f369,Reserve an IP address,Specify Network Settings > Manage reserved LAN IP addresses > Reserve an IP address,Specify Network Settings > Manage reserved LAN IP addresses,3,80,80,P3,1,1,1,1,1193,1193,299,299,0,6fffc010-e819-5df4-afea-07c794994b15,6fffc010-e819-5df4-afea-07c794994b15,4431ab7b-17f3-4bc6-8ee4-691efbcdfdeb:6fffc010-e819-5df4-afea-07c794994b15,True,leaf outline with direct text candidate
4431ab7b-17f3-4bc6-8ee4-691efbcdfdeb:OUTLINE:e28b428ac4db879a,4431ab7b-17f3-4bc6-8ee4-691efbcdfdeb:OUTLINE:e28b428ac4db879a,4431ab7b-17f3-4bc6-8ee4-691efbcdfdeb,netgear-rbk852.pdf,RBK852,3eae73cd-212f-51bc-9816-f756b80ccf63,Edit a reserved IP address,Specify Network Settings > Manage reserved LAN IP addresses > Edit a reserved IP address,Specify Network Settings > Manage reserved LAN IP addresses,3,81,81,P3,1,1,1,1,689,689,173,173,0,6e8e4e2a-c49a-564e-b457-86acb790ebb3,6e8e4e2a-c49a-564e-b457-86acb790ebb3,4431ab7b-17f3-4bc6-8ee4-691efbcdfdeb:6e8e4e2a-c49a-564e-b457-86acb790ebb3,True,leaf outline with direct text candidate
4431ab7b-17f3-4bc6-8ee4-691efbcdfdeb:OUTLINE:958d9f3153efc3dc,4431ab7b-17f3-4bc6-8ee4-691efbcdfdeb:OUTLINE:958d9f3153efc3dc,4431ab7b-17f3-4bc6-8ee4-691efbcdfdeb,netgear-rbk852.pdf,RBK852,0e6e0b38-b8e3-5f24-851b-0abdc3f68a6a,Delete a reserved IP address entry,Specify Network Settings > Manage reserved LAN IP addresses > Delete a reserved IP address entry,Specify Network Settings > Manage reserved LAN IP addresses,3,81,82,P3,1,1,1,1,598,598,150,150,0,f6897ea7-d591-5bd3-beb4-d064b920a2a9,f6897ea7-d591-5bd3-beb4-d064b920a2a9,4431ab7b-17f3-4bc6-8ee4-691efbcdfdeb:f6897ea7-d591-5bd3-beb4-d064b920a2a9,True,leaf outline with direct text candidate
4431ab7b-17f3-4bc6-8ee4-691efbcdfdeb:OUTLINE:2a664108b43fe7f3,4431ab7b-17f3-4bc6-8ee4-691efbcdfdeb:OUTLINE:2a664108b43fe7f3,4431ab7b-17f3-4bc6-8ee4-691efbcdfdeb,netgear-rbk852.pdf,RBK852,18318c50-fee6-5c93-b20f-7a97a0b73c08,Set up a static route,Specify Network Settings > Manage custom static routes > Set up a static route,Specify Network Settings > Manage custom static routes,3,82,83,P3,1,1,1,1,1330,1330,333,333,0,83b0f8da-6afa-5070-9d44-c12b3b247e8b,83b0f8da-6afa-5070-9d44-c12b3b247e8b,4431ab7b-17f3-4bc6-8ee4-691efbcdfdeb:83b0f8da-6afa-5070-9d44-c12b3b247e8b,True,leaf outline with direct text candidate
4431ab7b-17f3-4bc6-8ee4-691efbcdfdeb:OUTLINE:914de1516661bc20,4431ab7b-17f3-4bc6-8ee4-691efbcdfdeb:OUTLINE:914de1516661bc20,4431ab7b-17f3-4bc6-8ee4-691efbcdfdeb,netgear-rbk852.pdf,RBK852,2631ed4b-f75b-5ee2-8980-7b4f84ce7c42,Edit a static route,Specify Network Settings > Manage custom static routes > Edit a static route,Specify Network Settings > Manage custom static routes,3,83,84,P3,1,1,1,1,689,689,173,173,0,bcde749f-5dee-5203-b990-17e802961c01,bcde749f-5dee-5203-b990-17e802961c01,4431ab7b-17f3-4bc6-8ee4-691efbcdfdeb:bcde749f-5dee-5203-b990-17e802961c01,True,leaf outline with direct text candidate
4431ab7b-17f3-4bc6-8ee4-691efbcdfdeb:OUTLINE:315bcdf7baabc836,4431ab7b-17f3-4bc6-8ee4-691efbcdfdeb:OUTLINE:315bcdf7baabc836,4431ab7b-17f3-4bc6-8ee4-691efbcdfdeb,netgear-rbk852.pdf,RBK852,8e6f2a8f-89a1-53e2-8177-7958ad38baa4,Delete a static route,Specify Network Settings > Manage custom static routes > Delete a static route,Specify Network Settings > Manage custom static routes,3,84,84,P3,1,1,1,1,611,611,153,153,0,16184fa6-ce9e-5596-becc-e3785258d1df,16184fa6-ce9e-5596-becc-e3785258d1df,4431ab7b-17f3-4bc6-8ee4-691efbcdfdeb:16184fa6-ce9e-5596-becc-e3785258d1df,True,leaf outline with direct text candidate
4431ab7b-17f3-4bc6-8ee4-691efbcdfdeb:OUTLINE:a0e650c98d3ae86a,4431ab7b-17f3-4bc6-8ee4-691efbcdfdeb:OUTLINE:a0e650c98d3ae86a,4431ab7b-17f3-4bc6-8ee4-691efbcdfdeb,netgear-rbk852.pdf,RBK852,8c91a8a4-6533-530b-a21e-c95c340c997e,Use the router as a WiFi access point only,Specify Network Settings > Use the router as a WiFi access point only,Specify Network Settings,2,85,86,P3,1,1,1,1,2119,2119,530,530,0,cf928d54-f5fe-55e1-bce7-a3f9407ad20c,cf928d54-f5fe-55e1-bce7-a3f9407ad20c,4431ab7b-17f3-4bc6-8ee4-691efbcdfdeb:cf928d54-f5fe-55e1-bce7-a3f9407ad20c,True,leaf outline with direct text candidate
4431ab7b-17f3-4bc6-8ee4-691efbcdfdeb:OUTLINE:9ab84b7ba5e66137,4431ab7b-17f3-4bc6-8ee4-691efbcdfdeb:OUTLINE:9ab84b7ba5e66137,4431ab7b-17f3-4bc6-8ee4-691efbcdfdeb,netgear-rbk852.pdf,RBK852,4d49bb8f-792f-56fe-b48c-4f7b06a69593,Set up router mode,Specify Network Settings > Set up router mode,Specify Network Settings,2,86,86,P3,1,1,1,1,718,718,180,180,0,8cba31bb-070b-5748-989c-1a71101682ae,8cba31bb-070b-5748-989c-1a71101682ae,4431ab7b-17f3-4bc6-8ee4-691efbcdfdeb:8cba31bb-070b-5748-989c-1a71101682ae,True,leaf outline with direct text candidate
4431ab7b-17f3-4bc6-8ee4-691efbcdfdeb:OUTLINE:dbeea509c64cf403,4431ab7b-17f3-4bc6-8ee4-691efbcdfdeb:OUTLINE:dbeea509c64cf403,4431ab7b-17f3-4bc6-8ee4-691efbcdfdeb,netgear-rbk852.pdf,RBK852,0812a3d8-fb4c-5da4-b9af-611c9e2f09c9,Generate a new backhaul password,Specify Network Settings > Generate a new backhaul password,Specify Network Settings,2,86,87,P3,1,1,1,1,976,976,244,244,0,6888256e-c770-5675-9935-5df289f557d9,6888256e-c770-5675-9935-5df289f557d9,4431ab7b-17f3-4bc6-8ee4-691efbcdfdeb:6888256e-c770-5675-9935-5df289f557d9,True,leaf outline with direct text candidate
4431ab7b-17f3-4bc6-8ee4-691efbcdfdeb:OUTLINE:b4130572bcde20e3,4431ab7b-17f3-4bc6-8ee4-691efbcdfdeb:OUTLINE:b4130572bcde20e3,4431ab7b-17f3-4bc6-8ee4-691efbcdfdeb,netgear-rbk852.pdf,RBK852,23debea9-5890-57d0-aca4-57cadf89c9fe,Improve network connections with Universal Plug and Play,Specify Network Settings > Improve network connections with Universal Plug and Play,Specify Network Settings,2,87,88,P3,1,1,1,1,2502,2502,626,626,0,ef845a28-2e30-575b-b2a6-38d0da0fa4e4,ef845a28-2e30-575b-b2a6-38d0da0fa4e4,4431ab7b-17f3-4bc6-8ee4-691efbcdfdeb:ef845a28-2e30-575b-b2a6-38d0da0fa4e4,True,leaf outline with direct text candidate
4431ab7b-17f3-4bc6-8ee4-691efbcdfdeb:OUTLINE:ee8332c8cd6cc7e4,4431ab7b-17f3-4bc6-8ee4-691efbcdfdeb:OUTLINE:ee8332c8cd6cc7e4,4431ab7b-17f3-4bc6-8ee4-691efbcdfdeb,netgear-rbk852.pdf,RBK852,1d9456d1-244e-5cd4-963b-e52faebb32f5,Set up a bridge for a port group,Specify Network Settings > Set up a bridge for a port group or VLAN tag group > Set up a bridge for a port group,Specify Network Settings > Set up a bridge for a port group or VLAN tag group,3,89,89,P3,1,1,1,1,1341,1341,336,336,0,8f9a9b64-5689-5e8f-831b-a237857dda5d,8f9a9b64-5689-5e8f-831b-a237857dda5d,4431ab7b-17f3-4bc6-8ee4-691efbcdfdeb:8f9a9b64-5689-5e8f-831b-a237857dda5d,True,leaf outline with direct text candidate
4431ab7b-17f3-4bc6-8ee4-691efbcdfdeb:OUTLINE:cd34f4dc924d11e0,4431ab7b-17f3-4bc6-8ee4-691efbcdfdeb:OUTLINE:cd34f4dc924d11e0,4431ab7b-17f3-4bc6-8ee4-691efbcdfdeb,netgear-rbk852.pdf,RBK852,cbfa1330-1ac6-5449-9cf4-180521b76229,Set up a bridge for a VLAN tag group,Specify Network Settings > Set up a bridge for a port group or VLAN tag group > Set up a bridge for a VLAN tag group,Specify Network Settings > Set up a bridge for a port group or VLAN tag group,3,90,91,P3,1,1,1,1,2063,2063,516,516,0,7baa0b92-d9c3-5b2a-8254-8d15ce20ccbf,7baa0b92-d9c3-5b2a-8254-8d15ce20ccbf,4431ab7b-17f3-4bc6-8ee4-691efbcdfdeb:7baa0b92-d9c3-5b2a-8254-8d15ce20ccbf,True,leaf outline with direct text candidate
4431ab7b-17f3-4bc6-8ee4-691efbcdfdeb:OUTLINE:41a3f547b178967c,4431ab7b-17f3-4bc6-8ee4-691efbcdfdeb:OUTLINE:41a3f547b178967c,4431ab7b-17f3-4bc6-8ee4-691efbcdfdeb,netgear-rbk852.pdf,RBK852,585d12a6-1ae9-58c8-ab37-85ca6c1d74d5,Check for firmware updates,Mantain and Monitor Your Network > Update the router and satellite firmware > Check for firmware updates,Mantain and Monitor Your Network > Update the router and satellite firmware,3,93,93,P3,1,1,1,1,1252,1252,313,313,0,92d53c78-9859-52cb-9d0e-87ebbce19528,92d53c78-9859-52cb-9d0e-87ebbce19528,4431ab7b-17f3-4bc6-8ee4-691efbcdfdeb:92d53c78-9859-52cb-9d0e-87ebbce19528,True,leaf outline with direct text candidate
4431ab7b-17f3-4bc6-8ee4-691efbcdfdeb:OUTLINE:e3cb7fea11cfd77d,4431ab7b-17f3-4bc6-8ee4-691efbcdfdeb:OUTLINE:e3cb7fea11cfd77d,4431ab7b-17f3-4bc6-8ee4-691efbcdfdeb,netgear-rbk852.pdf,RBK852,1e2d2901-ec06-5887-a5d2-15bd2b1098e5,Manually update firmware,Mantain and Monitor Your Network > Update the router and satellite firmware > Manually update firmware,Mantain and Monitor Your Network > Update the router and satellite firmware,3,94,94,P3,1,1,1,1,1006,1006,252,252,0,09e9e44a-3013-548c-a0db-76e5c97fcfac,09e9e44a-3013-548c-a0db-76e5c97fcfac,4431ab7b-17f3-4bc6-8ee4-691efbcdfdeb:09e9e44a-3013-548c-a0db-76e5c97fcfac,True,leaf outline with direct text candidate
4431ab7b-17f3-4bc6-8ee4-691efbcdfdeb:OUTLINE:84325f573ae742ee,4431ab7b-17f3-4bc6-8ee4-691efbcdfdeb:OUTLINE:84325f573ae742ee,4431ab7b-17f3-4bc6-8ee4-691efbcdfdeb,netgear-rbk852.pdf,RBK852,7ad3eec0-dd21-5d15-96e2-3f26996a1638,Manually update satellite firmware,Mantain and Monitor Your Network > Update the router and satellite firmware > Manually update satellite firmware,Mantain and Monitor Your Network > Update the router and satellite firmware,3,94,95,P3,1,1,1,1,1454,1454,364,364,0,590af625-8143-58fd-bc4e-aff86727e7d9,590af625-8143-58fd-bc4e-aff86727e7d9,4431ab7b-17f3-4bc6-8ee4-691efbcdfdeb:590af625-8143-58fd-bc4e-aff86727e7d9,True,leaf outline with direct text candidate
4431ab7b-17f3-4bc6-8ee4-691efbcdfdeb:OUTLINE:e43e65f7f3a357c8,4431ab7b-17f3-4bc6-8ee4-691efbcdfdeb:OUTLINE:e43e65f7f3a357c8,4431ab7b-17f3-4bc6-8ee4-691efbcdfdeb,netgear-rbk852.pdf,RBK852,3e2df178-3741-5bae-a5d7-64711a2a8bf7,Manually update router firmware,Mantain and Monitor Your Network > Update the router and satellite firmware > Manually update router firmware,Mantain and Monitor Your Network > Update the router and satellite firmware,3,95,96,P3,1,1,1,1,931,931,233,233,0,05d2c78c-d574-570c-a023-9294d9e476ea,05d2c78c-d574-570c-a023-9294d9e476ea,4431ab7b-17f3-4bc6-8ee4-691efbcdfdeb:05d2c78c-d574-570c-a023-9294d9e476ea,True,leaf outline with direct text candidate
4431ab7b-17f3-4bc6-8ee4-691efbcdfdeb:OUTLINE:a3bfc155621fac56,4431ab7b-17f3-4bc6-8ee4-691efbcdfdeb:OUTLINE:a3bfc155621fac56,4431ab7b-17f3-4bc6-8ee4-691efbcdfdeb,netgear-rbk852.pdf,RBK852,004d7b45-6235-59fd-983e-be7f5e504c2f,Change the admin password,Mantain and Monitor Your Network > Change the admin password,Mantain and Monitor Your Network,2,96,96,P3,1,1,1,1,1193,1193,299,299,0,3fcffad3-f8e3-523a-a51c-3d40aa74c626,3fcffad3-f8e3-523a-a51c-3d40aa74c626,4431ab7b-17f3-4bc6-8ee4-691efbcdfdeb:3fcffad3-f8e3-523a-a51c-3d40aa74c626,True,leaf outline with direct text candidate
4431ab7b-17f3-4bc6-8ee4-691efbcdfdeb:OUTLINE:9f67f0501f4a0533,4431ab7b-17f3-4bc6-8ee4-691efbcdfdeb:OUTLINE:9f67f0501f4a0533,4431ab7b-17f3-4bc6-8ee4-691efbcdfdeb,netgear-rbk852.pdf,RBK852,e52c09c7-ff12-5d39-b939-1e50cf7e4ad2,Enable admin password reset,Mantain and Monitor Your Network > Enable admin password reset,Mantain and Monitor Your Network,2,97,97,P3,1,1,1,1,921,921,231,231,0,d1e83f5c-6f1d-5b33-b27d-710246d08760,d1e83f5c-6f1d-5b33-b27d-710246d08760,4431ab7b-17f3-4bc6-8ee4-691efbcdfdeb:d1e83f5c-6f1d-5b33-b27d-710246d08760,True,leaf outline with direct text candidate
4431ab7b-17f3-4bc6-8ee4-691efbcdfdeb:OUTLINE:be90a4673c51fb2c,4431ab7b-17f3-4bc6-8ee4-691efbcdfdeb:OUTLINE:be90a4673c51fb2c,4431ab7b-17f3-4bc6-8ee4-691efbcdfdeb,netgear-rbk852.pdf,RBK852,0bb94895-3254-54aa-bd9b-7b5eec7ba52e,Reset the admin password,Mantain and Monitor Your Network > Reset the admin password,Mantain and Monitor Your Network,2,97,98,P3,1,1,1,1,1004,1004,251,251,0,4a58992e-7442-5746-b6bf-16c7b1879a68,4a58992e-7442-5746-b6bf-16c7b1879a68,4431ab7b-17f3-4bc6-8ee4-691efbcdfdeb:4a58992e-7442-5746-b6bf-16c7b1879a68,True,leaf outline with direct text candidate
4431ab7b-17f3-4bc6-8ee4-691efbcdfdeb:OUTLINE:fa16f9f065f0b2ed,4431ab7b-17f3-4bc6-8ee4-691efbcdfdeb:OUTLINE:fa16f9f065f0b2ed,4431ab7b-17f3-4bc6-8ee4-691efbcdfdeb,netgear-rbk852.pdf,RBK852,275b5f0e-0bf2-512e-86cf-dd6c0bd33a05,Always use HTTPS to access the router,Mantain and Monitor Your Network > Always use HTTPS to access the router,Mantain and Monitor Your Network,2,98,99,P4,1,1,1,1,1309,1309,328,328,0,006d4fc0-8a97-5443-b581-e783b687976a,006d4fc0-8a97-5443-b581-e783b687976a,4431ab7b-17f3-4bc6-8ee4-691efbcdfdeb:006d4fc0-8a97-5443-b581-e783b687976a,True,leaf outline with direct text candidate
4431ab7b-17f3-4bc6-8ee4-691efbcdfdeb:OUTLINE:b6ea18c463c3d301,4431ab7b-17f3-4bc6-8ee4-691efbcdfdeb:OUTLINE:b6ea18c463c3d301,4431ab7b-17f3-4bc6-8ee4-691efbcdfdeb,netgear-rbk852.pdf,RBK852,f70995c3-8b7b-5b55-b41a-5cf7e1d9cbe7,View router status and usage information,Mantain and Monitor Your Network > View router status and usage information,Mantain and Monitor Your Network,2,99,99,P4,1,1,1,1,503,503,126,126,0,263ad6b3-883f-518a-ac07-4bebc58e9dc9,263ad6b3-883f-518a-ac07-4bebc58e9dc9,4431ab7b-17f3-4bc6-8ee4-691efbcdfdeb:263ad6b3-883f-518a-ac07-4bebc58e9dc9,True,leaf outline with direct text candidate
4431ab7b-17f3-4bc6-8ee4-691efbcdfdeb:OUTLINE:ac08c48ea7a98774,4431ab7b-17f3-4bc6-8ee4-691efbcdfdeb:OUTLINE:ac08c48ea7a98774,4431ab7b-17f3-4bc6-8ee4-691efbcdfdeb,netgear-rbk852.pdf,RBK852,4a4def36-d286-53a3-bae7-93d2a3bd4de2,Display Internet port statistics,Mantain and Monitor Your Network > Display Internet port statistics,Mantain and Monitor Your Network,2,99,100,P4,1,1,1,1,1617,1617,405,405,0,e8b24dde-25fc-5592-a73e-a49c7057233b,e8b24dde-25fc-5592-a73e-a49c7057233b,4431ab7b-17f3-4bc6-8ee4-691efbcdfdeb:e8b24dde-25fc-5592-a73e-a49c7057233b,True,leaf outline with direct text candidate
4431ab7b-17f3-4bc6-8ee4-691efbcdfdeb:OUTLINE:1c26ad811d0fa2a4,4431ab7b-17f3-4bc6-8ee4-691efbcdfdeb:OUTLINE:1c26ad811d0fa2a4,4431ab7b-17f3-4bc6-8ee4-691efbcdfdeb,netgear-rbk852.pdf,RBK852,aa5261d6-3a41-5992-8f01-48d93feaed47,Check the Internet connection status,Mantain and Monitor Your Network > Check the Internet connection status,Mantain and Monitor Your Network,2,100,101,P4,1,1,1,1,1456,1456,364,364,0,a9e4bfe9-1ebb-596a-b3a2-9b00dbfce6de,a9e4bfe9-1ebb-596a-b3a2-9b00dbfce6de,4431ab7b-17f3-4bc6-8ee4-691efbcdfdeb:a9e4bfe9-1ebb-596a-b3a2-9b00dbfce6de,True,leaf outline with direct text candidate
4431ab7b-17f3-4bc6-8ee4-691efbcdfdeb:OUTLINE:a20c3940fc3d03f8,4431ab7b-17f3-4bc6-8ee4-691efbcdfdeb:OUTLINE:a20c3940fc3d03f8,4431ab7b-17f3-4bc6-8ee4-691efbcdfdeb,netgear-rbk852.pdf,RBK852,e742279c-88cd-5eed-898f-b853dc9e2499,View the satellite status,Mantain and Monitor Your Network > View the satellite status,Mantain and Monitor Your Network,2,101,102,P4,1,1,1,1,841,841,211,211,0,fbcb2c2c-4ebf-5265-aa04-93375fca438a,fbcb2c2c-4ebf-5265-aa04-93375fca438a,4431ab7b-17f3-4bc6-8ee4-691efbcdfdeb:fbcb2c2c-4ebf-5265-aa04-93375fca438a,True,leaf outline with direct text candidate
4431ab7b-17f3-4bc6-8ee4-691efbcdfdeb:OUTLINE:7613a8a14158fcb7,4431ab7b-17f3-4bc6-8ee4-691efbcdfdeb:OUTLINE:7613a8a14158fcb7,4431ab7b-17f3-4bc6-8ee4-691efbcdfdeb,netgear-rbk852.pdf,RBK852,7f3198e2-b011-5bb8-b0ac-3adadfc3a7d4,View and manage logs of router activity,Mantain and Monitor Your Network > View and manage logs of router activity,Mantain and Monitor Your Network,2,102,102,P4,1,1,1,1,1186,1186,297,297,0,f0c02e7d-9f8d-5cac-94ea-ab4dcc5f8d29,f0c02e7d-9f8d-5cac-94ea-ab4dcc5f8d29,4431ab7b-17f3-4bc6-8ee4-691efbcdfdeb:f0c02e7d-9f8d-5cac-94ea-ab4dcc5f8d29,True,leaf outline with direct text candidate
4431ab7b-17f3-4bc6-8ee4-691efbcdfdeb:OUTLINE:57644f5958d6d079,4431ab7b-17f3-4bc6-8ee4-691efbcdfdeb:OUTLINE:57644f5958d6d079,4431ab7b-17f3-4bc6-8ee4-691efbcdfdeb,netgear-rbk852.pdf,RBK852,555c2c6c-2777-575c-beae-a7e510b97d3c,View devices connected to the network,Mantain and Monitor Your Network > View devices connected to the network or edit device information > View devices connected to the network,Mantain and Monitor Your Network > View devices connected to the network or edit device information,3,103,103,P4,1,1,1,1,1400,1400,350,350,0,ddf7a6fe-bfd9-5a83-b3de-66d9c3606d72,ddf7a6fe-bfd9-5a83-b3de-66d9c3606d72,4431ab7b-17f3-4bc6-8ee4-691efbcdfdeb:ddf7a6fe-bfd9-5a83-b3de-66d9c3606d72,True,leaf outline with direct text candidate
4431ab7b-17f3-4bc6-8ee4-691efbcdfdeb:OUTLINE:2c8c781334b00c23,4431ab7b-17f3-4bc6-8ee4-691efbcdfdeb:OUTLINE:2c8c781334b00c23,4431ab7b-17f3-4bc6-8ee4-691efbcdfdeb,netgear-rbk852.pdf,RBK852,64859d88-48f6-54ba-b189-900260632b90,Edit device information on the Attached Devices page,Mantain and Monitor Your Network > View devices connected to the network or edit device information > Edit device information on the Attached Devices page,Mantain and Monitor Your Network > View devices connected to the network or edit device information,3,104,104,P4,1,1,1,1,965,965,242,242,0,3ae5bed3-7865-534d-8fc6-1433e9c9f588,3ae5bed3-7865-534d-8fc6-1433e9c9f588,4431ab7b-17f3-4bc6-8ee4-691efbcdfdeb:3ae5bed3-7865-534d-8fc6-1433e9c9f588,True,leaf outline with direct text candidate
4431ab7b-17f3-4bc6-8ee4-691efbcdfdeb:OUTLINE:8c8faef262fc2d5b,4431ab7b-17f3-4bc6-8ee4-691efbcdfdeb:OUTLINE:8c8faef262fc2d5b,4431ab7b-17f3-4bc6-8ee4-691efbcdfdeb,netgear-rbk852.pdf,RBK852,80303e59-3135-5502-846d-5fc26c81a539,View satellites connected to the network,Mantain and Monitor Your Network > View satellites connected to the network or edit satellite information > View satellites connected to the network,Mantain and Monitor Your Network > View satellites connected to the network or edit satellite information,3,105,105,P4,1,1,1,1,1552,1552,388,388,0,8d7bcf1e-f0b3-50f4-940d-a75f67da6eeb,8d7bcf1e-f0b3-50f4-940d-a75f67da6eeb,4431ab7b-17f3-4bc6-8ee4-691efbcdfdeb:8d7bcf1e-f0b3-50f4-940d-a75f67da6eeb,True,leaf outline with direct text candidate
4431ab7b-17f3-4bc6-8ee4-691efbcdfdeb:OUTLINE:40439dd5b1947acc,4431ab7b-17f3-4bc6-8ee4-691efbcdfdeb:OUTLINE:40439dd5b1947acc,4431ab7b-17f3-4bc6-8ee4-691efbcdfdeb,netgear-rbk852.pdf,RBK852,1f442ccb-690b-52c2-9795-4731fae36cbd,Edit satellite information that displays on the Attached Devices page,Mantain and Monitor Your Network > View satellites connected to the network or edit satellite information > Edit satellite information that displays on the Attached Devices page,Mantain and Monitor Your Network > View satellites connected to the network or edit satellite information,3,105,106,P4,1,1,1,1,922,922,231,231,0,bc4b0747-da96-562b-80e2-e06fb13f0950,bc4b0747-da96-562b-80e2-e06fb13f0950,4431ab7b-17f3-4bc6-8ee4-691efbcdfdeb:bc4b0747-da96-562b-80e2-e06fb13f0950,True,leaf outline with direct text candidate
4431ab7b-17f3-4bc6-8ee4-691efbcdfdeb:OUTLINE:3ca2cd659c51d159,4431ab7b-17f3-4bc6-8ee4-691efbcdfdeb:OUTLINE:3ca2cd659c51d159,4431ab7b-17f3-4bc6-8ee4-691efbcdfdeb,netgear-rbk852.pdf,RBK852,a4d8103c-c4ad-503c-80cc-244d5e7193dc,Check your Internet bandwidth,Mantain and Monitor Your Network > Check your Internet bandwidth,Mantain and Monitor Your Network,2,106,107,P4,1,1,1,1,637,637,160,160,0,0121bbc3-46f8-588c-b9d6-e7e69974a9fe,0121bbc3-46f8-588c-b9d6-e7e69974a9fe,4431ab7b-17f3-4bc6-8ee4-691efbcdfdeb:0121bbc3-46f8-588c-b9d6-e7e69974a9fe,True,leaf outline with direct text candidate
4431ab7b-17f3-4bc6-8ee4-691efbcdfdeb:OUTLINE:f7d37d8446f62c74,4431ab7b-17f3-4bc6-8ee4-691efbcdfdeb:OUTLINE:f7d37d8446f62c74,4431ab7b-17f3-4bc6-8ee4-691efbcdfdeb,netgear-rbk852.pdf,RBK852,5949c55b-e8e2-5df3-ab32-e02180a4733f,Monitor Internet traffic,Mantain and Monitor Your Network > Monitor Internet traffic,Mantain and Monitor Your Network,2,107,108,P4,1,1,1,1,2637,2637,660,660,0,35132ff4-f140-5bfa-afab-0f9aeff93665,35132ff4-f140-5bfa-afab-0f9aeff93665,4431ab7b-17f3-4bc6-8ee4-691efbcdfdeb:35132ff4-f140-5bfa-afab-0f9aeff93665,True,leaf outline with direct text candidate
4431ab7b-17f3-4bc6-8ee4-691efbcdfdeb:OUTLINE:e1541e8a24c47f99,4431ab7b-17f3-4bc6-8ee4-691efbcdfdeb:OUTLINE:e1541e8a24c47f99,4431ab7b-17f3-4bc6-8ee4-691efbcdfdeb,netgear-rbk852.pdf,RBK852,87d1034f-d70d-5126-b8b7-32b380ae75dd,Set the time zone,Mantain and Monitor Your Network > Set the time zone,Mantain and Monitor Your Network,2,108,109,P4,1,1,1,1,732,732,183,183,0,7cf0fc90-071a-594e-853f-4f21fafbef98,7cf0fc90-071a-594e-853f-4f21fafbef98,4431ab7b-17f3-4bc6-8ee4-691efbcdfdeb:7cf0fc90-071a-594e-853f-4f21fafbef98,True,leaf outline with direct text candidate
4431ab7b-17f3-4bc6-8ee4-691efbcdfdeb:OUTLINE:68e28cf04b7de7ec,4431ab7b-17f3-4bc6-8ee4-691efbcdfdeb:OUTLINE:68e28cf04b7de7ec,4431ab7b-17f3-4bc6-8ee4-691efbcdfdeb,netgear-rbk852.pdf,RBK852,25149f63-3614-5c13-a8b0-d4134def2259,Change the NTP server,Mantain and Monitor Your Network > Change the NTP server,Mantain and Monitor Your Network,2,109,109,P4,1,1,1,1,885,885,222,222,0,a89e520e-0060-59a1-a0d6-7943e249efaf,a89e520e-0060-59a1-a0d6-7943e249efaf,4431ab7b-17f3-4bc6-8ee4-691efbcdfdeb:a89e520e-0060-59a1-a0d6-7943e249efaf,True,leaf outline with direct text candidate
4431ab7b-17f3-4bc6-8ee4-691efbcdfdeb:OUTLINE:73249137bff839ac,4431ab7b-17f3-4bc6-8ee4-691efbcdfdeb:OUTLINE:73249137bff839ac,4431ab7b-17f3-4bc6-8ee4-691efbcdfdeb,netgear-rbk852.pdf,RBK852,e4697ca9-b6d1-57f4-ac5f-6088641bcb53,Back up settings,Mantain and Monitor Your Network > Manage the router configuration file > Back up settings,Mantain and Monitor Your Network > Manage the router configuration file,3,110,110,P4,1,1,1,1,661,661,166,166,0,7b87bf90-756c-5453-abe7-2fe7842b116c,7b87bf90-756c-5453-abe7-2fe7842b116c,4431ab7b-17f3-4bc6-8ee4-691efbcdfdeb:7b87bf90-756c-5453-abe7-2fe7842b116c,True,leaf outline with direct text candidate
4431ab7b-17f3-4bc6-8ee4-691efbcdfdeb:OUTLINE:2e8598521d7f6c87,4431ab7b-17f3-4bc6-8ee4-691efbcdfdeb:OUTLINE:2e8598521d7f6c87,4431ab7b-17f3-4bc6-8ee4-691efbcdfdeb,netgear-rbk852.pdf,RBK852,04061179-69f1-5a25-9f73-41c5ec0c5641,Restore configuration settings,Mantain and Monitor Your Network > Manage the router configuration file > Restore configuration settings,Mantain and Monitor Your Network > Manage the router configuration file,3,110,111,P4,1,1,1,1,735,735,184,184,0,ecfa4ec7-ca6f-5544-8d04-2b6fffed1e92,ecfa4ec7-ca6f-5544-8d04-2b6fffed1e92,4431ab7b-17f3-4bc6-8ee4-691efbcdfdeb:ecfa4ec7-ca6f-5544-8d04-2b6fffed1e92,True,leaf outline with direct text candidate
4431ab7b-17f3-4bc6-8ee4-691efbcdfdeb:OUTLINE:672791e957eb9172,4431ab7b-17f3-4bc6-8ee4-691efbcdfdeb:OUTLINE:672791e957eb9172,4431ab7b-17f3-4bc6-8ee4-691efbcdfdeb,netgear-rbk852.pdf,RBK852,361c0719-69b0-5925-bc17-438ab02ee825,Erase the current configuration settings,Mantain and Monitor Your Network > Manage the router configuration file > Erase the current configuration settings,Mantain and Monitor Your Network > Manage the router configuration file,3,111,111,P4,1,1,1,1,842,842,211,211,0,adb2b617-4bf8-5f2c-b9e3-3b931bf31d96,adb2b617-4bf8-5f2c-b9e3-3b931bf31d96,4431ab7b-17f3-4bc6-8ee4-691efbcdfdeb:adb2b617-4bf8-5f2c-b9e3-3b931bf31d96,True,leaf outline with direct text candidate
4431ab7b-17f3-4bc6-8ee4-691efbcdfdeb:OUTLINE:c91ddf65c5bc69a5,4431ab7b-17f3-4bc6-8ee4-691efbcdfdeb:OUTLINE:c91ddf65c5bc69a5,4431ab7b-17f3-4bc6-8ee4-691efbcdfdeb,netgear-rbk852.pdf,RBK852,df0e25b0-0428-5eaf-8a54-b9742b0703f2,Remotely access your router using the Orbi app,Mantain and Monitor Your Network > Remotely access your router using the Orbi app,Mantain and Monitor Your Network,2,111,111,P4,1,1,1,1,386,386,97,97,0,b6d1e1a1-38a6-5d89-989a-3e3a6e14c8fa,b6d1e1a1-38a6-5d89-989a-3e3a6e14c8fa,4431ab7b-17f3-4bc6-8ee4-691efbcdfdeb:b6d1e1a1-38a6-5d89-989a-3e3a6e14c8fa,True,leaf outline with direct text candidate
4431ab7b-17f3-4bc6-8ee4-691efbcdfdeb:OUTLINE:8b9e84b41a8e2327,4431ab7b-17f3-4bc6-8ee4-691efbcdfdeb:OUTLINE:8b9e84b41a8e2327,4431ab7b-17f3-4bc6-8ee4-691efbcdfdeb,netgear-rbk852.pdf,RBK852,13db2476-64fe-564b-b713-1739c814c809,About VPN connections,Use OpenVPN to Access Your Network > About VPN connections,Use OpenVPN to Access Your Network,2,113,113,P4,1,1,1,1,1585,1585,397,397,0,e5fc38c2-6b7f-5038-ad7a-4961f6c83eb2,e5fc38c2-6b7f-5038-ad7a-4961f6c83eb2,4431ab7b-17f3-4bc6-8ee4-691efbcdfdeb:e5fc38c2-6b7f-5038-ad7a-4961f6c83eb2,True,leaf outline with direct text candidate
4431ab7b-17f3-4bc6-8ee4-691efbcdfdeb:OUTLINE:73af42b29ef02388,4431ab7b-17f3-4bc6-8ee4-691efbcdfdeb:OUTLINE:73af42b29ef02388,4431ab7b-17f3-4bc6-8ee4-691efbcdfdeb,netgear-rbk852.pdf,RBK852,f1cbfb0a-4b46-58af-80bd-73138bdeca15,LAN IP addressing in VPN networks,Use OpenVPN to Access Your Network > LAN IP addressing in VPN networks,Use OpenVPN to Access Your Network,2,113,114,P4,1,1,1,1,717,717,180,180,0,50c2a810-6f38-5e61-90a1-7b9775ee8625,50c2a810-6f38-5e61-90a1-7b9775ee8625,4431ab7b-17f3-4bc6-8ee4-691efbcdfdeb:50c2a810-6f38-5e61-90a1-7b9775ee8625,True,leaf outline with direct text candidate
4431ab7b-17f3-4bc6-8ee4-691efbcdfdeb:OUTLINE:8a6dfe1f8c0e3503,4431ab7b-17f3-4bc6-8ee4-691efbcdfdeb:OUTLINE:8a6dfe1f8c0e3503,4431ab7b-17f3-4bc6-8ee4-691efbcdfdeb,netgear-rbk852.pdf,RBK852,31e14a9f-9358-56da-9617-40c34ce5f9d5,Enable OpenVPN service in the router,Use OpenVPN to Access Your Network > Enable OpenVPN service in the router,Use OpenVPN to Access Your Network,2,114,115,P4,1,1,1,1,2277,2277,570,570,0,7d6c520c-b4a8-58ba-afa8-5fd36cf4f2c8,7d6c520c-b4a8-58ba-afa8-5fd36cf4f2c8,4431ab7b-17f3-4bc6-8ee4-691efbcdfdeb:7d6c520c-b4a8-58ba-afa8-5fd36cf4f2c8,True,leaf outline with direct text candidate
4431ab7b-17f3-4bc6-8ee4-691efbcdfdeb:OUTLINE:12bddd78cb699bc6,4431ab7b-17f3-4bc6-8ee4-691efbcdfdeb:OUTLINE:12bddd78cb699bc6,4431ab7b-17f3-4bc6-8ee4-691efbcdfdeb,netgear-rbk852.pdf,RBK852,f630dab7-061c-5962-a050-c0c41f74cb3a,Install OpenVPN software on a Windows-based computer,Use OpenVPN to Access Your Network > Install OpenVPN software on a VPN client > Install OpenVPN software on a Windows-based computer,Use OpenVPN to Access Your Network > Install OpenVPN software on a VPN client,3,116,117,P4,1,1,1,1,2413,2413,604,604,0,87db7e58-3806-5cad-bf8d-f841590a992d,87db7e58-3806-5cad-bf8d-f841590a992d,4431ab7b-17f3-4bc6-8ee4-691efbcdfdeb:87db7e58-3806-5cad-bf8d-f841590a992d,True,leaf outline with direct text candidate
4431ab7b-17f3-4bc6-8ee4-691efbcdfdeb:OUTLINE:7f836f6e8827bbbf,4431ab7b-17f3-4bc6-8ee4-691efbcdfdeb:OUTLINE:7f836f6e8827bbbf,4431ab7b-17f3-4bc6-8ee4-691efbcdfdeb,netgear-rbk852.pdf,RBK852,11d0824e-9d18-50ce-a66c-0b5155ece01e,Install OpenVPN software on a Mac computer,Use OpenVPN to Access Your Network > Install OpenVPN software on a VPN client > Install OpenVPN software on a Mac computer,Use OpenVPN to Access Your Network > Install OpenVPN software on a VPN client,3,117,118,P4,1,1,1,1,1650,1650,413,413,0,f06f1267-ae31-5bae-a1ba-3992f55c237a,f06f1267-ae31-5bae-a1ba-3992f55c237a,4431ab7b-17f3-4bc6-8ee4-691efbcdfdeb:f06f1267-ae31-5bae-a1ba-3992f55c237a,True,leaf outline with direct text candidate
4431ab7b-17f3-4bc6-8ee4-691efbcdfdeb:OUTLINE:7c9d23443af8662d,4431ab7b-17f3-4bc6-8ee4-691efbcdfdeb:OUTLINE:7c9d23443af8662d,4431ab7b-17f3-4bc6-8ee4-691efbcdfdeb,netgear-rbk852.pdf,RBK852,6fc644b1-5d3f-5874-98b7-b637f6e546fa,Install OpenVPN software on an iOS device,Use OpenVPN to Access Your Network > Install OpenVPN software on a VPN client > Install OpenVPN software on an iOS device,Use OpenVPN to Access Your Network > Install OpenVPN software on a VPN client,3,118,119,P4,1,1,1,1,1619,1619,405,405,0,5f303ba8-b929-54ef-bbe8-addf9abe9d5f,5f303ba8-b929-54ef-bbe8-addf9abe9d5f,4431ab7b-17f3-4bc6-8ee4-691efbcdfdeb:5f303ba8-b929-54ef-bbe8-addf9abe9d5f,True,leaf outline with direct text candidate
4431ab7b-17f3-4bc6-8ee4-691efbcdfdeb:OUTLINE:65bda46f8a067355,4431ab7b-17f3-4bc6-8ee4-691efbcdfdeb:OUTLINE:65bda46f8a067355,4431ab7b-17f3-4bc6-8ee4-691efbcdfdeb,netgear-rbk852.pdf,RBK852,ec02f0f1-4f2c-50c8-8841-93f5e2656d20,Install OpenVPN software on an Android device,Use OpenVPN to Access Your Network > Install OpenVPN software on a VPN client > Install OpenVPN software on an Android device,Use OpenVPN to Access Your Network > Install OpenVPN software on a VPN client,3,119,120,P4,1,1,1,1,1508,1508,377,377,0,8726fc76-6f07-58eb-b5aa-db59d9d167f4,8726fc76-6f07-58eb-b5aa-db59d9d167f4,4431ab7b-17f3-4bc6-8ee4-691efbcdfdeb:8726fc76-6f07-58eb-b5aa-db59d9d167f4,True,leaf outline with direct text candidate
4431ab7b-17f3-4bc6-8ee4-691efbcdfdeb:OUTLINE:9e6456f8a8e2556f,4431ab7b-17f3-4bc6-8ee4-691efbcdfdeb:OUTLINE:9e6456f8a8e2556f,4431ab7b-17f3-4bc6-8ee4-691efbcdfdeb,netgear-rbk852.pdf,RBK852,6f46c718-8049-58b0-a110-9b77d61ea466,Allow VPN client Internet access in the router,Use OpenVPN to Access Your Network > Use VPN to access your Internet service at home > Allow VPN client Internet access in the router,Use OpenVPN to Access Your Network > Use VPN to access your Internet service at home,3,120,121,P4,1,1,1,1,1292,1292,323,323,0,068a6eb0-405d-5d24-9f71-28bc55999cab,068a6eb0-405d-5d24-9f71-28bc55999cab,4431ab7b-17f3-4bc6-8ee4-691efbcdfdeb:068a6eb0-405d-5d24-9f71-28bc55999cab,True,leaf outline with direct text candidate
4431ab7b-17f3-4bc6-8ee4-691efbcdfdeb:OUTLINE:4961dff6fcaa17d5,4431ab7b-17f3-4bc6-8ee4-691efbcdfdeb:OUTLINE:4961dff6fcaa17d5,4431ab7b-17f3-4bc6-8ee4-691efbcdfdeb,netgear-rbk852.pdf,RBK852,96f70eb4-59eb-5939-97ca-6b5e2590b1b0,Block VPN client Internet access in the router,Use OpenVPN to Access Your Network > Use VPN to access your Internet service at home > Block VPN client Internet access in the router,Use OpenVPN to Access Your Network > Use VPN to access your Internet service at home,3,121,122,P4,1,1,1,1,1299,1299,325,325,0,e8fbf22f-7fac-51cc-8b76-ef68177b1407,e8fbf22f-7fac-51cc-8b76-ef68177b1407,4431ab7b-17f3-4bc6-8ee4-691efbcdfdeb:e8fbf22f-7fac-51cc-8b76-ef68177b1407,True,leaf outline with direct text candidate
4431ab7b-17f3-4bc6-8ee4-691efbcdfdeb:OUTLINE:11e5a031343559ac,4431ab7b-17f3-4bc6-8ee4-691efbcdfdeb:OUTLINE:11e5a031343559ac,4431ab7b-17f3-4bc6-8ee4-691efbcdfdeb,netgear-rbk852.pdf,RBK852,f491b7dd-3a06-5640-a31e-b78ed1f47f68,Set up port forwarding to a local server,Customize Internet Traffic Rules for Ports > Manage port forwarding to a local server > Set up port forwarding to a local server,Customize Internet Traffic Rules for Ports > Manage port forwarding to a local server,3,124,125,P4,1,1,1,1,1336,1336,334,334,0,64c7ce15-7a5a-580d-adbe-160bed89ad0b,64c7ce15-7a5a-580d-adbe-160bed89ad0b,4431ab7b-17f3-4bc6-8ee4-691efbcdfdeb:64c7ce15-7a5a-580d-adbe-160bed89ad0b,True,leaf outline with direct text candidate
4431ab7b-17f3-4bc6-8ee4-691efbcdfdeb:OUTLINE:18c854403e7d71b8,4431ab7b-17f3-4bc6-8ee4-691efbcdfdeb:OUTLINE:18c854403e7d71b8,4431ab7b-17f3-4bc6-8ee4-691efbcdfdeb,netgear-rbk852.pdf,RBK852,e92ec1d1-0168-52ca-b5dd-12157a0b09e1,Add a custom port forwarding service,Customize Internet Traffic Rules for Ports > Manage port forwarding to a local server > Add a custom port forwarding service,Customize Internet Traffic Rules for Ports > Manage port forwarding to a local server,3,125,126,P4,1,1,1,1,1556,1556,389,389,0,7ee0967d-1e76-5954-86d6-849af5c21385,7ee0967d-1e76-5954-86d6-849af5c21385,4431ab7b-17f3-4bc6-8ee4-691efbcdfdeb:7ee0967d-1e76-5954-86d6-849af5c21385,True,leaf outline with direct text candidate
4431ab7b-17f3-4bc6-8ee4-691efbcdfdeb:OUTLINE:a330be77bc14e844,4431ab7b-17f3-4bc6-8ee4-691efbcdfdeb:OUTLINE:a330be77bc14e844,4431ab7b-17f3-4bc6-8ee4-691efbcdfdeb,netgear-rbk852.pdf,RBK852,9b5223a1-346e-5a0e-9d1e-2339e592726f,Edit a port forwarding service,Customize Internet Traffic Rules for Ports > Manage port forwarding to a local server > Edit a port forwarding service,Customize Internet Traffic Rules for Ports > Manage port forwarding to a local server,3,126,126,P4,1,1,1,1,1434,1434,359,359,0,24638ff2-fb20-565d-8dbc-7164bb3a006b,24638ff2-fb20-565d-8dbc-7164bb3a006b,4431ab7b-17f3-4bc6-8ee4-691efbcdfdeb:24638ff2-fb20-565d-8dbc-7164bb3a006b,True,leaf outline with direct text candidate
4431ab7b-17f3-4bc6-8ee4-691efbcdfdeb:OUTLINE:bc1ea99d969da613,4431ab7b-17f3-4bc6-8ee4-691efbcdfdeb:OUTLINE:bc1ea99d969da613,4431ab7b-17f3-4bc6-8ee4-691efbcdfdeb,netgear-rbk852.pdf,RBK852,f076efb6-9783-58e8-9319-a361455a74c3,Delete a port forwarding entry,Customize Internet Traffic Rules for Ports > Manage port forwarding to a local server > Delete a port forwarding entry,Customize Internet Traffic Rules for Ports > Manage port forwarding to a local server,3,127,127,P4,1,1,1,1,763,763,191,191,0,28ae0459-33a4-5db2-b430-9a1a9370b27f,28ae0459-33a4-5db2-b430-9a1a9370b27f,4431ab7b-17f3-4bc6-8ee4-691efbcdfdeb:28ae0459-33a4-5db2-b430-9a1a9370b27f,True,leaf outline with direct text candidate
4431ab7b-17f3-4bc6-8ee4-691efbcdfdeb:OUTLINE:4dd440452a486390,4431ab7b-17f3-4bc6-8ee4-691efbcdfdeb:OUTLINE:4dd440452a486390,4431ab7b-17f3-4bc6-8ee4-691efbcdfdeb,netgear-rbk852.pdf,RBK852,94bfcdbf-4c55-5fcf-86fc-86bb126d3ed4,How the router implements the port forwarding rule,Customize Internet Traffic Rules for Ports > Manage port forwarding to a local server > How the router implements the port forwarding rule,Customize Internet Traffic Rules for Ports > Manage port forwarding to a local server,3,127,128,P4,1,1,1,1,929,929,233,233,0,2f0fbedc-9ef5-5d0f-a5ab-6d155052f839,2f0fbedc-9ef5-5d0f-a5ab-6d155052f839,4431ab7b-17f3-4bc6-8ee4-691efbcdfdeb:2f0fbedc-9ef5-5d0f-a5ab-6d155052f839,True,leaf outline with direct text candidate
4431ab7b-17f3-4bc6-8ee4-691efbcdfdeb:OUTLINE:dc3985b2e6fd8545,4431ab7b-17f3-4bc6-8ee4-691efbcdfdeb:OUTLINE:dc3985b2e6fd8545,4431ab7b-17f3-4bc6-8ee4-691efbcdfdeb,netgear-rbk852.pdf,RBK852,cdfed2bd-d475-5172-9ef5-7c18516ebf35,Application example: Make a local web server public,Customize Internet Traffic Rules for Ports > Manage port forwarding to a local server > Application example: Make a local web server public,Customize Internet Traffic Rules for Ports > Manage port forwarding to a local server,3,128,128,P4,1,1,1,1,935,935,234,234,0,5847b0f5-07e6-5a6d-8f05-0a2bbdbf7cec,5847b0f5-07e6-5a6d-8f05-0a2bbdbf7cec,4431ab7b-17f3-4bc6-8ee4-691efbcdfdeb:5847b0f5-07e6-5a6d-8f05-0a2bbdbf7cec,True,leaf outline with direct text candidate
4431ab7b-17f3-4bc6-8ee4-691efbcdfdeb:OUTLINE:cd3ee9b608796207,4431ab7b-17f3-4bc6-8ee4-691efbcdfdeb:OUTLINE:cd3ee9b608796207,4431ab7b-17f3-4bc6-8ee4-691efbcdfdeb,netgear-rbk852.pdf,RBK852,24afb52d-3cb8-539d-a222-bf28fc8d4bd2,Add a port triggering service,Customize Internet Traffic Rules for Ports > Manage port triggering > Add a port triggering service,Customize Internet Traffic Rules for Ports > Manage port triggering,3,129,130,P4,1,1,1,1,1696,1696,424,424,0,666b7fe9-b9e3-5064-ab97-a7c1fac87666,666b7fe9-b9e3-5064-ab97-a7c1fac87666,4431ab7b-17f3-4bc6-8ee4-691efbcdfdeb:666b7fe9-b9e3-5064-ab97-a7c1fac87666,True,leaf outline with direct text candidate
4431ab7b-17f3-4bc6-8ee4-691efbcdfdeb:OUTLINE:ee49d8e79b8c6764,4431ab7b-17f3-4bc6-8ee4-691efbcdfdeb:OUTLINE:ee49d8e79b8c6764,4431ab7b-17f3-4bc6-8ee4-691efbcdfdeb,netgear-rbk852.pdf,RBK852,ce2c2297-c9a8-52a4-a451-e3e7800295a3,Disable port triggering or change the time-out period,Customize Internet Traffic Rules for Ports > Manage port triggering > Disable port triggering or change the time-out period,Customize Internet Traffic Rules for Ports > Manage port triggering,3,130,130,P5,1,1,1,1,1261,1261,316,316,0,b13eab23-32e8-5759-9bce-9cd2246a850a,b13eab23-32e8-5759-9bce-9cd2246a850a,4431ab7b-17f3-4bc6-8ee4-691efbcdfdeb:b13eab23-32e8-5759-9bce-9cd2246a850a,True,leaf outline with direct text candidate
4431ab7b-17f3-4bc6-8ee4-691efbcdfdeb:OUTLINE:ed4edf0e870f5fa4,4431ab7b-17f3-4bc6-8ee4-691efbcdfdeb:OUTLINE:ed4edf0e870f5fa4,4431ab7b-17f3-4bc6-8ee4-691efbcdfdeb,netgear-rbk852.pdf,RBK852,b39da142-6d41-57d4-8ef3-26c9c2b2edfe,Application example: Port triggering for Internet Relay Chat,Customize Internet Traffic Rules for Ports > Manage port triggering > Application example: Port triggering for Internet Relay Chat,Customize Internet Traffic Rules for Ports > Manage port triggering,3,130,131,P5,1,1,1,1,2640,2640,660,660,0,b767b2fc-9043-5245-b862-6248195384cf,b767b2fc-9043-5245-b862-6248195384cf,4431ab7b-17f3-4bc6-8ee4-691efbcdfdeb:b767b2fc-9043-5245-b862-6248195384cf,True,leaf outline with direct text candidate
4431ab7b-17f3-4bc6-8ee4-691efbcdfdeb:OUTLINE:f67dde43cca3ccc5,4431ab7b-17f3-4bc6-8ee4-691efbcdfdeb:OUTLINE:f67dde43cca3ccc5,4431ab7b-17f3-4bc6-8ee4-691efbcdfdeb,netgear-rbk852.pdf,RBK852,982bf2b2-67a6-5024-85fb-21fd6db31eb2,Sequence to restart your network,Troubleshooting > Quick tips > Sequence to restart your network,Troubleshooting > Quick tips,3,133,133,P5,1,1,1,1,209,209,53,53,0,594cc248-162e-5180-b1f6-243ea1c30a9e,594cc248-162e-5180-b1f6-243ea1c30a9e,4431ab7b-17f3-4bc6-8ee4-691efbcdfdeb:594cc248-162e-5180-b1f6-243ea1c30a9e,True,leaf outline with direct text candidate
4431ab7b-17f3-4bc6-8ee4-691efbcdfdeb:OUTLINE:ed3905d7e14f6d86,4431ab7b-17f3-4bc6-8ee4-691efbcdfdeb:OUTLINE:ed3905d7e14f6d86,4431ab7b-17f3-4bc6-8ee4-691efbcdfdeb,netgear-rbk852.pdf,RBK852,1db7997f-e352-5f24-94cc-cb71972ad533,WiFi settings,Troubleshooting > Quick tips > WiFi settings,Troubleshooting > Quick tips,3,133,133,P5,1,1,1,1,306,306,77,77,0,13759793-9afc-595a-9823-db9c83e1289c,13759793-9afc-595a-9823-db9c83e1289c,4431ab7b-17f3-4bc6-8ee4-691efbcdfdeb:13759793-9afc-595a-9823-db9c83e1289c,True,leaf outline with direct text candidate
4431ab7b-17f3-4bc6-8ee4-691efbcdfdeb:OUTLINE:d24b7820be424b92,4431ab7b-17f3-4bc6-8ee4-691efbcdfdeb:OUTLINE:d24b7820be424b92,4431ab7b-17f3-4bc6-8ee4-691efbcdfdeb,netgear-rbk852.pdf,RBK852,3e67b256-0f55-53ee-8722-fc95dbb754e2,Network settings,Troubleshooting > Quick tips > Network settings,Troubleshooting > Quick tips,3,133,133,P5,1,1,1,1,462,462,116,116,0,d3814305-4ce4-5823-8845-50f7d6f3d4cc,d3814305-4ce4-5823-8845-50f7d6f3d4cc,4431ab7b-17f3-4bc6-8ee4-691efbcdfdeb:d3814305-4ce4-5823-8845-50f7d6f3d4cc,True,leaf outline with direct text candidate
4431ab7b-17f3-4bc6-8ee4-691efbcdfdeb:OUTLINE:880cc3a4a39dcca0,4431ab7b-17f3-4bc6-8ee4-691efbcdfdeb:OUTLINE:880cc3a4a39dcca0,4431ab7b-17f3-4bc6-8ee4-691efbcdfdeb,netgear-rbk852.pdf,RBK852,3c6caa03-1120-50b7-bb13-840b610311dd,The router and satellite do not sync,Troubleshooting > The router and satellite do not sync,Troubleshooting,2,133,134,P5,1,1,1,1,1514,1514,379,379,0,82023f3e-39d3-5b20-8fd3-b3f0e5c16177,82023f3e-39d3-5b20-8fd3-b3f0e5c16177,4431ab7b-17f3-4bc6-8ee4-691efbcdfdeb:82023f3e-39d3-5b20-8fd3-b3f0e5c16177,True,leaf outline with direct text candidate
4431ab7b-17f3-4bc6-8ee4-691efbcdfdeb:OUTLINE:5a4a9eed369ea641,4431ab7b-17f3-4bc6-8ee4-691efbcdfdeb:OUTLINE:5a4a9eed369ea641,4431ab7b-17f3-4bc6-8ee4-691efbcdfdeb,netgear-rbk852.pdf,RBK852,15813bcb-f986-5164-889c-9a8f4b0684ed,You cannot log in to the router,Troubleshooting > You cannot log in to the router,Troubleshooting,2,134,134,P5,1,1,1,1,304,304,76,76,0,6866675b-e993-554a-ac30-e6521be6aeed,6866675b-e993-554a-ac30-e6521be6aeed,4431ab7b-17f3-4bc6-8ee4-691efbcdfdeb:6866675b-e993-554a-ac30-e6521be6aeed,True,leaf outline with direct text candidate
4431ab7b-17f3-4bc6-8ee4-691efbcdfdeb:OUTLINE:26632525d1e8244b,4431ab7b-17f3-4bc6-8ee4-691efbcdfdeb:OUTLINE:26632525d1e8244b,4431ab7b-17f3-4bc6-8ee4-691efbcdfdeb,netgear-rbk852.pdf,RBK852,b4f45fcd-f3c0-56be-8a78-ede97a2ad273,You cannot access the Internet,Troubleshooting > You cannot access the Internet,Troubleshooting,2,135,136,P5,1,1,1,1,1861,1861,466,466,0,73d3d723-9183-5a9f-b811-ab6d408a3433,73d3d723-9183-5a9f-b811-ab6d408a3433,4431ab7b-17f3-4bc6-8ee4-691efbcdfdeb:73d3d723-9183-5a9f-b811-ab6d408a3433,True,leaf outline with direct text candidate
4431ab7b-17f3-4bc6-8ee4-691efbcdfdeb:OUTLINE:6ca762548278f56e,4431ab7b-17f3-4bc6-8ee4-691efbcdfdeb:OUTLINE:6ca762548278f56e,4431ab7b-17f3-4bc6-8ee4-691efbcdfdeb,netgear-rbk852.pdf,RBK852,23febe2a-d07f-52e7-abdf-c7c84089b23b,Troubleshoot Internet browsing,Troubleshooting > Troubleshoot Internet browsing,Troubleshooting,2,136,136,P5,1,1,1,1,1499,1499,375,375,0,3f286df2-d3e8-513a-bb10-8a6feaf8548d,3f286df2-d3e8-513a-bb10-8a6feaf8548d,4431ab7b-17f3-4bc6-8ee4-691efbcdfdeb:3f286df2-d3e8-513a-bb10-8a6feaf8548d,True,leaf outline with direct text candidate
4431ab7b-17f3-4bc6-8ee4-691efbcdfdeb:OUTLINE:e7e9868561e6d634,4431ab7b-17f3-4bc6-8ee4-691efbcdfdeb:OUTLINE:e7e9868561e6d634,4431ab7b-17f3-4bc6-8ee4-691efbcdfdeb,netgear-rbk852.pdf,RBK852,8eb67782-2519-5b6d-9979-e3c4330a06aa,Troubleshoot PPPoE,Troubleshooting > Troubleshoot PPPoE,Troubleshooting,2,137,137,P5,1,1,1,1,1128,1128,282,282,0,79dc97aa-4993-5f83-bbb6-ad0029843ef1,79dc97aa-4993-5f83-bbb6-ad0029843ef1,4431ab7b-17f3-4bc6-8ee4-691efbcdfdeb:79dc97aa-4993-5f83-bbb6-ad0029843ef1,True,leaf outline with direct text candidate
4431ab7b-17f3-4bc6-8ee4-691efbcdfdeb:OUTLINE:392ff4fbd7ee9772,4431ab7b-17f3-4bc6-8ee4-691efbcdfdeb:OUTLINE:392ff4fbd7ee9772,4431ab7b-17f3-4bc6-8ee4-691efbcdfdeb,netgear-rbk852.pdf,RBK852,0dedd142-959e-5bdf-80f0-219f08bf3859,Troubleshoot WiFi connectivity,Troubleshooting > Troubleshoot WiFi connectivity,Troubleshooting,2,137,138,P5,1,1,1,1,814,814,204,204,0,73458eed-ea25-55bb-a159-998977addf6a,73458eed-ea25-55bb-a159-998977addf6a,4431ab7b-17f3-4bc6-8ee4-691efbcdfdeb:73458eed-ea25-55bb-a159-998977addf6a,True,leaf outline with direct text candidate
4431ab7b-17f3-4bc6-8ee4-691efbcdfdeb:OUTLINE:9ad236fa74b89647,4431ab7b-17f3-4bc6-8ee4-691efbcdfdeb:OUTLINE:9ad236fa74b89647,4431ab7b-17f3-4bc6-8ee4-691efbcdfdeb,netgear-rbk852.pdf,RBK852,a8a71f71-c5a8-571b-8e5d-520806c03b3d,Test the LAN path to your router,Troubleshooting > Troubleshoot your network using the ping utility > Test the LAN path to your router,Troubleshooting > Troubleshoot your network using the ping utility,3,138,139,P5,1,1,1,1,1306,1306,327,327,0,d3189db7-52ee-502f-8466-5dbddbf1c80e,d3189db7-52ee-502f-8466-5dbddbf1c80e,4431ab7b-17f3-4bc6-8ee4-691efbcdfdeb:d3189db7-52ee-502f-8466-5dbddbf1c80e,True,leaf outline with direct text candidate
4431ab7b-17f3-4bc6-8ee4-691efbcdfdeb:OUTLINE:3d986da173d7e0d6,4431ab7b-17f3-4bc6-8ee4-691efbcdfdeb:OUTLINE:3d986da173d7e0d6,4431ab7b-17f3-4bc6-8ee4-691efbcdfdeb,netgear-rbk852.pdf,RBK852,eaec489c-e685-51ad-aa0a-5c51712c0ad4,Test the path from your computer to a remote device,Troubleshooting > Troubleshoot your network using the ping utility > Test the path from your computer to a remote device,Troubleshooting > Troubleshoot your network using the ping utility,3,139,140,P5,1,1,1,1,1672,1672,418,418,0,8989f72f-c45f-5a19-b2ce-b190765e7b28,8989f72f-c45f-5a19-b2ce-b190765e7b28,4431ab7b-17f3-4bc6-8ee4-691efbcdfdeb:8989f72f-c45f-5a19-b2ce-b190765e7b28,True,leaf outline with direct text candidate
4431ab7b-17f3-4bc6-8ee4-691efbcdfdeb:OUTLINE:7737dd3f21628364,4431ab7b-17f3-4bc6-8ee4-691efbcdfdeb:OUTLINE:7737dd3f21628364,4431ab7b-17f3-4bc6-8ee4-691efbcdfdeb,netgear-rbk852.pdf,RBK852,978397cf-03c4-5a59-b4a0-e798503d01b6,Factory settings for Orbi router model RBR860,Supplemental Information > Factory settings for Orbi routers > Factory settings for Orbi router model RBR860,Supplemental Information > Factory settings for Orbi routers,3,142,143,P5,1,1,1,1,1782,1782,446,446,1,a2a18868-488c-55c3-9fc3-5ab64fece2c2,a2a18868-488c-55c3-9fc3-5ab64fece2c2,4431ab7b-17f3-4bc6-8ee4-691efbcdfdeb:a2a18868-488c-55c3-9fc3-5ab64fece2c2,True,leaf outline with direct text candidate
4431ab7b-17f3-4bc6-8ee4-691efbcdfdeb:OUTLINE:35ce9e3d787b54f5,4431ab7b-17f3-4bc6-8ee4-691efbcdfdeb:OUTLINE:35ce9e3d787b54f5,4431ab7b-17f3-4bc6-8ee4-691efbcdfdeb,netgear-rbk852.pdf,RBK852,389fb990-3879-5541-9856-daaabcee03c3,Factory settings for Orbi router model RBR850,Supplemental Information > Factory settings for Orbi routers > Factory settings for Orbi router model RBR850,Supplemental Information > Factory settings for Orbi routers,3,144,145,P5,1,1,1,1,1782,1782,446,446,1,cdac7c72-b999-5be2-9703-1606b71ed2e3,cdac7c72-b999-5be2-9703-1606b71ed2e3,4431ab7b-17f3-4bc6-8ee4-691efbcdfdeb:cdac7c72-b999-5be2-9703-1606b71ed2e3,True,leaf outline with direct text candidate
4431ab7b-17f3-4bc6-8ee4-691efbcdfdeb:OUTLINE:9d08e8344b303ffe,4431ab7b-17f3-4bc6-8ee4-691efbcdfdeb:OUTLINE:9d08e8344b303ffe,4431ab7b-17f3-4bc6-8ee4-691efbcdfdeb,netgear-rbk852.pdf,RBK852,28daaec5-1a90-5ba3-8d0c-4bec49af4420,Factory settings for Orbi router model RBR840,Supplemental Information > Factory settings for Orbi routers > Factory settings for Orbi router model RBR840,Supplemental Information > Factory settings for Orbi routers,3,146,147,P5,1,1,1,1,1782,1782,446,446,1,11ad961d-c956-53b2-ba51-10300c742fd6,11ad961d-c956-53b2-ba51-10300c742fd6,4431ab7b-17f3-4bc6-8ee4-691efbcdfdeb:11ad961d-c956-53b2-ba51-10300c742fd6,True,leaf outline with direct text candidate
4431ab7b-17f3-4bc6-8ee4-691efbcdfdeb:OUTLINE:bffbf20290a77fd9,4431ab7b-17f3-4bc6-8ee4-691efbcdfdeb:OUTLINE:bffbf20290a77fd9,4431ab7b-17f3-4bc6-8ee4-691efbcdfdeb,netgear-rbk852.pdf,RBK852,75f86a0e-21d7-5a74-8d91-170f02ed1952,Factory settings for Orbi satellite model RBS860,Supplemental Information > Factory settings for Orbi satellites > Factory settings for Orbi satellite model RBS860,Supplemental Information > Factory settings for Orbi satellites,3,148,149,P5,1,1,1,1,1677,1677,420,420,1,ab4a7616-7297-5ac3-a7b1-2c26e503bc1b,ab4a7616-7297-5ac3-a7b1-2c26e503bc1b,4431ab7b-17f3-4bc6-8ee4-691efbcdfdeb:ab4a7616-7297-5ac3-a7b1-2c26e503bc1b,True,leaf outline with direct text candidate
4431ab7b-17f3-4bc6-8ee4-691efbcdfdeb:OUTLINE:a9e354e81628d53d,4431ab7b-17f3-4bc6-8ee4-691efbcdfdeb:OUTLINE:a9e354e81628d53d,4431ab7b-17f3-4bc6-8ee4-691efbcdfdeb,netgear-rbk852.pdf,RBK852,a9a55321-4514-570b-bb77-0eff1bbbf615,Factory settings for Orbi satellite model RBS850,Supplemental Information > Factory settings for Orbi satellites > Factory settings for Orbi satellite model RBS850,Supplemental Information > Factory settings for Orbi satellites,3,149,151,P5,1,1,1,1,1767,1767,442,442,1,6233c88d-e8b5-585a-b54a-bd3013d7c812,6233c88d-e8b5-585a-b54a-bd3013d7c812,4431ab7b-17f3-4bc6-8ee4-691efbcdfdeb:6233c88d-e8b5-585a-b54a-bd3013d7c812,True,leaf outline with direct text candidate
4431ab7b-17f3-4bc6-8ee4-691efbcdfdeb:OUTLINE:e36dbbfbd23f5a63,4431ab7b-17f3-4bc6-8ee4-691efbcdfdeb:OUTLINE:e36dbbfbd23f5a63,4431ab7b-17f3-4bc6-8ee4-691efbcdfdeb,netgear-rbk852.pdf,RBK852,bbd02db8-064a-55cb-a043-557318c21e08,Factory settings for Orbi satellite model RBS840,Supplemental Information > Factory settings for Orbi satellites > Factory settings for Orbi satellite model RBS840,Supplemental Information > Factory settings for Orbi satellites,3,151,152,P5,1,1,1,1,1679,1679,420,420,1,e6cf1794-ace6-5efb-ae0f-e5f641a47398,e6cf1794-ace6-5efb-ae0f-e5f641a47398,4431ab7b-17f3-4bc6-8ee4-691efbcdfdeb:e6cf1794-ace6-5efb-ae0f-e5f641a47398,True,leaf outline with direct text candidate
4431ab7b-17f3-4bc6-8ee4-691efbcdfdeb:OUTLINE:c8dda2d02b2d012f,4431ab7b-17f3-4bc6-8ee4-691efbcdfdeb:OUTLINE:c8dda2d02b2d012f,4431ab7b-17f3-4bc6-8ee4-691efbcdfdeb,netgear-rbk852.pdf,RBK852,f4efbe4c-0db6-5195-941c-18bce9992a4a,Technical specifications for Orbi router model RBR860,Supplemental Information > Technical specifications for Orbi routers > Technical specifications for Orbi router model RBR860,Supplemental Information > Technical specifications for Orbi routers,3,153,154,P5,1,1,1,1,2196,2196,549,549,1,e4939a4b-9156-516f-8ab3-6b163b0f0236,e4939a4b-9156-516f-8ab3-6b163b0f0236,4431ab7b-17f3-4bc6-8ee4-691efbcdfdeb:e4939a4b-9156-516f-8ab3-6b163b0f0236,True,leaf outline with direct text candidate
4431ab7b-17f3-4bc6-8ee4-691efbcdfdeb:OUTLINE:572357b5f9609b1e,4431ab7b-17f3-4bc6-8ee4-691efbcdfdeb:OUTLINE:572357b5f9609b1e,4431ab7b-17f3-4bc6-8ee4-691efbcdfdeb,netgear-rbk852.pdf,RBK852,5d7ee025-3322-5e47-889f-7cd5439ef151,Technical specifications for Orbi router model RBR850,Supplemental Information > Technical specifications for Orbi routers > Technical specifications for Orbi router model RBR850,Supplemental Information > Technical specifications for Orbi routers,3,154,155,P5,1,1,1,1,2197,2197,550,550,1,54d1ff30-e120-5e1a-a25d-dfa8fe2dad84,54d1ff30-e120-5e1a-a25d-dfa8fe2dad84,4431ab7b-17f3-4bc6-8ee4-691efbcdfdeb:54d1ff30-e120-5e1a-a25d-dfa8fe2dad84,True,leaf outline with direct text candidate
4431ab7b-17f3-4bc6-8ee4-691efbcdfdeb:OUTLINE:8f56348964699311,4431ab7b-17f3-4bc6-8ee4-691efbcdfdeb:OUTLINE:8f56348964699311,4431ab7b-17f3-4bc6-8ee4-691efbcdfdeb,netgear-rbk852.pdf,RBK852,4a22b377-8123-5afb-9704-1417b2a654fb,Technical specifications for Orbi router model RBR840,Supplemental Information > Technical specifications for Orbi routers > Technical specifications for Orbi router model RBR840,Supplemental Information > Technical specifications for Orbi routers,3,156,157,P5,1,1,1,1,2195,2195,549,549,1,f91536e2-4a2d-5c63-8adf-246ff6c337b5,f91536e2-4a2d-5c63-8adf-246ff6c337b5,4431ab7b-17f3-4bc6-8ee4-691efbcdfdeb:f91536e2-4a2d-5c63-8adf-246ff6c337b5,True,leaf outline with direct text candidate
4431ab7b-17f3-4bc6-8ee4-691efbcdfdeb:OUTLINE:c639c332c68d10e6,4431ab7b-17f3-4bc6-8ee4-691efbcdfdeb:OUTLINE:c639c332c68d10e6,4431ab7b-17f3-4bc6-8ee4-691efbcdfdeb,netgear-rbk852.pdf,RBK852,a03eae72-6b15-594c-850e-cb56e807f133,Technical specifications for Orbi satellite model RBS860,Supplemental Information > Technical specifications for Orbi satellites > Technical specifications for Orbi satellite model RBS860,Supplemental Information > Technical specifications for Orbi satellites,3,157,158,P5,1,1,1,1,2061,2061,516,516,1,9bbe0082-882c-532b-aeaa-f26459eea9a3,9bbe0082-882c-532b-aeaa-f26459eea9a3,4431ab7b-17f3-4bc6-8ee4-691efbcdfdeb:9bbe0082-882c-532b-aeaa-f26459eea9a3,True,leaf outline with direct text candidate
4431ab7b-17f3-4bc6-8ee4-691efbcdfdeb:OUTLINE:54b1704a963b0837,4431ab7b-17f3-4bc6-8ee4-691efbcdfdeb:OUTLINE:54b1704a963b0837,4431ab7b-17f3-4bc6-8ee4-691efbcdfdeb,netgear-rbk852.pdf,RBK852,fe3ca599-8e27-568b-8c78-9088be40ad0f,Technical specifications for Orbi satellite model RBS850,Supplemental Information > Technical specifications for Orbi satellites > Technical specifications for Orbi satellite model RBS850,Supplemental Information > Technical specifications for Orbi satellites,3,159,160,P5,1,1,1,1,2061,2061,516,516,1,4b9f61a2-9e22-5a0d-a802-d61a51f63177,4b9f61a2-9e22-5a0d-a802-d61a51f63177,4431ab7b-17f3-4bc6-8ee4-691efbcdfdeb:4b9f61a2-9e22-5a0d-a802-d61a51f63177,True,leaf outline with direct text candidate
4431ab7b-17f3-4bc6-8ee4-691efbcdfdeb:OUTLINE:020eeede04137f6c,4431ab7b-17f3-4bc6-8ee4-691efbcdfdeb:OUTLINE:020eeede04137f6c,4431ab7b-17f3-4bc6-8ee4-691efbcdfdeb,netgear-rbk852.pdf,RBK852,fefc0418-6048-5626-ae29-1435f89c9329,Technical specifications for Orbi satellite model RBS840,Supplemental Information > Technical specifications for Orbi satellites > Technical specifications for Orbi satellite model RBS840,Supplemental Information > Technical specifications for Orbi satellites,3,160,161,P5,1,1,1,1,2059,2059,515,515,1,ccf3efaf-ba7b-59e5-a7b9-c8f2c4218a99,ccf3efaf-ba7b-59e5-a7b9-c8f2c4218a99,4431ab7b-17f3-4bc6-8ee4-691efbcdfdeb:ccf3efaf-ba7b-59e5-a7b9-c8f2c4218a99,True,leaf outline with direct text candidate
404fe683-4727-4c53-9c1d-9adf98a793c4:OUTLINE:89ac3ac6d4a7bbea,404fe683-4727-4c53-9c1d-9adf98a793c4:OUTLINE:89ac3ac6d4a7bbea,404fe683-4727-4c53-9c1d-9adf98a793c4,netgear-xr500.pdf,XR500,2419f54e-afd4-5c52-81a3-124745783f53,Unpack your router,Hardware Setup > Unpack your router,Hardware Setup,2,11,11,P1,1,1,1,1,142,142,36,36,1,3252b308-2ca3-5fec-b98f-6d89b53b5bb2,3252b308-2ca3-5fec-b98f-6d89b53b5bb2,404fe683-4727-4c53-9c1d-9adf98a793c4:3252b308-2ca3-5fec-b98f-6d89b53b5bb2,True,leaf outline with direct text candidate
404fe683-4727-4c53-9c1d-9adf98a793c4:OUTLINE:0252ffe58cee2cf0,404fe683-4727-4c53-9c1d-9adf98a793c4:OUTLINE:0252ffe58cee2cf0,404fe683-4727-4c53-9c1d-9adf98a793c4,netgear-xr500.pdf,XR500,b23dc155-d5b2-5d50-b635-2effdb8056d3,"LEDs, buttons, and borts on the front panel, top panel, and left side panel","Hardware Setup > LEDs, buttons, and borts on the front panel, top panel, and left side panel",Hardware Setup,2,12,13,P1,1,1,1,1,2806,2806,702,702,1,ecbc20a8-f91e-57fd-8779-9760da4668bb,ecbc20a8-f91e-57fd-8779-9760da4668bb,404fe683-4727-4c53-9c1d-9adf98a793c4:ecbc20a8-f91e-57fd-8779-9760da4668bb,True,leaf outline with direct text candidate
404fe683-4727-4c53-9c1d-9adf98a793c4:OUTLINE:7614a09c7c5f91bc,404fe683-4727-4c53-9c1d-9adf98a793c4:OUTLINE:7614a09c7c5f91bc,404fe683-4727-4c53-9c1d-9adf98a793c4,netgear-xr500.pdf,XR500,723c9f03-8291-54b1-8338-74d0ea6db79a,Rear panel,Hardware Setup > Rear panel,Hardware Setup,2,14,14,P1,1,1,1,1,1169,1169,293,293,1,006eed5c-e000-5ec1-a08e-279a17f498a8,006eed5c-e000-5ec1-a08e-279a17f498a8,404fe683-4727-4c53-9c1d-9adf98a793c4:006eed5c-e000-5ec1-a08e-279a17f498a8,True,leaf outline with direct text candidate
404fe683-4727-4c53-9c1d-9adf98a793c4:OUTLINE:e9dd84d37772b9a2,404fe683-4727-4c53-9c1d-9adf98a793c4:OUTLINE:e9dd84d37772b9a2,404fe683-4727-4c53-9c1d-9adf98a793c4,netgear-xr500.pdf,XR500,4b69bc65-3090-5e95-9671-7da370ac9f44,Attach the antennas,Hardware Setup > Attach the antennas,Hardware Setup,2,15,15,P1,1,1,1,1,591,591,148,148,1,c1bbeaf3-0cc7-5f48-a358-0d424f46d8c9,c1bbeaf3-0cc7-5f48-a358-0d424f46d8c9,404fe683-4727-4c53-9c1d-9adf98a793c4:c1bbeaf3-0cc7-5f48-a358-0d424f46d8c9,True,leaf outline with direct text candidate
404fe683-4727-4c53-9c1d-9adf98a793c4:OUTLINE:a51f9d983a829e2f,404fe683-4727-4c53-9c1d-9adf98a793c4:OUTLINE:a51f9d983a829e2f,404fe683-4727-4c53-9c1d-9adf98a793c4,netgear-xr500.pdf,XR500,963db16d-7aee-54be-90dc-e6e72e4bdde1,Router Label,Hardware Setup > Router Label,Hardware Setup,2,16,16,P1,1,1,1,1,220,220,55,55,1,2c628940-043e-573d-bf02-d5ef00b1d847,2c628940-043e-573d-bf02-d5ef00b1d847,404fe683-4727-4c53-9c1d-9adf98a793c4:2c628940-043e-573d-bf02-d5ef00b1d847,True,leaf outline with direct text candidate
404fe683-4727-4c53-9c1d-9adf98a793c4:OUTLINE:79aeb7edd70d3319,404fe683-4727-4c53-9c1d-9adf98a793c4:OUTLINE:79aeb7edd70d3319,404fe683-4727-4c53-9c1d-9adf98a793c4,netgear-xr500.pdf,XR500,bbdb1af7-52e9-5cfe-99f1-7ae8c2fabb90,Position your router,Hardware Setup > Position your router,Hardware Setup,2,16,17,P1,1,1,1,1,1609,1609,403,403,0,3306c8f4-19f8-5ecd-9f90-540aa401d707,3306c8f4-19f8-5ecd-9f90-540aa401d707,404fe683-4727-4c53-9c1d-9adf98a793c4:3306c8f4-19f8-5ecd-9f90-540aa401d707,True,leaf outline with direct text candidate
404fe683-4727-4c53-9c1d-9adf98a793c4:OUTLINE:4781bd4ea612c3fb,404fe683-4727-4c53-9c1d-9adf98a793c4:OUTLINE:4781bd4ea612c3fb,404fe683-4727-4c53-9c1d-9adf98a793c4,netgear-xr500.pdf,XR500,a7a76d07-8b03-5b66-90cf-5fe822445f46,Cable your router,Hardware Setup > Cable your router,Hardware Setup,2,18,18,P1,1,1,1,1,666,666,167,167,1,03b606e7-5f2d-5679-abfc-0398b69beeab,03b606e7-5f2d-5679-abfc-0398b69beeab,404fe683-4727-4c53-9c1d-9adf98a793c4:03b606e7-5f2d-5679-abfc-0398b69beeab,True,leaf outline with direct text candidate
404fe683-4727-4c53-9c1d-9adf98a793c4:OUTLINE:7eab92d4662cc433,404fe683-4727-4c53-9c1d-9adf98a793c4:OUTLINE:7eab92d4662cc433,404fe683-4727-4c53-9c1d-9adf98a793c4,netgear-xr500.pdf,XR500,1b888c35-f4dc-5a4d-865a-4300e6fd7c22,Turn the LEDs on or off using the LED On/Off switch,Hardware Setup > Turn the LEDs on or off using the LED On/Off switch,Hardware Setup,2,18,19,P1,1,1,1,1,491,491,123,123,0,dab3451b-6f07-5c3a-886b-90dd0b30a27c,dab3451b-6f07-5c3a-886b-90dd0b30a27c,404fe683-4727-4c53-9c1d-9adf98a793c4:dab3451b-6f07-5c3a-886b-90dd0b30a27c,True,leaf outline with direct text candidate
404fe683-4727-4c53-9c1d-9adf98a793c4:OUTLINE:aedf68ff3da862c4,404fe683-4727-4c53-9c1d-9adf98a793c4:OUTLINE:aedf68ff3da862c4,404fe683-4727-4c53-9c1d-9adf98a793c4,netgear-xr500.pdf,XR500,81d80027-4e13-5051-99a0-828637b150f1,Connect to the router using a wired connection,Connect to the Network and Access the Router > Connect to the router network > Connect to the router using a wired connection,Connect to the Network and Access the Router > Connect to the router network,3,21,21,P1,1,1,1,1,459,459,115,115,0,041af6d2-f4a9-5f83-a963-204b752c27c8,041af6d2-f4a9-5f83-a963-204b752c27c8,404fe683-4727-4c53-9c1d-9adf98a793c4:041af6d2-f4a9-5f83-a963-204b752c27c8,True,leaf outline with direct text candidate
404fe683-4727-4c53-9c1d-9adf98a793c4:OUTLINE:41ba92c1cd759ea9,404fe683-4727-4c53-9c1d-9adf98a793c4:OUTLINE:41ba92c1cd759ea9,404fe683-4727-4c53-9c1d-9adf98a793c4,netgear-xr500.pdf,XR500,901df133-37f4-57a5-ac2c-d562e4775312,Connect to the router WiFi network,Connect to the Network and Access the Router > Connect to the router network > Connect to the router WiFi network,Connect to the Network and Access the Router > Connect to the router network,3,21,21,P1,1,1,1,1,565,565,142,142,0,2a1b1cbd-974a-5a9c-9219-1347ad1801b0,2a1b1cbd-974a-5a9c-9219-1347ad1801b0,404fe683-4727-4c53-9c1d-9adf98a793c4:2a1b1cbd-974a-5a9c-9219-1347ad1801b0,True,leaf outline with direct text candidate
404fe683-4727-4c53-9c1d-9adf98a793c4:OUTLINE:5fc7630e2058bda4,404fe683-4727-4c53-9c1d-9adf98a793c4:OUTLINE:5fc7630e2058bda4,404fe683-4727-4c53-9c1d-9adf98a793c4,netgear-xr500.pdf,XR500,34fbb47d-dea7-5e9e-8f29-d5dc0aee1f7e,WiFi connection using WPS,Connect to the Network and Access the Router > Connect to the router network > WiFi connection using WPS,Connect to the Network and Access the Router > Connect to the router network,3,21,22,P1,1,1,1,1,542,542,136,136,0,1626145c-941b-5306-965b-0649f9ad702c,1626145c-941b-5306-965b-0649f9ad702c,404fe683-4727-4c53-9c1d-9adf98a793c4:1626145c-941b-5306-965b-0649f9ad702c,True,leaf outline with direct text candidate
404fe683-4727-4c53-9c1d-9adf98a793c4:OUTLINE:ae3a244734afb7ee,404fe683-4727-4c53-9c1d-9adf98a793c4:OUTLINE:ae3a244734afb7ee,404fe683-4727-4c53-9c1d-9adf98a793c4,netgear-xr500.pdf,XR500,5947f5b4-2a86-5a9d-a9cc-5089566528be,Types of logins,Connect to the Network and Access the Router > Types of logins,Connect to the Network and Access the Router,2,22,22,P1,1,1,1,1,708,708,177,177,0,9436a4bb-b2b0-535c-97a9-a90ba4db7deb,9436a4bb-b2b0-535c-97a9-a90ba4db7deb,404fe683-4727-4c53-9c1d-9adf98a793c4:9436a4bb-b2b0-535c-97a9-a90ba4db7deb,True,leaf outline with direct text candidate
404fe683-4727-4c53-9c1d-9adf98a793c4:OUTLINE:3fb8aba617a660dc,404fe683-4727-4c53-9c1d-9adf98a793c4:OUTLINE:3fb8aba617a660dc,404fe683-4727-4c53-9c1d-9adf98a793c4,netgear-xr500.pdf,XR500,81595570-414d-5510-9879-9c81a45e4e3a,Automatic Internet setup,Connect to the Network and Access the Router > Use a web browser to access the router > Automatic Internet setup,Connect to the Network and Access the Router > Use a web browser to access the router,3,22,24,P1,1,1,1,1,3866,3866,967,967,0,468a7470-138f-5fd9-9482-ab2192c0775c,468a7470-138f-5fd9-9482-ab2192c0775c,404fe683-4727-4c53-9c1d-9adf98a793c4:468a7470-138f-5fd9-9482-ab2192c0775c,True,leaf outline with direct text candidate
404fe683-4727-4c53-9c1d-9adf98a793c4:OUTLINE:e5f5941e9398252c,404fe683-4727-4c53-9c1d-9adf98a793c4:OUTLINE:e5f5941e9398252c,404fe683-4727-4c53-9c1d-9adf98a793c4,netgear-xr500.pdf,XR500,46e4ba0a-1f63-5b02-9ef0-14f58ac0d4d8,Log in to the router,Connect to the Network and Access the Router > Use a web browser to access the router > Log in to the router,Connect to the Network and Access the Router > Use a web browser to access the router,3,24,25,P1,1,1,1,1,1292,1292,323,323,0,d202bc2d-b259-5bf3-8c35-b6db14f126b2,d202bc2d-b259-5bf3-8c35-b6db14f126b2,404fe683-4727-4c53-9c1d-9adf98a793c4:d202bc2d-b259-5bf3-8c35-b6db14f126b2,True,leaf outline with direct text candidate
404fe683-4727-4c53-9c1d-9adf98a793c4:OUTLINE:39b48951f457ca26,404fe683-4727-4c53-9c1d-9adf98a793c4:OUTLINE:39b48951f457ca26,404fe683-4727-4c53-9c1d-9adf98a793c4,netgear-xr500.pdf,XR500,895e5299-d2aa-5062-9bd4-e6675dda05cb,Change the language,Connect to the Network and Access the Router > Use a web browser to access the router > Change the language,Connect to the Network and Access the Router > Use a web browser to access the router,3,25,25,P1,1,1,1,1,568,568,142,142,0,a5d015c5-2c00-5c73-acb3-3df4ba35b9dc,a5d015c5-2c00-5c73-acb3-3df4ba35b9dc,404fe683-4727-4c53-9c1d-9adf98a793c4:a5d015c5-2c00-5c73-acb3-3df4ba35b9dc,True,leaf outline with direct text candidate
404fe683-4727-4c53-9c1d-9adf98a793c4:OUTLINE:999e663f23e0493a,404fe683-4727-4c53-9c1d-9adf98a793c4:OUTLINE:999e663f23e0493a,404fe683-4727-4c53-9c1d-9adf98a793c4,netgear-xr500.pdf,XR500,5d36824f-936f-53f3-b208-c5a2f18d74f2,Manage your router with the NETGEAR Nighthawk app,Connect to the Network and Access the Router > Manage your router with the NETGEAR Nighthawk app,Connect to the Network and Access the Router,2,26,26,P1,1,1,1,1,753,753,189,189,0,0ec893b4-371c-56d1-aa28-a4554e9c6c76,0ec893b4-371c-56d1-aa28-a4554e9c6c76,404fe683-4727-4c53-9c1d-9adf98a793c4:0ec893b4-371c-56d1-aa28-a4554e9c6c76,True,leaf outline with direct text candidate
404fe683-4727-4c53-9c1d-9adf98a793c4:OUTLINE:615f1a78bd39eb84,404fe683-4727-4c53-9c1d-9adf98a793c4:OUTLINE:615f1a78bd39eb84,404fe683-4727-4c53-9c1d-9adf98a793c4,netgear-xr500.pdf,XR500,8e0bf877-f0d6-50af-859f-8446fda7e27a,Use the Internet Setup Wizard,Specify Your Internet Settings > Use the Internet Setup Wizard,Specify Your Internet Settings,2,28,28,P1,1,1,1,1,1070,1070,268,268,0,7b0246d6-803e-5961-beda-103350283fe6,7b0246d6-803e-5961-beda-103350283fe6,404fe683-4727-4c53-9c1d-9adf98a793c4:7b0246d6-803e-5961-beda-103350283fe6,True,leaf outline with direct text candidate
404fe683-4727-4c53-9c1d-9adf98a793c4:OUTLINE:8c80cd632556e4e9,404fe683-4727-4c53-9c1d-9adf98a793c4:OUTLINE:8c80cd632556e4e9,404fe683-4727-4c53-9c1d-9adf98a793c4,netgear-xr500.pdf,XR500,e4784163-b53a-5939-b73f-d978fc30f2a9,Specify an Internet connection without a login,Specify Your Internet Settings > Manually set up the Internet connection > Specify an Internet connection without a login,Specify Your Internet Settings > Manually set up the Internet connection,3,28,30,P1,1,1,1,1,2312,2312,578,578,0,cb248990-463a-5428-8ee2-082f71f0484e,cb248990-463a-5428-8ee2-082f71f0484e,404fe683-4727-4c53-9c1d-9adf98a793c4:cb248990-463a-5428-8ee2-082f71f0484e,True,leaf outline with direct text candidate
404fe683-4727-4c53-9c1d-9adf98a793c4:OUTLINE:78f2799eec8f9929,404fe683-4727-4c53-9c1d-9adf98a793c4:OUTLINE:78f2799eec8f9929,404fe683-4727-4c53-9c1d-9adf98a793c4,netgear-xr500.pdf,XR500,715beeda-e083-53ce-adf3-3c4a47e69365,Specify an Internet connection that uses a login,Specify Your Internet Settings > Manually set up the Internet connection > Specify an Internet connection that uses a login,Specify Your Internet Settings > Manually set up the Internet connection,3,30,31,P1,1,1,1,1,2798,2798,700,700,0,4ce6674a-ec08-51a0-a669-8b061cc15515,4ce6674a-ec08-51a0-a669-8b061cc15515,404fe683-4727-4c53-9c1d-9adf98a793c4:4ce6674a-ec08-51a0-a669-8b061cc15515,True,leaf outline with direct text candidate
404fe683-4727-4c53-9c1d-9adf98a793c4:OUTLINE:a601ee74ef01a3a2,404fe683-4727-4c53-9c1d-9adf98a793c4:OUTLINE:a601ee74ef01a3a2,404fe683-4727-4c53-9c1d-9adf98a793c4,netgear-xr500.pdf,XR500,1a34ab01-1261-5edf-8a22-c91347c27ad8,Requirements for entering IPv6 addresses,Specify Your Internet Settings > Specify IPv6 Internet connections > Requirements for entering IPv6 addresses,Specify Your Internet Settings > Specify IPv6 Internet connections,3,32,32,P1,1,1,1,1,376,376,94,94,0,38a1748c-19a7-561f-abc7-68725a8af5bb,38a1748c-19a7-561f-abc7-68725a8af5bb,404fe683-4727-4c53-9c1d-9adf98a793c4:38a1748c-19a7-561f-abc7-68725a8af5bb,True,leaf outline with direct text candidate
404fe683-4727-4c53-9c1d-9adf98a793c4:OUTLINE:4acb33c5d05614f1,404fe683-4727-4c53-9c1d-9adf98a793c4:OUTLINE:4acb33c5d05614f1,404fe683-4727-4c53-9c1d-9adf98a793c4,netgear-xr500.pdf,XR500,5ee3ce16-a859-5894-8313-12b3f1f256a3,Use Auto Detect for an IPv6 Internet connection,Specify Your Internet Settings > Specify IPv6 Internet connections > Use Auto Detect for an IPv6 Internet connection,Specify Your Internet Settings > Specify IPv6 Internet connections,3,33,34,P1,1,1,1,1,2265,2265,567,567,0,9bfd71a5-dadc-5613-b018-6a404f1ce73e,9bfd71a5-dadc-5613-b018-6a404f1ce73e,404fe683-4727-4c53-9c1d-9adf98a793c4:9bfd71a5-dadc-5613-b018-6a404f1ce73e,True,leaf outline with direct text candidate
404fe683-4727-4c53-9c1d-9adf98a793c4:OUTLINE:e56ff86c57f00c6d,404fe683-4727-4c53-9c1d-9adf98a793c4:OUTLINE:e56ff86c57f00c6d,404fe683-4727-4c53-9c1d-9adf98a793c4,netgear-xr500.pdf,XR500,676f64a2-7747-509c-b1d9-4dd4cd7a6165,Use Auto Config for an IPv6 Internet connection,Specify Your Internet Settings > Specify IPv6 Internet connections > Use Auto Config for an IPv6 Internet connection,Specify Your Internet Settings > Specify IPv6 Internet connections,3,34,35,P1,1,1,1,1,3261,3261,816,816,0,9df516cc-e501-5659-a3f9-c41bcfac4d7a,9df516cc-e501-5659-a3f9-c41bcfac4d7a,404fe683-4727-4c53-9c1d-9adf98a793c4:9df516cc-e501-5659-a3f9-c41bcfac4d7a,True,leaf outline with direct text candidate
404fe683-4727-4c53-9c1d-9adf98a793c4:OUTLINE:d330686b16c734af,404fe683-4727-4c53-9c1d-9adf98a793c4:OUTLINE:d330686b16c734af,404fe683-4727-4c53-9c1d-9adf98a793c4,netgear-xr500.pdf,XR500,63b47541-a348-5427-bb1a-9ab5c7f8f796,Set up an IPv6 6to4 tunnel Internet connection,Specify Your Internet Settings > Specify IPv6 Internet connections > Set up an IPv6 6to4 tunnel Internet connection,Specify Your Internet Settings > Specify IPv6 Internet connections,3,35,37,P1,1,1,1,1,2786,2786,697,697,0,834d76fe-2888-592e-b6c3-024e63025c48,834d76fe-2888-592e-b6c3-024e63025c48,404fe683-4727-4c53-9c1d-9adf98a793c4:834d76fe-2888-592e-b6c3-024e63025c48,True,leaf outline with direct text candidate
404fe683-4727-4c53-9c1d-9adf98a793c4:OUTLINE:18888eec39f3c158,404fe683-4727-4c53-9c1d-9adf98a793c4:OUTLINE:18888eec39f3c158,404fe683-4727-4c53-9c1d-9adf98a793c4,netgear-xr500.pdf,XR500,59d1d2a6-363e-5a8b-ab03-b8361a9497a3,Set up an IPv6 6rd Internet connection,Specify Your Internet Settings > Specify IPv6 Internet connections > Set up an IPv6 6rd Internet connection,Specify Your Internet Settings > Specify IPv6 Internet connections,3,37,39,P1,1,1,1,1,3545,3545,887,887,0,282edebd-a54e-5a4f-8962-ff2166774ce6,282edebd-a54e-5a4f-8962-ff2166774ce6,404fe683-4727-4c53-9c1d-9adf98a793c4:282edebd-a54e-5a4f-8962-ff2166774ce6,True,leaf outline with direct text candidate
404fe683-4727-4c53-9c1d-9adf98a793c4:OUTLINE:b332691ccfbd4182,404fe683-4727-4c53-9c1d-9adf98a793c4:OUTLINE:b332691ccfbd4182,404fe683-4727-4c53-9c1d-9adf98a793c4,netgear-xr500.pdf,XR500,2c5a5025-8c50-5478-8704-3f63eda8eed8,Set up an IPv6 pass through Internet connection,Specify Your Internet Settings > Specify IPv6 Internet connections > Set up an IPv6 pass through Internet connection,Specify Your Internet Settings > Specify IPv6 Internet connections,3,39,39,P1,1,1,1,1,880,880,220,220,0,d5323b0e-c947-5d2b-a251-56da744bf778,d5323b0e-c947-5d2b-a251-56da744bf778,404fe683-4727-4c53-9c1d-9adf98a793c4:d5323b0e-c947-5d2b-a251-56da744bf778,True,leaf outline with direct text candidate
404fe683-4727-4c53-9c1d-9adf98a793c4:OUTLINE:a83acb2e18c8d600,404fe683-4727-4c53-9c1d-9adf98a793c4:OUTLINE:a83acb2e18c8d600,404fe683-4727-4c53-9c1d-9adf98a793c4,netgear-xr500.pdf,XR500,71bd0be8-6259-59b3-8c49-bfe86b8b8cc9,Set up an IPv6 fixed Internet connection,Specify Your Internet Settings > Specify IPv6 Internet connections > Set up an IPv6 fixed Internet connection,Specify Your Internet Settings > Specify IPv6 Internet connections,3,39,41,P1,1,1,1,1,2181,2181,546,546,0,fadb05dd-3cf8-509f-ac61-e3c2940caf65,fadb05dd-3cf8-509f-ac61-e3c2940caf65,404fe683-4727-4c53-9c1d-9adf98a793c4:fadb05dd-3cf8-509f-ac61-e3c2940caf65,True,leaf outline with direct text candidate
404fe683-4727-4c53-9c1d-9adf98a793c4:OUTLINE:90fc01de3ddd93f5,404fe683-4727-4c53-9c1d-9adf98a793c4:OUTLINE:90fc01de3ddd93f5,404fe683-4727-4c53-9c1d-9adf98a793c4,netgear-xr500.pdf,XR500,0497590a-f5d2-578b-8a68-933f40e84a81,Set up an IPv6 DHCP Internet connection,Specify Your Internet Settings > Specify IPv6 Internet connections > Set up an IPv6 DHCP Internet connection,Specify Your Internet Settings > Specify IPv6 Internet connections,3,41,42,P1,1,1,1,1,3238,3238,810,810,0,f766d691-c9b5-5034-b514-b4d863bc7ccb,f766d691-c9b5-5034-b514-b4d863bc7ccb,404fe683-4727-4c53-9c1d-9adf98a793c4:f766d691-c9b5-5034-b514-b4d863bc7ccb,True,leaf outline with direct text candidate
404fe683-4727-4c53-9c1d-9adf98a793c4:OUTLINE:a15cf3131d7cad31,404fe683-4727-4c53-9c1d-9adf98a793c4:OUTLINE:a15cf3131d7cad31,404fe683-4727-4c53-9c1d-9adf98a793c4,netgear-xr500.pdf,XR500,021e9dbf-f3a4-5aad-9a6e-cad7d8cb1513,Set up an IPv6 PPPoE Internet connection,Specify Your Internet Settings > Specify IPv6 Internet connections > Set up an IPv6 PPPoE Internet connection,Specify Your Internet Settings > Specify IPv6 Internet connections,3,42,44,P1,1,1,1,1,3801,3801,951,951,0,69b3dec9-1442-5dc7-87f9-bf24c1cac788,69b3dec9-1442-5dc7-87f9-bf24c1cac788,404fe683-4727-4c53-9c1d-9adf98a793c4:69b3dec9-1442-5dc7-87f9-bf24c1cac788,True,leaf outline with direct text candidate
404fe683-4727-4c53-9c1d-9adf98a793c4:OUTLINE:3c29a1c75370222a,404fe683-4727-4c53-9c1d-9adf98a793c4:OUTLINE:3c29a1c75370222a,404fe683-4727-4c53-9c1d-9adf98a793c4,netgear-xr500.pdf,XR500,ca86ef21-c8a0-5f76-a7fa-b2af9f6b0af3,Change the MTU size,Specify Your Internet Settings > Change the MTU size,Specify Your Internet Settings,2,44,46,P2,1,1,1,1,2611,2611,653,653,1,1e8884a4-347a-5ecf-9de5-b7ea1666347d,1e8884a4-347a-5ecf-9de5-b7ea1666347d,404fe683-4727-4c53-9c1d-9adf98a793c4:1e8884a4-347a-5ecf-9de5-b7ea1666347d,True,leaf outline with direct text candidate
404fe683-4727-4c53-9c1d-9adf98a793c4:OUTLINE:71cffe9b19ade8a0,404fe683-4727-4c53-9c1d-9adf98a793c4:OUTLINE:71cffe9b19ade8a0,404fe683-4727-4c53-9c1d-9adf98a793c4,netgear-xr500.pdf,XR500,45f97097-626a-575a-b6a9-0c041cac6db3,Configure and use the Geo Filter,Customize Quality of Service Settings and Optimize Gaming > Improve response time by using the Geo Filter > Configure and use the Geo Filter,Customize Quality of Service Settings and Optimize Gaming > Improve response time by using the Geo Filter,3,48,50,P2,1,1,1,1,4274,4274,1069,1069,0,8ba6858a-f1ac-5ea1-84bb-6d312e33a8b8,8ba6858a-f1ac-5ea1-84bb-6d312e33a8b8,404fe683-4727-4c53-9c1d-9adf98a793c4:8ba6858a-f1ac-5ea1-84bb-6d312e33a8b8,True,leaf outline with direct text candidate
404fe683-4727-4c53-9c1d-9adf98a793c4:OUTLINE:eba67f42451f93d3,404fe683-4727-4c53-9c1d-9adf98a793c4:OUTLINE:eba67f42451f93d3,404fe683-4727-4c53-9c1d-9adf98a793c4,netgear-xr500.pdf,XR500,ccf9dcd1-be12-55a8-a9c6-eaeec80cab68,Ping a device and allow or deny the device a connection,Customize Quality of Service Settings and Optimize Gaming > Improve response time by using the Geo Filter > Ping a device and allow or deny the device a connection,Customize Quality of Service Settings and Optimize Gaming > Improve response time by using the Geo Filter,3,50,51,P2,1,1,1,1,2048,2048,512,512,0,4d6b13a8-1f03-588d-a483-dea92f4737c0,4d6b13a8-1f03-588d-a483-dea92f4737c0,404fe683-4727-4c53-9c1d-9adf98a793c4:4d6b13a8-1f03-588d-a483-dea92f4737c0,True,leaf outline with direct text candidate
404fe683-4727-4c53-9c1d-9adf98a793c4:OUTLINE:40ad96a494292016,404fe683-4727-4c53-9c1d-9adf98a793c4:OUTLINE:40ad96a494292016,404fe683-4727-4c53-9c1d-9adf98a793c4,netgear-xr500.pdf,XR500,d7af9d9f-be5d-58d1-9dbf-70909e39eda0,Add a device to the Geo Filter,Customize Quality of Service Settings and Optimize Gaming > Improve response time by using the Geo Filter > Add a device to the Geo Filter,Customize Quality of Service Settings and Optimize Gaming > Improve response time by using the Geo Filter,3,51,52,P2,1,1,1,1,1521,1521,381,381,0,8ed41c75-8507-533a-9c92-bdc9852d15f2,8ed41c75-8507-533a-9c92-bdc9852d15f2,404fe683-4727-4c53-9c1d-9adf98a793c4:8ed41c75-8507-533a-9c92-bdc9852d15f2,True,leaf outline with direct text candidate
404fe683-4727-4c53-9c1d-9adf98a793c4:OUTLINE:0ea7e66b3b2109a0,404fe683-4727-4c53-9c1d-9adf98a793c4:OUTLINE:0ea7e66b3b2109a0,404fe683-4727-4c53-9c1d-9adf98a793c4,netgear-xr500.pdf,XR500,074dfd3a-5594-5084-9209-0503c39312fc,Remove a device from the Geo Filter,Customize Quality of Service Settings and Optimize Gaming > Improve response time by using the Geo Filter > Remove a device from the Geo Filter,Customize Quality of Service Settings and Optimize Gaming > Improve response time by using the Geo Filter,3,52,53,P2,1,1,1,1,640,640,160,160,0,e0d82e75-7ccd-57da-a0c1-7d11c5dd45d4,e0d82e75-7ccd-57da-a0c1-7d11c5dd45d4,404fe683-4727-4c53-9c1d-9adf98a793c4:e0d82e75-7ccd-57da-a0c1-7d11c5dd45d4,True,leaf outline with direct text candidate
404fe683-4727-4c53-9c1d-9adf98a793c4:OUTLINE:1c1c0fce4f64a845,404fe683-4727-4c53-9c1d-9adf98a793c4:OUTLINE:1c1c0fce4f64a845,404fe683-4727-4c53-9c1d-9adf98a793c4,netgear-xr500.pdf,XR500,248e6b80-8bbc-5e09-8fa5-eed48202a6a5,Manage the general Geo Filter map settings,Customize Quality of Service Settings and Optimize Gaming > Improve response time by using the Geo Filter > Manage the general Geo Filter map settings,Customize Quality of Service Settings and Optimize Gaming > Improve response time by using the Geo Filter,3,53,54,P2,1,1,1,1,2105,2105,527,527,0,6740bfb7-b169-596e-9935-db23724d90d1,6740bfb7-b169-596e-9935-db23724d90d1,404fe683-4727-4c53-9c1d-9adf98a793c4:6740bfb7-b169-596e-9935-db23724d90d1,True,leaf outline with direct text candidate
404fe683-4727-4c53-9c1d-9adf98a793c4:OUTLINE:404443cd868cae72,404fe683-4727-4c53-9c1d-9adf98a793c4:OUTLINE:404443cd868cae72,404fe683-4727-4c53-9c1d-9adf98a793c4,netgear-xr500.pdf,XR500,4782e553-96e1-58c3-afe0-aee6b638ee26,Prevent network congestion with Anti-Bufferbloat,Customize Quality of Service Settings and Optimize Gaming > Manage bandwidth allocation > Prevent network congestion with Anti-Bufferbloat,Customize Quality of Service Settings and Optimize Gaming > Manage bandwidth allocation,3,54,55,P2,1,1,1,1,3431,3431,858,858,0,44b909e7-8fcd-5a49-bae0-e2be984df636,44b909e7-8fcd-5a49-bae0-e2be984df636,404fe683-4727-4c53-9c1d-9adf98a793c4:44b909e7-8fcd-5a49-bae0-e2be984df636,True,leaf outline with direct text candidate
404fe683-4727-4c53-9c1d-9adf98a793c4:OUTLINE:d17bbd2b50e60d4e,404fe683-4727-4c53-9c1d-9adf98a793c4:OUTLINE:d17bbd2b50e60d4e,404fe683-4727-4c53-9c1d-9adf98a793c4,netgear-xr500.pdf,XR500,cc7cde30-68b7-5b77-9cc7-72c6a2b58066,Disable Anti-Bufferbloat,Customize Quality of Service Settings and Optimize Gaming > Manage bandwidth allocation > Disable Anti-Bufferbloat,Customize Quality of Service Settings and Optimize Gaming > Manage bandwidth allocation,3,55,56,P2,1,1,1,1,904,904,226,226,0,0af89c5e-851e-59b9-8b2c-12436af05d06,0af89c5e-851e-59b9-8b2c-12436af05d06,404fe683-4727-4c53-9c1d-9adf98a793c4:0af89c5e-851e-59b9-8b2c-12436af05d06,True,leaf outline with direct text candidate
404fe683-4727-4c53-9c1d-9adf98a793c4:OUTLINE:795c1902e40a8509,404fe683-4727-4c53-9c1d-9adf98a793c4:OUTLINE:795c1902e40a8509,404fe683-4727-4c53-9c1d-9adf98a793c4,netgear-xr500.pdf,XR500,4a7eb949-d352-53ef-a5f6-39b0600180d8,Allocate bandwidth to devices,Customize Quality of Service Settings and Optimize Gaming > Manage bandwidth allocation > Allocate bandwidth to devices,Customize Quality of Service Settings and Optimize Gaming > Manage bandwidth allocation,3,56,58,P2,1,1,1,1,4441,4441,1111,1111,0,53eeec65-7862-5a55-93fa-83ec0819ce48,53eeec65-7862-5a55-93fa-83ec0819ce48,404fe683-4727-4c53-9c1d-9adf98a793c4:53eeec65-7862-5a55-93fa-83ec0819ce48,True,leaf outline with direct text candidate
404fe683-4727-4c53-9c1d-9adf98a793c4:OUTLINE:78d21cf88cf4cc1a,404fe683-4727-4c53-9c1d-9adf98a793c4:OUTLINE:78d21cf88cf4cc1a,404fe683-4727-4c53-9c1d-9adf98a793c4,netgear-xr500.pdf,XR500,dcbb88db-c911-58eb-8519-41f5cc628195,Reset the bandwidth distribution,Customize Quality of Service Settings and Optimize Gaming > Manage bandwidth allocation > Reset the bandwidth distribution,Customize Quality of Service Settings and Optimize Gaming > Manage bandwidth allocation,3,58,59,P2,1,1,1,1,1298,1298,325,325,0,9d8a1336-fc86-54a3-9bce-326714dbd1aa,9d8a1336-fc86-54a3-9bce-326714dbd1aa,404fe683-4727-4c53-9c1d-9adf98a793c4:9d8a1336-fc86-54a3-9bce-326714dbd1aa,True,leaf outline with direct text candidate
404fe683-4727-4c53-9c1d-9adf98a793c4:OUTLINE:74afed194cd3e540,404fe683-4727-4c53-9c1d-9adf98a793c4:OUTLINE:74afed194cd3e540,404fe683-4727-4c53-9c1d-9adf98a793c4,netgear-xr500.pdf,XR500,d248a6aa-32b8-5c32-ab45-061f96b29d8c,Prioritize traffic for a device and view prioritization information,Customize Quality of Service Settings and Optimize Gaming > Manage traffic prioritization > Prioritize traffic for a device and view prioritization information,Customize Quality of Service Settings and Optimize Gaming > Manage traffic prioritization,3,59,61,P2,1,1,1,1,3232,3232,808,808,0,d9934c94-0789-5258-8d3c-3482e84637b0,d9934c94-0789-5258-8d3c-3482e84637b0,404fe683-4727-4c53-9c1d-9adf98a793c4:d9934c94-0789-5258-8d3c-3482e84637b0,True,leaf outline with direct text candidate
404fe683-4727-4c53-9c1d-9adf98a793c4:OUTLINE:616b0c729e0c8b1e,404fe683-4727-4c53-9c1d-9adf98a793c4:OUTLINE:616b0c729e0c8b1e,404fe683-4727-4c53-9c1d-9adf98a793c4,netgear-xr500.pdf,XR500,554ed324-86b6-52a9-94bd-8cd2f4bf83a3,Add a device for traffic prioritization,Customize Quality of Service Settings and Optimize Gaming > Manage traffic prioritization > Add a device for traffic prioritization,Customize Quality of Service Settings and Optimize Gaming > Manage traffic prioritization,3,61,62,P2,1,1,1,1,1351,1351,338,338,0,3ac82c6c-31ff-53a0-a39c-b5b9db32a00a,3ac82c6c-31ff-53a0-a39c-b5b9db32a00a,404fe683-4727-4c53-9c1d-9adf98a793c4:3ac82c6c-31ff-53a0-a39c-b5b9db32a00a,True,leaf outline with direct text candidate
404fe683-4727-4c53-9c1d-9adf98a793c4:OUTLINE:0a2aec91fb12da40,404fe683-4727-4c53-9c1d-9adf98a793c4:OUTLINE:0a2aec91fb12da40,404fe683-4727-4c53-9c1d-9adf98a793c4,netgear-xr500.pdf,XR500,8fffe789-e210-545c-bb42-3050c04183e6,Stop traffic prioritization for a device,Customize Quality of Service Settings and Optimize Gaming > Manage traffic prioritization > Stop traffic prioritization for a device,Customize Quality of Service Settings and Optimize Gaming > Manage traffic prioritization,3,62,62,P2,1,1,1,1,977,977,245,245,0,fec4b3b4-66ab-5201-9920-12d5e2a1556d,fec4b3b4-66ab-5201-9920-12d5e2a1556d,404fe683-4727-4c53-9c1d-9adf98a793c4:fec4b3b4-66ab-5201-9920-12d5e2a1556d,True,leaf outline with direct text candidate
404fe683-4727-4c53-9c1d-9adf98a793c4:OUTLINE:215381d2cec77fb8,404fe683-4727-4c53-9c1d-9adf98a793c4:OUTLINE:215381d2cec77fb8,404fe683-4727-4c53-9c1d-9adf98a793c4,netgear-xr500.pdf,XR500,28648908-b3b1-5ae7-91d3-a3741489be77,Disable automatic traffic prioritization,Customize Quality of Service Settings and Optimize Gaming > Manage traffic prioritization > Disable automatic traffic prioritization,Customize Quality of Service Settings and Optimize Gaming > Manage traffic prioritization,3,62,63,P2,1,1,1,1,753,753,189,189,0,a3ea9cf4-8b2c-58d6-968e-79d63a4cf993,a3ea9cf4-8b2c-58d6-968e-79d63a4cf993,404fe683-4727-4c53-9c1d-9adf98a793c4:a3ea9cf4-8b2c-58d6-968e-79d63a4cf993,True,leaf outline with direct text candidate
404fe683-4727-4c53-9c1d-9adf98a793c4:OUTLINE:13e3f94c0607bd0e,404fe683-4727-4c53-9c1d-9adf98a793c4:OUTLINE:13e3f94c0607bd0e,404fe683-4727-4c53-9c1d-9adf98a793c4,netgear-xr500.pdf,XR500,2720a78e-2a64-5257-8396-738871aec219,View and manage devices currently on the network,Monitor Devices and the Network and View Router Information > View and manage devices currently on the network,Monitor Devices and the Network and View Router Information,2,65,66,P2,1,1,1,1,2208,2208,552,552,0,41cb8743-94f4-5cc4-82c7-d7346c983ed7,41cb8743-94f4-5cc4-82c7-d7346c983ed7,404fe683-4727-4c53-9c1d-9adf98a793c4:41cb8743-94f4-5cc4-82c7-d7346c983ed7,True,leaf outline with direct text candidate
404fe683-4727-4c53-9c1d-9adf98a793c4:OUTLINE:314a54a9e16dcb22,404fe683-4727-4c53-9c1d-9adf98a793c4:OUTLINE:314a54a9e16dcb22,404fe683-4727-4c53-9c1d-9adf98a793c4,netgear-xr500.pdf,XR500,7bea8827-97c3-521c-8633-60a98cae10db,View network usage information,Monitor Devices and the Network and View Router Information > View network usage information,Monitor Devices and the Network and View Router Information,2,66,68,P2,1,1,1,1,3949,3949,988,988,0,4a67600b-39aa-59f6-a99b-5de5106c1d17,4a67600b-39aa-59f6-a99b-5de5106c1d17,404fe683-4727-4c53-9c1d-9adf98a793c4:4a67600b-39aa-59f6-a99b-5de5106c1d17,True,leaf outline with direct text candidate
404fe683-4727-4c53-9c1d-9adf98a793c4:OUTLINE:d648411d50a8ed5a,404fe683-4727-4c53-9c1d-9adf98a793c4:OUTLINE:d648411d50a8ed5a,404fe683-4727-4c53-9c1d-9adf98a793c4,netgear-xr500.pdf,XR500,e7bed7b6-fadf-5595-9fcc-c0010e87a63b,View router system information,Monitor Devices and the Network and View Router Information > View router system information,Monitor Devices and the Network and View Router Information,2,68,69,P2,1,1,1,1,3130,3130,783,783,0,5b3857c4-c3ea-5f3c-9c1a-6c829facd23e,5b3857c4-c3ea-5f3c-9c1a-6c829facd23e,404fe683-4727-4c53-9c1d-9adf98a793c4:5b3857c4-c3ea-5f3c-9c1a-6c829facd23e,True,leaf outline with direct text candidate
404fe683-4727-4c53-9c1d-9adf98a793c4:OUTLINE:78fcf62edccf4492,404fe683-4727-4c53-9c1d-9adf98a793c4:OUTLINE:78fcf62edccf4492,404fe683-4727-4c53-9c1d-9adf98a793c4,netgear-xr500.pdf,XR500,993eec7c-d2f0-5787-858e-cef1d9d2e028,Customize the dashboard,Monitor Devices and the Network and View Router Information > Customize the dashboard,Monitor Devices and the Network and View Router Information,2,69,70,P2,1,1,1,1,1819,1819,455,455,0,f33c2393-33af-5b95-9c7e-e03b4f5a84ad,f33c2393-33af-5b95-9c7e-e03b4f5a84ad,404fe683-4727-4c53-9c1d-9adf98a793c4:f33c2393-33af-5b95-9c7e-e03b4f5a84ad,True,leaf outline with direct text candidate
404fe683-4727-4c53-9c1d-9adf98a793c4:OUTLINE:3779bdc8250aa5d4,404fe683-4727-4c53-9c1d-9adf98a793c4:OUTLINE:3779bdc8250aa5d4,404fe683-4727-4c53-9c1d-9adf98a793c4,netgear-xr500.pdf,XR500,540b7f47-6086-5c4e-ac85-cdf3eed73786,Add keywords and block access to specific Internet sites,Control Access to the Internet > Block access to Internet sites > Add keywords and block access to specific Internet sites,Control Access to the Internet > Block access to Internet sites,3,72,73,P2,1,1,1,1,1612,1612,403,403,0,b3d54cb4-d5bb-5556-a65b-2e716cec99e5,b3d54cb4-d5bb-5556-a65b-2e716cec99e5,404fe683-4727-4c53-9c1d-9adf98a793c4:b3d54cb4-d5bb-5556-a65b-2e716cec99e5,True,leaf outline with direct text candidate
404fe683-4727-4c53-9c1d-9adf98a793c4:OUTLINE:01a9986bb37196d3,404fe683-4727-4c53-9c1d-9adf98a793c4:OUTLINE:01a9986bb37196d3,404fe683-4727-4c53-9c1d-9adf98a793c4,netgear-xr500.pdf,XR500,e23ae742-2a1b-558d-ab48-725232fd7e00,Delete keywords from the blocked list,Control Access to the Internet > Block access to Internet sites > Delete keywords from the blocked list,Control Access to the Internet > Block access to Internet sites,3,73,73,P2,1,1,1,1,844,844,211,211,0,d2a7f180-b910-584c-ba72-4c6ef5a7447d,d2a7f180-b910-584c-ba72-4c6ef5a7447d,404fe683-4727-4c53-9c1d-9adf98a793c4:d2a7f180-b910-584c-ba72-4c6ef5a7447d,True,leaf outline with direct text candidate
404fe683-4727-4c53-9c1d-9adf98a793c4:OUTLINE:284ed9a9644632aa,404fe683-4727-4c53-9c1d-9adf98a793c4:OUTLINE:284ed9a9644632aa,404fe683-4727-4c53-9c1d-9adf98a793c4,netgear-xr500.pdf,XR500,f4d73e37-099d-5dc1-83d2-a0ef2f2f1603,Avoid blocking on a trusted computer,Control Access to the Internet > Block access to Internet sites > Avoid blocking on a trusted computer,Control Access to the Internet > Block access to Internet sites,3,73,74,P2,1,1,1,1,984,984,246,246,0,9fdebd6a-acc2-5ca8-a411-f158b321024e,9fdebd6a-acc2-5ca8-a411-f158b321024e,404fe683-4727-4c53-9c1d-9adf98a793c4:9fdebd6a-acc2-5ca8-a411-f158b321024e,True,leaf outline with direct text candidate
404fe683-4727-4c53-9c1d-9adf98a793c4:OUTLINE:aeff1341e1e98305,404fe683-4727-4c53-9c1d-9adf98a793c4:OUTLINE:aeff1341e1e98305,404fe683-4727-4c53-9c1d-9adf98a793c4,netgear-xr500.pdf,XR500,68416721-5c23-54d8-aa69-d50b76b2dca1,Block a service or application from accessing the Internet,Control Access to the Internet > Block services and applications with simple outbound firewall rules > Block a service or application from accessing the Internet,Control Access to the Internet > Block services and applications with simple outbound firewall rules,3,75,76,P2,1,1,1,1,2337,2337,585,585,0,430d403d-f1cf-54c7-8251-bd1cf1372432,430d403d-f1cf-54c7-8251-bd1cf1372432,404fe683-4727-4c53-9c1d-9adf98a793c4:430d403d-f1cf-54c7-8251-bd1cf1372432,True,leaf outline with direct text candidate
404fe683-4727-4c53-9c1d-9adf98a793c4:OUTLINE:0caa47fd4e2ec68d,404fe683-4727-4c53-9c1d-9adf98a793c4:OUTLINE:0caa47fd4e2ec68d,404fe683-4727-4c53-9c1d-9adf98a793c4,netgear-xr500.pdf,XR500,58cbae39-35b9-5e82-a95b-cc1213689249,Change an outbound firewall rule for a service or application,Control Access to the Internet > Block services and applications with simple outbound firewall rules > Change an outbound firewall rule for a service or application,Control Access to the Internet > Block services and applications with simple outbound firewall rules,3,76,77,P2,1,1,1,1,1039,1039,260,260,0,ef17d3d8-fb76-562f-9f24-1b9c212ae080,ef17d3d8-fb76-562f-9f24-1b9c212ae080,404fe683-4727-4c53-9c1d-9adf98a793c4:ef17d3d8-fb76-562f-9f24-1b9c212ae080,True,leaf outline with direct text candidate
404fe683-4727-4c53-9c1d-9adf98a793c4:OUTLINE:319c8b6ca1e7ec03,404fe683-4727-4c53-9c1d-9adf98a793c4:OUTLINE:319c8b6ca1e7ec03,404fe683-4727-4c53-9c1d-9adf98a793c4,netgear-xr500.pdf,XR500,918a42a7-a1a8-583b-8f5a-51d1afa22097,Remove an outbound firewall rule for a service or application,Control Access to the Internet > Block services and applications with simple outbound firewall rules > Remove an outbound firewall rule for a service or application,Control Access to the Internet > Block services and applications with simple outbound firewall rules,3,77,77,P2,1,1,1,1,827,827,207,207,0,4e6ec7d8-3e31-53e2-acac-4195d54190c8,4e6ec7d8-3e31-53e2-acac-4195d54190c8,404fe683-4727-4c53-9c1d-9adf98a793c4:4e6ec7d8-3e31-53e2-acac-4195d54190c8,True,leaf outline with direct text candidate
404fe683-4727-4c53-9c1d-9adf98a793c4:OUTLINE:17cf7f09bc7d897b,404fe683-4727-4c53-9c1d-9adf98a793c4:OUTLINE:17cf7f09bc7d897b,404fe683-4727-4c53-9c1d-9adf98a793c4,netgear-xr500.pdf,XR500,e8687fd3-8a45-5489-a718-185e20e147d2,Set up a schedule for keyword blocking and outbound firewall rules,Control Access to the Internet > Set up a schedule for keyword blocking and outbound firewall rules,Control Access to the Internet,2,77,78,P2,1,1,1,1,1980,1980,495,495,0,80e726ce-97ef-536f-84b5-d858a608c611,80e726ce-97ef-536f-84b5-d858a608c611,404fe683-4727-4c53-9c1d-9adf98a793c4:80e726ce-97ef-536f-84b5-d858a608c611,True,leaf outline with direct text candidate
404fe683-4727-4c53-9c1d-9adf98a793c4:OUTLINE:258c24748b8e26a5,404fe683-4727-4c53-9c1d-9adf98a793c4:OUTLINE:258c24748b8e26a5,404fe683-4727-4c53-9c1d-9adf98a793c4,netgear-xr500.pdf,XR500,19d95bd1-4a1c-576d-82ab-758db6cd99b7,Set up email notifications for security events and log messages,Control Access to the Internet > Set up email notifications for security events and log messages,Control Access to the Internet,2,79,80,P2,1,1,1,1,3186,3186,797,797,0,09be8c93-efd9-508f-8450-304317feff2b,09be8c93-efd9-508f-8450-304317feff2b,404fe683-4727-4c53-9c1d-9adf98a793c4:09be8c93-efd9-508f-8450-304317feff2b,True,leaf outline with direct text candidate
404fe683-4727-4c53-9c1d-9adf98a793c4:OUTLINE:b3bc52648dc242a9,404fe683-4727-4c53-9c1d-9adf98a793c4:OUTLINE:b3bc52648dc242a9,404fe683-4727-4c53-9c1d-9adf98a793c4,netgear-xr500.pdf,XR500,c623a20e-fe9d-5c9b-8a20-780995957b36,View or change WAN settings,Manage the Router’s Network Settings > View or change WAN settings,Manage the Router’s Network Settings,2,82,83,P2,1,1,1,1,2800,2800,700,700,0,ee6950cb-79b2-5d7a-a1ab-c3a2a6b2a944,ee6950cb-79b2-5d7a-a1ab-c3a2a6b2a944,404fe683-4727-4c53-9c1d-9adf98a793c4:ee6950cb-79b2-5d7a-a1ab-c3a2a6b2a944,True,leaf outline with direct text candidate
404fe683-4727-4c53-9c1d-9adf98a793c4:OUTLINE:b1745630c93ed9c6,404fe683-4727-4c53-9c1d-9adf98a793c4:OUTLINE:b1745630c93ed9c6,404fe683-4727-4c53-9c1d-9adf98a793c4,netgear-xr500.pdf,XR500,614fad97-d570-5315-9a2e-67b6a7950dfc,Set up a default DMZ server,Manage the Router’s Network Settings > Set up a default DMZ server,Manage the Router’s Network Settings,2,83,84,P2,1,1,1,1,1746,1746,437,437,0,f65e1984-badc-5fb7-86c4-f123bac53e9e,f65e1984-badc-5fb7-86c4-f123bac53e9e,404fe683-4727-4c53-9c1d-9adf98a793c4:f65e1984-badc-5fb7-86c4-f123bac53e9e,True,leaf outline with direct text candidate
404fe683-4727-4c53-9c1d-9adf98a793c4:OUTLINE:056f6d893d76d168,404fe683-4727-4c53-9c1d-9adf98a793c4:OUTLINE:056f6d893d76d168,404fe683-4727-4c53-9c1d-9adf98a793c4,netgear-xr500.pdf,XR500,b0b9d6df-8861-52ad-9e90-0ef15e43ea25,Change the router’s device name,Manage the Router’s Network Settings > Change the router’s device name,Manage the Router’s Network Settings,2,84,84,P2,1,1,1,1,884,884,221,221,0,404126b2-c8f7-542e-b47a-59795553c76c,404126b2-c8f7-542e-b47a-59795553c76c,404fe683-4727-4c53-9c1d-9adf98a793c4:404126b2-c8f7-542e-b47a-59795553c76c,True,leaf outline with direct text candidate
404fe683-4727-4c53-9c1d-9adf98a793c4:OUTLINE:d17f0cea8683480a,404fe683-4727-4c53-9c1d-9adf98a793c4:OUTLINE:d17f0cea8683480a,404fe683-4727-4c53-9c1d-9adf98a793c4,netgear-xr500.pdf,XR500,39168aaa-76aa-5a4c-b6ec-e3b023c8d4e8,Change the router’s LAN IP address and RIP settings,Manage the Router’s Network Settings > Change the router’s LAN IP address and RIP settings,Manage the Router’s Network Settings,2,85,86,P2,1,1,1,1,2513,2513,629,629,0,4245b5d8-9ca0-5c24-a35a-f70a9665cdc1,4245b5d8-9ca0-5c24-a35a-f70a9665cdc1,404fe683-4727-4c53-9c1d-9adf98a793c4:4245b5d8-9ca0-5c24-a35a-f70a9665cdc1,True,leaf outline with direct text candidate
404fe683-4727-4c53-9c1d-9adf98a793c4:OUTLINE:fe1e4d2821ad4bd3,404fe683-4727-4c53-9c1d-9adf98a793c4:OUTLINE:fe1e4d2821ad4bd3,404fe683-4727-4c53-9c1d-9adf98a793c4,netgear-xr500.pdf,XR500,6315e993-e9d9-5f00-9697-578134893b98,Specify the IP addresses that the router assigns,Manage the Router’s Network Settings > Specify the IP addresses that the router assigns,Manage the Router’s Network Settings,2,86,87,P2,1,1,1,1,1992,1992,498,498,0,14385d66-c836-54de-967f-8b8245c2d03a,14385d66-c836-54de-967f-8b8245c2d03a,404fe683-4727-4c53-9c1d-9adf98a793c4:14385d66-c836-54de-967f-8b8245c2d03a,True,leaf outline with direct text candidate
404fe683-4727-4c53-9c1d-9adf98a793c4:OUTLINE:812ed636d7e43fbf,404fe683-4727-4c53-9c1d-9adf98a793c4:OUTLINE:812ed636d7e43fbf,404fe683-4727-4c53-9c1d-9adf98a793c4,netgear-xr500.pdf,XR500,161ab689-08cb-5d33-bb69-44e92c4b7c07,Disable the DHCP server in the router,Manage the Router’s Network Settings > Disable the DHCP server in the router,Manage the Router’s Network Settings,2,87,88,P3,1,1,1,1,1141,1141,286,286,0,7ca14bf1-1ee2-515d-bf1f-a00f74c850d2,7ca14bf1-1ee2-515d-bf1f-a00f74c850d2,404fe683-4727-4c53-9c1d-9adf98a793c4:7ca14bf1-1ee2-515d-bf1f-a00f74c850d2,True,leaf outline with direct text candidate
404fe683-4727-4c53-9c1d-9adf98a793c4:OUTLINE:0dd6620a146fdb13,404fe683-4727-4c53-9c1d-9adf98a793c4:OUTLINE:0dd6620a146fdb13,404fe683-4727-4c53-9c1d-9adf98a793c4,netgear-xr500.pdf,XR500,4c753b21-a07e-5596-a892-3e60984cccfb,Reserve a LAN IP address,Manage the Router’s Network Settings > Manage reserved LAN IP addresses > Reserve a LAN IP address,Manage the Router’s Network Settings > Manage reserved LAN IP addresses,3,88,89,P3,1,1,1,1,1756,1756,439,439,0,90f12ba9-c1aa-5f1d-a110-456166decbec,90f12ba9-c1aa-5f1d-a110-456166decbec,404fe683-4727-4c53-9c1d-9adf98a793c4:90f12ba9-c1aa-5f1d-a110-456166decbec,True,leaf outline with direct text candidate
404fe683-4727-4c53-9c1d-9adf98a793c4:OUTLINE:fb4e7790552c591a,404fe683-4727-4c53-9c1d-9adf98a793c4:OUTLINE:fb4e7790552c591a,404fe683-4727-4c53-9c1d-9adf98a793c4,netgear-xr500.pdf,XR500,08012319-6182-5ed5-a011-af1c21c8e8d7,Change a reserved IP address,Manage the Router’s Network Settings > Manage reserved LAN IP addresses > Change a reserved IP address,Manage the Router’s Network Settings > Manage reserved LAN IP addresses,3,89,90,P3,1,1,1,1,843,843,211,211,0,e3bace6b-5d07-5dcc-8041-f1933c6cd04f,e3bace6b-5d07-5dcc-8041-f1933c6cd04f,404fe683-4727-4c53-9c1d-9adf98a793c4:e3bace6b-5d07-5dcc-8041-f1933c6cd04f,True,leaf outline with direct text candidate
404fe683-4727-4c53-9c1d-9adf98a793c4:OUTLINE:ada51e007384c5d1,404fe683-4727-4c53-9c1d-9adf98a793c4:OUTLINE:ada51e007384c5d1,404fe683-4727-4c53-9c1d-9adf98a793c4,netgear-xr500.pdf,XR500,6d789c3b-1ed2-5a64-ac79-c5adcf434786,Delete a reserved IP address entry,Manage the Router’s Network Settings > Manage reserved LAN IP addresses > Delete a reserved IP address entry,Manage the Router’s Network Settings > Manage reserved LAN IP addresses,3,90,91,P3,1,1,1,1,704,704,176,176,0,41f9cc78-ca39-5055-9c3e-8cc1cc591f30,41f9cc78-ca39-5055-9c3e-8cc1cc591f30,404fe683-4727-4c53-9c1d-9adf98a793c4:41f9cc78-ca39-5055-9c3e-8cc1cc591f30,True,leaf outline with direct text candidate
404fe683-4727-4c53-9c1d-9adf98a793c4:OUTLINE:ab5090cca52d5e43,404fe683-4727-4c53-9c1d-9adf98a793c4:OUTLINE:ab5090cca52d5e43,404fe683-4727-4c53-9c1d-9adf98a793c4,netgear-xr500.pdf,XR500,f15bbf22-a4c9-55a6-9b7e-89731d1fe546,Set up a bridge to your ISP’s network using a port group,Manage the Router’s Network Settings > Set up a bridge to your ISP’s network using a port group or VLAN tag group > Set up a bridge to your ISP’s network using a port group,Manage the Router’s Network Settings > Set up a bridge to your ISP’s network using a port group or VLAN tag group,3,91,92,P3,1,1,1,1,1820,1820,455,455,0,8878acf5-2fd7-5493-86a7-c8b8b66e6ae0,8878acf5-2fd7-5493-86a7-c8b8b66e6ae0,404fe683-4727-4c53-9c1d-9adf98a793c4:8878acf5-2fd7-5493-86a7-c8b8b66e6ae0,True,leaf outline with direct text candidate
404fe683-4727-4c53-9c1d-9adf98a793c4:OUTLINE:1c49f19f1b458f9f,404fe683-4727-4c53-9c1d-9adf98a793c4:OUTLINE:1c49f19f1b458f9f,404fe683-4727-4c53-9c1d-9adf98a793c4,netgear-xr500.pdf,XR500,cf0b41bb-1d72-53a3-a37f-89d09f380905,Set up a bridge to your ISP’s network using a VLAN tag group,Manage the Router’s Network Settings > Set up a bridge to your ISP’s network using a port group or VLAN tag group > Set up a bridge to your ISP’s network using a VLAN tag group,Manage the Router’s Network Settings > Set up a bridge to your ISP’s network using a port group or VLAN tag group,3,92,93,P3,1,1,1,1,2299,2299,575,575,0,aa8f22d6-9bbd-55c1-933e-d619d86eb1a1,aa8f22d6-9bbd-55c1-933e-d619d86eb1a1,404fe683-4727-4c53-9c1d-9adf98a793c4:aa8f22d6-9bbd-55c1-933e-d619d86eb1a1,True,leaf outline with direct text candidate
404fe683-4727-4c53-9c1d-9adf98a793c4:OUTLINE:9a7452172acab875,404fe683-4727-4c53-9c1d-9adf98a793c4:OUTLINE:9a7452172acab875,404fe683-4727-4c53-9c1d-9adf98a793c4,netgear-xr500.pdf,XR500,bc6405c5-7353-5a91-b4b6-5ddbda9b58ae,Set up an IPTV port to lease an intranet port,Manage the Router’s Network Settings > Set up a bridge to your ISP’s network using a port group or VLAN tag group > Set up an IPTV port to lease an intranet port,Manage the Router’s Network Settings > Set up a bridge to your ISP’s network using a port group or VLAN tag group,3,94,94,P3,1,1,1,1,1925,1925,482,482,0,21ce38e0-2bba-5deb-99d7-8f52f7b6214c,21ce38e0-2bba-5deb-99d7-8f52f7b6214c,404fe683-4727-4c53-9c1d-9adf98a793c4:21ce38e0-2bba-5deb-99d7-8f52f7b6214c,True,leaf outline with direct text candidate
404fe683-4727-4c53-9c1d-9adf98a793c4:OUTLINE:18d96b30e9d40639,404fe683-4727-4c53-9c1d-9adf98a793c4:OUTLINE:18d96b30e9d40639,404fe683-4727-4c53-9c1d-9adf98a793c4,netgear-xr500.pdf,XR500,9889c860-13ef-5001-9ec6-bc757a307a8f,Set up a static route,Manage the Router’s Network Settings > Manage custom static routes > Set up a static route,Manage the Router’s Network Settings > Manage custom static routes,3,95,96,P3,1,1,1,1,1512,1512,378,378,0,c8fdd607-4612-5b76-90ba-479ba5844fa0,c8fdd607-4612-5b76-90ba-479ba5844fa0,404fe683-4727-4c53-9c1d-9adf98a793c4:c8fdd607-4612-5b76-90ba-479ba5844fa0,True,leaf outline with direct text candidate
404fe683-4727-4c53-9c1d-9adf98a793c4:OUTLINE:8a18a1804c94df01,404fe683-4727-4c53-9c1d-9adf98a793c4:OUTLINE:8a18a1804c94df01,404fe683-4727-4c53-9c1d-9adf98a793c4,netgear-xr500.pdf,XR500,86d914a7-aab4-5d5c-963e-98fe6e822c0b,Change a static route,Manage the Router’s Network Settings > Manage custom static routes > Change a static route,Manage the Router’s Network Settings > Manage custom static routes,3,96,97,P3,1,1,1,1,715,715,179,179,0,b2bb85ce-b49b-583c-8722-f379da140c5a,b2bb85ce-b49b-583c-8722-f379da140c5a,404fe683-4727-4c53-9c1d-9adf98a793c4:b2bb85ce-b49b-583c-8722-f379da140c5a,True,leaf outline with direct text candidate
404fe683-4727-4c53-9c1d-9adf98a793c4:OUTLINE:a11111126a9e6f56,404fe683-4727-4c53-9c1d-9adf98a793c4:OUTLINE:a11111126a9e6f56,404fe683-4727-4c53-9c1d-9adf98a793c4,netgear-xr500.pdf,XR500,45cfa58b-5c52-57e0-b209-2d4aad15568d,Delete a static route,Manage the Router’s Network Settings > Manage custom static routes > Delete a static route,Manage the Router’s Network Settings > Manage custom static routes,3,97,97,P3,1,1,1,1,635,635,159,159,0,d6d7ae9d-ded2-5efa-8678-7d1f3d0d2b7f,d6d7ae9d-ded2-5efa-8678-7d1f3d0d2b7f,404fe683-4727-4c53-9c1d-9adf98a793c4:d6d7ae9d-ded2-5efa-8678-7d1f3d0d2b7f,True,leaf outline with direct text candidate
404fe683-4727-4c53-9c1d-9adf98a793c4:OUTLINE:5d65c63d04d5fb58,404fe683-4727-4c53-9c1d-9adf98a793c4:OUTLINE:5d65c63d04d5fb58,404fe683-4727-4c53-9c1d-9adf98a793c4,netgear-xr500.pdf,XR500,45b3f68c-5047-5ae5-a009-0340b8ef6501,Improve network connections with Universal Plug and Play,Manage the Router’s Network Settings > Improve network connections with Universal Plug and Play,Manage the Router’s Network Settings,2,97,99,P3,1,1,1,1,2488,2488,622,622,0,012e1b14-6437-59fd-a233-66faae35b071,012e1b14-6437-59fd-a233-66faae35b071,404fe683-4727-4c53-9c1d-9adf98a793c4:012e1b14-6437-59fd-a233-66faae35b071,True,leaf outline with direct text candidate
404fe683-4727-4c53-9c1d-9adf98a793c4:OUTLINE:e6429aa6beb55fdd,404fe683-4727-4c53-9c1d-9adf98a793c4:OUTLINE:e6429aa6beb55fdd,404fe683-4727-4c53-9c1d-9adf98a793c4,netgear-xr500.pdf,XR500,7f54e251-ae80-5474-b58c-dc6223d1e1b6,Specify basic WiFi settings,Manage the Router’s WiFi Settings > Specify basic WiFi settings,Manage the Router’s WiFi Settings,2,101,103,P3,1,1,1,1,4986,4986,1247,1247,0,0af88c60-337f-5b55-8e8b-e2b07f800616,0af88c60-337f-5b55-8e8b-e2b07f800616,404fe683-4727-4c53-9c1d-9adf98a793c4:0af88c60-337f-5b55-8e8b-e2b07f800616,True,leaf outline with direct text candidate
404fe683-4727-4c53-9c1d-9adf98a793c4:OUTLINE:5390c82409962999,404fe683-4727-4c53-9c1d-9adf98a793c4:OUTLINE:5390c82409962999,404fe683-4727-4c53-9c1d-9adf98a793c4,netgear-xr500.pdf,XR500,4de88aa4-8bb0-5fcc-acc3-d2cdbe2bb404,Change the WiFi password or security level,Manage the Router’s WiFi Settings > Change the WiFi password or security level,Manage the Router’s WiFi Settings,2,103,104,P3,1,1,1,1,1991,1991,498,498,0,2ac47a5d-afa0-5d98-af7d-69631838a089,2ac47a5d-afa0-5d98-af7d-69631838a089,404fe683-4727-4c53-9c1d-9adf98a793c4:2ac47a5d-afa0-5d98-af7d-69631838a089,True,leaf outline with direct text candidate
404fe683-4727-4c53-9c1d-9adf98a793c4:OUTLINE:0245c879e86ef8cb,404fe683-4727-4c53-9c1d-9adf98a793c4:OUTLINE:0245c879e86ef8cb,404fe683-4727-4c53-9c1d-9adf98a793c4,netgear-xr500.pdf,XR500,8be4e1f2-f2a7-5c41-95dd-e3c60acd4aeb,Change the WiFi mode for download and upload speeds,Manage the Router’s WiFi Settings > Change the WiFi mode for download and upload speeds,Manage the Router’s WiFi Settings,2,104,105,P3,1,1,1,1,1390,1390,348,348,0,3820b3a7-7663-5e2f-ae51-1d9ba6ce5b13,3820b3a7-7663-5e2f-ae51-1d9ba6ce5b13,404fe683-4727-4c53-9c1d-9adf98a793c4:3820b3a7-7663-5e2f-ae51-1d9ba6ce5b13,True,leaf outline with direct text candidate
404fe683-4727-4c53-9c1d-9adf98a793c4:OUTLINE:72ceaa711c4d8bc5,404fe683-4727-4c53-9c1d-9adf98a793c4:OUTLINE:72ceaa711c4d8bc5,404fe683-4727-4c53-9c1d-9adf98a793c4,netgear-xr500.pdf,XR500,10888d28-7321-527d-a749-4fbf250343ee,Set up a guest WiFi network,Manage the Router’s WiFi Settings > Set up a guest WiFi network,Manage the Router’s WiFi Settings,2,105,106,P3,1,1,1,1,2451,2451,613,613,0,01fb7b21-e701-5bf2-8fb2-247cc186c9e0,01fb7b21-e701-5bf2-8fb2-247cc186c9e0,404fe683-4727-4c53-9c1d-9adf98a793c4:01fb7b21-e701-5bf2-8fb2-247cc186c9e0,True,leaf outline with direct text candidate
404fe683-4727-4c53-9c1d-9adf98a793c4:OUTLINE:2a1f86ae07dbb7ba,404fe683-4727-4c53-9c1d-9adf98a793c4:OUTLINE:2a1f86ae07dbb7ba,404fe683-4727-4c53-9c1d-9adf98a793c4,netgear-xr500.pdf,XR500,84b0adbe-3ffe-52cd-a7c5-6cc1256c8aef,Configure WPA/WPA2 enterprise WiFi security,Manage the Router’s WiFi Settings > Configure WPA/WPA2 enterprise WiFi security,Manage the Router’s WiFi Settings,2,106,108,P3,1,1,1,1,3024,3024,756,756,0,e8550a88-ca9e-5dc2-8bb3-4dd7ff222c8d,e8550a88-ca9e-5dc2-8bb3-4dd7ff222c8d,404fe683-4727-4c53-9c1d-9adf98a793c4:e8550a88-ca9e-5dc2-8bb3-4dd7ff222c8d,True,leaf outline with direct text candidate
404fe683-4727-4c53-9c1d-9adf98a793c4:OUTLINE:ffc5657abe43382a,404fe683-4727-4c53-9c1d-9adf98a793c4:OUTLINE:ffc5657abe43382a,404fe683-4727-4c53-9c1d-9adf98a793c4,netgear-xr500.pdf,XR500,c0dad315-65fd-5919-816d-8ae0bd0f2369,Configure WEP legacy WiFi security,Manage the Router’s WiFi Settings > Configure WEP legacy WiFi security,Manage the Router’s WiFi Settings,2,108,110,P3,1,1,1,1,3319,3319,830,830,0,82b76179-a06b-5d21-a212-5179d508a40a,82b76179-a06b-5d21-a212-5179d508a40a,404fe683-4727-4c53-9c1d-9adf98a793c4:82b76179-a06b-5d21-a212-5179d508a40a,True,leaf outline with direct text candidate
404fe683-4727-4c53-9c1d-9adf98a793c4:OUTLINE:f3ce74e09a33fdec,404fe683-4727-4c53-9c1d-9adf98a793c4:OUTLINE:f3ce74e09a33fdec,404fe683-4727-4c53-9c1d-9adf98a793c4,netgear-xr500.pdf,XR500,f183f934-f56a-5556-a83b-41ef11c9d466,Use the WiFi On/Off button,Manage the Router’s WiFi Settings > Control the WiFi radios > Use the WiFi On/Off button,Manage the Router’s WiFi Settings > Control the WiFi radios,3,110,110,P3,1,1,1,1,300,300,75,75,0,d69824d7-45b6-521e-a423-b608947134d5,d69824d7-45b6-521e-a423-b608947134d5,404fe683-4727-4c53-9c1d-9adf98a793c4:d69824d7-45b6-521e-a423-b608947134d5,True,leaf outline with direct text candidate
404fe683-4727-4c53-9c1d-9adf98a793c4:OUTLINE:5230675f3dd40658,404fe683-4727-4c53-9c1d-9adf98a793c4:OUTLINE:5230675f3dd40658,404fe683-4727-4c53-9c1d-9adf98a793c4,netgear-xr500.pdf,XR500,a51eec58-a3b0-5866-b206-1843ba6ef72e,Enable or disable the WiFi radios using the router web interface,Manage the Router’s WiFi Settings > Control the WiFi radios > Enable or disable the WiFi radios using the router web interface,Manage the Router’s WiFi Settings > Control the WiFi radios,3,110,111,P3,1,1,1,1,1169,1169,293,293,0,4e6f3fd3-1ed9-5a70-956a-31478383b0b4,4e6f3fd3-1ed9-5a70-956a-31478383b0b4,404fe683-4727-4c53-9c1d-9adf98a793c4:4e6f3fd3-1ed9-5a70-956a-31478383b0b4,True,leaf outline with direct text candidate
404fe683-4727-4c53-9c1d-9adf98a793c4:OUTLINE:9f6dcaf4f19224c0,404fe683-4727-4c53-9c1d-9adf98a793c4:OUTLINE:9f6dcaf4f19224c0,404fe683-4727-4c53-9c1d-9adf98a793c4,netgear-xr500.pdf,XR500,48f9a6ae-0d0f-5717-bcef-5e9df63be849,Use the WPS Wizard for WiFi connections,Manage the Router’s WiFi Settings > Use the WPS Wizard for WiFi connections,Manage the Router’s WiFi Settings,2,111,112,P3,1,1,1,1,1365,1365,342,342,0,3862c3d0-71a7-5a74-8575-1fb04f8656c1,3862c3d0-71a7-5a74-8575-1fb04f8656c1,404fe683-4727-4c53-9c1d-9adf98a793c4:3862c3d0-71a7-5a74-8575-1fb04f8656c1,True,leaf outline with direct text candidate
404fe683-4727-4c53-9c1d-9adf98a793c4:OUTLINE:eb4f581be8a3358a,404fe683-4727-4c53-9c1d-9adf98a793c4:OUTLINE:eb4f581be8a3358a,404fe683-4727-4c53-9c1d-9adf98a793c4,netgear-xr500.pdf,XR500,5cc3a441-d50a-5207-aa27-35faf86aa3da,Set up a WiFi schedule,Manage the Router’s WiFi Settings > Set up a WiFi schedule,Manage the Router’s WiFi Settings,2,112,113,P3,1,1,1,1,1103,1103,276,276,0,35c3d7b1-ed69-54f7-86b5-a1ede5948251,35c3d7b1-ed69-54f7-86b5-a1ede5948251,404fe683-4727-4c53-9c1d-9adf98a793c4:35c3d7b1-ed69-54f7-86b5-a1ede5948251,True,leaf outline with direct text candidate
404fe683-4727-4c53-9c1d-9adf98a793c4:OUTLINE:85e749fb6740ab4f,404fe683-4727-4c53-9c1d-9adf98a793c4:OUTLINE:85e749fb6740ab4f,404fe683-4727-4c53-9c1d-9adf98a793c4,netgear-xr500.pdf,XR500,cd8cc3b8-5920-5ab5-83b2-fa9800e8823a,Specify WPS settings,Manage the Router’s WiFi Settings > Specify WPS settings,Manage the Router’s WiFi Settings,2,113,113,P3,1,1,1,1,1624,1624,406,406,0,34d335e7-fd5e-5093-af19-dd761eaf3785,34d335e7-fd5e-5093-af19-dd761eaf3785,404fe683-4727-4c53-9c1d-9adf98a793c4:34d335e7-fd5e-5093-af19-dd761eaf3785,True,leaf outline with direct text candidate
404fe683-4727-4c53-9c1d-9adf98a793c4:OUTLINE:e03cda79af210bd0,404fe683-4727-4c53-9c1d-9adf98a793c4:OUTLINE:e03cda79af210bd0,404fe683-4727-4c53-9c1d-9adf98a793c4,netgear-xr500.pdf,XR500,fa669f8d-e297-5707-9928-3ac13bc6e73c,Manage implicit beamforming,Manage the Router’s WiFi Settings > Manage implicit beamforming,Manage the Router’s WiFi Settings,2,114,114,P3,1,1,1,1,1085,1085,272,272,0,3c55c628-78a3-5808-8363-22a352298202,3c55c628-78a3-5808-8363-22a352298202,404fe683-4727-4c53-9c1d-9adf98a793c4:3c55c628-78a3-5808-8363-22a352298202,True,leaf outline with direct text candidate
404fe683-4727-4c53-9c1d-9adf98a793c4:OUTLINE:3386ac1b3c0092d7,404fe683-4727-4c53-9c1d-9adf98a793c4:OUTLINE:3386ac1b3c0092d7,404fe683-4727-4c53-9c1d-9adf98a793c4,netgear-xr500.pdf,XR500,a9fb51c7-f599-5dc6-800f-bb5314cc8ffc,Manage MU-MIMO,Manage the Router’s WiFi Settings > Manage MU-MIMO,Manage the Router’s WiFi Settings,2,114,115,P3,1,1,1,1,1063,1063,266,266,0,4c986d39-914c-51c4-a4d2-bd5e51c9f28f,4c986d39-914c-51c4-a4d2-bd5e51c9f28f,404fe683-4727-4c53-9c1d-9adf98a793c4:4c986d39-914c-51c4-a4d2-bd5e51c9f28f,True,leaf outline with direct text candidate
404fe683-4727-4c53-9c1d-9adf98a793c4:OUTLINE:5856d4693552a46e,404fe683-4727-4c53-9c1d-9adf98a793c4:OUTLINE:5856d4693552a46e,404fe683-4727-4c53-9c1d-9adf98a793c4,netgear-xr500.pdf,XR500,1b547096-3b00-5bf6-8667-7a0977916ca6,Manage HT160 for 160 MHz WiFi support,Manage the Router’s WiFi Settings > Manage HT160 for 160 MHz WiFi support,Manage the Router’s WiFi Settings,2,115,116,P3,1,1,1,1,1069,1069,268,268,0,22beed7c-8030-56b1-b92f-eb268b8ab3cb,22beed7c-8030-56b1-b92f-eb268b8ab3cb,404fe683-4727-4c53-9c1d-9adf98a793c4:22beed7c-8030-56b1-b92f-eb268b8ab3cb,True,leaf outline with direct text candidate
404fe683-4727-4c53-9c1d-9adf98a793c4:OUTLINE:3b2cf599d37a89e8,404fe683-4727-4c53-9c1d-9adf98a793c4:OUTLINE:3b2cf599d37a89e8,404fe683-4727-4c53-9c1d-9adf98a793c4,netgear-xr500.pdf,XR500,0b408af1-be31-5da0-bcde-b191f8ab2765,Disable Wi-Fi Multimedia Quality of Service,Manage the Router’s WiFi Settings > Disable Wi-Fi Multimedia Quality of Service,Manage the Router’s WiFi Settings,2,116,117,P3,1,1,1,1,1452,1452,363,363,0,ac2b3140-6249-5284-95c8-262e8694bbdb,ac2b3140-6249-5284-95c8-262e8694bbdb,404fe683-4727-4c53-9c1d-9adf98a793c4:ac2b3140-6249-5284-95c8-262e8694bbdb,True,leaf outline with direct text candidate
404fe683-4727-4c53-9c1d-9adf98a793c4:OUTLINE:55cc61216f771c05,404fe683-4727-4c53-9c1d-9adf98a793c4:OUTLINE:55cc61216f771c05,404fe683-4727-4c53-9c1d-9adf98a793c4,netgear-xr500.pdf,XR500,9db1dad4-b03b-5938-bac1-e0acc47d047c,Use the router as a WiFi access point only,Manage the Router’s WiFi Settings > Use the router as a WiFi access point only,Manage the Router’s WiFi Settings,2,117,118,P3,1,1,1,1,1944,1944,486,486,0,cbc9c929-c112-5bc6-a792-301c9348c11d,cbc9c929-c112-5bc6-a792-301c9348c11d,404fe683-4727-4c53-9c1d-9adf98a793c4:cbc9c929-c112-5bc6-a792-301c9348c11d,True,leaf outline with direct text candidate
404fe683-4727-4c53-9c1d-9adf98a793c4:OUTLINE:8ef68829d627f2be,404fe683-4727-4c53-9c1d-9adf98a793c4:OUTLINE:8ef68829d627f2be,404fe683-4727-4c53-9c1d-9adf98a793c4,netgear-xr500.pdf,XR500,20634022-b52f-58d5-a6ea-e26b85619495,Check for new firmware and update the router,Maintain the Router > Update the router firmware > Check for new firmware and update the router,Maintain the Router > Update the router firmware,3,120,121,P3,1,1,1,1,2504,2504,626,626,0,498d740b-5cc5-5735-9ee2-f6ab4050cfaa,498d740b-5cc5-5735-9ee2-f6ab4050cfaa,404fe683-4727-4c53-9c1d-9adf98a793c4:498d740b-5cc5-5735-9ee2-f6ab4050cfaa,True,leaf outline with direct text candidate
404fe683-4727-4c53-9c1d-9adf98a793c4:OUTLINE:ebfb0a9a07f3b0d3,404fe683-4727-4c53-9c1d-9adf98a793c4:OUTLINE:ebfb0a9a07f3b0d3,404fe683-4727-4c53-9c1d-9adf98a793c4,netgear-xr500.pdf,XR500,9d35fdb2-4cf2-5029-ac33-642d6c7ede8c,Manually upload firmware to the router,Maintain the Router > Update the router firmware > Manually upload firmware to the router,Maintain the Router > Update the router firmware,3,121,122,P3,1,1,1,1,2139,2139,535,535,0,2971c826-5789-5a6d-a4f8-b8e0791efcb0,2971c826-5789-5a6d-a4f8-b8e0791efcb0,404fe683-4727-4c53-9c1d-9adf98a793c4:2971c826-5789-5a6d-a4f8-b8e0791efcb0,True,leaf outline with direct text candidate
404fe683-4727-4c53-9c1d-9adf98a793c4:OUTLINE:9341a5ac8917de20,404fe683-4727-4c53-9c1d-9adf98a793c4:OUTLINE:9341a5ac8917de20,404fe683-4727-4c53-9c1d-9adf98a793c4,netgear-xr500.pdf,XR500,072445b1-137d-53dd-a7d3-6bc57f21f04e,Change the admin password,Maintain the Router > Change the admin password,Maintain the Router,2,123,123,P3,1,1,1,1,1234,1234,309,309,0,b8c4e32f-b7c2-5163-85aa-637edc82a198,b8c4e32f-b7c2-5163-85aa-637edc82a198,404fe683-4727-4c53-9c1d-9adf98a793c4:b8c4e32f-b7c2-5163-85aa-637edc82a198,True,leaf outline with direct text candidate
404fe683-4727-4c53-9c1d-9adf98a793c4:OUTLINE:a3041ded73c3ed91,404fe683-4727-4c53-9c1d-9adf98a793c4:OUTLINE:a3041ded73c3ed91,404fe683-4727-4c53-9c1d-9adf98a793c4,netgear-xr500.pdf,XR500,ce9e7356-4147-5962-8f78-2bbadc578232,Enable admin password reset,Maintain the Router > Enable admin password reset,Maintain the Router,2,123,124,P3,1,1,1,1,940,940,235,235,0,a4e28dbc-03f8-5219-bee6-eb605362c887,a4e28dbc-03f8-5219-bee6-eb605362c887,404fe683-4727-4c53-9c1d-9adf98a793c4:a4e28dbc-03f8-5219-bee6-eb605362c887,True,leaf outline with direct text candidate
404fe683-4727-4c53-9c1d-9adf98a793c4:OUTLINE:6df894f3afd89999,404fe683-4727-4c53-9c1d-9adf98a793c4:OUTLINE:6df894f3afd89999,404fe683-4727-4c53-9c1d-9adf98a793c4,netgear-xr500.pdf,XR500,19a10480-ff98-51ee-bacb-07ecde2c35ac,Reset the admin password,Maintain the Router > Reset the admin password,Maintain the Router,2,124,125,P3,1,1,1,1,1041,1041,261,261,0,0438a1df-5691-5fa3-82cc-26cb251a9c49,0438a1df-5691-5fa3-82cc-26cb251a9c49,404fe683-4727-4c53-9c1d-9adf98a793c4:0438a1df-5691-5fa3-82cc-26cb251a9c49,True,leaf outline with direct text candidate
404fe683-4727-4c53-9c1d-9adf98a793c4:OUTLINE:fb73dd50e425be80,404fe683-4727-4c53-9c1d-9adf98a793c4:OUTLINE:fb73dd50e425be80,404fe683-4727-4c53-9c1d-9adf98a793c4,netgear-xr500.pdf,XR500,8dcde073-0fa9-5bb4-afcd-6200214bcc00,Back up the configuration settings,Maintain the Router > Manage the router configuration file > Back up the configuration settings,Maintain the Router > Manage the router configuration file,3,125,125,P3,1,1,1,1,700,700,175,175,0,f2ead5da-2acb-58f4-886d-e9ee0aca9d2a,f2ead5da-2acb-58f4-886d-e9ee0aca9d2a,404fe683-4727-4c53-9c1d-9adf98a793c4:f2ead5da-2acb-58f4-886d-e9ee0aca9d2a,True,leaf outline with direct text candidate
404fe683-4727-4c53-9c1d-9adf98a793c4:OUTLINE:40a108cb6c9dd4ae,404fe683-4727-4c53-9c1d-9adf98a793c4:OUTLINE:40a108cb6c9dd4ae,404fe683-4727-4c53-9c1d-9adf98a793c4,netgear-xr500.pdf,XR500,ea831100-83ff-5937-ae80-9513d8509b02,Restore the configuration settings,Maintain the Router > Manage the router configuration file > Restore the configuration settings,Maintain the Router > Manage the router configuration file,3,126,126,P3,1,1,1,1,758,758,190,190,0,d7078124-eae3-5ce6-adfc-8b4f7c50544b,d7078124-eae3-5ce6-adfc-8b4f7c50544b,404fe683-4727-4c53-9c1d-9adf98a793c4:d7078124-eae3-5ce6-adfc-8b4f7c50544b,True,leaf outline with direct text candidate
404fe683-4727-4c53-9c1d-9adf98a793c4:OUTLINE:b69ef8390b0e5f9d,404fe683-4727-4c53-9c1d-9adf98a793c4:OUTLINE:b69ef8390b0e5f9d,404fe683-4727-4c53-9c1d-9adf98a793c4,netgear-xr500.pdf,XR500,977b4a4b-f094-5da8-bd2a-b00a9b308a21,Erase the current configuration settings,Maintain the Router > Manage the router configuration file > Erase the current configuration settings,Maintain the Router > Manage the router configuration file,3,126,127,P3,1,1,1,1,971,971,243,243,0,a4d9a8ac-c4b9-5868-9d66-89e651c227a9,a4d9a8ac-c4b9-5868-9d66-89e651c227a9,404fe683-4727-4c53-9c1d-9adf98a793c4:a4d9a8ac-c4b9-5868-9d66-89e651c227a9,True,leaf outline with direct text candidate
404fe683-4727-4c53-9c1d-9adf98a793c4:OUTLINE:a09823ef3f75708b,404fe683-4727-4c53-9c1d-9adf98a793c4:OUTLINE:a09823ef3f75708b,404fe683-4727-4c53-9c1d-9adf98a793c4,netgear-xr500.pdf,XR500,a3c2f66e-a53f-54f6-9c4d-b49e74d7ddaa,Set up remote management,Maintain the Router > Manage remote access > Set up remote management,Maintain the Router > Manage remote access,3,127,128,P3,1,1,1,1,1612,1612,403,403,0,a6376cd4-431b-519c-b2bf-4ba256d7b0e2,a6376cd4-431b-519c-b2bf-4ba256d7b0e2,404fe683-4727-4c53-9c1d-9adf98a793c4:a6376cd4-431b-519c-b2bf-4ba256d7b0e2,True,leaf outline with direct text candidate
404fe683-4727-4c53-9c1d-9adf98a793c4:OUTLINE:f81f40af8fa381a1,404fe683-4727-4c53-9c1d-9adf98a793c4:OUTLINE:f81f40af8fa381a1,404fe683-4727-4c53-9c1d-9adf98a793c4,netgear-xr500.pdf,XR500,ff53da9e-f02a-5049-8009-7f45ffcc0231,Use remote access,Maintain the Router > Manage remote access > Use remote access,Maintain the Router > Manage remote access,3,128,128,P3,1,1,1,1,370,370,93,93,0,14b57c4b-4261-5548-ac01-6cc717113e28,14b57c4b-4261-5548-ac01-6cc717113e28,404fe683-4727-4c53-9c1d-9adf98a793c4:14b57c4b-4261-5548-ac01-6cc717113e28,True,leaf outline with direct text candidate
404fe683-4727-4c53-9c1d-9adf98a793c4:OUTLINE:86c858ea6ad944e1,404fe683-4727-4c53-9c1d-9adf98a793c4:OUTLINE:86c858ea6ad944e1,404fe683-4727-4c53-9c1d-9adf98a793c4,netgear-xr500.pdf,XR500,f7bcaa16-6d2c-5234-bf03-8d3f6b47d5a0,Access your router using the Nighthawk app,Maintain the Router > Access your router using the Nighthawk app,Maintain the Router,2,128,128,P3,1,1,1,1,462,462,116,116,0,e1174139-a65b-519b-af2b-541af48ed09c,e1174139-a65b-519b-af2b-541af48ed09c,404fe683-4727-4c53-9c1d-9adf98a793c4:e1174139-a65b-519b-af2b-541af48ed09c,True,leaf outline with direct text candidate
404fe683-4727-4c53-9c1d-9adf98a793c4:OUTLINE:e53fa90c584a5809,404fe683-4727-4c53-9c1d-9adf98a793c4:OUTLINE:e53fa90c584a5809,404fe683-4727-4c53-9c1d-9adf98a793c4,netgear-xr500.pdf,XR500,3bf3f546-3905-5829-aa6e-7a5bf39a5969,Start the traffic meter without traffic volume restrictions,Maintain the Router > Monitor and meter Internet traffic > Start the traffic meter without traffic volume restrictions,Maintain the Router > Monitor and meter Internet traffic,3,129,129,P3,1,1,1,1,1188,1188,297,297,0,844c9b65-92c4-5bb4-995f-ffb115dcd0c4,844c9b65-92c4-5bb4-995f-ffb115dcd0c4,404fe683-4727-4c53-9c1d-9adf98a793c4:844c9b65-92c4-5bb4-995f-ffb115dcd0c4,True,leaf outline with direct text candidate
404fe683-4727-4c53-9c1d-9adf98a793c4:OUTLINE:58cb84bc05e74465,404fe683-4727-4c53-9c1d-9adf98a793c4:OUTLINE:58cb84bc05e74465,404fe683-4727-4c53-9c1d-9adf98a793c4,netgear-xr500.pdf,XR500,3e7494d2-2788-593b-b82b-819551a9e71f,Restrict Internet traffic by volume,Maintain the Router > Monitor and meter Internet traffic > Restrict Internet traffic by volume,Maintain the Router > Monitor and meter Internet traffic,3,129,131,P3,1,1,1,1,2355,2355,589,589,0,6f99d1c2-78f7-582a-a91c-c810b29265e3,6f99d1c2-78f7-582a-a91c-c810b29265e3,404fe683-4727-4c53-9c1d-9adf98a793c4:6f99d1c2-78f7-582a-a91c-c810b29265e3,True,leaf outline with direct text candidate
404fe683-4727-4c53-9c1d-9adf98a793c4:OUTLINE:4c0c084461b2e8e1,404fe683-4727-4c53-9c1d-9adf98a793c4:OUTLINE:4c0c084461b2e8e1,404fe683-4727-4c53-9c1d-9adf98a793c4,netgear-xr500.pdf,XR500,d94df5d6-7679-5072-bd37-40aa90d6962b,Restrict Internet traffic by connection time,Maintain the Router > Monitor and meter Internet traffic > Restrict Internet traffic by connection time,Maintain the Router > Monitor and meter Internet traffic,3,131,132,P4,1,1,1,1,2219,2219,555,555,0,1b8200e6-8203-5619-9ef2-8b7b265e9bbb,1b8200e6-8203-5619-9ef2-8b7b265e9bbb,404fe683-4727-4c53-9c1d-9adf98a793c4:1b8200e6-8203-5619-9ef2-8b7b265e9bbb,True,leaf outline with direct text candidate
404fe683-4727-4c53-9c1d-9adf98a793c4:OUTLINE:0f9294c658afd855,404fe683-4727-4c53-9c1d-9adf98a793c4:OUTLINE:0f9294c658afd855,404fe683-4727-4c53-9c1d-9adf98a793c4,netgear-xr500.pdf,XR500,6f7dd394-8463-51b2-9682-a5b8a80b61ce,View the Internet traffic volume and statistics,Maintain the Router > Monitor and meter Internet traffic > View the Internet traffic volume and statistics,Maintain the Router > Monitor and meter Internet traffic,3,132,132,P4,1,1,1,1,1269,1269,318,318,0,c8a95726-f99f-52af-ad93-4dfe009d03fa,c8a95726-f99f-52af-ad93-4dfe009d03fa,404fe683-4727-4c53-9c1d-9adf98a793c4:c8a95726-f99f-52af-ad93-4dfe009d03fa,True,leaf outline with direct text candidate
404fe683-4727-4c53-9c1d-9adf98a793c4:OUTLINE:a88717c8106cc984,404fe683-4727-4c53-9c1d-9adf98a793c4:OUTLINE:a88717c8106cc984,404fe683-4727-4c53-9c1d-9adf98a793c4,netgear-xr500.pdf,XR500,674cf55d-20ee-546b-86cb-7e6e2816579a,Unblock the traffic meter after the traffic limit is reached,Maintain the Router > Monitor and meter Internet traffic > Unblock the traffic meter after the traffic limit is reached,Maintain the Router > Monitor and meter Internet traffic,3,133,133,P4,1,1,1,1,985,985,247,247,0,b797245b-98d0-5bad-98ee-8b1ede64531b,b797245b-98d0-5bad-98ee-8b1ede64531b,404fe683-4727-4c53-9c1d-9adf98a793c4:b797245b-98d0-5bad-98ee-8b1ede64531b,True,leaf outline with direct text candidate
404fe683-4727-4c53-9c1d-9adf98a793c4:OUTLINE:4a32a7f4071117ef,404fe683-4727-4c53-9c1d-9adf98a793c4:OUTLINE:4a32a7f4071117ef,404fe683-4727-4c53-9c1d-9adf98a793c4,netgear-xr500.pdf,XR500,25c13820-39f5-58b6-8e47-dd01df6061c8,View and manage the router activity log,Maintain the Router > View and manage the router activity log,Maintain the Router,2,133,135,P4,1,1,1,1,2743,2743,686,686,0,dc6c5a95-996b-570e-9179-bf50a1c85e3e,dc6c5a95-996b-570e-9179-bf50a1c85e3e,404fe683-4727-4c53-9c1d-9adf98a793c4:dc6c5a95-996b-570e-9179-bf50a1c85e3e,True,leaf outline with direct text candidate
404fe683-4727-4c53-9c1d-9adf98a793c4:OUTLINE:b936113b6ce47ca9,404fe683-4727-4c53-9c1d-9adf98a793c4:OUTLINE:b936113b6ce47ca9,404fe683-4727-4c53-9c1d-9adf98a793c4,netgear-xr500.pdf,XR500,807b3824-5a94-5b44-997f-6318700bfb41,Display Internet port statistics,Maintain the Router > Display Internet port statistics,Maintain the Router,2,135,136,P4,1,1,1,1,1622,1622,406,406,0,e15d9664-2f1c-5501-acc2-2326f5b2295a,e15d9664-2f1c-5501-acc2-2326f5b2295a,404fe683-4727-4c53-9c1d-9adf98a793c4:e15d9664-2f1c-5501-acc2-2326f5b2295a,True,leaf outline with direct text candidate
404fe683-4727-4c53-9c1d-9adf98a793c4:OUTLINE:719079abe3143f10,404fe683-4727-4c53-9c1d-9adf98a793c4:OUTLINE:719079abe3143f10,404fe683-4727-4c53-9c1d-9adf98a793c4,netgear-xr500.pdf,XR500,ad24afb0-d269-57e1-9962-933ed84e6eff,"Check the Internet connection status, view details, and release and renew the connection","Maintain the Router > Check the Internet connection status, view details, and release and renew the connection",Maintain the Router,2,136,137,P4,1,1,1,1,2063,2063,516,516,0,b3546729-17dc-5c86-b3aa-129b676adfde,b3546729-17dc-5c86-b3aa-129b676adfde,404fe683-4727-4c53-9c1d-9adf98a793c4:b3546729-17dc-5c86-b3aa-129b676adfde,True,leaf outline with direct text candidate
404fe683-4727-4c53-9c1d-9adf98a793c4:OUTLINE:c4041a2fd8fdbfe6,404fe683-4727-4c53-9c1d-9adf98a793c4:OUTLINE:c4041a2fd8fdbfe6,404fe683-4727-4c53-9c1d-9adf98a793c4,netgear-xr500.pdf,XR500,dc85c515-edd6-511d-958a-ed02584fbc88,Restart the router from its web interface,Maintain the Router > Restart the router from its web interface,Maintain the Router,2,137,138,P4,1,1,1,1,788,788,197,197,0,6bfe49ea-29bc-587e-b739-965e8fd54349,6bfe49ea-29bc-587e-b739-965e8fd54349,404fe683-4727-4c53-9c1d-9adf98a793c4:6bfe49ea-29bc-587e-b739-965e8fd54349,True,leaf outline with direct text candidate
404fe683-4727-4c53-9c1d-9adf98a793c4:OUTLINE:ff22e3949d8e854c,404fe683-4727-4c53-9c1d-9adf98a793c4:OUTLINE:ff22e3949d8e854c,404fe683-4727-4c53-9c1d-9adf98a793c4,netgear-xr500.pdf,XR500,50d1f58e-27c6-51ee-95b6-2d18140befd1,View router notifications,Maintain the Router > View router notifications,Maintain the Router,2,138,138,P4,1,1,1,1,581,581,146,146,0,ca41416c-cc4b-5903-8702-8cac4ff5bfb7,ca41416c-cc4b-5903-8702-8cac4ff5bfb7,404fe683-4727-4c53-9c1d-9adf98a793c4:ca41416c-cc4b-5903-8702-8cac4ff5bfb7,True,leaf outline with direct text candidate
404fe683-4727-4c53-9c1d-9adf98a793c4:OUTLINE:accd8a1699cfec38,404fe683-4727-4c53-9c1d-9adf98a793c4:OUTLINE:accd8a1699cfec38,404fe683-4727-4c53-9c1d-9adf98a793c4,netgear-xr500.pdf,XR500,f0323fa9-9c65-5abe-8e1f-49c53b947774,Disable or enable LED blinking or turn off LEDs,Maintain the Router > Disable or enable LED blinking or turn off LEDs,Maintain the Router,2,138,139,P4,1,1,1,1,1380,1380,345,345,0,3e02b985-8fe3-5ab7-854c-b4bdd85cfd5c,3e02b985-8fe3-5ab7-854c-b4bdd85cfd5c,404fe683-4727-4c53-9c1d-9adf98a793c4:3e02b985-8fe3-5ab7-854c-b4bdd85cfd5c,True,leaf outline with direct text candidate
404fe683-4727-4c53-9c1d-9adf98a793c4:OUTLINE:f6d96cbca721e93a,404fe683-4727-4c53-9c1d-9adf98a793c4:OUTLINE:f6d96cbca721e93a,404fe683-4727-4c53-9c1d-9adf98a793c4,netgear-xr500.pdf,XR500,60ffb0f9-2bc4-5ca2-a89c-bd8688805829,USB device requirements,Share USB Storage Devices Attached to the Router > USB device requirements,Share USB Storage Devices Attached to the Router,2,141,141,P4,1,1,1,1,717,717,180,180,0,2cc3db60-d462-5d2e-8bb3-212863e51abf,2cc3db60-d462-5d2e-8bb3-212863e51abf,404fe683-4727-4c53-9c1d-9adf98a793c4:2cc3db60-d462-5d2e-8bb3-212863e51abf,True,leaf outline with direct text candidate
404fe683-4727-4c53-9c1d-9adf98a793c4:OUTLINE:30e6bc1f5ecbb7b4,404fe683-4727-4c53-9c1d-9adf98a793c4:OUTLINE:30e6bc1f5ecbb7b4,404fe683-4727-4c53-9c1d-9adf98a793c4,netgear-xr500.pdf,XR500,bd912716-974d-51ea-a151-00322230ccec,Connect a USB storage device to the router,Share USB Storage Devices Attached to the Router > Connect a USB storage device to the router,Share USB Storage Devices Attached to the Router,2,141,141,P4,1,1,1,1,646,646,162,162,0,7b507311-06c1-518a-b57f-17ce47a7dc19,7b507311-06c1-518a-b57f-17ce47a7dc19,404fe683-4727-4c53-9c1d-9adf98a793c4:7b507311-06c1-518a-b57f-17ce47a7dc19,True,leaf outline with direct text candidate
404fe683-4727-4c53-9c1d-9adf98a793c4:OUTLINE:cab77ccab1fc9381,404fe683-4727-4c53-9c1d-9adf98a793c4:OUTLINE:cab77ccab1fc9381,404fe683-4727-4c53-9c1d-9adf98a793c4,netgear-xr500.pdf,XR500,100476cf-731a-5ba3-ab73-adae00be429a,Access a storage device connected to the router from a Windows-based computer,Share USB Storage Devices Attached to the Router > Access a storage device connected to the router from a Windows-based computer,Share USB Storage Devices Attached to the Router,2,142,142,P4,1,1,1,1,685,685,172,172,0,47502ff3-0811-508c-908a-fc266fe16d1a,47502ff3-0811-508c-908a-fc266fe16d1a,404fe683-4727-4c53-9c1d-9adf98a793c4:47502ff3-0811-508c-908a-fc266fe16d1a,True,leaf outline with direct text candidate
404fe683-4727-4c53-9c1d-9adf98a793c4:OUTLINE:c13e62b9f187f6d4,404fe683-4727-4c53-9c1d-9adf98a793c4:OUTLINE:c13e62b9f187f6d4,404fe683-4727-4c53-9c1d-9adf98a793c4,netgear-xr500.pdf,XR500,0e761659-e940-590f-9065-f86f375385bd,Map a USB device to a Windows network drive,Share USB Storage Devices Attached to the Router > Map a USB device to a Windows network drive,Share USB Storage Devices Attached to the Router,2,142,143,P4,1,1,1,1,1170,1170,293,293,0,4e8b339d-c5a5-5e03-8c6a-81a9ed35b46a,4e8b339d-c5a5-5e03-8c6a-81a9ed35b46a,404fe683-4727-4c53-9c1d-9adf98a793c4:4e8b339d-c5a5-5e03-8c6a-81a9ed35b46a,True,leaf outline with direct text candidate
404fe683-4727-4c53-9c1d-9adf98a793c4:OUTLINE:b3066d612f62895b,404fe683-4727-4c53-9c1d-9adf98a793c4:OUTLINE:b3066d612f62895b,404fe683-4727-4c53-9c1d-9adf98a793c4,netgear-xr500.pdf,XR500,f4acda3e-7e66-5559-9353-033854c72d08,Access a storage device that is connected to the router from a Mac,Share USB Storage Devices Attached to the Router > Access a storage device that is connected to the router from a Mac,Share USB Storage Devices Attached to the Router,2,143,143,P4,1,1,1,1,939,939,235,235,0,d65153a1-49ff-5c78-b751-e5e2a28eecfc,d65153a1-49ff-5c78-b751-e5e2a28eecfc,404fe683-4727-4c53-9c1d-9adf98a793c4:d65153a1-49ff-5c78-b751-e5e2a28eecfc,True,leaf outline with direct text candidate
404fe683-4727-4c53-9c1d-9adf98a793c4:OUTLINE:6dd7613a307358c2,404fe683-4727-4c53-9c1d-9adf98a793c4:OUTLINE:6dd7613a307358c2,404fe683-4727-4c53-9c1d-9adf98a793c4,netgear-xr500.pdf,XR500,56f1d934-f6e1-52b2-b9ac-dd363448f491,Back up Windows-based computers with ReadySHARE Vault,Share USB Storage Devices Attached to the Router > Back up Windows-based computers with ReadySHARE Vault,Share USB Storage Devices Attached to the Router,2,144,144,P4,1,1,1,1,1033,1033,259,259,0,144e139f-801f-5611-801c-e47bc10b1cbf,144e139f-801f-5611-801c-e47bc10b1cbf,404fe683-4727-4c53-9c1d-9adf98a793c4:144e139f-801f-5611-801c-e47bc10b1cbf,True,leaf outline with direct text candidate
404fe683-4727-4c53-9c1d-9adf98a793c4:OUTLINE:d19f34a440eb384a,404fe683-4727-4c53-9c1d-9adf98a793c4:OUTLINE:d19f34a440eb384a,404fe683-4727-4c53-9c1d-9adf98a793c4,netgear-xr500.pdf,XR500,ba799cf7-1db0-5cde-8726-1b8a11435db0,Set up a USB hard drive on a Mac,Share USB Storage Devices Attached to the Router > Back up Mac computers with Time Machine > Set up a USB hard drive on a Mac,Share USB Storage Devices Attached to the Router > Back up Mac computers with Time Machine,3,145,145,P4,1,1,1,1,1321,1321,331,331,0,ff5135ad-c3ce-58be-add1-7b0a7cd9588f,ff5135ad-c3ce-58be-add1-7b0a7cd9588f,404fe683-4727-4c53-9c1d-9adf98a793c4:ff5135ad-c3ce-58be-add1-7b0a7cd9588f,True,leaf outline with direct text candidate
404fe683-4727-4c53-9c1d-9adf98a793c4:OUTLINE:dd6be40b0135c6e0,404fe683-4727-4c53-9c1d-9adf98a793c4:OUTLINE:dd6be40b0135c6e0,404fe683-4727-4c53-9c1d-9adf98a793c4,netgear-xr500.pdf,XR500,c673daef-cee2-563c-a2e2-e55476f3aced,Prepare to back up a large amount of data,Share USB Storage Devices Attached to the Router > Back up Mac computers with Time Machine > Prepare to back up a large amount of data,Share USB Storage Devices Attached to the Router > Back up Mac computers with Time Machine,3,145,146,P4,1,1,1,1,1079,1079,270,270,0,6d199986-a8f1-587d-9ed0-55361733df1f,6d199986-a8f1-587d-9ed0-55361733df1f,404fe683-4727-4c53-9c1d-9adf98a793c4:6d199986-a8f1-587d-9ed0-55361733df1f,True,leaf outline with direct text candidate
404fe683-4727-4c53-9c1d-9adf98a793c4:OUTLINE:e30ab4ae911b5a65,404fe683-4727-4c53-9c1d-9adf98a793c4:OUTLINE:e30ab4ae911b5a65,404fe683-4727-4c53-9c1d-9adf98a793c4,netgear-xr500.pdf,XR500,e5c6e11a-d231-5116-8367-9c1b468a8302,Use Time Machine to back up onto a USB hard disk,Share USB Storage Devices Attached to the Router > Back up Mac computers with Time Machine > Use Time Machine to back up onto a USB hard disk,Share USB Storage Devices Attached to the Router > Back up Mac computers with Time Machine,3,146,147,P4,1,1,1,1,1950,1950,488,488,0,fb1fc310-aa1d-5231-a51c-cc5f1e6a46c8,fb1fc310-aa1d-5231-a51c-cc5f1e6a46c8,404fe683-4727-4c53-9c1d-9adf98a793c4:fb1fc310-aa1d-5231-a51c-cc5f1e6a46c8,True,leaf outline with direct text candidate
404fe683-4727-4c53-9c1d-9adf98a793c4:OUTLINE:d5d119d86282e6a7,404fe683-4727-4c53-9c1d-9adf98a793c4:OUTLINE:d5d119d86282e6a7,404fe683-4727-4c53-9c1d-9adf98a793c4,netgear-xr500.pdf,XR500,31913ce6-7e3a-5c61-aaf1-390513195a47,Manage access to a USB storage device,Share USB Storage Devices Attached to the Router > Manage access to a USB storage device,Share USB Storage Devices Attached to the Router,2,147,149,P4,1,1,1,1,3619,3619,905,905,0,db4959bc-eab0-5eea-9f30-8c598ecb1684,db4959bc-eab0-5eea-9f30-8c598ecb1684,404fe683-4727-4c53-9c1d-9adf98a793c4:db4959bc-eab0-5eea-9f30-8c598ecb1684,True,leaf outline with direct text candidate
404fe683-4727-4c53-9c1d-9adf98a793c4:OUTLINE:2c3ca13c33c04256,404fe683-4727-4c53-9c1d-9adf98a793c4:OUTLINE:2c3ca13c33c04256,404fe683-4727-4c53-9c1d-9adf98a793c4,netgear-xr500.pdf,XR500,33b62746-4a3d-5f2c-93a5-4d3739a77eda,Use FTP within the network,Share USB Storage Devices Attached to the Router > Use FTP within the network,Share USB Storage Devices Attached to the Router,2,149,149,P4,1,1,1,1,687,687,172,172,0,5275ecc9-a56b-5244-8fc7-6deb3fa92f7b,5275ecc9-a56b-5244-8fc7-6deb3fa92f7b,404fe683-4727-4c53-9c1d-9adf98a793c4:5275ecc9-a56b-5244-8fc7-6deb3fa92f7b,True,leaf outline with direct text candidate
404fe683-4727-4c53-9c1d-9adf98a793c4:OUTLINE:f5a4b00c31d7950f,404fe683-4727-4c53-9c1d-9adf98a793c4:OUTLINE:f5a4b00c31d7950f,404fe683-4727-4c53-9c1d-9adf98a793c4,netgear-xr500.pdf,XR500,3011a170-32f7-5ac2-af30-dc7c591ffbe8,View network folders on a USB storage device,Share USB Storage Devices Attached to the Router > Manage network folders on a USB storage device > View network folders on a USB storage device,Share USB Storage Devices Attached to the Router > Manage network folders on a USB storage device,3,150,150,P4,1,1,1,1,1336,1336,334,334,0,d41b0fb1-0e04-57bb-ac47-8a0413d33f5f,d41b0fb1-0e04-57bb-ac47-8a0413d33f5f,404fe683-4727-4c53-9c1d-9adf98a793c4:d41b0fb1-0e04-57bb-ac47-8a0413d33f5f,True,leaf outline with direct text candidate
404fe683-4727-4c53-9c1d-9adf98a793c4:OUTLINE:5460b9ed06f7bc2e,404fe683-4727-4c53-9c1d-9adf98a793c4:OUTLINE:5460b9ed06f7bc2e,404fe683-4727-4c53-9c1d-9adf98a793c4,netgear-xr500.pdf,XR500,aa4bd6f9-16aa-5a0a-969c-0188af7b7ef4,Add a network folder on a USB storage device,Share USB Storage Devices Attached to the Router > Manage network folders on a USB storage device > Add a network folder on a USB storage device,Share USB Storage Devices Attached to the Router > Manage network folders on a USB storage device,3,151,151,P4,1,1,1,1,1237,1237,310,310,0,17df525d-237c-572e-9e0e-7f32b9cb0b79,17df525d-237c-572e-9e0e-7f32b9cb0b79,404fe683-4727-4c53-9c1d-9adf98a793c4:17df525d-237c-572e-9e0e-7f32b9cb0b79,True,leaf outline with direct text candidate
404fe683-4727-4c53-9c1d-9adf98a793c4:OUTLINE:8b1a41f65d537263,404fe683-4727-4c53-9c1d-9adf98a793c4:OUTLINE:8b1a41f65d537263,404fe683-4727-4c53-9c1d-9adf98a793c4,netgear-xr500.pdf,XR500,9b56f391-8fb0-57ca-baab-0f74804aa927,Change a network folder on a USB storage device,Share USB Storage Devices Attached to the Router > Manage network folders on a USB storage device > Change a network folder on a USB storage device,Share USB Storage Devices Attached to the Router > Manage network folders on a USB storage device,3,152,152,P4,1,1,1,1,914,914,229,229,0,d6dbf786-3af5-58aa-8b00-b7f4172a2018,d6dbf786-3af5-58aa-8b00-b7f4172a2018,404fe683-4727-4c53-9c1d-9adf98a793c4:d6dbf786-3af5-58aa-8b00-b7f4172a2018,True,leaf outline with direct text candidate
404fe683-4727-4c53-9c1d-9adf98a793c4:OUTLINE:9605907c7bf37548,404fe683-4727-4c53-9c1d-9adf98a793c4:OUTLINE:9605907c7bf37548,404fe683-4727-4c53-9c1d-9adf98a793c4,netgear-xr500.pdf,XR500,9d6c7cf8-680e-50af-895d-9ba276ec768a,Approve USB devices,Share USB Storage Devices Attached to the Router > Approve USB devices,Share USB Storage Devices Attached to the Router,2,152,153,P4,1,1,1,1,1575,1575,394,394,0,dee55ef8-729a-51e5-9b1c-29cce4910ea6,dee55ef8-729a-51e5-9b1c-29cce4910ea6,404fe683-4727-4c53-9c1d-9adf98a793c4:dee55ef8-729a-51e5-9b1c-29cce4910ea6,True,leaf outline with direct text candidate
404fe683-4727-4c53-9c1d-9adf98a793c4:OUTLINE:6d9e65e07ba1fab4,404fe683-4727-4c53-9c1d-9adf98a793c4:OUTLINE:6d9e65e07ba1fab4,404fe683-4727-4c53-9c1d-9adf98a793c4,netgear-xr500.pdf,XR500,d954f2b2-fec8-5548-b015-df1039d0b660,Safely remove a USB storage device,Share USB Storage Devices Attached to the Router > Safely remove a USB storage device,Share USB Storage Devices Attached to the Router,2,153,154,P4,1,1,1,1,895,895,224,224,0,8473dc9a-4173-5724-b6f3-f8019c484863,8473dc9a-4173-5724-b6f3-f8019c484863,404fe683-4727-4c53-9c1d-9adf98a793c4:8473dc9a-4173-5724-b6f3-f8019c484863,True,leaf outline with direct text candidate
404fe683-4727-4c53-9c1d-9adf98a793c4:OUTLINE:3376e5126809a520,404fe683-4727-4c53-9c1d-9adf98a793c4:OUTLINE:3376e5126809a520,404fe683-4727-4c53-9c1d-9adf98a793c4,netgear-xr500.pdf,XR500,23ca504c-ed75-5868-b0cc-430e18bc2c69,Set up your personal FTP server,Use Dynamic DNS to Access USB Storage Devices Through the Internet > Set up your personal FTP server,Use Dynamic DNS to Access USB Storage Devices Through the Internet,2,156,156,P4,1,1,1,1,1595,1595,399,399,0,9076d9bb-7321-5657-90be-c2e1353eaf38,9076d9bb-7321-5657-90be-c2e1353eaf38,404fe683-4727-4c53-9c1d-9adf98a793c4:9076d9bb-7321-5657-90be-c2e1353eaf38,True,leaf outline with direct text candidate
404fe683-4727-4c53-9c1d-9adf98a793c4:OUTLINE:5bcedba15877f9ba,404fe683-4727-4c53-9c1d-9adf98a793c4:OUTLINE:5bcedba15877f9ba,404fe683-4727-4c53-9c1d-9adf98a793c4,netgear-xr500.pdf,XR500,9aff2211-98b7-5ef5-b3ab-a1bfedaebbda,Set up a new Dynamic DNS account,Use Dynamic DNS to Access USB Storage Devices Through the Internet > Set up and manage Dynamic DNS > Set up a new Dynamic DNS account,Use Dynamic DNS to Access USB Storage Devices Through the Internet > Set up and manage Dynamic DNS,3,157,158,P4,1,1,1,1,1330,1330,333,333,0,9247e0a5-0487-5b2f-86bb-f5ea8de611a9,9247e0a5-0487-5b2f-86bb-f5ea8de611a9,404fe683-4727-4c53-9c1d-9adf98a793c4:9247e0a5-0487-5b2f-86bb-f5ea8de611a9,True,leaf outline with direct text candidate
404fe683-4727-4c53-9c1d-9adf98a793c4:OUTLINE:63ce14dc44a4804a,404fe683-4727-4c53-9c1d-9adf98a793c4:OUTLINE:63ce14dc44a4804a,404fe683-4727-4c53-9c1d-9adf98a793c4,netgear-xr500.pdf,XR500,f1136b54-906c-5389-b44f-e6e815a7ed3a,Specify a DNS account that you already created,Use Dynamic DNS to Access USB Storage Devices Through the Internet > Set up and manage Dynamic DNS > Specify a DNS account that you already created,Use Dynamic DNS to Access USB Storage Devices Through the Internet > Set up and manage Dynamic DNS,3,158,159,P4,1,1,1,1,1500,1500,375,375,0,09ef3631-bb8c-57b9-b4c9-fd023078b05a,09ef3631-bb8c-57b9-b4c9-fd023078b05a,404fe683-4727-4c53-9c1d-9adf98a793c4:09ef3631-bb8c-57b9-b4c9-fd023078b05a,True,leaf outline with direct text candidate
404fe683-4727-4c53-9c1d-9adf98a793c4:OUTLINE:6bfd2d1ed7baea6f,404fe683-4727-4c53-9c1d-9adf98a793c4:OUTLINE:6bfd2d1ed7baea6f,404fe683-4727-4c53-9c1d-9adf98a793c4,netgear-xr500.pdf,XR500,07659c6d-3fb7-54b9-a913-778121d20de6,Change the Dynamic DNS settings,Use Dynamic DNS to Access USB Storage Devices Through the Internet > Set up and manage Dynamic DNS > Change the Dynamic DNS settings,Use Dynamic DNS to Access USB Storage Devices Through the Internet > Set up and manage Dynamic DNS,3,159,159,P4,1,1,1,1,670,670,168,168,0,efeb6f80-b1ef-51f8-aa3c-577ddb921854,efeb6f80-b1ef-51f8-aa3c-577ddb921854,404fe683-4727-4c53-9c1d-9adf98a793c4:efeb6f80-b1ef-51f8-aa3c-577ddb921854,True,leaf outline with direct text candidate
404fe683-4727-4c53-9c1d-9adf98a793c4:OUTLINE:d327ef817c6d2d53,404fe683-4727-4c53-9c1d-9adf98a793c4:OUTLINE:d327ef817c6d2d53,404fe683-4727-4c53-9c1d-9adf98a793c4,netgear-xr500.pdf,XR500,6c8f44f3-adfc-5b50-8235-bf9c3932da2b,Set up HTTPS access through the Internet,Use Dynamic DNS to Access USB Storage Devices Through the Internet > Access USB storage devices through the Internet > Set up HTTPS access through the Internet,Use Dynamic DNS to Access USB Storage Devices Through the Internet > Access USB storage devices through the Internet,3,159,160,P4,1,1,1,1,1567,1567,392,392,0,6dc53ee1-9892-5f00-92a7-885b683b0c8d,6dc53ee1-9892-5f00-92a7-885b683b0c8d,404fe683-4727-4c53-9c1d-9adf98a793c4:6dc53ee1-9892-5f00-92a7-885b683b0c8d,True,leaf outline with direct text candidate
404fe683-4727-4c53-9c1d-9adf98a793c4:OUTLINE:57e59fd817eb945e,404fe683-4727-4c53-9c1d-9adf98a793c4:OUTLINE:57e59fd817eb945e,404fe683-4727-4c53-9c1d-9adf98a793c4,netgear-xr500.pdf,XR500,af0cd55d-ac1f-5ab6-af25-3122b4ed2e4a,Access USB storage devices from a remote computer,Use Dynamic DNS to Access USB Storage Devices Through the Internet > Access USB storage devices through the Internet > Access USB storage devices from a remote computer,Use Dynamic DNS to Access USB Storage Devices Through the Internet > Access USB storage devices through the Internet,3,160,161,P4,1,1,1,1,525,525,132,132,0,c929ed63-79dc-5933-9d6f-91e772c5b4d1,c929ed63-79dc-5933-9d6f-91e772c5b4d1,404fe683-4727-4c53-9c1d-9adf98a793c4:c929ed63-79dc-5933-9d6f-91e772c5b4d1,True,leaf outline with direct text candidate
404fe683-4727-4c53-9c1d-9adf98a793c4:OUTLINE:6096909eb580ff0a,404fe683-4727-4c53-9c1d-9adf98a793c4:OUTLINE:6096909eb580ff0a,404fe683-4727-4c53-9c1d-9adf98a793c4,netgear-xr500.pdf,XR500,b9718539-93d5-529a-af3f-1a1a7f6a5df1,Set up FTP access through the Internet,Use Dynamic DNS to Access USB Storage Devices Through the Internet > Access USB storage devices through the Internet > Set up FTP access through the Internet,Use Dynamic DNS to Access USB Storage Devices Through the Internet > Access USB storage devices through the Internet,3,161,161,P4,1,1,1,1,1091,1091,273,273,0,1d4788df-374d-52e0-a31b-c406a91abfcc,1d4788df-374d-52e0-a31b-c406a91abfcc,404fe683-4727-4c53-9c1d-9adf98a793c4:1d4788df-374d-52e0-a31b-c406a91abfcc,True,leaf outline with direct text candidate
404fe683-4727-4c53-9c1d-9adf98a793c4:OUTLINE:3dba8dc2dd4b2305,404fe683-4727-4c53-9c1d-9adf98a793c4:OUTLINE:3dba8dc2dd4b2305,404fe683-4727-4c53-9c1d-9adf98a793c4,netgear-xr500.pdf,XR500,42480f3e-318f-5f69-9963-4a8f1c090d45,Use FTP to access storage devices through the Internet,Use Dynamic DNS to Access USB Storage Devices Through the Internet > Access USB storage devices through the Internet > Use FTP to access storage devices through the Internet,Use Dynamic DNS to Access USB Storage Devices Through the Internet > Access USB storage devices through the Internet,3,162,162,P4,1,1,1,1,1360,1360,340,340,0,9c7f8f5e-dadb-5ed0-b8be-baa2f11349a8,9c7f8f5e-dadb-5ed0-b8be-baa2f11349a8,404fe683-4727-4c53-9c1d-9adf98a793c4:9c7f8f5e-dadb-5ed0-b8be-baa2f11349a8,True,leaf outline with direct text candidate
404fe683-4727-4c53-9c1d-9adf98a793c4:OUTLINE:cb332db76443a50e,404fe683-4727-4c53-9c1d-9adf98a793c4:OUTLINE:cb332db76443a50e,404fe683-4727-4c53-9c1d-9adf98a793c4,netgear-xr500.pdf,XR500,1b8f3c97-cabb-56b3-a10f-48b12cf107e4,Specify ReadyDLNA media server settings,Use the Router as a Media Server > Specify ReadyDLNA media server settings,Use the Router as a Media Server,2,164,165,P4,1,1,1,1,2099,2099,525,525,0,38090285-dcfe-51bf-97dc-0199645757c3,38090285-dcfe-51bf-97dc-0199645757c3,404fe683-4727-4c53-9c1d-9adf98a793c4:38090285-dcfe-51bf-97dc-0199645757c3,True,leaf outline with direct text candidate
404fe683-4727-4c53-9c1d-9adf98a793c4:OUTLINE:2093de793129a4d9,404fe683-4727-4c53-9c1d-9adf98a793c4:OUTLINE:2093de793129a4d9,404fe683-4727-4c53-9c1d-9adf98a793c4,netgear-xr500.pdf,XR500,73c50fee-4e51-5b3d-819d-89fb1f24a5d8,Set up the router’s iTunes server with iTunes,Use the Router as a Media Server > Play music from a storage device with iTunes server > Set up the router’s iTunes server with iTunes,Use the Router as a Media Server > Play music from a storage device with iTunes server,3,165,166,P4,1,1,1,1,1850,1850,463,463,0,626dce70-1015-5d06-aff3-19189ff32b55,626dce70-1015-5d06-aff3-19189ff32b55,404fe683-4727-4c53-9c1d-9adf98a793c4:626dce70-1015-5d06-aff3-19189ff32b55,True,leaf outline with direct text candidate
404fe683-4727-4c53-9c1d-9adf98a793c4:OUTLINE:018f0b79a1c8f9d6,404fe683-4727-4c53-9c1d-9adf98a793c4:OUTLINE:018f0b79a1c8f9d6,404fe683-4727-4c53-9c1d-9adf98a793c4,netgear-xr500.pdf,XR500,8fd39061-2958-5dd3-aa84-9b6ba61f9d0f,Set up the router’s iTunes server with the iTunes Remote app,Use the Router as a Media Server > Play music from a storage device with iTunes server > Set up the router’s iTunes server with the iTunes Remote app,Use the Router as a Media Server > Play music from a storage device with iTunes server,3,166,167,P4,1,1,1,1,1978,1978,495,495,0,11256395-e64d-52dc-a89f-d00b608c433a,11256395-e64d-52dc-a89f-d00b608c433a,404fe683-4727-4c53-9c1d-9adf98a793c4:11256395-e64d-52dc-a89f-d00b608c433a,True,leaf outline with direct text candidate
404fe683-4727-4c53-9c1d-9adf98a793c4:OUTLINE:20869f71558d198c,404fe683-4727-4c53-9c1d-9adf98a793c4:OUTLINE:20869f71558d198c,404fe683-4727-4c53-9c1d-9adf98a793c4,netgear-xr500.pdf,XR500,e9f8db56-aad3-5a00-b3cf-6bca8fa55d40,Set up the router to work with TiVo,Use the Router as a Media Server > Set up the router to work with TiVo,Use the Router as a Media Server,2,167,168,P4,1,1,1,1,1184,1184,296,296,0,6757c68d-10da-5756-a845-85610d749e8a,6757c68d-10da-5756-a845-85610d749e8a,404fe683-4727-4c53-9c1d-9adf98a793c4:6757c68d-10da-5756-a845-85610d749e8a,True,leaf outline with direct text candidate
404fe683-4727-4c53-9c1d-9adf98a793c4:OUTLINE:d13a80b3e51820ee,404fe683-4727-4c53-9c1d-9adf98a793c4:OUTLINE:d13a80b3e51820ee,404fe683-4727-4c53-9c1d-9adf98a793c4,netgear-xr500.pdf,XR500,9a5091d1-9f2b-5a04-ae71-02b6d8549a19,Install the printer driver and cable the printer,Share a USB Printer > Install the printer driver and cable the printer,Share a USB Printer,2,170,170,P4,1,1,1,1,474,474,119,119,0,69fea750-3395-5117-94a8-14c9d400f3a6,69fea750-3395-5117-94a8-14c9d400f3a6,404fe683-4727-4c53-9c1d-9adf98a793c4:69fea750-3395-5117-94a8-14c9d400f3a6,True,leaf outline with direct text candidate
404fe683-4727-4c53-9c1d-9adf98a793c4:OUTLINE:123159d1d56c35d9,404fe683-4727-4c53-9c1d-9adf98a793c4:OUTLINE:123159d1d56c35d9,404fe683-4727-4c53-9c1d-9adf98a793c4,netgear-xr500.pdf,XR500,455c3caf-a4d0-587e-aa13-7c8d417a2edc,Download the ReadySHARE printer utility,Share a USB Printer > Download the ReadySHARE printer utility,Share a USB Printer,2,170,170,P4,1,1,1,1,459,459,115,115,0,a09c6b57-384f-597b-abae-d46e6ac4584d,a09c6b57-384f-597b-abae-d46e6ac4584d,404fe683-4727-4c53-9c1d-9adf98a793c4:a09c6b57-384f-597b-abae-d46e6ac4584d,True,leaf outline with direct text candidate
404fe683-4727-4c53-9c1d-9adf98a793c4:OUTLINE:42fa700d2473f401,404fe683-4727-4c53-9c1d-9adf98a793c4:OUTLINE:42fa700d2473f401,404fe683-4727-4c53-9c1d-9adf98a793c4,netgear-xr500.pdf,XR500,90b95145-1e14-5661-945e-3dbf6ccc4f31,Install the ReadySHARE printer utility,Share a USB Printer > Install the ReadySHARE printer utility,Share a USB Printer,2,170,171,P4,1,1,1,1,1421,1421,356,356,0,36e9e7a0-730a-5a94-8c09-92a00ff9b9d0,36e9e7a0-730a-5a94-8c09-92a00ff9b9d0,404fe683-4727-4c53-9c1d-9adf98a793c4:36e9e7a0-730a-5a94-8c09-92a00ff9b9d0,True,leaf outline with direct text candidate
404fe683-4727-4c53-9c1d-9adf98a793c4:OUTLINE:c5a254c9c697b974,404fe683-4727-4c53-9c1d-9adf98a793c4:OUTLINE:c5a254c9c697b974,404fe683-4727-4c53-9c1d-9adf98a793c4,netgear-xr500.pdf,XR500,7deaff26-bbed-5662-827e-b4f914a37ee6,Print using the NETGEAR USB Control Center,Share a USB Printer > Print using the NETGEAR USB Control Center,Share a USB Printer,2,171,172,P4,1,1,1,1,1222,1222,306,306,0,90bbdb2b-c64c-5bd8-94b9-5c7eb16c8994,90bbdb2b-c64c-5bd8-94b9-5c7eb16c8994,404fe683-4727-4c53-9c1d-9adf98a793c4:90bbdb2b-c64c-5bd8-94b9-5c7eb16c8994,True,leaf outline with direct text candidate
404fe683-4727-4c53-9c1d-9adf98a793c4:OUTLINE:8b9e84b41a8e2327,404fe683-4727-4c53-9c1d-9adf98a793c4:OUTLINE:8b9e84b41a8e2327,404fe683-4727-4c53-9c1d-9adf98a793c4,netgear-xr500.pdf,XR500,d53c8da4-2238-5cc7-8712-e4a7b6a6d5c4,About VPN connections,Use OpenVPN to Access Your Network > About VPN connections,Use OpenVPN to Access Your Network,2,174,174,P5,1,1,1,1,1597,1597,400,400,0,4bea8038-9d9a-5679-b309-7d16a2e0eeb2,4bea8038-9d9a-5679-b309-7d16a2e0eeb2,404fe683-4727-4c53-9c1d-9adf98a793c4:4bea8038-9d9a-5679-b309-7d16a2e0eeb2,True,leaf outline with direct text candidate
404fe683-4727-4c53-9c1d-9adf98a793c4:OUTLINE:8a6dfe1f8c0e3503,404fe683-4727-4c53-9c1d-9adf98a793c4:OUTLINE:8a6dfe1f8c0e3503,404fe683-4727-4c53-9c1d-9adf98a793c4,netgear-xr500.pdf,XR500,d5467ad6-cdba-5929-813d-761fe0594a88,Enable OpenVPN service in the router,Use OpenVPN to Access Your Network > Enable OpenVPN service in the router,Use OpenVPN to Access Your Network,2,175,176,P5,1,1,1,1,2293,2293,574,574,0,466efa0d-2724-5632-8abf-1d959c1b7434,466efa0d-2724-5632-8abf-1d959c1b7434,404fe683-4727-4c53-9c1d-9adf98a793c4:466efa0d-2724-5632-8abf-1d959c1b7434,True,leaf outline with direct text candidate
404fe683-4727-4c53-9c1d-9adf98a793c4:OUTLINE:12bddd78cb699bc6,404fe683-4727-4c53-9c1d-9adf98a793c4:OUTLINE:12bddd78cb699bc6,404fe683-4727-4c53-9c1d-9adf98a793c4,netgear-xr500.pdf,XR500,377d6cc4-652d-5dac-92b4-bce8b390b9f2,Install OpenVPN software on a Windows-based computer,Use OpenVPN to Access Your Network > Install OpenVPN software on a VPN client > Install OpenVPN software on a Windows-based computer,Use OpenVPN to Access Your Network > Install OpenVPN software on a VPN client,3,176,178,P5,1,1,1,1,2429,2429,608,608,0,7e61a062-84e1-57c0-83b0-10dd9641575b,7e61a062-84e1-57c0-83b0-10dd9641575b,404fe683-4727-4c53-9c1d-9adf98a793c4:7e61a062-84e1-57c0-83b0-10dd9641575b,True,leaf outline with direct text candidate
404fe683-4727-4c53-9c1d-9adf98a793c4:OUTLINE:7f836f6e8827bbbf,404fe683-4727-4c53-9c1d-9adf98a793c4:OUTLINE:7f836f6e8827bbbf,404fe683-4727-4c53-9c1d-9adf98a793c4,netgear-xr500.pdf,XR500,052124f1-c254-5080-b4b4-8a0d31130d6f,Install OpenVPN software on a Mac computer,Use OpenVPN to Access Your Network > Install OpenVPN software on a VPN client > Install OpenVPN software on a Mac computer,Use OpenVPN to Access Your Network > Install OpenVPN software on a VPN client,3,178,179,P5,1,1,1,1,1672,1672,418,418,0,ff51f432-529b-5170-b299-b9709af5c1d7,ff51f432-529b-5170-b299-b9709af5c1d7,404fe683-4727-4c53-9c1d-9adf98a793c4:ff51f432-529b-5170-b299-b9709af5c1d7,True,leaf outline with direct text candidate
404fe683-4727-4c53-9c1d-9adf98a793c4:OUTLINE:7c9d23443af8662d,404fe683-4727-4c53-9c1d-9adf98a793c4:OUTLINE:7c9d23443af8662d,404fe683-4727-4c53-9c1d-9adf98a793c4,netgear-xr500.pdf,XR500,1a7150cd-517e-5870-93dd-b8d9de83f67a,Install OpenVPN software on an iOS device,Use OpenVPN to Access Your Network > Install OpenVPN software on a VPN client > Install OpenVPN software on an iOS device,Use OpenVPN to Access Your Network > Install OpenVPN software on a VPN client,3,179,180,P5,1,1,1,1,1644,1644,411,411,0,f31e9a14-ccf9-5344-a3cf-7d7a8ae847c6,f31e9a14-ccf9-5344-a3cf-7d7a8ae847c6,404fe683-4727-4c53-9c1d-9adf98a793c4:f31e9a14-ccf9-5344-a3cf-7d7a8ae847c6,True,leaf outline with direct text candidate
404fe683-4727-4c53-9c1d-9adf98a793c4:OUTLINE:65bda46f8a067355,404fe683-4727-4c53-9c1d-9adf98a793c4:OUTLINE:65bda46f8a067355,404fe683-4727-4c53-9c1d-9adf98a793c4,netgear-xr500.pdf,XR500,149d431f-8d35-5114-9993-28cb4bfc3902,Install OpenVPN software on an Android device,Use OpenVPN to Access Your Network > Install OpenVPN software on a VPN client > Install OpenVPN software on an Android device,Use OpenVPN to Access Your Network > Install OpenVPN software on a VPN client,3,180,180,P5,1,1,1,1,1538,1538,385,385,0,65a39d84-6b18-50df-b32a-a7d46fbe2cfc,65a39d84-6b18-50df-b32a-a7d46fbe2cfc,404fe683-4727-4c53-9c1d-9adf98a793c4:65a39d84-6b18-50df-b32a-a7d46fbe2cfc,True,leaf outline with direct text candidate
404fe683-4727-4c53-9c1d-9adf98a793c4:OUTLINE:73af42b29ef02388,404fe683-4727-4c53-9c1d-9adf98a793c4:OUTLINE:73af42b29ef02388,404fe683-4727-4c53-9c1d-9adf98a793c4,netgear-xr500.pdf,XR500,a62c4f6b-669f-5270-8d9a-8433b1a11760,LAN IP addressing in VPN networks,Use OpenVPN to Access Your Network > LAN IP addressing in VPN networks,Use OpenVPN to Access Your Network,2,181,181,P5,1,1,1,1,738,738,185,185,0,1de537ea-78f8-5f0d-b341-ec3944cef956,1de537ea-78f8-5f0d-b341-ec3944cef956,404fe683-4727-4c53-9c1d-9adf98a793c4:1de537ea-78f8-5f0d-b341-ec3944cef956,True,leaf outline with direct text candidate
404fe683-4727-4c53-9c1d-9adf98a793c4:OUTLINE:cc0ce5690a59f7da,404fe683-4727-4c53-9c1d-9adf98a793c4:OUTLINE:cc0ce5690a59f7da,404fe683-4727-4c53-9c1d-9adf98a793c4,netgear-xr500.pdf,XR500,943178c5-6a9b-5dcc-b097-0626c21b75e6,Use VPN to remotely access a USB storage device attached to the router,Use OpenVPN to Access Your Network > Use VPN to remotely access a USB storage device attached to the router,Use OpenVPN to Access Your Network,2,181,181,P5,1,1,1,1,418,418,105,105,0,b52c2b46-34b2-5895-8c27-5cce3f9bf7a2,b52c2b46-34b2-5895-8c27-5cce3f9bf7a2,404fe683-4727-4c53-9c1d-9adf98a793c4:b52c2b46-34b2-5895-8c27-5cce3f9bf7a2,True,leaf outline with direct text candidate
404fe683-4727-4c53-9c1d-9adf98a793c4:OUTLINE:9e6456f8a8e2556f,404fe683-4727-4c53-9c1d-9adf98a793c4:OUTLINE:9e6456f8a8e2556f,404fe683-4727-4c53-9c1d-9adf98a793c4,netgear-xr500.pdf,XR500,db76ed03-c9f9-559b-8316-b730878160b2,Allow VPN client Internet access in the router,Use OpenVPN to Access Your Network > Use VPN to access your Internet service at home > Allow VPN client Internet access in the router,Use OpenVPN to Access Your Network > Use VPN to access your Internet service at home,3,182,182,P5,1,1,1,1,1324,1324,331,331,0,823beaaa-39cc-55a8-85dd-5a8c2bdb88fa,823beaaa-39cc-55a8-85dd-5a8c2bdb88fa,404fe683-4727-4c53-9c1d-9adf98a793c4:823beaaa-39cc-55a8-85dd-5a8c2bdb88fa,True,leaf outline with direct text candidate
404fe683-4727-4c53-9c1d-9adf98a793c4:OUTLINE:4961dff6fcaa17d5,404fe683-4727-4c53-9c1d-9adf98a793c4:OUTLINE:4961dff6fcaa17d5,404fe683-4727-4c53-9c1d-9adf98a793c4,netgear-xr500.pdf,XR500,31396f1f-1253-52c5-8c27-098abb7691a6,Block VPN client Internet access in the router,Use OpenVPN to Access Your Network > Use VPN to access your Internet service at home > Block VPN client Internet access in the router,Use OpenVPN to Access Your Network > Use VPN to access your Internet service at home,3,182,183,P5,1,1,1,1,1315,1315,329,329,0,bb85cae0-be95-5bf5-98a6-b45ed5ffe2f0,bb85cae0-be95-5bf5-98a6-b45ed5ffe2f0,404fe683-4727-4c53-9c1d-9adf98a793c4:bb85cae0-be95-5bf5-98a6-b45ed5ffe2f0,True,leaf outline with direct text candidate
404fe683-4727-4c53-9c1d-9adf98a793c4:OUTLINE:0b10744f6a44a752,404fe683-4727-4c53-9c1d-9adf98a793c4:OUTLINE:0b10744f6a44a752,404fe683-4727-4c53-9c1d-9adf98a793c4,netgear-xr500.pdf,XR500,824a563c-9560-5384-9bc3-596483746234,Set up a VPN client connection,Use VPN to Access An External Network > Set up a VPN client connection,Use VPN to Access An External Network,2,185,185,P5,1,1,1,1,2163,2163,541,541,0,647b4f2b-f7e4-59a8-95e7-2b8309f75418,647b4f2b-f7e4-59a8-95e7-2b8309f75418,404fe683-4727-4c53-9c1d-9adf98a793c4:647b4f2b-f7e4-59a8-95e7-2b8309f75418,True,leaf outline with direct text candidate
404fe683-4727-4c53-9c1d-9adf98a793c4:OUTLINE:f34b65066a692479,404fe683-4727-4c53-9c1d-9adf98a793c4:OUTLINE:f34b65066a692479,404fe683-4727-4c53-9c1d-9adf98a793c4,netgear-xr500.pdf,XR500,5b602429-b930-5cb0-be5e-44fc657dbdda,Enable the VPN client in the router and connect to a VPN server,Use VPN to Access An External Network > Enable the VPN client in the router and connect to a VPN server,Use VPN to Access An External Network,2,185,187,P5,1,1,1,1,2882,2882,721,721,0,36995834-66ad-5975-9724-aa9f228f5502,36995834-66ad-5975-9724-aa9f228f5502,404fe683-4727-4c53-9c1d-9adf98a793c4:36995834-66ad-5975-9724-aa9f228f5502,True,leaf outline with direct text candidate
404fe683-4727-4c53-9c1d-9adf98a793c4:OUTLINE:8a1d35b37937cc0e,404fe683-4727-4c53-9c1d-9adf98a793c4:OUTLINE:8a1d35b37937cc0e,404fe683-4727-4c53-9c1d-9adf98a793c4,netgear-xr500.pdf,XR500,e546d695-207e-52e5-b106-bba173dc9fbf,Disconnect the router from the VPN server,Use VPN to Access An External Network > Disconnect the router from the VPN server,Use VPN to Access An External Network,2,187,187,P5,1,1,1,1,791,791,198,198,0,39ac5b4b-a681-5bcf-96b4-b550db60c964,39ac5b4b-a681-5bcf-96b4-b550db60c964,404fe683-4727-4c53-9c1d-9adf98a793c4:39ac5b4b-a681-5bcf-96b4-b550db60c964,True,leaf outline with direct text candidate
404fe683-4727-4c53-9c1d-9adf98a793c4:OUTLINE:22135671db394440,404fe683-4727-4c53-9c1d-9adf98a793c4:OUTLINE:22135671db394440,404fe683-4727-4c53-9c1d-9adf98a793c4,netgear-xr500.pdf,XR500,9c3c9fb9-eb7f-512f-a7d1-b2e4bc514145,Set up port forwarding to a local server,Manage and Customize Internet Traffic Rules for Ports > Manage port forwarding to a local server for services and applications > Set up port forwarding to a local server,Manage and Customize Internet Traffic Rules for Ports > Manage port forwarding to a local server for services and applications,3,189,190,P5,1,1,1,1,1624,1624,406,406,0,7d180608-dda3-5435-9240-65602b491056,7d180608-dda3-5435-9240-65602b491056,404fe683-4727-4c53-9c1d-9adf98a793c4:7d180608-dda3-5435-9240-65602b491056,True,leaf outline with direct text candidate
404fe683-4727-4c53-9c1d-9adf98a793c4:OUTLINE:3948c7e77cfc3086,404fe683-4727-4c53-9c1d-9adf98a793c4:OUTLINE:3948c7e77cfc3086,404fe683-4727-4c53-9c1d-9adf98a793c4,netgear-xr500.pdf,XR500,1c6dc049-143e-5f1b-a054-8a356af6114d,Add a custom port forwarding service or application,Manage and Customize Internet Traffic Rules for Ports > Manage port forwarding to a local server for services and applications > Add a custom port forwarding service or application,Manage and Customize Internet Traffic Rules for Ports > Manage port forwarding to a local server for services and applications,3,190,191,P5,1,1,1,1,1900,1900,475,475,0,ed29c542-9c7b-5b62-9905-e8b1acba126e,ed29c542-9c7b-5b62-9905-e8b1acba126e,404fe683-4727-4c53-9c1d-9adf98a793c4:ed29c542-9c7b-5b62-9905-e8b1acba126e,True,leaf outline with direct text candidate
404fe683-4727-4c53-9c1d-9adf98a793c4:OUTLINE:45f067c06275232c,404fe683-4727-4c53-9c1d-9adf98a793c4:OUTLINE:45f067c06275232c,404fe683-4727-4c53-9c1d-9adf98a793c4,netgear-xr500.pdf,XR500,83ae30e4-c5c6-5d2b-9a6a-7e1825693909,Change a port forwarding service or application,Manage and Customize Internet Traffic Rules for Ports > Manage port forwarding to a local server for services and applications > Change a port forwarding service or application,Manage and Customize Internet Traffic Rules for Ports > Manage port forwarding to a local server for services and applications,3,191,191,P5,1,1,1,1,889,889,223,223,0,291f2d5d-dac9-5dcc-9678-8f429f2f1a7b,291f2d5d-dac9-5dcc-9678-8f429f2f1a7b,404fe683-4727-4c53-9c1d-9adf98a793c4:291f2d5d-dac9-5dcc-9678-8f429f2f1a7b,True,leaf outline with direct text candidate
404fe683-4727-4c53-9c1d-9adf98a793c4:OUTLINE:b4775dfcd783f834,404fe683-4727-4c53-9c1d-9adf98a793c4:OUTLINE:b4775dfcd783f834,404fe683-4727-4c53-9c1d-9adf98a793c4,netgear-xr500.pdf,XR500,6b252ecb-9431-5bec-a52a-c1cc1037fb9c,Remove a port forwarding service or application,Manage and Customize Internet Traffic Rules for Ports > Manage port forwarding to a local server for services and applications > Remove a port forwarding service or application,Manage and Customize Internet Traffic Rules for Ports > Manage port forwarding to a local server for services and applications,3,192,192,P5,1,1,1,1,702,702,176,176,0,b5da04e2-7d41-5b5b-9beb-12a7069746ee,b5da04e2-7d41-5b5b-9beb-12a7069746ee,404fe683-4727-4c53-9c1d-9adf98a793c4:b5da04e2-7d41-5b5b-9beb-12a7069746ee,True,leaf outline with direct text candidate
404fe683-4727-4c53-9c1d-9adf98a793c4:OUTLINE:5ccaf74d500f3e33,404fe683-4727-4c53-9c1d-9adf98a793c4:OUTLINE:5ccaf74d500f3e33,404fe683-4727-4c53-9c1d-9adf98a793c4,netgear-xr500.pdf,XR500,ceee4da5-46a2-54b8-8ea0-e8f983923cf0,Application example: Make a local web server public,Manage and Customize Internet Traffic Rules for Ports > Manage port forwarding to a local server for services and applications > Application example: Make a local web server public,Manage and Customize Internet Traffic Rules for Ports > Manage port forwarding to a local server for services and applications,3,192,193,P5,1,1,1,1,970,970,243,243,0,f804cecb-a7f9-5f47-b558-2013fccdebb9,f804cecb-a7f9-5f47-b558-2013fccdebb9,404fe683-4727-4c53-9c1d-9adf98a793c4:f804cecb-a7f9-5f47-b558-2013fccdebb9,True,leaf outline with direct text candidate
404fe683-4727-4c53-9c1d-9adf98a793c4:OUTLINE:f96faeec89c1982a,404fe683-4727-4c53-9c1d-9adf98a793c4:OUTLINE:f96faeec89c1982a,404fe683-4727-4c53-9c1d-9adf98a793c4,netgear-xr500.pdf,XR500,9e446ef7-5f5f-5fbb-b66d-0210999cb935,How the router implements a port forwarding rule,Manage and Customize Internet Traffic Rules for Ports > Manage port forwarding to a local server for services and applications > How the router implements a port forwarding rule,Manage and Customize Internet Traffic Rules for Ports > Manage port forwarding to a local server for services and applications,3,193,193,P5,1,1,1,1,927,927,232,232,0,1dd8f3d9-f65c-5a35-8b89-52a3d98401e0,1dd8f3d9-f65c-5a35-8b89-52a3d98401e0,404fe683-4727-4c53-9c1d-9adf98a793c4:1dd8f3d9-f65c-5a35-8b89-52a3d98401e0,True,leaf outline with direct text candidate
404fe683-4727-4c53-9c1d-9adf98a793c4:OUTLINE:dd5db5544af2935a,404fe683-4727-4c53-9c1d-9adf98a793c4:OUTLINE:dd5db5544af2935a,404fe683-4727-4c53-9c1d-9adf98a793c4,netgear-xr500.pdf,XR500,81f6b8a5-b2a3-5495-b4ad-80a61666b48d,Add a port triggering service or application,Manage and Customize Internet Traffic Rules for Ports > Manage port triggering for services and applications > Add a port triggering service or application,Manage and Customize Internet Traffic Rules for Ports > Manage port triggering for services and applications,3,194,195,P5,1,1,1,1,1886,1886,472,472,0,75118c37-2376-50c5-b907-2ae6d10da16e,75118c37-2376-50c5-b907-2ae6d10da16e,404fe683-4727-4c53-9c1d-9adf98a793c4:75118c37-2376-50c5-b907-2ae6d10da16e,True,leaf outline with direct text candidate
404fe683-4727-4c53-9c1d-9adf98a793c4:OUTLINE:df64308b025e4411,404fe683-4727-4c53-9c1d-9adf98a793c4:OUTLINE:df64308b025e4411,404fe683-4727-4c53-9c1d-9adf98a793c4,netgear-xr500.pdf,XR500,1cb28429-5afb-5312-8c50-4962241719a4,Enable port triggering and specify the time-out value,Manage and Customize Internet Traffic Rules for Ports > Manage port triggering for services and applications > Enable port triggering and specify the time-out value,Manage and Customize Internet Traffic Rules for Ports > Manage port triggering for services and applications,3,195,195,P5,1,1,1,1,1329,1329,333,333,0,64c16e90-13ba-5c5f-aff7-eb4db090d3b9,64c16e90-13ba-5c5f-aff7-eb4db090d3b9,404fe683-4727-4c53-9c1d-9adf98a793c4:64c16e90-13ba-5c5f-aff7-eb4db090d3b9,True,leaf outline with direct text candidate
404fe683-4727-4c53-9c1d-9adf98a793c4:OUTLINE:fb2aa7a1c45a8445,404fe683-4727-4c53-9c1d-9adf98a793c4:OUTLINE:fb2aa7a1c45a8445,404fe683-4727-4c53-9c1d-9adf98a793c4,netgear-xr500.pdf,XR500,01e1a303-34c1-5eb4-967e-0cb2d4c7a924,Change a port triggering service or application,Manage and Customize Internet Traffic Rules for Ports > Manage port triggering for services and applications > Change a port triggering service or application,Manage and Customize Internet Traffic Rules for Ports > Manage port triggering for services and applications,3,196,196,P5,1,1,1,1,1119,1119,280,280,0,bf908bd4-8807-5963-ad09-c4fa2fbe98ad,bf908bd4-8807-5963-ad09-c4fa2fbe98ad,404fe683-4727-4c53-9c1d-9adf98a793c4:bf908bd4-8807-5963-ad09-c4fa2fbe98ad,True,leaf outline with direct text candidate
404fe683-4727-4c53-9c1d-9adf98a793c4:OUTLINE:6117dc65d98a0bb9,404fe683-4727-4c53-9c1d-9adf98a793c4:OUTLINE:6117dc65d98a0bb9,404fe683-4727-4c53-9c1d-9adf98a793c4,netgear-xr500.pdf,XR500,540dd6bf-ab72-59be-aa2f-2a67785cbfe0,Remove a port triggering service or application,Manage and Customize Internet Traffic Rules for Ports > Manage port triggering for services and applications > Remove a port triggering service or application,Manage and Customize Internet Traffic Rules for Ports > Manage port triggering for services and applications,3,196,197,P5,1,1,1,1,840,840,210,210,0,aecf8283-56a4-5162-91c0-87d8d7ed29f0,aecf8283-56a4-5162-91c0-87d8d7ed29f0,404fe683-4727-4c53-9c1d-9adf98a793c4:aecf8283-56a4-5162-91c0-87d8d7ed29f0,True,leaf outline with direct text candidate
404fe683-4727-4c53-9c1d-9adf98a793c4:OUTLINE:7bb43cdcc01a70ed,404fe683-4727-4c53-9c1d-9adf98a793c4:OUTLINE:7bb43cdcc01a70ed,404fe683-4727-4c53-9c1d-9adf98a793c4,netgear-xr500.pdf,XR500,3413e73f-ee04-5898-8af4-9d0969a9be85,Disable port triggering,Manage and Customize Internet Traffic Rules for Ports > Manage port triggering for services and applications > Disable port triggering,Manage and Customize Internet Traffic Rules for Ports > Manage port triggering for services and applications,3,197,197,P5,1,1,1,1,969,969,243,243,0,b1eabc09-13bd-51ce-aff9-bcb263798c50,b1eabc09-13bd-51ce-aff9-bcb263798c50,404fe683-4727-4c53-9c1d-9adf98a793c4:b1eabc09-13bd-51ce-aff9-bcb263798c50,True,leaf outline with direct text candidate
404fe683-4727-4c53-9c1d-9adf98a793c4:OUTLINE:d575b2817f89a133,404fe683-4727-4c53-9c1d-9adf98a793c4:OUTLINE:d575b2817f89a133,404fe683-4727-4c53-9c1d-9adf98a793c4,netgear-xr500.pdf,XR500,1457b8ac-1c16-5b9c-8ac0-c9795ceaf5a6,Application example: Port triggering for Internet Relay Chat,Manage and Customize Internet Traffic Rules for Ports > Manage port triggering for services and applications > Application example: Port triggering for Internet Relay Chat,Manage and Customize Internet Traffic Rules for Ports > Manage port triggering for services and applications,3,198,198,P5,1,1,1,1,2611,2611,653,653,0,1986a281-97eb-584c-ae46-a548a955864f,1986a281-97eb-584c-ae46-a548a955864f,404fe683-4727-4c53-9c1d-9adf98a793c4:1986a281-97eb-584c-ae46-a548a955864f,True,leaf outline with direct text candidate
404fe683-4727-4c53-9c1d-9adf98a793c4:OUTLINE:f67dde43cca3ccc5,404fe683-4727-4c53-9c1d-9adf98a793c4:OUTLINE:f67dde43cca3ccc5,404fe683-4727-4c53-9c1d-9adf98a793c4,netgear-xr500.pdf,XR500,bb32c68b-b990-5b70-8c32-6230f4378285,Sequence to restart your network,Troubleshooting > Quick tips > Sequence to restart your network,Troubleshooting > Quick tips,3,200,200,P5,1,1,1,1,212,212,53,53,0,2dd1fac5-3a25-5232-a837-397b1df3fb63,2dd1fac5-3a25-5232-a837-397b1df3fb63,404fe683-4727-4c53-9c1d-9adf98a793c4:2dd1fac5-3a25-5232-a837-397b1df3fb63,True,leaf outline with direct text candidate
404fe683-4727-4c53-9c1d-9adf98a793c4:OUTLINE:75bf225706b871e2,404fe683-4727-4c53-9c1d-9adf98a793c4:OUTLINE:75bf225706b871e2,404fe683-4727-4c53-9c1d-9adf98a793c4,netgear-xr500.pdf,XR500,5cd3477e-7117-5c94-964b-bd95961c71cb,Check the power adapter and Ethernet cable connections,Troubleshooting > Quick tips > Check the power adapter and Ethernet cable connections,Troubleshooting > Quick tips,3,200,200,P5,1,1,1,1,515,515,129,129,0,008f6272-5253-51ec-8b8e-598e1de99165,008f6272-5253-51ec-8b8e-598e1de99165,404fe683-4727-4c53-9c1d-9adf98a793c4:008f6272-5253-51ec-8b8e-598e1de99165,True,leaf outline with direct text candidate
404fe683-4727-4c53-9c1d-9adf98a793c4:OUTLINE:eb1f7b0380af998e,404fe683-4727-4c53-9c1d-9adf98a793c4:OUTLINE:eb1f7b0380af998e,404fe683-4727-4c53-9c1d-9adf98a793c4,netgear-xr500.pdf,XR500,533e54b8-8e4a-5657-a343-331fe7367ebe,Check the network settings,Troubleshooting > Quick tips > Check the network settings,Troubleshooting > Quick tips,3,200,200,P5,1,1,1,1,528,528,132,132,0,426ced2f-bc5b-5afe-addf-223f98a32965,426ced2f-bc5b-5afe-addf-223f98a32965,404fe683-4727-4c53-9c1d-9adf98a793c4:426ced2f-bc5b-5afe-addf-223f98a32965,True,leaf outline with direct text candidate
404fe683-4727-4c53-9c1d-9adf98a793c4:OUTLINE:2c74854a9298dec3,404fe683-4727-4c53-9c1d-9adf98a793c4:OUTLINE:2c74854a9298dec3,404fe683-4727-4c53-9c1d-9adf98a793c4,netgear-xr500.pdf,XR500,e4f224bc-35a5-5489-8e74-337be31630f2,Check the WiFi settings,Troubleshooting > Quick tips > Check the WiFi settings,Troubleshooting > Quick tips,3,200,200,P5,1,1,1,1,183,183,46,46,0,725d14eb-81ad-5772-ba9d-9047d6a71887,725d14eb-81ad-5772-ba9d-9047d6a71887,404fe683-4727-4c53-9c1d-9adf98a793c4:725d14eb-81ad-5772-ba9d-9047d6a71887,True,leaf outline with direct text candidate
404fe683-4727-4c53-9c1d-9adf98a793c4:OUTLINE:6cdd03f3614a1ab8,404fe683-4727-4c53-9c1d-9adf98a793c4:OUTLINE:6cdd03f3614a1ab8,404fe683-4727-4c53-9c1d-9adf98a793c4,netgear-xr500.pdf,XR500,d5e2f791-e93a-58ca-9e70-77a81bf715d1,Standard LED behavior when the router is powered on,Troubleshooting > Troubleshoot with the LEDs > Standard LED behavior when the router is powered on,Troubleshooting > Troubleshoot with the LEDs,3,201,201,P5,1,1,1,1,355,355,89,89,0,76bd08c4-85c2-5b0a-b763-df5c76342432,76bd08c4-85c2-5b0a-b763-df5c76342432,404fe683-4727-4c53-9c1d-9adf98a793c4:76bd08c4-85c2-5b0a-b763-df5c76342432,True,leaf outline with direct text candidate
404fe683-4727-4c53-9c1d-9adf98a793c4:OUTLINE:5cd070b790651b6f,404fe683-4727-4c53-9c1d-9adf98a793c4:OUTLINE:5cd070b790651b6f,404fe683-4727-4c53-9c1d-9adf98a793c4,netgear-xr500.pdf,XR500,6610e192-0467-5270-8468-8a9f37730f64,Power LED is off or blinking,Troubleshooting > Troubleshoot with the LEDs > Power LED is off or blinking,Troubleshooting > Troubleshoot with the LEDs,3,201,201,P5,1,1,1,1,677,677,170,170,0,a98e8bdc-2ecc-5767-b22f-9a9e74e55472,a98e8bdc-2ecc-5767-b22f-9a9e74e55472,404fe683-4727-4c53-9c1d-9adf98a793c4:a98e8bdc-2ecc-5767-b22f-9a9e74e55472,True,leaf outline with direct text candidate
404fe683-4727-4c53-9c1d-9adf98a793c4:OUTLINE:8442cd09018fcfe2,404fe683-4727-4c53-9c1d-9adf98a793c4:OUTLINE:8442cd09018fcfe2,404fe683-4727-4c53-9c1d-9adf98a793c4,netgear-xr500.pdf,XR500,8184c78e-8ca4-59bc-8e8d-dbba1e20d965,LEDs never turn off,Troubleshooting > Troubleshoot with the LEDs > LEDs never turn off,Troubleshooting > Troubleshoot with the LEDs,3,201,202,P5,1,1,1,1,501,501,126,126,0,f6d6138b-c820-50cb-8864-318c912e2be1,f6d6138b-c820-50cb-8864-318c912e2be1,404fe683-4727-4c53-9c1d-9adf98a793c4:f6d6138b-c820-50cb-8864-318c912e2be1,True,leaf outline with direct text candidate
404fe683-4727-4c53-9c1d-9adf98a793c4:OUTLINE:a49c72275fbc804b,404fe683-4727-4c53-9c1d-9adf98a793c4:OUTLINE:a49c72275fbc804b,404fe683-4727-4c53-9c1d-9adf98a793c4,netgear-xr500.pdf,XR500,aac2df44-57a2-5fed-adad-adbfd7b0c6c2,Internet or Ethernet port LEDs are off,Troubleshooting > Troubleshoot with the LEDs > Internet or Ethernet port LEDs are off,Troubleshooting > Troubleshoot with the LEDs,3,202,202,P5,1,1,1,1,818,818,205,205,0,cad8a595-5e4d-5b1f-b607-c68c9483cad7,cad8a595-5e4d-5b1f-b607-c68c9483cad7,404fe683-4727-4c53-9c1d-9adf98a793c4:cad8a595-5e4d-5b1f-b607-c68c9483cad7,True,leaf outline with direct text candidate
404fe683-4727-4c53-9c1d-9adf98a793c4:OUTLINE:6de642b795308ca0,404fe683-4727-4c53-9c1d-9adf98a793c4:OUTLINE:6de642b795308ca0,404fe683-4727-4c53-9c1d-9adf98a793c4,netgear-xr500.pdf,XR500,66a5a6b4-c148-532e-8a75-7d90acad064c,WiFi LEDs are off,Troubleshooting > Troubleshoot with the LEDs > WiFi LEDs are off,Troubleshooting > Troubleshoot with the LEDs,3,202,202,P5,1,1,1,1,659,659,165,165,0,604f3e3f-2d41-5719-a3bb-97aace5be47e,604f3e3f-2d41-5719-a3bb-97aace5be47e,404fe683-4727-4c53-9c1d-9adf98a793c4:604f3e3f-2d41-5719-a3bb-97aace5be47e,True,leaf outline with direct text candidate
404fe683-4727-4c53-9c1d-9adf98a793c4:OUTLINE:5a4a9eed369ea641,404fe683-4727-4c53-9c1d-9adf98a793c4:OUTLINE:5a4a9eed369ea641,404fe683-4727-4c53-9c1d-9adf98a793c4,netgear-xr500.pdf,XR500,d9c7704d-9944-5102-ace6-afab480c67c0,You cannot log in to the router,Troubleshooting > You cannot log in to the router,Troubleshooting,2,203,203,P5,1,1,1,1,1743,1743,436,436,0,8f521b34-1e69-557e-b585-3b1740888397,8f521b34-1e69-557e-b585-3b1740888397,404fe683-4727-4c53-9c1d-9adf98a793c4:8f521b34-1e69-557e-b585-3b1740888397,True,leaf outline with direct text candidate
404fe683-4727-4c53-9c1d-9adf98a793c4:OUTLINE:26632525d1e8244b,404fe683-4727-4c53-9c1d-9adf98a793c4:OUTLINE:26632525d1e8244b,404fe683-4727-4c53-9c1d-9adf98a793c4,netgear-xr500.pdf,XR500,2e255620-634f-5107-8eea-fde692432527,You cannot access the Internet,Troubleshooting > You cannot access the Internet,Troubleshooting,2,203,205,P5,1,1,1,1,3301,3301,826,826,0,81cde5e9-1c56-5846-9f5e-877657976265,81cde5e9-1c56-5846-9f5e-877657976265,404fe683-4727-4c53-9c1d-9adf98a793c4:81cde5e9-1c56-5846-9f5e-877657976265,True,leaf outline with direct text candidate
404fe683-4727-4c53-9c1d-9adf98a793c4:OUTLINE:6ca762548278f56e,404fe683-4727-4c53-9c1d-9adf98a793c4:OUTLINE:6ca762548278f56e,404fe683-4727-4c53-9c1d-9adf98a793c4,netgear-xr500.pdf,XR500,e773353e-b85f-5a11-a1ab-8700005ce435,Troubleshoot Internet browsing,Troubleshooting > Troubleshoot Internet browsing,Troubleshooting,2,205,206,P5,1,1,1,1,1581,1581,396,396,0,c0e8dcba-608f-5bb1-899e-5a0297d45d89,c0e8dcba-608f-5bb1-899e-5a0297d45d89,404fe683-4727-4c53-9c1d-9adf98a793c4:c0e8dcba-608f-5bb1-899e-5a0297d45d89,True,leaf outline with direct text candidate
404fe683-4727-4c53-9c1d-9adf98a793c4:OUTLINE:9c32743864313ce3,404fe683-4727-4c53-9c1d-9adf98a793c4:OUTLINE:9c32743864313ce3,404fe683-4727-4c53-9c1d-9adf98a793c4,netgear-xr500.pdf,XR500,bb7d1cde-2535-5d3d-b308-0b648557e07c,Changes are not saved,Troubleshooting > Changes are not saved,Troubleshooting,2,206,206,P5,1,1,1,1,403,403,101,101,0,3aa6e3f0-75c4-5d96-abed-b04479116b9c,3aa6e3f0-75c4-5d96-abed-b04479116b9c,404fe683-4727-4c53-9c1d-9adf98a793c4:3aa6e3f0-75c4-5d96-abed-b04479116b9c,True,leaf outline with direct text candidate
404fe683-4727-4c53-9c1d-9adf98a793c4:OUTLINE:392ff4fbd7ee9772,404fe683-4727-4c53-9c1d-9adf98a793c4:OUTLINE:392ff4fbd7ee9772,404fe683-4727-4c53-9c1d-9adf98a793c4,netgear-xr500.pdf,XR500,af5edec4-5acf-54ca-9cb3-c515da95fc02,Troubleshoot WiFi connectivity,Troubleshooting > Troubleshoot WiFi connectivity,Troubleshooting,2,206,207,P5,1,1,1,1,1845,1845,462,462,0,9aafb86a-80cb-5e66-b5ac-782fdeec5f32,9aafb86a-80cb-5e66-b5ac-782fdeec5f32,404fe683-4727-4c53-9c1d-9adf98a793c4:9aafb86a-80cb-5e66-b5ac-782fdeec5f32,True,leaf outline with direct text candidate
404fe683-4727-4c53-9c1d-9adf98a793c4:OUTLINE:3d0101989fca1bb6,404fe683-4727-4c53-9c1d-9adf98a793c4:OUTLINE:3d0101989fca1bb6,404fe683-4727-4c53-9c1d-9adf98a793c4,netgear-xr500.pdf,XR500,24284405-cf3a-57da-9e6b-8a392065df11,Test the path from a Windows-based computer to a remote device,Troubleshooting > Troubleshoot your network using the ping utility > Test the path from a Windows-based computer to a remote device,Troubleshooting > Troubleshoot your network using the ping utility,3,207,208,P5,1,1,1,1,1579,1579,395,395,0,ef2a9f94-763d-59e9-b3cb-078eef151b33,ef2a9f94-763d-59e9-b3cb-078eef151b33,404fe683-4727-4c53-9c1d-9adf98a793c4:ef2a9f94-763d-59e9-b3cb-078eef151b33,True,leaf outline with direct text candidate
404fe683-4727-4c53-9c1d-9adf98a793c4:OUTLINE:9ad236fa74b89647,404fe683-4727-4c53-9c1d-9adf98a793c4:OUTLINE:9ad236fa74b89647,404fe683-4727-4c53-9c1d-9adf98a793c4,netgear-xr500.pdf,XR500,85e3457d-75e3-5c82-a169-a6177a828378,Test the LAN path to your router,Troubleshooting > Troubleshoot your network using the ping utility > Test the LAN path to your router,Troubleshooting > Troubleshoot your network using the ping utility,3,208,209,P5,1,1,1,1,1401,1401,351,351,0,e0c19efb-dc96-50ef-85d6-d3c29f585eba,e0c19efb-dc96-50ef-85d6-d3c29f585eba,404fe683-4727-4c53-9c1d-9adf98a793c4:e0c19efb-dc96-50ef-85d6-d3c29f585eba,True,leaf outline with direct text candidate
404fe683-4727-4c53-9c1d-9adf98a793c4:OUTLINE:41c9cb735a542932,404fe683-4727-4c53-9c1d-9adf98a793c4:OUTLINE:41c9cb735a542932,404fe683-4727-4c53-9c1d-9adf98a793c4,netgear-xr500.pdf,XR500,ceb24e3e-2c4a-5705-b8ce-92f730f24a9e,Factory settings,Supplemental Information > Factory settings,Supplemental Information,2,211,212,P5,1,1,1,1,2003,2003,501,501,1,bd47f475-77db-5e27-beda-12523d5a594c,bd47f475-77db-5e27-beda-12523d5a594c,404fe683-4727-4c53-9c1d-9adf98a793c4:bd47f475-77db-5e27-beda-12523d5a594c,True,leaf outline with direct text candidate
404fe683-4727-4c53-9c1d-9adf98a793c4:OUTLINE:6bc46cf08a463778,404fe683-4727-4c53-9c1d-9adf98a793c4:OUTLINE:6bc46cf08a463778,404fe683-4727-4c53-9c1d-9adf98a793c4,netgear-xr500.pdf,XR500,d1f11259-b6d9-5283-8b79-20b4c8507007,Technical specifications,Supplemental Information > Technical specifications,Supplemental Information,2,213,214,P5,1,1,1,1,2283,2283,571,571,1,4c7bc5f8-20d6-5d51-8922-3a8965f9e1d9,4c7bc5f8-20d6-5d51-8922-3a8965f9e1d9,404fe683-4727-4c53-9c1d-9adf98a793c4:4c7bc5f8-20d6-5d51-8922-3a8965f9e1d9,True,leaf outline with direct text candidate
