question_pair_id,anchor_question_id,outline_frame_id,document_id,filename,product_model,parent_heading_id,block_id,source_frame_id,block_role,section_path,page_start,page_end,block_sequence,token_estimate,selection_method,selection_status,selection_reason
Q-001,Q-001,7b2e79c5-ed95-43f3-bb4b-e882e3bfeefa:OUTLINE:e271e0b47a14e4d5,7b2e79c5-ed95-43f3-bb4b-e882e3bfeefa,netgear-cm2000.pdf,CM2000,c17cb32b-dea5-59ec-8f25-1ce3d76d68ff,802c451f-4eff-53fc-954c-78e91ffdc453,7b2e79c5-ed95-43f3-bb4b-e882e3bfeefa:802c451f-4eff-53fc-954c-78e91ffdc453,parent_subtree_child,Hardware Setup,4,4,3,65,nearest_ancestor_subtree,candidate,anchor_or_parent_subtree_child
Q-001,Q-001,7b2e79c5-ed95-43f3-bb4b-e882e3bfeefa:OUTLINE:e271e0b47a14e4d5,7b2e79c5-ed95-43f3-bb4b-e882e3bfeefa,netgear-cm2000.pdf,CM2000,c17cb32b-dea5-59ec-8f25-1ce3d76d68ff,833c7618-7c73-5ea3-aaf6-5f74eae69f52,7b2e79c5-ed95-43f3-bb4b-e882e3bfeefa:833c7618-7c73-5ea3-aaf6-5f74eae69f52,parent_subtree_child,Hardware Setup > Front Panel and LEDs,5,6,5,404,nearest_ancestor_subtree,candidate,anchor_or_parent_subtree_child
Q-001,Q-001,7b2e79c5-ed95-43f3-bb4b-e882e3bfeefa:OUTLINE:e271e0b47a14e4d5,7b2e79c5-ed95-43f3-bb4b-e882e3bfeefa,netgear-cm2000.pdf,CM2000,c17cb32b-dea5-59ec-8f25-1ce3d76d68ff,724d26e2-ed75-5043-b025-de4c01da0714,7b2e79c5-ed95-43f3-bb4b-e882e3bfeefa:724d26e2-ed75-5043-b025-de4c01da0714,anchor,Hardware Setup > Rear Panel,6,8,7,206,nearest_ancestor_subtree,candidate,anchor_or_parent_subtree_child
Q-001,Q-001,7b2e79c5-ed95-43f3-bb4b-e882e3bfeefa:OUTLINE:e271e0b47a14e4d5,7b2e79c5-ed95-43f3-bb4b-e882e3bfeefa,netgear-cm2000.pdf,CM2000,c17cb32b-dea5-59ec-8f25-1ce3d76d68ff,b9899548-cfa5-5bb4-8284-7d82e663abd1,7b2e79c5-ed95-43f3-bb4b-e882e3bfeefa:b9899548-cfa5-5bb4-8284-7d82e663abd1,parent_subtree_child,Hardware Setup > Label,8,8,9,28,nearest_ancestor_subtree,candidate,anchor_or_parent_subtree_child
Q-001,Q-001,7b2e79c5-ed95-43f3-bb4b-e882e3bfeefa:OUTLINE:e271e0b47a14e4d5,7b2e79c5-ed95-43f3-bb4b-e882e3bfeefa,netgear-cm2000.pdf,CM2000,c17cb32b-dea5-59ec-8f25-1ce3d76d68ff,2114aed4-1869-5c44-956a-f740b1082208,7b2e79c5-ed95-43f3-bb4b-e882e3bfeefa:2114aed4-1869-5c44-956a-f740b1082208,parent_subtree_child,Hardware Setup > System Requirements,8,9,11,101,nearest_ancestor_subtree,candidate,anchor_or_parent_subtree_child
Q-001,Q-001,7b2e79c5-ed95-43f3-bb4b-e882e3bfeefa:OUTLINE:e271e0b47a14e4d5,7b2e79c5-ed95-43f3-bb4b-e882e3bfeefa,netgear-cm2000.pdf,CM2000,c17cb32b-dea5-59ec-8f25-1ce3d76d68ff,bc51c3d9-60e7-5b90-b7fc-8c8f3c0a3a6d,7b2e79c5-ed95-43f3-bb4b-e882e3bfeefa:bc51c3d9-60e7-5b90-b7fc-8c8f3c0a3a6d,parent_subtree_child,Hardware Setup > Install and Activate Your Cable Modem,9,9,13,32,nearest_ancestor_subtree,candidate,anchor_or_parent_subtree_child
Q-001,Q-001,7b2e79c5-ed95-43f3-bb4b-e882e3bfeefa:OUTLINE:e271e0b47a14e4d5,7b2e79c5-ed95-43f3-bb4b-e882e3bfeefa,netgear-cm2000.pdf,CM2000,c17cb32b-dea5-59ec-8f25-1ce3d76d68ff,3d9321dd-db92-5587-9b08-a34e736a627e,7b2e79c5-ed95-43f3-bb4b-e882e3bfeefa:3d9321dd-db92-5587-9b08-a34e736a627e,parent_subtree_child,Hardware Setup > Install and Activate Your Cable Modem > Connect Your Cable Modem to a Computer,9,10,15,365,nearest_ancestor_subtree,candidate,anchor_or_parent_subtree_child
Q-001,Q-001,7b2e79c5-ed95-43f3-bb4b-e882e3bfeefa:OUTLINE:e271e0b47a14e4d5,7b2e79c5-ed95-43f3-bb4b-e882e3bfeefa,netgear-cm2000.pdf,CM2000,c17cb32b-dea5-59ec-8f25-1ce3d76d68ff,4270da4c-a5fb-5ae4-a513-fd42dc41cfbb,7b2e79c5-ed95-43f3-bb4b-e882e3bfeefa:4270da4c-a5fb-5ae4-a513-fd42dc41cfbb,parent_subtree_child,Hardware Setup > Install and Activate Your Cable Modem > Activate Your Internet Service,10,11,17,448,nearest_ancestor_subtree,candidate,anchor_or_parent_subtree_child
Q-001,Q-001,7b2e79c5-ed95-43f3-bb4b-e882e3bfeefa:OUTLINE:e271e0b47a14e4d5,7b2e79c5-ed95-43f3-bb4b-e882e3bfeefa,netgear-cm2000.pdf,CM2000,c17cb32b-dea5-59ec-8f25-1ce3d76d68ff,8ed480ba-e35c-5a7d-85ba-ad748ae7732c,7b2e79c5-ed95-43f3-bb4b-e882e3bfeefa:8ed480ba-e35c-5a7d-85ba-ad748ae7732c,parent_subtree_child,Hardware Setup > Install and Activate Your Cable Modem > Perform a Speed Test,11,11,19,56,nearest_ancestor_subtree,candidate,anchor_or_parent_subtree_child
Q-001,Q-001,7b2e79c5-ed95-43f3-bb4b-e882e3bfeefa:OUTLINE:e271e0b47a14e4d5,7b2e79c5-ed95-43f3-bb4b-e882e3bfeefa,netgear-cm2000.pdf,CM2000,c17cb32b-dea5-59ec-8f25-1ce3d76d68ff,8fd1b794-0507-59d3-88fa-2209736ef6da,7b2e79c5-ed95-43f3-bb4b-e882e3bfeefa:8fd1b794-0507-59d3-88fa-2209736ef6da,parent_subtree_child,Hardware Setup > Install and Activate Your Cable Modem > Connect Your Cable Modem to a Router After Installation and Activation,11,12,21,177,nearest_ancestor_subtree,candidate,anchor_or_parent_subtree_child
Q-002,Q-002,7b2e79c5-ed95-43f3-bb4b-e882e3bfeefa:OUTLINE:7cd40e7c102d4666,7b2e79c5-ed95-43f3-bb4b-e882e3bfeefa,netgear-cm2000.pdf,CM2000,c17cb32b-dea5-59ec-8f25-1ce3d76d68ff,802c451f-4eff-53fc-954c-78e91ffdc453,7b2e79c5-ed95-43f3-bb4b-e882e3bfeefa:802c451f-4eff-53fc-954c-78e91ffdc453,parent_subtree_child,Hardware Setup,4,4,3,65,nearest_ancestor_subtree,candidate,anchor_or_parent_subtree_child
Q-002,Q-002,7b2e79c5-ed95-43f3-bb4b-e882e3bfeefa:OUTLINE:7cd40e7c102d4666,7b2e79c5-ed95-43f3-bb4b-e882e3bfeefa,netgear-cm2000.pdf,CM2000,c17cb32b-dea5-59ec-8f25-1ce3d76d68ff,833c7618-7c73-5ea3-aaf6-5f74eae69f52,7b2e79c5-ed95-43f3-bb4b-e882e3bfeefa:833c7618-7c73-5ea3-aaf6-5f74eae69f52,parent_subtree_child,Hardware Setup > Front Panel and LEDs,5,6,5,404,nearest_ancestor_subtree,candidate,anchor_or_parent_subtree_child
Q-002,Q-002,7b2e79c5-ed95-43f3-bb4b-e882e3bfeefa:OUTLINE:7cd40e7c102d4666,7b2e79c5-ed95-43f3-bb4b-e882e3bfeefa,netgear-cm2000.pdf,CM2000,c17cb32b-dea5-59ec-8f25-1ce3d76d68ff,724d26e2-ed75-5043-b025-de4c01da0714,7b2e79c5-ed95-43f3-bb4b-e882e3bfeefa:724d26e2-ed75-5043-b025-de4c01da0714,parent_subtree_child,Hardware Setup > Rear Panel,6,8,7,206,nearest_ancestor_subtree,candidate,anchor_or_parent_subtree_child
Q-002,Q-002,7b2e79c5-ed95-43f3-bb4b-e882e3bfeefa:OUTLINE:7cd40e7c102d4666,7b2e79c5-ed95-43f3-bb4b-e882e3bfeefa,netgear-cm2000.pdf,CM2000,c17cb32b-dea5-59ec-8f25-1ce3d76d68ff,b9899548-cfa5-5bb4-8284-7d82e663abd1,7b2e79c5-ed95-43f3-bb4b-e882e3bfeefa:b9899548-cfa5-5bb4-8284-7d82e663abd1,anchor,Hardware Setup > Label,8,8,9,28,nearest_ancestor_subtree,candidate,anchor_or_parent_subtree_child
Q-002,Q-002,7b2e79c5-ed95-43f3-bb4b-e882e3bfeefa:OUTLINE:7cd40e7c102d4666,7b2e79c5-ed95-43f3-bb4b-e882e3bfeefa,netgear-cm2000.pdf,CM2000,c17cb32b-dea5-59ec-8f25-1ce3d76d68ff,2114aed4-1869-5c44-956a-f740b1082208,7b2e79c5-ed95-43f3-bb4b-e882e3bfeefa:2114aed4-1869-5c44-956a-f740b1082208,parent_subtree_child,Hardware Setup > System Requirements,8,9,11,101,nearest_ancestor_subtree,candidate,anchor_or_parent_subtree_child
Q-002,Q-002,7b2e79c5-ed95-43f3-bb4b-e882e3bfeefa:OUTLINE:7cd40e7c102d4666,7b2e79c5-ed95-43f3-bb4b-e882e3bfeefa,netgear-cm2000.pdf,CM2000,c17cb32b-dea5-59ec-8f25-1ce3d76d68ff,bc51c3d9-60e7-5b90-b7fc-8c8f3c0a3a6d,7b2e79c5-ed95-43f3-bb4b-e882e3bfeefa:bc51c3d9-60e7-5b90-b7fc-8c8f3c0a3a6d,parent_subtree_child,Hardware Setup > Install and Activate Your Cable Modem,9,9,13,32,nearest_ancestor_subtree,candidate,anchor_or_parent_subtree_child
Q-002,Q-002,7b2e79c5-ed95-43f3-bb4b-e882e3bfeefa:OUTLINE:7cd40e7c102d4666,7b2e79c5-ed95-43f3-bb4b-e882e3bfeefa,netgear-cm2000.pdf,CM2000,c17cb32b-dea5-59ec-8f25-1ce3d76d68ff,3d9321dd-db92-5587-9b08-a34e736a627e,7b2e79c5-ed95-43f3-bb4b-e882e3bfeefa:3d9321dd-db92-5587-9b08-a34e736a627e,parent_subtree_child,Hardware Setup > Install and Activate Your Cable Modem > Connect Your Cable Modem to a Computer,9,10,15,365,nearest_ancestor_subtree,candidate,anchor_or_parent_subtree_child
Q-002,Q-002,7b2e79c5-ed95-43f3-bb4b-e882e3bfeefa:OUTLINE:7cd40e7c102d4666,7b2e79c5-ed95-43f3-bb4b-e882e3bfeefa,netgear-cm2000.pdf,CM2000,c17cb32b-dea5-59ec-8f25-1ce3d76d68ff,4270da4c-a5fb-5ae4-a513-fd42dc41cfbb,7b2e79c5-ed95-43f3-bb4b-e882e3bfeefa:4270da4c-a5fb-5ae4-a513-fd42dc41cfbb,parent_subtree_child,Hardware Setup > Install and Activate Your Cable Modem > Activate Your Internet Service,10,11,17,448,nearest_ancestor_subtree,candidate,anchor_or_parent_subtree_child
Q-002,Q-002,7b2e79c5-ed95-43f3-bb4b-e882e3bfeefa:OUTLINE:7cd40e7c102d4666,7b2e79c5-ed95-43f3-bb4b-e882e3bfeefa,netgear-cm2000.pdf,CM2000,c17cb32b-dea5-59ec-8f25-1ce3d76d68ff,8ed480ba-e35c-5a7d-85ba-ad748ae7732c,7b2e79c5-ed95-43f3-bb4b-e882e3bfeefa:8ed480ba-e35c-5a7d-85ba-ad748ae7732c,parent_subtree_child,Hardware Setup > Install and Activate Your Cable Modem > Perform a Speed Test,11,11,19,56,nearest_ancestor_subtree,candidate,anchor_or_parent_subtree_child
Q-002,Q-002,7b2e79c5-ed95-43f3-bb4b-e882e3bfeefa:OUTLINE:7cd40e7c102d4666,7b2e79c5-ed95-43f3-bb4b-e882e3bfeefa,netgear-cm2000.pdf,CM2000,c17cb32b-dea5-59ec-8f25-1ce3d76d68ff,8fd1b794-0507-59d3-88fa-2209736ef6da,7b2e79c5-ed95-43f3-bb4b-e882e3bfeefa:8fd1b794-0507-59d3-88fa-2209736ef6da,parent_subtree_child,Hardware Setup > Install and Activate Your Cable Modem > Connect Your Cable Modem to a Router After Installation and Activation,11,12,21,177,nearest_ancestor_subtree,candidate,anchor_or_parent_subtree_child
Q-003,Q-003,7b2e79c5-ed95-43f3-bb4b-e882e3bfeefa:OUTLINE:4b622d7b00d4e652,7b2e79c5-ed95-43f3-bb4b-e882e3bfeefa,netgear-cm2000.pdf,CM2000,949c23eb-822d-58c7-b7c9-930c32d73b85,bc51c3d9-60e7-5b90-b7fc-8c8f3c0a3a6d,7b2e79c5-ed95-43f3-bb4b-e882e3bfeefa:bc51c3d9-60e7-5b90-b7fc-8c8f3c0a3a6d,parent_subtree_child,Hardware Setup > Install and Activate Your Cable Modem,9,9,13,32,nearest_ancestor_subtree,candidate,anchor_or_parent_subtree_child
Q-003,Q-003,7b2e79c5-ed95-43f3-bb4b-e882e3bfeefa:OUTLINE:4b622d7b00d4e652,7b2e79c5-ed95-43f3-bb4b-e882e3bfeefa,netgear-cm2000.pdf,CM2000,949c23eb-822d-58c7-b7c9-930c32d73b85,3d9321dd-db92-5587-9b08-a34e736a627e,7b2e79c5-ed95-43f3-bb4b-e882e3bfeefa:3d9321dd-db92-5587-9b08-a34e736a627e,parent_subtree_child,Hardware Setup > Install and Activate Your Cable Modem > Connect Your Cable Modem to a Computer,9,10,15,365,nearest_ancestor_subtree,candidate,anchor_or_parent_subtree_child
Q-003,Q-003,7b2e79c5-ed95-43f3-bb4b-e882e3bfeefa:OUTLINE:4b622d7b00d4e652,7b2e79c5-ed95-43f3-bb4b-e882e3bfeefa,netgear-cm2000.pdf,CM2000,949c23eb-822d-58c7-b7c9-930c32d73b85,4270da4c-a5fb-5ae4-a513-fd42dc41cfbb,7b2e79c5-ed95-43f3-bb4b-e882e3bfeefa:4270da4c-a5fb-5ae4-a513-fd42dc41cfbb,parent_subtree_child,Hardware Setup > Install and Activate Your Cable Modem > Activate Your Internet Service,10,11,17,448,nearest_ancestor_subtree,candidate,anchor_or_parent_subtree_child
Q-003,Q-003,7b2e79c5-ed95-43f3-bb4b-e882e3bfeefa:OUTLINE:4b622d7b00d4e652,7b2e79c5-ed95-43f3-bb4b-e882e3bfeefa,netgear-cm2000.pdf,CM2000,949c23eb-822d-58c7-b7c9-930c32d73b85,8ed480ba-e35c-5a7d-85ba-ad748ae7732c,7b2e79c5-ed95-43f3-bb4b-e882e3bfeefa:8ed480ba-e35c-5a7d-85ba-ad748ae7732c,parent_subtree_child,Hardware Setup > Install and Activate Your Cable Modem > Perform a Speed Test,11,11,19,56,nearest_ancestor_subtree,candidate,anchor_or_parent_subtree_child
Q-003,Q-003,7b2e79c5-ed95-43f3-bb4b-e882e3bfeefa:OUTLINE:4b622d7b00d4e652,7b2e79c5-ed95-43f3-bb4b-e882e3bfeefa,netgear-cm2000.pdf,CM2000,949c23eb-822d-58c7-b7c9-930c32d73b85,8fd1b794-0507-59d3-88fa-2209736ef6da,7b2e79c5-ed95-43f3-bb4b-e882e3bfeefa:8fd1b794-0507-59d3-88fa-2209736ef6da,anchor,Hardware Setup > Install and Activate Your Cable Modem > Connect Your Cable Modem to a Router After Installation and Activation,11,12,21,177,nearest_ancestor_subtree,candidate,anchor_or_parent_subtree_child
Q-004,Q-004,7b2e79c5-ed95-43f3-bb4b-e882e3bfeefa:OUTLINE:98f6c2f591f61009,7b2e79c5-ed95-43f3-bb4b-e882e3bfeefa,netgear-cm2000.pdf,CM2000,00cee0ff-7d3f-5d2e-8849-ca000806b8ca,04fa120c-f70a-5771-82d0-525c222814e1,7b2e79c5-ed95-43f3-bb4b-e882e3bfeefa:04fa120c-f70a-5771-82d0-525c222814e1,parent_subtree_child,Manage Your Network,13,13,23,134,nearest_ancestor_subtree,candidate,anchor_or_parent_subtree_child
Q-004,Q-004,7b2e79c5-ed95-43f3-bb4b-e882e3bfeefa:OUTLINE:98f6c2f591f61009,7b2e79c5-ed95-43f3-bb4b-e882e3bfeefa,netgear-cm2000.pdf,CM2000,00cee0ff-7d3f-5d2e-8849-ca000806b8ca,4cb893dc-21bd-5b88-92cb-a874cd79e74e,7b2e79c5-ed95-43f3-bb4b-e882e3bfeefa:4cb893dc-21bd-5b88-92cb-a874cd79e74e,parent_subtree_child,Manage Your Network > Log in to the cable modem,14,14,25,166,nearest_ancestor_subtree,candidate,anchor_or_parent_subtree_child
Q-004,Q-004,7b2e79c5-ed95-43f3-bb4b-e882e3bfeefa:OUTLINE:98f6c2f591f61009,7b2e79c5-ed95-43f3-bb4b-e882e3bfeefa,netgear-cm2000.pdf,CM2000,00cee0ff-7d3f-5d2e-8849-ca000806b8ca,0de5a970-8b6a-5e57-ba98-6f57671a841c,7b2e79c5-ed95-43f3-bb4b-e882e3bfeefa:0de5a970-8b6a-5e57-ba98-6f57671a841c,anchor,Manage Your Network > Change the admin password,14,15,27,241,nearest_ancestor_subtree,candidate,anchor_or_parent_subtree_child
Q-004,Q-004,7b2e79c5-ed95-43f3-bb4b-e882e3bfeefa:OUTLINE:98f6c2f591f61009,7b2e79c5-ed95-43f3-bb4b-e882e3bfeefa,netgear-cm2000.pdf,CM2000,00cee0ff-7d3f-5d2e-8849-ca000806b8ca,eb2ebf98-481f-54be-b4a3-56ea1bdf5749,7b2e79c5-ed95-43f3-bb4b-e882e3bfeefa:eb2ebf98-481f-54be-b4a3-56ea1bdf5749,parent_subtree_child,Manage Your Network > View cable modem initialization,15,15,29,306,nearest_ancestor_subtree,candidate,anchor_or_parent_subtree_child
Q-004,Q-004,7b2e79c5-ed95-43f3-bb4b-e882e3bfeefa:OUTLINE:98f6c2f591f61009,7b2e79c5-ed95-43f3-bb4b-e882e3bfeefa,netgear-cm2000.pdf,CM2000,00cee0ff-7d3f-5d2e-8849-ca000806b8ca,89ec02e1-535c-52f6-9162-6966ecfbb9c3,7b2e79c5-ed95-43f3-bb4b-e882e3bfeefa:89ec02e1-535c-52f6-9162-6966ecfbb9c3,parent_subtree_child,Manage Your Network > View cable modem status,16,16,31,123,nearest_ancestor_subtree,candidate,anchor_or_parent_subtree_child
Q-004,Q-004,7b2e79c5-ed95-43f3-bb4b-e882e3bfeefa:OUTLINE:98f6c2f591f61009,7b2e79c5-ed95-43f3-bb4b-e882e3bfeefa,netgear-cm2000.pdf,CM2000,00cee0ff-7d3f-5d2e-8849-ca000806b8ca,aad16abe-2ee4-5e5a-b0c8-7dc2c54d0c08,7b2e79c5-ed95-43f3-bb4b-e882e3bfeefa:aad16abe-2ee4-5e5a-b0c8-7dc2c54d0c08,parent_subtree_child,Manage Your Network > View and clear event logs,16,16,33,197,nearest_ancestor_subtree,candidate,anchor_or_parent_subtree_child
Q-004,Q-004,7b2e79c5-ed95-43f3-bb4b-e882e3bfeefa:OUTLINE:98f6c2f591f61009,7b2e79c5-ed95-43f3-bb4b-e882e3bfeefa,netgear-cm2000.pdf,CM2000,00cee0ff-7d3f-5d2e-8849-ca000806b8ca,d4e41f41-b904-5986-9e36-8f33dd80da5c,7b2e79c5-ed95-43f3-bb4b-e882e3bfeefa:d4e41f41-b904-5986-9e36-8f33dd80da5c,parent_subtree_child,Manage Your Network > Specify the cable connection starting frequency,17,17,35,213,nearest_ancestor_subtree,candidate,anchor_or_parent_subtree_child
Q-004,Q-004,7b2e79c5-ed95-43f3-bb4b-e882e3bfeefa:OUTLINE:98f6c2f591f61009,7b2e79c5-ed95-43f3-bb4b-e882e3bfeefa,netgear-cm2000.pdf,CM2000,00cee0ff-7d3f-5d2e-8849-ca000806b8ca,6d3c3709-9edf-533b-925d-d30eb7852b75,7b2e79c5-ed95-43f3-bb4b-e882e3bfeefa:6d3c3709-9edf-533b-925d-d30eb7852b75,parent_subtree_child,Manage Your Network > Reboot the cable modem,17,18,37,204,nearest_ancestor_subtree,candidate,anchor_or_parent_subtree_child
Q-004,Q-004,7b2e79c5-ed95-43f3-bb4b-e882e3bfeefa:OUTLINE:98f6c2f591f61009,7b2e79c5-ed95-43f3-bb4b-e882e3bfeefa,netgear-cm2000.pdf,CM2000,00cee0ff-7d3f-5d2e-8849-ca000806b8ca,32161388-87c1-53c5-9f08-9867bf5baeb1,7b2e79c5-ed95-43f3-bb4b-e882e3bfeefa:32161388-87c1-53c5-9f08-9867bf5baeb1,parent_subtree_child,Manage Your Network > Reset the cable modem to factory default settings,18,18,39,131,nearest_ancestor_subtree,candidate,anchor_or_parent_subtree_child
Q-004,Q-004,7b2e79c5-ed95-43f3-bb4b-e882e3bfeefa:OUTLINE:98f6c2f591f61009,7b2e79c5-ed95-43f3-bb4b-e882e3bfeefa,netgear-cm2000.pdf,CM2000,00cee0ff-7d3f-5d2e-8849-ca000806b8ca,c5c4c17f-c329-5b9c-837f-7d33e641682f,7b2e79c5-ed95-43f3-bb4b-e882e3bfeefa:c5c4c17f-c329-5b9c-837f-7d33e641682f,parent_subtree_child,Manage Your Network > Reset the cable modem to factory default settings > Use the reset button on the back panel,19,19,41,109,nearest_ancestor_subtree,candidate,anchor_or_parent_subtree_child
Q-004,Q-004,7b2e79c5-ed95-43f3-bb4b-e882e3bfeefa:OUTLINE:98f6c2f591f61009,7b2e79c5-ed95-43f3-bb4b-e882e3bfeefa,netgear-cm2000.pdf,CM2000,00cee0ff-7d3f-5d2e-8849-ca000806b8ca,62f9a09d-d5a8-5805-8b92-4d0be62383ce,7b2e79c5-ed95-43f3-bb4b-e882e3bfeefa:62f9a09d-d5a8-5805-8b92-4d0be62383ce,parent_subtree_child,Manage Your Network > Reset the cable modem to factory default settings > Use the factory reset software button,19,19,43,257,nearest_ancestor_subtree,candidate,anchor_or_parent_subtree_child
Q-005,Q-005,7b2e79c5-ed95-43f3-bb4b-e882e3bfeefa:OUTLINE:6a53389304868c8b,7b2e79c5-ed95-43f3-bb4b-e882e3bfeefa,netgear-cm2000.pdf,CM2000,00cee0ff-7d3f-5d2e-8849-ca000806b8ca,04fa120c-f70a-5771-82d0-525c222814e1,7b2e79c5-ed95-43f3-bb4b-e882e3bfeefa:04fa120c-f70a-5771-82d0-525c222814e1,parent_subtree_child,Manage Your Network,13,13,23,134,nearest_ancestor_subtree,candidate,anchor_or_parent_subtree_child
Q-005,Q-005,7b2e79c5-ed95-43f3-bb4b-e882e3bfeefa:OUTLINE:6a53389304868c8b,7b2e79c5-ed95-43f3-bb4b-e882e3bfeefa,netgear-cm2000.pdf,CM2000,00cee0ff-7d3f-5d2e-8849-ca000806b8ca,4cb893dc-21bd-5b88-92cb-a874cd79e74e,7b2e79c5-ed95-43f3-bb4b-e882e3bfeefa:4cb893dc-21bd-5b88-92cb-a874cd79e74e,parent_subtree_child,Manage Your Network > Log in to the cable modem,14,14,25,166,nearest_ancestor_subtree,candidate,anchor_or_parent_subtree_child
Q-005,Q-005,7b2e79c5-ed95-43f3-bb4b-e882e3bfeefa:OUTLINE:6a53389304868c8b,7b2e79c5-ed95-43f3-bb4b-e882e3bfeefa,netgear-cm2000.pdf,CM2000,00cee0ff-7d3f-5d2e-8849-ca000806b8ca,0de5a970-8b6a-5e57-ba98-6f57671a841c,7b2e79c5-ed95-43f3-bb4b-e882e3bfeefa:0de5a970-8b6a-5e57-ba98-6f57671a841c,parent_subtree_child,Manage Your Network > Change the admin password,14,15,27,241,nearest_ancestor_subtree,candidate,anchor_or_parent_subtree_child
Q-005,Q-005,7b2e79c5-ed95-43f3-bb4b-e882e3bfeefa:OUTLINE:6a53389304868c8b,7b2e79c5-ed95-43f3-bb4b-e882e3bfeefa,netgear-cm2000.pdf,CM2000,00cee0ff-7d3f-5d2e-8849-ca000806b8ca,eb2ebf98-481f-54be-b4a3-56ea1bdf5749,7b2e79c5-ed95-43f3-bb4b-e882e3bfeefa:eb2ebf98-481f-54be-b4a3-56ea1bdf5749,anchor,Manage Your Network > View cable modem initialization,15,15,29,306,nearest_ancestor_subtree,candidate,anchor_or_parent_subtree_child
Q-005,Q-005,7b2e79c5-ed95-43f3-bb4b-e882e3bfeefa:OUTLINE:6a53389304868c8b,7b2e79c5-ed95-43f3-bb4b-e882e3bfeefa,netgear-cm2000.pdf,CM2000,00cee0ff-7d3f-5d2e-8849-ca000806b8ca,89ec02e1-535c-52f6-9162-6966ecfbb9c3,7b2e79c5-ed95-43f3-bb4b-e882e3bfeefa:89ec02e1-535c-52f6-9162-6966ecfbb9c3,parent_subtree_child,Manage Your Network > View cable modem status,16,16,31,123,nearest_ancestor_subtree,candidate,anchor_or_parent_subtree_child
Q-005,Q-005,7b2e79c5-ed95-43f3-bb4b-e882e3bfeefa:OUTLINE:6a53389304868c8b,7b2e79c5-ed95-43f3-bb4b-e882e3bfeefa,netgear-cm2000.pdf,CM2000,00cee0ff-7d3f-5d2e-8849-ca000806b8ca,aad16abe-2ee4-5e5a-b0c8-7dc2c54d0c08,7b2e79c5-ed95-43f3-bb4b-e882e3bfeefa:aad16abe-2ee4-5e5a-b0c8-7dc2c54d0c08,parent_subtree_child,Manage Your Network > View and clear event logs,16,16,33,197,nearest_ancestor_subtree,candidate,anchor_or_parent_subtree_child
Q-005,Q-005,7b2e79c5-ed95-43f3-bb4b-e882e3bfeefa:OUTLINE:6a53389304868c8b,7b2e79c5-ed95-43f3-bb4b-e882e3bfeefa,netgear-cm2000.pdf,CM2000,00cee0ff-7d3f-5d2e-8849-ca000806b8ca,d4e41f41-b904-5986-9e36-8f33dd80da5c,7b2e79c5-ed95-43f3-bb4b-e882e3bfeefa:d4e41f41-b904-5986-9e36-8f33dd80da5c,parent_subtree_child,Manage Your Network > Specify the cable connection starting frequency,17,17,35,213,nearest_ancestor_subtree,candidate,anchor_or_parent_subtree_child
Q-005,Q-005,7b2e79c5-ed95-43f3-bb4b-e882e3bfeefa:OUTLINE:6a53389304868c8b,7b2e79c5-ed95-43f3-bb4b-e882e3bfeefa,netgear-cm2000.pdf,CM2000,00cee0ff-7d3f-5d2e-8849-ca000806b8ca,6d3c3709-9edf-533b-925d-d30eb7852b75,7b2e79c5-ed95-43f3-bb4b-e882e3bfeefa:6d3c3709-9edf-533b-925d-d30eb7852b75,parent_subtree_child,Manage Your Network > Reboot the cable modem,17,18,37,204,nearest_ancestor_subtree,candidate,anchor_or_parent_subtree_child
Q-005,Q-005,7b2e79c5-ed95-43f3-bb4b-e882e3bfeefa:OUTLINE:6a53389304868c8b,7b2e79c5-ed95-43f3-bb4b-e882e3bfeefa,netgear-cm2000.pdf,CM2000,00cee0ff-7d3f-5d2e-8849-ca000806b8ca,32161388-87c1-53c5-9f08-9867bf5baeb1,7b2e79c5-ed95-43f3-bb4b-e882e3bfeefa:32161388-87c1-53c5-9f08-9867bf5baeb1,parent_subtree_child,Manage Your Network > Reset the cable modem to factory default settings,18,18,39,131,nearest_ancestor_subtree,candidate,anchor_or_parent_subtree_child
Q-005,Q-005,7b2e79c5-ed95-43f3-bb4b-e882e3bfeefa:OUTLINE:6a53389304868c8b,7b2e79c5-ed95-43f3-bb4b-e882e3bfeefa,netgear-cm2000.pdf,CM2000,00cee0ff-7d3f-5d2e-8849-ca000806b8ca,c5c4c17f-c329-5b9c-837f-7d33e641682f,7b2e79c5-ed95-43f3-bb4b-e882e3bfeefa:c5c4c17f-c329-5b9c-837f-7d33e641682f,parent_subtree_child,Manage Your Network > Reset the cable modem to factory default settings > Use the reset button on the back panel,19,19,41,109,nearest_ancestor_subtree,candidate,anchor_or_parent_subtree_child
Q-005,Q-005,7b2e79c5-ed95-43f3-bb4b-e882e3bfeefa:OUTLINE:6a53389304868c8b,7b2e79c5-ed95-43f3-bb4b-e882e3bfeefa,netgear-cm2000.pdf,CM2000,00cee0ff-7d3f-5d2e-8849-ca000806b8ca,62f9a09d-d5a8-5805-8b92-4d0be62383ce,7b2e79c5-ed95-43f3-bb4b-e882e3bfeefa:62f9a09d-d5a8-5805-8b92-4d0be62383ce,parent_subtree_child,Manage Your Network > Reset the cable modem to factory default settings > Use the factory reset software button,19,19,43,257,nearest_ancestor_subtree,candidate,anchor_or_parent_subtree_child
Q-006,Q-006,7b2e79c5-ed95-43f3-bb4b-e882e3bfeefa:OUTLINE:922aff4d97250b1a,7b2e79c5-ed95-43f3-bb4b-e882e3bfeefa,netgear-cm2000.pdf,CM2000,10ef12a9-be6f-50b3-8b8a-7a2aa97815bb,32161388-87c1-53c5-9f08-9867bf5baeb1,7b2e79c5-ed95-43f3-bb4b-e882e3bfeefa:32161388-87c1-53c5-9f08-9867bf5baeb1,parent_subtree_child,Manage Your Network > Reset the cable modem to factory default settings,18,18,39,131,nearest_ancestor_subtree,candidate,anchor_or_parent_subtree_child
Q-006,Q-006,7b2e79c5-ed95-43f3-bb4b-e882e3bfeefa:OUTLINE:922aff4d97250b1a,7b2e79c5-ed95-43f3-bb4b-e882e3bfeefa,netgear-cm2000.pdf,CM2000,10ef12a9-be6f-50b3-8b8a-7a2aa97815bb,c5c4c17f-c329-5b9c-837f-7d33e641682f,7b2e79c5-ed95-43f3-bb4b-e882e3bfeefa:c5c4c17f-c329-5b9c-837f-7d33e641682f,parent_subtree_child,Manage Your Network > Reset the cable modem to factory default settings > Use the reset button on the back panel,19,19,41,109,nearest_ancestor_subtree,candidate,anchor_or_parent_subtree_child
Q-006,Q-006,7b2e79c5-ed95-43f3-bb4b-e882e3bfeefa:OUTLINE:922aff4d97250b1a,7b2e79c5-ed95-43f3-bb4b-e882e3bfeefa,netgear-cm2000.pdf,CM2000,10ef12a9-be6f-50b3-8b8a-7a2aa97815bb,62f9a09d-d5a8-5805-8b92-4d0be62383ce,7b2e79c5-ed95-43f3-bb4b-e882e3bfeefa:62f9a09d-d5a8-5805-8b92-4d0be62383ce,anchor,Manage Your Network > Reset the cable modem to factory default settings > Use the factory reset software button,19,19,43,257,nearest_ancestor_subtree,candidate,anchor_or_parent_subtree_child
Q-007,Q-007,7b2e79c5-ed95-43f3-bb4b-e882e3bfeefa:OUTLINE:25d276b399cc0e63,7b2e79c5-ed95-43f3-bb4b-e882e3bfeefa,netgear-cm2000.pdf,CM2000,10ef12a9-be6f-50b3-8b8a-7a2aa97815bb,32161388-87c1-53c5-9f08-9867bf5baeb1,7b2e79c5-ed95-43f3-bb4b-e882e3bfeefa:32161388-87c1-53c5-9f08-9867bf5baeb1,parent_subtree_child,Manage Your Network > Reset the cable modem to factory default settings,18,18,39,131,nearest_ancestor_subtree,candidate,anchor_or_parent_subtree_child
Q-007,Q-007,7b2e79c5-ed95-43f3-bb4b-e882e3bfeefa:OUTLINE:25d276b399cc0e63,7b2e79c5-ed95-43f3-bb4b-e882e3bfeefa,netgear-cm2000.pdf,CM2000,10ef12a9-be6f-50b3-8b8a-7a2aa97815bb,c5c4c17f-c329-5b9c-837f-7d33e641682f,7b2e79c5-ed95-43f3-bb4b-e882e3bfeefa:c5c4c17f-c329-5b9c-837f-7d33e641682f,anchor,Manage Your Network > Reset the cable modem to factory default settings > Use the reset button on the back panel,19,19,41,109,nearest_ancestor_subtree,candidate,anchor_or_parent_subtree_child
Q-007,Q-007,7b2e79c5-ed95-43f3-bb4b-e882e3bfeefa:OUTLINE:25d276b399cc0e63,7b2e79c5-ed95-43f3-bb4b-e882e3bfeefa,netgear-cm2000.pdf,CM2000,10ef12a9-be6f-50b3-8b8a-7a2aa97815bb,62f9a09d-d5a8-5805-8b92-4d0be62383ce,7b2e79c5-ed95-43f3-bb4b-e882e3bfeefa:62f9a09d-d5a8-5805-8b92-4d0be62383ce,parent_subtree_child,Manage Your Network > Reset the cable modem to factory default settings > Use the factory reset software button,19,19,43,257,nearest_ancestor_subtree,candidate,anchor_or_parent_subtree_child
Q-008,Q-008,7b2e79c5-ed95-43f3-bb4b-e882e3bfeefa:OUTLINE:a071a10fef9360ce,7b2e79c5-ed95-43f3-bb4b-e882e3bfeefa,netgear-cm2000.pdf,CM2000,bc36a877-e4f8-5d1a-8bf4-4786705b0ff4,0b4be46a-1b6b-58a7-9c32-aa26b9e82c7c,7b2e79c5-ed95-43f3-bb4b-e882e3bfeefa:0b4be46a-1b6b-58a7-9c32-aa26b9e82c7c,parent_subtree_child,Troubleshooting,20,20,45,57,nearest_ancestor_subtree,candidate,anchor_or_parent_subtree_child
Q-008,Q-008,7b2e79c5-ed95-43f3-bb4b-e882e3bfeefa:OUTLINE:a071a10fef9360ce,7b2e79c5-ed95-43f3-bb4b-e882e3bfeefa,netgear-cm2000.pdf,CM2000,bc36a877-e4f8-5d1a-8bf4-4786705b0ff4,a88667b7-b299-50cb-9f9c-7ca1197494a0,7b2e79c5-ed95-43f3-bb4b-e882e3bfeefa:a88667b7-b299-50cb-9f9c-7ca1197494a0,parent_subtree_child,Troubleshooting > Use LEDs to Troubleshoot,21,22,47,434,nearest_ancestor_subtree,candidate,anchor_or_parent_subtree_child
Q-008,Q-008,7b2e79c5-ed95-43f3-bb4b-e882e3bfeefa:OUTLINE:a071a10fef9360ce,7b2e79c5-ed95-43f3-bb4b-e882e3bfeefa,netgear-cm2000.pdf,CM2000,bc36a877-e4f8-5d1a-8bf4-4786705b0ff4,85bd9c8e-a264-5649-acbc-73648b7ce861,7b2e79c5-ed95-43f3-bb4b-e882e3bfeefa:85bd9c8e-a264-5649-acbc-73648b7ce861,anchor,Troubleshooting > Cannot log in to the cable modem,23,23,49,293,nearest_ancestor_subtree,candidate,anchor_or_parent_subtree_child
Q-008,Q-008,7b2e79c5-ed95-43f3-bb4b-e882e3bfeefa:OUTLINE:a071a10fef9360ce,7b2e79c5-ed95-43f3-bb4b-e882e3bfeefa,netgear-cm2000.pdf,CM2000,bc36a877-e4f8-5d1a-8bf4-4786705b0ff4,5127b280-fd0a-571f-ab9a-f66bb57d3f73,7b2e79c5-ed95-43f3-bb4b-e882e3bfeefa:5127b280-fd0a-571f-ab9a-f66bb57d3f73,parent_subtree_child,Troubleshooting > Troubleshoot the cable internet connection,23,23,51,63,nearest_ancestor_subtree,candidate,anchor_or_parent_subtree_child
Q-009,Q-009,7b2e79c5-ed95-43f3-bb4b-e882e3bfeefa:OUTLINE:b934612f8b7cd99e,7b2e79c5-ed95-43f3-bb4b-e882e3bfeefa,netgear-cm2000.pdf,CM2000,665b08cf-af46-5207-94be-f1a63d358298,5623215c-e3d7-5f63-a386-5a1795da0cec,7b2e79c5-ed95-43f3-bb4b-e882e3bfeefa:5623215c-e3d7-5f63-a386-5a1795da0cec,parent_subtree_child,Supplemental Information,24,24,53,22,nearest_ancestor_subtree,candidate,anchor_or_parent_subtree_child
Q-009,Q-009,7b2e79c5-ed95-43f3-bb4b-e882e3bfeefa:OUTLINE:b934612f8b7cd99e,7b2e79c5-ed95-43f3-bb4b-e882e3bfeefa,netgear-cm2000.pdf,CM2000,665b08cf-af46-5207-94be-f1a63d358298,aaab89bf-432b-54b0-8b19-e4aba634a9a7,7b2e79c5-ed95-43f3-bb4b-e882e3bfeefa:aaab89bf-432b-54b0-8b19-e4aba634a9a7,parent_subtree_child,Supplemental Information > Factory Settings,25,25,55,95,nearest_ancestor_subtree,candidate,anchor_or_parent_subtree_child
Q-009,Q-009,7b2e79c5-ed95-43f3-bb4b-e882e3bfeefa:OUTLINE:b934612f8b7cd99e,7b2e79c5-ed95-43f3-bb4b-e882e3bfeefa,netgear-cm2000.pdf,CM2000,665b08cf-af46-5207-94be-f1a63d358298,88695618-cf2a-5bf0-9a58-da1167d8f0c6,7b2e79c5-ed95-43f3-bb4b-e882e3bfeefa:88695618-cf2a-5bf0-9a58-da1167d8f0c6,anchor,Supplemental Information > Technical Specifications,25,26,57,190,nearest_ancestor_subtree,candidate,anchor_or_parent_subtree_child
Q-010,Q-010,398c0bb9-3253-4629-a5ed-18f51d9fb36b:OUTLINE:9238290c613deeba,398c0bb9-3253-4629-a5ed-18f51d9fb36b,netgear-lm1200.pdf,LM1200,ce191596-e4c2-50ad-b682-34b799bcce06,08721bd4-8e6b-5632-9f7a-ce7fe27dbf39,398c0bb9-3253-4629-a5ed-18f51d9fb36b:08721bd4-8e6b-5632-9f7a-ce7fe27dbf39,parent_subtree_child,Introduction and Hardware Overview,6,7,3,284,nearest_ancestor_subtree,candidate,anchor_or_parent_subtree_child
Q-010,Q-010,398c0bb9-3253-4629-a5ed-18f51d9fb36b:OUTLINE:9238290c613deeba,398c0bb9-3253-4629-a5ed-18f51d9fb36b,netgear-lm1200.pdf,LM1200,ce191596-e4c2-50ad-b682-34b799bcce06,38e7df97-d206-5045-992f-f6f94b5d20a0,398c0bb9-3253-4629-a5ed-18f51d9fb36b:38e7df97-d206-5045-992f-f6f94b5d20a0,parent_subtree_child,Introduction and Hardware Overview > Introduction,8,8,5,370,nearest_ancestor_subtree,candidate,anchor_or_parent_subtree_child
Q-010,Q-010,398c0bb9-3253-4629-a5ed-18f51d9fb36b:OUTLINE:9238290c613deeba,398c0bb9-3253-4629-a5ed-18f51d9fb36b,netgear-lm1200.pdf,LM1200,ce191596-e4c2-50ad-b682-34b799bcce06,8906d18b-9f42-59e8-80d2-6a61d61889ce,398c0bb9-3253-4629-a5ed-18f51d9fb36b:8906d18b-9f42-59e8-80d2-6a61d61889ce,parent_subtree_child,Introduction and Hardware Overview > Supported Mobile Broadband Bands,8,9,7,184,nearest_ancestor_subtree,candidate,anchor_or_parent_subtree_child
Q-010,Q-010,398c0bb9-3253-4629-a5ed-18f51d9fb36b:OUTLINE:9238290c613deeba,398c0bb9-3253-4629-a5ed-18f51d9fb36b,netgear-lm1200.pdf,LM1200,ce191596-e4c2-50ad-b682-34b799bcce06,e9b08921-891c-505e-a99e-2dc216159d13,398c0bb9-3253-4629-a5ed-18f51d9fb36b:e9b08921-891c-505e-a99e-2dc216159d13,parent_subtree_child,Introduction and Hardware Overview > Package Contents,9,9,9,49,nearest_ancestor_subtree,candidate,anchor_or_parent_subtree_child
Q-010,Q-010,398c0bb9-3253-4629-a5ed-18f51d9fb36b:OUTLINE:9238290c613deeba,398c0bb9-3253-4629-a5ed-18f51d9fb36b,netgear-lm1200.pdf,LM1200,ce191596-e4c2-50ad-b682-34b799bcce06,6f0c387b-1f88-5053-ab87-88c4b71a3cea,398c0bb9-3253-4629-a5ed-18f51d9fb36b:6f0c387b-1f88-5053-ab87-88c4b71a3cea,parent_subtree_child,Introduction and Hardware Overview > Modem Rear Panel,9,10,11,57,nearest_ancestor_subtree,candidate,anchor_or_parent_subtree_child
Q-010,Q-010,398c0bb9-3253-4629-a5ed-18f51d9fb36b:OUTLINE:9238290c613deeba,398c0bb9-3253-4629-a5ed-18f51d9fb36b,netgear-lm1200.pdf,LM1200,ce191596-e4c2-50ad-b682-34b799bcce06,37f50132-32d9-5fb0-a62d-366e401ac417,398c0bb9-3253-4629-a5ed-18f51d9fb36b:37f50132-32d9-5fb0-a62d-366e401ac417,anchor,Introduction and Hardware Overview > Install the Nano SIM Card,10,10,13,92,nearest_ancestor_subtree,candidate,anchor_or_parent_subtree_child
Q-010,Q-010,398c0bb9-3253-4629-a5ed-18f51d9fb36b:OUTLINE:9238290c613deeba,398c0bb9-3253-4629-a5ed-18f51d9fb36b,netgear-lm1200.pdf,LM1200,ce191596-e4c2-50ad-b682-34b799bcce06,e73ee2ff-1f79-57c4-9fb6-1d1945e522dc,398c0bb9-3253-4629-a5ed-18f51d9fb36b:e73ee2ff-1f79-57c4-9fb6-1d1945e522dc,parent_subtree_child,Introduction and Hardware Overview > Power on Your Modem,10,11,15,299,nearest_ancestor_subtree,candidate,anchor_or_parent_subtree_child
Q-010,Q-010,398c0bb9-3253-4629-a5ed-18f51d9fb36b:OUTLINE:9238290c613deeba,398c0bb9-3253-4629-a5ed-18f51d9fb36b,netgear-lm1200.pdf,LM1200,ce191596-e4c2-50ad-b682-34b799bcce06,e8873740-484a-565e-bd6d-09fecedae0e9,398c0bb9-3253-4629-a5ed-18f51d9fb36b:e8873740-484a-565e-bd6d-09fecedae0e9,parent_subtree_child,Introduction and Hardware Overview > Ensure the Modem Firmware is Up to Date,11,13,17,631,nearest_ancestor_subtree,candidate,anchor_or_parent_subtree_child
Q-010,Q-010,398c0bb9-3253-4629-a5ed-18f51d9fb36b:OUTLINE:9238290c613deeba,398c0bb9-3253-4629-a5ed-18f51d9fb36b,netgear-lm1200.pdf,LM1200,ce191596-e4c2-50ad-b682-34b799bcce06,c6299716-41cf-5ba8-a842-e253040502ba,398c0bb9-3253-4629-a5ed-18f51d9fb36b:c6299716-41cf-5ba8-a842-e253040502ba,parent_subtree_child,Introduction and Hardware Overview > Top Panel With Status LEDs,13,13,19,242,nearest_ancestor_subtree,candidate,anchor_or_parent_subtree_child
Q-010,Q-010,398c0bb9-3253-4629-a5ed-18f51d9fb36b:OUTLINE:9238290c613deeba,398c0bb9-3253-4629-a5ed-18f51d9fb36b,netgear-lm1200.pdf,LM1200,ce191596-e4c2-50ad-b682-34b799bcce06,2619dfbb-86bf-53e1-a865-383c51d2e883,398c0bb9-3253-4629-a5ed-18f51d9fb36b:2619dfbb-86bf-53e1-a865-383c51d2e883,parent_subtree_child,"Introduction and Hardware Overview > Back Panel Connectors, Buttons, and Ports",14,14,21,337,nearest_ancestor_subtree,candidate,anchor_or_parent_subtree_child
Q-010,Q-010,398c0bb9-3253-4629-a5ed-18f51d9fb36b:OUTLINE:9238290c613deeba,398c0bb9-3253-4629-a5ed-18f51d9fb36b,netgear-lm1200.pdf,LM1200,ce191596-e4c2-50ad-b682-34b799bcce06,50e7b2b8-942c-5043-94ab-577b121cd1d1,398c0bb9-3253-4629-a5ed-18f51d9fb36b:50e7b2b8-942c-5043-94ab-577b121cd1d1,parent_subtree_child,Introduction and Hardware Overview > Position the Modem,15,15,23,252,nearest_ancestor_subtree,candidate,anchor_or_parent_subtree_child
Q-010,Q-010,398c0bb9-3253-4629-a5ed-18f51d9fb36b:OUTLINE:9238290c613deeba,398c0bb9-3253-4629-a5ed-18f51d9fb36b,netgear-lm1200.pdf,LM1200,ce191596-e4c2-50ad-b682-34b799bcce06,6bf86f5e-3407-5530-ae87-83da33229909,398c0bb9-3253-4629-a5ed-18f51d9fb36b:6bf86f5e-3407-5530-ae87-83da33229909,parent_subtree_child,Introduction and Hardware Overview > Optional External Antenna,16,16,25,110,nearest_ancestor_subtree,candidate,anchor_or_parent_subtree_child
Q-011,Q-011,398c0bb9-3253-4629-a5ed-18f51d9fb36b:OUTLINE:48e34928377b828f,398c0bb9-3253-4629-a5ed-18f51d9fb36b,netgear-lm1200.pdf,LM1200,4466c94f-abf9-58d5-974b-599bd5626bef,5f46f263-0d32-52f3-a720-b482e0380d78,398c0bb9-3253-4629-a5ed-18f51d9fb36b:5f46f263-0d32-52f3-a720-b482e0380d78,parent_subtree_child,"Get Started > Connect a Computer, Switch, Hub, Router, or WiFi Router to the Modem",18,19,31,241,nearest_ancestor_subtree,candidate,anchor_or_parent_subtree_child
Q-011,Q-011,398c0bb9-3253-4629-a5ed-18f51d9fb36b:OUTLINE:48e34928377b828f,398c0bb9-3253-4629-a5ed-18f51d9fb36b,netgear-lm1200.pdf,LM1200,4466c94f-abf9-58d5-974b-599bd5626bef,36789817-932f-55f7-9c50-bb45d2df0cbe,398c0bb9-3253-4629-a5ed-18f51d9fb36b:36789817-932f-55f7-9c50-bb45d2df0cbe,anchor,"Get Started > Connect a Computer, Switch, Hub, Router, or WiFi Router to the Modem > Connect a Computer to the LAN Port of the Modem",19,19,33,86,nearest_ancestor_subtree,candidate,anchor_or_parent_subtree_child
Q-011,Q-011,398c0bb9-3253-4629-a5ed-18f51d9fb36b:OUTLINE:48e34928377b828f,398c0bb9-3253-4629-a5ed-18f51d9fb36b,netgear-lm1200.pdf,LM1200,4466c94f-abf9-58d5-974b-599bd5626bef,bac92cce-e737-5536-b2ae-ea8ce3d6c37d,398c0bb9-3253-4629-a5ed-18f51d9fb36b:bac92cce-e737-5536-b2ae-ea8ce3d6c37d,parent_subtree_child,"Get Started > Connect a Computer, Switch, Hub, Router, or WiFi Router to the Modem > Connect a Router or WiFi Router to the LAN Port of the Modem",19,19,35,98,nearest_ancestor_subtree,candidate,anchor_or_parent_subtree_child
Q-012,Q-012,398c0bb9-3253-4629-a5ed-18f51d9fb36b:OUTLINE:38b50e33ee1e7189,398c0bb9-3253-4629-a5ed-18f51d9fb36b,netgear-lm1200.pdf,LM1200,9b5ec495-5f1b-558d-b13a-8895d40aa51a,da117f48-a982-5654-8db7-0432607d916d,398c0bb9-3253-4629-a5ed-18f51d9fb36b:da117f48-a982-5654-8db7-0432607d916d,parent_subtree_child,Manage the Modem LAN Settings,23,23,41,73,nearest_ancestor_subtree,candidate,anchor_or_parent_subtree_child
Q-012,Q-012,398c0bb9-3253-4629-a5ed-18f51d9fb36b:OUTLINE:38b50e33ee1e7189,398c0bb9-3253-4629-a5ed-18f51d9fb36b,netgear-lm1200.pdf,LM1200,9b5ec495-5f1b-558d-b13a-8895d40aa51a,500cd522-dd3e-5e13-a8eb-c333856d566a,398c0bb9-3253-4629-a5ed-18f51d9fb36b:500cd522-dd3e-5e13-a8eb-c333856d566a,parent_subtree_child,Manage the Modem LAN Settings > Change the LAN Settings,24,25,43,517,nearest_ancestor_subtree,candidate,anchor_or_parent_subtree_child
Q-012,Q-012,398c0bb9-3253-4629-a5ed-18f51d9fb36b:OUTLINE:38b50e33ee1e7189,398c0bb9-3253-4629-a5ed-18f51d9fb36b,netgear-lm1200.pdf,LM1200,9b5ec495-5f1b-558d-b13a-8895d40aa51a,7a457e5c-aa3c-5b7f-8670-bd1a2011d57a,398c0bb9-3253-4629-a5ed-18f51d9fb36b:7a457e5c-aa3c-5b7f-8670-bd1a2011d57a,parent_subtree_child,Manage the Modem LAN Settings > Manage Router Mode and Bridge Mode,26,27,45,733,nearest_ancestor_subtree,candidate,anchor_or_parent_subtree_child
Q-012,Q-012,398c0bb9-3253-4629-a5ed-18f51d9fb36b:OUTLINE:38b50e33ee1e7189,398c0bb9-3253-4629-a5ed-18f51d9fb36b,netgear-lm1200.pdf,LM1200,9b5ec495-5f1b-558d-b13a-8895d40aa51a,fa675707-eec3-5dae-b80f-46a21238adcf,398c0bb9-3253-4629-a5ed-18f51d9fb36b:fa675707-eec3-5dae-b80f-46a21238adcf,anchor,Manage the Modem LAN Settings > Change the DHCP Server Settings,28,30,47,894,nearest_ancestor_subtree,candidate,anchor_or_parent_subtree_child
Q-012,Q-012,398c0bb9-3253-4629-a5ed-18f51d9fb36b:OUTLINE:38b50e33ee1e7189,398c0bb9-3253-4629-a5ed-18f51d9fb36b,netgear-lm1200.pdf,LM1200,9b5ec495-5f1b-558d-b13a-8895d40aa51a,8d71bdce-65c8-59af-8403-7425dc2dd71d,398c0bb9-3253-4629-a5ed-18f51d9fb36b:8d71bdce-65c8-59af-8403-7425dc2dd71d,parent_subtree_child,Manage the Modem LAN Settings > Disable the DHCP Server,30,31,49,359,nearest_ancestor_subtree,candidate,anchor_or_parent_subtree_child
Q-012,Q-012,398c0bb9-3253-4629-a5ed-18f51d9fb36b:OUTLINE:38b50e33ee1e7189,398c0bb9-3253-4629-a5ed-18f51d9fb36b,netgear-lm1200.pdf,LM1200,9b5ec495-5f1b-558d-b13a-8895d40aa51a,f67f23e0-c307-5903-bb84-54e16f41154e,398c0bb9-3253-4629-a5ed-18f51d9fb36b:f67f23e0-c307-5903-bb84-54e16f41154e,parent_subtree_child,Manage the Modem LAN Settings > Enable the DMZ,31,32,51,470,nearest_ancestor_subtree,candidate,anchor_or_parent_subtree_child
Q-012,Q-012,398c0bb9-3253-4629-a5ed-18f51d9fb36b:OUTLINE:38b50e33ee1e7189,398c0bb9-3253-4629-a5ed-18f51d9fb36b,netgear-lm1200.pdf,LM1200,9b5ec495-5f1b-558d-b13a-8895d40aa51a,b18868ce-b82c-5ad4-aeff-cb20bdf160f9,398c0bb9-3253-4629-a5ed-18f51d9fb36b:b18868ce-b82c-5ad4-aeff-cb20bdf160f9,parent_subtree_child,Manage the Modem LAN Settings > Disable VPN Pass-Through,32,33,53,458,nearest_ancestor_subtree,candidate,anchor_or_parent_subtree_child
Q-013,Q-013,398c0bb9-3253-4629-a5ed-18f51d9fb36b:OUTLINE:88b9a28663a8f104,398c0bb9-3253-4629-a5ed-18f51d9fb36b,netgear-lm1200.pdf,LM1200,18fa1aa2-62fb-541b-ac16-dbe3a114d3e9,b9090bed-56fe-5d0d-b892-328b43696089,398c0bb9-3253-4629-a5ed-18f51d9fb36b:b9090bed-56fe-5d0d-b892-328b43696089,parent_subtree_child,Manage the Mobile Broadband Connection,34,34,55,75,nearest_ancestor_subtree,candidate,anchor_or_parent_subtree_child
Q-013,Q-013,398c0bb9-3253-4629-a5ed-18f51d9fb36b:OUTLINE:88b9a28663a8f104,398c0bb9-3253-4629-a5ed-18f51d9fb36b,netgear-lm1200.pdf,LM1200,18fa1aa2-62fb-541b-ac16-dbe3a114d3e9,44157573-a57c-5a85-a69b-05c25c03dc6a,398c0bb9-3253-4629-a5ed-18f51d9fb36b:44157573-a57c-5a85-a69b-05c25c03dc6a,parent_subtree_child,Manage the Mobile Broadband Connection > Manage Mobile Broadband Auto Connect Options,35,36,57,386,nearest_ancestor_subtree,candidate,anchor_or_parent_subtree_child
Q-013,Q-013,398c0bb9-3253-4629-a5ed-18f51d9fb36b:OUTLINE:88b9a28663a8f104,398c0bb9-3253-4629-a5ed-18f51d9fb36b,netgear-lm1200.pdf,LM1200,18fa1aa2-62fb-541b-ac16-dbe3a114d3e9,cf1f57e0-473a-57f3-8d91-a52b0070e80b,398c0bb9-3253-4629-a5ed-18f51d9fb36b:cf1f57e0-473a-57f3-8d91-a52b0070e80b,anchor,Manage the Mobile Broadband Connection > Manually Connect to or Disconnect From the Mobile Broadband Network,36,37,59,312,nearest_ancestor_subtree,candidate,anchor_or_parent_subtree_child
Q-013,Q-013,398c0bb9-3253-4629-a5ed-18f51d9fb36b:OUTLINE:88b9a28663a8f104,398c0bb9-3253-4629-a5ed-18f51d9fb36b,netgear-lm1200.pdf,LM1200,18fa1aa2-62fb-541b-ac16-dbe3a114d3e9,db78a5e3-159b-555f-9563-ca3d7b9ec705,398c0bb9-3253-4629-a5ed-18f51d9fb36b:db78a5e3-159b-555f-9563-ca3d7b9ec705,parent_subtree_child,Manage the Mobile Broadband Connection > Manage APN Profiles for Mobile Broadband Connections,37,37,61,229,nearest_ancestor_subtree,candidate,anchor_or_parent_subtree_child
Q-013,Q-013,398c0bb9-3253-4629-a5ed-18f51d9fb36b:OUTLINE:88b9a28663a8f104,398c0bb9-3253-4629-a5ed-18f51d9fb36b,netgear-lm1200.pdf,LM1200,18fa1aa2-62fb-541b-ac16-dbe3a114d3e9,3324b609-c742-509c-8d41-2ecd13aacc35,398c0bb9-3253-4629-a5ed-18f51d9fb36b:3324b609-c742-509c-8d41-2ecd13aacc35,parent_subtree_child,Manage the Mobile Broadband Connection > Manage APN Profiles for Mobile Broadband Connections > View APN Profiles or Add a Custom APN Profile,37,39,63,726,nearest_ancestor_subtree,candidate,anchor_or_parent_subtree_child
Q-013,Q-013,398c0bb9-3253-4629-a5ed-18f51d9fb36b:OUTLINE:88b9a28663a8f104,398c0bb9-3253-4629-a5ed-18f51d9fb36b,netgear-lm1200.pdf,LM1200,18fa1aa2-62fb-541b-ac16-dbe3a114d3e9,3d1189d7-ea5a-51e8-ab3f-d615ce7888a2,398c0bb9-3253-4629-a5ed-18f51d9fb36b:3d1189d7-ea5a-51e8-ab3f-d615ce7888a2,parent_subtree_child,Manage the Mobile Broadband Connection > Manage APN Profiles for Mobile Broadband Connections > Select an APN Profile,40,40,65,381,nearest_ancestor_subtree,candidate,anchor_or_parent_subtree_child
Q-013,Q-013,398c0bb9-3253-4629-a5ed-18f51d9fb36b:OUTLINE:88b9a28663a8f104,398c0bb9-3253-4629-a5ed-18f51d9fb36b,netgear-lm1200.pdf,LM1200,18fa1aa2-62fb-541b-ac16-dbe3a114d3e9,c24a6512-0313-5f31-9096-a655835c07df,398c0bb9-3253-4629-a5ed-18f51d9fb36b:c24a6512-0313-5f31-9096-a655835c07df,parent_subtree_child,Manage the Mobile Broadband Connection > Manage APN Profiles for Mobile Broadband Connections > Change an APN Profile,40,41,67,295,nearest_ancestor_subtree,candidate,anchor_or_parent_subtree_child
Q-013,Q-013,398c0bb9-3253-4629-a5ed-18f51d9fb36b:OUTLINE:88b9a28663a8f104,398c0bb9-3253-4629-a5ed-18f51d9fb36b,netgear-lm1200.pdf,LM1200,18fa1aa2-62fb-541b-ac16-dbe3a114d3e9,56d0f938-ad48-5142-a2f6-db3a0f8271ab,398c0bb9-3253-4629-a5ed-18f51d9fb36b:56d0f938-ad48-5142-a2f6-db3a0f8271ab,parent_subtree_child,Manage the Mobile Broadband Connection > Manage APN Profiles for Mobile Broadband Connections > Remove an APN Profile,41,42,69,317,nearest_ancestor_subtree,candidate,anchor_or_parent_subtree_child
Q-014,Q-014,398c0bb9-3253-4629-a5ed-18f51d9fb36b:OUTLINE:86696f313ad41e44,398c0bb9-3253-4629-a5ed-18f51d9fb36b,netgear-lm1200.pdf,LM1200,8525535d-3ead-5262-a20c-404602a84a1e,2fc2c553-bf88-582d-97da-28addc63e7b7,398c0bb9-3253-4629-a5ed-18f51d9fb36b:2fc2c553-bf88-582d-97da-28addc63e7b7,parent_subtree_child,Secure Your Network > Manage Port Forwarding for Incoming Traffic,44,45,75,316,nearest_ancestor_subtree,candidate,anchor_or_parent_subtree_child
Q-014,Q-014,398c0bb9-3253-4629-a5ed-18f51d9fb36b:OUTLINE:86696f313ad41e44,398c0bb9-3253-4629-a5ed-18f51d9fb36b,netgear-lm1200.pdf,LM1200,8525535d-3ead-5262-a20c-404602a84a1e,441256a8-38c5-5b89-952a-c44f2cd29e77,398c0bb9-3253-4629-a5ed-18f51d9fb36b:441256a8-38c5-5b89-952a-c44f2cd29e77,parent_subtree_child,Secure Your Network > Manage Port Forwarding for Incoming Traffic > Enable Port Forwarding and Add a Service or Application,45,46,77,508,nearest_ancestor_subtree,candidate,anchor_or_parent_subtree_child
Q-014,Q-014,398c0bb9-3253-4629-a5ed-18f51d9fb36b:OUTLINE:86696f313ad41e44,398c0bb9-3253-4629-a5ed-18f51d9fb36b,netgear-lm1200.pdf,LM1200,8525535d-3ead-5262-a20c-404602a84a1e,72dd6f50-8da8-5970-b90b-3a0719762e64,398c0bb9-3253-4629-a5ed-18f51d9fb36b:72dd6f50-8da8-5970-b90b-3a0719762e64,anchor,Secure Your Network > Manage Port Forwarding for Incoming Traffic > Remove a Service or Application for Port Forwarding,46,47,79,278,nearest_ancestor_subtree,candidate,anchor_or_parent_subtree_child
Q-014,Q-014,398c0bb9-3253-4629-a5ed-18f51d9fb36b:OUTLINE:86696f313ad41e44,398c0bb9-3253-4629-a5ed-18f51d9fb36b,netgear-lm1200.pdf,LM1200,8525535d-3ead-5262-a20c-404602a84a1e,028bc1b4-5551-5b6d-8527-2951b7980c51,398c0bb9-3253-4629-a5ed-18f51d9fb36b:028bc1b4-5551-5b6d-8527-2951b7980c51,parent_subtree_child,Secure Your Network > Manage Port Forwarding for Incoming Traffic > Disable Port Forwarding,47,48,81,278,nearest_ancestor_subtree,candidate,anchor_or_parent_subtree_child
Q-015,Q-015,398c0bb9-3253-4629-a5ed-18f51d9fb36b:OUTLINE:f8bc4360594722fe,398c0bb9-3253-4629-a5ed-18f51d9fb36b,netgear-lm1200.pdf,LM1200,7ff6e530-3cd9-5514-8aff-d4149a98a56c,84875d88-f82a-5d68-88f2-2d33684ebeb7,398c0bb9-3253-4629-a5ed-18f51d9fb36b:84875d88-f82a-5d68-88f2-2d33684ebeb7,parent_subtree_child,Secure Your Network > Manage SIM Card Security,55,55,95,172,nearest_ancestor_subtree,candidate,anchor_or_parent_subtree_child
Q-015,Q-015,398c0bb9-3253-4629-a5ed-18f51d9fb36b:OUTLINE:f8bc4360594722fe,398c0bb9-3253-4629-a5ed-18f51d9fb36b,netgear-lm1200.pdf,LM1200,7ff6e530-3cd9-5514-8aff-d4149a98a56c,83a1feed-756b-5879-9989-e3d6dd589221,398c0bb9-3253-4629-a5ed-18f51d9fb36b:83a1feed-756b-5879-9989-e3d6dd589221,parent_subtree_child,Secure Your Network > Manage SIM Card Security > Enable SIM Card Security,55,57,97,513,nearest_ancestor_subtree,candidate,anchor_or_parent_subtree_child
Q-015,Q-015,398c0bb9-3253-4629-a5ed-18f51d9fb36b:OUTLINE:f8bc4360594722fe,398c0bb9-3253-4629-a5ed-18f51d9fb36b,netgear-lm1200.pdf,LM1200,7ff6e530-3cd9-5514-8aff-d4149a98a56c,ccc102da-18b1-51d3-8854-2aa80257420f,398c0bb9-3253-4629-a5ed-18f51d9fb36b:ccc102da-18b1-51d3-8854-2aa80257420f,parent_subtree_child,Secure Your Network > Manage SIM Card Security > Enter the SIM PIN to Enable the Modem to Connect to the Internet,57,58,99,491,nearest_ancestor_subtree,candidate,anchor_or_parent_subtree_child
Q-015,Q-015,398c0bb9-3253-4629-a5ed-18f51d9fb36b:OUTLINE:f8bc4360594722fe,398c0bb9-3253-4629-a5ed-18f51d9fb36b,netgear-lm1200.pdf,LM1200,7ff6e530-3cd9-5514-8aff-d4149a98a56c,57b408ca-cdf1-5548-8faa-d0fbf7a09889,398c0bb9-3253-4629-a5ed-18f51d9fb36b:57b408ca-cdf1-5548-8faa-d0fbf7a09889,parent_subtree_child,Secure Your Network > Manage SIM Card Security > Personalize the SIM PIN,59,60,101,289,nearest_ancestor_subtree,candidate,anchor_or_parent_subtree_child
Q-015,Q-015,398c0bb9-3253-4629-a5ed-18f51d9fb36b:OUTLINE:f8bc4360594722fe,398c0bb9-3253-4629-a5ed-18f51d9fb36b,netgear-lm1200.pdf,LM1200,7ff6e530-3cd9-5514-8aff-d4149a98a56c,eb06abbc-3f74-5ddc-bfd6-17572beb2155,398c0bb9-3253-4629-a5ed-18f51d9fb36b:eb06abbc-3f74-5ddc-bfd6-17572beb2155,anchor,Secure Your Network > Manage SIM Card Security > Disable SIM Card Security,60,61,103,419,nearest_ancestor_subtree,candidate,anchor_or_parent_subtree_child
Q-015,Q-015,398c0bb9-3253-4629-a5ed-18f51d9fb36b:OUTLINE:f8bc4360594722fe,398c0bb9-3253-4629-a5ed-18f51d9fb36b,netgear-lm1200.pdf,LM1200,7ff6e530-3cd9-5514-8aff-d4149a98a56c,f06eeb80-8260-5ab3-b32e-10d527e746ba,398c0bb9-3253-4629-a5ed-18f51d9fb36b:f06eeb80-8260-5ab3-b32e-10d527e746ba,parent_subtree_child,Secure Your Network > Manage SIM Card Security > Unblock the SIM Card With a PUK,61,63,105,567,nearest_ancestor_subtree,candidate,anchor_or_parent_subtree_child
Q-016,Q-016,398c0bb9-3253-4629-a5ed-18f51d9fb36b:OUTLINE:65329abb6d0ed1e0,398c0bb9-3253-4629-a5ed-18f51d9fb36b,netgear-lm1200.pdf,LM1200,1d49bfac-1b40-5ba9-84c3-e83a86423b28,a4321bbf-d86e-513c-a6d9-94e80a967ac6,398c0bb9-3253-4629-a5ed-18f51d9fb36b:a4321bbf-d86e-513c-a6d9-94e80a967ac6,parent_subtree_child,Manage the Modem and Monitor Usage and the Network,64,64,107,182,nearest_ancestor_subtree,candidate,anchor_or_parent_subtree_child
Q-016,Q-016,398c0bb9-3253-4629-a5ed-18f51d9fb36b:OUTLINE:65329abb6d0ed1e0,398c0bb9-3253-4629-a5ed-18f51d9fb36b,netgear-lm1200.pdf,LM1200,1d49bfac-1b40-5ba9-84c3-e83a86423b28,a516afea-2061-562d-8d11-63646c07c01f,398c0bb9-3253-4629-a5ed-18f51d9fb36b:a516afea-2061-562d-8d11-63646c07c01f,parent_subtree_child,Manage the Modem and Monitor Usage and the Network > Upgrade the Firmware of the Modem,65,66,109,598,nearest_ancestor_subtree,candidate,anchor_or_parent_subtree_child
Q-016,Q-016,398c0bb9-3253-4629-a5ed-18f51d9fb36b:OUTLINE:65329abb6d0ed1e0,398c0bb9-3253-4629-a5ed-18f51d9fb36b,netgear-lm1200.pdf,LM1200,1d49bfac-1b40-5ba9-84c3-e83a86423b28,0f6a2089-5a13-5774-99c6-07acab1fad65,398c0bb9-3253-4629-a5ed-18f51d9fb36b:0f6a2089-5a13-5774-99c6-07acab1fad65,parent_subtree_child,Manage the Modem and Monitor Usage and the Network > Back Up and Restore the Modem Settings,66,66,111,46,nearest_ancestor_subtree,candidate,anchor_or_parent_subtree_child
Q-016,Q-016,398c0bb9-3253-4629-a5ed-18f51d9fb36b:OUTLINE:65329abb6d0ed1e0,398c0bb9-3253-4629-a5ed-18f51d9fb36b,netgear-lm1200.pdf,LM1200,1d49bfac-1b40-5ba9-84c3-e83a86423b28,91ef64fd-4710-5642-9698-351752c2d139,398c0bb9-3253-4629-a5ed-18f51d9fb36b:91ef64fd-4710-5642-9698-351752c2d139,parent_subtree_child,Manage the Modem and Monitor Usage and the Network > Back Up and Restore the Modem Settings > Back Up the Settings,66,67,113,239,nearest_ancestor_subtree,candidate,anchor_or_parent_subtree_child
Q-016,Q-016,398c0bb9-3253-4629-a5ed-18f51d9fb36b:OUTLINE:65329abb6d0ed1e0,398c0bb9-3253-4629-a5ed-18f51d9fb36b,netgear-lm1200.pdf,LM1200,1d49bfac-1b40-5ba9-84c3-e83a86423b28,018e6d51-99e6-58d5-9b7c-920b101925a6,398c0bb9-3253-4629-a5ed-18f51d9fb36b:018e6d51-99e6-58d5-9b7c-920b101925a6,parent_subtree_child,Manage the Modem and Monitor Usage and the Network > Back Up and Restore the Modem Settings > Restore the Settings,67,68,115,290,nearest_ancestor_subtree,candidate,anchor_or_parent_subtree_child
Q-016,Q-016,398c0bb9-3253-4629-a5ed-18f51d9fb36b:OUTLINE:65329abb6d0ed1e0,398c0bb9-3253-4629-a5ed-18f51d9fb36b,netgear-lm1200.pdf,LM1200,1d49bfac-1b40-5ba9-84c3-e83a86423b28,4fa3d5bc-a84c-521b-a13a-b46a8c16e867,398c0bb9-3253-4629-a5ed-18f51d9fb36b:4fa3d5bc-a84c-521b-a13a-b46a8c16e867,parent_subtree_child,Manage the Modem and Monitor Usage and the Network > Return the Modem to Its Factory Default Settings,68,68,117,191,nearest_ancestor_subtree,candidate,anchor_or_parent_subtree_child
Q-016,Q-016,398c0bb9-3253-4629-a5ed-18f51d9fb36b:OUTLINE:65329abb6d0ed1e0,398c0bb9-3253-4629-a5ed-18f51d9fb36b,netgear-lm1200.pdf,LM1200,1d49bfac-1b40-5ba9-84c3-e83a86423b28,e7264e0e-16a2-518b-8299-9a9b07e24bc6,398c0bb9-3253-4629-a5ed-18f51d9fb36b:e7264e0e-16a2-518b-8299-9a9b07e24bc6,parent_subtree_child,Manage the Modem and Monitor Usage and the Network > Return the Modem to Its Factory Default Settings > Use the Reset Button,68,68,119,135,nearest_ancestor_subtree,candidate,anchor_or_parent_subtree_child
Q-016,Q-016,398c0bb9-3253-4629-a5ed-18f51d9fb36b:OUTLINE:65329abb6d0ed1e0,398c0bb9-3253-4629-a5ed-18f51d9fb36b,netgear-lm1200.pdf,LM1200,1d49bfac-1b40-5ba9-84c3-e83a86423b28,5b2e5129-5ec4-5f0d-bd27-124b57290fe2,398c0bb9-3253-4629-a5ed-18f51d9fb36b:5b2e5129-5ec4-5f0d-bd27-124b57290fe2,parent_subtree_child,Manage the Modem and Monitor Usage and the Network > Return the Modem to Its Factory Default Settings > Use the Modem’s Web Pages to Reset the Modem to Factory Defaults,69,69,121,283,nearest_ancestor_subtree,candidate,anchor_or_parent_subtree_child
Q-016,Q-016,398c0bb9-3253-4629-a5ed-18f51d9fb36b:OUTLINE:65329abb6d0ed1e0,398c0bb9-3253-4629-a5ed-18f51d9fb36b,netgear-lm1200.pdf,LM1200,1d49bfac-1b40-5ba9-84c3-e83a86423b28,7e1a62c7-f256-5d08-a456-a62949c30491,398c0bb9-3253-4629-a5ed-18f51d9fb36b:7e1a62c7-f256-5d08-a456-a62949c30491,anchor,Manage the Modem and Monitor Usage and the Network > View Monthly Data and Session Data Usage,69,70,123,428,nearest_ancestor_subtree,candidate,anchor_or_parent_subtree_child
Q-016,Q-016,398c0bb9-3253-4629-a5ed-18f51d9fb36b:OUTLINE:65329abb6d0ed1e0,398c0bb9-3253-4629-a5ed-18f51d9fb36b,netgear-lm1200.pdf,LM1200,1d49bfac-1b40-5ba9-84c3-e83a86423b28,0ccb8b69-decb-5c77-9ef9-18e520716b11,398c0bb9-3253-4629-a5ed-18f51d9fb36b:0ccb8b69-decb-5c77-9ef9-18e520716b11,parent_subtree_child,Manage the Modem and Monitor Usage and the Network > Set a Plan Limit for the Data Counter,70,71,125,348,nearest_ancestor_subtree,candidate,anchor_or_parent_subtree_child
Q-016,Q-016,398c0bb9-3253-4629-a5ed-18f51d9fb36b:OUTLINE:65329abb6d0ed1e0,398c0bb9-3253-4629-a5ed-18f51d9fb36b,netgear-lm1200.pdf,LM1200,1d49bfac-1b40-5ba9-84c3-e83a86423b28,3cc92e14-81e6-55d1-98e8-91b369e54b52,398c0bb9-3253-4629-a5ed-18f51d9fb36b:3cc92e14-81e6-55d1-98e8-91b369e54b52,parent_subtree_child,Manage the Modem and Monitor Usage and the Network > Change the Billing Cycle Counter or Reset the Data Counter,71,72,127,307,nearest_ancestor_subtree,candidate,anchor_or_parent_subtree_child
Q-016,Q-016,398c0bb9-3253-4629-a5ed-18f51d9fb36b:OUTLINE:65329abb6d0ed1e0,398c0bb9-3253-4629-a5ed-18f51d9fb36b,netgear-lm1200.pdf,LM1200,1d49bfac-1b40-5ba9-84c3-e83a86423b28,f730f6c1-8f04-5200-87b7-2618478a4945,398c0bb9-3253-4629-a5ed-18f51d9fb36b:f730f6c1-8f04-5200-87b7-2618478a4945,parent_subtree_child,"Manage the Modem and Monitor Usage and the Network > View Service Provider, Type of Service, and Signal Strength",72,73,129,431,nearest_ancestor_subtree,candidate,anchor_or_parent_subtree_child
Q-016,Q-016,398c0bb9-3253-4629-a5ed-18f51d9fb36b:OUTLINE:65329abb6d0ed1e0,398c0bb9-3253-4629-a5ed-18f51d9fb36b,netgear-lm1200.pdf,LM1200,1d49bfac-1b40-5ba9-84c3-e83a86423b28,bf9f20f5-35df-57fb-88b4-891a909ce76c,398c0bb9-3253-4629-a5ed-18f51d9fb36b:bf9f20f5-35df-57fb-88b4-891a909ce76c,parent_subtree_child,Manage the Modem and Monitor Usage and the Network > View Account Details and Other Details About Your Modem,74,75,131,480,nearest_ancestor_subtree,candidate,anchor_or_parent_subtree_child
Q-016,Q-016,398c0bb9-3253-4629-a5ed-18f51d9fb36b:OUTLINE:65329abb6d0ed1e0,398c0bb9-3253-4629-a5ed-18f51d9fb36b,netgear-lm1200.pdf,LM1200,1d49bfac-1b40-5ba9-84c3-e83a86423b28,bbef7cf7-8b86-5cd5-809d-75c28fde277c,398c0bb9-3253-4629-a5ed-18f51d9fb36b:bbef7cf7-8b86-5cd5-809d-75c28fde277c,parent_subtree_child,Manage the Modem and Monitor Usage and the Network > View Information About the Mobile Broadband Connection,75,76,133,309,nearest_ancestor_subtree,candidate,anchor_or_parent_subtree_child
Q-016,Q-016,398c0bb9-3253-4629-a5ed-18f51d9fb36b:OUTLINE:65329abb6d0ed1e0,398c0bb9-3253-4629-a5ed-18f51d9fb36b,netgear-lm1200.pdf,LM1200,1d49bfac-1b40-5ba9-84c3-e83a86423b28,2119a5fc-9982-595c-aa42-3734bba1e289,398c0bb9-3253-4629-a5ed-18f51d9fb36b:2119a5fc-9982-595c-aa42-3734bba1e289,parent_subtree_child,Manage the Modem and Monitor Usage and the Network > Set Up SMS Alert Messages,76,78,135,567,nearest_ancestor_subtree,candidate,anchor_or_parent_subtree_child
Q-016,Q-016,398c0bb9-3253-4629-a5ed-18f51d9fb36b:OUTLINE:65329abb6d0ed1e0,398c0bb9-3253-4629-a5ed-18f51d9fb36b,netgear-lm1200.pdf,LM1200,1d49bfac-1b40-5ba9-84c3-e83a86423b28,566db7c5-820e-5070-88ad-553007b518a8,398c0bb9-3253-4629-a5ed-18f51d9fb36b:566db7c5-820e-5070-88ad-553007b518a8,parent_subtree_child,Manage the Modem and Monitor Usage and the Network > Set the Data Limit for SMS Alert Messages,78,79,137,450,nearest_ancestor_subtree,candidate,anchor_or_parent_subtree_child
Q-016,Q-016,398c0bb9-3253-4629-a5ed-18f51d9fb36b:OUTLINE:65329abb6d0ed1e0,398c0bb9-3253-4629-a5ed-18f51d9fb36b,netgear-lm1200.pdf,LM1200,1d49bfac-1b40-5ba9-84c3-e83a86423b28,6c1cb296-900d-521b-a4d5-e94e9f7ebda5,398c0bb9-3253-4629-a5ed-18f51d9fb36b:6c1cb296-900d-521b-a4d5-e94e9f7ebda5,parent_subtree_child,Manage the Modem and Monitor Usage and the Network > View Alerts,79,80,139,237,nearest_ancestor_subtree,candidate,anchor_or_parent_subtree_child
Q-016,Q-016,398c0bb9-3253-4629-a5ed-18f51d9fb36b:OUTLINE:65329abb6d0ed1e0,398c0bb9-3253-4629-a5ed-18f51d9fb36b,netgear-lm1200.pdf,LM1200,1d49bfac-1b40-5ba9-84c3-e83a86423b28,c07b3957-f278-57a1-b219-d3d690688bda,398c0bb9-3253-4629-a5ed-18f51d9fb36b:c07b3957-f278-57a1-b219-d3d690688bda,parent_subtree_child,Manage the Modem and Monitor Usage and the Network > Turn Off the LEDs,80,81,141,305,nearest_ancestor_subtree,candidate,anchor_or_parent_subtree_child
Q-017,Q-017,398c0bb9-3253-4629-a5ed-18f51d9fb36b:OUTLINE:623d8b68d20208e6,398c0bb9-3253-4629-a5ed-18f51d9fb36b,netgear-lm1200.pdf,LM1200,3b5be77f-200b-5fb8-a211-d62f7053aa51,d2bf2718-1ebe-541e-8944-3123f29c5a7e,398c0bb9-3253-4629-a5ed-18f51d9fb36b:d2bf2718-1ebe-541e-8944-3123f29c5a7e,parent_subtree_child,Frequently Asked Questions,82,82,143,198,nearest_ancestor_subtree,candidate,anchor_or_parent_subtree_child
Q-017,Q-017,398c0bb9-3253-4629-a5ed-18f51d9fb36b:OUTLINE:623d8b68d20208e6,398c0bb9-3253-4629-a5ed-18f51d9fb36b,netgear-lm1200.pdf,LM1200,3b5be77f-200b-5fb8-a211-d62f7053aa51,bf826d8a-1a4a-5c4a-b279-0a827f31fdf6,398c0bb9-3253-4629-a5ed-18f51d9fb36b:bf826d8a-1a4a-5c4a-b279-0a827f31fdf6,parent_subtree_child,Frequently Asked Questions > What do I do when I can’t connect a device to the modem?,83,83,145,138,nearest_ancestor_subtree,candidate,anchor_or_parent_subtree_child
Q-017,Q-017,398c0bb9-3253-4629-a5ed-18f51d9fb36b:OUTLINE:623d8b68d20208e6,398c0bb9-3253-4629-a5ed-18f51d9fb36b,netgear-lm1200.pdf,LM1200,3b5be77f-200b-5fb8-a211-d62f7053aa51,22b9d588-290e-56c3-b9f2-4a21b8441b18,398c0bb9-3253-4629-a5ed-18f51d9fb36b:22b9d588-290e-56c3-b9f2-4a21b8441b18,parent_subtree_child,Frequently Asked Questions > What do I do when I can’t access the Internet?,83,83,147,140,nearest_ancestor_subtree,candidate,anchor_or_parent_subtree_child
Q-017,Q-017,398c0bb9-3253-4629-a5ed-18f51d9fb36b:OUTLINE:623d8b68d20208e6,398c0bb9-3253-4629-a5ed-18f51d9fb36b,netgear-lm1200.pdf,LM1200,3b5be77f-200b-5fb8-a211-d62f7053aa51,6036057a-b404-5f1a-ac74-f9c398efa180,398c0bb9-3253-4629-a5ed-18f51d9fb36b:6036057a-b404-5f1a-ac74-f9c398efa180,parent_subtree_child,Frequently Asked Questions > What do I do when the No Signal icon displays?,83,83,149,30,nearest_ancestor_subtree,candidate,anchor_or_parent_subtree_child
Q-017,Q-017,398c0bb9-3253-4629-a5ed-18f51d9fb36b:OUTLINE:623d8b68d20208e6,398c0bb9-3253-4629-a5ed-18f51d9fb36b,netgear-lm1200.pdf,LM1200,3b5be77f-200b-5fb8-a211-d62f7053aa51,741a7e8d-b311-5542-98b5-bdeec2cfa5ad,398c0bb9-3253-4629-a5ed-18f51d9fb36b:741a7e8d-b311-5542-98b5-bdeec2cfa5ad,parent_subtree_child,Frequently Asked Questions > Why is the download or upload speed slow?,84,84,151,55,nearest_ancestor_subtree,candidate,anchor_or_parent_subtree_child
Q-017,Q-017,398c0bb9-3253-4629-a5ed-18f51d9fb36b:OUTLINE:623d8b68d20208e6,398c0bb9-3253-4629-a5ed-18f51d9fb36b,netgear-lm1200.pdf,LM1200,3b5be77f-200b-5fb8-a211-d62f7053aa51,3922d445-5a42-5488-998e-4bca5218ef39,398c0bb9-3253-4629-a5ed-18f51d9fb36b:3922d445-5a42-5488-998e-4bca5218ef39,parent_subtree_child,Frequently Asked Questions > Can I connect multiple LAN devices to the modem?,84,84,153,126,nearest_ancestor_subtree,candidate,anchor_or_parent_subtree_child
Q-017,Q-017,398c0bb9-3253-4629-a5ed-18f51d9fb36b:OUTLINE:623d8b68d20208e6,398c0bb9-3253-4629-a5ed-18f51d9fb36b,netgear-lm1200.pdf,LM1200,3b5be77f-200b-5fb8-a211-d62f7053aa51,43434cb0-0be2-5d97-be19-dfb7256b7c44,398c0bb9-3253-4629-a5ed-18f51d9fb36b:43434cb0-0be2-5d97-be19-dfb7256b7c44,anchor,Frequently Asked Questions > How do I access the modem’s web pages?,84,84,155,30,nearest_ancestor_subtree,candidate,anchor_or_parent_subtree_child
Q-017,Q-017,398c0bb9-3253-4629-a5ed-18f51d9fb36b:OUTLINE:623d8b68d20208e6,398c0bb9-3253-4629-a5ed-18f51d9fb36b,netgear-lm1200.pdf,LM1200,3b5be77f-200b-5fb8-a211-d62f7053aa51,066de596-2806-5854-ae46-cdfc8f7b72ff,398c0bb9-3253-4629-a5ed-18f51d9fb36b:066de596-2806-5854-ae46-cdfc8f7b72ff,parent_subtree_child,Frequently Asked Questions > What do I do if I forget my admin login password?,84,84,157,91,nearest_ancestor_subtree,candidate,anchor_or_parent_subtree_child
Q-017,Q-017,398c0bb9-3253-4629-a5ed-18f51d9fb36b:OUTLINE:623d8b68d20208e6,398c0bb9-3253-4629-a5ed-18f51d9fb36b,netgear-lm1200.pdf,LM1200,3b5be77f-200b-5fb8-a211-d62f7053aa51,28cee3a7-23fe-576a-84f2-2a8e77e2689c,398c0bb9-3253-4629-a5ed-18f51d9fb36b:28cee3a7-23fe-576a-84f2-2a8e77e2689c,parent_subtree_child,Frequently Asked Questions > How do I disconnect from the mobile broadband network?,85,85,159,193,nearest_ancestor_subtree,candidate,anchor_or_parent_subtree_child
Q-017,Q-017,398c0bb9-3253-4629-a5ed-18f51d9fb36b:OUTLINE:623d8b68d20208e6,398c0bb9-3253-4629-a5ed-18f51d9fb36b,netgear-lm1200.pdf,LM1200,3b5be77f-200b-5fb8-a211-d62f7053aa51,3f12e3e2-b6e2-5123-b489-89846563e20a,398c0bb9-3253-4629-a5ed-18f51d9fb36b:3f12e3e2-b6e2-5123-b489-89846563e20a,parent_subtree_child,Frequently Asked Questions > How do I find my computer’s IP address?,85,87,161,540,nearest_ancestor_subtree,candidate,anchor_or_parent_subtree_child
Q-017,Q-017,398c0bb9-3253-4629-a5ed-18f51d9fb36b:OUTLINE:623d8b68d20208e6,398c0bb9-3253-4629-a5ed-18f51d9fb36b,netgear-lm1200.pdf,LM1200,3b5be77f-200b-5fb8-a211-d62f7053aa51,772ec958-92ab-5325-b3b7-ac496ef655a1,398c0bb9-3253-4629-a5ed-18f51d9fb36b:772ec958-92ab-5325-b3b7-ac496ef655a1,parent_subtree_child,Frequently Asked Questions > How do I find a device’s MAC address?,87,89,163,663,nearest_ancestor_subtree,candidate,anchor_or_parent_subtree_child
Q-017,Q-017,398c0bb9-3253-4629-a5ed-18f51d9fb36b:OUTLINE:623d8b68d20208e6,398c0bb9-3253-4629-a5ed-18f51d9fb36b,netgear-lm1200.pdf,LM1200,3b5be77f-200b-5fb8-a211-d62f7053aa51,e7ae85e1-449b-538c-9b7c-78290dd2a28c,398c0bb9-3253-4629-a5ed-18f51d9fb36b:e7ae85e1-449b-538c-9b7c-78290dd2a28c,parent_subtree_child,Frequently Asked Questions > How do I find my mobile phone number?,89,89,165,32,nearest_ancestor_subtree,candidate,anchor_or_parent_subtree_child
Q-017,Q-017,398c0bb9-3253-4629-a5ed-18f51d9fb36b:OUTLINE:623d8b68d20208e6,398c0bb9-3253-4629-a5ed-18f51d9fb36b,netgear-lm1200.pdf,LM1200,3b5be77f-200b-5fb8-a211-d62f7053aa51,d77d1870-327d-54c3-98ac-6261163f84b4,398c0bb9-3253-4629-a5ed-18f51d9fb36b:d77d1870-327d-54c3-98ac-6261163f84b4,parent_subtree_child,Frequently Asked Questions > Where can I find more information?,89,89,167,55,nearest_ancestor_subtree,candidate,anchor_or_parent_subtree_child
Q-018,Q-018,398c0bb9-3253-4629-a5ed-18f51d9fb36b:OUTLINE:6359ba84b27768d6,398c0bb9-3253-4629-a5ed-18f51d9fb36b,netgear-lm1200.pdf,LM1200,8d619168-371b-52a0-a9a8-0b47755cad80,7c516ee5-1aa4-5c75-9511-064d3b6f5caa,398c0bb9-3253-4629-a5ed-18f51d9fb36b:7c516ee5-1aa4-5c75-9511-064d3b6f5caa,parent_subtree_child,Alerts and Troubleshooting,90,90,169,155,nearest_ancestor_subtree,candidate,anchor_or_parent_subtree_child
Q-018,Q-018,398c0bb9-3253-4629-a5ed-18f51d9fb36b:OUTLINE:6359ba84b27768d6,398c0bb9-3253-4629-a5ed-18f51d9fb36b,netgear-lm1200.pdf,LM1200,8d619168-371b-52a0-a9a8-0b47755cad80,ecb1143f-6095-5459-b965-f4eca8e4245c,398c0bb9-3253-4629-a5ed-18f51d9fb36b:ecb1143f-6095-5459-b965-f4eca8e4245c,parent_subtree_child,Alerts and Troubleshooting > Alert Messages,91,91,171,300,nearest_ancestor_subtree,candidate,anchor_or_parent_subtree_child
Q-018,Q-018,398c0bb9-3253-4629-a5ed-18f51d9fb36b:OUTLINE:6359ba84b27768d6,398c0bb9-3253-4629-a5ed-18f51d9fb36b,netgear-lm1200.pdf,LM1200,8d619168-371b-52a0-a9a8-0b47755cad80,82ef2627-a58c-55ae-ab74-3f865a33e979,398c0bb9-3253-4629-a5ed-18f51d9fb36b:82ef2627-a58c-55ae-ab74-3f865a33e979,anchor,Alerts and Troubleshooting > Quick Tips for Troubleshooting,91,92,173,269,nearest_ancestor_subtree,candidate,anchor_or_parent_subtree_child
Q-018,Q-018,398c0bb9-3253-4629-a5ed-18f51d9fb36b:OUTLINE:6359ba84b27768d6,398c0bb9-3253-4629-a5ed-18f51d9fb36b,netgear-lm1200.pdf,LM1200,8d619168-371b-52a0-a9a8-0b47755cad80,ba6d83e1-2693-5692-b8be-c91a99ca6435,398c0bb9-3253-4629-a5ed-18f51d9fb36b:ba6d83e1-2693-5692-b8be-c91a99ca6435,parent_subtree_child,Alerts and Troubleshooting > Verify Normal Behavior With the LEDs,92,92,175,166,nearest_ancestor_subtree,candidate,anchor_or_parent_subtree_child
Q-018,Q-018,398c0bb9-3253-4629-a5ed-18f51d9fb36b:OUTLINE:6359ba84b27768d6,398c0bb9-3253-4629-a5ed-18f51d9fb36b,netgear-lm1200.pdf,LM1200,8d619168-371b-52a0-a9a8-0b47755cad80,181554ec-4766-5edc-9307-9f68f1e52841,398c0bb9-3253-4629-a5ed-18f51d9fb36b:181554ec-4766-5edc-9307-9f68f1e52841,parent_subtree_child,Alerts and Troubleshooting > Troubleshoot With the LEDs,93,93,177,231,nearest_ancestor_subtree,candidate,anchor_or_parent_subtree_child
Q-018,Q-018,398c0bb9-3253-4629-a5ed-18f51d9fb36b:OUTLINE:6359ba84b27768d6,398c0bb9-3253-4629-a5ed-18f51d9fb36b,netgear-lm1200.pdf,LM1200,8d619168-371b-52a0-a9a8-0b47755cad80,1811688b-3a9b-51e6-a893-68da15be37f3,398c0bb9-3253-4629-a5ed-18f51d9fb36b:1811688b-3a9b-51e6-a893-68da15be37f3,parent_subtree_child,Alerts and Troubleshooting > Troubleshoot With the LEDs > Power LED Is Off,93,93,179,164,nearest_ancestor_subtree,candidate,anchor_or_parent_subtree_child
Q-018,Q-018,398c0bb9-3253-4629-a5ed-18f51d9fb36b:OUTLINE:6359ba84b27768d6,398c0bb9-3253-4629-a5ed-18f51d9fb36b,netgear-lm1200.pdf,LM1200,8d619168-371b-52a0-a9a8-0b47755cad80,f6ff37a8-62b4-5498-a396-288b04d9bd94,398c0bb9-3253-4629-a5ed-18f51d9fb36b:f6ff37a8-62b4-5498-a396-288b04d9bd94,parent_subtree_child,Alerts and Troubleshooting > Troubleshoot With the LEDs > LAN LED Is Off,94,94,181,81,nearest_ancestor_subtree,candidate,anchor_or_parent_subtree_child
Q-018,Q-018,398c0bb9-3253-4629-a5ed-18f51d9fb36b:OUTLINE:6359ba84b27768d6,398c0bb9-3253-4629-a5ed-18f51d9fb36b,netgear-lm1200.pdf,LM1200,8d619168-371b-52a0-a9a8-0b47755cad80,ba733f54-cf20-5e37-b2c1-562357e2a925,398c0bb9-3253-4629-a5ed-18f51d9fb36b:ba733f54-cf20-5e37-b2c1-562357e2a925,parent_subtree_child,Alerts and Troubleshooting > You Cannot Log In to the Modem,94,94,183,290,nearest_ancestor_subtree,candidate,anchor_or_parent_subtree_child
Q-018,Q-018,398c0bb9-3253-4629-a5ed-18f51d9fb36b:OUTLINE:6359ba84b27768d6,398c0bb9-3253-4629-a5ed-18f51d9fb36b,netgear-lm1200.pdf,LM1200,8d619168-371b-52a0-a9a8-0b47755cad80,ec498987-ac89-5b0d-a0d3-9b1408f0eaf7,398c0bb9-3253-4629-a5ed-18f51d9fb36b:ec498987-ac89-5b0d-a0d3-9b1408f0eaf7,parent_subtree_child,Alerts and Troubleshooting > Troubleshoot the Mobile Broadband Internet Connection,95,95,185,359,nearest_ancestor_subtree,candidate,anchor_or_parent_subtree_child
Q-018,Q-018,398c0bb9-3253-4629-a5ed-18f51d9fb36b:OUTLINE:6359ba84b27768d6,398c0bb9-3253-4629-a5ed-18f51d9fb36b,netgear-lm1200.pdf,LM1200,8d619168-371b-52a0-a9a8-0b47755cad80,6f442d4b-b8ba-5fe7-b4e9-9e90463dc194,398c0bb9-3253-4629-a5ed-18f51d9fb36b:6f442d4b-b8ba-5fe7-b4e9-9e90463dc194,parent_subtree_child,Alerts and Troubleshooting > Troubleshoot the Mobile Broadband Internet Connection > Obtain an Internet IP Address From Your Service Provider,95,96,187,225,nearest_ancestor_subtree,candidate,anchor_or_parent_subtree_child
Q-018,Q-018,398c0bb9-3253-4629-a5ed-18f51d9fb36b:OUTLINE:6359ba84b27768d6,398c0bb9-3253-4629-a5ed-18f51d9fb36b,netgear-lm1200.pdf,LM1200,8d619168-371b-52a0-a9a8-0b47755cad80,683f18e6-f7fd-592e-8623-35a7300f6294,398c0bb9-3253-4629-a5ed-18f51d9fb36b:683f18e6-f7fd-592e-8623-35a7300f6294,parent_subtree_child,Alerts and Troubleshooting > Troubleshoot the Mobile Broadband Internet Connection > Troubleshoot Internet Browsing,96,96,189,280,nearest_ancestor_subtree,candidate,anchor_or_parent_subtree_child
Q-018,Q-018,398c0bb9-3253-4629-a5ed-18f51d9fb36b:OUTLINE:6359ba84b27768d6,398c0bb9-3253-4629-a5ed-18f51d9fb36b,netgear-lm1200.pdf,LM1200,8d619168-371b-52a0-a9a8-0b47755cad80,39996637-a1f1-5add-95f9-9d8174625643,398c0bb9-3253-4629-a5ed-18f51d9fb36b:39996637-a1f1-5add-95f9-9d8174625643,parent_subtree_child,Alerts and Troubleshooting > Changes Not Saved on the Modem’s Web Pages,96,96,191,99,nearest_ancestor_subtree,candidate,anchor_or_parent_subtree_child
Q-018,Q-018,398c0bb9-3253-4629-a5ed-18f51d9fb36b:OUTLINE:6359ba84b27768d6,398c0bb9-3253-4629-a5ed-18f51d9fb36b,netgear-lm1200.pdf,LM1200,8d619168-371b-52a0-a9a8-0b47755cad80,1516eb1d-f47f-554a-859d-a987e6c606a1,398c0bb9-3253-4629-a5ed-18f51d9fb36b:1516eb1d-f47f-554a-859d-a987e6c606a1,parent_subtree_child,Alerts and Troubleshooting > TCP/IP Network Not Responding,97,97,193,56,nearest_ancestor_subtree,candidate,anchor_or_parent_subtree_child
Q-018,Q-018,398c0bb9-3253-4629-a5ed-18f51d9fb36b:OUTLINE:6359ba84b27768d6,398c0bb9-3253-4629-a5ed-18f51d9fb36b,netgear-lm1200.pdf,LM1200,8d619168-371b-52a0-a9a8-0b47755cad80,dd0471d5-e669-5c8c-b468-21d78d4ce0cc,398c0bb9-3253-4629-a5ed-18f51d9fb36b:dd0471d5-e669-5c8c-b468-21d78d4ce0cc,parent_subtree_child,Alerts and Troubleshooting > TCP/IP Network Not Responding > Test the LAN Path to Your Modem,97,97,195,254,nearest_ancestor_subtree,candidate,anchor_or_parent_subtree_child
Q-018,Q-018,398c0bb9-3253-4629-a5ed-18f51d9fb36b:OUTLINE:6359ba84b27768d6,398c0bb9-3253-4629-a5ed-18f51d9fb36b,netgear-lm1200.pdf,LM1200,8d619168-371b-52a0-a9a8-0b47755cad80,2650f530-95f3-5f7a-b11f-acb33d44bc62,398c0bb9-3253-4629-a5ed-18f51d9fb36b:2650f530-95f3-5f7a-b11f-acb33d44bc62,parent_subtree_child,Alerts and Troubleshooting > TCP/IP Network Not Responding > Test the Path From Your Computer to a Remote Device,97,98,197,331,nearest_ancestor_subtree,candidate,anchor_or_parent_subtree_child
Q-019,Q-019,398c0bb9-3253-4629-a5ed-18f51d9fb36b:OUTLINE:540f7aed0e05d214,398c0bb9-3253-4629-a5ed-18f51d9fb36b,netgear-lm1200.pdf,LM1200,79d60293-6574-5a88-bd68-44e54f9d1ede,ec498987-ac89-5b0d-a0d3-9b1408f0eaf7,398c0bb9-3253-4629-a5ed-18f51d9fb36b:ec498987-ac89-5b0d-a0d3-9b1408f0eaf7,parent_subtree_child,Alerts and Troubleshooting > Troubleshoot the Mobile Broadband Internet Connection,95,95,185,359,nearest_ancestor_subtree,candidate,anchor_or_parent_subtree_child
Q-019,Q-019,398c0bb9-3253-4629-a5ed-18f51d9fb36b:OUTLINE:540f7aed0e05d214,398c0bb9-3253-4629-a5ed-18f51d9fb36b,netgear-lm1200.pdf,LM1200,79d60293-6574-5a88-bd68-44e54f9d1ede,6f442d4b-b8ba-5fe7-b4e9-9e90463dc194,398c0bb9-3253-4629-a5ed-18f51d9fb36b:6f442d4b-b8ba-5fe7-b4e9-9e90463dc194,anchor,Alerts and Troubleshooting > Troubleshoot the Mobile Broadband Internet Connection > Obtain an Internet IP Address From Your Service Provider,95,96,187,225,nearest_ancestor_subtree,candidate,anchor_or_parent_subtree_child
Q-019,Q-019,398c0bb9-3253-4629-a5ed-18f51d9fb36b:OUTLINE:540f7aed0e05d214,398c0bb9-3253-4629-a5ed-18f51d9fb36b,netgear-lm1200.pdf,LM1200,79d60293-6574-5a88-bd68-44e54f9d1ede,683f18e6-f7fd-592e-8623-35a7300f6294,398c0bb9-3253-4629-a5ed-18f51d9fb36b:683f18e6-f7fd-592e-8623-35a7300f6294,parent_subtree_child,Alerts and Troubleshooting > Troubleshoot the Mobile Broadband Internet Connection > Troubleshoot Internet Browsing,96,96,189,280,nearest_ancestor_subtree,candidate,anchor_or_parent_subtree_child
Q-020,Q-020,d363d52d-99b4-4258-9e83-eca4fbdf4722:OUTLINE:d0ee27b3b2631033,d363d52d-99b4-4258-9e83-eca4fbdf4722,netgear-r6350.pdf,R6350,0e4aa4c8-8eb9-56a2-8070-8e685faca0ad,dbca2b5a-8673-5396-be6d-051cb0b860c4,d363d52d-99b4-4258-9e83-eca4fbdf4722:dbca2b5a-8673-5396-be6d-051cb0b860c4,parent_subtree_child,Specify Your Internet Settings > Manually set up the Internet connection,25,25,45,17,nearest_ancestor_subtree,candidate,anchor_or_parent_subtree_child
Q-020,Q-020,d363d52d-99b4-4258-9e83-eca4fbdf4722:OUTLINE:d0ee27b3b2631033,d363d52d-99b4-4258-9e83-eca4fbdf4722,netgear-r6350.pdf,R6350,0e4aa4c8-8eb9-56a2-8070-8e685faca0ad,bc5026ce-9daf-5a38-a45c-8f6f353a91c7,d363d52d-99b4-4258-9e83-eca4fbdf4722:bc5026ce-9daf-5a38-a45c-8f6f353a91c7,parent_subtree_child,Specify Your Internet Settings > Manually set up the Internet connection > Specify an Internet connection without a login,25,27,47,573,nearest_ancestor_subtree,candidate,anchor_or_parent_subtree_child
Q-020,Q-020,d363d52d-99b4-4258-9e83-eca4fbdf4722:OUTLINE:d0ee27b3b2631033,d363d52d-99b4-4258-9e83-eca4fbdf4722,netgear-r6350.pdf,R6350,0e4aa4c8-8eb9-56a2-8070-8e685faca0ad,1190a45f-877b-5cd2-a8d9-5ab1c390c374,d363d52d-99b4-4258-9e83-eca4fbdf4722:1190a45f-877b-5cd2-a8d9-5ab1c390c374,anchor,Specify Your Internet Settings > Manually set up the Internet connection > Specify an Internet connection that uses a login and PPPoE service,27,28,49,795,nearest_ancestor_subtree,candidate,anchor_or_parent_subtree_child
Q-020,Q-020,d363d52d-99b4-4258-9e83-eca4fbdf4722:OUTLINE:d0ee27b3b2631033,d363d52d-99b4-4258-9e83-eca4fbdf4722,netgear-r6350.pdf,R6350,0e4aa4c8-8eb9-56a2-8070-8e685faca0ad,7f09c281-7bc2-53c4-b038-7044865d3dd7,d363d52d-99b4-4258-9e83-eca4fbdf4722:7f09c281-7bc2-53c4-b038-7044865d3dd7,parent_subtree_child,Specify Your Internet Settings > Manually set up the Internet connection > Specify an Internet connection that uses a login and PPTP or L2TP service,28,30,51,779,nearest_ancestor_subtree,candidate,anchor_or_parent_subtree_child
Q-021,Q-021,d363d52d-99b4-4258-9e83-eca4fbdf4722:OUTLINE:d330686b16c734af,d363d52d-99b4-4258-9e83-eca4fbdf4722,netgear-r6350.pdf,R6350,ccd16e3e-014b-5044-82e6-1292c25751ca,3a37ef65-9cbd-5b71-a3b2-75bd36b40836,d363d52d-99b4-4258-9e83-eca4fbdf4722:3a37ef65-9cbd-5b71-a3b2-75bd36b40836,parent_subtree_child,Specify Your Internet Settings > Specify IPv6 Internet connections,30,31,53,255,nearest_ancestor_subtree,candidate,anchor_or_parent_subtree_child
Q-021,Q-021,d363d52d-99b4-4258-9e83-eca4fbdf4722:OUTLINE:d330686b16c734af,d363d52d-99b4-4258-9e83-eca4fbdf4722,netgear-r6350.pdf,R6350,ccd16e3e-014b-5044-82e6-1292c25751ca,b60ce24d-2b57-52a7-93ab-556a06485338,d363d52d-99b4-4258-9e83-eca4fbdf4722:b60ce24d-2b57-52a7-93ab-556a06485338,parent_subtree_child,Specify Your Internet Settings > Specify IPv6 Internet connections > Requirements for entering IPv6 addresses,31,31,55,94,nearest_ancestor_subtree,candidate,anchor_or_parent_subtree_child
Q-021,Q-021,d363d52d-99b4-4258-9e83-eca4fbdf4722:OUTLINE:d330686b16c734af,d363d52d-99b4-4258-9e83-eca4fbdf4722,netgear-r6350.pdf,R6350,ccd16e3e-014b-5044-82e6-1292c25751ca,13b00f31-d3a8-5ba0-bdaf-f23830f3132a,d363d52d-99b4-4258-9e83-eca4fbdf4722:13b00f31-d3a8-5ba0-bdaf-f23830f3132a,parent_subtree_child,Specify Your Internet Settings > Specify IPv6 Internet connections > Use Auto Config for an IPv6 Internet connection,31,32,57,756,nearest_ancestor_subtree,candidate,anchor_or_parent_subtree_child
Q-021,Q-021,d363d52d-99b4-4258-9e83-eca4fbdf4722:OUTLINE:d330686b16c734af,d363d52d-99b4-4258-9e83-eca4fbdf4722,netgear-r6350.pdf,R6350,ccd16e3e-014b-5044-82e6-1292c25751ca,3905ab6d-a3ed-5b57-980c-70f944665a91,d363d52d-99b4-4258-9e83-eca4fbdf4722:3905ab6d-a3ed-5b57-980c-70f944665a91,parent_subtree_child,Specify Your Internet Settings > Specify IPv6 Internet connections > Use Auto Detect for an IPv6 Internet connection,33,34,59,515,nearest_ancestor_subtree,candidate,anchor_or_parent_subtree_child
Q-021,Q-021,d363d52d-99b4-4258-9e83-eca4fbdf4722:OUTLINE:d330686b16c734af,d363d52d-99b4-4258-9e83-eca4fbdf4722,netgear-r6350.pdf,R6350,ccd16e3e-014b-5044-82e6-1292c25751ca,ad49e55f-a53b-5c41-8bf1-a36c022c9b3b,d363d52d-99b4-4258-9e83-eca4fbdf4722:ad49e55f-a53b-5c41-8bf1-a36c022c9b3b,anchor,Specify Your Internet Settings > Specify IPv6 Internet connections > Set up an IPv6 6to4 tunnel Internet connection,34,35,61,637,nearest_ancestor_subtree,candidate,anchor_or_parent_subtree_child
Q-021,Q-021,d363d52d-99b4-4258-9e83-eca4fbdf4722:OUTLINE:d330686b16c734af,d363d52d-99b4-4258-9e83-eca4fbdf4722,netgear-r6350.pdf,R6350,ccd16e3e-014b-5044-82e6-1292c25751ca,f0ab8d04-3400-5e98-845d-4eadf6c182b1,d363d52d-99b4-4258-9e83-eca4fbdf4722:f0ab8d04-3400-5e98-845d-4eadf6c182b1,parent_subtree_child,Specify Your Internet Settings > Specify IPv6 Internet connections > Set Up an IPv6 6rd Tunnel Connection,35,36,63,759,nearest_ancestor_subtree,candidate,anchor_or_parent_subtree_child
Q-021,Q-021,d363d52d-99b4-4258-9e83-eca4fbdf4722:OUTLINE:d330686b16c734af,d363d52d-99b4-4258-9e83-eca4fbdf4722,netgear-r6350.pdf,R6350,ccd16e3e-014b-5044-82e6-1292c25751ca,8f1462da-3007-5dbb-8290-b50deba4b7d6,d363d52d-99b4-4258-9e83-eca4fbdf4722:8f1462da-3007-5dbb-8290-b50deba4b7d6,parent_subtree_child,Specify Your Internet Settings > Specify IPv6 Internet connections > Set up an IPv6 pass-through Internet connection,37,37,65,221,nearest_ancestor_subtree,candidate,anchor_or_parent_subtree_child
Q-021,Q-021,d363d52d-99b4-4258-9e83-eca4fbdf4722:OUTLINE:d330686b16c734af,d363d52d-99b4-4258-9e83-eca4fbdf4722,netgear-r6350.pdf,R6350,ccd16e3e-014b-5044-82e6-1292c25751ca,8f107b00-5c65-54e2-9117-df095ea0c17b,d363d52d-99b4-4258-9e83-eca4fbdf4722:8f107b00-5c65-54e2-9117-df095ea0c17b,parent_subtree_child,Specify Your Internet Settings > Specify IPv6 Internet connections > Set up a fixed IPv6 Internet connection,37,38,67,480,nearest_ancestor_subtree,candidate,anchor_or_parent_subtree_child
Q-021,Q-021,d363d52d-99b4-4258-9e83-eca4fbdf4722:OUTLINE:d330686b16c734af,d363d52d-99b4-4258-9e83-eca4fbdf4722,netgear-r6350.pdf,R6350,ccd16e3e-014b-5044-82e6-1292c25751ca,3cdc28da-af99-5e50-8546-22a4d252454e,d363d52d-99b4-4258-9e83-eca4fbdf4722:3cdc28da-af99-5e50-8546-22a4d252454e,parent_subtree_child,Specify Your Internet Settings > Specify IPv6 Internet connections > Set up an IPv6 DHCP Internet connection,38,40,69,753,nearest_ancestor_subtree,candidate,anchor_or_parent_subtree_child
Q-021,Q-021,d363d52d-99b4-4258-9e83-eca4fbdf4722:OUTLINE:d330686b16c734af,d363d52d-99b4-4258-9e83-eca4fbdf4722,netgear-r6350.pdf,R6350,ccd16e3e-014b-5044-82e6-1292c25751ca,e46ca10e-e68a-5fa2-b561-672081dfc505,d363d52d-99b4-4258-9e83-eca4fbdf4722:e46ca10e-e68a-5fa2-b561-672081dfc505,parent_subtree_child,Specify Your Internet Settings > Specify IPv6 Internet connections > Set up an IPv6 PPPoE Internet connection,40,41,71,831,nearest_ancestor_subtree,candidate,anchor_or_parent_subtree_child
Q-022,Q-022,d363d52d-99b4-4258-9e83-eca4fbdf4722:OUTLINE:fac12b6c6fd62dc2,d363d52d-99b4-4258-9e83-eca4fbdf4722,netgear-r6350.pdf,R6350,6455eac7-dadf-5a63-8509-4a2046960952,aba5c3ef-7a47-5a71-bbb4-2da2cc9d65dc,d363d52d-99b4-4258-9e83-eca4fbdf4722:aba5c3ef-7a47-5a71-bbb4-2da2cc9d65dc,parent_subtree_child,Specify Your Internet Settings > Manage the MTU size,42,42,73,23,nearest_ancestor_subtree,candidate,anchor_or_parent_subtree_child
Q-022,Q-022,d363d52d-99b4-4258-9e83-eca4fbdf4722:OUTLINE:fac12b6c6fd62dc2,d363d52d-99b4-4258-9e83-eca4fbdf4722,netgear-r6350.pdf,R6350,6455eac7-dadf-5a63-8509-4a2046960952,ae418564-dba4-5258-bb5b-731e4c45585d,d363d52d-99b4-4258-9e83-eca4fbdf4722:ae418564-dba4-5258-bb5b-731e4c45585d,parent_subtree_child,Specify Your Internet Settings > Manage the MTU size > MTU concepts,42,43,75,502,nearest_ancestor_subtree,candidate,anchor_or_parent_subtree_child
Q-022,Q-022,d363d52d-99b4-4258-9e83-eca4fbdf4722:OUTLINE:fac12b6c6fd62dc2,d363d52d-99b4-4258-9e83-eca4fbdf4722,netgear-r6350.pdf,R6350,6455eac7-dadf-5a63-8509-4a2046960952,d4e1d4fc-7655-51fc-8d81-af75a4b11734,d363d52d-99b4-4258-9e83-eca4fbdf4722:d4e1d4fc-7655-51fc-8d81-af75a4b11734,anchor,Specify Your Internet Settings > Manage the MTU size > Change the MTU size,43,43,77,263,nearest_ancestor_subtree,candidate,anchor_or_parent_subtree_child
Q-023,Q-023,d363d52d-99b4-4258-9e83-eca4fbdf4722:OUTLINE:f870b0410fe0711a,d363d52d-99b4-4258-9e83-eca4fbdf4722,netgear-r6350.pdf,R6350,ab87c803-1ef9-5422-8423-9aaf4688c953,8eefd80d-9f8a-5850-b82e-4aef51283405,d363d52d-99b4-4258-9e83-eca4fbdf4722:8eefd80d-9f8a-5850-b82e-4aef51283405,parent_subtree_child,Optimize Performance > Manage Default and Custom QoS Rules,46,46,83,46,nearest_ancestor_subtree,candidate,anchor_or_parent_subtree_child
Q-023,Q-023,d363d52d-99b4-4258-9e83-eca4fbdf4722:OUTLINE:f870b0410fe0711a,d363d52d-99b4-4258-9e83-eca4fbdf4722,netgear-r6350.pdf,R6350,ab87c803-1ef9-5422-8423-9aaf4688c953,4d7b6c1c-3b9e-5c1e-ac7f-ae4f8459abac,d363d52d-99b4-4258-9e83-eca4fbdf4722:4d7b6c1c-3b9e-5c1e-ac7f-ae4f8459abac,parent_subtree_child,Optimize Performance > Manage Default and Custom QoS Rules > Add a Custom QoS Rule for a Service or Application,46,47,85,455,nearest_ancestor_subtree,candidate,anchor_or_parent_subtree_child
Q-023,Q-023,d363d52d-99b4-4258-9e83-eca4fbdf4722:OUTLINE:f870b0410fe0711a,d363d52d-99b4-4258-9e83-eca4fbdf4722,netgear-r6350.pdf,R6350,ab87c803-1ef9-5422-8423-9aaf4688c953,3de108e6-86e1-53df-8ead-8bc5ddf2c21a,d363d52d-99b4-4258-9e83-eca4fbdf4722:3de108e6-86e1-53df-8ead-8bc5ddf2c21a,parent_subtree_child,Optimize Performance > Manage Default and Custom QoS Rules > Add a Custom QoS Rule for a Device,47,48,87,358,nearest_ancestor_subtree,candidate,anchor_or_parent_subtree_child
Q-023,Q-023,d363d52d-99b4-4258-9e83-eca4fbdf4722:OUTLINE:f870b0410fe0711a,d363d52d-99b4-4258-9e83-eca4fbdf4722,netgear-r6350.pdf,R6350,ab87c803-1ef9-5422-8423-9aaf4688c953,4c29fa56-9274-5f68-8ad3-b1ac381166b0,d363d52d-99b4-4258-9e83-eca4fbdf4722:4c29fa56-9274-5f68-8ad3-b1ac381166b0,parent_subtree_child,Optimize Performance > Manage Default and Custom QoS Rules > Change a QoS Rule or Change the Priority for a Rule,48,49,89,331,nearest_ancestor_subtree,candidate,anchor_or_parent_subtree_child
Q-023,Q-023,d363d52d-99b4-4258-9e83-eca4fbdf4722:OUTLINE:f870b0410fe0711a,d363d52d-99b4-4258-9e83-eca4fbdf4722,netgear-r6350.pdf,R6350,ab87c803-1ef9-5422-8423-9aaf4688c953,31b5dd16-326a-5e79-817f-c2585e0248a2,d363d52d-99b4-4258-9e83-eca4fbdf4722:31b5dd16-326a-5e79-817f-c2585e0248a2,anchor,Optimize Performance > Manage Default and Custom QoS Rules > Remove a QoS Rule,49,49,91,195,nearest_ancestor_subtree,candidate,anchor_or_parent_subtree_child
Q-023,Q-023,d363d52d-99b4-4258-9e83-eca4fbdf4722:OUTLINE:f870b0410fe0711a,d363d52d-99b4-4258-9e83-eca4fbdf4722,netgear-r6350.pdf,R6350,ab87c803-1ef9-5422-8423-9aaf4688c953,608c38d6-fdd4-5be9-ad9e-b535d62a4cc1,d363d52d-99b4-4258-9e83-eca4fbdf4722:608c38d6-fdd4-5be9-ad9e-b535d62a4cc1,parent_subtree_child,Optimize Performance > Manage Default and Custom QoS Rules > Remove All QoS Rules,50,50,93,250,nearest_ancestor_subtree,candidate,anchor_or_parent_subtree_child
Q-024,Q-024,d363d52d-99b4-4258-9e83-eca4fbdf4722:OUTLINE:8ea5c049a8abf47b,d363d52d-99b4-4258-9e83-eca4fbdf4722,netgear-r6350.pdf,R6350,0b26fb89-f11d-520b-962d-cde60505b072,158a9d83-d7d5-5e07-b2cd-2b4d10fd6c2e,d363d52d-99b4-4258-9e83-eca4fbdf4722:158a9d83-d7d5-5e07-b2cd-2b4d10fd6c2e,parent_subtree_child,Share USB Storage Devices Attached to the Router,89,89,159,271,nearest_ancestor_subtree,candidate,anchor_or_parent_subtree_child
Q-024,Q-024,d363d52d-99b4-4258-9e83-eca4fbdf4722:OUTLINE:8ea5c049a8abf47b,d363d52d-99b4-4258-9e83-eca4fbdf4722,netgear-r6350.pdf,R6350,0b26fb89-f11d-520b-962d-cde60505b072,2882086e-f153-59ed-ae13-4db004aba555,d363d52d-99b4-4258-9e83-eca4fbdf4722:2882086e-f153-59ed-ae13-4db004aba555,parent_subtree_child,Share USB Storage Devices Attached to the Router > USB device requirements,90,90,161,180,nearest_ancestor_subtree,candidate,anchor_or_parent_subtree_child
Q-024,Q-024,d363d52d-99b4-4258-9e83-eca4fbdf4722:OUTLINE:8ea5c049a8abf47b,d363d52d-99b4-4258-9e83-eca4fbdf4722,netgear-r6350.pdf,R6350,0b26fb89-f11d-520b-962d-cde60505b072,c8cd836f-21f0-5e9c-9142-aaf7ffe962dc,d363d52d-99b4-4258-9e83-eca4fbdf4722:c8cd836f-21f0-5e9c-9142-aaf7ffe962dc,parent_subtree_child,Share USB Storage Devices Attached to the Router > Connect a USB storage device to the router,90,90,163,162,nearest_ancestor_subtree,candidate,anchor_or_parent_subtree_child
Q-024,Q-024,d363d52d-99b4-4258-9e83-eca4fbdf4722:OUTLINE:8ea5c049a8abf47b,d363d52d-99b4-4258-9e83-eca4fbdf4722,netgear-r6350.pdf,R6350,0b26fb89-f11d-520b-962d-cde60505b072,f86dbe9f-bb02-59db-bb15-39aebf14820f,d363d52d-99b4-4258-9e83-eca4fbdf4722:f86dbe9f-bb02-59db-bb15-39aebf14820f,parent_subtree_child,Share USB Storage Devices Attached to the Router > Access a storage device connected to the router,91,91,165,21,nearest_ancestor_subtree,candidate,anchor_or_parent_subtree_child
Q-024,Q-024,d363d52d-99b4-4258-9e83-eca4fbdf4722:OUTLINE:8ea5c049a8abf47b,d363d52d-99b4-4258-9e83-eca4fbdf4722,netgear-r6350.pdf,R6350,0b26fb89-f11d-520b-962d-cde60505b072,e82db2d4-7ff7-5c72-9e44-bc9094163aa4,d363d52d-99b4-4258-9e83-eca4fbdf4722:e82db2d4-7ff7-5c72-9e44-bc9094163aa4,parent_subtree_child,Share USB Storage Devices Attached to the Router > Access a storage device connected to the router > Access a storage device connected to the router from a Windows-based computer,91,91,167,172,nearest_ancestor_subtree,candidate,anchor_or_parent_subtree_child
Q-024,Q-024,d363d52d-99b4-4258-9e83-eca4fbdf4722:OUTLINE:8ea5c049a8abf47b,d363d52d-99b4-4258-9e83-eca4fbdf4722,netgear-r6350.pdf,R6350,0b26fb89-f11d-520b-962d-cde60505b072,411e1d3d-ceeb-5f2c-8048-0fad4cb83bb0,d363d52d-99b4-4258-9e83-eca4fbdf4722:411e1d3d-ceeb-5f2c-8048-0fad4cb83bb0,parent_subtree_child,Share USB Storage Devices Attached to the Router > Access a storage device connected to the router > Access a storage device that is connected to the router from a Mac,91,92,169,316,nearest_ancestor_subtree,candidate,anchor_or_parent_subtree_child
Q-024,Q-024,d363d52d-99b4-4258-9e83-eca4fbdf4722:OUTLINE:8ea5c049a8abf47b,d363d52d-99b4-4258-9e83-eca4fbdf4722,netgear-r6350.pdf,R6350,0b26fb89-f11d-520b-962d-cde60505b072,99499532-5b21-5760-a622-cfdce7cb36f4,d363d52d-99b4-4258-9e83-eca4fbdf4722:99499532-5b21-5760-a622-cfdce7cb36f4,parent_subtree_child,Share USB Storage Devices Attached to the Router > Map a USB device to a Windows network drive,92,93,171,293,nearest_ancestor_subtree,candidate,anchor_or_parent_subtree_child
Q-024,Q-024,d363d52d-99b4-4258-9e83-eca4fbdf4722:OUTLINE:8ea5c049a8abf47b,d363d52d-99b4-4258-9e83-eca4fbdf4722,netgear-r6350.pdf,R6350,0b26fb89-f11d-520b-962d-cde60505b072,ed536e0f-08f2-5721-ab4d-1fe777227d23,d363d52d-99b4-4258-9e83-eca4fbdf4722:ed536e0f-08f2-5721-ab4d-1fe777227d23,parent_subtree_child,Share USB Storage Devices Attached to the Router > Back up Windows-based computers with ReadySHARE Vault,93,93,173,259,nearest_ancestor_subtree,candidate,anchor_or_parent_subtree_child
Q-024,Q-024,d363d52d-99b4-4258-9e83-eca4fbdf4722:OUTLINE:8ea5c049a8abf47b,d363d52d-99b4-4258-9e83-eca4fbdf4722,netgear-r6350.pdf,R6350,0b26fb89-f11d-520b-962d-cde60505b072,7f324918-7486-592f-b707-246a06dbe960,d363d52d-99b4-4258-9e83-eca4fbdf4722:7f324918-7486-592f-b707-246a06dbe960,parent_subtree_child,Share USB Storage Devices Attached to the Router > Back up Mac computers with Time Machine,94,94,175,110,nearest_ancestor_subtree,candidate,anchor_or_parent_subtree_child
Q-024,Q-024,d363d52d-99b4-4258-9e83-eca4fbdf4722:OUTLINE:8ea5c049a8abf47b,d363d52d-99b4-4258-9e83-eca4fbdf4722,netgear-r6350.pdf,R6350,0b26fb89-f11d-520b-962d-cde60505b072,967ce1bb-a54f-5809-a019-3275504db32a,d363d52d-99b4-4258-9e83-eca4fbdf4722:967ce1bb-a54f-5809-a019-3275504db32a,parent_subtree_child,Share USB Storage Devices Attached to the Router > Back up Mac computers with Time Machine > Set up a USB hard drive on a Mac,94,94,177,331,nearest_ancestor_subtree,candidate,anchor_or_parent_subtree_child
Q-024,Q-024,d363d52d-99b4-4258-9e83-eca4fbdf4722:OUTLINE:8ea5c049a8abf47b,d363d52d-99b4-4258-9e83-eca4fbdf4722,netgear-r6350.pdf,R6350,0b26fb89-f11d-520b-962d-cde60505b072,6b3d0151-b57d-531d-a1b7-3c7c00f827c7,d363d52d-99b4-4258-9e83-eca4fbdf4722:6b3d0151-b57d-531d-a1b7-3c7c00f827c7,parent_subtree_child,Share USB Storage Devices Attached to the Router > Back up Mac computers with Time Machine > Prepare to back up a large amount of data,95,95,179,270,nearest_ancestor_subtree,candidate,anchor_or_parent_subtree_child
Q-024,Q-024,d363d52d-99b4-4258-9e83-eca4fbdf4722:OUTLINE:8ea5c049a8abf47b,d363d52d-99b4-4258-9e83-eca4fbdf4722,netgear-r6350.pdf,R6350,0b26fb89-f11d-520b-962d-cde60505b072,6bbf49ac-b78e-5269-bf1d-4aefe99846e7,d363d52d-99b4-4258-9e83-eca4fbdf4722:6bbf49ac-b78e-5269-bf1d-4aefe99846e7,parent_subtree_child,Share USB Storage Devices Attached to the Router > Back up Mac computers with Time Machine > Use Time Machine to back up onto a USB hard disk,95,96,181,489,nearest_ancestor_subtree,candidate,anchor_or_parent_subtree_child
Q-024,Q-024,d363d52d-99b4-4258-9e83-eca4fbdf4722:OUTLINE:8ea5c049a8abf47b,d363d52d-99b4-4258-9e83-eca4fbdf4722,netgear-r6350.pdf,R6350,0b26fb89-f11d-520b-962d-cde60505b072,0528f0b9-15e5-5482-9a68-0f02d2d61d68,d363d52d-99b4-4258-9e83-eca4fbdf4722:0528f0b9-15e5-5482-9a68-0f02d2d61d68,anchor,Share USB Storage Devices Attached to the Router > Manage Access to a Storage Device,97,98,183,967,nearest_ancestor_subtree,candidate,anchor_or_parent_subtree_child
Q-024,Q-024,d363d52d-99b4-4258-9e83-eca4fbdf4722:OUTLINE:8ea5c049a8abf47b,d363d52d-99b4-4258-9e83-eca4fbdf4722,netgear-r6350.pdf,R6350,0b26fb89-f11d-520b-962d-cde60505b072,b510a03e-68c2-5e3f-a341-c16e7b2390d0,d363d52d-99b4-4258-9e83-eca4fbdf4722:b510a03e-68c2-5e3f-a341-c16e7b2390d0,parent_subtree_child,Share USB Storage Devices Attached to the Router > Enable FTP access within your network,99,99,185,182,nearest_ancestor_subtree,candidate,anchor_or_parent_subtree_child
Q-024,Q-024,d363d52d-99b4-4258-9e83-eca4fbdf4722:OUTLINE:8ea5c049a8abf47b,d363d52d-99b4-4258-9e83-eca4fbdf4722,netgear-r6350.pdf,R6350,0b26fb89-f11d-520b-962d-cde60505b072,5a046dd0-ce82-5520-9f27-de0cffc97512,d363d52d-99b4-4258-9e83-eca4fbdf4722:5a046dd0-ce82-5520-9f27-de0cffc97512,parent_subtree_child,Share USB Storage Devices Attached to the Router > View network folders on a storage device,99,100,187,355,nearest_ancestor_subtree,candidate,anchor_or_parent_subtree_child
Q-024,Q-024,d363d52d-99b4-4258-9e83-eca4fbdf4722:OUTLINE:8ea5c049a8abf47b,d363d52d-99b4-4258-9e83-eca4fbdf4722,netgear-r6350.pdf,R6350,0b26fb89-f11d-520b-962d-cde60505b072,4a519d38-1c5f-5662-bdb7-489bcabcd987,d363d52d-99b4-4258-9e83-eca4fbdf4722:4a519d38-1c5f-5662-bdb7-489bcabcd987,parent_subtree_child,Share USB Storage Devices Attached to the Router > Add a network folder on a USB storage device,100,101,189,442,nearest_ancestor_subtree,candidate,anchor_or_parent_subtree_child
Q-024,Q-024,d363d52d-99b4-4258-9e83-eca4fbdf4722:OUTLINE:8ea5c049a8abf47b,d363d52d-99b4-4258-9e83-eca4fbdf4722,netgear-r6350.pdf,R6350,0b26fb89-f11d-520b-962d-cde60505b072,12d6aaad-d982-5f95-8b7d-63ba7706aba5,d363d52d-99b4-4258-9e83-eca4fbdf4722:12d6aaad-d982-5f95-8b7d-63ba7706aba5,parent_subtree_child,Share USB Storage Devices Attached to the Router > Edit a network folder on a USB storage device,101,102,191,215,nearest_ancestor_subtree,candidate,anchor_or_parent_subtree_child
Q-024,Q-024,d363d52d-99b4-4258-9e83-eca4fbdf4722:OUTLINE:8ea5c049a8abf47b,d363d52d-99b4-4258-9e83-eca4fbdf4722,netgear-r6350.pdf,R6350,0b26fb89-f11d-520b-962d-cde60505b072,d9b60706-c348-5ecd-bd47-f239e4b59983,d363d52d-99b4-4258-9e83-eca4fbdf4722:d9b60706-c348-5ecd-bd47-f239e4b59983,parent_subtree_child,Share USB Storage Devices Attached to the Router > Safely remove a USB storage device,102,102,193,222,nearest_ancestor_subtree,candidate,anchor_or_parent_subtree_child
Q-025,Q-025,d363d52d-99b4-4258-9e83-eca4fbdf4722:OUTLINE:902cbde304aea84b,d363d52d-99b4-4258-9e83-eca4fbdf4722,netgear-r6350.pdf,R6350,0b26fb89-f11d-520b-962d-cde60505b072,158a9d83-d7d5-5e07-b2cd-2b4d10fd6c2e,d363d52d-99b4-4258-9e83-eca4fbdf4722:158a9d83-d7d5-5e07-b2cd-2b4d10fd6c2e,parent_subtree_child,Share USB Storage Devices Attached to the Router,89,89,159,271,nearest_ancestor_subtree,candidate,anchor_or_parent_subtree_child
Q-025,Q-025,d363d52d-99b4-4258-9e83-eca4fbdf4722:OUTLINE:902cbde304aea84b,d363d52d-99b4-4258-9e83-eca4fbdf4722,netgear-r6350.pdf,R6350,0b26fb89-f11d-520b-962d-cde60505b072,2882086e-f153-59ed-ae13-4db004aba555,d363d52d-99b4-4258-9e83-eca4fbdf4722:2882086e-f153-59ed-ae13-4db004aba555,parent_subtree_child,Share USB Storage Devices Attached to the Router > USB device requirements,90,90,161,180,nearest_ancestor_subtree,candidate,anchor_or_parent_subtree_child
Q-025,Q-025,d363d52d-99b4-4258-9e83-eca4fbdf4722:OUTLINE:902cbde304aea84b,d363d52d-99b4-4258-9e83-eca4fbdf4722,netgear-r6350.pdf,R6350,0b26fb89-f11d-520b-962d-cde60505b072,c8cd836f-21f0-5e9c-9142-aaf7ffe962dc,d363d52d-99b4-4258-9e83-eca4fbdf4722:c8cd836f-21f0-5e9c-9142-aaf7ffe962dc,parent_subtree_child,Share USB Storage Devices Attached to the Router > Connect a USB storage device to the router,90,90,163,162,nearest_ancestor_subtree,candidate,anchor_or_parent_subtree_child
Q-025,Q-025,d363d52d-99b4-4258-9e83-eca4fbdf4722:OUTLINE:902cbde304aea84b,d363d52d-99b4-4258-9e83-eca4fbdf4722,netgear-r6350.pdf,R6350,0b26fb89-f11d-520b-962d-cde60505b072,f86dbe9f-bb02-59db-bb15-39aebf14820f,d363d52d-99b4-4258-9e83-eca4fbdf4722:f86dbe9f-bb02-59db-bb15-39aebf14820f,parent_subtree_child,Share USB Storage Devices Attached to the Router > Access a storage device connected to the router,91,91,165,21,nearest_ancestor_subtree,candidate,anchor_or_parent_subtree_child
Q-025,Q-025,d363d52d-99b4-4258-9e83-eca4fbdf4722:OUTLINE:902cbde304aea84b,d363d52d-99b4-4258-9e83-eca4fbdf4722,netgear-r6350.pdf,R6350,0b26fb89-f11d-520b-962d-cde60505b072,e82db2d4-7ff7-5c72-9e44-bc9094163aa4,d363d52d-99b4-4258-9e83-eca4fbdf4722:e82db2d4-7ff7-5c72-9e44-bc9094163aa4,parent_subtree_child,Share USB Storage Devices Attached to the Router > Access a storage device connected to the router > Access a storage device connected to the router from a Windows-based computer,91,91,167,172,nearest_ancestor_subtree,candidate,anchor_or_parent_subtree_child
Q-025,Q-025,d363d52d-99b4-4258-9e83-eca4fbdf4722:OUTLINE:902cbde304aea84b,d363d52d-99b4-4258-9e83-eca4fbdf4722,netgear-r6350.pdf,R6350,0b26fb89-f11d-520b-962d-cde60505b072,411e1d3d-ceeb-5f2c-8048-0fad4cb83bb0,d363d52d-99b4-4258-9e83-eca4fbdf4722:411e1d3d-ceeb-5f2c-8048-0fad4cb83bb0,parent_subtree_child,Share USB Storage Devices Attached to the Router > Access a storage device connected to the router > Access a storage device that is connected to the router from a Mac,91,92,169,316,nearest_ancestor_subtree,candidate,anchor_or_parent_subtree_child
Q-025,Q-025,d363d52d-99b4-4258-9e83-eca4fbdf4722:OUTLINE:902cbde304aea84b,d363d52d-99b4-4258-9e83-eca4fbdf4722,netgear-r6350.pdf,R6350,0b26fb89-f11d-520b-962d-cde60505b072,99499532-5b21-5760-a622-cfdce7cb36f4,d363d52d-99b4-4258-9e83-eca4fbdf4722:99499532-5b21-5760-a622-cfdce7cb36f4,parent_subtree_child,Share USB Storage Devices Attached to the Router > Map a USB device to a Windows network drive,92,93,171,293,nearest_ancestor_subtree,candidate,anchor_or_parent_subtree_child
Q-025,Q-025,d363d52d-99b4-4258-9e83-eca4fbdf4722:OUTLINE:902cbde304aea84b,d363d52d-99b4-4258-9e83-eca4fbdf4722,netgear-r6350.pdf,R6350,0b26fb89-f11d-520b-962d-cde60505b072,ed536e0f-08f2-5721-ab4d-1fe777227d23,d363d52d-99b4-4258-9e83-eca4fbdf4722:ed536e0f-08f2-5721-ab4d-1fe777227d23,parent_subtree_child,Share USB Storage Devices Attached to the Router > Back up Windows-based computers with ReadySHARE Vault,93,93,173,259,nearest_ancestor_subtree,candidate,anchor_or_parent_subtree_child
Q-025,Q-025,d363d52d-99b4-4258-9e83-eca4fbdf4722:OUTLINE:902cbde304aea84b,d363d52d-99b4-4258-9e83-eca4fbdf4722,netgear-r6350.pdf,R6350,0b26fb89-f11d-520b-962d-cde60505b072,7f324918-7486-592f-b707-246a06dbe960,d363d52d-99b4-4258-9e83-eca4fbdf4722:7f324918-7486-592f-b707-246a06dbe960,parent_subtree_child,Share USB Storage Devices Attached to the Router > Back up Mac computers with Time Machine,94,94,175,110,nearest_ancestor_subtree,candidate,anchor_or_parent_subtree_child
Q-025,Q-025,d363d52d-99b4-4258-9e83-eca4fbdf4722:OUTLINE:902cbde304aea84b,d363d52d-99b4-4258-9e83-eca4fbdf4722,netgear-r6350.pdf,R6350,0b26fb89-f11d-520b-962d-cde60505b072,967ce1bb-a54f-5809-a019-3275504db32a,d363d52d-99b4-4258-9e83-eca4fbdf4722:967ce1bb-a54f-5809-a019-3275504db32a,parent_subtree_child,Share USB Storage Devices Attached to the Router > Back up Mac computers with Time Machine > Set up a USB hard drive on a Mac,94,94,177,331,nearest_ancestor_subtree,candidate,anchor_or_parent_subtree_child
Q-025,Q-025,d363d52d-99b4-4258-9e83-eca4fbdf4722:OUTLINE:902cbde304aea84b,d363d52d-99b4-4258-9e83-eca4fbdf4722,netgear-r6350.pdf,R6350,0b26fb89-f11d-520b-962d-cde60505b072,6b3d0151-b57d-531d-a1b7-3c7c00f827c7,d363d52d-99b4-4258-9e83-eca4fbdf4722:6b3d0151-b57d-531d-a1b7-3c7c00f827c7,parent_subtree_child,Share USB Storage Devices Attached to the Router > Back up Mac computers with Time Machine > Prepare to back up a large amount of data,95,95,179,270,nearest_ancestor_subtree,candidate,anchor_or_parent_subtree_child
Q-025,Q-025,d363d52d-99b4-4258-9e83-eca4fbdf4722:OUTLINE:902cbde304aea84b,d363d52d-99b4-4258-9e83-eca4fbdf4722,netgear-r6350.pdf,R6350,0b26fb89-f11d-520b-962d-cde60505b072,6bbf49ac-b78e-5269-bf1d-4aefe99846e7,d363d52d-99b4-4258-9e83-eca4fbdf4722:6bbf49ac-b78e-5269-bf1d-4aefe99846e7,parent_subtree_child,Share USB Storage Devices Attached to the Router > Back up Mac computers with Time Machine > Use Time Machine to back up onto a USB hard disk,95,96,181,489,nearest_ancestor_subtree,candidate,anchor_or_parent_subtree_child
Q-025,Q-025,d363d52d-99b4-4258-9e83-eca4fbdf4722:OUTLINE:902cbde304aea84b,d363d52d-99b4-4258-9e83-eca4fbdf4722,netgear-r6350.pdf,R6350,0b26fb89-f11d-520b-962d-cde60505b072,0528f0b9-15e5-5482-9a68-0f02d2d61d68,d363d52d-99b4-4258-9e83-eca4fbdf4722:0528f0b9-15e5-5482-9a68-0f02d2d61d68,parent_subtree_child,Share USB Storage Devices Attached to the Router > Manage Access to a Storage Device,97,98,183,967,nearest_ancestor_subtree,candidate,anchor_or_parent_subtree_child
Q-025,Q-025,d363d52d-99b4-4258-9e83-eca4fbdf4722:OUTLINE:902cbde304aea84b,d363d52d-99b4-4258-9e83-eca4fbdf4722,netgear-r6350.pdf,R6350,0b26fb89-f11d-520b-962d-cde60505b072,b510a03e-68c2-5e3f-a341-c16e7b2390d0,d363d52d-99b4-4258-9e83-eca4fbdf4722:b510a03e-68c2-5e3f-a341-c16e7b2390d0,parent_subtree_child,Share USB Storage Devices Attached to the Router > Enable FTP access within your network,99,99,185,182,nearest_ancestor_subtree,candidate,anchor_or_parent_subtree_child
Q-025,Q-025,d363d52d-99b4-4258-9e83-eca4fbdf4722:OUTLINE:902cbde304aea84b,d363d52d-99b4-4258-9e83-eca4fbdf4722,netgear-r6350.pdf,R6350,0b26fb89-f11d-520b-962d-cde60505b072,5a046dd0-ce82-5520-9f27-de0cffc97512,d363d52d-99b4-4258-9e83-eca4fbdf4722:5a046dd0-ce82-5520-9f27-de0cffc97512,parent_subtree_child,Share USB Storage Devices Attached to the Router > View network folders on a storage device,99,100,187,355,nearest_ancestor_subtree,candidate,anchor_or_parent_subtree_child
Q-025,Q-025,d363d52d-99b4-4258-9e83-eca4fbdf4722:OUTLINE:902cbde304aea84b,d363d52d-99b4-4258-9e83-eca4fbdf4722,netgear-r6350.pdf,R6350,0b26fb89-f11d-520b-962d-cde60505b072,4a519d38-1c5f-5662-bdb7-489bcabcd987,d363d52d-99b4-4258-9e83-eca4fbdf4722:4a519d38-1c5f-5662-bdb7-489bcabcd987,parent_subtree_child,Share USB Storage Devices Attached to the Router > Add a network folder on a USB storage device,100,101,189,442,nearest_ancestor_subtree,candidate,anchor_or_parent_subtree_child
Q-025,Q-025,d363d52d-99b4-4258-9e83-eca4fbdf4722:OUTLINE:902cbde304aea84b,d363d52d-99b4-4258-9e83-eca4fbdf4722,netgear-r6350.pdf,R6350,0b26fb89-f11d-520b-962d-cde60505b072,12d6aaad-d982-5f95-8b7d-63ba7706aba5,d363d52d-99b4-4258-9e83-eca4fbdf4722:12d6aaad-d982-5f95-8b7d-63ba7706aba5,anchor,Share USB Storage Devices Attached to the Router > Edit a network folder on a USB storage device,101,102,191,215,nearest_ancestor_subtree,candidate,anchor_or_parent_subtree_child
Q-025,Q-025,d363d52d-99b4-4258-9e83-eca4fbdf4722:OUTLINE:902cbde304aea84b,d363d52d-99b4-4258-9e83-eca4fbdf4722,netgear-r6350.pdf,R6350,0b26fb89-f11d-520b-962d-cde60505b072,d9b60706-c348-5ecd-bd47-f239e4b59983,d363d52d-99b4-4258-9e83-eca4fbdf4722:d9b60706-c348-5ecd-bd47-f239e4b59983,parent_subtree_child,Share USB Storage Devices Attached to the Router > Safely remove a USB storage device,102,102,193,222,nearest_ancestor_subtree,candidate,anchor_or_parent_subtree_child
Q-026,Q-026,d363d52d-99b4-4258-9e83-eca4fbdf4722:OUTLINE:c27c0cf701a42141,d363d52d-99b4-4258-9e83-eca4fbdf4722,netgear-r6350.pdf,R6350,6982d711-a289-521c-b48a-f65dbb100e4d,884b0945-e0c1-5ac5-ab5e-f6762e5a8f7c,d363d52d-99b4-4258-9e83-eca4fbdf4722:884b0945-e0c1-5ac5-ab5e-f6762e5a8f7c,parent_subtree_child,Manage the WAN and LAN Network Settings,115,115,225,168,nearest_ancestor_subtree,candidate,anchor_or_parent_subtree_child
Q-026,Q-026,d363d52d-99b4-4258-9e83-eca4fbdf4722:OUTLINE:c27c0cf701a42141,d363d52d-99b4-4258-9e83-eca4fbdf4722,netgear-r6350.pdf,R6350,6982d711-a289-521c-b48a-f65dbb100e4d,91881d2f-b6d8-5db6-961e-d68c9e6b5271,d363d52d-99b4-4258-9e83-eca4fbdf4722:91881d2f-b6d8-5db6-961e-d68c9e6b5271,parent_subtree_child,Manage the WAN and LAN Network Settings > Change the WiFi Mbps Settings,116,116,227,208,nearest_ancestor_subtree,candidate,anchor_or_parent_subtree_child
Q-026,Q-026,d363d52d-99b4-4258-9e83-eca4fbdf4722:OUTLINE:c27c0cf701a42141,d363d52d-99b4-4258-9e83-eca4fbdf4722,netgear-r6350.pdf,R6350,6982d711-a289-521c-b48a-f65dbb100e4d,ee3b0796-bb89-5c75-a3a0-910e67484f1e,d363d52d-99b4-4258-9e83-eca4fbdf4722:ee3b0796-bb89-5c75-a3a0-910e67484f1e,parent_subtree_child,Manage the WAN and LAN Network Settings > Manage the WAN Security Settings,116,117,229,318,nearest_ancestor_subtree,candidate,anchor_or_parent_subtree_child
Q-026,Q-026,d363d52d-99b4-4258-9e83-eca4fbdf4722:OUTLINE:c27c0cf701a42141,d363d52d-99b4-4258-9e83-eca4fbdf4722,netgear-r6350.pdf,R6350,6982d711-a289-521c-b48a-f65dbb100e4d,8d7df806-ebdb-5595-9169-ceb85d0ba6e4,d363d52d-99b4-4258-9e83-eca4fbdf4722:8d7df806-ebdb-5595-9169-ceb85d0ba6e4,parent_subtree_child,Manage the WAN and LAN Network Settings > Set up a default DMZ server,117,118,231,438,nearest_ancestor_subtree,candidate,anchor_or_parent_subtree_child
Q-026,Q-026,d363d52d-99b4-4258-9e83-eca4fbdf4722:OUTLINE:c27c0cf701a42141,d363d52d-99b4-4258-9e83-eca4fbdf4722,netgear-r6350.pdf,R6350,6982d711-a289-521c-b48a-f65dbb100e4d,1bfde0d0-f076-56e6-9ecf-6bebc86b262f,d363d52d-99b4-4258-9e83-eca4fbdf4722:1bfde0d0-f076-56e6-9ecf-6bebc86b262f,parent_subtree_child,Manage the WAN and LAN Network Settings > Manage IGMP Proxying,118,119,233,227,nearest_ancestor_subtree,candidate,anchor_or_parent_subtree_child
Q-026,Q-026,d363d52d-99b4-4258-9e83-eca4fbdf4722:OUTLINE:c27c0cf701a42141,d363d52d-99b4-4258-9e83-eca4fbdf4722,netgear-r6350.pdf,R6350,6982d711-a289-521c-b48a-f65dbb100e4d,3fbed70d-f242-5a78-90cc-f0f2674fe5f7,d363d52d-99b4-4258-9e83-eca4fbdf4722:3fbed70d-f242-5a78-90cc-f0f2674fe5f7,anchor,Manage the WAN and LAN Network Settings > Manage VPN Pass-Through,119,119,235,261,nearest_ancestor_subtree,candidate,anchor_or_parent_subtree_child
Q-026,Q-026,d363d52d-99b4-4258-9e83-eca4fbdf4722:OUTLINE:c27c0cf701a42141,d363d52d-99b4-4258-9e83-eca4fbdf4722,netgear-r6350.pdf,R6350,6982d711-a289-521c-b48a-f65dbb100e4d,40b4bd71-0112-5dcc-8407-4977f2278416,d363d52d-99b4-4258-9e83-eca4fbdf4722:40b4bd71-0112-5dcc-8407-4977f2278416,parent_subtree_child,Manage the WAN and LAN Network Settings > Manage NAT Filtering,119,120,237,349,nearest_ancestor_subtree,candidate,anchor_or_parent_subtree_child
Q-026,Q-026,d363d52d-99b4-4258-9e83-eca4fbdf4722:OUTLINE:c27c0cf701a42141,d363d52d-99b4-4258-9e83-eca4fbdf4722,netgear-r6350.pdf,R6350,6982d711-a289-521c-b48a-f65dbb100e4d,b2b929c7-6625-5a91-b295-f5bcfed06e09,d363d52d-99b4-4258-9e83-eca4fbdf4722:b2b929c7-6625-5a91-b295-f5bcfed06e09,parent_subtree_child,Manage the WAN and LAN Network Settings > Manage the SIP Application-Level Gateway,120,121,239,244,nearest_ancestor_subtree,candidate,anchor_or_parent_subtree_child
Q-026,Q-026,d363d52d-99b4-4258-9e83-eca4fbdf4722:OUTLINE:c27c0cf701a42141,d363d52d-99b4-4258-9e83-eca4fbdf4722,netgear-r6350.pdf,R6350,6982d711-a289-521c-b48a-f65dbb100e4d,6d60f364-08eb-5ab8-b817-58f2ae142998,d363d52d-99b4-4258-9e83-eca4fbdf4722:6d60f364-08eb-5ab8-b817-58f2ae142998,parent_subtree_child,Manage the WAN and LAN Network Settings > Manage the LAN IP Address Settings,121,122,241,405,nearest_ancestor_subtree,candidate,anchor_or_parent_subtree_child
Q-026,Q-026,d363d52d-99b4-4258-9e83-eca4fbdf4722:OUTLINE:c27c0cf701a42141,d363d52d-99b4-4258-9e83-eca4fbdf4722,netgear-r6350.pdf,R6350,6982d711-a289-521c-b48a-f65dbb100e4d,0732bf6a-a336-508e-9aab-9bb2ea05195d,d363d52d-99b4-4258-9e83-eca4fbdf4722:0732bf6a-a336-508e-9aab-9bb2ea05195d,parent_subtree_child,Manage the WAN and LAN Network Settings > Manage the Router Information Protocol Settings,122,123,243,408,nearest_ancestor_subtree,candidate,anchor_or_parent_subtree_child
Q-026,Q-026,d363d52d-99b4-4258-9e83-eca4fbdf4722:OUTLINE:c27c0cf701a42141,d363d52d-99b4-4258-9e83-eca4fbdf4722,netgear-r6350.pdf,R6350,6982d711-a289-521c-b48a-f65dbb100e4d,e47b3d3d-859a-5d5d-ad99-c5e97e0e5866,d363d52d-99b4-4258-9e83-eca4fbdf4722:e47b3d3d-859a-5d5d-ad99-c5e97e0e5866,parent_subtree_child,Manage the WAN and LAN Network Settings > Manage the DHCP Server Address Pool,123,124,245,459,nearest_ancestor_subtree,candidate,anchor_or_parent_subtree_child
Q-026,Q-026,d363d52d-99b4-4258-9e83-eca4fbdf4722:OUTLINE:c27c0cf701a42141,d363d52d-99b4-4258-9e83-eca4fbdf4722,netgear-r6350.pdf,R6350,6982d711-a289-521c-b48a-f65dbb100e4d,2fe2c800-86be-5e48-a3a1-bcf5a38250a9,d363d52d-99b4-4258-9e83-eca4fbdf4722:2fe2c800-86be-5e48-a3a1-bcf5a38250a9,parent_subtree_child,Manage the WAN and LAN Network Settings > Manage reserved LAN IP addresses,124,124,247,63,nearest_ancestor_subtree,candidate,anchor_or_parent_subtree_child
Q-026,Q-026,d363d52d-99b4-4258-9e83-eca4fbdf4722:OUTLINE:c27c0cf701a42141,d363d52d-99b4-4258-9e83-eca4fbdf4722,netgear-r6350.pdf,R6350,6982d711-a289-521c-b48a-f65dbb100e4d,58705265-85c2-53cb-9a31-985904b45791,d363d52d-99b4-4258-9e83-eca4fbdf4722:58705265-85c2-53cb-9a31-985904b45791,parent_subtree_child,Manage the WAN and LAN Network Settings > Manage reserved LAN IP addresses > Edit a reserved IP address,124,125,249,183,nearest_ancestor_subtree,candidate,anchor_or_parent_subtree_child
Q-026,Q-026,d363d52d-99b4-4258-9e83-eca4fbdf4722:OUTLINE:c27c0cf701a42141,d363d52d-99b4-4258-9e83-eca4fbdf4722,netgear-r6350.pdf,R6350,6982d711-a289-521c-b48a-f65dbb100e4d,c9375949-fa5d-50d6-a813-d4c0d9974145,d363d52d-99b4-4258-9e83-eca4fbdf4722:c9375949-fa5d-50d6-a813-d4c0d9974145,parent_subtree_child,Manage the WAN and LAN Network Settings > Manage reserved LAN IP addresses > Delete a reserved IP address entry,125,125,251,161,nearest_ancestor_subtree,candidate,anchor_or_parent_subtree_child
Q-026,Q-026,d363d52d-99b4-4258-9e83-eca4fbdf4722:OUTLINE:c27c0cf701a42141,d363d52d-99b4-4258-9e83-eca4fbdf4722,netgear-r6350.pdf,R6350,6982d711-a289-521c-b48a-f65dbb100e4d,80e6eda0-2892-5cfd-949a-717b12f81332,d363d52d-99b4-4258-9e83-eca4fbdf4722:80e6eda0-2892-5cfd-949a-717b12f81332,parent_subtree_child,Manage the WAN and LAN Network Settings > Disable the Built-In DHCP Server,125,126,253,284,nearest_ancestor_subtree,candidate,anchor_or_parent_subtree_child
Q-026,Q-026,d363d52d-99b4-4258-9e83-eca4fbdf4722:OUTLINE:c27c0cf701a42141,d363d52d-99b4-4258-9e83-eca4fbdf4722,netgear-r6350.pdf,R6350,6982d711-a289-521c-b48a-f65dbb100e4d,4f7304d4-1472-5a82-8512-c3853e5ab437,d363d52d-99b4-4258-9e83-eca4fbdf4722:4f7304d4-1472-5a82-8512-c3853e5ab437,parent_subtree_child,Manage the WAN and LAN Network Settings > Change the Router’s Device Name,126,127,255,196,nearest_ancestor_subtree,candidate,anchor_or_parent_subtree_child
Q-026,Q-026,d363d52d-99b4-4258-9e83-eca4fbdf4722:OUTLINE:c27c0cf701a42141,d363d52d-99b4-4258-9e83-eca4fbdf4722,netgear-r6350.pdf,R6350,6982d711-a289-521c-b48a-f65dbb100e4d,a1d1498c-86bf-5b9e-877c-7f81e61ffb07,d363d52d-99b4-4258-9e83-eca4fbdf4722:a1d1498c-86bf-5b9e-877c-7f81e61ffb07,parent_subtree_child,Manage the WAN and LAN Network Settings > Set Up and Manage Custom Static Routes,127,127,257,377,nearest_ancestor_subtree,candidate,anchor_or_parent_subtree_child
Q-026,Q-026,d363d52d-99b4-4258-9e83-eca4fbdf4722:OUTLINE:c27c0cf701a42141,d363d52d-99b4-4258-9e83-eca4fbdf4722,netgear-r6350.pdf,R6350,6982d711-a289-521c-b48a-f65dbb100e4d,0af9a37b-b55e-5904-9be6-fe4fbad4271c,d363d52d-99b4-4258-9e83-eca4fbdf4722:0af9a37b-b55e-5904-9be6-fe4fbad4271c,parent_subtree_child,Manage the WAN and LAN Network Settings > Set Up and Manage Custom Static Routes > Set Up a Static Route,128,129,259,466,nearest_ancestor_subtree,candidate,anchor_or_parent_subtree_child
Q-026,Q-026,d363d52d-99b4-4258-9e83-eca4fbdf4722:OUTLINE:c27c0cf701a42141,d363d52d-99b4-4258-9e83-eca4fbdf4722,netgear-r6350.pdf,R6350,6982d711-a289-521c-b48a-f65dbb100e4d,8e269a02-a216-5ac0-bfa3-4dc97d1a52d6,d363d52d-99b4-4258-9e83-eca4fbdf4722:8e269a02-a216-5ac0-bfa3-4dc97d1a52d6,parent_subtree_child,Manage the WAN and LAN Network Settings > Set Up and Manage Custom Static Routes > Change a Static Route,129,129,261,219,nearest_ancestor_subtree,candidate,anchor_or_parent_subtree_child
Q-026,Q-026,d363d52d-99b4-4258-9e83-eca4fbdf4722:OUTLINE:c27c0cf701a42141,d363d52d-99b4-4258-9e83-eca4fbdf4722,netgear-r6350.pdf,R6350,6982d711-a289-521c-b48a-f65dbb100e4d,2c54b8a4-2815-5ad0-a55e-c353ee15b2c6,d363d52d-99b4-4258-9e83-eca4fbdf4722:2c54b8a4-2815-5ad0-a55e-c353ee15b2c6,parent_subtree_child,Manage the WAN and LAN Network Settings > Set Up and Manage Custom Static Routes > Remove a Static Route,130,130,263,185,nearest_ancestor_subtree,candidate,anchor_or_parent_subtree_child
Q-026,Q-026,d363d52d-99b4-4258-9e83-eca4fbdf4722:OUTLINE:c27c0cf701a42141,d363d52d-99b4-4258-9e83-eca4fbdf4722,netgear-r6350.pdf,R6350,6982d711-a289-521c-b48a-f65dbb100e4d,0c80bfa0-c243-53e3-8ba1-8ef14df71c4b,d363d52d-99b4-4258-9e83-eca4fbdf4722:0c80bfa0-c243-53e3-8ba1-8ef14df71c4b,parent_subtree_child,Manage the WAN and LAN Network Settings > Set Up a Bridge for a Port Group or VLAN Tag Group,130,130,265,122,nearest_ancestor_subtree,candidate,anchor_or_parent_subtree_child
Q-026,Q-026,d363d52d-99b4-4258-9e83-eca4fbdf4722:OUTLINE:c27c0cf701a42141,d363d52d-99b4-4258-9e83-eca4fbdf4722,netgear-r6350.pdf,R6350,6982d711-a289-521c-b48a-f65dbb100e4d,92de127d-5c3f-5d2a-a801-234fc3e5b014,d363d52d-99b4-4258-9e83-eca4fbdf4722:92de127d-5c3f-5d2a-a801-234fc3e5b014,parent_subtree_child,Manage the WAN and LAN Network Settings > Set Up a Bridge for a Port Group or VLAN Tag Group > Set Up a Bridge for a Port Group,131,131,267,420,nearest_ancestor_subtree,candidate,anchor_or_parent_subtree_child
Q-026,Q-026,d363d52d-99b4-4258-9e83-eca4fbdf4722:OUTLINE:c27c0cf701a42141,d363d52d-99b4-4258-9e83-eca4fbdf4722,netgear-r6350.pdf,R6350,6982d711-a289-521c-b48a-f65dbb100e4d,1ff96edd-9a3b-5993-87c7-dc20a71f4ddf,d363d52d-99b4-4258-9e83-eca4fbdf4722:1ff96edd-9a3b-5993-87c7-dc20a71f4ddf,parent_subtree_child,Manage the WAN and LAN Network Settings > Set Up a Bridge for a Port Group or VLAN Tag Group > Set Up a Bridge for a VLAN Tag Group,132,133,269,576,nearest_ancestor_subtree,candidate,anchor_or_parent_subtree_child
Q-027,Q-027,d363d52d-99b4-4258-9e83-eca4fbdf4722:OUTLINE:5283c300a58533cf,d363d52d-99b4-4258-9e83-eca4fbdf4722,netgear-r6350.pdf,R6350,aa8c3543-05ea-5e9a-a2c2-07e5d8c97c70,0c80bfa0-c243-53e3-8ba1-8ef14df71c4b,d363d52d-99b4-4258-9e83-eca4fbdf4722:0c80bfa0-c243-53e3-8ba1-8ef14df71c4b,parent_subtree_child,Manage the WAN and LAN Network Settings > Set Up a Bridge for a Port Group or VLAN Tag Group,130,130,265,122,nearest_ancestor_subtree,candidate,anchor_or_parent_subtree_child
Q-027,Q-027,d363d52d-99b4-4258-9e83-eca4fbdf4722:OUTLINE:5283c300a58533cf,d363d52d-99b4-4258-9e83-eca4fbdf4722,netgear-r6350.pdf,R6350,aa8c3543-05ea-5e9a-a2c2-07e5d8c97c70,92de127d-5c3f-5d2a-a801-234fc3e5b014,d363d52d-99b4-4258-9e83-eca4fbdf4722:92de127d-5c3f-5d2a-a801-234fc3e5b014,anchor,Manage the WAN and LAN Network Settings > Set Up a Bridge for a Port Group or VLAN Tag Group > Set Up a Bridge for a Port Group,131,131,267,420,nearest_ancestor_subtree,candidate,anchor_or_parent_subtree_child
Q-027,Q-027,d363d52d-99b4-4258-9e83-eca4fbdf4722:OUTLINE:5283c300a58533cf,d363d52d-99b4-4258-9e83-eca4fbdf4722,netgear-r6350.pdf,R6350,aa8c3543-05ea-5e9a-a2c2-07e5d8c97c70,1ff96edd-9a3b-5993-87c7-dc20a71f4ddf,d363d52d-99b4-4258-9e83-eca4fbdf4722:1ff96edd-9a3b-5993-87c7-dc20a71f4ddf,parent_subtree_child,Manage the WAN and LAN Network Settings > Set Up a Bridge for a Port Group or VLAN Tag Group > Set Up a Bridge for a VLAN Tag Group,132,133,269,576,nearest_ancestor_subtree,candidate,anchor_or_parent_subtree_child
Q-028,Q-028,d363d52d-99b4-4258-9e83-eca4fbdf4722:OUTLINE:759d64cd684a03d3,d363d52d-99b4-4258-9e83-eca4fbdf4722,netgear-r6350.pdf,R6350,e76e2bbf-b0d0-5843-84e7-ce3d79da5254,27dd55d7-9b49-5929-9722-1aa90a62ff5c,d363d52d-99b4-4258-9e83-eca4fbdf4722:27dd55d7-9b49-5929-9722-1aa90a62ff5c,parent_subtree_child,Manage Your Router > Update the router firmware,135,135,273,35,nearest_ancestor_subtree,candidate,anchor_or_parent_subtree_child
Q-028,Q-028,d363d52d-99b4-4258-9e83-eca4fbdf4722:OUTLINE:759d64cd684a03d3,d363d52d-99b4-4258-9e83-eca4fbdf4722,netgear-r6350.pdf,R6350,e76e2bbf-b0d0-5843-84e7-ce3d79da5254,2a3ade55-f893-5d78-8ead-3ff6b3d197c7,d363d52d-99b4-4258-9e83-eca4fbdf4722:2a3ade55-f893-5d78-8ead-3ff6b3d197c7,anchor,Manage Your Router > Update the router firmware > Check for new firmware and update the router,135,136,275,396,nearest_ancestor_subtree,candidate,anchor_or_parent_subtree_child
Q-028,Q-028,d363d52d-99b4-4258-9e83-eca4fbdf4722:OUTLINE:759d64cd684a03d3,d363d52d-99b4-4258-9e83-eca4fbdf4722,netgear-r6350.pdf,R6350,e76e2bbf-b0d0-5843-84e7-ce3d79da5254,82763a83-8a87-5a86-ac3a-cd78e0a68d0f,d363d52d-99b4-4258-9e83-eca4fbdf4722:82763a83-8a87-5a86-ac3a-cd78e0a68d0f,parent_subtree_child,Manage Your Router > Update the router firmware > Manually upload firmware to the router,136,136,277,379,nearest_ancestor_subtree,candidate,anchor_or_parent_subtree_child
Q-029,Q-029,d363d52d-99b4-4258-9e83-eca4fbdf4722:OUTLINE:c406dcd0d505ed73,d363d52d-99b4-4258-9e83-eca4fbdf4722,netgear-r6350.pdf,R6350,f5f44d2e-6abf-505f-beed-a65bdae84cc0,7413e93d-0326-5a91-be81-066b24e09680,d363d52d-99b4-4258-9e83-eca4fbdf4722:7413e93d-0326-5a91-be81-066b24e09680,parent_subtree_child,Manage Your Router,134,134,271,145,nearest_ancestor_subtree,candidate,anchor_or_parent_subtree_child
Q-029,Q-029,d363d52d-99b4-4258-9e83-eca4fbdf4722:OUTLINE:c406dcd0d505ed73,d363d52d-99b4-4258-9e83-eca4fbdf4722,netgear-r6350.pdf,R6350,f5f44d2e-6abf-505f-beed-a65bdae84cc0,27dd55d7-9b49-5929-9722-1aa90a62ff5c,d363d52d-99b4-4258-9e83-eca4fbdf4722:27dd55d7-9b49-5929-9722-1aa90a62ff5c,parent_subtree_child,Manage Your Router > Update the router firmware,135,135,273,35,nearest_ancestor_subtree,candidate,anchor_or_parent_subtree_child
Q-029,Q-029,d363d52d-99b4-4258-9e83-eca4fbdf4722:OUTLINE:c406dcd0d505ed73,d363d52d-99b4-4258-9e83-eca4fbdf4722,netgear-r6350.pdf,R6350,f5f44d2e-6abf-505f-beed-a65bdae84cc0,2a3ade55-f893-5d78-8ead-3ff6b3d197c7,d363d52d-99b4-4258-9e83-eca4fbdf4722:2a3ade55-f893-5d78-8ead-3ff6b3d197c7,parent_subtree_child,Manage Your Router > Update the router firmware > Check for new firmware and update the router,135,136,275,396,nearest_ancestor_subtree,candidate,anchor_or_parent_subtree_child
Q-029,Q-029,d363d52d-99b4-4258-9e83-eca4fbdf4722:OUTLINE:c406dcd0d505ed73,d363d52d-99b4-4258-9e83-eca4fbdf4722,netgear-r6350.pdf,R6350,f5f44d2e-6abf-505f-beed-a65bdae84cc0,82763a83-8a87-5a86-ac3a-cd78e0a68d0f,d363d52d-99b4-4258-9e83-eca4fbdf4722:82763a83-8a87-5a86-ac3a-cd78e0a68d0f,parent_subtree_child,Manage Your Router > Update the router firmware > Manually upload firmware to the router,136,136,277,379,nearest_ancestor_subtree,candidate,anchor_or_parent_subtree_child
Q-029,Q-029,d363d52d-99b4-4258-9e83-eca4fbdf4722:OUTLINE:c406dcd0d505ed73,d363d52d-99b4-4258-9e83-eca4fbdf4722,netgear-r6350.pdf,R6350,f5f44d2e-6abf-505f-beed-a65bdae84cc0,05519e14-2eff-51e9-9236-e93957018d1d,d363d52d-99b4-4258-9e83-eca4fbdf4722:05519e14-2eff-51e9-9236-e93957018d1d,parent_subtree_child,Manage Your Router > Change the admin password,137,137,279,253,nearest_ancestor_subtree,candidate,anchor_or_parent_subtree_child
Q-029,Q-029,d363d52d-99b4-4258-9e83-eca4fbdf4722:OUTLINE:c406dcd0d505ed73,d363d52d-99b4-4258-9e83-eca4fbdf4722,netgear-r6350.pdf,R6350,f5f44d2e-6abf-505f-beed-a65bdae84cc0,471370d2-cd2d-521d-bffc-7602e6c53654,d363d52d-99b4-4258-9e83-eca4fbdf4722:471370d2-cd2d-521d-bffc-7602e6c53654,parent_subtree_child,Manage Your Router > Enable admin password recovery,137,138,281,246,nearest_ancestor_subtree,candidate,anchor_or_parent_subtree_child
Q-029,Q-029,d363d52d-99b4-4258-9e83-eca4fbdf4722:OUTLINE:c406dcd0d505ed73,d363d52d-99b4-4258-9e83-eca4fbdf4722,netgear-r6350.pdf,R6350,f5f44d2e-6abf-505f-beed-a65bdae84cc0,d8ba1e3e-620a-512e-9520-6dc227ac38a9,d363d52d-99b4-4258-9e83-eca4fbdf4722:d8ba1e3e-620a-512e-9520-6dc227ac38a9,parent_subtree_child,Manage Your Router > Recover the admin password,138,139,283,214,nearest_ancestor_subtree,candidate,anchor_or_parent_subtree_child
Q-029,Q-029,d363d52d-99b4-4258-9e83-eca4fbdf4722:OUTLINE:c406dcd0d505ed73,d363d52d-99b4-4258-9e83-eca4fbdf4722,netgear-r6350.pdf,R6350,f5f44d2e-6abf-505f-beed-a65bdae84cc0,338f9d2d-05f6-5bdf-acd5-cb2a03fb059c,d363d52d-99b4-4258-9e83-eca4fbdf4722:338f9d2d-05f6-5bdf-acd5-cb2a03fb059c,parent_subtree_child,Manage Your Router > Manage the router configuration file,139,139,285,51,nearest_ancestor_subtree,candidate,anchor_or_parent_subtree_child
Q-029,Q-029,d363d52d-99b4-4258-9e83-eca4fbdf4722:OUTLINE:c406dcd0d505ed73,d363d52d-99b4-4258-9e83-eca4fbdf4722,netgear-r6350.pdf,R6350,f5f44d2e-6abf-505f-beed-a65bdae84cc0,4690be21-1100-5101-8a7c-2bc44fc90fc1,d363d52d-99b4-4258-9e83-eca4fbdf4722:4690be21-1100-5101-8a7c-2bc44fc90fc1,parent_subtree_child,Manage Your Router > Manage the router configuration file > Back up the settings,139,139,287,177,nearest_ancestor_subtree,candidate,anchor_or_parent_subtree_child
Q-029,Q-029,d363d52d-99b4-4258-9e83-eca4fbdf4722:OUTLINE:c406dcd0d505ed73,d363d52d-99b4-4258-9e83-eca4fbdf4722,netgear-r6350.pdf,R6350,f5f44d2e-6abf-505f-beed-a65bdae84cc0,938592e1-dee5-5cd2-8afa-57a8eaba29ca,d363d52d-99b4-4258-9e83-eca4fbdf4722:938592e1-dee5-5cd2-8afa-57a8eaba29ca,parent_subtree_child,Manage Your Router > Manage the router configuration file > Restore the settings,139,140,289,190,nearest_ancestor_subtree,candidate,anchor_or_parent_subtree_child
Q-029,Q-029,d363d52d-99b4-4258-9e83-eca4fbdf4722:OUTLINE:c406dcd0d505ed73,d363d52d-99b4-4258-9e83-eca4fbdf4722,netgear-r6350.pdf,R6350,f5f44d2e-6abf-505f-beed-a65bdae84cc0,5a7fc3bd-5bd0-57b2-944d-5a981598dcf7,d363d52d-99b4-4258-9e83-eca4fbdf4722:5a7fc3bd-5bd0-57b2-944d-5a981598dcf7,anchor,Manage Your Router > Disable or Enable LED Blinking or Turn Off LEDs,140,141,291,297,nearest_ancestor_subtree,candidate,anchor_or_parent_subtree_child
Q-029,Q-029,d363d52d-99b4-4258-9e83-eca4fbdf4722:OUTLINE:c406dcd0d505ed73,d363d52d-99b4-4258-9e83-eca4fbdf4722,netgear-r6350.pdf,R6350,f5f44d2e-6abf-505f-beed-a65bdae84cc0,74928c6b-843d-5533-87cb-91403d3fffc4,d363d52d-99b4-4258-9e83-eca4fbdf4722:74928c6b-843d-5533-87cb-91403d3fffc4,parent_subtree_child,Manage Your Router > Return the router to its factory default settings,141,141,293,239,nearest_ancestor_subtree,candidate,anchor_or_parent_subtree_child
Q-029,Q-029,d363d52d-99b4-4258-9e83-eca4fbdf4722:OUTLINE:c406dcd0d505ed73,d363d52d-99b4-4258-9e83-eca4fbdf4722,netgear-r6350.pdf,R6350,f5f44d2e-6abf-505f-beed-a65bdae84cc0,a8ed97f6-b0c8-5d7e-b5cc-af310c2cb700,d363d52d-99b4-4258-9e83-eca4fbdf4722:a8ed97f6-b0c8-5d7e-b5cc-af310c2cb700,parent_subtree_child,Manage Your Router > Return the router to its factory default settings > Use the Reset button,141,142,295,181,nearest_ancestor_subtree,candidate,anchor_or_parent_subtree_child
Q-029,Q-029,d363d52d-99b4-4258-9e83-eca4fbdf4722:OUTLINE:c406dcd0d505ed73,d363d52d-99b4-4258-9e83-eca4fbdf4722,netgear-r6350.pdf,R6350,f5f44d2e-6abf-505f-beed-a65bdae84cc0,30cb5af4-ad9a-5de4-b044-140768a610eb,d363d52d-99b4-4258-9e83-eca4fbdf4722:30cb5af4-ad9a-5de4-b044-140768a610eb,parent_subtree_child,Manage Your Router > Return the router to its factory default settings > Erase the settings,142,142,297,250,nearest_ancestor_subtree,candidate,anchor_or_parent_subtree_child
Q-029,Q-029,d363d52d-99b4-4258-9e83-eca4fbdf4722:OUTLINE:c406dcd0d505ed73,d363d52d-99b4-4258-9e83-eca4fbdf4722,netgear-r6350.pdf,R6350,f5f44d2e-6abf-505f-beed-a65bdae84cc0,b874e42d-7c07-52b4-b4a0-f686fa45be6b,d363d52d-99b4-4258-9e83-eca4fbdf4722:b874e42d-7c07-52b4-b4a0-f686fa45be6b,parent_subtree_child,Manage Your Router > View the Status and Statistics of the Router,143,143,299,46,nearest_ancestor_subtree,candidate,anchor_or_parent_subtree_child
Q-029,Q-029,d363d52d-99b4-4258-9e83-eca4fbdf4722:OUTLINE:c406dcd0d505ed73,d363d52d-99b4-4258-9e83-eca4fbdf4722,netgear-r6350.pdf,R6350,f5f44d2e-6abf-505f-beed-a65bdae84cc0,6c6e7f93-dc23-57df-8cb4-4e5e8b6429f8,d363d52d-99b4-4258-9e83-eca4fbdf4722:6c6e7f93-dc23-57df-8cb4-4e5e8b6429f8,parent_subtree_child,Manage Your Router > View the Status and Statistics of the Router > View information about the router and the Internet and WiFi settings,143,143,301,313,nearest_ancestor_subtree,candidate,anchor_or_parent_subtree_child
Q-029,Q-029,d363d52d-99b4-4258-9e83-eca4fbdf4722:OUTLINE:c406dcd0d505ed73,d363d52d-99b4-4258-9e83-eca4fbdf4722,netgear-r6350.pdf,R6350,f5f44d2e-6abf-505f-beed-a65bdae84cc0,8797aa97-5d6c-50dc-aa5e-f2974c7ee729,d363d52d-99b4-4258-9e83-eca4fbdf4722:8797aa97-5d6c-50dc-aa5e-f2974c7ee729,parent_subtree_child,Manage Your Router > View the Status and Statistics of the Router > Display the statistics of the Internet port,144,145,303,428,nearest_ancestor_subtree,candidate,anchor_or_parent_subtree_child
Q-029,Q-029,d363d52d-99b4-4258-9e83-eca4fbdf4722:OUTLINE:c406dcd0d505ed73,d363d52d-99b4-4258-9e83-eca4fbdf4722,netgear-r6350.pdf,R6350,f5f44d2e-6abf-505f-beed-a65bdae84cc0,ed852bc0-c5d4-5ae7-9219-ff2896fb89e0,d363d52d-99b4-4258-9e83-eca4fbdf4722:ed852bc0-c5d4-5ae7-9219-ff2896fb89e0,parent_subtree_child,Manage Your Router > View the Status and Statistics of the Router > Check the Internet connection status,145,145,305,432,nearest_ancestor_subtree,candidate,anchor_or_parent_subtree_child
Q-029,Q-029,d363d52d-99b4-4258-9e83-eca4fbdf4722:OUTLINE:c406dcd0d505ed73,d363d52d-99b4-4258-9e83-eca4fbdf4722,netgear-r6350.pdf,R6350,f5f44d2e-6abf-505f-beed-a65bdae84cc0,882ecfc1-1dc6-5e9b-9aa9-18107828ea43,d363d52d-99b4-4258-9e83-eca4fbdf4722:882ecfc1-1dc6-5e9b-9aa9-18107828ea43,parent_subtree_child,Manage Your Router > Manage the Activity Log,146,146,307,55,nearest_ancestor_subtree,candidate,anchor_or_parent_subtree_child
Q-029,Q-029,d363d52d-99b4-4258-9e83-eca4fbdf4722:OUTLINE:c406dcd0d505ed73,d363d52d-99b4-4258-9e83-eca4fbdf4722,netgear-r6350.pdf,R6350,f5f44d2e-6abf-505f-beed-a65bdae84cc0,2614cfc0-dae8-5058-a15f-5d2e353875c9,d363d52d-99b4-4258-9e83-eca4fbdf4722:2614cfc0-dae8-5058-a15f-5d2e353875c9,parent_subtree_child,"Manage Your Router > Manage the Activity Log > View, Email, or Clear the Logs",146,146,309,327,nearest_ancestor_subtree,candidate,anchor_or_parent_subtree_child
Q-029,Q-029,d363d52d-99b4-4258-9e83-eca4fbdf4722:OUTLINE:c406dcd0d505ed73,d363d52d-99b4-4258-9e83-eca4fbdf4722,netgear-r6350.pdf,R6350,f5f44d2e-6abf-505f-beed-a65bdae84cc0,d3335b7e-9c1e-51c0-bc02-4c72413be8bc,d363d52d-99b4-4258-9e83-eca4fbdf4722:d3335b7e-9c1e-51c0-bc02-4c72413be8bc,parent_subtree_child,Manage Your Router > Manage the Activity Log > Specify Which Activities Are Logged,147,147,311,237,nearest_ancestor_subtree,candidate,anchor_or_parent_subtree_child
Q-029,Q-029,d363d52d-99b4-4258-9e83-eca4fbdf4722:OUTLINE:c406dcd0d505ed73,d363d52d-99b4-4258-9e83-eca4fbdf4722,netgear-r6350.pdf,R6350,f5f44d2e-6abf-505f-beed-a65bdae84cc0,3835ef8f-a7c0-59d5-beee-b439588447f3,d363d52d-99b4-4258-9e83-eca4fbdf4722:3835ef8f-a7c0-59d5-beee-b439588447f3,parent_subtree_child,Manage Your Router > View devices currently on the network,147,148,313,274,nearest_ancestor_subtree,candidate,anchor_or_parent_subtree_child
Q-029,Q-029,d363d52d-99b4-4258-9e83-eca4fbdf4722:OUTLINE:c406dcd0d505ed73,d363d52d-99b4-4258-9e83-eca4fbdf4722,netgear-r6350.pdf,R6350,f5f44d2e-6abf-505f-beed-a65bdae84cc0,e35d917d-5fa6-53cb-b444-2930ec14348e,d363d52d-99b4-4258-9e83-eca4fbdf4722:e35d917d-5fa6-53cb-b444-2930ec14348e,parent_subtree_child,Manage Your Router > Monitor and Meter Internet Traffic,148,148,315,62,nearest_ancestor_subtree,candidate,anchor_or_parent_subtree_child
Q-029,Q-029,d363d52d-99b4-4258-9e83-eca4fbdf4722:OUTLINE:c406dcd0d505ed73,d363d52d-99b4-4258-9e83-eca4fbdf4722,netgear-r6350.pdf,R6350,f5f44d2e-6abf-505f-beed-a65bdae84cc0,b2adf112-ec34-5a14-81ae-3abfb50d721e,d363d52d-99b4-4258-9e83-eca4fbdf4722:b2adf112-ec34-5a14-81ae-3abfb50d721e,parent_subtree_child,Manage Your Router > Monitor and Meter Internet Traffic > Start the Traffic Meter Without Traffic Volume Restrictions,148,149,317,298,nearest_ancestor_subtree,candidate,anchor_or_parent_subtree_child
Q-029,Q-029,d363d52d-99b4-4258-9e83-eca4fbdf4722:OUTLINE:c406dcd0d505ed73,d363d52d-99b4-4258-9e83-eca4fbdf4722,netgear-r6350.pdf,R6350,f5f44d2e-6abf-505f-beed-a65bdae84cc0,c4faa15f-23b0-5353-a11e-7f9b8aa71c9d,d363d52d-99b4-4258-9e83-eca4fbdf4722:c4faa15f-23b0-5353-a11e-7f9b8aa71c9d,parent_subtree_child,Manage Your Router > Monitor and Meter Internet Traffic > View the Internet Traffic Volume and Statistics,149,149,319,296,nearest_ancestor_subtree,candidate,anchor_or_parent_subtree_child
Q-029,Q-029,d363d52d-99b4-4258-9e83-eca4fbdf4722:OUTLINE:c406dcd0d505ed73,d363d52d-99b4-4258-9e83-eca4fbdf4722,netgear-r6350.pdf,R6350,f5f44d2e-6abf-505f-beed-a65bdae84cc0,b5cc5c3e-2dc5-5332-92e2-698b8ebdb584,d363d52d-99b4-4258-9e83-eca4fbdf4722:b5cc5c3e-2dc5-5332-92e2-698b8ebdb584,parent_subtree_child,Manage Your Router > Monitor and Meter Internet Traffic > Restrict Internet Traffic by Volume,150,151,321,564,nearest_ancestor_subtree,candidate,anchor_or_parent_subtree_child
Q-029,Q-029,d363d52d-99b4-4258-9e83-eca4fbdf4722:OUTLINE:c406dcd0d505ed73,d363d52d-99b4-4258-9e83-eca4fbdf4722,netgear-r6350.pdf,R6350,f5f44d2e-6abf-505f-beed-a65bdae84cc0,7226fbf2-570f-5631-9b58-54c9df9d8c9d,d363d52d-99b4-4258-9e83-eca4fbdf4722:7226fbf2-570f-5631-9b58-54c9df9d8c9d,parent_subtree_child,Manage Your Router > Monitor and Meter Internet Traffic > Restrict Internet Traffic by Connection Time,151,152,323,530,nearest_ancestor_subtree,candidate,anchor_or_parent_subtree_child
Q-029,Q-029,d363d52d-99b4-4258-9e83-eca4fbdf4722:OUTLINE:c406dcd0d505ed73,d363d52d-99b4-4258-9e83-eca4fbdf4722,netgear-r6350.pdf,R6350,f5f44d2e-6abf-505f-beed-a65bdae84cc0,7856e894-111e-53fa-a711-a0d01acdcad8,d363d52d-99b4-4258-9e83-eca4fbdf4722:7856e894-111e-53fa-a711-a0d01acdcad8,parent_subtree_child,Manage Your Router > Monitor and Meter Internet Traffic > Unblock the Traffic Meter After the Traffic Limit Is Reached,152,152,325,248,nearest_ancestor_subtree,candidate,anchor_or_parent_subtree_child
Q-029,Q-029,d363d52d-99b4-4258-9e83-eca4fbdf4722:OUTLINE:c406dcd0d505ed73,d363d52d-99b4-4258-9e83-eca4fbdf4722,netgear-r6350.pdf,R6350,f5f44d2e-6abf-505f-beed-a65bdae84cc0,6f5df26a-1f89-55d6-a0a7-650d5cce27d4,d363d52d-99b4-4258-9e83-eca4fbdf4722:6f5df26a-1f89-55d6-a0a7-650d5cce27d4,parent_subtree_child,Manage Your Router > Remote access,153,153,327,109,nearest_ancestor_subtree,candidate,anchor_or_parent_subtree_child
Q-029,Q-029,d363d52d-99b4-4258-9e83-eca4fbdf4722:OUTLINE:c406dcd0d505ed73,d363d52d-99b4-4258-9e83-eca4fbdf4722,netgear-r6350.pdf,R6350,f5f44d2e-6abf-505f-beed-a65bdae84cc0,ca6f126f-0768-5543-9bb1-a7cd099fd58f,d363d52d-99b4-4258-9e83-eca4fbdf4722:ca6f126f-0768-5543-9bb1-a7cd099fd58f,parent_subtree_child,Manage Your Router > Remote access > Set up remote management,153,154,329,404,nearest_ancestor_subtree,candidate,anchor_or_parent_subtree_child
Q-029,Q-029,d363d52d-99b4-4258-9e83-eca4fbdf4722:OUTLINE:c406dcd0d505ed73,d363d52d-99b4-4258-9e83-eca4fbdf4722,netgear-r6350.pdf,R6350,f5f44d2e-6abf-505f-beed-a65bdae84cc0,12dad281-8f10-5bdd-9516-33bed9a6e3ba,d363d52d-99b4-4258-9e83-eca4fbdf4722:12dad281-8f10-5bdd-9516-33bed9a6e3ba,parent_subtree_child,Manage Your Router > Remote access > Use remote access,154,154,331,93,nearest_ancestor_subtree,candidate,anchor_or_parent_subtree_child
Q-030,Q-030,d363d52d-99b4-4258-9e83-eca4fbdf4722:OUTLINE:aaa110d73c5ebaf9,d363d52d-99b4-4258-9e83-eca4fbdf4722,netgear-r6350.pdf,R6350,064bfa5e-acfe-5116-bfed-86471f167a39,e466a3e1-89df-5cd9-a452-cf16fb5080f5,d363d52d-99b4-4258-9e83-eca4fbdf4722:e466a3e1-89df-5cd9-a452-cf16fb5080f5,parent_subtree_child,Use VPN to Access Your Network > Install OpenVPN software,168,168,359,41,nearest_ancestor_subtree,candidate,anchor_or_parent_subtree_child
Q-030,Q-030,d363d52d-99b4-4258-9e83-eca4fbdf4722:OUTLINE:aaa110d73c5ebaf9,d363d52d-99b4-4258-9e83-eca4fbdf4722,netgear-r6350.pdf,R6350,064bfa5e-acfe-5116-bfed-86471f167a39,61ed1546-a094-59bc-b483-2e2653c7fa78,d363d52d-99b4-4258-9e83-eca4fbdf4722:61ed1546-a094-59bc-b483-2e2653c7fa78,parent_subtree_child,Use VPN to Access Your Network > Install OpenVPN software > Install OpenVPN Software on Your Windows-Based Computer,168,170,361,678,nearest_ancestor_subtree,candidate,anchor_or_parent_subtree_child
Q-030,Q-030,d363d52d-99b4-4258-9e83-eca4fbdf4722:OUTLINE:aaa110d73c5ebaf9,d363d52d-99b4-4258-9e83-eca4fbdf4722,netgear-r6350.pdf,R6350,064bfa5e-acfe-5116-bfed-86471f167a39,0ba5e5ee-8685-5618-80d5-a6ee39e3cf64,d363d52d-99b4-4258-9e83-eca4fbdf4722:0ba5e5ee-8685-5618-80d5-a6ee39e3cf64,parent_subtree_child,Use VPN to Access Your Network > Install OpenVPN software > Install OpenVPN Software on Your Mac Computer,170,171,363,356,nearest_ancestor_subtree,candidate,anchor_or_parent_subtree_child
Q-030,Q-030,d363d52d-99b4-4258-9e83-eca4fbdf4722:OUTLINE:aaa110d73c5ebaf9,d363d52d-99b4-4258-9e83-eca4fbdf4722,netgear-r6350.pdf,R6350,064bfa5e-acfe-5116-bfed-86471f167a39,99954e13-239d-5fda-87ed-f6509a54b9f5,d363d52d-99b4-4258-9e83-eca4fbdf4722:99954e13-239d-5fda-87ed-f6509a54b9f5,parent_subtree_child,Use VPN to Access Your Network > Install OpenVPN software > Install OpenVPN Software on an iOS Device,171,171,365,337,nearest_ancestor_subtree,candidate,anchor_or_parent_subtree_child
Q-030,Q-030,d363d52d-99b4-4258-9e83-eca4fbdf4722:OUTLINE:aaa110d73c5ebaf9,d363d52d-99b4-4258-9e83-eca4fbdf4722,netgear-r6350.pdf,R6350,064bfa5e-acfe-5116-bfed-86471f167a39,006d8e6b-77f6-54fa-826b-6d417979808f,d363d52d-99b4-4258-9e83-eca4fbdf4722:006d8e6b-77f6-54fa-826b-6d417979808f,anchor,Use VPN to Access Your Network > Install OpenVPN software > Install OpenVPN Software on an Android Device,172,172,367,337,nearest_ancestor_subtree,candidate,anchor_or_parent_subtree_child
Q-031,Q-031,d363d52d-99b4-4258-9e83-eca4fbdf4722:OUTLINE:6ca762548278f56e,d363d52d-99b4-4258-9e83-eca4fbdf4722,netgear-r6350.pdf,R6350,a13cb458-a45a-5217-8d46-5a13758b9da9,24c5a7a1-ff4a-5a1e-a5c6-f9eb1e47235d,d363d52d-99b4-4258-9e83-eca4fbdf4722:24c5a7a1-ff4a-5a1e-a5c6-f9eb1e47235d,parent_subtree_child,Troubleshooting,189,189,411,143,nearest_ancestor_subtree,candidate,anchor_or_parent_subtree_child
Q-031,Q-031,d363d52d-99b4-4258-9e83-eca4fbdf4722:OUTLINE:6ca762548278f56e,d363d52d-99b4-4258-9e83-eca4fbdf4722,netgear-r6350.pdf,R6350,a13cb458-a45a-5217-8d46-5a13758b9da9,46a38fc4-c550-547d-bc4b-39a2b29510d7,d363d52d-99b4-4258-9e83-eca4fbdf4722:46a38fc4-c550-547d-bc4b-39a2b29510d7,parent_subtree_child,Troubleshooting > Quick tips,190,190,413,18,nearest_ancestor_subtree,candidate,anchor_or_parent_subtree_child
Q-031,Q-031,d363d52d-99b4-4258-9e83-eca4fbdf4722:OUTLINE:6ca762548278f56e,d363d52d-99b4-4258-9e83-eca4fbdf4722,netgear-r6350.pdf,R6350,a13cb458-a45a-5217-8d46-5a13758b9da9,43ee9cdf-ae9a-5b3c-bbe5-ecde0e3d2cfe,d363d52d-99b4-4258-9e83-eca4fbdf4722:43ee9cdf-ae9a-5b3c-bbe5-ecde0e3d2cfe,parent_subtree_child,Troubleshooting > Quick tips > Sequence to restart your network,190,190,415,53,nearest_ancestor_subtree,candidate,anchor_or_parent_subtree_child
Q-031,Q-031,d363d52d-99b4-4258-9e83-eca4fbdf4722:OUTLINE:6ca762548278f56e,d363d52d-99b4-4258-9e83-eca4fbdf4722,netgear-r6350.pdf,R6350,a13cb458-a45a-5217-8d46-5a13758b9da9,4b9a8181-cb6c-5825-85f7-05dab83f2a3f,d363d52d-99b4-4258-9e83-eca4fbdf4722:4b9a8181-cb6c-5825-85f7-05dab83f2a3f,parent_subtree_child,Troubleshooting > Quick tips > Check the power adapter and Ethernet cable connections,190,190,417,129,nearest_ancestor_subtree,candidate,anchor_or_parent_subtree_child
Q-031,Q-031,d363d52d-99b4-4258-9e83-eca4fbdf4722:OUTLINE:6ca762548278f56e,d363d52d-99b4-4258-9e83-eca4fbdf4722,netgear-r6350.pdf,R6350,a13cb458-a45a-5217-8d46-5a13758b9da9,335ea183-1b40-5e35-af4b-f01b3137b0c1,d363d52d-99b4-4258-9e83-eca4fbdf4722:335ea183-1b40-5e35-af4b-f01b3137b0c1,parent_subtree_child,Troubleshooting > Quick tips > Check the WiFi settings,190,190,419,102,nearest_ancestor_subtree,candidate,anchor_or_parent_subtree_child
Q-031,Q-031,d363d52d-99b4-4258-9e83-eca4fbdf4722:OUTLINE:6ca762548278f56e,d363d52d-99b4-4258-9e83-eca4fbdf4722,netgear-r6350.pdf,R6350,a13cb458-a45a-5217-8d46-5a13758b9da9,d7f22ecf-daab-54fc-9de9-74703efb66a1,d363d52d-99b4-4258-9e83-eca4fbdf4722:d7f22ecf-daab-54fc-9de9-74703efb66a1,parent_subtree_child,Troubleshooting > Quick tips > Check the network settings,190,191,421,149,nearest_ancestor_subtree,candidate,anchor_or_parent_subtree_child
Q-031,Q-031,d363d52d-99b4-4258-9e83-eca4fbdf4722:OUTLINE:6ca762548278f56e,d363d52d-99b4-4258-9e83-eca4fbdf4722,netgear-r6350.pdf,R6350,a13cb458-a45a-5217-8d46-5a13758b9da9,da60cb92-8d65-5aae-afac-7d030c7679cf,d363d52d-99b4-4258-9e83-eca4fbdf4722:da60cb92-8d65-5aae-afac-7d030c7679cf,parent_subtree_child,Troubleshooting > Troubleshoot with the LEDs,191,191,423,13,nearest_ancestor_subtree,candidate,anchor_or_parent_subtree_child
Q-031,Q-031,d363d52d-99b4-4258-9e83-eca4fbdf4722:OUTLINE:6ca762548278f56e,d363d52d-99b4-4258-9e83-eca4fbdf4722,netgear-r6350.pdf,R6350,a13cb458-a45a-5217-8d46-5a13758b9da9,b27b612a-5c9c-5c3a-bfbf-41380f330f63,d363d52d-99b4-4258-9e83-eca4fbdf4722:b27b612a-5c9c-5c3a-bfbf-41380f330f63,parent_subtree_child,Troubleshooting > Troubleshoot with the LEDs > Standard LED behavior when the router is powered on,191,191,425,99,nearest_ancestor_subtree,candidate,anchor_or_parent_subtree_child
Q-031,Q-031,d363d52d-99b4-4258-9e83-eca4fbdf4722:OUTLINE:6ca762548278f56e,d363d52d-99b4-4258-9e83-eca4fbdf4722,netgear-r6350.pdf,R6350,a13cb458-a45a-5217-8d46-5a13758b9da9,fca5ee25-d8aa-503c-9059-f2145cd1afdc,d363d52d-99b4-4258-9e83-eca4fbdf4722:fca5ee25-d8aa-503c-9059-f2145cd1afdc,parent_subtree_child,Troubleshooting > Troubleshoot with the LEDs > Power LED is off or blinking,191,191,427,170,nearest_ancestor_subtree,candidate,anchor_or_parent_subtree_child
Q-031,Q-031,d363d52d-99b4-4258-9e83-eca4fbdf4722:OUTLINE:6ca762548278f56e,d363d52d-99b4-4258-9e83-eca4fbdf4722,netgear-r6350.pdf,R6350,a13cb458-a45a-5217-8d46-5a13758b9da9,0a3e9e25-c2a0-5ff5-9ea7-dfcd3a28faec,d363d52d-99b4-4258-9e83-eca4fbdf4722:0a3e9e25-c2a0-5ff5-9ea7-dfcd3a28faec,parent_subtree_child,Troubleshooting > Troubleshoot with the LEDs > Internet or Ethernet LAN port LEDs are off,192,192,429,134,nearest_ancestor_subtree,candidate,anchor_or_parent_subtree_child
Q-031,Q-031,d363d52d-99b4-4258-9e83-eca4fbdf4722:OUTLINE:6ca762548278f56e,d363d52d-99b4-4258-9e83-eca4fbdf4722,netgear-r6350.pdf,R6350,a13cb458-a45a-5217-8d46-5a13758b9da9,5fb6c324-9a3a-55a6-9e85-b28426238725,d363d52d-99b4-4258-9e83-eca4fbdf4722:5fb6c324-9a3a-55a6-9e85-b28426238725,parent_subtree_child,Troubleshooting > You cannot log in to the router,192,193,431,617,nearest_ancestor_subtree,candidate,anchor_or_parent_subtree_child
Q-031,Q-031,d363d52d-99b4-4258-9e83-eca4fbdf4722:OUTLINE:6ca762548278f56e,d363d52d-99b4-4258-9e83-eca4fbdf4722,netgear-r6350.pdf,R6350,a13cb458-a45a-5217-8d46-5a13758b9da9,79822e37-5591-59b3-a4e6-be796ba4abbf,d363d52d-99b4-4258-9e83-eca4fbdf4722:79822e37-5591-59b3-a4e6-be796ba4abbf,parent_subtree_child,Troubleshooting > You cannot access the Internet,193,194,433,746,nearest_ancestor_subtree,candidate,anchor_or_parent_subtree_child
Q-031,Q-031,d363d52d-99b4-4258-9e83-eca4fbdf4722:OUTLINE:6ca762548278f56e,d363d52d-99b4-4258-9e83-eca4fbdf4722,netgear-r6350.pdf,R6350,a13cb458-a45a-5217-8d46-5a13758b9da9,818e0932-f3ff-5602-b5b9-5f1d94d353ed,d363d52d-99b4-4258-9e83-eca4fbdf4722:818e0932-f3ff-5602-b5b9-5f1d94d353ed,anchor,Troubleshooting > Troubleshoot Internet browsing,194,195,435,283,nearest_ancestor_subtree,candidate,anchor_or_parent_subtree_child
Q-031,Q-031,d363d52d-99b4-4258-9e83-eca4fbdf4722:OUTLINE:6ca762548278f56e,d363d52d-99b4-4258-9e83-eca4fbdf4722,netgear-r6350.pdf,R6350,a13cb458-a45a-5217-8d46-5a13758b9da9,89d07740-bf45-5a3f-aae9-8ef36cc53998,d363d52d-99b4-4258-9e83-eca4fbdf4722:89d07740-bf45-5a3f-aae9-8ef36cc53998,parent_subtree_child,Troubleshooting > Changes are not saved,195,195,437,101,nearest_ancestor_subtree,candidate,anchor_or_parent_subtree_child
Q-031,Q-031,d363d52d-99b4-4258-9e83-eca4fbdf4722:OUTLINE:6ca762548278f56e,d363d52d-99b4-4258-9e83-eca4fbdf4722,netgear-r6350.pdf,R6350,a13cb458-a45a-5217-8d46-5a13758b9da9,04bd2000-f1cc-52d9-9646-2736f0fb6c18,d363d52d-99b4-4258-9e83-eca4fbdf4722:04bd2000-f1cc-52d9-9646-2736f0fb6c18,parent_subtree_child,Troubleshooting > Troubleshoot WiFi connectivity,195,196,439,306,nearest_ancestor_subtree,candidate,anchor_or_parent_subtree_child
Q-031,Q-031,d363d52d-99b4-4258-9e83-eca4fbdf4722:OUTLINE:6ca762548278f56e,d363d52d-99b4-4258-9e83-eca4fbdf4722,netgear-r6350.pdf,R6350,a13cb458-a45a-5217-8d46-5a13758b9da9,a2347ca2-0954-5c9e-9a7f-4c8ff58864c6,d363d52d-99b4-4258-9e83-eca4fbdf4722:a2347ca2-0954-5c9e-9a7f-4c8ff58864c6,parent_subtree_child,Troubleshooting > Troubleshoot your network using the ping utility,196,196,441,64,nearest_ancestor_subtree,candidate,anchor_or_parent_subtree_child
Q-031,Q-031,d363d52d-99b4-4258-9e83-eca4fbdf4722:OUTLINE:6ca762548278f56e,d363d52d-99b4-4258-9e83-eca4fbdf4722,netgear-r6350.pdf,R6350,a13cb458-a45a-5217-8d46-5a13758b9da9,b6ce6497-49a9-5a9f-a737-af08a875eaa5,d363d52d-99b4-4258-9e83-eca4fbdf4722:b6ce6497-49a9-5a9f-a737-af08a875eaa5,parent_subtree_child,Troubleshooting > Troubleshoot your network using the ping utility > Test the LAN path to your router,196,197,443,351,nearest_ancestor_subtree,candidate,anchor_or_parent_subtree_child
Q-031,Q-031,d363d52d-99b4-4258-9e83-eca4fbdf4722:OUTLINE:6ca762548278f56e,d363d52d-99b4-4258-9e83-eca4fbdf4722,netgear-r6350.pdf,R6350,a13cb458-a45a-5217-8d46-5a13758b9da9,3b16622f-2234-5fed-adf6-69cc491ea918,d363d52d-99b4-4258-9e83-eca4fbdf4722:3b16622f-2234-5fed-adf6-69cc491ea918,parent_subtree_child,Troubleshooting > Troubleshoot your network using the ping utility > Test the path from a Windows-based computer to a remote device,197,198,445,395,nearest_ancestor_subtree,candidate,anchor_or_parent_subtree_child
Q-032,Q-032,8a56b2bf-5d68-4806-abb7-de39894bb404:OUTLINE:0cc5c443004437fd,8a56b2bf-5d68-4806-abb7-de39894bb404,netgear-r7000.pdf,R7000,131a2910-c703-5cd0-aa5e-bc0414012b26,fac1f6ea-f1a9-50e3-be96-b92d4f433db1,8a56b2bf-5d68-4806-abb7-de39894bb404:fac1f6ea-f1a9-50e3-be96-b92d4f433db1,parent_subtree_child,Connect to the Network and Access the Router > Connect to the Network,19,19,21,53,nearest_ancestor_subtree,candidate,anchor_or_parent_subtree_child
Q-032,Q-032,8a56b2bf-5d68-4806-abb7-de39894bb404:OUTLINE:0cc5c443004437fd,8a56b2bf-5d68-4806-abb7-de39894bb404,netgear-r7000.pdf,R7000,131a2910-c703-5cd0-aa5e-bc0414012b26,cf6a9c70-f40a-521b-8ee5-c0a7ff8c1279,8a56b2bf-5d68-4806-abb7-de39894bb404:cf6a9c70-f40a-521b-8ee5-c0a7ff8c1279,anchor,Connect to the Network and Access the Router > Connect to the Network > Wired Connection,19,19,23,114,nearest_ancestor_subtree,candidate,anchor_or_parent_subtree_child
Q-032,Q-032,8a56b2bf-5d68-4806-abb7-de39894bb404:OUTLINE:0cc5c443004437fd,8a56b2bf-5d68-4806-abb7-de39894bb404,netgear-r7000.pdf,R7000,131a2910-c703-5cd0-aa5e-bc0414012b26,b1147279-285c-50dc-965c-7722351f3563,8a56b2bf-5d68-4806-abb7-de39894bb404:b1147279-285c-50dc-965c-7722351f3563,parent_subtree_child,Connect to the Network and Access the Router > Connect to the Network > WiFi Connection,19,19,25,91,nearest_ancestor_subtree,candidate,anchor_or_parent_subtree_child
Q-032,Q-032,8a56b2bf-5d68-4806-abb7-de39894bb404:OUTLINE:0cc5c443004437fd,8a56b2bf-5d68-4806-abb7-de39894bb404,netgear-r7000.pdf,R7000,131a2910-c703-5cd0-aa5e-bc0414012b26,db3f81a5-963b-525a-8b9c-8af646091a3d,8a56b2bf-5d68-4806-abb7-de39894bb404:db3f81a5-963b-525a-8b9c-8af646091a3d,parent_subtree_child,Connect to the Network and Access the Router > Connect to the Network > WiFi Connection Using WPS,19,20,27,137,nearest_ancestor_subtree,candidate,anchor_or_parent_subtree_child
Q-033,Q-033,8a56b2bf-5d68-4806-abb7-de39894bb404:OUTLINE:615f1a78bd39eb84,8a56b2bf-5d68-4806-abb7-de39894bb404,netgear-r7000.pdf,R7000,0d01bdc9-bde0-54ce-b358-ea77943a623f,c876a9e7-5747-5650-8148-a7eb6af154a7,8a56b2bf-5d68-4806-abb7-de39894bb404:c876a9e7-5747-5650-8148-a7eb6af154a7,parent_subtree_child,Specify Your Internet Settings,24,24,41,107,nearest_ancestor_subtree,candidate,anchor_or_parent_subtree_child
Q-033,Q-033,8a56b2bf-5d68-4806-abb7-de39894bb404:OUTLINE:615f1a78bd39eb84,8a56b2bf-5d68-4806-abb7-de39894bb404,netgear-r7000.pdf,R7000,0d01bdc9-bde0-54ce-b358-ea77943a623f,9213a4bb-497e-56d3-be43-8791bb53a54e,8a56b2bf-5d68-4806-abb7-de39894bb404:9213a4bb-497e-56d3-be43-8791bb53a54e,anchor,Specify Your Internet Settings > Use the Internet Setup Wizard,25,25,43,258,nearest_ancestor_subtree,candidate,anchor_or_parent_subtree_child
Q-033,Q-033,8a56b2bf-5d68-4806-abb7-de39894bb404:OUTLINE:615f1a78bd39eb84,8a56b2bf-5d68-4806-abb7-de39894bb404,netgear-r7000.pdf,R7000,0d01bdc9-bde0-54ce-b358-ea77943a623f,7e389eff-b1fc-52c6-9c31-67af5c617208,8a56b2bf-5d68-4806-abb7-de39894bb404:7e389eff-b1fc-52c6-9c31-67af5c617208,parent_subtree_child,Specify Your Internet Settings > Manually Set Up the Internet Connection,25,25,45,17,nearest_ancestor_subtree,candidate,anchor_or_parent_subtree_child
Q-033,Q-033,8a56b2bf-5d68-4806-abb7-de39894bb404:OUTLINE:615f1a78bd39eb84,8a56b2bf-5d68-4806-abb7-de39894bb404,netgear-r7000.pdf,R7000,0d01bdc9-bde0-54ce-b358-ea77943a623f,3ff9be43-5715-56e3-841b-b0a52c53d0cb,8a56b2bf-5d68-4806-abb7-de39894bb404:3ff9be43-5715-56e3-841b-b0a52c53d0cb,parent_subtree_child,Specify Your Internet Settings > Manually Set Up the Internet Connection > Specify an Internet Connection Without a Login,25,27,47,573,nearest_ancestor_subtree,candidate,anchor_or_parent_subtree_child
Q-033,Q-033,8a56b2bf-5d68-4806-abb7-de39894bb404:OUTLINE:615f1a78bd39eb84,8a56b2bf-5d68-4806-abb7-de39894bb404,netgear-r7000.pdf,R7000,0d01bdc9-bde0-54ce-b358-ea77943a623f,d0653d09-42fb-5c23-be13-108c6bb1d370,8a56b2bf-5d68-4806-abb7-de39894bb404:d0653d09-42fb-5c23-be13-108c6bb1d370,parent_subtree_child,Specify Your Internet Settings > Manually Set Up the Internet Connection > Specify an Internet Connection That Uses a Login,27,28,49,693,nearest_ancestor_subtree,candidate,anchor_or_parent_subtree_child
Q-033,Q-033,8a56b2bf-5d68-4806-abb7-de39894bb404:OUTLINE:615f1a78bd39eb84,8a56b2bf-5d68-4806-abb7-de39894bb404,netgear-r7000.pdf,R7000,0d01bdc9-bde0-54ce-b358-ea77943a623f,813f2028-c3d4-5440-b95b-590eb3046438,8a56b2bf-5d68-4806-abb7-de39894bb404:813f2028-c3d4-5440-b95b-590eb3046438,parent_subtree_child,Specify Your Internet Settings > Specify IPv6 Internet Connections,28,29,51,255,nearest_ancestor_subtree,candidate,anchor_or_parent_subtree_child
Q-033,Q-033,8a56b2bf-5d68-4806-abb7-de39894bb404:OUTLINE:615f1a78bd39eb84,8a56b2bf-5d68-4806-abb7-de39894bb404,netgear-r7000.pdf,R7000,0d01bdc9-bde0-54ce-b358-ea77943a623f,28b68112-abb7-5350-b4ea-76283efa50fc,8a56b2bf-5d68-4806-abb7-de39894bb404:28b68112-abb7-5350-b4ea-76283efa50fc,parent_subtree_child,Specify Your Internet Settings > Specify IPv6 Internet Connections > Requirements for Entering IPv6 Addresses,29,29,53,94,nearest_ancestor_subtree,candidate,anchor_or_parent_subtree_child
Q-033,Q-033,8a56b2bf-5d68-4806-abb7-de39894bb404:OUTLINE:615f1a78bd39eb84,8a56b2bf-5d68-4806-abb7-de39894bb404,netgear-r7000.pdf,R7000,0d01bdc9-bde0-54ce-b358-ea77943a623f,b599fbfb-3343-57c9-9850-044f73b384dd,8a56b2bf-5d68-4806-abb7-de39894bb404:b599fbfb-3343-57c9-9850-044f73b384dd,parent_subtree_child,Specify Your Internet Settings > Specify IPv6 Internet Connections > Use Auto Detect for an IPv6 Internet Connection,29,30,55,567,nearest_ancestor_subtree,candidate,anchor_or_parent_subtree_child
Q-033,Q-033,8a56b2bf-5d68-4806-abb7-de39894bb404:OUTLINE:615f1a78bd39eb84,8a56b2bf-5d68-4806-abb7-de39894bb404,netgear-r7000.pdf,R7000,0d01bdc9-bde0-54ce-b358-ea77943a623f,42167bc0-e34c-5226-ad86-a6c638c5859a,8a56b2bf-5d68-4806-abb7-de39894bb404:42167bc0-e34c-5226-ad86-a6c638c5859a,parent_subtree_child,Specify Your Internet Settings > Specify IPv6 Internet Connections > Set Up an IPv6 6to4 Tunnel Internet Connection,30,32,57,587,nearest_ancestor_subtree,candidate,anchor_or_parent_subtree_child
Q-033,Q-033,8a56b2bf-5d68-4806-abb7-de39894bb404:OUTLINE:615f1a78bd39eb84,8a56b2bf-5d68-4806-abb7-de39894bb404,netgear-r7000.pdf,R7000,0d01bdc9-bde0-54ce-b358-ea77943a623f,ec4bf452-0be9-5d97-8612-be4bb085ebde,8a56b2bf-5d68-4806-abb7-de39894bb404:ec4bf452-0be9-5d97-8612-be4bb085ebde,parent_subtree_child,Specify Your Internet Settings > Specify IPv6 Internet Connections > Set Up an IPv6 Pass Through Internet Connection,32,32,59,221,nearest_ancestor_subtree,candidate,anchor_or_parent_subtree_child
Q-033,Q-033,8a56b2bf-5d68-4806-abb7-de39894bb404:OUTLINE:615f1a78bd39eb84,8a56b2bf-5d68-4806-abb7-de39894bb404,netgear-r7000.pdf,R7000,0d01bdc9-bde0-54ce-b358-ea77943a623f,756c6b35-6819-5f91-9114-70c60986bba9,8a56b2bf-5d68-4806-abb7-de39894bb404:756c6b35-6819-5f91-9114-70c60986bba9,parent_subtree_child,Specify Your Internet Settings > Specify IPv6 Internet Connections > Set Up an IPv6 Fixed Internet Connection,32,34,61,534,nearest_ancestor_subtree,candidate,anchor_or_parent_subtree_child
Q-033,Q-033,8a56b2bf-5d68-4806-abb7-de39894bb404:OUTLINE:615f1a78bd39eb84,8a56b2bf-5d68-4806-abb7-de39894bb404,netgear-r7000.pdf,R7000,0d01bdc9-bde0-54ce-b358-ea77943a623f,e31d999c-67c2-5b3d-b8af-b7c8a950fac4,8a56b2bf-5d68-4806-abb7-de39894bb404:e31d999c-67c2-5b3d-b8af-b7c8a950fac4,parent_subtree_child,Specify Your Internet Settings > Specify IPv6 Internet Connections > Set Up an IPv6 DHCP Internet Connection,34,35,63,700,nearest_ancestor_subtree,candidate,anchor_or_parent_subtree_child
Q-033,Q-033,8a56b2bf-5d68-4806-abb7-de39894bb404:OUTLINE:615f1a78bd39eb84,8a56b2bf-5d68-4806-abb7-de39894bb404,netgear-r7000.pdf,R7000,0d01bdc9-bde0-54ce-b358-ea77943a623f,b3bbb7b6-6221-5146-8dbd-cdde9357f46e,8a56b2bf-5d68-4806-abb7-de39894bb404:b3bbb7b6-6221-5146-8dbd-cdde9357f46e,parent_subtree_child,Specify Your Internet Settings > Specify IPv6 Internet Connections > Set Up an IPv6 PPPoE Internet Connection,35,37,65,781,nearest_ancestor_subtree,candidate,anchor_or_parent_subtree_child
Q-033,Q-033,8a56b2bf-5d68-4806-abb7-de39894bb404:OUTLINE:615f1a78bd39eb84,8a56b2bf-5d68-4806-abb7-de39894bb404,netgear-r7000.pdf,R7000,0d01bdc9-bde0-54ce-b358-ea77943a623f,8d88438b-9b81-5ed8-9f6f-86d10990694c,8a56b2bf-5d68-4806-abb7-de39894bb404:8d88438b-9b81-5ed8-9f6f-86d10990694c,parent_subtree_child,Specify Your Internet Settings > Specify IPv6 Internet Connections > Use Auto Config for an IPv6 Internet Connection,37,38,67,696,nearest_ancestor_subtree,candidate,anchor_or_parent_subtree_child
Q-033,Q-033,8a56b2bf-5d68-4806-abb7-de39894bb404:OUTLINE:615f1a78bd39eb84,8a56b2bf-5d68-4806-abb7-de39894bb404,netgear-r7000.pdf,R7000,0d01bdc9-bde0-54ce-b358-ea77943a623f,b4ea45d9-09f3-515c-9530-7531ea961c6b,8a56b2bf-5d68-4806-abb7-de39894bb404:b4ea45d9-09f3-515c-9530-7531ea961c6b,parent_subtree_child,Specify Your Internet Settings > Specify IPv6 Internet Connections > Set Up an IPv6 6rd Internet Connection,38,40,69,929,nearest_ancestor_subtree,candidate,anchor_or_parent_subtree_child
Q-033,Q-033,8a56b2bf-5d68-4806-abb7-de39894bb404:OUTLINE:615f1a78bd39eb84,8a56b2bf-5d68-4806-abb7-de39894bb404,netgear-r7000.pdf,R7000,0d01bdc9-bde0-54ce-b358-ea77943a623f,d510a528-960a-5a04-a418-52be3577de37,8a56b2bf-5d68-4806-abb7-de39894bb404:d510a528-960a-5a04-a418-52be3577de37,parent_subtree_child,Specify Your Internet Settings > Manage the MTU Size,40,40,71,23,nearest_ancestor_subtree,candidate,anchor_or_parent_subtree_child
Q-033,Q-033,8a56b2bf-5d68-4806-abb7-de39894bb404:OUTLINE:615f1a78bd39eb84,8a56b2bf-5d68-4806-abb7-de39894bb404,netgear-r7000.pdf,R7000,0d01bdc9-bde0-54ce-b358-ea77943a623f,141ba841-dddb-5f3d-a3f3-8f1e37f56530,8a56b2bf-5d68-4806-abb7-de39894bb404:141ba841-dddb-5f3d-a3f3-8f1e37f56530,parent_subtree_child,Specify Your Internet Settings > Manage the MTU Size > MTU Concepts,40,42,73,497,nearest_ancestor_subtree,candidate,anchor_or_parent_subtree_child
Q-033,Q-033,8a56b2bf-5d68-4806-abb7-de39894bb404:OUTLINE:615f1a78bd39eb84,8a56b2bf-5d68-4806-abb7-de39894bb404,netgear-r7000.pdf,R7000,0d01bdc9-bde0-54ce-b358-ea77943a623f,e4b05b24-584a-5366-a28d-496a3b7a726a,8a56b2bf-5d68-4806-abb7-de39894bb404:e4b05b24-584a-5366-a28d-496a3b7a726a,parent_subtree_child,Specify Your Internet Settings > Manage the MTU Size > Change the MTU Size,42,42,75,153,nearest_ancestor_subtree,candidate,anchor_or_parent_subtree_child
Q-034,Q-034,8a56b2bf-5d68-4806-abb7-de39894bb404:OUTLINE:f4bd6a547d16c31d,8a56b2bf-5d68-4806-abb7-de39894bb404,netgear-r7000.pdf,R7000,96967f78-87bb-5436-a413-26a2c45065e2,0daadfb6-fdae-5295-a53b-dba7e5afc3c0,8a56b2bf-5d68-4806-abb7-de39894bb404:0daadfb6-fdae-5295-a53b-dba7e5afc3c0,parent_subtree_child,Optimize Performance > Optimize Internet Streaming With Dynamic QoS > Enable Advanced QoS and Manually Set Up QoS Rules,54,55,99,261,nearest_ancestor_subtree,candidate,anchor_or_parent_subtree_child
Q-034,Q-034,8a56b2bf-5d68-4806-abb7-de39894bb404:OUTLINE:f4bd6a547d16c31d,8a56b2bf-5d68-4806-abb7-de39894bb404,netgear-r7000.pdf,R7000,96967f78-87bb-5436-a413-26a2c45065e2,33138e5b-604f-5b3a-a222-7a621a2e5904,8a56b2bf-5d68-4806-abb7-de39894bb404:33138e5b-604f-5b3a-a222-7a621a2e5904,parent_subtree_child,Optimize Performance > Optimize Internet Streaming With Dynamic QoS > Enable Advanced QoS and Manually Set Up QoS Rules > Add a QoS Rule by Service,55,55,101,250,nearest_ancestor_subtree,candidate,anchor_or_parent_subtree_child
Q-034,Q-034,8a56b2bf-5d68-4806-abb7-de39894bb404:OUTLINE:f4bd6a547d16c31d,8a56b2bf-5d68-4806-abb7-de39894bb404,netgear-r7000.pdf,R7000,96967f78-87bb-5436-a413-26a2c45065e2,3a682a15-e809-5a0b-b646-c75d0c358df0,8a56b2bf-5d68-4806-abb7-de39894bb404:3a682a15-e809-5a0b-b646-c75d0c358df0,parent_subtree_child,Optimize Performance > Optimize Internet Streaming With Dynamic QoS > Enable Advanced QoS and Manually Set Up QoS Rules > Add a QoS Rule by Device,56,56,103,313,nearest_ancestor_subtree,candidate,anchor_or_parent_subtree_child
Q-034,Q-034,8a56b2bf-5d68-4806-abb7-de39894bb404:OUTLINE:f4bd6a547d16c31d,8a56b2bf-5d68-4806-abb7-de39894bb404,netgear-r7000.pdf,R7000,96967f78-87bb-5436-a413-26a2c45065e2,8aecb252-6293-553d-8e28-ef7b756f0c82,8a56b2bf-5d68-4806-abb7-de39894bb404:8aecb252-6293-553d-8e28-ef7b756f0c82,anchor,Optimize Performance > Optimize Internet Streaming With Dynamic QoS > Enable Advanced QoS and Manually Set Up QoS Rules > Add a QoS Rule by LAN pot,56,57,105,248,nearest_ancestor_subtree,candidate,anchor_or_parent_subtree_child
Q-034,Q-034,8a56b2bf-5d68-4806-abb7-de39894bb404:OUTLINE:f4bd6a547d16c31d,8a56b2bf-5d68-4806-abb7-de39894bb404,netgear-r7000.pdf,R7000,96967f78-87bb-5436-a413-26a2c45065e2,a793d29d-91e5-5159-8f4d-a64f44f4da99,8a56b2bf-5d68-4806-abb7-de39894bb404:a793d29d-91e5-5159-8f4d-a64f44f4da99,parent_subtree_child,Optimize Performance > Optimize Internet Streaming With Dynamic QoS > Enable Advanced QoS and Manually Set Up QoS Rules > Edit a QoS Rule,57,58,107,216,nearest_ancestor_subtree,candidate,anchor_or_parent_subtree_child
Q-034,Q-034,8a56b2bf-5d68-4806-abb7-de39894bb404:OUTLINE:f4bd6a547d16c31d,8a56b2bf-5d68-4806-abb7-de39894bb404,netgear-r7000.pdf,R7000,96967f78-87bb-5436-a413-26a2c45065e2,d10df432-4ab5-527b-8683-e1b67b9a82bc,8a56b2bf-5d68-4806-abb7-de39894bb404:d10df432-4ab5-527b-8683-e1b67b9a82bc,parent_subtree_child,Optimize Performance > Optimize Internet Streaming With Dynamic QoS > Enable Advanced QoS and Manually Set Up QoS Rules > Delete a QoS Rule,58,58,109,155,nearest_ancestor_subtree,candidate,anchor_or_parent_subtree_child
Q-034,Q-034,8a56b2bf-5d68-4806-abb7-de39894bb404:OUTLINE:f4bd6a547d16c31d,8a56b2bf-5d68-4806-abb7-de39894bb404,netgear-r7000.pdf,R7000,96967f78-87bb-5436-a413-26a2c45065e2,3710df75-9b15-5b53-b049-ccb8f5a896f7,8a56b2bf-5d68-4806-abb7-de39894bb404:3710df75-9b15-5b53-b049-ccb8f5a896f7,parent_subtree_child,Optimize Performance > Optimize Internet Streaming With Dynamic QoS > Enable Advanced QoS and Manually Set Up QoS Rules > Delete All QoS Rules,58,59,111,140,nearest_ancestor_subtree,candidate,anchor_or_parent_subtree_child
Q-035,Q-035,8a56b2bf-5d68-4806-abb7-de39894bb404:OUTLINE:08da0d3cf6f7d113,8a56b2bf-5d68-4806-abb7-de39894bb404,netgear-r7000.pdf,R7000,278d55c1-ae6c-5f3d-bb36-6dbce7c52599,ffc5091d-2567-5f07-b469-ef22e98b9e2d,8a56b2bf-5d68-4806-abb7-de39894bb404:ffc5091d-2567-5f07-b469-ef22e98b9e2d,parent_subtree_child,Optimize Performance,53,53,95,57,nearest_ancestor_subtree,candidate,anchor_or_parent_subtree_child
Q-035,Q-035,8a56b2bf-5d68-4806-abb7-de39894bb404:OUTLINE:08da0d3cf6f7d113,8a56b2bf-5d68-4806-abb7-de39894bb404,netgear-r7000.pdf,R7000,278d55c1-ae6c-5f3d-bb36-6dbce7c52599,0519c98d-d2bf-526e-82b9-9d67ea847e90,8a56b2bf-5d68-4806-abb7-de39894bb404:0519c98d-d2bf-526e-82b9-9d67ea847e90,parent_subtree_child,Optimize Performance > Optimize Internet Streaming With Dynamic QoS,54,54,97,125,nearest_ancestor_subtree,candidate,anchor_or_parent_subtree_child
Q-035,Q-035,8a56b2bf-5d68-4806-abb7-de39894bb404:OUTLINE:08da0d3cf6f7d113,8a56b2bf-5d68-4806-abb7-de39894bb404,netgear-r7000.pdf,R7000,278d55c1-ae6c-5f3d-bb36-6dbce7c52599,0daadfb6-fdae-5295-a53b-dba7e5afc3c0,8a56b2bf-5d68-4806-abb7-de39894bb404:0daadfb6-fdae-5295-a53b-dba7e5afc3c0,parent_subtree_child,Optimize Performance > Optimize Internet Streaming With Dynamic QoS > Enable Advanced QoS and Manually Set Up QoS Rules,54,55,99,261,nearest_ancestor_subtree,candidate,anchor_or_parent_subtree_child
Q-035,Q-035,8a56b2bf-5d68-4806-abb7-de39894bb404:OUTLINE:08da0d3cf6f7d113,8a56b2bf-5d68-4806-abb7-de39894bb404,netgear-r7000.pdf,R7000,278d55c1-ae6c-5f3d-bb36-6dbce7c52599,33138e5b-604f-5b3a-a222-7a621a2e5904,8a56b2bf-5d68-4806-abb7-de39894bb404:33138e5b-604f-5b3a-a222-7a621a2e5904,parent_subtree_child,Optimize Performance > Optimize Internet Streaming With Dynamic QoS > Enable Advanced QoS and Manually Set Up QoS Rules > Add a QoS Rule by Service,55,55,101,250,nearest_ancestor_subtree,candidate,anchor_or_parent_subtree_child
Q-035,Q-035,8a56b2bf-5d68-4806-abb7-de39894bb404:OUTLINE:08da0d3cf6f7d113,8a56b2bf-5d68-4806-abb7-de39894bb404,netgear-r7000.pdf,R7000,278d55c1-ae6c-5f3d-bb36-6dbce7c52599,3a682a15-e809-5a0b-b646-c75d0c358df0,8a56b2bf-5d68-4806-abb7-de39894bb404:3a682a15-e809-5a0b-b646-c75d0c358df0,parent_subtree_child,Optimize Performance > Optimize Internet Streaming With Dynamic QoS > Enable Advanced QoS and Manually Set Up QoS Rules > Add a QoS Rule by Device,56,56,103,313,nearest_ancestor_subtree,candidate,anchor_or_parent_subtree_child
Q-035,Q-035,8a56b2bf-5d68-4806-abb7-de39894bb404:OUTLINE:08da0d3cf6f7d113,8a56b2bf-5d68-4806-abb7-de39894bb404,netgear-r7000.pdf,R7000,278d55c1-ae6c-5f3d-bb36-6dbce7c52599,8aecb252-6293-553d-8e28-ef7b756f0c82,8a56b2bf-5d68-4806-abb7-de39894bb404:8aecb252-6293-553d-8e28-ef7b756f0c82,parent_subtree_child,Optimize Performance > Optimize Internet Streaming With Dynamic QoS > Enable Advanced QoS and Manually Set Up QoS Rules > Add a QoS Rule by LAN pot,56,57,105,248,nearest_ancestor_subtree,candidate,anchor_or_parent_subtree_child
Q-035,Q-035,8a56b2bf-5d68-4806-abb7-de39894bb404:OUTLINE:08da0d3cf6f7d113,8a56b2bf-5d68-4806-abb7-de39894bb404,netgear-r7000.pdf,R7000,278d55c1-ae6c-5f3d-bb36-6dbce7c52599,a793d29d-91e5-5159-8f4d-a64f44f4da99,8a56b2bf-5d68-4806-abb7-de39894bb404:a793d29d-91e5-5159-8f4d-a64f44f4da99,parent_subtree_child,Optimize Performance > Optimize Internet Streaming With Dynamic QoS > Enable Advanced QoS and Manually Set Up QoS Rules > Edit a QoS Rule,57,58,107,216,nearest_ancestor_subtree,candidate,anchor_or_parent_subtree_child
Q-035,Q-035,8a56b2bf-5d68-4806-abb7-de39894bb404:OUTLINE:08da0d3cf6f7d113,8a56b2bf-5d68-4806-abb7-de39894bb404,netgear-r7000.pdf,R7000,278d55c1-ae6c-5f3d-bb36-6dbce7c52599,d10df432-4ab5-527b-8683-e1b67b9a82bc,8a56b2bf-5d68-4806-abb7-de39894bb404:d10df432-4ab5-527b-8683-e1b67b9a82bc,parent_subtree_child,Optimize Performance > Optimize Internet Streaming With Dynamic QoS > Enable Advanced QoS and Manually Set Up QoS Rules > Delete a QoS Rule,58,58,109,155,nearest_ancestor_subtree,candidate,anchor_or_parent_subtree_child
Q-035,Q-035,8a56b2bf-5d68-4806-abb7-de39894bb404:OUTLINE:08da0d3cf6f7d113,8a56b2bf-5d68-4806-abb7-de39894bb404,netgear-r7000.pdf,R7000,278d55c1-ae6c-5f3d-bb36-6dbce7c52599,3710df75-9b15-5b53-b049-ccb8f5a896f7,8a56b2bf-5d68-4806-abb7-de39894bb404:3710df75-9b15-5b53-b049-ccb8f5a896f7,parent_subtree_child,Optimize Performance > Optimize Internet Streaming With Dynamic QoS > Enable Advanced QoS and Manually Set Up QoS Rules > Delete All QoS Rules,58,59,111,140,nearest_ancestor_subtree,candidate,anchor_or_parent_subtree_child
Q-035,Q-035,8a56b2bf-5d68-4806-abb7-de39894bb404:OUTLINE:08da0d3cf6f7d113,8a56b2bf-5d68-4806-abb7-de39894bb404,netgear-r7000.pdf,R7000,278d55c1-ae6c-5f3d-bb36-6dbce7c52599,efa36407-7d85-507a-93fe-5f4f03442bc6,8a56b2bf-5d68-4806-abb7-de39894bb404:efa36407-7d85-507a-93fe-5f4f03442bc6,parent_subtree_child,Optimize Performance > Optimize Internet Streaming With Dynamic QoS > Enable Dynamic QoS,59,60,113,334,nearest_ancestor_subtree,candidate,anchor_or_parent_subtree_child
Q-035,Q-035,8a56b2bf-5d68-4806-abb7-de39894bb404:OUTLINE:08da0d3cf6f7d113,8a56b2bf-5d68-4806-abb7-de39894bb404,netgear-r7000.pdf,R7000,278d55c1-ae6c-5f3d-bb36-6dbce7c52599,10b49bf0-7a2b-5227-b097-01ca55614526,8a56b2bf-5d68-4806-abb7-de39894bb404:10b49bf0-7a2b-5227-b097-01ca55614526,parent_subtree_child,Optimize Performance > Optimize Internet Streaming With Dynamic QoS > Enable Dynamic QoS > Enable or Disable the Automatic QoS Database Update,60,60,115,247,nearest_ancestor_subtree,candidate,anchor_or_parent_subtree_child
Q-035,Q-035,8a56b2bf-5d68-4806-abb7-de39894bb404:OUTLINE:08da0d3cf6f7d113,8a56b2bf-5d68-4806-abb7-de39894bb404,netgear-r7000.pdf,R7000,278d55c1-ae6c-5f3d-bb36-6dbce7c52599,54a5ae0e-dabe-533f-8906-cd65b27661ec,8a56b2bf-5d68-4806-abb7-de39894bb404:54a5ae0e-dabe-533f-8906-cd65b27661ec,anchor,Optimize Performance > Improve Network Connections With Universal Plug-N-Play,61,62,117,612,nearest_ancestor_subtree,candidate,anchor_or_parent_subtree_child
Q-035,Q-035,8a56b2bf-5d68-4806-abb7-de39894bb404:OUTLINE:08da0d3cf6f7d113,8a56b2bf-5d68-4806-abb7-de39894bb404,netgear-r7000.pdf,R7000,278d55c1-ae6c-5f3d-bb36-6dbce7c52599,956e3c9d-9691-560c-bf42-8f3dd72dc54b,8a56b2bf-5d68-4806-abb7-de39894bb404:956e3c9d-9691-560c-bf42-8f3dd72dc54b,parent_subtree_child,Optimize Performance > Manage Wi-Fi Multimedia Quality of Service,62,63,119,342,nearest_ancestor_subtree,candidate,anchor_or_parent_subtree_child
Q-035,Q-035,8a56b2bf-5d68-4806-abb7-de39894bb404:OUTLINE:08da0d3cf6f7d113,8a56b2bf-5d68-4806-abb7-de39894bb404,netgear-r7000.pdf,R7000,278d55c1-ae6c-5f3d-bb36-6dbce7c52599,f03b025c-7ba6-565b-b150-fc934cab44d1,8a56b2bf-5d68-4806-abb7-de39894bb404:f03b025c-7ba6-565b-b150-fc934cab44d1,parent_subtree_child,Optimize Performance > Enable or Disable Smart Connect,63,63,121,287,nearest_ancestor_subtree,candidate,anchor_or_parent_subtree_child
Q-036,Q-036,8a56b2bf-5d68-4806-abb7-de39894bb404:OUTLINE:2b84714e210fd033,8a56b2bf-5d68-4806-abb7-de39894bb404,netgear-r7000.pdf,R7000,2d707d27-8033-50f4-93f0-b38e09fecc55,ccf66fb7-0afe-519f-a26e-27b24122b1bc,8a56b2bf-5d68-4806-abb7-de39894bb404:ccf66fb7-0afe-519f-a26e-27b24122b1bc,parent_subtree_child,Manage Your Router,94,94,185,193,nearest_ancestor_subtree,candidate,anchor_or_parent_subtree_child
Q-036,Q-036,8a56b2bf-5d68-4806-abb7-de39894bb404:OUTLINE:2b84714e210fd033,8a56b2bf-5d68-4806-abb7-de39894bb404,netgear-r7000.pdf,R7000,2d707d27-8033-50f4-93f0-b38e09fecc55,b6c84e0f-5465-58a5-bbae-bae5695547a0,8a56b2bf-5d68-4806-abb7-de39894bb404:b6c84e0f-5465-58a5-bbae-bae5695547a0,parent_subtree_child,Manage Your Router > Update the Router Firmware,95,95,187,35,nearest_ancestor_subtree,candidate,anchor_or_parent_subtree_child
Q-036,Q-036,8a56b2bf-5d68-4806-abb7-de39894bb404:OUTLINE:2b84714e210fd033,8a56b2bf-5d68-4806-abb7-de39894bb404,netgear-r7000.pdf,R7000,2d707d27-8033-50f4-93f0-b38e09fecc55,c0d3c3ea-e98a-585b-bf6a-52e84d2e153c,8a56b2bf-5d68-4806-abb7-de39894bb404:c0d3c3ea-e98a-585b-bf6a-52e84d2e153c,parent_subtree_child,Manage Your Router > Update the Router Firmware > Check for New Firmware and Update the Router,95,96,189,399,nearest_ancestor_subtree,candidate,anchor_or_parent_subtree_child
Q-036,Q-036,8a56b2bf-5d68-4806-abb7-de39894bb404:OUTLINE:2b84714e210fd033,8a56b2bf-5d68-4806-abb7-de39894bb404,netgear-r7000.pdf,R7000,2d707d27-8033-50f4-93f0-b38e09fecc55,83cd139f-2ffe-5ebe-b1e3-238e0a30a0c4,8a56b2bf-5d68-4806-abb7-de39894bb404:83cd139f-2ffe-5ebe-b1e3-238e0a30a0c4,parent_subtree_child,Manage Your Router > Update the Router Firmware > Manually Upload Firmware to the Router,96,96,191,366,nearest_ancestor_subtree,candidate,anchor_or_parent_subtree_child
Q-036,Q-036,8a56b2bf-5d68-4806-abb7-de39894bb404:OUTLINE:2b84714e210fd033,8a56b2bf-5d68-4806-abb7-de39894bb404,netgear-r7000.pdf,R7000,2d707d27-8033-50f4-93f0-b38e09fecc55,9f386a74-d67c-5c64-9b18-2cb9686604ad,8a56b2bf-5d68-4806-abb7-de39894bb404:9f386a74-d67c-5c64-9b18-2cb9686604ad,parent_subtree_child,Manage Your Router > Change the admin Password,97,97,193,288,nearest_ancestor_subtree,candidate,anchor_or_parent_subtree_child
Q-036,Q-036,8a56b2bf-5d68-4806-abb7-de39894bb404:OUTLINE:2b84714e210fd033,8a56b2bf-5d68-4806-abb7-de39894bb404,netgear-r7000.pdf,R7000,2d707d27-8033-50f4-93f0-b38e09fecc55,33ddbb7b-7ffc-5553-bb87-9bb51750c9f2,8a56b2bf-5d68-4806-abb7-de39894bb404:33ddbb7b-7ffc-5553-bb87-9bb51750c9f2,parent_subtree_child,Manage Your Router > Enable admin Password Recovery,97,98,195,246,nearest_ancestor_subtree,candidate,anchor_or_parent_subtree_child
Q-036,Q-036,8a56b2bf-5d68-4806-abb7-de39894bb404:OUTLINE:2b84714e210fd033,8a56b2bf-5d68-4806-abb7-de39894bb404,netgear-r7000.pdf,R7000,2d707d27-8033-50f4-93f0-b38e09fecc55,3d20ad6e-da52-5682-a67e-3506b557634e,8a56b2bf-5d68-4806-abb7-de39894bb404:3d20ad6e-da52-5682-a67e-3506b557634e,parent_subtree_child,Manage Your Router > Recover the admin Password,98,99,197,213,nearest_ancestor_subtree,candidate,anchor_or_parent_subtree_child
Q-036,Q-036,8a56b2bf-5d68-4806-abb7-de39894bb404:OUTLINE:2b84714e210fd033,8a56b2bf-5d68-4806-abb7-de39894bb404,netgear-r7000.pdf,R7000,2d707d27-8033-50f4-93f0-b38e09fecc55,30e8b645-9b70-5e52-801b-a06df8aba776,8a56b2bf-5d68-4806-abb7-de39894bb404:30e8b645-9b70-5e52-801b-a06df8aba776,parent_subtree_child,Manage Your Router > View Information About the Router and the Internet and WiFi Settings,99,99,199,312,nearest_ancestor_subtree,candidate,anchor_or_parent_subtree_child
Q-036,Q-036,8a56b2bf-5d68-4806-abb7-de39894bb404:OUTLINE:2b84714e210fd033,8a56b2bf-5d68-4806-abb7-de39894bb404,netgear-r7000.pdf,R7000,2d707d27-8033-50f4-93f0-b38e09fecc55,0b8cd0d8-1f9c-5c69-886e-06744b09b661,8a56b2bf-5d68-4806-abb7-de39894bb404:0b8cd0d8-1f9c-5c69-886e-06744b09b661,parent_subtree_child,Manage Your Router > Display Internet Port Statistics,100,101,201,421,nearest_ancestor_subtree,candidate,anchor_or_parent_subtree_child
Q-036,Q-036,8a56b2bf-5d68-4806-abb7-de39894bb404:OUTLINE:2b84714e210fd033,8a56b2bf-5d68-4806-abb7-de39894bb404,netgear-r7000.pdf,R7000,2d707d27-8033-50f4-93f0-b38e09fecc55,537310b8-39d1-57ca-81f0-ddddc2ad9916,8a56b2bf-5d68-4806-abb7-de39894bb404:537310b8-39d1-57ca-81f0-ddddc2ad9916,anchor,Manage Your Router > Check the Internet Connection Status,101,102,203,376,nearest_ancestor_subtree,candidate,anchor_or_parent_subtree_child
Q-036,Q-036,8a56b2bf-5d68-4806-abb7-de39894bb404:OUTLINE:2b84714e210fd033,8a56b2bf-5d68-4806-abb7-de39894bb404,netgear-r7000.pdf,R7000,2d707d27-8033-50f4-93f0-b38e09fecc55,371880ae-aa71-5a21-85f4-7420d05fd2a5,8a56b2bf-5d68-4806-abb7-de39894bb404:371880ae-aa71-5a21-85f4-7420d05fd2a5,parent_subtree_child,Manage Your Router > View and Manage Logs of Router Activity,102,102,205,407,nearest_ancestor_subtree,candidate,anchor_or_parent_subtree_child
Q-036,Q-036,8a56b2bf-5d68-4806-abb7-de39894bb404:OUTLINE:2b84714e210fd033,8a56b2bf-5d68-4806-abb7-de39894bb404,netgear-r7000.pdf,R7000,2d707d27-8033-50f4-93f0-b38e09fecc55,4fde9fda-1d20-5863-9a02-946cdad4d05e,8a56b2bf-5d68-4806-abb7-de39894bb404:4fde9fda-1d20-5863-9a02-946cdad4d05e,parent_subtree_child,Manage Your Router > View Devices Currently on the Network,103,103,207,270,nearest_ancestor_subtree,candidate,anchor_or_parent_subtree_child
Q-036,Q-036,8a56b2bf-5d68-4806-abb7-de39894bb404:OUTLINE:2b84714e210fd033,8a56b2bf-5d68-4806-abb7-de39894bb404,netgear-r7000.pdf,R7000,2d707d27-8033-50f4-93f0-b38e09fecc55,d5c81356-534d-54ed-926d-3ff260b08f2c,8a56b2bf-5d68-4806-abb7-de39894bb404:d5c81356-534d-54ed-926d-3ff260b08f2c,parent_subtree_child,Manage Your Router > Monitor Internet Traffic,103,105,209,597,nearest_ancestor_subtree,candidate,anchor_or_parent_subtree_child
Q-036,Q-036,8a56b2bf-5d68-4806-abb7-de39894bb404:OUTLINE:2b84714e210fd033,8a56b2bf-5d68-4806-abb7-de39894bb404,netgear-r7000.pdf,R7000,2d707d27-8033-50f4-93f0-b38e09fecc55,48daa85c-d9e5-5265-bf42-a0c7925b8190,8a56b2bf-5d68-4806-abb7-de39894bb404:48daa85c-d9e5-5265-bf42-a0c7925b8190,parent_subtree_child,Manage Your Router > Manage the Router Configuration File,105,105,211,51,nearest_ancestor_subtree,candidate,anchor_or_parent_subtree_child
Q-036,Q-036,8a56b2bf-5d68-4806-abb7-de39894bb404:OUTLINE:2b84714e210fd033,8a56b2bf-5d68-4806-abb7-de39894bb404,netgear-r7000.pdf,R7000,2d707d27-8033-50f4-93f0-b38e09fecc55,0058c9fc-4a38-5116-8c01-bade3d1e17eb,8a56b2bf-5d68-4806-abb7-de39894bb404:0058c9fc-4a38-5116-8c01-bade3d1e17eb,parent_subtree_child,Manage Your Router > Manage the Router Configuration File > Back Up Settings,105,105,213,177,nearest_ancestor_subtree,candidate,anchor_or_parent_subtree_child
Q-036,Q-036,8a56b2bf-5d68-4806-abb7-de39894bb404:OUTLINE:2b84714e210fd033,8a56b2bf-5d68-4806-abb7-de39894bb404,netgear-r7000.pdf,R7000,2d707d27-8033-50f4-93f0-b38e09fecc55,15f7c9fd-b0eb-54db-a39c-b7fe7362e944,8a56b2bf-5d68-4806-abb7-de39894bb404:15f7c9fd-b0eb-54db-a39c-b7fe7362e944,parent_subtree_child,Manage Your Router > Manage the Router Configuration File > Erase the Settings,105,106,215,249,nearest_ancestor_subtree,candidate,anchor_or_parent_subtree_child
Q-036,Q-036,8a56b2bf-5d68-4806-abb7-de39894bb404:OUTLINE:2b84714e210fd033,8a56b2bf-5d68-4806-abb7-de39894bb404,netgear-r7000.pdf,R7000,2d707d27-8033-50f4-93f0-b38e09fecc55,fb23ab13-e522-5a5c-a80f-07d1721bf673,8a56b2bf-5d68-4806-abb7-de39894bb404:fb23ab13-e522-5a5c-a80f-07d1721bf673,parent_subtree_child,Manage Your Router > Manage the Router Configuration File > Restore Configuration Settings,106,106,217,190,nearest_ancestor_subtree,candidate,anchor_or_parent_subtree_child
Q-036,Q-036,8a56b2bf-5d68-4806-abb7-de39894bb404:OUTLINE:2b84714e210fd033,8a56b2bf-5d68-4806-abb7-de39894bb404,netgear-r7000.pdf,R7000,2d707d27-8033-50f4-93f0-b38e09fecc55,15938877-47a1-57e0-a802-c88e283ff497,8a56b2bf-5d68-4806-abb7-de39894bb404:15938877-47a1-57e0-a802-c88e283ff497,parent_subtree_child,Manage Your Router > Remote Access,107,107,219,109,nearest_ancestor_subtree,candidate,anchor_or_parent_subtree_child
Q-036,Q-036,8a56b2bf-5d68-4806-abb7-de39894bb404:OUTLINE:2b84714e210fd033,8a56b2bf-5d68-4806-abb7-de39894bb404,netgear-r7000.pdf,R7000,2d707d27-8033-50f4-93f0-b38e09fecc55,79d677ad-2fef-50d3-92dd-c07a6df0f14e,8a56b2bf-5d68-4806-abb7-de39894bb404:79d677ad-2fef-50d3-92dd-c07a6df0f14e,parent_subtree_child,Manage Your Router > Remote Access > Set Up Remote Management,107,108,221,404,nearest_ancestor_subtree,candidate,anchor_or_parent_subtree_child
Q-036,Q-036,8a56b2bf-5d68-4806-abb7-de39894bb404:OUTLINE:2b84714e210fd033,8a56b2bf-5d68-4806-abb7-de39894bb404,netgear-r7000.pdf,R7000,2d707d27-8033-50f4-93f0-b38e09fecc55,c63a4385-d5ca-500b-bb85-d656176fdbe2,8a56b2bf-5d68-4806-abb7-de39894bb404:c63a4385-d5ca-500b-bb85-d656176fdbe2,parent_subtree_child,Manage Your Router > Remote Access > Use Remote Access,108,108,223,93,nearest_ancestor_subtree,candidate,anchor_or_parent_subtree_child
Q-036,Q-036,8a56b2bf-5d68-4806-abb7-de39894bb404:OUTLINE:2b84714e210fd033,8a56b2bf-5d68-4806-abb7-de39894bb404,netgear-r7000.pdf,R7000,2d707d27-8033-50f4-93f0-b38e09fecc55,3f306a13-214d-57c4-b574-305bbbb1be9f,8a56b2bf-5d68-4806-abb7-de39894bb404:3f306a13-214d-57c4-b574-305bbbb1be9f,parent_subtree_child,Manage Your Router > Remotely Access Your Router Using the Nighthawk App,108,108,225,114,nearest_ancestor_subtree,candidate,anchor_or_parent_subtree_child
Q-036,Q-036,8a56b2bf-5d68-4806-abb7-de39894bb404:OUTLINE:2b84714e210fd033,8a56b2bf-5d68-4806-abb7-de39894bb404,netgear-r7000.pdf,R7000,2d707d27-8033-50f4-93f0-b38e09fecc55,1c40ca01-cec5-54da-afba-778a40ee02dc,8a56b2bf-5d68-4806-abb7-de39894bb404:1c40ca01-cec5-54da-afba-778a40ee02dc,parent_subtree_child,Manage Your Router > Disable LED Blinking or Turn Off LEDs,109,109,227,260,nearest_ancestor_subtree,candidate,anchor_or_parent_subtree_child
Q-036,Q-036,8a56b2bf-5d68-4806-abb7-de39894bb404:OUTLINE:2b84714e210fd033,8a56b2bf-5d68-4806-abb7-de39894bb404,netgear-r7000.pdf,R7000,2d707d27-8033-50f4-93f0-b38e09fecc55,1c87234f-8aff-560c-8028-20099626deb5,8a56b2bf-5d68-4806-abb7-de39894bb404:1c87234f-8aff-560c-8028-20099626deb5,parent_subtree_child,Manage Your Router > Set Your Time Zone,109,110,229,186,nearest_ancestor_subtree,candidate,anchor_or_parent_subtree_child
Q-036,Q-036,8a56b2bf-5d68-4806-abb7-de39894bb404:OUTLINE:2b84714e210fd033,8a56b2bf-5d68-4806-abb7-de39894bb404,netgear-r7000.pdf,R7000,2d707d27-8033-50f4-93f0-b38e09fecc55,d4980606-c8d1-5aca-adbe-96e35254c9e1,8a56b2bf-5d68-4806-abb7-de39894bb404:d4980606-c8d1-5aca-adbe-96e35254c9e1,parent_subtree_child,Manage Your Router > Change the NTP Server,110,110,231,221,nearest_ancestor_subtree,candidate,anchor_or_parent_subtree_child
Q-036,Q-036,8a56b2bf-5d68-4806-abb7-de39894bb404:OUTLINE:2b84714e210fd033,8a56b2bf-5d68-4806-abb7-de39894bb404,netgear-r7000.pdf,R7000,2d707d27-8033-50f4-93f0-b38e09fecc55,4a7ee9fc-bd61-58c5-a574-8ef8a7105b3e,8a56b2bf-5d68-4806-abb7-de39894bb404:4a7ee9fc-bd61-58c5-a574-8ef8a7105b3e,parent_subtree_child,Manage Your Router > Return the Router to Its Factory Default Settings,111,111,233,227,nearest_ancestor_subtree,candidate,anchor_or_parent_subtree_child
Q-036,Q-036,8a56b2bf-5d68-4806-abb7-de39894bb404:OUTLINE:2b84714e210fd033,8a56b2bf-5d68-4806-abb7-de39894bb404,netgear-r7000.pdf,R7000,2d707d27-8033-50f4-93f0-b38e09fecc55,0a257dcc-14da-5a65-8bbb-86278eb6021d,8a56b2bf-5d68-4806-abb7-de39894bb404:0a257dcc-14da-5a65-8bbb-86278eb6021d,parent_subtree_child,Manage Your Router > Return the Router to Its Factory Default Settings > Use the Reset Button,111,111,235,181,nearest_ancestor_subtree,candidate,anchor_or_parent_subtree_child
Q-036,Q-036,8a56b2bf-5d68-4806-abb7-de39894bb404:OUTLINE:2b84714e210fd033,8a56b2bf-5d68-4806-abb7-de39894bb404,netgear-r7000.pdf,R7000,2d707d27-8033-50f4-93f0-b38e09fecc55,08c13974-10e3-5210-9032-0e3def519062,8a56b2bf-5d68-4806-abb7-de39894bb404:08c13974-10e3-5210-9032-0e3def519062,parent_subtree_child,Manage Your Router > Return the Router to Its Factory Default Settings > Erase the Settings,111,112,237,249,nearest_ancestor_subtree,candidate,anchor_or_parent_subtree_child
Q-037,Q-037,8a56b2bf-5d68-4806-abb7-de39894bb404:OUTLINE:42bc10659811af2c,8a56b2bf-5d68-4806-abb7-de39894bb404,netgear-r7000.pdf,R7000,6469d001-7080-57e6-a93b-c6c857deb053,15938877-47a1-57e0-a802-c88e283ff497,8a56b2bf-5d68-4806-abb7-de39894bb404:15938877-47a1-57e0-a802-c88e283ff497,parent_subtree_child,Manage Your Router > Remote Access,107,107,219,109,nearest_ancestor_subtree,candidate,anchor_or_parent_subtree_child
Q-037,Q-037,8a56b2bf-5d68-4806-abb7-de39894bb404:OUTLINE:42bc10659811af2c,8a56b2bf-5d68-4806-abb7-de39894bb404,netgear-r7000.pdf,R7000,6469d001-7080-57e6-a93b-c6c857deb053,79d677ad-2fef-50d3-92dd-c07a6df0f14e,8a56b2bf-5d68-4806-abb7-de39894bb404:79d677ad-2fef-50d3-92dd-c07a6df0f14e,anchor,Manage Your Router > Remote Access > Set Up Remote Management,107,108,221,404,nearest_ancestor_subtree,candidate,anchor_or_parent_subtree_child
Q-037,Q-037,8a56b2bf-5d68-4806-abb7-de39894bb404:OUTLINE:42bc10659811af2c,8a56b2bf-5d68-4806-abb7-de39894bb404,netgear-r7000.pdf,R7000,6469d001-7080-57e6-a93b-c6c857deb053,c63a4385-d5ca-500b-bb85-d656176fdbe2,8a56b2bf-5d68-4806-abb7-de39894bb404:c63a4385-d5ca-500b-bb85-d656176fdbe2,parent_subtree_child,Manage Your Router > Remote Access > Use Remote Access,108,108,223,93,nearest_ancestor_subtree,candidate,anchor_or_parent_subtree_child
Q-038,Q-038,8a56b2bf-5d68-4806-abb7-de39894bb404:OUTLINE:f79ea7be006eeae3,8a56b2bf-5d68-4806-abb7-de39894bb404,netgear-r7000.pdf,R7000,2d707d27-8033-50f4-93f0-b38e09fecc55,ccf66fb7-0afe-519f-a26e-27b24122b1bc,8a56b2bf-5d68-4806-abb7-de39894bb404:ccf66fb7-0afe-519f-a26e-27b24122b1bc,parent_subtree_child,Manage Your Router,94,94,185,193,nearest_ancestor_subtree,candidate,anchor_or_parent_subtree_child
Q-038,Q-038,8a56b2bf-5d68-4806-abb7-de39894bb404:OUTLINE:f79ea7be006eeae3,8a56b2bf-5d68-4806-abb7-de39894bb404,netgear-r7000.pdf,R7000,2d707d27-8033-50f4-93f0-b38e09fecc55,b6c84e0f-5465-58a5-bbae-bae5695547a0,8a56b2bf-5d68-4806-abb7-de39894bb404:b6c84e0f-5465-58a5-bbae-bae5695547a0,parent_subtree_child,Manage Your Router > Update the Router Firmware,95,95,187,35,nearest_ancestor_subtree,candidate,anchor_or_parent_subtree_child
Q-038,Q-038,8a56b2bf-5d68-4806-abb7-de39894bb404:OUTLINE:f79ea7be006eeae3,8a56b2bf-5d68-4806-abb7-de39894bb404,netgear-r7000.pdf,R7000,2d707d27-8033-50f4-93f0-b38e09fecc55,c0d3c3ea-e98a-585b-bf6a-52e84d2e153c,8a56b2bf-5d68-4806-abb7-de39894bb404:c0d3c3ea-e98a-585b-bf6a-52e84d2e153c,parent_subtree_child,Manage Your Router > Update the Router Firmware > Check for New Firmware and Update the Router,95,96,189,399,nearest_ancestor_subtree,candidate,anchor_or_parent_subtree_child
Q-038,Q-038,8a56b2bf-5d68-4806-abb7-de39894bb404:OUTLINE:f79ea7be006eeae3,8a56b2bf-5d68-4806-abb7-de39894bb404,netgear-r7000.pdf,R7000,2d707d27-8033-50f4-93f0-b38e09fecc55,83cd139f-2ffe-5ebe-b1e3-238e0a30a0c4,8a56b2bf-5d68-4806-abb7-de39894bb404:83cd139f-2ffe-5ebe-b1e3-238e0a30a0c4,parent_subtree_child,Manage Your Router > Update the Router Firmware > Manually Upload Firmware to the Router,96,96,191,366,nearest_ancestor_subtree,candidate,anchor_or_parent_subtree_child
Q-038,Q-038,8a56b2bf-5d68-4806-abb7-de39894bb404:OUTLINE:f79ea7be006eeae3,8a56b2bf-5d68-4806-abb7-de39894bb404,netgear-r7000.pdf,R7000,2d707d27-8033-50f4-93f0-b38e09fecc55,9f386a74-d67c-5c64-9b18-2cb9686604ad,8a56b2bf-5d68-4806-abb7-de39894bb404:9f386a74-d67c-5c64-9b18-2cb9686604ad,parent_subtree_child,Manage Your Router > Change the admin Password,97,97,193,288,nearest_ancestor_subtree,candidate,anchor_or_parent_subtree_child
Q-038,Q-038,8a56b2bf-5d68-4806-abb7-de39894bb404:OUTLINE:f79ea7be006eeae3,8a56b2bf-5d68-4806-abb7-de39894bb404,netgear-r7000.pdf,R7000,2d707d27-8033-50f4-93f0-b38e09fecc55,33ddbb7b-7ffc-5553-bb87-9bb51750c9f2,8a56b2bf-5d68-4806-abb7-de39894bb404:33ddbb7b-7ffc-5553-bb87-9bb51750c9f2,parent_subtree_child,Manage Your Router > Enable admin Password Recovery,97,98,195,246,nearest_ancestor_subtree,candidate,anchor_or_parent_subtree_child
Q-038,Q-038,8a56b2bf-5d68-4806-abb7-de39894bb404:OUTLINE:f79ea7be006eeae3,8a56b2bf-5d68-4806-abb7-de39894bb404,netgear-r7000.pdf,R7000,2d707d27-8033-50f4-93f0-b38e09fecc55,3d20ad6e-da52-5682-a67e-3506b557634e,8a56b2bf-5d68-4806-abb7-de39894bb404:3d20ad6e-da52-5682-a67e-3506b557634e,parent_subtree_child,Manage Your Router > Recover the admin Password,98,99,197,213,nearest_ancestor_subtree,candidate,anchor_or_parent_subtree_child
Q-038,Q-038,8a56b2bf-5d68-4806-abb7-de39894bb404:OUTLINE:f79ea7be006eeae3,8a56b2bf-5d68-4806-abb7-de39894bb404,netgear-r7000.pdf,R7000,2d707d27-8033-50f4-93f0-b38e09fecc55,30e8b645-9b70-5e52-801b-a06df8aba776,8a56b2bf-5d68-4806-abb7-de39894bb404:30e8b645-9b70-5e52-801b-a06df8aba776,parent_subtree_child,Manage Your Router > View Information About the Router and the Internet and WiFi Settings,99,99,199,312,nearest_ancestor_subtree,candidate,anchor_or_parent_subtree_child
Q-038,Q-038,8a56b2bf-5d68-4806-abb7-de39894bb404:OUTLINE:f79ea7be006eeae3,8a56b2bf-5d68-4806-abb7-de39894bb404,netgear-r7000.pdf,R7000,2d707d27-8033-50f4-93f0-b38e09fecc55,0b8cd0d8-1f9c-5c69-886e-06744b09b661,8a56b2bf-5d68-4806-abb7-de39894bb404:0b8cd0d8-1f9c-5c69-886e-06744b09b661,parent_subtree_child,Manage Your Router > Display Internet Port Statistics,100,101,201,421,nearest_ancestor_subtree,candidate,anchor_or_parent_subtree_child
Q-038,Q-038,8a56b2bf-5d68-4806-abb7-de39894bb404:OUTLINE:f79ea7be006eeae3,8a56b2bf-5d68-4806-abb7-de39894bb404,netgear-r7000.pdf,R7000,2d707d27-8033-50f4-93f0-b38e09fecc55,537310b8-39d1-57ca-81f0-ddddc2ad9916,8a56b2bf-5d68-4806-abb7-de39894bb404:537310b8-39d1-57ca-81f0-ddddc2ad9916,parent_subtree_child,Manage Your Router > Check the Internet Connection Status,101,102,203,376,nearest_ancestor_subtree,candidate,anchor_or_parent_subtree_child
Q-038,Q-038,8a56b2bf-5d68-4806-abb7-de39894bb404:OUTLINE:f79ea7be006eeae3,8a56b2bf-5d68-4806-abb7-de39894bb404,netgear-r7000.pdf,R7000,2d707d27-8033-50f4-93f0-b38e09fecc55,371880ae-aa71-5a21-85f4-7420d05fd2a5,8a56b2bf-5d68-4806-abb7-de39894bb404:371880ae-aa71-5a21-85f4-7420d05fd2a5,parent_subtree_child,Manage Your Router > View and Manage Logs of Router Activity,102,102,205,407,nearest_ancestor_subtree,candidate,anchor_or_parent_subtree_child
Q-038,Q-038,8a56b2bf-5d68-4806-abb7-de39894bb404:OUTLINE:f79ea7be006eeae3,8a56b2bf-5d68-4806-abb7-de39894bb404,netgear-r7000.pdf,R7000,2d707d27-8033-50f4-93f0-b38e09fecc55,4fde9fda-1d20-5863-9a02-946cdad4d05e,8a56b2bf-5d68-4806-abb7-de39894bb404:4fde9fda-1d20-5863-9a02-946cdad4d05e,parent_subtree_child,Manage Your Router > View Devices Currently on the Network,103,103,207,270,nearest_ancestor_subtree,candidate,anchor_or_parent_subtree_child
Q-038,Q-038,8a56b2bf-5d68-4806-abb7-de39894bb404:OUTLINE:f79ea7be006eeae3,8a56b2bf-5d68-4806-abb7-de39894bb404,netgear-r7000.pdf,R7000,2d707d27-8033-50f4-93f0-b38e09fecc55,d5c81356-534d-54ed-926d-3ff260b08f2c,8a56b2bf-5d68-4806-abb7-de39894bb404:d5c81356-534d-54ed-926d-3ff260b08f2c,parent_subtree_child,Manage Your Router > Monitor Internet Traffic,103,105,209,597,nearest_ancestor_subtree,candidate,anchor_or_parent_subtree_child
Q-038,Q-038,8a56b2bf-5d68-4806-abb7-de39894bb404:OUTLINE:f79ea7be006eeae3,8a56b2bf-5d68-4806-abb7-de39894bb404,netgear-r7000.pdf,R7000,2d707d27-8033-50f4-93f0-b38e09fecc55,48daa85c-d9e5-5265-bf42-a0c7925b8190,8a56b2bf-5d68-4806-abb7-de39894bb404:48daa85c-d9e5-5265-bf42-a0c7925b8190,parent_subtree_child,Manage Your Router > Manage the Router Configuration File,105,105,211,51,nearest_ancestor_subtree,candidate,anchor_or_parent_subtree_child
Q-038,Q-038,8a56b2bf-5d68-4806-abb7-de39894bb404:OUTLINE:f79ea7be006eeae3,8a56b2bf-5d68-4806-abb7-de39894bb404,netgear-r7000.pdf,R7000,2d707d27-8033-50f4-93f0-b38e09fecc55,0058c9fc-4a38-5116-8c01-bade3d1e17eb,8a56b2bf-5d68-4806-abb7-de39894bb404:0058c9fc-4a38-5116-8c01-bade3d1e17eb,parent_subtree_child,Manage Your Router > Manage the Router Configuration File > Back Up Settings,105,105,213,177,nearest_ancestor_subtree,candidate,anchor_or_parent_subtree_child
Q-038,Q-038,8a56b2bf-5d68-4806-abb7-de39894bb404:OUTLINE:f79ea7be006eeae3,8a56b2bf-5d68-4806-abb7-de39894bb404,netgear-r7000.pdf,R7000,2d707d27-8033-50f4-93f0-b38e09fecc55,15f7c9fd-b0eb-54db-a39c-b7fe7362e944,8a56b2bf-5d68-4806-abb7-de39894bb404:15f7c9fd-b0eb-54db-a39c-b7fe7362e944,parent_subtree_child,Manage Your Router > Manage the Router Configuration File > Erase the Settings,105,106,215,249,nearest_ancestor_subtree,candidate,anchor_or_parent_subtree_child
Q-038,Q-038,8a56b2bf-5d68-4806-abb7-de39894bb404:OUTLINE:f79ea7be006eeae3,8a56b2bf-5d68-4806-abb7-de39894bb404,netgear-r7000.pdf,R7000,2d707d27-8033-50f4-93f0-b38e09fecc55,fb23ab13-e522-5a5c-a80f-07d1721bf673,8a56b2bf-5d68-4806-abb7-de39894bb404:fb23ab13-e522-5a5c-a80f-07d1721bf673,parent_subtree_child,Manage Your Router > Manage the Router Configuration File > Restore Configuration Settings,106,106,217,190,nearest_ancestor_subtree,candidate,anchor_or_parent_subtree_child
Q-038,Q-038,8a56b2bf-5d68-4806-abb7-de39894bb404:OUTLINE:f79ea7be006eeae3,8a56b2bf-5d68-4806-abb7-de39894bb404,netgear-r7000.pdf,R7000,2d707d27-8033-50f4-93f0-b38e09fecc55,15938877-47a1-57e0-a802-c88e283ff497,8a56b2bf-5d68-4806-abb7-de39894bb404:15938877-47a1-57e0-a802-c88e283ff497,parent_subtree_child,Manage Your Router > Remote Access,107,107,219,109,nearest_ancestor_subtree,candidate,anchor_or_parent_subtree_child
Q-038,Q-038,8a56b2bf-5d68-4806-abb7-de39894bb404:OUTLINE:f79ea7be006eeae3,8a56b2bf-5d68-4806-abb7-de39894bb404,netgear-r7000.pdf,R7000,2d707d27-8033-50f4-93f0-b38e09fecc55,79d677ad-2fef-50d3-92dd-c07a6df0f14e,8a56b2bf-5d68-4806-abb7-de39894bb404:79d677ad-2fef-50d3-92dd-c07a6df0f14e,parent_subtree_child,Manage Your Router > Remote Access > Set Up Remote Management,107,108,221,404,nearest_ancestor_subtree,candidate,anchor_or_parent_subtree_child
Q-038,Q-038,8a56b2bf-5d68-4806-abb7-de39894bb404:OUTLINE:f79ea7be006eeae3,8a56b2bf-5d68-4806-abb7-de39894bb404,netgear-r7000.pdf,R7000,2d707d27-8033-50f4-93f0-b38e09fecc55,c63a4385-d5ca-500b-bb85-d656176fdbe2,8a56b2bf-5d68-4806-abb7-de39894bb404:c63a4385-d5ca-500b-bb85-d656176fdbe2,parent_subtree_child,Manage Your Router > Remote Access > Use Remote Access,108,108,223,93,nearest_ancestor_subtree,candidate,anchor_or_parent_subtree_child
Q-038,Q-038,8a56b2bf-5d68-4806-abb7-de39894bb404:OUTLINE:f79ea7be006eeae3,8a56b2bf-5d68-4806-abb7-de39894bb404,netgear-r7000.pdf,R7000,2d707d27-8033-50f4-93f0-b38e09fecc55,3f306a13-214d-57c4-b574-305bbbb1be9f,8a56b2bf-5d68-4806-abb7-de39894bb404:3f306a13-214d-57c4-b574-305bbbb1be9f,parent_subtree_child,Manage Your Router > Remotely Access Your Router Using the Nighthawk App,108,108,225,114,nearest_ancestor_subtree,candidate,anchor_or_parent_subtree_child
Q-038,Q-038,8a56b2bf-5d68-4806-abb7-de39894bb404:OUTLINE:f79ea7be006eeae3,8a56b2bf-5d68-4806-abb7-de39894bb404,netgear-r7000.pdf,R7000,2d707d27-8033-50f4-93f0-b38e09fecc55,1c40ca01-cec5-54da-afba-778a40ee02dc,8a56b2bf-5d68-4806-abb7-de39894bb404:1c40ca01-cec5-54da-afba-778a40ee02dc,parent_subtree_child,Manage Your Router > Disable LED Blinking or Turn Off LEDs,109,109,227,260,nearest_ancestor_subtree,candidate,anchor_or_parent_subtree_child
Q-038,Q-038,8a56b2bf-5d68-4806-abb7-de39894bb404:OUTLINE:f79ea7be006eeae3,8a56b2bf-5d68-4806-abb7-de39894bb404,netgear-r7000.pdf,R7000,2d707d27-8033-50f4-93f0-b38e09fecc55,1c87234f-8aff-560c-8028-20099626deb5,8a56b2bf-5d68-4806-abb7-de39894bb404:1c87234f-8aff-560c-8028-20099626deb5,parent_subtree_child,Manage Your Router > Set Your Time Zone,109,110,229,186,nearest_ancestor_subtree,candidate,anchor_or_parent_subtree_child
Q-038,Q-038,8a56b2bf-5d68-4806-abb7-de39894bb404:OUTLINE:f79ea7be006eeae3,8a56b2bf-5d68-4806-abb7-de39894bb404,netgear-r7000.pdf,R7000,2d707d27-8033-50f4-93f0-b38e09fecc55,d4980606-c8d1-5aca-adbe-96e35254c9e1,8a56b2bf-5d68-4806-abb7-de39894bb404:d4980606-c8d1-5aca-adbe-96e35254c9e1,anchor,Manage Your Router > Change the NTP Server,110,110,231,221,nearest_ancestor_subtree,candidate,anchor_or_parent_subtree_child
Q-038,Q-038,8a56b2bf-5d68-4806-abb7-de39894bb404:OUTLINE:f79ea7be006eeae3,8a56b2bf-5d68-4806-abb7-de39894bb404,netgear-r7000.pdf,R7000,2d707d27-8033-50f4-93f0-b38e09fecc55,4a7ee9fc-bd61-58c5-a574-8ef8a7105b3e,8a56b2bf-5d68-4806-abb7-de39894bb404:4a7ee9fc-bd61-58c5-a574-8ef8a7105b3e,parent_subtree_child,Manage Your Router > Return the Router to Its Factory Default Settings,111,111,233,227,nearest_ancestor_subtree,candidate,anchor_or_parent_subtree_child
Q-038,Q-038,8a56b2bf-5d68-4806-abb7-de39894bb404:OUTLINE:f79ea7be006eeae3,8a56b2bf-5d68-4806-abb7-de39894bb404,netgear-r7000.pdf,R7000,2d707d27-8033-50f4-93f0-b38e09fecc55,0a257dcc-14da-5a65-8bbb-86278eb6021d,8a56b2bf-5d68-4806-abb7-de39894bb404:0a257dcc-14da-5a65-8bbb-86278eb6021d,parent_subtree_child,Manage Your Router > Return the Router to Its Factory Default Settings > Use the Reset Button,111,111,235,181,nearest_ancestor_subtree,candidate,anchor_or_parent_subtree_child
Q-038,Q-038,8a56b2bf-5d68-4806-abb7-de39894bb404:OUTLINE:f79ea7be006eeae3,8a56b2bf-5d68-4806-abb7-de39894bb404,netgear-r7000.pdf,R7000,2d707d27-8033-50f4-93f0-b38e09fecc55,08c13974-10e3-5210-9032-0e3def519062,8a56b2bf-5d68-4806-abb7-de39894bb404:08c13974-10e3-5210-9032-0e3def519062,parent_subtree_child,Manage Your Router > Return the Router to Its Factory Default Settings > Erase the Settings,111,112,237,249,nearest_ancestor_subtree,candidate,anchor_or_parent_subtree_child
Q-039,Q-039,8a56b2bf-5d68-4806-abb7-de39894bb404:OUTLINE:6cca2b13d46fd9ff,8a56b2bf-5d68-4806-abb7-de39894bb404,netgear-r7000.pdf,R7000,37a80fed-d713-525a-887a-d44d9399aea0,79494ce8-c4ac-59d5-8749-610b1f812b1a,8a56b2bf-5d68-4806-abb7-de39894bb404:79494ce8-c4ac-59d5-8749-610b1f812b1a,parent_subtree_child,Use Dynamic DNS to Access USB Storage Devices Through the Internet,129,129,281,108,nearest_ancestor_subtree,candidate,anchor_or_parent_subtree_child
Q-039,Q-039,8a56b2bf-5d68-4806-abb7-de39894bb404:OUTLINE:6cca2b13d46fd9ff,8a56b2bf-5d68-4806-abb7-de39894bb404,netgear-r7000.pdf,R7000,37a80fed-d713-525a-887a-d44d9399aea0,0cd60313-0ac6-5467-b3c5-3f1740db1866,8a56b2bf-5d68-4806-abb7-de39894bb404:0cd60313-0ac6-5467-b3c5-3f1740db1866,parent_subtree_child,Use Dynamic DNS to Access USB Storage Devices Through the Internet > Set Up and Manage Dynamic DNS,130,130,283,242,nearest_ancestor_subtree,candidate,anchor_or_parent_subtree_child
Q-039,Q-039,8a56b2bf-5d68-4806-abb7-de39894bb404:OUTLINE:6cca2b13d46fd9ff,8a56b2bf-5d68-4806-abb7-de39894bb404,netgear-r7000.pdf,R7000,37a80fed-d713-525a-887a-d44d9399aea0,7bc54898-3a09-5f69-a7a4-3aef1cc99047,8a56b2bf-5d68-4806-abb7-de39894bb404:7bc54898-3a09-5f69-a7a4-3aef1cc99047,parent_subtree_child,Use Dynamic DNS to Access USB Storage Devices Through the Internet > Set Up FTP Access Through the Internet,130,131,285,252,nearest_ancestor_subtree,candidate,anchor_or_parent_subtree_child
Q-039,Q-039,8a56b2bf-5d68-4806-abb7-de39894bb404:OUTLINE:6cca2b13d46fd9ff,8a56b2bf-5d68-4806-abb7-de39894bb404,netgear-r7000.pdf,R7000,37a80fed-d713-525a-887a-d44d9399aea0,c449d4a3-a21d-5762-b3c7-c666e466be8c,8a56b2bf-5d68-4806-abb7-de39894bb404:c449d4a3-a21d-5762-b3c7-c666e466be8c,parent_subtree_child,Use Dynamic DNS to Access USB Storage Devices Through the Internet > Your Personal FTP Server,131,131,287,111,nearest_ancestor_subtree,candidate,anchor_or_parent_subtree_child
Q-039,Q-039,8a56b2bf-5d68-4806-abb7-de39894bb404:OUTLINE:6cca2b13d46fd9ff,8a56b2bf-5d68-4806-abb7-de39894bb404,netgear-r7000.pdf,R7000,37a80fed-d713-525a-887a-d44d9399aea0,6c16af8f-3eed-550c-ad09-044555f44402,8a56b2bf-5d68-4806-abb7-de39894bb404:6c16af8f-3eed-550c-ad09-044555f44402,parent_subtree_child,Use Dynamic DNS to Access USB Storage Devices Through the Internet > Your Personal FTP Server > Set Up Your Personal FTP Server,131,132,289,242,nearest_ancestor_subtree,candidate,anchor_or_parent_subtree_child
Q-039,Q-039,8a56b2bf-5d68-4806-abb7-de39894bb404:OUTLINE:6cca2b13d46fd9ff,8a56b2bf-5d68-4806-abb7-de39894bb404,netgear-r7000.pdf,R7000,37a80fed-d713-525a-887a-d44d9399aea0,783c82c2-918a-5720-bef4-85781ad2af99,8a56b2bf-5d68-4806-abb7-de39894bb404:783c82c2-918a-5720-bef4-85781ad2af99,parent_subtree_child,Use Dynamic DNS to Access USB Storage Devices Through the Internet > Your Personal FTP Server > Set Up a New Dynamic DNS Account,132,132,291,318,nearest_ancestor_subtree,candidate,anchor_or_parent_subtree_child
Q-039,Q-039,8a56b2bf-5d68-4806-abb7-de39894bb404:OUTLINE:6cca2b13d46fd9ff,8a56b2bf-5d68-4806-abb7-de39894bb404,netgear-r7000.pdf,R7000,37a80fed-d713-525a-887a-d44d9399aea0,72afea68-baba-54a3-8d60-6ee23d92fdb6,8a56b2bf-5d68-4806-abb7-de39894bb404:72afea68-baba-54a3-8d60-6ee23d92fdb6,parent_subtree_child,Use Dynamic DNS to Access USB Storage Devices Through the Internet > Your Personal FTP Server > Specify a DNS Account That You Already Created,132,133,293,375,nearest_ancestor_subtree,candidate,anchor_or_parent_subtree_child
Q-039,Q-039,8a56b2bf-5d68-4806-abb7-de39894bb404:OUTLINE:6cca2b13d46fd9ff,8a56b2bf-5d68-4806-abb7-de39894bb404,netgear-r7000.pdf,R7000,37a80fed-d713-525a-887a-d44d9399aea0,7e090661-6e52-5e1b-9b1e-3efc302a53dd,8a56b2bf-5d68-4806-abb7-de39894bb404:7e090661-6e52-5e1b-9b1e-3efc302a53dd,parent_subtree_child,Use Dynamic DNS to Access USB Storage Devices Through the Internet > Your Personal FTP Server > Change the Dynamic DNS Settings,133,134,295,169,nearest_ancestor_subtree,candidate,anchor_or_parent_subtree_child
Q-039,Q-039,8a56b2bf-5d68-4806-abb7-de39894bb404:OUTLINE:6cca2b13d46fd9ff,8a56b2bf-5d68-4806-abb7-de39894bb404,netgear-r7000.pdf,R7000,37a80fed-d713-525a-887a-d44d9399aea0,af255485-98d7-59f8-94db-806fd6280e64,8a56b2bf-5d68-4806-abb7-de39894bb404:af255485-98d7-59f8-94db-806fd6280e64,anchor,Use Dynamic DNS to Access USB Storage Devices Through the Internet > Access USB Storage Devices Through the Internet,135,135,297,162,nearest_ancestor_subtree,candidate,anchor_or_parent_subtree_child
Q-039,Q-039,8a56b2bf-5d68-4806-abb7-de39894bb404:OUTLINE:6cca2b13d46fd9ff,8a56b2bf-5d68-4806-abb7-de39894bb404,netgear-r7000.pdf,R7000,37a80fed-d713-525a-887a-d44d9399aea0,305c7a86-7148-51b1-9c58-9999fae9c9ee,8a56b2bf-5d68-4806-abb7-de39894bb404:305c7a86-7148-51b1-9c58-9999fae9c9ee,parent_subtree_child,Use Dynamic DNS to Access USB Storage Devices Through the Internet > Remotely Access a USB Device Using ReadyCLOUD,135,135,299,129,nearest_ancestor_subtree,candidate,anchor_or_parent_subtree_child
Q-039,Q-039,8a56b2bf-5d68-4806-abb7-de39894bb404:OUTLINE:6cca2b13d46fd9ff,8a56b2bf-5d68-4806-abb7-de39894bb404,netgear-r7000.pdf,R7000,37a80fed-d713-525a-887a-d44d9399aea0,89cf7641-ad76-514d-a38e-ff036b200250,8a56b2bf-5d68-4806-abb7-de39894bb404:89cf7641-ad76-514d-a38e-ff036b200250,parent_subtree_child,Use Dynamic DNS to Access USB Storage Devices Through the Internet > Remotely Access a USB Device Using ReadyCLOUD > Create a ReadyCLOUD Account,135,136,301,124,nearest_ancestor_subtree,candidate,anchor_or_parent_subtree_child
Q-039,Q-039,8a56b2bf-5d68-4806-abb7-de39894bb404:OUTLINE:6cca2b13d46fd9ff,8a56b2bf-5d68-4806-abb7-de39894bb404,netgear-r7000.pdf,R7000,37a80fed-d713-525a-887a-d44d9399aea0,e2441363-6c2a-53a1-bc5f-70f736213984,8a56b2bf-5d68-4806-abb7-de39894bb404:e2441363-6c2a-53a1-bc5f-70f736213984,parent_subtree_child,Use Dynamic DNS to Access USB Storage Devices Through the Internet > Remotely Access a USB Device Using ReadyCLOUD > Register Your Router With ReadyCLOUD,136,137,303,466,nearest_ancestor_subtree,candidate,anchor_or_parent_subtree_child
Q-040,Q-040,8a56b2bf-5d68-4806-abb7-de39894bb404:OUTLINE:0fc676a3a4479418,8a56b2bf-5d68-4806-abb7-de39894bb404,netgear-r7000.pdf,R7000,b03ee186-9ce5-59c8-9146-92b416f48b49,305c7a86-7148-51b1-9c58-9999fae9c9ee,8a56b2bf-5d68-4806-abb7-de39894bb404:305c7a86-7148-51b1-9c58-9999fae9c9ee,parent_subtree_child,Use Dynamic DNS to Access USB Storage Devices Through the Internet > Remotely Access a USB Device Using ReadyCLOUD,135,135,299,129,nearest_ancestor_subtree,candidate,anchor_or_parent_subtree_child
Q-040,Q-040,8a56b2bf-5d68-4806-abb7-de39894bb404:OUTLINE:0fc676a3a4479418,8a56b2bf-5d68-4806-abb7-de39894bb404,netgear-r7000.pdf,R7000,b03ee186-9ce5-59c8-9146-92b416f48b49,89cf7641-ad76-514d-a38e-ff036b200250,8a56b2bf-5d68-4806-abb7-de39894bb404:89cf7641-ad76-514d-a38e-ff036b200250,anchor,Use Dynamic DNS to Access USB Storage Devices Through the Internet > Remotely Access a USB Device Using ReadyCLOUD > Create a ReadyCLOUD Account,135,136,301,124,nearest_ancestor_subtree,candidate,anchor_or_parent_subtree_child
Q-040,Q-040,8a56b2bf-5d68-4806-abb7-de39894bb404:OUTLINE:0fc676a3a4479418,8a56b2bf-5d68-4806-abb7-de39894bb404,netgear-r7000.pdf,R7000,b03ee186-9ce5-59c8-9146-92b416f48b49,e2441363-6c2a-53a1-bc5f-70f736213984,8a56b2bf-5d68-4806-abb7-de39894bb404:e2441363-6c2a-53a1-bc5f-70f736213984,parent_subtree_child,Use Dynamic DNS to Access USB Storage Devices Through the Internet > Remotely Access a USB Device Using ReadyCLOUD > Register Your Router With ReadyCLOUD,136,137,303,466,nearest_ancestor_subtree,candidate,anchor_or_parent_subtree_child
Q-041,Q-041,8a56b2bf-5d68-4806-abb7-de39894bb404:OUTLINE:fdf9a6339ff3dcd8,8a56b2bf-5d68-4806-abb7-de39894bb404,netgear-r7000.pdf,R7000,9c0c7e2d-bb95-5c93-a39c-8e3d1a62d145,aa1a9020-2d26-56b6-b111-03a8e5731486,8a56b2bf-5d68-4806-abb7-de39894bb404:aa1a9020-2d26-56b6-b111-03a8e5731486,parent_subtree_child,Use VPN to Access Your Network > Install OpenVPN Software,151,151,335,40,nearest_ancestor_subtree,candidate,anchor_or_parent_subtree_child
Q-041,Q-041,8a56b2bf-5d68-4806-abb7-de39894bb404:OUTLINE:fdf9a6339ff3dcd8,8a56b2bf-5d68-4806-abb7-de39894bb404,netgear-r7000.pdf,R7000,9c0c7e2d-bb95-5c93-a39c-8e3d1a62d145,7205e289-143e-5d7a-b0e3-98318973bd06,8a56b2bf-5d68-4806-abb7-de39894bb404:7205e289-143e-5d7a-b0e3-98318973bd06,parent_subtree_child,Use VPN to Access Your Network > Install OpenVPN Software > Install OpenVPN Software on Your Windows Computer,151,154,337,671,nearest_ancestor_subtree,candidate,anchor_or_parent_subtree_child
Q-041,Q-041,8a56b2bf-5d68-4806-abb7-de39894bb404:OUTLINE:fdf9a6339ff3dcd8,8a56b2bf-5d68-4806-abb7-de39894bb404,netgear-r7000.pdf,R7000,9c0c7e2d-bb95-5c93-a39c-8e3d1a62d145,9aea813e-9538-5545-94b8-851fef0dcd46,8a56b2bf-5d68-4806-abb7-de39894bb404:9aea813e-9538-5545-94b8-851fef0dcd46,parent_subtree_child,Use VPN to Access Your Network > Install OpenVPN Software > Install OpenVPN Software on Your Mac Computer,154,154,339,361,nearest_ancestor_subtree,candidate,anchor_or_parent_subtree_child
Q-041,Q-041,8a56b2bf-5d68-4806-abb7-de39894bb404:OUTLINE:fdf9a6339ff3dcd8,8a56b2bf-5d68-4806-abb7-de39894bb404,netgear-r7000.pdf,R7000,9c0c7e2d-bb95-5c93-a39c-8e3d1a62d145,0cff8f5c-96b8-5d33-9c11-37f93f8300fb,8a56b2bf-5d68-4806-abb7-de39894bb404:0cff8f5c-96b8-5d33-9c11-37f93f8300fb,anchor,Use VPN to Access Your Network > Install OpenVPN Software > Install OpenVPN Software on an iOS Device,155,155,341,338,nearest_ancestor_subtree,candidate,anchor_or_parent_subtree_child
Q-041,Q-041,8a56b2bf-5d68-4806-abb7-de39894bb404:OUTLINE:fdf9a6339ff3dcd8,8a56b2bf-5d68-4806-abb7-de39894bb404,netgear-r7000.pdf,R7000,9c0c7e2d-bb95-5c93-a39c-8e3d1a62d145,78784e2f-4898-5bb5-ad02-7914dc839be1,8a56b2bf-5d68-4806-abb7-de39894bb404:78784e2f-4898-5bb5-ad02-7914dc839be1,parent_subtree_child,Use VPN to Access Your Network > Install OpenVPN Software > Install OpenVPN Software on an Android Device,155,156,343,339,nearest_ancestor_subtree,candidate,anchor_or_parent_subtree_child
Q-042,Q-042,8a56b2bf-5d68-4806-abb7-de39894bb404:OUTLINE:59222463e26d1879,8a56b2bf-5d68-4806-abb7-de39894bb404,netgear-r7000.pdf,R7000,5a8320d6-d360-5340-b2c6-6e3eda41e137,1ff7cec6-00b2-5c38-afad-422b03cea259,8a56b2bf-5d68-4806-abb7-de39894bb404:1ff7cec6-00b2-5c38-afad-422b03cea259,parent_subtree_child,Troubleshooting > Quick Tips,172,172,383,18,nearest_ancestor_subtree,candidate,anchor_or_parent_subtree_child
Q-042,Q-042,8a56b2bf-5d68-4806-abb7-de39894bb404:OUTLINE:59222463e26d1879,8a56b2bf-5d68-4806-abb7-de39894bb404,netgear-r7000.pdf,R7000,5a8320d6-d360-5340-b2c6-6e3eda41e137,f2289449-f54e-5af6-8243-762118ef305b,8a56b2bf-5d68-4806-abb7-de39894bb404:f2289449-f54e-5af6-8243-762118ef305b,anchor,Troubleshooting > Quick Tips > Sequence to Restart Your Network,172,172,385,53,nearest_ancestor_subtree,candidate,anchor_or_parent_subtree_child
Q-042,Q-042,8a56b2bf-5d68-4806-abb7-de39894bb404:OUTLINE:59222463e26d1879,8a56b2bf-5d68-4806-abb7-de39894bb404,netgear-r7000.pdf,R7000,5a8320d6-d360-5340-b2c6-6e3eda41e137,0840bab1-67d6-5c6c-b00f-e0a82dee63b9,8a56b2bf-5d68-4806-abb7-de39894bb404:0840bab1-67d6-5c6c-b00f-e0a82dee63b9,parent_subtree_child,Troubleshooting > Quick Tips > Check Ethernet Cable Connections,172,172,387,99,nearest_ancestor_subtree,candidate,anchor_or_parent_subtree_child
Q-042,Q-042,8a56b2bf-5d68-4806-abb7-de39894bb404:OUTLINE:59222463e26d1879,8a56b2bf-5d68-4806-abb7-de39894bb404,netgear-r7000.pdf,R7000,5a8320d6-d360-5340-b2c6-6e3eda41e137,33e10a89-cd52-5aa3-a20c-b5fe9e6472da,8a56b2bf-5d68-4806-abb7-de39894bb404:33e10a89-cd52-5aa3-a20c-b5fe9e6472da,parent_subtree_child,Troubleshooting > Quick Tips > WiFi Settings,172,172,389,82,nearest_ancestor_subtree,candidate,anchor_or_parent_subtree_child
Q-042,Q-042,8a56b2bf-5d68-4806-abb7-de39894bb404:OUTLINE:59222463e26d1879,8a56b2bf-5d68-4806-abb7-de39894bb404,netgear-r7000.pdf,R7000,5a8320d6-d360-5340-b2c6-6e3eda41e137,00ed8214-8d2c-546c-8a19-5ddae5a1e440,8a56b2bf-5d68-4806-abb7-de39894bb404:00ed8214-8d2c-546c-8a19-5ddae5a1e440,parent_subtree_child,Troubleshooting > Quick Tips > Network Settings,172,172,391,117,nearest_ancestor_subtree,candidate,anchor_or_parent_subtree_child
Q-043,Q-043,8a56b2bf-5d68-4806-abb7-de39894bb404:OUTLINE:2be192fda8a4722e,8a56b2bf-5d68-4806-abb7-de39894bb404,netgear-r7000.pdf,R7000,62e08dd1-2884-5007-8830-3575060bedea,ed2188f2-393c-5238-abb1-9ba4013bd948,8a56b2bf-5d68-4806-abb7-de39894bb404:ed2188f2-393c-5238-abb1-9ba4013bd948,parent_subtree_child,Troubleshooting,171,171,381,136,nearest_ancestor_subtree,candidate,anchor_or_parent_subtree_child
Q-043,Q-043,8a56b2bf-5d68-4806-abb7-de39894bb404:OUTLINE:2be192fda8a4722e,8a56b2bf-5d68-4806-abb7-de39894bb404,netgear-r7000.pdf,R7000,62e08dd1-2884-5007-8830-3575060bedea,1ff7cec6-00b2-5c38-afad-422b03cea259,8a56b2bf-5d68-4806-abb7-de39894bb404:1ff7cec6-00b2-5c38-afad-422b03cea259,parent_subtree_child,Troubleshooting > Quick Tips,172,172,383,18,nearest_ancestor_subtree,candidate,anchor_or_parent_subtree_child
Q-043,Q-043,8a56b2bf-5d68-4806-abb7-de39894bb404:OUTLINE:2be192fda8a4722e,8a56b2bf-5d68-4806-abb7-de39894bb404,netgear-r7000.pdf,R7000,62e08dd1-2884-5007-8830-3575060bedea,f2289449-f54e-5af6-8243-762118ef305b,8a56b2bf-5d68-4806-abb7-de39894bb404:f2289449-f54e-5af6-8243-762118ef305b,parent_subtree_child,Troubleshooting > Quick Tips > Sequence to Restart Your Network,172,172,385,53,nearest_ancestor_subtree,candidate,anchor_or_parent_subtree_child
Q-043,Q-043,8a56b2bf-5d68-4806-abb7-de39894bb404:OUTLINE:2be192fda8a4722e,8a56b2bf-5d68-4806-abb7-de39894bb404,netgear-r7000.pdf,R7000,62e08dd1-2884-5007-8830-3575060bedea,0840bab1-67d6-5c6c-b00f-e0a82dee63b9,8a56b2bf-5d68-4806-abb7-de39894bb404:0840bab1-67d6-5c6c-b00f-e0a82dee63b9,parent_subtree_child,Troubleshooting > Quick Tips > Check Ethernet Cable Connections,172,172,387,99,nearest_ancestor_subtree,candidate,anchor_or_parent_subtree_child
Q-043,Q-043,8a56b2bf-5d68-4806-abb7-de39894bb404:OUTLINE:2be192fda8a4722e,8a56b2bf-5d68-4806-abb7-de39894bb404,netgear-r7000.pdf,R7000,62e08dd1-2884-5007-8830-3575060bedea,33e10a89-cd52-5aa3-a20c-b5fe9e6472da,8a56b2bf-5d68-4806-abb7-de39894bb404:33e10a89-cd52-5aa3-a20c-b5fe9e6472da,parent_subtree_child,Troubleshooting > Quick Tips > WiFi Settings,172,172,389,82,nearest_ancestor_subtree,candidate,anchor_or_parent_subtree_child
Q-043,Q-043,8a56b2bf-5d68-4806-abb7-de39894bb404:OUTLINE:2be192fda8a4722e,8a56b2bf-5d68-4806-abb7-de39894bb404,netgear-r7000.pdf,R7000,62e08dd1-2884-5007-8830-3575060bedea,00ed8214-8d2c-546c-8a19-5ddae5a1e440,8a56b2bf-5d68-4806-abb7-de39894bb404:00ed8214-8d2c-546c-8a19-5ddae5a1e440,parent_subtree_child,Troubleshooting > Quick Tips > Network Settings,172,172,391,117,nearest_ancestor_subtree,candidate,anchor_or_parent_subtree_child
Q-043,Q-043,8a56b2bf-5d68-4806-abb7-de39894bb404:OUTLINE:2be192fda8a4722e,8a56b2bf-5d68-4806-abb7-de39894bb404,netgear-r7000.pdf,R7000,62e08dd1-2884-5007-8830-3575060bedea,3994b521-6329-54d9-a6df-42d07c296289,8a56b2bf-5d68-4806-abb7-de39894bb404:3994b521-6329-54d9-a6df-42d07c296289,parent_subtree_child,Troubleshooting > Troubleshoot With the LEDs,173,173,393,15,nearest_ancestor_subtree,candidate,anchor_or_parent_subtree_child
Q-043,Q-043,8a56b2bf-5d68-4806-abb7-de39894bb404:OUTLINE:2be192fda8a4722e,8a56b2bf-5d68-4806-abb7-de39894bb404,netgear-r7000.pdf,R7000,62e08dd1-2884-5007-8830-3575060bedea,262ff6ae-df0c-585e-bed0-094aea4c3092,8a56b2bf-5d68-4806-abb7-de39894bb404:262ff6ae-df0c-585e-bed0-094aea4c3092,parent_subtree_child,Troubleshooting > Troubleshoot With the LEDs > Standard LED Behavior When the Router Is Powered On,173,173,395,99,nearest_ancestor_subtree,candidate,anchor_or_parent_subtree_child
Q-043,Q-043,8a56b2bf-5d68-4806-abb7-de39894bb404:OUTLINE:2be192fda8a4722e,8a56b2bf-5d68-4806-abb7-de39894bb404,netgear-r7000.pdf,R7000,62e08dd1-2884-5007-8830-3575060bedea,05565fdc-4481-5012-b515-85773c42fccd,8a56b2bf-5d68-4806-abb7-de39894bb404:05565fdc-4481-5012-b515-85773c42fccd,parent_subtree_child,Troubleshooting > Troubleshoot With the LEDs > Power LED Is Off or Blinking,173,173,397,170,nearest_ancestor_subtree,candidate,anchor_or_parent_subtree_child
Q-043,Q-043,8a56b2bf-5d68-4806-abb7-de39894bb404:OUTLINE:2be192fda8a4722e,8a56b2bf-5d68-4806-abb7-de39894bb404,netgear-r7000.pdf,R7000,62e08dd1-2884-5007-8830-3575060bedea,0a809305-5da5-5901-8135-99733f3bd166,8a56b2bf-5d68-4806-abb7-de39894bb404:0a809305-5da5-5901-8135-99733f3bd166,parent_subtree_child,Troubleshooting > Troubleshoot With the LEDs > LEDs Never Turn Off,173,174,399,126,nearest_ancestor_subtree,candidate,anchor_or_parent_subtree_child
Q-043,Q-043,8a56b2bf-5d68-4806-abb7-de39894bb404:OUTLINE:2be192fda8a4722e,8a56b2bf-5d68-4806-abb7-de39894bb404,netgear-r7000.pdf,R7000,62e08dd1-2884-5007-8830-3575060bedea,3ef604e9-bf42-56e2-a7f3-e5a73e8a700f,8a56b2bf-5d68-4806-abb7-de39894bb404:3ef604e9-bf42-56e2-a7f3-e5a73e8a700f,parent_subtree_child,Troubleshooting > Troubleshoot With the LEDs > Internet or Ethernet Port LEDs Are Off,174,174,401,137,nearest_ancestor_subtree,candidate,anchor_or_parent_subtree_child
Q-043,Q-043,8a56b2bf-5d68-4806-abb7-de39894bb404:OUTLINE:2be192fda8a4722e,8a56b2bf-5d68-4806-abb7-de39894bb404,netgear-r7000.pdf,R7000,62e08dd1-2884-5007-8830-3575060bedea,fd663dc5-9f58-5491-869d-92ac729b08ca,8a56b2bf-5d68-4806-abb7-de39894bb404:fd663dc5-9f58-5491-869d-92ac729b08ca,parent_subtree_child,Troubleshooting > Troubleshoot With the LEDs > WiFi LED Is Off,174,174,403,54,nearest_ancestor_subtree,candidate,anchor_or_parent_subtree_child
Q-043,Q-043,8a56b2bf-5d68-4806-abb7-de39894bb404:OUTLINE:2be192fda8a4722e,8a56b2bf-5d68-4806-abb7-de39894bb404,netgear-r7000.pdf,R7000,62e08dd1-2884-5007-8830-3575060bedea,bfc17abb-eabf-550d-9891-8823239edd5b,8a56b2bf-5d68-4806-abb7-de39894bb404:bfc17abb-eabf-550d-9891-8823239edd5b,parent_subtree_child,Troubleshooting > You Cannot Log In to the Router,174,175,405,426,nearest_ancestor_subtree,candidate,anchor_or_parent_subtree_child
Q-043,Q-043,8a56b2bf-5d68-4806-abb7-de39894bb404:OUTLINE:2be192fda8a4722e,8a56b2bf-5d68-4806-abb7-de39894bb404,netgear-r7000.pdf,R7000,62e08dd1-2884-5007-8830-3575060bedea,cc64f649-2eb6-5146-b773-78a986679fff,8a56b2bf-5d68-4806-abb7-de39894bb404:cc64f649-2eb6-5146-b773-78a986679fff,parent_subtree_child,Troubleshooting > You Cannot Access the Internet,175,176,407,823,nearest_ancestor_subtree,candidate,anchor_or_parent_subtree_child
Q-043,Q-043,8a56b2bf-5d68-4806-abb7-de39894bb404:OUTLINE:2be192fda8a4722e,8a56b2bf-5d68-4806-abb7-de39894bb404,netgear-r7000.pdf,R7000,62e08dd1-2884-5007-8830-3575060bedea,fcc1bfb7-bf15-5031-b6f5-77b4b1a780a0,8a56b2bf-5d68-4806-abb7-de39894bb404:fcc1bfb7-bf15-5031-b6f5-77b4b1a780a0,parent_subtree_child,Troubleshooting > Troubleshoot Internet Browsing,176,177,409,379,nearest_ancestor_subtree,candidate,anchor_or_parent_subtree_child
Q-043,Q-043,8a56b2bf-5d68-4806-abb7-de39894bb404:OUTLINE:2be192fda8a4722e,8a56b2bf-5d68-4806-abb7-de39894bb404,netgear-r7000.pdf,R7000,62e08dd1-2884-5007-8830-3575060bedea,f734ce15-6ddb-5765-9867-96cc53a05040,8a56b2bf-5d68-4806-abb7-de39894bb404:f734ce15-6ddb-5765-9867-96cc53a05040,parent_subtree_child,Troubleshooting > Changes Are Not Saved,177,177,411,101,nearest_ancestor_subtree,candidate,anchor_or_parent_subtree_child
Q-043,Q-043,8a56b2bf-5d68-4806-abb7-de39894bb404:OUTLINE:2be192fda8a4722e,8a56b2bf-5d68-4806-abb7-de39894bb404,netgear-r7000.pdf,R7000,62e08dd1-2884-5007-8830-3575060bedea,65aa662f-9473-5c74-b996-74e7f545f09c,8a56b2bf-5d68-4806-abb7-de39894bb404:65aa662f-9473-5c74-b996-74e7f545f09c,anchor,Troubleshooting > Troubleshoot WiFi Connectivity,177,178,413,307,nearest_ancestor_subtree,candidate,anchor_or_parent_subtree_child
Q-043,Q-043,8a56b2bf-5d68-4806-abb7-de39894bb404:OUTLINE:2be192fda8a4722e,8a56b2bf-5d68-4806-abb7-de39894bb404,netgear-r7000.pdf,R7000,62e08dd1-2884-5007-8830-3575060bedea,9c575d10-7b9c-5fb3-ba20-b369060e41f6,8a56b2bf-5d68-4806-abb7-de39894bb404:9c575d10-7b9c-5fb3-ba20-b369060e41f6,parent_subtree_child,Troubleshooting > Troubleshoot Your Network Using the Ping Utility,178,178,415,64,nearest_ancestor_subtree,candidate,anchor_or_parent_subtree_child
Q-043,Q-043,8a56b2bf-5d68-4806-abb7-de39894bb404:OUTLINE:2be192fda8a4722e,8a56b2bf-5d68-4806-abb7-de39894bb404,netgear-r7000.pdf,R7000,62e08dd1-2884-5007-8830-3575060bedea,4211a1a2-59d1-5309-b819-4df2e2e2dcaf,8a56b2bf-5d68-4806-abb7-de39894bb404:4211a1a2-59d1-5309-b819-4df2e2e2dcaf,parent_subtree_child,Troubleshooting > Troubleshoot Your Network Using the Ping Utility > Test the LAN Path to Your Router,178,179,417,351,nearest_ancestor_subtree,candidate,anchor_or_parent_subtree_child
Q-043,Q-043,8a56b2bf-5d68-4806-abb7-de39894bb404:OUTLINE:2be192fda8a4722e,8a56b2bf-5d68-4806-abb7-de39894bb404,netgear-r7000.pdf,R7000,62e08dd1-2884-5007-8830-3575060bedea,57e4bd0c-1f9c-5965-be15-b5de64a53388,8a56b2bf-5d68-4806-abb7-de39894bb404:57e4bd0c-1f9c-5965-be15-b5de64a53388,parent_subtree_child,Troubleshooting > Troubleshoot Your Network Using the Ping Utility > Test the Path From a Windows-Based Computer to a Remote Device,179,180,419,395,nearest_ancestor_subtree,candidate,anchor_or_parent_subtree_child
Q-044,Q-044,d69381d0-06ed-49bf-9fe1-6050d9374432:OUTLINE:89ac3ac6d4a7bbea,d69381d0-06ed-49bf-9fe1-6050d9374432,netgear-rax120.pdf,RAX120,443c0acc-9d1b-551f-a1a1-f3a972b0ef77,a24187ee-d420-54f3-b5d0-e0e69f68b656,d69381d0-06ed-49bf-9fe1-6050d9374432:a24187ee-d420-54f3-b5d0-e0e69f68b656,parent_subtree_child,Hardware Setup,9,9,3,89,nearest_ancestor_subtree,candidate,anchor_or_parent_subtree_child
Q-044,Q-044,d69381d0-06ed-49bf-9fe1-6050d9374432:OUTLINE:89ac3ac6d4a7bbea,d69381d0-06ed-49bf-9fe1-6050d9374432,netgear-rax120.pdf,RAX120,443c0acc-9d1b-551f-a1a1-f3a972b0ef77,89d399fa-1c1b-5d37-b35a-194ce673ec69,d69381d0-06ed-49bf-9fe1-6050d9374432:89d399fa-1c1b-5d37-b35a-194ce673ec69,anchor,Hardware Setup > Unpack your router,10,10,5,26,nearest_ancestor_subtree,candidate,anchor_or_parent_subtree_child
Q-044,Q-044,d69381d0-06ed-49bf-9fe1-6050d9374432:OUTLINE:89ac3ac6d4a7bbea,d69381d0-06ed-49bf-9fe1-6050d9374432,netgear-rax120.pdf,RAX120,443c0acc-9d1b-551f-a1a1-f3a972b0ef77,9953feb4-3a38-56c8-abc5-d25151cbd21e,d69381d0-06ed-49bf-9fe1-6050d9374432:9953feb4-3a38-56c8-abc5-d25151cbd21e,parent_subtree_child,Hardware Setup > Top panel LEDs and buttons,11,13,7,844,nearest_ancestor_subtree,candidate,anchor_or_parent_subtree_child
Q-044,Q-044,d69381d0-06ed-49bf-9fe1-6050d9374432:OUTLINE:89ac3ac6d4a7bbea,d69381d0-06ed-49bf-9fe1-6050d9374432,netgear-rax120.pdf,RAX120,443c0acc-9d1b-551f-a1a1-f3a972b0ef77,02eb50d9-d537-5487-ba9f-af1cd17e379a,d69381d0-06ed-49bf-9fe1-6050d9374432:02eb50d9-d537-5487-ba9f-af1cd17e379a,parent_subtree_child,Hardware Setup > Rear panel,13,14,9,687,nearest_ancestor_subtree,candidate,anchor_or_parent_subtree_child
Q-044,Q-044,d69381d0-06ed-49bf-9fe1-6050d9374432:OUTLINE:89ac3ac6d4a7bbea,d69381d0-06ed-49bf-9fe1-6050d9374432,netgear-rax120.pdf,RAX120,443c0acc-9d1b-551f-a1a1-f3a972b0ef77,aa3b1203-d4b7-598a-a240-e7a404e17934,d69381d0-06ed-49bf-9fe1-6050d9374432:aa3b1203-d4b7-598a-a240-e7a404e17934,parent_subtree_child,Hardware Setup > Extend the antennas,15,15,11,30,nearest_ancestor_subtree,candidate,anchor_or_parent_subtree_child
Q-044,Q-044,d69381d0-06ed-49bf-9fe1-6050d9374432:OUTLINE:89ac3ac6d4a7bbea,d69381d0-06ed-49bf-9fe1-6050d9374432,netgear-rax120.pdf,RAX120,443c0acc-9d1b-551f-a1a1-f3a972b0ef77,95a37b51-8c1d-5f32-a3fe-f16d8e64ff89,d69381d0-06ed-49bf-9fe1-6050d9374432:95a37b51-8c1d-5f32-a3fe-f16d8e64ff89,parent_subtree_child,Hardware Setup > Router label,15,15,13,39,nearest_ancestor_subtree,candidate,anchor_or_parent_subtree_child
Q-044,Q-044,d69381d0-06ed-49bf-9fe1-6050d9374432:OUTLINE:89ac3ac6d4a7bbea,d69381d0-06ed-49bf-9fe1-6050d9374432,netgear-rax120.pdf,RAX120,443c0acc-9d1b-551f-a1a1-f3a972b0ef77,a598cdde-568d-5aea-8f59-8c49a63df425,d69381d0-06ed-49bf-9fe1-6050d9374432:a598cdde-568d-5aea-8f59-8c49a63df425,parent_subtree_child,Hardware Setup > Position your router,15,16,15,358,nearest_ancestor_subtree,candidate,anchor_or_parent_subtree_child
Q-044,Q-044,d69381d0-06ed-49bf-9fe1-6050d9374432:OUTLINE:89ac3ac6d4a7bbea,d69381d0-06ed-49bf-9fe1-6050d9374432,netgear-rax120.pdf,RAX120,443c0acc-9d1b-551f-a1a1-f3a972b0ef77,c78de953-6132-5e83-a4fc-d17090c85112,d69381d0-06ed-49bf-9fe1-6050d9374432:c78de953-6132-5e83-a4fc-d17090c85112,parent_subtree_child,Hardware Setup > Cable your router,17,17,17,167,nearest_ancestor_subtree,candidate,anchor_or_parent_subtree_child
Q-044,Q-044,d69381d0-06ed-49bf-9fe1-6050d9374432:OUTLINE:89ac3ac6d4a7bbea,d69381d0-06ed-49bf-9fe1-6050d9374432,netgear-rax120.pdf,RAX120,443c0acc-9d1b-551f-a1a1-f3a972b0ef77,49a28dda-7f14-5b01-93f6-626a1b1d0cf4,d69381d0-06ed-49bf-9fe1-6050d9374432:49a28dda-7f14-5b01-93f6-626a1b1d0cf4,parent_subtree_child,Hardware Setup > Turn the LEDs on or off using the LED On/Off switch,18,18,19,118,nearest_ancestor_subtree,candidate,anchor_or_parent_subtree_child
Q-045,Q-045,d69381d0-06ed-49bf-9fe1-6050d9374432:OUTLINE:4bdaaa28252d41a2,d69381d0-06ed-49bf-9fe1-6050d9374432,netgear-rax120.pdf,RAX120,fe39c4fe-84ac-5dbf-b60a-ea3e5befa4b5,d2882eee-b342-5217-b842-7c902170a6f9,d69381d0-06ed-49bf-9fe1-6050d9374432:d2882eee-b342-5217-b842-7c902170a6f9,parent_subtree_child,Connect to the network and access the router,19,19,21,96,nearest_ancestor_subtree,candidate,anchor_or_parent_subtree_child
Q-045,Q-045,d69381d0-06ed-49bf-9fe1-6050d9374432:OUTLINE:4bdaaa28252d41a2,d69381d0-06ed-49bf-9fe1-6050d9374432,netgear-rax120.pdf,RAX120,fe39c4fe-84ac-5dbf-b60a-ea3e5befa4b5,49655da2-2bfa-5a2f-bb1b-4b78ec0bbdc6,d69381d0-06ed-49bf-9fe1-6050d9374432:49655da2-2bfa-5a2f-bb1b-4b78ec0bbdc6,parent_subtree_child,Connect to the network and access the router > Connect to the router network,20,20,23,56,nearest_ancestor_subtree,candidate,anchor_or_parent_subtree_child
Q-045,Q-045,d69381d0-06ed-49bf-9fe1-6050d9374432:OUTLINE:4bdaaa28252d41a2,d69381d0-06ed-49bf-9fe1-6050d9374432,netgear-rax120.pdf,RAX120,fe39c4fe-84ac-5dbf-b60a-ea3e5befa4b5,46818bd5-23ae-5531-be06-497cb2cd499e,d69381d0-06ed-49bf-9fe1-6050d9374432:46818bd5-23ae-5531-be06-497cb2cd499e,parent_subtree_child,Connect to the network and access the router > Connect to the router network > Connect to the router using a wired connection,20,20,25,115,nearest_ancestor_subtree,candidate,anchor_or_parent_subtree_child
Q-045,Q-045,d69381d0-06ed-49bf-9fe1-6050d9374432:OUTLINE:4bdaaa28252d41a2,d69381d0-06ed-49bf-9fe1-6050d9374432,netgear-rax120.pdf,RAX120,fe39c4fe-84ac-5dbf-b60a-ea3e5befa4b5,b60e3895-245a-5425-8b93-c239ec1de9e2,d69381d0-06ed-49bf-9fe1-6050d9374432:b60e3895-245a-5425-8b93-c239ec1de9e2,parent_subtree_child,Connect to the network and access the router > Connect to the router network > Connect to the router WiFi network,20,20,27,142,nearest_ancestor_subtree,candidate,anchor_or_parent_subtree_child
Q-045,Q-045,d69381d0-06ed-49bf-9fe1-6050d9374432:OUTLINE:4bdaaa28252d41a2,d69381d0-06ed-49bf-9fe1-6050d9374432,netgear-rax120.pdf,RAX120,fe39c4fe-84ac-5dbf-b60a-ea3e5befa4b5,20391ce6-2367-5709-8d12-8c24f2b78704,d69381d0-06ed-49bf-9fe1-6050d9374432:20391ce6-2367-5709-8d12-8c24f2b78704,parent_subtree_child,Connect to the network and access the router > Connect to the router network > Connect to the WiFi network using WPS,20,21,29,147,nearest_ancestor_subtree,candidate,anchor_or_parent_subtree_child
Q-045,Q-045,d69381d0-06ed-49bf-9fe1-6050d9374432:OUTLINE:4bdaaa28252d41a2,d69381d0-06ed-49bf-9fe1-6050d9374432,netgear-rax120.pdf,RAX120,fe39c4fe-84ac-5dbf-b60a-ea3e5befa4b5,6af6a140-458c-5188-b116-2f8430c69437,d69381d0-06ed-49bf-9fe1-6050d9374432:6af6a140-458c-5188-b116-2f8430c69437,anchor,Connect to the network and access the router > Types of logins,21,21,31,228,nearest_ancestor_subtree,candidate,anchor_or_parent_subtree_child
Q-045,Q-045,d69381d0-06ed-49bf-9fe1-6050d9374432:OUTLINE:4bdaaa28252d41a2,d69381d0-06ed-49bf-9fe1-6050d9374432,netgear-rax120.pdf,RAX120,fe39c4fe-84ac-5dbf-b60a-ea3e5befa4b5,1d46b169-4281-5310-a71d-73f58afbd283,d69381d0-06ed-49bf-9fe1-6050d9374432:1d46b169-4281-5310-a71d-73f58afbd283,parent_subtree_child,Connect to the network and access the router > Use a web browser to access the router,21,21,33,80,nearest_ancestor_subtree,candidate,anchor_or_parent_subtree_child
Q-045,Q-045,d69381d0-06ed-49bf-9fe1-6050d9374432:OUTLINE:4bdaaa28252d41a2,d69381d0-06ed-49bf-9fe1-6050d9374432,netgear-rax120.pdf,RAX120,fe39c4fe-84ac-5dbf-b60a-ea3e5befa4b5,261ec35c-16b7-56d5-99a9-503c4c3ba0be,d69381d0-06ed-49bf-9fe1-6050d9374432:261ec35c-16b7-56d5-99a9-503c4c3ba0be,parent_subtree_child,Connect to the network and access the router > Use a web browser to access the router > Automatic Internet setup,21,23,35,744,nearest_ancestor_subtree,candidate,anchor_or_parent_subtree_child
Q-045,Q-045,d69381d0-06ed-49bf-9fe1-6050d9374432:OUTLINE:4bdaaa28252d41a2,d69381d0-06ed-49bf-9fe1-6050d9374432,netgear-rax120.pdf,RAX120,fe39c4fe-84ac-5dbf-b60a-ea3e5befa4b5,b9937b70-a336-5587-80b2-44b7567807fd,d69381d0-06ed-49bf-9fe1-6050d9374432:b9937b70-a336-5587-80b2-44b7567807fd,parent_subtree_child,Connect to the network and access the router > Use a web browser to access the router > Log in to the router,23,23,37,206,nearest_ancestor_subtree,candidate,anchor_or_parent_subtree_child
Q-045,Q-045,d69381d0-06ed-49bf-9fe1-6050d9374432:OUTLINE:4bdaaa28252d41a2,d69381d0-06ed-49bf-9fe1-6050d9374432,netgear-rax120.pdf,RAX120,fe39c4fe-84ac-5dbf-b60a-ea3e5befa4b5,7d31218a-8510-586c-9d5e-5bf879b2139f,d69381d0-06ed-49bf-9fe1-6050d9374432:7d31218a-8510-586c-9d5e-5bf879b2139f,parent_subtree_child,Connect to the network and access the router > Install and manage your router with the Nighthawk app,23,24,39,297,nearest_ancestor_subtree,candidate,anchor_or_parent_subtree_child
Q-045,Q-045,d69381d0-06ed-49bf-9fe1-6050d9374432:OUTLINE:4bdaaa28252d41a2,d69381d0-06ed-49bf-9fe1-6050d9374432,netgear-rax120.pdf,RAX120,fe39c4fe-84ac-5dbf-b60a-ea3e5befa4b5,dfee3773-69cd-5ee3-b119-604a4e77696d,d69381d0-06ed-49bf-9fe1-6050d9374432:dfee3773-69cd-5ee3-b119-604a4e77696d,parent_subtree_child,Connect to the network and access the router > Change the language,24,24,41,177,nearest_ancestor_subtree,candidate,anchor_or_parent_subtree_child
Q-046,Q-046,d69381d0-06ed-49bf-9fe1-6050d9374432:OUTLINE:7dcc6744e0e7954c,d69381d0-06ed-49bf-9fe1-6050d9374432,netgear-rax120.pdf,RAX120,71649faa-dd37-59cb-9f3d-b4cfd671875d,035c81e3-b10a-52dc-8b00-522d825562d0,d69381d0-06ed-49bf-9fe1-6050d9374432:035c81e3-b10a-52dc-8b00-522d825562d0,parent_subtree_child,Specify Your Internet Settings > Specify IPv6 Internet connections,32,33,59,266,nearest_ancestor_subtree,candidate,anchor_or_parent_subtree_child
Q-046,Q-046,d69381d0-06ed-49bf-9fe1-6050d9374432:OUTLINE:7dcc6744e0e7954c,d69381d0-06ed-49bf-9fe1-6050d9374432,netgear-rax120.pdf,RAX120,71649faa-dd37-59cb-9f3d-b4cfd671875d,91f0bcc3-caab-5a3a-8895-c02fc23ee069,d69381d0-06ed-49bf-9fe1-6050d9374432:91f0bcc3-caab-5a3a-8895-c02fc23ee069,parent_subtree_child,Specify Your Internet Settings > Specify IPv6 Internet connections > Requirements for entering IPv6 addresses,33,33,61,94,nearest_ancestor_subtree,candidate,anchor_or_parent_subtree_child
Q-046,Q-046,d69381d0-06ed-49bf-9fe1-6050d9374432:OUTLINE:7dcc6744e0e7954c,d69381d0-06ed-49bf-9fe1-6050d9374432,netgear-rax120.pdf,RAX120,71649faa-dd37-59cb-9f3d-b4cfd671875d,269f6592-29ff-59aa-bc70-068bab8f5d37,d69381d0-06ed-49bf-9fe1-6050d9374432:269f6592-29ff-59aa-bc70-068bab8f5d37,parent_subtree_child,Specify Your Internet Settings > Specify IPv6 Internet connections > Use auto detect for an IPv6 Internet connection,33,34,63,567,nearest_ancestor_subtree,candidate,anchor_or_parent_subtree_child
Q-046,Q-046,d69381d0-06ed-49bf-9fe1-6050d9374432:OUTLINE:7dcc6744e0e7954c,d69381d0-06ed-49bf-9fe1-6050d9374432,netgear-rax120.pdf,RAX120,71649faa-dd37-59cb-9f3d-b4cfd671875d,cf568022-8152-52b0-aef0-cb6d9ac1cda6,d69381d0-06ed-49bf-9fe1-6050d9374432:cf568022-8152-52b0-aef0-cb6d9ac1cda6,parent_subtree_child,Specify Your Internet Settings > Specify IPv6 Internet connections > Set up an IPv6 6to4 tunnel Internet connection,34,36,65,690,nearest_ancestor_subtree,candidate,anchor_or_parent_subtree_child
Q-046,Q-046,d69381d0-06ed-49bf-9fe1-6050d9374432:OUTLINE:7dcc6744e0e7954c,d69381d0-06ed-49bf-9fe1-6050d9374432,netgear-rax120.pdf,RAX120,71649faa-dd37-59cb-9f3d-b4cfd671875d,f02b327f-e424-5fbd-884a-afa982cfba97,d69381d0-06ed-49bf-9fe1-6050d9374432:f02b327f-e424-5fbd-884a-afa982cfba97,anchor,Specify Your Internet Settings > Specify IPv6 Internet connections > Set up an IPv6 pass-through Internet connection,36,36,67,221,nearest_ancestor_subtree,candidate,anchor_or_parent_subtree_child
Q-046,Q-046,d69381d0-06ed-49bf-9fe1-6050d9374432:OUTLINE:7dcc6744e0e7954c,d69381d0-06ed-49bf-9fe1-6050d9374432,netgear-rax120.pdf,RAX120,71649faa-dd37-59cb-9f3d-b4cfd671875d,4a9ce789-e3b1-555b-a082-3e0ead079683,d69381d0-06ed-49bf-9fe1-6050d9374432:4a9ce789-e3b1-555b-a082-3e0ead079683,parent_subtree_child,Specify Your Internet Settings > Specify IPv6 Internet connections > Set up an IPv6 fixed Internet connection,37,38,69,534,nearest_ancestor_subtree,candidate,anchor_or_parent_subtree_child
Q-046,Q-046,d69381d0-06ed-49bf-9fe1-6050d9374432:OUTLINE:7dcc6744e0e7954c,d69381d0-06ed-49bf-9fe1-6050d9374432,netgear-rax120.pdf,RAX120,71649faa-dd37-59cb-9f3d-b4cfd671875d,dc422621-24b7-54e5-a4f4-04d08a64a03c,d69381d0-06ed-49bf-9fe1-6050d9374432:dc422621-24b7-54e5-a4f4-04d08a64a03c,parent_subtree_child,Specify Your Internet Settings > Specify IPv6 Internet connections > Set up an IPv6 DHCP Internet connection,38,39,71,803,nearest_ancestor_subtree,candidate,anchor_or_parent_subtree_child
Q-046,Q-046,d69381d0-06ed-49bf-9fe1-6050d9374432:OUTLINE:7dcc6744e0e7954c,d69381d0-06ed-49bf-9fe1-6050d9374432,netgear-rax120.pdf,RAX120,71649faa-dd37-59cb-9f3d-b4cfd671875d,6e92a69d-373f-5098-bee7-50bde9df8f04,d69381d0-06ed-49bf-9fe1-6050d9374432:6e92a69d-373f-5098-bee7-50bde9df8f04,parent_subtree_child,Specify Your Internet Settings > Specify IPv6 Internet connections > Set up an IPv6 PPPoE Internet connection,40,41,73,884,nearest_ancestor_subtree,candidate,anchor_or_parent_subtree_child
Q-046,Q-046,d69381d0-06ed-49bf-9fe1-6050d9374432:OUTLINE:7dcc6744e0e7954c,d69381d0-06ed-49bf-9fe1-6050d9374432,netgear-rax120.pdf,RAX120,71649faa-dd37-59cb-9f3d-b4cfd671875d,bfb01473-83e4-52e3-ab1d-0f74fe7aa76f,d69381d0-06ed-49bf-9fe1-6050d9374432:bfb01473-83e4-52e3-ab1d-0f74fe7aa76f,parent_subtree_child,Specify Your Internet Settings > Specify IPv6 Internet connections > Use auto config for an IPv6 Internet connection,41,43,75,810,nearest_ancestor_subtree,candidate,anchor_or_parent_subtree_child
Q-046,Q-046,d69381d0-06ed-49bf-9fe1-6050d9374432:OUTLINE:7dcc6744e0e7954c,d69381d0-06ed-49bf-9fe1-6050d9374432,netgear-rax120.pdf,RAX120,71649faa-dd37-59cb-9f3d-b4cfd671875d,063dbf2c-3f69-5f4e-b782-908e3f98521f,d69381d0-06ed-49bf-9fe1-6050d9374432:063dbf2c-3f69-5f4e-b782-908e3f98521f,parent_subtree_child,Specify Your Internet Settings > Specify IPv6 Internet connections > Set up an IPv6 6rd Internet connection,43,45,77,929,nearest_ancestor_subtree,candidate,anchor_or_parent_subtree_child
Q-047,Q-047,d69381d0-06ed-49bf-9fe1-6050d9374432:OUTLINE:b393aec4e5f20ee4,d69381d0-06ed-49bf-9fe1-6050d9374432,netgear-rax120.pdf,RAX120,4900f0c8-519f-5c54-8fa0-5b06807ead9e,ed82bf09-928a-5551-a54b-630fd1a56b36,d69381d0-06ed-49bf-9fe1-6050d9374432:ed82bf09-928a-5551-a54b-630fd1a56b36,parent_subtree_child,Manage Network Settings,69,69,129,253,nearest_ancestor_bounded_window,candidate,anchor_or_parent_subtree_child
Q-047,Q-047,d69381d0-06ed-49bf-9fe1-6050d9374432:OUTLINE:b393aec4e5f20ee4,d69381d0-06ed-49bf-9fe1-6050d9374432,netgear-rax120.pdf,RAX120,4900f0c8-519f-5c54-8fa0-5b06807ead9e,304579c0-2505-541b-9272-41a33abdc404,d69381d0-06ed-49bf-9fe1-6050d9374432:304579c0-2505-541b-9272-41a33abdc404,anchor,Manage Network Settings > View or change the WAN settings,70,71,131,623,nearest_ancestor_bounded_window,candidate,anchor_or_parent_subtree_child
Q-047,Q-047,d69381d0-06ed-49bf-9fe1-6050d9374432:OUTLINE:b393aec4e5f20ee4,d69381d0-06ed-49bf-9fe1-6050d9374432,netgear-rax120.pdf,RAX120,4900f0c8-519f-5c54-8fa0-5b06807ead9e,e4751896-a4ff-513a-b8f7-bc2d01f03f3e,d69381d0-06ed-49bf-9fe1-6050d9374432:e4751896-a4ff-513a-b8f7-bc2d01f03f3e,parent_subtree_child,Manage Network Settings > Set up a default DMZ server,71,72,133,438,nearest_ancestor_bounded_window,candidate,anchor_or_parent_subtree_child
Q-047,Q-047,d69381d0-06ed-49bf-9fe1-6050d9374432:OUTLINE:b393aec4e5f20ee4,d69381d0-06ed-49bf-9fe1-6050d9374432,netgear-rax120.pdf,RAX120,4900f0c8-519f-5c54-8fa0-5b06807ead9e,68fcd3bc-86dc-5257-9f12-7a71b0bc92b9,d69381d0-06ed-49bf-9fe1-6050d9374432:68fcd3bc-86dc-5257-9f12-7a71b0bc92b9,parent_subtree_child,Manage Network Settings > Change the router’s device name,72,72,135,188,nearest_ancestor_bounded_window,candidate,anchor_or_parent_subtree_child
Q-047,Q-047,d69381d0-06ed-49bf-9fe1-6050d9374432:OUTLINE:b393aec4e5f20ee4,d69381d0-06ed-49bf-9fe1-6050d9374432,netgear-rax120.pdf,RAX120,4900f0c8-519f-5c54-8fa0-5b06807ead9e,24b4cb3e-9057-5f4c-a772-56b1413c9afc,d69381d0-06ed-49bf-9fe1-6050d9374432:24b4cb3e-9057-5f4c-a772-56b1413c9afc,parent_subtree_child,Manage Network Settings > Change the LAN TCP/IP settings,72,74,137,606,nearest_ancestor_bounded_window,candidate,anchor_or_parent_subtree_child
Q-047,Q-047,d69381d0-06ed-49bf-9fe1-6050d9374432:OUTLINE:b393aec4e5f20ee4,d69381d0-06ed-49bf-9fe1-6050d9374432,netgear-rax120.pdf,RAX120,4900f0c8-519f-5c54-8fa0-5b06807ead9e,3a3c26ae-1836-5453-b7c4-c85f35296488,d69381d0-06ed-49bf-9fe1-6050d9374432:3a3c26ae-1836-5453-b7c4-c85f35296488,parent_subtree_child,Manage Network Settings > Specify the IP addresses that the router assigns,74,75,139,450,nearest_ancestor_bounded_window,candidate,anchor_or_parent_subtree_child
Q-047,Q-047,d69381d0-06ed-49bf-9fe1-6050d9374432:OUTLINE:b393aec4e5f20ee4,d69381d0-06ed-49bf-9fe1-6050d9374432,netgear-rax120.pdf,RAX120,4900f0c8-519f-5c54-8fa0-5b06807ead9e,53656349-6299-5e05-8f28-86238d09b54a,d69381d0-06ed-49bf-9fe1-6050d9374432:53656349-6299-5e05-8f28-86238d09b54a,parent_subtree_child,Manage Network Settings > Disable the DHCP server feature in the router,75,76,141,285,nearest_ancestor_bounded_window,candidate,anchor_or_parent_subtree_child
Q-047,Q-047,d69381d0-06ed-49bf-9fe1-6050d9374432:OUTLINE:b393aec4e5f20ee4,d69381d0-06ed-49bf-9fe1-6050d9374432,netgear-rax120.pdf,RAX120,4900f0c8-519f-5c54-8fa0-5b06807ead9e,a15d79c0-fcfa-5abe-b0d4-e22465c5bfcc,d69381d0-06ed-49bf-9fe1-6050d9374432:a15d79c0-fcfa-5abe-b0d4-e22465c5bfcc,parent_subtree_child,Manage Network Settings > Manage reserved LAN IP addresses,76,76,143,63,nearest_ancestor_bounded_window,candidate,anchor_or_parent_subtree_child
Q-047,Q-047,d69381d0-06ed-49bf-9fe1-6050d9374432:OUTLINE:b393aec4e5f20ee4,d69381d0-06ed-49bf-9fe1-6050d9374432,netgear-rax120.pdf,RAX120,4900f0c8-519f-5c54-8fa0-5b06807ead9e,ebd82415-b17d-5082-8472-3811a168faaf,d69381d0-06ed-49bf-9fe1-6050d9374432:ebd82415-b17d-5082-8472-3811a168faaf,parent_subtree_child,Manage Network Settings > Manage reserved LAN IP addresses > Reserve an IP address,76,77,145,304,nearest_ancestor_bounded_window,candidate,anchor_or_parent_subtree_child
Q-047,Q-047,d69381d0-06ed-49bf-9fe1-6050d9374432:OUTLINE:b393aec4e5f20ee4,d69381d0-06ed-49bf-9fe1-6050d9374432,netgear-rax120.pdf,RAX120,4900f0c8-519f-5c54-8fa0-5b06807ead9e,79da6936-bc1d-53fc-b043-434193a77ba9,d69381d0-06ed-49bf-9fe1-6050d9374432:79da6936-bc1d-53fc-b043-434193a77ba9,parent_subtree_child,Manage Network Settings > Manage reserved LAN IP addresses > Edit a reserved IP address,77,77,147,183,nearest_ancestor_bounded_window,candidate,anchor_or_parent_subtree_child
Q-047,Q-047,d69381d0-06ed-49bf-9fe1-6050d9374432:OUTLINE:b393aec4e5f20ee4,d69381d0-06ed-49bf-9fe1-6050d9374432,netgear-rax120.pdf,RAX120,4900f0c8-519f-5c54-8fa0-5b06807ead9e,736f0fb5-0ecd-5316-9090-f19234ded501,d69381d0-06ed-49bf-9fe1-6050d9374432:736f0fb5-0ecd-5316-9090-f19234ded501,parent_subtree_child,Manage Network Settings > Manage reserved LAN IP addresses > Delete a reserved IP address entry,77,78,149,161,nearest_ancestor_bounded_window,candidate,anchor_or_parent_subtree_child
Q-047,Q-047,d69381d0-06ed-49bf-9fe1-6050d9374432:OUTLINE:b393aec4e5f20ee4,d69381d0-06ed-49bf-9fe1-6050d9374432,netgear-rax120.pdf,RAX120,4900f0c8-519f-5c54-8fa0-5b06807ead9e,e410adde-e90f-5911-9dfa-34dd549d2ba8,d69381d0-06ed-49bf-9fe1-6050d9374432:e410adde-e90f-5911-9dfa-34dd549d2ba8,parent_subtree_child,Manage Network Settings > Use the WPS Wizard for WiFi connections,78,79,151,279,nearest_ancestor_bounded_window,candidate,anchor_or_parent_subtree_child
Q-047,Q-047,d69381d0-06ed-49bf-9fe1-6050d9374432:OUTLINE:b393aec4e5f20ee4,d69381d0-06ed-49bf-9fe1-6050d9374432,netgear-rax120.pdf,RAX120,4900f0c8-519f-5c54-8fa0-5b06807ead9e,88a61bbc-985f-5b34-9830-9632803f359f,d69381d0-06ed-49bf-9fe1-6050d9374432:88a61bbc-985f-5b34-9830-9632803f359f,parent_subtree_child,Manage Network Settings > Specify basic WiFi settings,79,80,153,823,nearest_ancestor_bounded_window,candidate,anchor_or_parent_subtree_child
Q-047,Q-047,d69381d0-06ed-49bf-9fe1-6050d9374432:OUTLINE:b393aec4e5f20ee4,d69381d0-06ed-49bf-9fe1-6050d9374432,netgear-rax120.pdf,RAX120,4900f0c8-519f-5c54-8fa0-5b06807ead9e,0f01b620-ac86-5a3e-bacb-6893a15e210e,d69381d0-06ed-49bf-9fe1-6050d9374432:0f01b620-ac86-5a3e-bacb-6893a15e210e,parent_subtree_child,Manage Network Settings > Change the WiFi password or the WiFi security,80,82,155,621,nearest_ancestor_bounded_window,candidate,anchor_or_parent_subtree_child
Q-047,Q-047,d69381d0-06ed-49bf-9fe1-6050d9374432:OUTLINE:b393aec4e5f20ee4,d69381d0-06ed-49bf-9fe1-6050d9374432,netgear-rax120.pdf,RAX120,4900f0c8-519f-5c54-8fa0-5b06807ead9e,1ab9f71d-7528-5a1d-9e2c-d64bdd456be9,d69381d0-06ed-49bf-9fe1-6050d9374432:1ab9f71d-7528-5a1d-9e2c-d64bdd456be9,parent_subtree_child,Manage Network Settings > Change the WiFi mode,82,83,157,523,nearest_ancestor_bounded_window,candidate,anchor_or_parent_subtree_child
Q-047,Q-047,d69381d0-06ed-49bf-9fe1-6050d9374432:OUTLINE:b393aec4e5f20ee4,d69381d0-06ed-49bf-9fe1-6050d9374432,netgear-rax120.pdf,RAX120,4900f0c8-519f-5c54-8fa0-5b06807ead9e,2622fe32-20aa-5002-8851-1a477edf124a,d69381d0-06ed-49bf-9fe1-6050d9374432:2622fe32-20aa-5002-8851-1a477edf124a,parent_subtree_child,Manage Network Settings > Change the transmission power control,83,83,159,277,nearest_ancestor_bounded_window,candidate,anchor_or_parent_subtree_child
Q-047,Q-047,d69381d0-06ed-49bf-9fe1-6050d9374432:OUTLINE:b393aec4e5f20ee4,d69381d0-06ed-49bf-9fe1-6050d9374432,netgear-rax120.pdf,RAX120,4900f0c8-519f-5c54-8fa0-5b06807ead9e,4a3c6ae0-2e2e-5feb-aeaa-341b1b45b1aa,d69381d0-06ed-49bf-9fe1-6050d9374432:4a3c6ae0-2e2e-5feb-aeaa-341b1b45b1aa,parent_subtree_child,Manage Network Settings > Set up a guest WiFi network,84,86,161,1204,nearest_ancestor_bounded_window,candidate,anchor_or_parent_subtree_child
Q-047,Q-047,d69381d0-06ed-49bf-9fe1-6050d9374432:OUTLINE:b393aec4e5f20ee4,d69381d0-06ed-49bf-9fe1-6050d9374432,netgear-rax120.pdf,RAX120,4900f0c8-519f-5c54-8fa0-5b06807ead9e,9468469c-e6de-5d4c-975f-a6c564c1fc28,d69381d0-06ed-49bf-9fe1-6050d9374432:9468469c-e6de-5d4c-975f-a6c564c1fc28,parent_subtree_child,Manage Network Settings > Control the WiFi radios,86,86,163,152,nearest_ancestor_bounded_window,candidate,anchor_or_parent_subtree_child
Q-047,Q-047,d69381d0-06ed-49bf-9fe1-6050d9374432:OUTLINE:b393aec4e5f20ee4,d69381d0-06ed-49bf-9fe1-6050d9374432,netgear-rax120.pdf,RAX120,4900f0c8-519f-5c54-8fa0-5b06807ead9e,b6cc7aff-44a9-5be7-9857-6f294095095e,d69381d0-06ed-49bf-9fe1-6050d9374432:b6cc7aff-44a9-5be7-9857-6f294095095e,parent_subtree_child,Manage Network Settings > Control the WiFi radios > Use the WiFi On/Off button,86,86,165,75,nearest_ancestor_bounded_window,candidate,anchor_or_parent_subtree_child
Q-047,Q-047,d69381d0-06ed-49bf-9fe1-6050d9374432:OUTLINE:b393aec4e5f20ee4,d69381d0-06ed-49bf-9fe1-6050d9374432,netgear-rax120.pdf,RAX120,4900f0c8-519f-5c54-8fa0-5b06807ead9e,5776f539-59a4-5e4a-bf09-24bac9062168,d69381d0-06ed-49bf-9fe1-6050d9374432:5776f539-59a4-5e4a-bf09-24bac9062168,parent_subtree_child,Manage Network Settings > Control the WiFi radios > Enable or disable the WiFi radios,86,87,167,260,nearest_ancestor_bounded_window,candidate,anchor_or_parent_subtree_child
Q-048,Q-048,d69381d0-06ed-49bf-9fe1-6050d9374432:OUTLINE:43ec202019e41936,d69381d0-06ed-49bf-9fe1-6050d9374432,netgear-rax120.pdf,RAX120,75fc56ea-2509-5510-9f61-d83eb9d53493,a15d79c0-fcfa-5abe-b0d4-e22465c5bfcc,d69381d0-06ed-49bf-9fe1-6050d9374432:a15d79c0-fcfa-5abe-b0d4-e22465c5bfcc,parent_subtree_child,Manage Network Settings > Manage reserved LAN IP addresses,76,76,143,63,nearest_ancestor_subtree,candidate,anchor_or_parent_subtree_child
Q-048,Q-048,d69381d0-06ed-49bf-9fe1-6050d9374432:OUTLINE:43ec202019e41936,d69381d0-06ed-49bf-9fe1-6050d9374432,netgear-rax120.pdf,RAX120,75fc56ea-2509-5510-9f61-d83eb9d53493,ebd82415-b17d-5082-8472-3811a168faaf,d69381d0-06ed-49bf-9fe1-6050d9374432:ebd82415-b17d-5082-8472-3811a168faaf,anchor,Manage Network Settings > Manage reserved LAN IP addresses > Reserve an IP address,76,77,145,304,nearest_ancestor_subtree,candidate,anchor_or_parent_subtree_child
Q-048,Q-048,d69381d0-06ed-49bf-9fe1-6050d9374432:OUTLINE:43ec202019e41936,d69381d0-06ed-49bf-9fe1-6050d9374432,netgear-rax120.pdf,RAX120,75fc56ea-2509-5510-9f61-d83eb9d53493,79da6936-bc1d-53fc-b043-434193a77ba9,d69381d0-06ed-49bf-9fe1-6050d9374432:79da6936-bc1d-53fc-b043-434193a77ba9,parent_subtree_child,Manage Network Settings > Manage reserved LAN IP addresses > Edit a reserved IP address,77,77,147,183,nearest_ancestor_subtree,candidate,anchor_or_parent_subtree_child
Q-048,Q-048,d69381d0-06ed-49bf-9fe1-6050d9374432:OUTLINE:43ec202019e41936,d69381d0-06ed-49bf-9fe1-6050d9374432,netgear-rax120.pdf,RAX120,75fc56ea-2509-5510-9f61-d83eb9d53493,736f0fb5-0ecd-5316-9090-f19234ded501,d69381d0-06ed-49bf-9fe1-6050d9374432:736f0fb5-0ecd-5316-9090-f19234ded501,parent_subtree_child,Manage Network Settings > Manage reserved LAN IP addresses > Delete a reserved IP address entry,77,78,149,161,nearest_ancestor_subtree,candidate,anchor_or_parent_subtree_child
Q-049,Q-049,d69381d0-06ed-49bf-9fe1-6050d9374432:OUTLINE:8d66e90b801f07f3,d69381d0-06ed-49bf-9fe1-6050d9374432,netgear-rax120.pdf,RAX120,4900f0c8-519f-5c54-8fa0-5b06807ead9e,68fcd3bc-86dc-5257-9f12-7a71b0bc92b9,d69381d0-06ed-49bf-9fe1-6050d9374432:68fcd3bc-86dc-5257-9f12-7a71b0bc92b9,parent_subtree_child,Manage Network Settings > Change the router’s device name,72,72,135,188,nearest_ancestor_bounded_window,candidate,anchor_or_parent_subtree_child
Q-049,Q-049,d69381d0-06ed-49bf-9fe1-6050d9374432:OUTLINE:8d66e90b801f07f3,d69381d0-06ed-49bf-9fe1-6050d9374432,netgear-rax120.pdf,RAX120,4900f0c8-519f-5c54-8fa0-5b06807ead9e,24b4cb3e-9057-5f4c-a772-56b1413c9afc,d69381d0-06ed-49bf-9fe1-6050d9374432:24b4cb3e-9057-5f4c-a772-56b1413c9afc,parent_subtree_child,Manage Network Settings > Change the LAN TCP/IP settings,72,74,137,606,nearest_ancestor_bounded_window,candidate,anchor_or_parent_subtree_child
Q-049,Q-049,d69381d0-06ed-49bf-9fe1-6050d9374432:OUTLINE:8d66e90b801f07f3,d69381d0-06ed-49bf-9fe1-6050d9374432,netgear-rax120.pdf,RAX120,4900f0c8-519f-5c54-8fa0-5b06807ead9e,3a3c26ae-1836-5453-b7c4-c85f35296488,d69381d0-06ed-49bf-9fe1-6050d9374432:3a3c26ae-1836-5453-b7c4-c85f35296488,parent_subtree_child,Manage Network Settings > Specify the IP addresses that the router assigns,74,75,139,450,nearest_ancestor_bounded_window,candidate,anchor_or_parent_subtree_child
Q-049,Q-049,d69381d0-06ed-49bf-9fe1-6050d9374432:OUTLINE:8d66e90b801f07f3,d69381d0-06ed-49bf-9fe1-6050d9374432,netgear-rax120.pdf,RAX120,4900f0c8-519f-5c54-8fa0-5b06807ead9e,53656349-6299-5e05-8f28-86238d09b54a,d69381d0-06ed-49bf-9fe1-6050d9374432:53656349-6299-5e05-8f28-86238d09b54a,parent_subtree_child,Manage Network Settings > Disable the DHCP server feature in the router,75,76,141,285,nearest_ancestor_bounded_window,candidate,anchor_or_parent_subtree_child
Q-049,Q-049,d69381d0-06ed-49bf-9fe1-6050d9374432:OUTLINE:8d66e90b801f07f3,d69381d0-06ed-49bf-9fe1-6050d9374432,netgear-rax120.pdf,RAX120,4900f0c8-519f-5c54-8fa0-5b06807ead9e,a15d79c0-fcfa-5abe-b0d4-e22465c5bfcc,d69381d0-06ed-49bf-9fe1-6050d9374432:a15d79c0-fcfa-5abe-b0d4-e22465c5bfcc,parent_subtree_child,Manage Network Settings > Manage reserved LAN IP addresses,76,76,143,63,nearest_ancestor_bounded_window,candidate,anchor_or_parent_subtree_child
Q-049,Q-049,d69381d0-06ed-49bf-9fe1-6050d9374432:OUTLINE:8d66e90b801f07f3,d69381d0-06ed-49bf-9fe1-6050d9374432,netgear-rax120.pdf,RAX120,4900f0c8-519f-5c54-8fa0-5b06807ead9e,ebd82415-b17d-5082-8472-3811a168faaf,d69381d0-06ed-49bf-9fe1-6050d9374432:ebd82415-b17d-5082-8472-3811a168faaf,parent_subtree_child,Manage Network Settings > Manage reserved LAN IP addresses > Reserve an IP address,76,77,145,304,nearest_ancestor_bounded_window,candidate,anchor_or_parent_subtree_child
Q-049,Q-049,d69381d0-06ed-49bf-9fe1-6050d9374432:OUTLINE:8d66e90b801f07f3,d69381d0-06ed-49bf-9fe1-6050d9374432,netgear-rax120.pdf,RAX120,4900f0c8-519f-5c54-8fa0-5b06807ead9e,79da6936-bc1d-53fc-b043-434193a77ba9,d69381d0-06ed-49bf-9fe1-6050d9374432:79da6936-bc1d-53fc-b043-434193a77ba9,parent_subtree_child,Manage Network Settings > Manage reserved LAN IP addresses > Edit a reserved IP address,77,77,147,183,nearest_ancestor_bounded_window,candidate,anchor_or_parent_subtree_child
Q-049,Q-049,d69381d0-06ed-49bf-9fe1-6050d9374432:OUTLINE:8d66e90b801f07f3,d69381d0-06ed-49bf-9fe1-6050d9374432,netgear-rax120.pdf,RAX120,4900f0c8-519f-5c54-8fa0-5b06807ead9e,736f0fb5-0ecd-5316-9090-f19234ded501,d69381d0-06ed-49bf-9fe1-6050d9374432:736f0fb5-0ecd-5316-9090-f19234ded501,parent_subtree_child,Manage Network Settings > Manage reserved LAN IP addresses > Delete a reserved IP address entry,77,78,149,161,nearest_ancestor_bounded_window,candidate,anchor_or_parent_subtree_child
Q-049,Q-049,d69381d0-06ed-49bf-9fe1-6050d9374432:OUTLINE:8d66e90b801f07f3,d69381d0-06ed-49bf-9fe1-6050d9374432,netgear-rax120.pdf,RAX120,4900f0c8-519f-5c54-8fa0-5b06807ead9e,e410adde-e90f-5911-9dfa-34dd549d2ba8,d69381d0-06ed-49bf-9fe1-6050d9374432:e410adde-e90f-5911-9dfa-34dd549d2ba8,parent_subtree_child,Manage Network Settings > Use the WPS Wizard for WiFi connections,78,79,151,279,nearest_ancestor_bounded_window,candidate,anchor_or_parent_subtree_child
Q-049,Q-049,d69381d0-06ed-49bf-9fe1-6050d9374432:OUTLINE:8d66e90b801f07f3,d69381d0-06ed-49bf-9fe1-6050d9374432,netgear-rax120.pdf,RAX120,4900f0c8-519f-5c54-8fa0-5b06807ead9e,88a61bbc-985f-5b34-9830-9632803f359f,d69381d0-06ed-49bf-9fe1-6050d9374432:88a61bbc-985f-5b34-9830-9632803f359f,parent_subtree_child,Manage Network Settings > Specify basic WiFi settings,79,80,153,823,nearest_ancestor_bounded_window,candidate,anchor_or_parent_subtree_child
Q-049,Q-049,d69381d0-06ed-49bf-9fe1-6050d9374432:OUTLINE:8d66e90b801f07f3,d69381d0-06ed-49bf-9fe1-6050d9374432,netgear-rax120.pdf,RAX120,4900f0c8-519f-5c54-8fa0-5b06807ead9e,0f01b620-ac86-5a3e-bacb-6893a15e210e,d69381d0-06ed-49bf-9fe1-6050d9374432:0f01b620-ac86-5a3e-bacb-6893a15e210e,anchor,Manage Network Settings > Change the WiFi password or the WiFi security,80,82,155,621,nearest_ancestor_bounded_window,candidate,anchor_or_parent_subtree_child
Q-049,Q-049,d69381d0-06ed-49bf-9fe1-6050d9374432:OUTLINE:8d66e90b801f07f3,d69381d0-06ed-49bf-9fe1-6050d9374432,netgear-rax120.pdf,RAX120,4900f0c8-519f-5c54-8fa0-5b06807ead9e,1ab9f71d-7528-5a1d-9e2c-d64bdd456be9,d69381d0-06ed-49bf-9fe1-6050d9374432:1ab9f71d-7528-5a1d-9e2c-d64bdd456be9,parent_subtree_child,Manage Network Settings > Change the WiFi mode,82,83,157,523,nearest_ancestor_bounded_window,candidate,anchor_or_parent_subtree_child
Q-049,Q-049,d69381d0-06ed-49bf-9fe1-6050d9374432:OUTLINE:8d66e90b801f07f3,d69381d0-06ed-49bf-9fe1-6050d9374432,netgear-rax120.pdf,RAX120,4900f0c8-519f-5c54-8fa0-5b06807ead9e,2622fe32-20aa-5002-8851-1a477edf124a,d69381d0-06ed-49bf-9fe1-6050d9374432:2622fe32-20aa-5002-8851-1a477edf124a,parent_subtree_child,Manage Network Settings > Change the transmission power control,83,83,159,277,nearest_ancestor_bounded_window,candidate,anchor_or_parent_subtree_child
Q-049,Q-049,d69381d0-06ed-49bf-9fe1-6050d9374432:OUTLINE:8d66e90b801f07f3,d69381d0-06ed-49bf-9fe1-6050d9374432,netgear-rax120.pdf,RAX120,4900f0c8-519f-5c54-8fa0-5b06807ead9e,4a3c6ae0-2e2e-5feb-aeaa-341b1b45b1aa,d69381d0-06ed-49bf-9fe1-6050d9374432:4a3c6ae0-2e2e-5feb-aeaa-341b1b45b1aa,parent_subtree_child,Manage Network Settings > Set up a guest WiFi network,84,86,161,1204,nearest_ancestor_bounded_window,candidate,anchor_or_parent_subtree_child
Q-049,Q-049,d69381d0-06ed-49bf-9fe1-6050d9374432:OUTLINE:8d66e90b801f07f3,d69381d0-06ed-49bf-9fe1-6050d9374432,netgear-rax120.pdf,RAX120,4900f0c8-519f-5c54-8fa0-5b06807ead9e,9468469c-e6de-5d4c-975f-a6c564c1fc28,d69381d0-06ed-49bf-9fe1-6050d9374432:9468469c-e6de-5d4c-975f-a6c564c1fc28,parent_subtree_child,Manage Network Settings > Control the WiFi radios,86,86,163,152,nearest_ancestor_bounded_window,candidate,anchor_or_parent_subtree_child
Q-049,Q-049,d69381d0-06ed-49bf-9fe1-6050d9374432:OUTLINE:8d66e90b801f07f3,d69381d0-06ed-49bf-9fe1-6050d9374432,netgear-rax120.pdf,RAX120,4900f0c8-519f-5c54-8fa0-5b06807ead9e,b6cc7aff-44a9-5be7-9857-6f294095095e,d69381d0-06ed-49bf-9fe1-6050d9374432:b6cc7aff-44a9-5be7-9857-6f294095095e,parent_subtree_child,Manage Network Settings > Control the WiFi radios > Use the WiFi On/Off button,86,86,165,75,nearest_ancestor_bounded_window,candidate,anchor_or_parent_subtree_child
Q-049,Q-049,d69381d0-06ed-49bf-9fe1-6050d9374432:OUTLINE:8d66e90b801f07f3,d69381d0-06ed-49bf-9fe1-6050d9374432,netgear-rax120.pdf,RAX120,4900f0c8-519f-5c54-8fa0-5b06807ead9e,5776f539-59a4-5e4a-bf09-24bac9062168,d69381d0-06ed-49bf-9fe1-6050d9374432:5776f539-59a4-5e4a-bf09-24bac9062168,parent_subtree_child,Manage Network Settings > Control the WiFi radios > Enable or disable the WiFi radios,86,87,167,260,nearest_ancestor_bounded_window,candidate,anchor_or_parent_subtree_child
Q-049,Q-049,d69381d0-06ed-49bf-9fe1-6050d9374432:OUTLINE:8d66e90b801f07f3,d69381d0-06ed-49bf-9fe1-6050d9374432,netgear-rax120.pdf,RAX120,4900f0c8-519f-5c54-8fa0-5b06807ead9e,0554640d-94ce-588b-a554-84c6c060c75b,d69381d0-06ed-49bf-9fe1-6050d9374432:0554640d-94ce-588b-a554-84c6c060c75b,parent_subtree_child,Manage Network Settings > Set up a WiFi schedule,87,88,169,272,nearest_ancestor_bounded_window,candidate,anchor_or_parent_subtree_child
Q-049,Q-049,d69381d0-06ed-49bf-9fe1-6050d9374432:OUTLINE:8d66e90b801f07f3,d69381d0-06ed-49bf-9fe1-6050d9374432,netgear-rax120.pdf,RAX120,4900f0c8-519f-5c54-8fa0-5b06807ead9e,b4c20a88-39a3-5566-b5a0-84e0bf9194d1,d69381d0-06ed-49bf-9fe1-6050d9374432:b4c20a88-39a3-5566-b5a0-84e0bf9194d1,parent_subtree_child,Manage Network Settings > Set up the router as a WiFi access point,88,89,171,413,nearest_ancestor_bounded_window,candidate,anchor_or_parent_subtree_child
Q-049,Q-049,d69381d0-06ed-49bf-9fe1-6050d9374432:OUTLINE:8d66e90b801f07f3,d69381d0-06ed-49bf-9fe1-6050d9374432,netgear-rax120.pdf,RAX120,4900f0c8-519f-5c54-8fa0-5b06807ead9e,715fdc68-4f4d-57c7-8cc5-e0be161c4ed0,d69381d0-06ed-49bf-9fe1-6050d9374432:715fdc68-4f4d-57c7-8cc5-e0be161c4ed0,parent_subtree_child,Manage Network Settings > Set up the router in bridge mode,89,90,173,633,nearest_ancestor_bounded_window,candidate,anchor_or_parent_subtree_child
Q-049,Q-049,d69381d0-06ed-49bf-9fe1-6050d9374432:OUTLINE:8d66e90b801f07f3,d69381d0-06ed-49bf-9fe1-6050d9374432,netgear-rax120.pdf,RAX120,4900f0c8-519f-5c54-8fa0-5b06807ead9e,1687fda5-f3c4-5857-ad57-ea0e6962b3a2,d69381d0-06ed-49bf-9fe1-6050d9374432:1687fda5-f3c4-5857-ad57-ea0e6962b3a2,parent_subtree_child,Manage Network Settings > Return the router to router mode,90,91,175,197,nearest_ancestor_bounded_window,candidate,anchor_or_parent_subtree_child
Q-050,Q-050,d69381d0-06ed-49bf-9fe1-6050d9374432:OUTLINE:30e6bc1f5ecbb7b4,d69381d0-06ed-49bf-9fe1-6050d9374432,netgear-rax120.pdf,RAX120,5dbd3462-d6dd-5cbc-8b96-ea0c1b67e66f,8af10cac-8457-5398-bb5f-70bc48fbc035,d69381d0-06ed-49bf-9fe1-6050d9374432:8af10cac-8457-5398-bb5f-70bc48fbc035,parent_subtree_child,Share USB Storage Devices Attached to the Router,122,122,253,272,nearest_ancestor_subtree,candidate,anchor_or_parent_subtree_child
Q-050,Q-050,d69381d0-06ed-49bf-9fe1-6050d9374432:OUTLINE:30e6bc1f5ecbb7b4,d69381d0-06ed-49bf-9fe1-6050d9374432,netgear-rax120.pdf,RAX120,5dbd3462-d6dd-5cbc-8b96-ea0c1b67e66f,aeaf90b5-5cb4-5ff1-af4a-2f43d2368c76,d69381d0-06ed-49bf-9fe1-6050d9374432:aeaf90b5-5cb4-5ff1-af4a-2f43d2368c76,parent_subtree_child,Share USB Storage Devices Attached to the Router > USB device requirements,123,123,255,180,nearest_ancestor_subtree,candidate,anchor_or_parent_subtree_child
Q-050,Q-050,d69381d0-06ed-49bf-9fe1-6050d9374432:OUTLINE:30e6bc1f5ecbb7b4,d69381d0-06ed-49bf-9fe1-6050d9374432,netgear-rax120.pdf,RAX120,5dbd3462-d6dd-5cbc-8b96-ea0c1b67e66f,bb9735df-2bc3-50f1-9fb8-2235613d714e,d69381d0-06ed-49bf-9fe1-6050d9374432:bb9735df-2bc3-50f1-9fb8-2235613d714e,anchor,Share USB Storage Devices Attached to the Router > Connect a USB storage device to the router,123,123,257,162,nearest_ancestor_subtree,candidate,anchor_or_parent_subtree_child
Q-050,Q-050,d69381d0-06ed-49bf-9fe1-6050d9374432:OUTLINE:30e6bc1f5ecbb7b4,d69381d0-06ed-49bf-9fe1-6050d9374432,netgear-rax120.pdf,RAX120,5dbd3462-d6dd-5cbc-8b96-ea0c1b67e66f,e13591fd-08dc-5203-afd5-4205421897f5,d69381d0-06ed-49bf-9fe1-6050d9374432:e13591fd-08dc-5203-afd5-4205421897f5,parent_subtree_child,Share USB Storage Devices Attached to the Router > Access a storage device connected to the router from a Windows-based computer,124,124,259,172,nearest_ancestor_subtree,candidate,anchor_or_parent_subtree_child
Q-050,Q-050,d69381d0-06ed-49bf-9fe1-6050d9374432:OUTLINE:30e6bc1f5ecbb7b4,d69381d0-06ed-49bf-9fe1-6050d9374432,netgear-rax120.pdf,RAX120,5dbd3462-d6dd-5cbc-8b96-ea0c1b67e66f,67d37d9f-924e-5891-a590-5e0456de8190,d69381d0-06ed-49bf-9fe1-6050d9374432:67d37d9f-924e-5891-a590-5e0456de8190,parent_subtree_child,Share USB Storage Devices Attached to the Router > Map a USB device to a Windows network drive,124,125,261,293,nearest_ancestor_subtree,candidate,anchor_or_parent_subtree_child
Q-050,Q-050,d69381d0-06ed-49bf-9fe1-6050d9374432:OUTLINE:30e6bc1f5ecbb7b4,d69381d0-06ed-49bf-9fe1-6050d9374432,netgear-rax120.pdf,RAX120,5dbd3462-d6dd-5cbc-8b96-ea0c1b67e66f,ef4a3855-0444-5b9c-89e6-56bbbb0b3a68,d69381d0-06ed-49bf-9fe1-6050d9374432:ef4a3855-0444-5b9c-89e6-56bbbb0b3a68,parent_subtree_child,Share USB Storage Devices Attached to the Router > Access a storage device that is connected to the router from a Mac,125,126,263,309,nearest_ancestor_subtree,candidate,anchor_or_parent_subtree_child
Q-050,Q-050,d69381d0-06ed-49bf-9fe1-6050d9374432:OUTLINE:30e6bc1f5ecbb7b4,d69381d0-06ed-49bf-9fe1-6050d9374432,netgear-rax120.pdf,RAX120,5dbd3462-d6dd-5cbc-8b96-ea0c1b67e66f,086f37ff-ba18-5847-88f6-ffe14b704d3a,d69381d0-06ed-49bf-9fe1-6050d9374432:086f37ff-ba18-5847-88f6-ffe14b704d3a,parent_subtree_child,Share USB Storage Devices Attached to the Router > Back up Mac computers with Time Machine,126,126,265,108,nearest_ancestor_subtree,candidate,anchor_or_parent_subtree_child
Q-050,Q-050,d69381d0-06ed-49bf-9fe1-6050d9374432:OUTLINE:30e6bc1f5ecbb7b4,d69381d0-06ed-49bf-9fe1-6050d9374432,netgear-rax120.pdf,RAX120,5dbd3462-d6dd-5cbc-8b96-ea0c1b67e66f,17ad582c-a168-5331-9931-bc900e05e810,d69381d0-06ed-49bf-9fe1-6050d9374432:17ad582c-a168-5331-9931-bc900e05e810,parent_subtree_child,Share USB Storage Devices Attached to the Router > Back up Mac computers with Time Machine > Set up a USB hard drive on a Mac,126,127,267,331,nearest_ancestor_subtree,candidate,anchor_or_parent_subtree_child
Q-050,Q-050,d69381d0-06ed-49bf-9fe1-6050d9374432:OUTLINE:30e6bc1f5ecbb7b4,d69381d0-06ed-49bf-9fe1-6050d9374432,netgear-rax120.pdf,RAX120,5dbd3462-d6dd-5cbc-8b96-ea0c1b67e66f,e33a569c-4d4b-5980-bb49-1ddc090aa2c7,d69381d0-06ed-49bf-9fe1-6050d9374432:e33a569c-4d4b-5980-bb49-1ddc090aa2c7,parent_subtree_child,Share USB Storage Devices Attached to the Router > Back up Mac computers with Time Machine > Prepare to back up a large amount of data,127,127,269,270,nearest_ancestor_subtree,candidate,anchor_or_parent_subtree_child
Q-050,Q-050,d69381d0-06ed-49bf-9fe1-6050d9374432:OUTLINE:30e6bc1f5ecbb7b4,d69381d0-06ed-49bf-9fe1-6050d9374432,netgear-rax120.pdf,RAX120,5dbd3462-d6dd-5cbc-8b96-ea0c1b67e66f,a63eef92-b04f-5721-a16b-76b4b56987d0,d69381d0-06ed-49bf-9fe1-6050d9374432:a63eef92-b04f-5721-a16b-76b4b56987d0,parent_subtree_child,Share USB Storage Devices Attached to the Router > Back up Mac computers with Time Machine > Use Time Machine to back up onto a USB hard disk,127,128,271,488,nearest_ancestor_subtree,candidate,anchor_or_parent_subtree_child
Q-050,Q-050,d69381d0-06ed-49bf-9fe1-6050d9374432:OUTLINE:30e6bc1f5ecbb7b4,d69381d0-06ed-49bf-9fe1-6050d9374432,netgear-rax120.pdf,RAX120,5dbd3462-d6dd-5cbc-8b96-ea0c1b67e66f,662fcb80-0ce3-5797-b452-577fb359c83f,d69381d0-06ed-49bf-9fe1-6050d9374432:662fcb80-0ce3-5797-b452-577fb359c83f,parent_subtree_child,Share USB Storage Devices Attached to the Router > Enable FTP access within your network,129,129,273,183,nearest_ancestor_subtree,candidate,anchor_or_parent_subtree_child
Q-050,Q-050,d69381d0-06ed-49bf-9fe1-6050d9374432:OUTLINE:30e6bc1f5ecbb7b4,d69381d0-06ed-49bf-9fe1-6050d9374432,netgear-rax120.pdf,RAX120,5dbd3462-d6dd-5cbc-8b96-ea0c1b67e66f,14bc83c7-61a2-5364-b2c3-e1a9446f3dbe,d69381d0-06ed-49bf-9fe1-6050d9374432:14bc83c7-61a2-5364-b2c3-e1a9446f3dbe,parent_subtree_child,Share USB Storage Devices Attached to the Router > View network folders on a storage device,129,130,275,357,nearest_ancestor_subtree,candidate,anchor_or_parent_subtree_child
Q-050,Q-050,d69381d0-06ed-49bf-9fe1-6050d9374432:OUTLINE:30e6bc1f5ecbb7b4,d69381d0-06ed-49bf-9fe1-6050d9374432,netgear-rax120.pdf,RAX120,5dbd3462-d6dd-5cbc-8b96-ea0c1b67e66f,9d1e53fd-0a2d-51bd-bb64-2521b239e8f3,d69381d0-06ed-49bf-9fe1-6050d9374432:9d1e53fd-0a2d-51bd-bb64-2521b239e8f3,parent_subtree_child,Share USB Storage Devices Attached to the Router > Add a network folder on a USB storage device,130,131,277,443,nearest_ancestor_subtree,candidate,anchor_or_parent_subtree_child
Q-050,Q-050,d69381d0-06ed-49bf-9fe1-6050d9374432:OUTLINE:30e6bc1f5ecbb7b4,d69381d0-06ed-49bf-9fe1-6050d9374432,netgear-rax120.pdf,RAX120,5dbd3462-d6dd-5cbc-8b96-ea0c1b67e66f,ef883bba-f58e-59eb-a4c9-3e0a223e7f06,d69381d0-06ed-49bf-9fe1-6050d9374432:ef883bba-f58e-59eb-a4c9-3e0a223e7f06,parent_subtree_child,Share USB Storage Devices Attached to the Router > Edit a network folder on a USB storage device,131,132,279,217,nearest_ancestor_subtree,candidate,anchor_or_parent_subtree_child
Q-050,Q-050,d69381d0-06ed-49bf-9fe1-6050d9374432:OUTLINE:30e6bc1f5ecbb7b4,d69381d0-06ed-49bf-9fe1-6050d9374432,netgear-rax120.pdf,RAX120,5dbd3462-d6dd-5cbc-8b96-ea0c1b67e66f,cd9faf8b-ee14-589d-9699-be59c22ce650,d69381d0-06ed-49bf-9fe1-6050d9374432:cd9faf8b-ee14-589d-9699-be59c22ce650,parent_subtree_child,Share USB Storage Devices Attached to the Router > Safely remove a USB storage device,132,132,281,224,nearest_ancestor_subtree,candidate,anchor_or_parent_subtree_child
Q-051,Q-051,d69381d0-06ed-49bf-9fe1-6050d9374432:OUTLINE:7e8558c76cede228,d69381d0-06ed-49bf-9fe1-6050d9374432,netgear-rax120.pdf,RAX120,5dbd3462-d6dd-5cbc-8b96-ea0c1b67e66f,8af10cac-8457-5398-bb5f-70bc48fbc035,d69381d0-06ed-49bf-9fe1-6050d9374432:8af10cac-8457-5398-bb5f-70bc48fbc035,parent_subtree_child,Share USB Storage Devices Attached to the Router,122,122,253,272,nearest_ancestor_subtree,candidate,anchor_or_parent_subtree_child
Q-051,Q-051,d69381d0-06ed-49bf-9fe1-6050d9374432:OUTLINE:7e8558c76cede228,d69381d0-06ed-49bf-9fe1-6050d9374432,netgear-rax120.pdf,RAX120,5dbd3462-d6dd-5cbc-8b96-ea0c1b67e66f,aeaf90b5-5cb4-5ff1-af4a-2f43d2368c76,d69381d0-06ed-49bf-9fe1-6050d9374432:aeaf90b5-5cb4-5ff1-af4a-2f43d2368c76,parent_subtree_child,Share USB Storage Devices Attached to the Router > USB device requirements,123,123,255,180,nearest_ancestor_subtree,candidate,anchor_or_parent_subtree_child
Q-051,Q-051,d69381d0-06ed-49bf-9fe1-6050d9374432:OUTLINE:7e8558c76cede228,d69381d0-06ed-49bf-9fe1-6050d9374432,netgear-rax120.pdf,RAX120,5dbd3462-d6dd-5cbc-8b96-ea0c1b67e66f,bb9735df-2bc3-50f1-9fb8-2235613d714e,d69381d0-06ed-49bf-9fe1-6050d9374432:bb9735df-2bc3-50f1-9fb8-2235613d714e,parent_subtree_child,Share USB Storage Devices Attached to the Router > Connect a USB storage device to the router,123,123,257,162,nearest_ancestor_subtree,candidate,anchor_or_parent_subtree_child
Q-051,Q-051,d69381d0-06ed-49bf-9fe1-6050d9374432:OUTLINE:7e8558c76cede228,d69381d0-06ed-49bf-9fe1-6050d9374432,netgear-rax120.pdf,RAX120,5dbd3462-d6dd-5cbc-8b96-ea0c1b67e66f,e13591fd-08dc-5203-afd5-4205421897f5,d69381d0-06ed-49bf-9fe1-6050d9374432:e13591fd-08dc-5203-afd5-4205421897f5,parent_subtree_child,Share USB Storage Devices Attached to the Router > Access a storage device connected to the router from a Windows-based computer,124,124,259,172,nearest_ancestor_subtree,candidate,anchor_or_parent_subtree_child
Q-051,Q-051,d69381d0-06ed-49bf-9fe1-6050d9374432:OUTLINE:7e8558c76cede228,d69381d0-06ed-49bf-9fe1-6050d9374432,netgear-rax120.pdf,RAX120,5dbd3462-d6dd-5cbc-8b96-ea0c1b67e66f,67d37d9f-924e-5891-a590-5e0456de8190,d69381d0-06ed-49bf-9fe1-6050d9374432:67d37d9f-924e-5891-a590-5e0456de8190,parent_subtree_child,Share USB Storage Devices Attached to the Router > Map a USB device to a Windows network drive,124,125,261,293,nearest_ancestor_subtree,candidate,anchor_or_parent_subtree_child
Q-051,Q-051,d69381d0-06ed-49bf-9fe1-6050d9374432:OUTLINE:7e8558c76cede228,d69381d0-06ed-49bf-9fe1-6050d9374432,netgear-rax120.pdf,RAX120,5dbd3462-d6dd-5cbc-8b96-ea0c1b67e66f,ef4a3855-0444-5b9c-89e6-56bbbb0b3a68,d69381d0-06ed-49bf-9fe1-6050d9374432:ef4a3855-0444-5b9c-89e6-56bbbb0b3a68,parent_subtree_child,Share USB Storage Devices Attached to the Router > Access a storage device that is connected to the router from a Mac,125,126,263,309,nearest_ancestor_subtree,candidate,anchor_or_parent_subtree_child
Q-051,Q-051,d69381d0-06ed-49bf-9fe1-6050d9374432:OUTLINE:7e8558c76cede228,d69381d0-06ed-49bf-9fe1-6050d9374432,netgear-rax120.pdf,RAX120,5dbd3462-d6dd-5cbc-8b96-ea0c1b67e66f,086f37ff-ba18-5847-88f6-ffe14b704d3a,d69381d0-06ed-49bf-9fe1-6050d9374432:086f37ff-ba18-5847-88f6-ffe14b704d3a,parent_subtree_child,Share USB Storage Devices Attached to the Router > Back up Mac computers with Time Machine,126,126,265,108,nearest_ancestor_subtree,candidate,anchor_or_parent_subtree_child
Q-051,Q-051,d69381d0-06ed-49bf-9fe1-6050d9374432:OUTLINE:7e8558c76cede228,d69381d0-06ed-49bf-9fe1-6050d9374432,netgear-rax120.pdf,RAX120,5dbd3462-d6dd-5cbc-8b96-ea0c1b67e66f,17ad582c-a168-5331-9931-bc900e05e810,d69381d0-06ed-49bf-9fe1-6050d9374432:17ad582c-a168-5331-9931-bc900e05e810,parent_subtree_child,Share USB Storage Devices Attached to the Router > Back up Mac computers with Time Machine > Set up a USB hard drive on a Mac,126,127,267,331,nearest_ancestor_subtree,candidate,anchor_or_parent_subtree_child
Q-051,Q-051,d69381d0-06ed-49bf-9fe1-6050d9374432:OUTLINE:7e8558c76cede228,d69381d0-06ed-49bf-9fe1-6050d9374432,netgear-rax120.pdf,RAX120,5dbd3462-d6dd-5cbc-8b96-ea0c1b67e66f,e33a569c-4d4b-5980-bb49-1ddc090aa2c7,d69381d0-06ed-49bf-9fe1-6050d9374432:e33a569c-4d4b-5980-bb49-1ddc090aa2c7,parent_subtree_child,Share USB Storage Devices Attached to the Router > Back up Mac computers with Time Machine > Prepare to back up a large amount of data,127,127,269,270,nearest_ancestor_subtree,candidate,anchor_or_parent_subtree_child
Q-051,Q-051,d69381d0-06ed-49bf-9fe1-6050d9374432:OUTLINE:7e8558c76cede228,d69381d0-06ed-49bf-9fe1-6050d9374432,netgear-rax120.pdf,RAX120,5dbd3462-d6dd-5cbc-8b96-ea0c1b67e66f,a63eef92-b04f-5721-a16b-76b4b56987d0,d69381d0-06ed-49bf-9fe1-6050d9374432:a63eef92-b04f-5721-a16b-76b4b56987d0,parent_subtree_child,Share USB Storage Devices Attached to the Router > Back up Mac computers with Time Machine > Use Time Machine to back up onto a USB hard disk,127,128,271,488,nearest_ancestor_subtree,candidate,anchor_or_parent_subtree_child
Q-051,Q-051,d69381d0-06ed-49bf-9fe1-6050d9374432:OUTLINE:7e8558c76cede228,d69381d0-06ed-49bf-9fe1-6050d9374432,netgear-rax120.pdf,RAX120,5dbd3462-d6dd-5cbc-8b96-ea0c1b67e66f,662fcb80-0ce3-5797-b452-577fb359c83f,d69381d0-06ed-49bf-9fe1-6050d9374432:662fcb80-0ce3-5797-b452-577fb359c83f,parent_subtree_child,Share USB Storage Devices Attached to the Router > Enable FTP access within your network,129,129,273,183,nearest_ancestor_subtree,candidate,anchor_or_parent_subtree_child
Q-051,Q-051,d69381d0-06ed-49bf-9fe1-6050d9374432:OUTLINE:7e8558c76cede228,d69381d0-06ed-49bf-9fe1-6050d9374432,netgear-rax120.pdf,RAX120,5dbd3462-d6dd-5cbc-8b96-ea0c1b67e66f,14bc83c7-61a2-5364-b2c3-e1a9446f3dbe,d69381d0-06ed-49bf-9fe1-6050d9374432:14bc83c7-61a2-5364-b2c3-e1a9446f3dbe,parent_subtree_child,Share USB Storage Devices Attached to the Router > View network folders on a storage device,129,130,275,357,nearest_ancestor_subtree,candidate,anchor_or_parent_subtree_child
Q-051,Q-051,d69381d0-06ed-49bf-9fe1-6050d9374432:OUTLINE:7e8558c76cede228,d69381d0-06ed-49bf-9fe1-6050d9374432,netgear-rax120.pdf,RAX120,5dbd3462-d6dd-5cbc-8b96-ea0c1b67e66f,9d1e53fd-0a2d-51bd-bb64-2521b239e8f3,d69381d0-06ed-49bf-9fe1-6050d9374432:9d1e53fd-0a2d-51bd-bb64-2521b239e8f3,anchor,Share USB Storage Devices Attached to the Router > Add a network folder on a USB storage device,130,131,277,443,nearest_ancestor_subtree,candidate,anchor_or_parent_subtree_child
Q-051,Q-051,d69381d0-06ed-49bf-9fe1-6050d9374432:OUTLINE:7e8558c76cede228,d69381d0-06ed-49bf-9fe1-6050d9374432,netgear-rax120.pdf,RAX120,5dbd3462-d6dd-5cbc-8b96-ea0c1b67e66f,ef883bba-f58e-59eb-a4c9-3e0a223e7f06,d69381d0-06ed-49bf-9fe1-6050d9374432:ef883bba-f58e-59eb-a4c9-3e0a223e7f06,parent_subtree_child,Share USB Storage Devices Attached to the Router > Edit a network folder on a USB storage device,131,132,279,217,nearest_ancestor_subtree,candidate,anchor_or_parent_subtree_child
Q-051,Q-051,d69381d0-06ed-49bf-9fe1-6050d9374432:OUTLINE:7e8558c76cede228,d69381d0-06ed-49bf-9fe1-6050d9374432,netgear-rax120.pdf,RAX120,5dbd3462-d6dd-5cbc-8b96-ea0c1b67e66f,cd9faf8b-ee14-589d-9699-be59c22ce650,d69381d0-06ed-49bf-9fe1-6050d9374432:cd9faf8b-ee14-589d-9699-be59c22ce650,parent_subtree_child,Share USB Storage Devices Attached to the Router > Safely remove a USB storage device,132,132,281,224,nearest_ancestor_subtree,candidate,anchor_or_parent_subtree_child
Q-052,Q-052,d69381d0-06ed-49bf-9fe1-6050d9374432:OUTLINE:6bfd2d1ed7baea6f,d69381d0-06ed-49bf-9fe1-6050d9374432,netgear-rax120.pdf,RAX120,4c6e4fe2-b50c-5239-8086-68d0a9ec8ad4,6ca6151d-13b9-5a1c-8cde-e22461da51f4,d69381d0-06ed-49bf-9fe1-6050d9374432:6ca6151d-13b9-5a1c-8cde-e22461da51f4,parent_subtree_child,Use Dynamic DNS to Access USB Storage Devices Through the Internet > Set up and manage Dynamic DNS,134,134,285,242,nearest_ancestor_subtree,candidate,anchor_or_parent_subtree_child
Q-052,Q-052,d69381d0-06ed-49bf-9fe1-6050d9374432:OUTLINE:6bfd2d1ed7baea6f,d69381d0-06ed-49bf-9fe1-6050d9374432,netgear-rax120.pdf,RAX120,4c6e4fe2-b50c-5239-8086-68d0a9ec8ad4,f54b1f1e-caf6-5cc7-8ff2-e7a5c4f0271f,d69381d0-06ed-49bf-9fe1-6050d9374432:f54b1f1e-caf6-5cc7-8ff2-e7a5c4f0271f,parent_subtree_child,Use Dynamic DNS to Access USB Storage Devices Through the Internet > Set up and manage Dynamic DNS > Set up a new Dynamic DNS account,134,135,287,318,nearest_ancestor_subtree,candidate,anchor_or_parent_subtree_child
Q-052,Q-052,d69381d0-06ed-49bf-9fe1-6050d9374432:OUTLINE:6bfd2d1ed7baea6f,d69381d0-06ed-49bf-9fe1-6050d9374432,netgear-rax120.pdf,RAX120,4c6e4fe2-b50c-5239-8086-68d0a9ec8ad4,e43b60ee-74fd-5d48-823c-2588148d4411,d69381d0-06ed-49bf-9fe1-6050d9374432:e43b60ee-74fd-5d48-823c-2588148d4411,parent_subtree_child,Use Dynamic DNS to Access USB Storage Devices Through the Internet > Set up and manage Dynamic DNS > Specify a DNS account that you already created,135,136,289,396,nearest_ancestor_subtree,candidate,anchor_or_parent_subtree_child
Q-052,Q-052,d69381d0-06ed-49bf-9fe1-6050d9374432:OUTLINE:6bfd2d1ed7baea6f,d69381d0-06ed-49bf-9fe1-6050d9374432,netgear-rax120.pdf,RAX120,4c6e4fe2-b50c-5239-8086-68d0a9ec8ad4,d7d2bc93-72bb-53d6-945c-0708fde2888b,d69381d0-06ed-49bf-9fe1-6050d9374432:d7d2bc93-72bb-53d6-945c-0708fde2888b,anchor,Use Dynamic DNS to Access USB Storage Devices Through the Internet > Set up and manage Dynamic DNS > Change the Dynamic DNS settings,136,136,291,169,nearest_ancestor_subtree,candidate,anchor_or_parent_subtree_child
Q-053,Q-053,d69381d0-06ed-49bf-9fe1-6050d9374432:OUTLINE:0d5b6e0a7ba7bfe2,d69381d0-06ed-49bf-9fe1-6050d9374432,netgear-rax120.pdf,RAX120,f174b7b6-7e5a-5427-839e-c6a9551a0c8c,f3732efc-ed7e-5ef1-abfe-e4193e034e51,d69381d0-06ed-49bf-9fe1-6050d9374432:f3732efc-ed7e-5ef1-abfe-e4193e034e51,parent_subtree_child,Manage port forwarding and port triggering > Manage port forwarding to a local server,154,154,337,120,nearest_ancestor_subtree,candidate,anchor_or_parent_subtree_child
Q-053,Q-053,d69381d0-06ed-49bf-9fe1-6050d9374432:OUTLINE:0d5b6e0a7ba7bfe2,d69381d0-06ed-49bf-9fe1-6050d9374432,netgear-rax120.pdf,RAX120,f174b7b6-7e5a-5427-839e-c6a9551a0c8c,bd4c95a1-759d-5ce0-931c-626479b66080,d69381d0-06ed-49bf-9fe1-6050d9374432:bd4c95a1-759d-5ce0-931c-626479b66080,parent_subtree_child,Manage port forwarding and port triggering > Manage port forwarding to a local server > Set up port forwarding to a local server,154,155,339,332,nearest_ancestor_subtree,candidate,anchor_or_parent_subtree_child
Q-053,Q-053,d69381d0-06ed-49bf-9fe1-6050d9374432:OUTLINE:0d5b6e0a7ba7bfe2,d69381d0-06ed-49bf-9fe1-6050d9374432,netgear-rax120.pdf,RAX120,f174b7b6-7e5a-5427-839e-c6a9551a0c8c,b10cb40c-c22b-5f9d-b7f2-45089cb0c5d8,d69381d0-06ed-49bf-9fe1-6050d9374432:b10cb40c-c22b-5f9d-b7f2-45089cb0c5d8,parent_subtree_child,Manage port forwarding and port triggering > Manage port forwarding to a local server > Add a custom port forwarding service,155,156,341,506,nearest_ancestor_subtree,candidate,anchor_or_parent_subtree_child
Q-053,Q-053,d69381d0-06ed-49bf-9fe1-6050d9374432:OUTLINE:0d5b6e0a7ba7bfe2,d69381d0-06ed-49bf-9fe1-6050d9374432,netgear-rax120.pdf,RAX120,f174b7b6-7e5a-5427-839e-c6a9551a0c8c,c2704dca-8973-5ecf-af15-2fedb90d9ea4,d69381d0-06ed-49bf-9fe1-6050d9374432:c2704dca-8973-5ecf-af15-2fedb90d9ea4,parent_subtree_child,Manage port forwarding and port triggering > Manage port forwarding to a local server > Edit a port forwarding service,156,156,343,217,nearest_ancestor_subtree,candidate,anchor_or_parent_subtree_child
Q-053,Q-053,d69381d0-06ed-49bf-9fe1-6050d9374432:OUTLINE:0d5b6e0a7ba7bfe2,d69381d0-06ed-49bf-9fe1-6050d9374432,netgear-rax120.pdf,RAX120,f174b7b6-7e5a-5427-839e-c6a9551a0c8c,c0fa25f5-57eb-5278-95d6-0f2bcace224f,d69381d0-06ed-49bf-9fe1-6050d9374432:c0fa25f5-57eb-5278-95d6-0f2bcace224f,parent_subtree_child,Manage port forwarding and port triggering > Manage port forwarding to a local server > Delete a port forwarding entry,157,157,345,187,nearest_ancestor_subtree,candidate,anchor_or_parent_subtree_child
Q-053,Q-053,d69381d0-06ed-49bf-9fe1-6050d9374432:OUTLINE:0d5b6e0a7ba7bfe2,d69381d0-06ed-49bf-9fe1-6050d9374432,netgear-rax120.pdf,RAX120,f174b7b6-7e5a-5427-839e-c6a9551a0c8c,10f082e0-460d-59c2-bf25-090a7b36a4a8,d69381d0-06ed-49bf-9fe1-6050d9374432:10f082e0-460d-59c2-bf25-090a7b36a4a8,parent_subtree_child,Manage port forwarding and port triggering > Manage port forwarding to a local server > Application example: Make a local web server public,157,157,347,234,nearest_ancestor_subtree,candidate,anchor_or_parent_subtree_child
Q-053,Q-053,d69381d0-06ed-49bf-9fe1-6050d9374432:OUTLINE:0d5b6e0a7ba7bfe2,d69381d0-06ed-49bf-9fe1-6050d9374432,netgear-rax120.pdf,RAX120,f174b7b6-7e5a-5427-839e-c6a9551a0c8c,cf516841-9648-5ad0-aaaa-b65b9c5d85aa,d69381d0-06ed-49bf-9fe1-6050d9374432:cf516841-9648-5ad0-aaaa-b65b9c5d85aa,anchor,Manage port forwarding and port triggering > Manage port forwarding to a local server > How the router implements the port forwarding rule,158,158,349,232,nearest_ancestor_subtree,candidate,anchor_or_parent_subtree_child
Q-054,Q-054,d69381d0-06ed-49bf-9fe1-6050d9374432:OUTLINE:392ff4fbd7ee9772,d69381d0-06ed-49bf-9fe1-6050d9374432,netgear-rax120.pdf,RAX120,de0b1f55-4a8b-55f0-9542-217b552fbee1,c34384df-c222-5b59-b7b7-2f04743bef5f,d69381d0-06ed-49bf-9fe1-6050d9374432:c34384df-c222-5b59-b7b7-2f04743bef5f,parent_subtree_child,Troubleshooting,162,162,359,143,nearest_ancestor_subtree,candidate,anchor_or_parent_subtree_child
Q-054,Q-054,d69381d0-06ed-49bf-9fe1-6050d9374432:OUTLINE:392ff4fbd7ee9772,d69381d0-06ed-49bf-9fe1-6050d9374432,netgear-rax120.pdf,RAX120,de0b1f55-4a8b-55f0-9542-217b552fbee1,874f3e49-e5ae-50b6-9017-4f54fd6af512,d69381d0-06ed-49bf-9fe1-6050d9374432:874f3e49-e5ae-50b6-9017-4f54fd6af512,parent_subtree_child,Troubleshooting > Quick tips,163,163,361,18,nearest_ancestor_subtree,candidate,anchor_or_parent_subtree_child
Q-054,Q-054,d69381d0-06ed-49bf-9fe1-6050d9374432:OUTLINE:392ff4fbd7ee9772,d69381d0-06ed-49bf-9fe1-6050d9374432,netgear-rax120.pdf,RAX120,de0b1f55-4a8b-55f0-9542-217b552fbee1,b9cf44a4-e860-572b-8735-b26e1fc948db,d69381d0-06ed-49bf-9fe1-6050d9374432:b9cf44a4-e860-572b-8735-b26e1fc948db,parent_subtree_child,Troubleshooting > Quick tips > Sequence to restart your network,163,163,363,53,nearest_ancestor_subtree,candidate,anchor_or_parent_subtree_child
Q-054,Q-054,d69381d0-06ed-49bf-9fe1-6050d9374432:OUTLINE:392ff4fbd7ee9772,d69381d0-06ed-49bf-9fe1-6050d9374432,netgear-rax120.pdf,RAX120,de0b1f55-4a8b-55f0-9542-217b552fbee1,6b276395-29f9-5df2-adac-bbe935e47b32,d69381d0-06ed-49bf-9fe1-6050d9374432:6b276395-29f9-5df2-adac-bbe935e47b32,parent_subtree_child,Troubleshooting > Quick tips > Check the power adapter and Ethernet cable connections,163,163,365,129,nearest_ancestor_subtree,candidate,anchor_or_parent_subtree_child
Q-054,Q-054,d69381d0-06ed-49bf-9fe1-6050d9374432:OUTLINE:392ff4fbd7ee9772,d69381d0-06ed-49bf-9fe1-6050d9374432,netgear-rax120.pdf,RAX120,de0b1f55-4a8b-55f0-9542-217b552fbee1,f24fac39-a3db-5243-9d24-4986ad8e8cf1,d69381d0-06ed-49bf-9fe1-6050d9374432:f24fac39-a3db-5243-9d24-4986ad8e8cf1,parent_subtree_child,Troubleshooting > Quick tips > Check the WiFi settings,163,163,367,102,nearest_ancestor_subtree,candidate,anchor_or_parent_subtree_child
Q-054,Q-054,d69381d0-06ed-49bf-9fe1-6050d9374432:OUTLINE:392ff4fbd7ee9772,d69381d0-06ed-49bf-9fe1-6050d9374432,netgear-rax120.pdf,RAX120,de0b1f55-4a8b-55f0-9542-217b552fbee1,ec44b73a-1963-51b8-b170-5ef2511a7451,d69381d0-06ed-49bf-9fe1-6050d9374432:ec44b73a-1963-51b8-b170-5ef2511a7451,parent_subtree_child,Troubleshooting > Quick tips > Check the network settings,163,164,369,149,nearest_ancestor_subtree,candidate,anchor_or_parent_subtree_child
Q-054,Q-054,d69381d0-06ed-49bf-9fe1-6050d9374432:OUTLINE:392ff4fbd7ee9772,d69381d0-06ed-49bf-9fe1-6050d9374432,netgear-rax120.pdf,RAX120,de0b1f55-4a8b-55f0-9542-217b552fbee1,19e03d29-379e-5c70-aef8-bc0dd4ff222d,d69381d0-06ed-49bf-9fe1-6050d9374432:19e03d29-379e-5c70-aef8-bc0dd4ff222d,parent_subtree_child,Troubleshooting > Troubleshoot with the LEDs,164,164,371,13,nearest_ancestor_subtree,candidate,anchor_or_parent_subtree_child
Q-054,Q-054,d69381d0-06ed-49bf-9fe1-6050d9374432:OUTLINE:392ff4fbd7ee9772,d69381d0-06ed-49bf-9fe1-6050d9374432,netgear-rax120.pdf,RAX120,de0b1f55-4a8b-55f0-9542-217b552fbee1,53092283-1630-580a-ae86-48bf4df08b16,d69381d0-06ed-49bf-9fe1-6050d9374432:53092283-1630-580a-ae86-48bf4df08b16,parent_subtree_child,Troubleshooting > Troubleshoot with the LEDs > Standard LED behavior when the router is powered on,164,164,373,99,nearest_ancestor_subtree,candidate,anchor_or_parent_subtree_child
Q-054,Q-054,d69381d0-06ed-49bf-9fe1-6050d9374432:OUTLINE:392ff4fbd7ee9772,d69381d0-06ed-49bf-9fe1-6050d9374432,netgear-rax120.pdf,RAX120,de0b1f55-4a8b-55f0-9542-217b552fbee1,bc5a29a3-c41c-51db-96ab-22d5d18c5515,d69381d0-06ed-49bf-9fe1-6050d9374432:bc5a29a3-c41c-51db-96ab-22d5d18c5515,parent_subtree_child,Troubleshooting > Troubleshoot with the LEDs > Power LED is off or blinking,164,164,375,170,nearest_ancestor_subtree,candidate,anchor_or_parent_subtree_child
Q-054,Q-054,d69381d0-06ed-49bf-9fe1-6050d9374432:OUTLINE:392ff4fbd7ee9772,d69381d0-06ed-49bf-9fe1-6050d9374432,netgear-rax120.pdf,RAX120,de0b1f55-4a8b-55f0-9542-217b552fbee1,59cc073b-cb01-5945-a7bd-10eb0067b264,d69381d0-06ed-49bf-9fe1-6050d9374432:59cc073b-cb01-5945-a7bd-10eb0067b264,parent_subtree_child,Troubleshooting > Troubleshoot with the LEDs > LEDs never turn off,164,165,377,126,nearest_ancestor_subtree,candidate,anchor_or_parent_subtree_child
Q-054,Q-054,d69381d0-06ed-49bf-9fe1-6050d9374432:OUTLINE:392ff4fbd7ee9772,d69381d0-06ed-49bf-9fe1-6050d9374432,netgear-rax120.pdf,RAX120,de0b1f55-4a8b-55f0-9542-217b552fbee1,dc920b05-a85c-5eba-9f83-24422f755c6c,d69381d0-06ed-49bf-9fe1-6050d9374432:dc920b05-a85c-5eba-9f83-24422f755c6c,parent_subtree_child,Troubleshooting > Troubleshoot with the LEDs > Internet or Ethernet LAN port LEDs are off,165,165,379,134,nearest_ancestor_subtree,candidate,anchor_or_parent_subtree_child
Q-054,Q-054,d69381d0-06ed-49bf-9fe1-6050d9374432:OUTLINE:392ff4fbd7ee9772,d69381d0-06ed-49bf-9fe1-6050d9374432,netgear-rax120.pdf,RAX120,de0b1f55-4a8b-55f0-9542-217b552fbee1,5cdde1bb-9f34-58f5-a81e-b80ef1f7b022,d69381d0-06ed-49bf-9fe1-6050d9374432:5cdde1bb-9f34-58f5-a81e-b80ef1f7b022,parent_subtree_child,Troubleshooting > Troubleshoot with the LEDs > WiFi LED is off,165,165,381,79,nearest_ancestor_subtree,candidate,anchor_or_parent_subtree_child
Q-054,Q-054,d69381d0-06ed-49bf-9fe1-6050d9374432:OUTLINE:392ff4fbd7ee9772,d69381d0-06ed-49bf-9fe1-6050d9374432,netgear-rax120.pdf,RAX120,de0b1f55-4a8b-55f0-9542-217b552fbee1,e34fa161-9104-5116-90b4-a35d5749364c,d69381d0-06ed-49bf-9fe1-6050d9374432:e34fa161-9104-5116-90b4-a35d5749364c,parent_subtree_child,Troubleshooting > You cannot log in to the router,165,166,383,617,nearest_ancestor_subtree,candidate,anchor_or_parent_subtree_child
Q-054,Q-054,d69381d0-06ed-49bf-9fe1-6050d9374432:OUTLINE:392ff4fbd7ee9772,d69381d0-06ed-49bf-9fe1-6050d9374432,netgear-rax120.pdf,RAX120,de0b1f55-4a8b-55f0-9542-217b552fbee1,d391fad6-8f89-528c-9e77-629049ac978d,d69381d0-06ed-49bf-9fe1-6050d9374432:d391fad6-8f89-528c-9e77-629049ac978d,parent_subtree_child,Troubleshooting > You cannot access the Internet,166,168,385,746,nearest_ancestor_subtree,candidate,anchor_or_parent_subtree_child
Q-054,Q-054,d69381d0-06ed-49bf-9fe1-6050d9374432:OUTLINE:392ff4fbd7ee9772,d69381d0-06ed-49bf-9fe1-6050d9374432,netgear-rax120.pdf,RAX120,de0b1f55-4a8b-55f0-9542-217b552fbee1,ff1f5340-8ce2-5c00-b61b-e404662096a4,d69381d0-06ed-49bf-9fe1-6050d9374432:ff1f5340-8ce2-5c00-b61b-e404662096a4,parent_subtree_child,Troubleshooting > Troubleshoot Internet browsing,168,168,387,283,nearest_ancestor_subtree,candidate,anchor_or_parent_subtree_child
Q-054,Q-054,d69381d0-06ed-49bf-9fe1-6050d9374432:OUTLINE:392ff4fbd7ee9772,d69381d0-06ed-49bf-9fe1-6050d9374432,netgear-rax120.pdf,RAX120,de0b1f55-4a8b-55f0-9542-217b552fbee1,5248213a-8c94-5110-b8b4-37fc33d44bb1,d69381d0-06ed-49bf-9fe1-6050d9374432:5248213a-8c94-5110-b8b4-37fc33d44bb1,parent_subtree_child,Troubleshooting > Changes are not saved,168,168,389,101,nearest_ancestor_subtree,candidate,anchor_or_parent_subtree_child
Q-054,Q-054,d69381d0-06ed-49bf-9fe1-6050d9374432:OUTLINE:392ff4fbd7ee9772,d69381d0-06ed-49bf-9fe1-6050d9374432,netgear-rax120.pdf,RAX120,de0b1f55-4a8b-55f0-9542-217b552fbee1,48b55cf6-5b08-527e-bd26-f4183bca41e2,d69381d0-06ed-49bf-9fe1-6050d9374432:48b55cf6-5b08-527e-bd26-f4183bca41e2,anchor,Troubleshooting > Troubleshoot WiFi connectivity,169,169,391,306,nearest_ancestor_subtree,candidate,anchor_or_parent_subtree_child
Q-054,Q-054,d69381d0-06ed-49bf-9fe1-6050d9374432:OUTLINE:392ff4fbd7ee9772,d69381d0-06ed-49bf-9fe1-6050d9374432,netgear-rax120.pdf,RAX120,de0b1f55-4a8b-55f0-9542-217b552fbee1,ab1f10d8-9170-5cf3-9dbc-62ef6cef64f3,d69381d0-06ed-49bf-9fe1-6050d9374432:ab1f10d8-9170-5cf3-9dbc-62ef6cef64f3,parent_subtree_child,Troubleshooting > Troubleshoot your network using the ping utility,169,169,393,64,nearest_ancestor_subtree,candidate,anchor_or_parent_subtree_child
Q-054,Q-054,d69381d0-06ed-49bf-9fe1-6050d9374432:OUTLINE:392ff4fbd7ee9772,d69381d0-06ed-49bf-9fe1-6050d9374432,netgear-rax120.pdf,RAX120,de0b1f55-4a8b-55f0-9542-217b552fbee1,742aebb8-def7-557e-90b0-9a86f89c3e00,d69381d0-06ed-49bf-9fe1-6050d9374432:742aebb8-def7-557e-90b0-9a86f89c3e00,parent_subtree_child,Troubleshooting > Troubleshoot your network using the ping utility > Test the LAN path to your router,169,170,395,351,nearest_ancestor_subtree,candidate,anchor_or_parent_subtree_child
Q-054,Q-054,d69381d0-06ed-49bf-9fe1-6050d9374432:OUTLINE:392ff4fbd7ee9772,d69381d0-06ed-49bf-9fe1-6050d9374432,netgear-rax120.pdf,RAX120,de0b1f55-4a8b-55f0-9542-217b552fbee1,a57ec6c5-b0e2-5468-95b3-86df9ea89365,d69381d0-06ed-49bf-9fe1-6050d9374432:a57ec6c5-b0e2-5468-95b3-86df9ea89365,parent_subtree_child,Troubleshooting > Troubleshoot your network using the ping utility > Test the path from a Windows-based computer to a remote device,170,171,397,395,nearest_ancestor_subtree,candidate,anchor_or_parent_subtree_child
Q-055,Q-055,d69381d0-06ed-49bf-9fe1-6050d9374432:OUTLINE:41c9cb735a542932,d69381d0-06ed-49bf-9fe1-6050d9374432,netgear-rax120.pdf,RAX120,70a995e0-46cc-57ce-93cd-d0626d97080a,79516fac-9bcc-5550-b81e-1b52e81d140e,d69381d0-06ed-49bf-9fe1-6050d9374432:79516fac-9bcc-5550-b81e-1b52e81d140e,parent_subtree_child,Supplemental Information,172,172,399,38,nearest_ancestor_subtree,candidate,anchor_or_parent_subtree_child
Q-055,Q-055,d69381d0-06ed-49bf-9fe1-6050d9374432:OUTLINE:41c9cb735a542932,d69381d0-06ed-49bf-9fe1-6050d9374432,netgear-rax120.pdf,RAX120,70a995e0-46cc-57ce-93cd-d0626d97080a,7059c14f-c840-5863-9050-2518f69aa8d5,d69381d0-06ed-49bf-9fe1-6050d9374432:7059c14f-c840-5863-9050-2518f69aa8d5,anchor,Supplemental Information > Factory settings,173,174,401,390,nearest_ancestor_subtree,candidate,anchor_or_parent_subtree_child
Q-055,Q-055,d69381d0-06ed-49bf-9fe1-6050d9374432:OUTLINE:41c9cb735a542932,d69381d0-06ed-49bf-9fe1-6050d9374432,netgear-rax120.pdf,RAX120,70a995e0-46cc-57ce-93cd-d0626d97080a,b99bfe8a-2c7b-5d11-8e26-ac160c89d9c9,d69381d0-06ed-49bf-9fe1-6050d9374432:b99bfe8a-2c7b-5d11-8e26-ac160c89d9c9,parent_subtree_child,Supplemental Information > Technical specifications,174,175,403,459,nearest_ancestor_subtree,candidate,anchor_or_parent_subtree_child
Q-056,Q-056,e65eaa31-8579-448d-a22c-88a8fde64409:OUTLINE:79aeb7edd70d3319,e65eaa31-8579-448d-a22c-88a8fde64409,netgear-rax50.pdf,RAX50,de89254c-0fb6-5c68-9039-ff8f55779715,2f9d51bc-9919-5354-b6d5-ff3ecb6a5791,e65eaa31-8579-448d-a22c-88a8fde64409:2f9d51bc-9919-5354-b6d5-ff3ecb6a5791,parent_subtree_child,Hardware Setup,8,8,3,85,nearest_ancestor_subtree,candidate,anchor_or_parent_subtree_child
Q-056,Q-056,e65eaa31-8579-448d-a22c-88a8fde64409:OUTLINE:79aeb7edd70d3319,e65eaa31-8579-448d-a22c-88a8fde64409,netgear-rax50.pdf,RAX50,de89254c-0fb6-5c68-9039-ff8f55779715,49fd8078-d12d-592a-84fa-1e686f72b071,e65eaa31-8579-448d-a22c-88a8fde64409:49fd8078-d12d-592a-84fa-1e686f72b071,parent_subtree_child,Hardware Setup > Unpack your router,9,9,5,30,nearest_ancestor_subtree,candidate,anchor_or_parent_subtree_child
Q-056,Q-056,e65eaa31-8579-448d-a22c-88a8fde64409:OUTLINE:79aeb7edd70d3319,e65eaa31-8579-448d-a22c-88a8fde64409,netgear-rax50.pdf,RAX50,de89254c-0fb6-5c68-9039-ff8f55779715,768db634-23d4-52e8-85b2-64f39b4bb22f,e65eaa31-8579-448d-a22c-88a8fde64409:768db634-23d4-52e8-85b2-64f39b4bb22f,parent_subtree_child,Hardware Setup > Top panel LEDs and buttons,10,11,7,496,nearest_ancestor_subtree,candidate,anchor_or_parent_subtree_child
Q-056,Q-056,e65eaa31-8579-448d-a22c-88a8fde64409:OUTLINE:79aeb7edd70d3319,e65eaa31-8579-448d-a22c-88a8fde64409,netgear-rax50.pdf,RAX50,de89254c-0fb6-5c68-9039-ff8f55779715,6b5281de-e334-5b77-972d-87d1f2c26ff8,e65eaa31-8579-448d-a22c-88a8fde64409:6b5281de-e334-5b77-972d-87d1f2c26ff8,parent_subtree_child,Hardware Setup > Rear panel,12,12,9,217,nearest_ancestor_subtree,candidate,anchor_or_parent_subtree_child
Q-056,Q-056,e65eaa31-8579-448d-a22c-88a8fde64409:OUTLINE:79aeb7edd70d3319,e65eaa31-8579-448d-a22c-88a8fde64409,netgear-rax50.pdf,RAX50,de89254c-0fb6-5c68-9039-ff8f55779715,34a580cd-450c-55e1-8009-658748d19a31,e65eaa31-8579-448d-a22c-88a8fde64409:34a580cd-450c-55e1-8009-658748d19a31,parent_subtree_child,Hardware Setup > Router label,13,13,11,34,nearest_ancestor_subtree,candidate,anchor_or_parent_subtree_child
Q-056,Q-056,e65eaa31-8579-448d-a22c-88a8fde64409:OUTLINE:79aeb7edd70d3319,e65eaa31-8579-448d-a22c-88a8fde64409,netgear-rax50.pdf,RAX50,de89254c-0fb6-5c68-9039-ff8f55779715,c31cd99a-365c-5ce5-8381-39df25c52273,e65eaa31-8579-448d-a22c-88a8fde64409:c31cd99a-365c-5ce5-8381-39df25c52273,parent_subtree_child,Hardware Setup > Attach and position the antennas,13,13,13,119,nearest_ancestor_subtree,candidate,anchor_or_parent_subtree_child
Q-056,Q-056,e65eaa31-8579-448d-a22c-88a8fde64409:OUTLINE:79aeb7edd70d3319,e65eaa31-8579-448d-a22c-88a8fde64409,netgear-rax50.pdf,RAX50,de89254c-0fb6-5c68-9039-ff8f55779715,f42f57b0-65cd-5982-935c-289c54636287,e65eaa31-8579-448d-a22c-88a8fde64409:f42f57b0-65cd-5982-935c-289c54636287,anchor,Hardware Setup > Position your router,14,14,15,360,nearest_ancestor_subtree,candidate,anchor_or_parent_subtree_child
Q-056,Q-056,e65eaa31-8579-448d-a22c-88a8fde64409:OUTLINE:79aeb7edd70d3319,e65eaa31-8579-448d-a22c-88a8fde64409,netgear-rax50.pdf,RAX50,de89254c-0fb6-5c68-9039-ff8f55779715,5440f2d1-02b4-5d02-94d9-972ad6453e45,e65eaa31-8579-448d-a22c-88a8fde64409:5440f2d1-02b4-5d02-94d9-972ad6453e45,parent_subtree_child,Hardware Setup > Wall-mount your router,15,15,17,120,nearest_ancestor_subtree,candidate,anchor_or_parent_subtree_child
Q-056,Q-056,e65eaa31-8579-448d-a22c-88a8fde64409:OUTLINE:79aeb7edd70d3319,e65eaa31-8579-448d-a22c-88a8fde64409,netgear-rax50.pdf,RAX50,de89254c-0fb6-5c68-9039-ff8f55779715,b44981b7-18cf-5ed8-8dec-a23e367c49c5,e65eaa31-8579-448d-a22c-88a8fde64409:b44981b7-18cf-5ed8-8dec-a23e367c49c5,parent_subtree_child,Hardware Setup > Cable your router,16,16,19,167,nearest_ancestor_subtree,candidate,anchor_or_parent_subtree_child
Q-057,Q-057,e65eaa31-8579-448d-a22c-88a8fde64409:OUTLINE:41ba92c1cd759ea9,e65eaa31-8579-448d-a22c-88a8fde64409,netgear-rax50.pdf,RAX50,bfcf7569-5537-5b34-821b-0f199660991d,dc36f815-7f24-51a5-a0f4-3813ca57ccec,e65eaa31-8579-448d-a22c-88a8fde64409:dc36f815-7f24-51a5-a0f4-3813ca57ccec,parent_subtree_child,Connect to the Network and Access the Router > Connect to the router network,18,18,23,56,nearest_ancestor_subtree,candidate,anchor_or_parent_subtree_child
Q-057,Q-057,e65eaa31-8579-448d-a22c-88a8fde64409:OUTLINE:41ba92c1cd759ea9,e65eaa31-8579-448d-a22c-88a8fde64409,netgear-rax50.pdf,RAX50,bfcf7569-5537-5b34-821b-0f199660991d,1b2c7958-ebc1-5927-bfb6-4acbd0f97781,e65eaa31-8579-448d-a22c-88a8fde64409:1b2c7958-ebc1-5927-bfb6-4acbd0f97781,parent_subtree_child,Connect to the Network and Access the Router > Connect to the router network > Connect to the router using a wired connection,18,18,25,115,nearest_ancestor_subtree,candidate,anchor_or_parent_subtree_child
Q-057,Q-057,e65eaa31-8579-448d-a22c-88a8fde64409:OUTLINE:41ba92c1cd759ea9,e65eaa31-8579-448d-a22c-88a8fde64409,netgear-rax50.pdf,RAX50,bfcf7569-5537-5b34-821b-0f199660991d,e00425b6-15d6-5234-b2e5-d0f194e4e777,e65eaa31-8579-448d-a22c-88a8fde64409:e00425b6-15d6-5234-b2e5-d0f194e4e777,anchor,Connect to the Network and Access the Router > Connect to the router network > Connect to the router WiFi network,18,18,27,142,nearest_ancestor_subtree,candidate,anchor_or_parent_subtree_child
Q-057,Q-057,e65eaa31-8579-448d-a22c-88a8fde64409:OUTLINE:41ba92c1cd759ea9,e65eaa31-8579-448d-a22c-88a8fde64409,netgear-rax50.pdf,RAX50,bfcf7569-5537-5b34-821b-0f199660991d,0d0332bd-75ac-5ad3-9c5a-7aed854a77fe,e65eaa31-8579-448d-a22c-88a8fde64409:0d0332bd-75ac-5ad3-9c5a-7aed854a77fe,parent_subtree_child,Connect to the Network and Access the Router > Connect to the router network > Connect to the WiFi network using WPS,18,19,29,147,nearest_ancestor_subtree,candidate,anchor_or_parent_subtree_child
Q-058,Q-058,e65eaa31-8579-448d-a22c-88a8fde64409:OUTLINE:5c59851a56345ebf,e65eaa31-8579-448d-a22c-88a8fde64409,netgear-rax50.pdf,RAX50,df48dc5e-0136-5d38-a28e-c0e537029fe8,2d710e2c-fca4-5a53-a28f-503997ac9004,e65eaa31-8579-448d-a22c-88a8fde64409:2d710e2c-fca4-5a53-a28f-503997ac9004,parent_subtree_child,Specify Your Internet Settings > Specify IPv6 Internet connections,27,28,53,266,nearest_ancestor_subtree,candidate,anchor_or_parent_subtree_child
Q-058,Q-058,e65eaa31-8579-448d-a22c-88a8fde64409:OUTLINE:5c59851a56345ebf,e65eaa31-8579-448d-a22c-88a8fde64409,netgear-rax50.pdf,RAX50,df48dc5e-0136-5d38-a28e-c0e537029fe8,1c001bc4-2e58-5ca4-ace1-c1b6b442ea8e,e65eaa31-8579-448d-a22c-88a8fde64409:1c001bc4-2e58-5ca4-ace1-c1b6b442ea8e,parent_subtree_child,Specify Your Internet Settings > Specify IPv6 Internet connections > Requirements for entering IPv6 addresses,28,28,55,94,nearest_ancestor_subtree,candidate,anchor_or_parent_subtree_child
Q-058,Q-058,e65eaa31-8579-448d-a22c-88a8fde64409:OUTLINE:5c59851a56345ebf,e65eaa31-8579-448d-a22c-88a8fde64409,netgear-rax50.pdf,RAX50,df48dc5e-0136-5d38-a28e-c0e537029fe8,ee07852d-b609-5f27-bc97-a2f0b1878979,e65eaa31-8579-448d-a22c-88a8fde64409:ee07852d-b609-5f27-bc97-a2f0b1878979,parent_subtree_child,Specify Your Internet Settings > Specify IPv6 Internet connections > Use auto detect for an IPv6 Internet connection,28,29,57,567,nearest_ancestor_subtree,candidate,anchor_or_parent_subtree_child
Q-058,Q-058,e65eaa31-8579-448d-a22c-88a8fde64409:OUTLINE:5c59851a56345ebf,e65eaa31-8579-448d-a22c-88a8fde64409,netgear-rax50.pdf,RAX50,df48dc5e-0136-5d38-a28e-c0e537029fe8,60bde80c-34b9-5f48-858f-3fcabaf28633,e65eaa31-8579-448d-a22c-88a8fde64409:60bde80c-34b9-5f48-858f-3fcabaf28633,parent_subtree_child,Specify Your Internet Settings > Specify IPv6 Internet connections > Set up an IPv6 6to4 tunnel Internet connection,29,31,59,690,nearest_ancestor_subtree,candidate,anchor_or_parent_subtree_child
Q-058,Q-058,e65eaa31-8579-448d-a22c-88a8fde64409:OUTLINE:5c59851a56345ebf,e65eaa31-8579-448d-a22c-88a8fde64409,netgear-rax50.pdf,RAX50,df48dc5e-0136-5d38-a28e-c0e537029fe8,8c9913a4-92ae-5ea2-9c4b-f2b8953ac4a7,e65eaa31-8579-448d-a22c-88a8fde64409:8c9913a4-92ae-5ea2-9c4b-f2b8953ac4a7,parent_subtree_child,Specify Your Internet Settings > Specify IPv6 Internet connections > Set up an IPv6 pass-through Internet connection,31,31,61,221,nearest_ancestor_subtree,candidate,anchor_or_parent_subtree_child
Q-058,Q-058,e65eaa31-8579-448d-a22c-88a8fde64409:OUTLINE:5c59851a56345ebf,e65eaa31-8579-448d-a22c-88a8fde64409,netgear-rax50.pdf,RAX50,df48dc5e-0136-5d38-a28e-c0e537029fe8,db5f8935-dde2-5c3a-bfa8-a2300f62d0ab,e65eaa31-8579-448d-a22c-88a8fde64409:db5f8935-dde2-5c3a-bfa8-a2300f62d0ab,parent_subtree_child,Specify Your Internet Settings > Specify IPv6 Internet connections > Set up an IPv6 fixed Internet connection,32,33,63,534,nearest_ancestor_subtree,candidate,anchor_or_parent_subtree_child
Q-058,Q-058,e65eaa31-8579-448d-a22c-88a8fde64409:OUTLINE:5c59851a56345ebf,e65eaa31-8579-448d-a22c-88a8fde64409,netgear-rax50.pdf,RAX50,df48dc5e-0136-5d38-a28e-c0e537029fe8,5c7cdd1d-9c90-5e6d-ab8c-3d5c3661a3fe,e65eaa31-8579-448d-a22c-88a8fde64409:5c7cdd1d-9c90-5e6d-ab8c-3d5c3661a3fe,parent_subtree_child,Specify Your Internet Settings > Specify IPv6 Internet connections > Set up an IPv6 DHCP Internet connection,33,34,65,803,nearest_ancestor_subtree,candidate,anchor_or_parent_subtree_child
Q-058,Q-058,e65eaa31-8579-448d-a22c-88a8fde64409:OUTLINE:5c59851a56345ebf,e65eaa31-8579-448d-a22c-88a8fde64409,netgear-rax50.pdf,RAX50,df48dc5e-0136-5d38-a28e-c0e537029fe8,84c85809-aca9-59ec-93c0-ca4292209b4e,e65eaa31-8579-448d-a22c-88a8fde64409:84c85809-aca9-59ec-93c0-ca4292209b4e,parent_subtree_child,Specify Your Internet Settings > Specify IPv6 Internet connections > Set up an IPv6 PPPoE Internet connection,35,36,67,884,nearest_ancestor_subtree,candidate,anchor_or_parent_subtree_child
Q-058,Q-058,e65eaa31-8579-448d-a22c-88a8fde64409:OUTLINE:5c59851a56345ebf,e65eaa31-8579-448d-a22c-88a8fde64409,netgear-rax50.pdf,RAX50,df48dc5e-0136-5d38-a28e-c0e537029fe8,e87e22a2-a89c-58a7-9ff2-ff82463e19a7,e65eaa31-8579-448d-a22c-88a8fde64409:e87e22a2-a89c-58a7-9ff2-ff82463e19a7,anchor,Specify Your Internet Settings > Specify IPv6 Internet connections > Use auto config for an IPv6 Internet connection,36,38,69,810,nearest_ancestor_subtree,candidate,anchor_or_parent_subtree_child
Q-058,Q-058,e65eaa31-8579-448d-a22c-88a8fde64409:OUTLINE:5c59851a56345ebf,e65eaa31-8579-448d-a22c-88a8fde64409,netgear-rax50.pdf,RAX50,df48dc5e-0136-5d38-a28e-c0e537029fe8,41a1822f-3f8a-56e0-bf8a-f9eccef671b6,e65eaa31-8579-448d-a22c-88a8fde64409:41a1822f-3f8a-56e0-bf8a-f9eccef671b6,parent_subtree_child,Specify Your Internet Settings > Specify IPv6 Internet connections > Set up an IPv6 6rd Internet connection,38,40,71,929,nearest_ancestor_subtree,candidate,anchor_or_parent_subtree_child
Q-059,Q-059,e65eaa31-8579-448d-a22c-88a8fde64409:OUTLINE:121e62ef30e6e2d8,e65eaa31-8579-448d-a22c-88a8fde64409,netgear-rax50.pdf,RAX50,9b931d2f-1a6d-5c46-8328-384cec734c2f,9a5a5bff-8b53-5c37-9d87-9ce596f7433e,e65eaa31-8579-448d-a22c-88a8fde64409:9a5a5bff-8b53-5c37-9d87-9ce596f7433e,parent_subtree_child,Control Access to the Internet > Network access control list,43,43,81,408,nearest_ancestor_subtree,candidate,anchor_or_parent_subtree_child
Q-059,Q-059,e65eaa31-8579-448d-a22c-88a8fde64409:OUTLINE:121e62ef30e6e2d8,e65eaa31-8579-448d-a22c-88a8fde64409,netgear-rax50.pdf,RAX50,9b931d2f-1a6d-5c46-8328-384cec734c2f,f5872d3c-76d3-512c-bb09-69a649f6720f,e65eaa31-8579-448d-a22c-88a8fde64409:f5872d3c-76d3-512c-bb09-69a649f6720f,parent_subtree_child,"Control Access to the Internet > Network access control list > Enable the network access control list, set the access rule, and allow or block connected devices",43,45,83,913,nearest_ancestor_subtree,candidate,anchor_or_parent_subtree_child
Q-059,Q-059,e65eaa31-8579-448d-a22c-88a8fde64409:OUTLINE:121e62ef30e6e2d8,e65eaa31-8579-448d-a22c-88a8fde64409,netgear-rax50.pdf,RAX50,9b931d2f-1a6d-5c46-8328-384cec734c2f,03914fcb-62c9-5345-8ab2-2475379fe1be,e65eaa31-8579-448d-a22c-88a8fde64409:03914fcb-62c9-5345-8ab2-2475379fe1be,anchor,Control Access to the Internet > Network access control list > Manage allowed devices currently not on the network,45,47,85,704,nearest_ancestor_subtree,candidate,anchor_or_parent_subtree_child
Q-059,Q-059,e65eaa31-8579-448d-a22c-88a8fde64409:OUTLINE:121e62ef30e6e2d8,e65eaa31-8579-448d-a22c-88a8fde64409,netgear-rax50.pdf,RAX50,9b931d2f-1a6d-5c46-8328-384cec734c2f,bf4b489e-adc8-5174-a565-5fb7e6fec6b3,e65eaa31-8579-448d-a22c-88a8fde64409:bf4b489e-adc8-5174-a565-5fb7e6fec6b3,parent_subtree_child,Control Access to the Internet > Network access control list > Manage blocked devices currently not on the network,47,48,87,662,nearest_ancestor_subtree,candidate,anchor_or_parent_subtree_child
Q-060,Q-060,e65eaa31-8579-448d-a22c-88a8fde64409:OUTLINE:f362300bbbc0324c,e65eaa31-8579-448d-a22c-88a8fde64409,netgear-rax50.pdf,RAX50,1caeace7-bc93-5556-8552-6fde55d0f55d,ab459710-fc4e-5fb7-b276-ec36619929af,e65eaa31-8579-448d-a22c-88a8fde64409:ab459710-fc4e-5fb7-b276-ec36619929af,parent_subtree_child,Optimize Performance > Use Dynamic QoS to optimize Internet traffic management,86,86,167,85,nearest_ancestor_subtree,candidate,anchor_or_parent_subtree_child
Q-060,Q-060,e65eaa31-8579-448d-a22c-88a8fde64409:OUTLINE:f362300bbbc0324c,e65eaa31-8579-448d-a22c-88a8fde64409,netgear-rax50.pdf,RAX50,1caeace7-bc93-5556-8552-6fde55d0f55d,d2849132-6a3d-520c-8f2c-bd5e904e522d,e65eaa31-8579-448d-a22c-88a8fde64409:d2849132-6a3d-520c-8f2c-bd5e904e522d,anchor,Optimize Performance > Use Dynamic QoS to optimize Internet traffic management > Enable Dynamic QoS,86,87,169,316,nearest_ancestor_subtree,candidate,anchor_or_parent_subtree_child
Q-060,Q-060,e65eaa31-8579-448d-a22c-88a8fde64409:OUTLINE:f362300bbbc0324c,e65eaa31-8579-448d-a22c-88a8fde64409,netgear-rax50.pdf,RAX50,1caeace7-bc93-5556-8552-6fde55d0f55d,f6fd63f2-f6fd-5bae-a838-1a933a94fc87,e65eaa31-8579-448d-a22c-88a8fde64409:f6fd63f2-f6fd-5bae-a838-1a933a94fc87,parent_subtree_child,Optimize Performance > Use Dynamic QoS to optimize Internet traffic management > Enable or disable the automatic QoS database update,87,87,171,240,nearest_ancestor_subtree,candidate,anchor_or_parent_subtree_child
Q-060,Q-060,e65eaa31-8579-448d-a22c-88a8fde64409:OUTLINE:f362300bbbc0324c,e65eaa31-8579-448d-a22c-88a8fde64409,netgear-rax50.pdf,RAX50,1caeace7-bc93-5556-8552-6fde55d0f55d,93ffa849-c75e-5120-be9a-d99bb0eed70b,e65eaa31-8579-448d-a22c-88a8fde64409:93ffa849-c75e-5120-be9a-d99bb0eed70b,parent_subtree_child,Optimize Performance > Use Dynamic QoS to optimize Internet traffic management > Manually update the dynamic QoS database,87,88,173,253,nearest_ancestor_subtree,candidate,anchor_or_parent_subtree_child
Q-061,Q-061,e65eaa31-8579-448d-a22c-88a8fde64409:OUTLINE:41d86e3c0982faa9,e65eaa31-8579-448d-a22c-88a8fde64409,netgear-rax50.pdf,RAX50,1caeace7-bc93-5556-8552-6fde55d0f55d,ab459710-fc4e-5fb7-b276-ec36619929af,e65eaa31-8579-448d-a22c-88a8fde64409:ab459710-fc4e-5fb7-b276-ec36619929af,parent_subtree_child,Optimize Performance > Use Dynamic QoS to optimize Internet traffic management,86,86,167,85,nearest_ancestor_subtree,candidate,anchor_or_parent_subtree_child
Q-061,Q-061,e65eaa31-8579-448d-a22c-88a8fde64409:OUTLINE:41d86e3c0982faa9,e65eaa31-8579-448d-a22c-88a8fde64409,netgear-rax50.pdf,RAX50,1caeace7-bc93-5556-8552-6fde55d0f55d,d2849132-6a3d-520c-8f2c-bd5e904e522d,e65eaa31-8579-448d-a22c-88a8fde64409:d2849132-6a3d-520c-8f2c-bd5e904e522d,parent_subtree_child,Optimize Performance > Use Dynamic QoS to optimize Internet traffic management > Enable Dynamic QoS,86,87,169,316,nearest_ancestor_subtree,candidate,anchor_or_parent_subtree_child
Q-061,Q-061,e65eaa31-8579-448d-a22c-88a8fde64409:OUTLINE:41d86e3c0982faa9,e65eaa31-8579-448d-a22c-88a8fde64409,netgear-rax50.pdf,RAX50,1caeace7-bc93-5556-8552-6fde55d0f55d,f6fd63f2-f6fd-5bae-a838-1a933a94fc87,e65eaa31-8579-448d-a22c-88a8fde64409:f6fd63f2-f6fd-5bae-a838-1a933a94fc87,parent_subtree_child,Optimize Performance > Use Dynamic QoS to optimize Internet traffic management > Enable or disable the automatic QoS database update,87,87,171,240,nearest_ancestor_subtree,candidate,anchor_or_parent_subtree_child
Q-061,Q-061,e65eaa31-8579-448d-a22c-88a8fde64409:OUTLINE:41d86e3c0982faa9,e65eaa31-8579-448d-a22c-88a8fde64409,netgear-rax50.pdf,RAX50,1caeace7-bc93-5556-8552-6fde55d0f55d,93ffa849-c75e-5120-be9a-d99bb0eed70b,e65eaa31-8579-448d-a22c-88a8fde64409:93ffa849-c75e-5120-be9a-d99bb0eed70b,anchor,Optimize Performance > Use Dynamic QoS to optimize Internet traffic management > Manually update the dynamic QoS database,87,88,173,253,nearest_ancestor_subtree,candidate,anchor_or_parent_subtree_child
Q-062,Q-062,e65eaa31-8579-448d-a22c-88a8fde64409:OUTLINE:5ae513b79530a608,e65eaa31-8579-448d-a22c-88a8fde64409,netgear-rax50.pdf,RAX50,91888166-f104-561a-9815-c12ae92d0ad3,9b436014-fc83-5419-ba50-613703d5232d,e65eaa31-8579-448d-a22c-88a8fde64409:9b436014-fc83-5419-ba50-613703d5232d,parent_subtree_child,Manage Your Router > Manage the router configuration file,104,104,209,51,nearest_ancestor_subtree,candidate,anchor_or_parent_subtree_child
Q-062,Q-062,e65eaa31-8579-448d-a22c-88a8fde64409:OUTLINE:5ae513b79530a608,e65eaa31-8579-448d-a22c-88a8fde64409,netgear-rax50.pdf,RAX50,91888166-f104-561a-9815-c12ae92d0ad3,0e8a4859-ac3f-57fd-a7ae-a5affebcdfde,e65eaa31-8579-448d-a22c-88a8fde64409:0e8a4859-ac3f-57fd-a7ae-a5affebcdfde,parent_subtree_child,Manage Your Router > Manage the router configuration file > Back up the settings,104,104,211,177,nearest_ancestor_subtree,candidate,anchor_or_parent_subtree_child
Q-062,Q-062,e65eaa31-8579-448d-a22c-88a8fde64409:OUTLINE:5ae513b79530a608,e65eaa31-8579-448d-a22c-88a8fde64409,netgear-rax50.pdf,RAX50,91888166-f104-561a-9815-c12ae92d0ad3,03a4fccb-bb0c-56ec-b67b-eee79c190813,e65eaa31-8579-448d-a22c-88a8fde64409:03a4fccb-bb0c-56ec-b67b-eee79c190813,anchor,Manage Your Router > Manage the router configuration file > Erase the settings,104,105,213,250,nearest_ancestor_subtree,candidate,anchor_or_parent_subtree_child
Q-062,Q-062,e65eaa31-8579-448d-a22c-88a8fde64409:OUTLINE:5ae513b79530a608,e65eaa31-8579-448d-a22c-88a8fde64409,netgear-rax50.pdf,RAX50,91888166-f104-561a-9815-c12ae92d0ad3,98cfa2a4-509e-5858-8e32-2a914f7b5f31,e65eaa31-8579-448d-a22c-88a8fde64409:98cfa2a4-509e-5858-8e32-2a914f7b5f31,parent_subtree_child,Manage Your Router > Manage the router configuration file > Restore the settings,105,105,215,190,nearest_ancestor_subtree,candidate,anchor_or_parent_subtree_child
Q-063,Q-063,e65eaa31-8579-448d-a22c-88a8fde64409:OUTLINE:8b9e84b41a8e2327,e65eaa31-8579-448d-a22c-88a8fde64409,netgear-rax50.pdf,RAX50,0f27d2f0-6678-5bc4-8196-4270cb292aa2,7f97b8de-51fb-5f25-b26d-171f115814d2,e65eaa31-8579-448d-a22c-88a8fde64409:7f97b8de-51fb-5f25-b26d-171f115814d2,parent_subtree_child,Use OpenVPN to Access Your Network,127,127,275,124,nearest_ancestor_subtree,candidate,anchor_or_parent_subtree_child
Q-063,Q-063,e65eaa31-8579-448d-a22c-88a8fde64409:OUTLINE:8b9e84b41a8e2327,e65eaa31-8579-448d-a22c-88a8fde64409,netgear-rax50.pdf,RAX50,0f27d2f0-6678-5bc4-8196-4270cb292aa2,a13c3553-78f9-5ede-9cd9-390daad977b6,e65eaa31-8579-448d-a22c-88a8fde64409:a13c3553-78f9-5ede-9cd9-390daad977b6,anchor,Use OpenVPN to Access Your Network > About VPN connections,128,128,277,400,nearest_ancestor_subtree,candidate,anchor_or_parent_subtree_child
Q-063,Q-063,e65eaa31-8579-448d-a22c-88a8fde64409:OUTLINE:8b9e84b41a8e2327,e65eaa31-8579-448d-a22c-88a8fde64409,netgear-rax50.pdf,RAX50,0f27d2f0-6678-5bc4-8196-4270cb292aa2,9078acec-f7bb-55fa-8707-b9a0825e4d79,e65eaa31-8579-448d-a22c-88a8fde64409:9078acec-f7bb-55fa-8707-b9a0825e4d79,parent_subtree_child,Use OpenVPN to Access Your Network > Enable OpenVPN service in the router,129,130,279,573,nearest_ancestor_subtree,candidate,anchor_or_parent_subtree_child
Q-063,Q-063,e65eaa31-8579-448d-a22c-88a8fde64409:OUTLINE:8b9e84b41a8e2327,e65eaa31-8579-448d-a22c-88a8fde64409,netgear-rax50.pdf,RAX50,0f27d2f0-6678-5bc4-8196-4270cb292aa2,0b9dd330-c3d7-545c-a617-8fb41923d277,e65eaa31-8579-448d-a22c-88a8fde64409:0b9dd330-c3d7-545c-a617-8fb41923d277,parent_subtree_child,Use OpenVPN to Access Your Network > Install OpenVPN software on a VPN client,130,130,281,313,nearest_ancestor_subtree,candidate,anchor_or_parent_subtree_child
Q-063,Q-063,e65eaa31-8579-448d-a22c-88a8fde64409:OUTLINE:8b9e84b41a8e2327,e65eaa31-8579-448d-a22c-88a8fde64409,netgear-rax50.pdf,RAX50,0f27d2f0-6678-5bc4-8196-4270cb292aa2,a81b0ea4-f34e-536c-bc14-cd418516030e,e65eaa31-8579-448d-a22c-88a8fde64409:a81b0ea4-f34e-536c-bc14-cd418516030e,parent_subtree_child,Use OpenVPN to Access Your Network > Install OpenVPN software on a VPN client > Install OpenVPN software on a Windows-based computer,130,132,283,607,nearest_ancestor_subtree,candidate,anchor_or_parent_subtree_child
Q-063,Q-063,e65eaa31-8579-448d-a22c-88a8fde64409:OUTLINE:8b9e84b41a8e2327,e65eaa31-8579-448d-a22c-88a8fde64409,netgear-rax50.pdf,RAX50,0f27d2f0-6678-5bc4-8196-4270cb292aa2,b0bbd52e-a51c-547f-9ae8-b72b014451d5,e65eaa31-8579-448d-a22c-88a8fde64409:b0bbd52e-a51c-547f-9ae8-b72b014451d5,parent_subtree_child,Use OpenVPN to Access Your Network > Install OpenVPN software on a VPN client > Install OpenVPN software on a Mac computer,132,133,285,418,nearest_ancestor_subtree,candidate,anchor_or_parent_subtree_child
Q-063,Q-063,e65eaa31-8579-448d-a22c-88a8fde64409:OUTLINE:8b9e84b41a8e2327,e65eaa31-8579-448d-a22c-88a8fde64409,netgear-rax50.pdf,RAX50,0f27d2f0-6678-5bc4-8196-4270cb292aa2,20b875d3-b026-5832-82b1-d14a28bfa738,e65eaa31-8579-448d-a22c-88a8fde64409:20b875d3-b026-5832-82b1-d14a28bfa738,parent_subtree_child,Use OpenVPN to Access Your Network > Install OpenVPN software on a VPN client > Install OpenVPN software on an iOS device,133,134,287,411,nearest_ancestor_subtree,candidate,anchor_or_parent_subtree_child
Q-063,Q-063,e65eaa31-8579-448d-a22c-88a8fde64409:OUTLINE:8b9e84b41a8e2327,e65eaa31-8579-448d-a22c-88a8fde64409,netgear-rax50.pdf,RAX50,0f27d2f0-6678-5bc4-8196-4270cb292aa2,5cf9975b-f699-5f14-b4fa-c66ae846b2d1,e65eaa31-8579-448d-a22c-88a8fde64409:5cf9975b-f699-5f14-b4fa-c66ae846b2d1,parent_subtree_child,Use OpenVPN to Access Your Network > Install OpenVPN software on a VPN client > Install OpenVPN software on an Android device,134,134,289,384,nearest_ancestor_subtree,candidate,anchor_or_parent_subtree_child
Q-063,Q-063,e65eaa31-8579-448d-a22c-88a8fde64409:OUTLINE:8b9e84b41a8e2327,e65eaa31-8579-448d-a22c-88a8fde64409,netgear-rax50.pdf,RAX50,0f27d2f0-6678-5bc4-8196-4270cb292aa2,fa2fab6b-991d-5add-b533-ed842f8d4542,e65eaa31-8579-448d-a22c-88a8fde64409:fa2fab6b-991d-5add-b533-ed842f8d4542,parent_subtree_child,Use OpenVPN to Access Your Network > LAN IP addressing in VPN networks,135,135,291,180,nearest_ancestor_subtree,candidate,anchor_or_parent_subtree_child
Q-063,Q-063,e65eaa31-8579-448d-a22c-88a8fde64409:OUTLINE:8b9e84b41a8e2327,e65eaa31-8579-448d-a22c-88a8fde64409,netgear-rax50.pdf,RAX50,0f27d2f0-6678-5bc4-8196-4270cb292aa2,5fc0a06a-b9bd-5a78-8f70-08b7b7ff6bcc,e65eaa31-8579-448d-a22c-88a8fde64409:5fc0a06a-b9bd-5a78-8f70-08b7b7ff6bcc,parent_subtree_child,Use OpenVPN to Access Your Network > Use VPN to access your Internet service at home,135,135,293,142,nearest_ancestor_subtree,candidate,anchor_or_parent_subtree_child
Q-063,Q-063,e65eaa31-8579-448d-a22c-88a8fde64409:OUTLINE:8b9e84b41a8e2327,e65eaa31-8579-448d-a22c-88a8fde64409,netgear-rax50.pdf,RAX50,0f27d2f0-6678-5bc4-8196-4270cb292aa2,18c41429-7bbd-5c17-800b-8d459d0ddf59,e65eaa31-8579-448d-a22c-88a8fde64409:18c41429-7bbd-5c17-800b-8d459d0ddf59,parent_subtree_child,Use OpenVPN to Access Your Network > Use VPN to access your Internet service at home > Allow VPN client Internet access in the router,135,136,295,331,nearest_ancestor_subtree,candidate,anchor_or_parent_subtree_child
Q-063,Q-063,e65eaa31-8579-448d-a22c-88a8fde64409:OUTLINE:8b9e84b41a8e2327,e65eaa31-8579-448d-a22c-88a8fde64409,netgear-rax50.pdf,RAX50,0f27d2f0-6678-5bc4-8196-4270cb292aa2,01143d51-a727-543c-b607-948530c2902c,e65eaa31-8579-448d-a22c-88a8fde64409:01143d51-a727-543c-b607-948530c2902c,parent_subtree_child,Use OpenVPN to Access Your Network > Use VPN to access your Internet service at home > Block VPN client Internet access in the router,136,137,297,330,nearest_ancestor_subtree,candidate,anchor_or_parent_subtree_child
Q-063,Q-063,e65eaa31-8579-448d-a22c-88a8fde64409:OUTLINE:8b9e84b41a8e2327,e65eaa31-8579-448d-a22c-88a8fde64409,netgear-rax50.pdf,RAX50,0f27d2f0-6678-5bc4-8196-4270cb292aa2,e4793bd4-59b5-52d0-920d-53bb5dce9e7e,e65eaa31-8579-448d-a22c-88a8fde64409:e4793bd4-59b5-52d0-920d-53bb5dce9e7e,parent_subtree_child,Use OpenVPN to Access Your Network > Use VPN to remotely access a USB storage device attached to the router,137,137,299,105,nearest_ancestor_subtree,candidate,anchor_or_parent_subtree_child
Q-064,Q-064,e65eaa31-8579-448d-a22c-88a8fde64409:OUTLINE:4961dff6fcaa17d5,e65eaa31-8579-448d-a22c-88a8fde64409,netgear-rax50.pdf,RAX50,e0787369-9a73-5ec8-9ad6-42ac13e5bb43,5fc0a06a-b9bd-5a78-8f70-08b7b7ff6bcc,e65eaa31-8579-448d-a22c-88a8fde64409:5fc0a06a-b9bd-5a78-8f70-08b7b7ff6bcc,parent_subtree_child,Use OpenVPN to Access Your Network > Use VPN to access your Internet service at home,135,135,293,142,nearest_ancestor_subtree,candidate,anchor_or_parent_subtree_child
Q-064,Q-064,e65eaa31-8579-448d-a22c-88a8fde64409:OUTLINE:4961dff6fcaa17d5,e65eaa31-8579-448d-a22c-88a8fde64409,netgear-rax50.pdf,RAX50,e0787369-9a73-5ec8-9ad6-42ac13e5bb43,18c41429-7bbd-5c17-800b-8d459d0ddf59,e65eaa31-8579-448d-a22c-88a8fde64409:18c41429-7bbd-5c17-800b-8d459d0ddf59,parent_subtree_child,Use OpenVPN to Access Your Network > Use VPN to access your Internet service at home > Allow VPN client Internet access in the router,135,136,295,331,nearest_ancestor_subtree,candidate,anchor_or_parent_subtree_child
Q-064,Q-064,e65eaa31-8579-448d-a22c-88a8fde64409:OUTLINE:4961dff6fcaa17d5,e65eaa31-8579-448d-a22c-88a8fde64409,netgear-rax50.pdf,RAX50,e0787369-9a73-5ec8-9ad6-42ac13e5bb43,01143d51-a727-543c-b607-948530c2902c,e65eaa31-8579-448d-a22c-88a8fde64409:01143d51-a727-543c-b607-948530c2902c,anchor,Use OpenVPN to Access Your Network > Use VPN to access your Internet service at home > Block VPN client Internet access in the router,136,137,297,330,nearest_ancestor_subtree,candidate,anchor_or_parent_subtree_child
Q-065,Q-065,e65eaa31-8579-448d-a22c-88a8fde64409:OUTLINE:4c371fdde86b5510,e65eaa31-8579-448d-a22c-88a8fde64409,netgear-rax50.pdf,RAX50,50921250-31a7-5b70-8028-5ee1505d73ce,6dccc913-551e-5c5e-97e3-4261d131f8e7,e65eaa31-8579-448d-a22c-88a8fde64409:6dccc913-551e-5c5e-97e3-4261d131f8e7,parent_subtree_child,Manage Port Forwarding and Port Triggering > Manage port forwarding to a local server,139,139,303,120,nearest_ancestor_subtree,candidate,anchor_or_parent_subtree_child
Q-065,Q-065,e65eaa31-8579-448d-a22c-88a8fde64409:OUTLINE:4c371fdde86b5510,e65eaa31-8579-448d-a22c-88a8fde64409,netgear-rax50.pdf,RAX50,50921250-31a7-5b70-8028-5ee1505d73ce,c7c359bd-2333-5cb5-a40c-a7522e5d092b,e65eaa31-8579-448d-a22c-88a8fde64409:c7c359bd-2333-5cb5-a40c-a7522e5d092b,parent_subtree_child,Manage Port Forwarding and Port Triggering > Manage port forwarding to a local server > Set up port forwarding to a local server,139,140,305,332,nearest_ancestor_subtree,candidate,anchor_or_parent_subtree_child
Q-065,Q-065,e65eaa31-8579-448d-a22c-88a8fde64409:OUTLINE:4c371fdde86b5510,e65eaa31-8579-448d-a22c-88a8fde64409,netgear-rax50.pdf,RAX50,50921250-31a7-5b70-8028-5ee1505d73ce,2e1c137e-3319-584a-91ad-84969b5cd7aa,e65eaa31-8579-448d-a22c-88a8fde64409:2e1c137e-3319-584a-91ad-84969b5cd7aa,parent_subtree_child,Manage Port Forwarding and Port Triggering > Manage port forwarding to a local server > Add a custom port forwarding service,140,141,307,506,nearest_ancestor_subtree,candidate,anchor_or_parent_subtree_child
Q-065,Q-065,e65eaa31-8579-448d-a22c-88a8fde64409:OUTLINE:4c371fdde86b5510,e65eaa31-8579-448d-a22c-88a8fde64409,netgear-rax50.pdf,RAX50,50921250-31a7-5b70-8028-5ee1505d73ce,2ed0f550-d321-5128-adb1-e9c20e3caf10,e65eaa31-8579-448d-a22c-88a8fde64409:2ed0f550-d321-5128-adb1-e9c20e3caf10,parent_subtree_child,Manage Port Forwarding and Port Triggering > Manage port forwarding to a local server > Edit a port forwarding service,141,141,309,217,nearest_ancestor_subtree,candidate,anchor_or_parent_subtree_child
Q-065,Q-065,e65eaa31-8579-448d-a22c-88a8fde64409:OUTLINE:4c371fdde86b5510,e65eaa31-8579-448d-a22c-88a8fde64409,netgear-rax50.pdf,RAX50,50921250-31a7-5b70-8028-5ee1505d73ce,af31b6ec-73a8-5529-8fa5-da1f467d1bef,e65eaa31-8579-448d-a22c-88a8fde64409:af31b6ec-73a8-5529-8fa5-da1f467d1bef,anchor,Manage Port Forwarding and Port Triggering > Manage port forwarding to a local server > Delete a port forwarding entry,142,142,311,187,nearest_ancestor_subtree,candidate,anchor_or_parent_subtree_child
Q-065,Q-065,e65eaa31-8579-448d-a22c-88a8fde64409:OUTLINE:4c371fdde86b5510,e65eaa31-8579-448d-a22c-88a8fde64409,netgear-rax50.pdf,RAX50,50921250-31a7-5b70-8028-5ee1505d73ce,34ec1d15-40f7-55a5-9772-135ebc91324b,e65eaa31-8579-448d-a22c-88a8fde64409:34ec1d15-40f7-55a5-9772-135ebc91324b,parent_subtree_child,Manage Port Forwarding and Port Triggering > Manage port forwarding to a local server > Application example: Make a local web server public,142,142,313,234,nearest_ancestor_subtree,candidate,anchor_or_parent_subtree_child
Q-065,Q-065,e65eaa31-8579-448d-a22c-88a8fde64409:OUTLINE:4c371fdde86b5510,e65eaa31-8579-448d-a22c-88a8fde64409,netgear-rax50.pdf,RAX50,50921250-31a7-5b70-8028-5ee1505d73ce,0b8e2055-6f61-572f-84da-42d70195ba7b,e65eaa31-8579-448d-a22c-88a8fde64409:0b8e2055-6f61-572f-84da-42d70195ba7b,parent_subtree_child,Manage Port Forwarding and Port Triggering > Manage port forwarding to a local server > How the router implements the port forwarding rule,143,143,315,232,nearest_ancestor_subtree,candidate,anchor_or_parent_subtree_child
Q-066,Q-066,e65eaa31-8579-448d-a22c-88a8fde64409:OUTLINE:3d0101989fca1bb6,e65eaa31-8579-448d-a22c-88a8fde64409,netgear-rax50.pdf,RAX50,64e46f15-8a80-57b1-ace6-8706f4a78409,688ede0a-7912-51aa-bc85-3ae9ad749feb,e65eaa31-8579-448d-a22c-88a8fde64409:688ede0a-7912-51aa-bc85-3ae9ad749feb,parent_subtree_child,Troubleshooting > Troubleshoot your network using the ping utility,155,155,359,64,nearest_ancestor_subtree,candidate,anchor_or_parent_subtree_child
Q-066,Q-066,e65eaa31-8579-448d-a22c-88a8fde64409:OUTLINE:3d0101989fca1bb6,e65eaa31-8579-448d-a22c-88a8fde64409,netgear-rax50.pdf,RAX50,64e46f15-8a80-57b1-ace6-8706f4a78409,b60d283b-acea-5673-be03-c506dc1df859,e65eaa31-8579-448d-a22c-88a8fde64409:b60d283b-acea-5673-be03-c506dc1df859,parent_subtree_child,Troubleshooting > Troubleshoot your network using the ping utility > Test the LAN path to your router,155,155,361,351,nearest_ancestor_subtree,candidate,anchor_or_parent_subtree_child
Q-066,Q-066,e65eaa31-8579-448d-a22c-88a8fde64409:OUTLINE:3d0101989fca1bb6,e65eaa31-8579-448d-a22c-88a8fde64409,netgear-rax50.pdf,RAX50,64e46f15-8a80-57b1-ace6-8706f4a78409,d6a2438e-ce2e-5744-b23d-64355bb7f3b2,e65eaa31-8579-448d-a22c-88a8fde64409:d6a2438e-ce2e-5744-b23d-64355bb7f3b2,anchor,Troubleshooting > Troubleshoot your network using the ping utility > Test the path from a Windows-based computer to a remote device,156,156,363,395,nearest_ancestor_subtree,candidate,anchor_or_parent_subtree_child
Q-067,Q-067,57d18421-8c71-47bc-992e-0d0dfdcdbbea:OUTLINE:51a6513bbc2a11e3,57d18421-8c71-47bc-992e-0d0dfdcdbbea,netgear-raxe500.pdf,RAXE500,07119eb2-b03c-5d7c-b8a6-8df0399aafef,ca7a7f87-98bf-5510-8ab8-492e60b839bc,57d18421-8c71-47bc-992e-0d0dfdcdbbea:ca7a7f87-98bf-5510-8ab8-492e60b839bc,parent_subtree_child,Connect to the network and access the router > Connect to the network,20,20,23,53,nearest_ancestor_subtree,candidate,anchor_or_parent_subtree_child
Q-067,Q-067,57d18421-8c71-47bc-992e-0d0dfdcdbbea:OUTLINE:51a6513bbc2a11e3,57d18421-8c71-47bc-992e-0d0dfdcdbbea,netgear-raxe500.pdf,RAXE500,07119eb2-b03c-5d7c-b8a6-8df0399aafef,2d4a99e8-23f7-5d37-bfe7-d8e07fd88bf1,57d18421-8c71-47bc-992e-0d0dfdcdbbea:2d4a99e8-23f7-5d37-bfe7-d8e07fd88bf1,parent_subtree_child,Connect to the network and access the router > Connect to the network > Connect to the network using a wired connection,20,20,25,113,nearest_ancestor_subtree,candidate,anchor_or_parent_subtree_child
Q-067,Q-067,57d18421-8c71-47bc-992e-0d0dfdcdbbea:OUTLINE:51a6513bbc2a11e3,57d18421-8c71-47bc-992e-0d0dfdcdbbea,netgear-raxe500.pdf,RAXE500,07119eb2-b03c-5d7c-b8a6-8df0399aafef,a3662689-f8b9-5c28-8c0a-b2185487bec9,57d18421-8c71-47bc-992e-0d0dfdcdbbea:a3662689-f8b9-5c28-8c0a-b2185487bec9,anchor,Connect to the network and access the router > Connect to the network > Find and connect to the WiFi network,20,20,27,91,nearest_ancestor_subtree,candidate,anchor_or_parent_subtree_child
Q-067,Q-067,57d18421-8c71-47bc-992e-0d0dfdcdbbea:OUTLINE:51a6513bbc2a11e3,57d18421-8c71-47bc-992e-0d0dfdcdbbea,netgear-raxe500.pdf,RAXE500,07119eb2-b03c-5d7c-b8a6-8df0399aafef,f72b3fab-491f-57b2-a41b-dcebb85c933e,57d18421-8c71-47bc-992e-0d0dfdcdbbea:f72b3fab-491f-57b2-a41b-dcebb85c933e,parent_subtree_child,Connect to the network and access the router > Connect to the network > WiFi connection using WPS,20,21,29,137,nearest_ancestor_subtree,candidate,anchor_or_parent_subtree_child
Q-068,Q-068,57d18421-8c71-47bc-992e-0d0dfdcdbbea:OUTLINE:f3161081da6e6415,57d18421-8c71-47bc-992e-0d0dfdcdbbea,netgear-raxe500.pdf,RAXE500,d6c4ad80-6ab2-501d-a058-04970c806a79,51405423-2987-5292-8fb8-9b78e651d7c5,57d18421-8c71-47bc-992e-0d0dfdcdbbea:51405423-2987-5292-8fb8-9b78e651d7c5,parent_subtree_child,Connect to the network and access the router > Use a web browser to access the router,22,22,35,70,nearest_ancestor_subtree,candidate,anchor_or_parent_subtree_child
Q-068,Q-068,57d18421-8c71-47bc-992e-0d0dfdcdbbea:OUTLINE:f3161081da6e6415,57d18421-8c71-47bc-992e-0d0dfdcdbbea,netgear-raxe500.pdf,RAXE500,d6c4ad80-6ab2-501d-a058-04970c806a79,feb09c00-0fd2-5b2c-ae97-969bd349df0e,57d18421-8c71-47bc-992e-0d0dfdcdbbea:feb09c00-0fd2-5b2c-ae97-969bd349df0e,anchor,Connect to the network and access the router > Use a web browser to access the router > Automatic Internet Setup,22,23,37,744,nearest_ancestor_subtree,candidate,anchor_or_parent_subtree_child
Q-068,Q-068,57d18421-8c71-47bc-992e-0d0dfdcdbbea:OUTLINE:f3161081da6e6415,57d18421-8c71-47bc-992e-0d0dfdcdbbea,netgear-raxe500.pdf,RAXE500,d6c4ad80-6ab2-501d-a058-04970c806a79,284ac42f-f227-5ca0-b197-899e6ff1e768,57d18421-8c71-47bc-992e-0d0dfdcdbbea:284ac42f-f227-5ca0-b197-899e6ff1e768,parent_subtree_child,Connect to the network and access the router > Use a web browser to access the router > Log in to the router,24,24,39,206,nearest_ancestor_subtree,candidate,anchor_or_parent_subtree_child
Q-069,Q-069,57d18421-8c71-47bc-992e-0d0dfdcdbbea:OUTLINE:88cdae4e848e09b9,57d18421-8c71-47bc-992e-0d0dfdcdbbea,netgear-raxe500.pdf,RAXE500,b084aa9c-6205-5102-8890-458ccc42ab27,fbf822a7-110a-5ac3-b64c-6a5fbaf2ccc4,57d18421-8c71-47bc-992e-0d0dfdcdbbea:fbf822a7-110a-5ac3-b64c-6a5fbaf2ccc4,parent_subtree_child,Specify Your Internet Settings > Manage the MTU size,44,44,79,23,nearest_ancestor_subtree,candidate,anchor_or_parent_subtree_child
Q-069,Q-069,57d18421-8c71-47bc-992e-0d0dfdcdbbea:OUTLINE:88cdae4e848e09b9,57d18421-8c71-47bc-992e-0d0dfdcdbbea,netgear-raxe500.pdf,RAXE500,b084aa9c-6205-5102-8890-458ccc42ab27,eae4f314-abe4-5229-ac3e-d9cc4c571b27,57d18421-8c71-47bc-992e-0d0dfdcdbbea:eae4f314-abe4-5229-ac3e-d9cc4c571b27,anchor,Specify Your Internet Settings > Manage the MTU size > MTU concepts,44,46,81,502,nearest_ancestor_subtree,candidate,anchor_or_parent_subtree_child
Q-069,Q-069,57d18421-8c71-47bc-992e-0d0dfdcdbbea:OUTLINE:88cdae4e848e09b9,57d18421-8c71-47bc-992e-0d0dfdcdbbea,netgear-raxe500.pdf,RAXE500,b084aa9c-6205-5102-8890-458ccc42ab27,18a45189-9618-54b7-a131-4f7218fbc1df,57d18421-8c71-47bc-992e-0d0dfdcdbbea:18a45189-9618-54b7-a131-4f7218fbc1df,parent_subtree_child,Specify Your Internet Settings > Manage the MTU size > Change the MTU size,46,46,83,153,nearest_ancestor_subtree,candidate,anchor_or_parent_subtree_child
Q-070,Q-070,57d18421-8c71-47bc-992e-0d0dfdcdbbea:OUTLINE:bbfec0ebd44bf9d9,57d18421-8c71-47bc-992e-0d0dfdcdbbea,netgear-raxe500.pdf,RAXE500,e7360ef1-fa4c-5e61-bac3-33997e8b1a2f,48e5a7f3-7284-5c21-8150-6db657b3c82b,57d18421-8c71-47bc-992e-0d0dfdcdbbea:48e5a7f3-7284-5c21-8150-6db657b3c82b,parent_subtree_child,Manage Network Settings,57,58,109,316,nearest_ancestor_bounded_window,candidate,anchor_or_parent_subtree_child
Q-070,Q-070,57d18421-8c71-47bc-992e-0d0dfdcdbbea:OUTLINE:bbfec0ebd44bf9d9,57d18421-8c71-47bc-992e-0d0dfdcdbbea,netgear-raxe500.pdf,RAXE500,e7360ef1-fa4c-5e61-bac3-33997e8b1a2f,2688cb60-f212-54f4-8ab5-e5f8a0e24d13,57d18421-8c71-47bc-992e-0d0dfdcdbbea:2688cb60-f212-54f4-8ab5-e5f8a0e24d13,parent_subtree_child,Manage Network Settings > View or change the WAN settings,59,60,111,623,nearest_ancestor_bounded_window,candidate,anchor_or_parent_subtree_child
Q-070,Q-070,57d18421-8c71-47bc-992e-0d0dfdcdbbea:OUTLINE:bbfec0ebd44bf9d9,57d18421-8c71-47bc-992e-0d0dfdcdbbea,netgear-raxe500.pdf,RAXE500,e7360ef1-fa4c-5e61-bac3-33997e8b1a2f,508d014b-f83c-5a94-8faf-9967fbe1c057,57d18421-8c71-47bc-992e-0d0dfdcdbbea:508d014b-f83c-5a94-8faf-9967fbe1c057,parent_subtree_child,Manage Network Settings > Set up a default DMZ server,60,61,113,438,nearest_ancestor_bounded_window,candidate,anchor_or_parent_subtree_child
Q-070,Q-070,57d18421-8c71-47bc-992e-0d0dfdcdbbea:OUTLINE:bbfec0ebd44bf9d9,57d18421-8c71-47bc-992e-0d0dfdcdbbea,netgear-raxe500.pdf,RAXE500,e7360ef1-fa4c-5e61-bac3-33997e8b1a2f,261c7d53-f37d-50eb-b8ee-5b6387530a59,57d18421-8c71-47bc-992e-0d0dfdcdbbea:261c7d53-f37d-50eb-b8ee-5b6387530a59,parent_subtree_child,Manage Network Settings > Change the Router’s Device Name,61,61,115,188,nearest_ancestor_bounded_window,candidate,anchor_or_parent_subtree_child
Q-070,Q-070,57d18421-8c71-47bc-992e-0d0dfdcdbbea:OUTLINE:bbfec0ebd44bf9d9,57d18421-8c71-47bc-992e-0d0dfdcdbbea,netgear-raxe500.pdf,RAXE500,e7360ef1-fa4c-5e61-bac3-33997e8b1a2f,d62e312a-4a41-56f0-9db6-bf5f9b4d836b,57d18421-8c71-47bc-992e-0d0dfdcdbbea:d62e312a-4a41-56f0-9db6-bf5f9b4d836b,parent_subtree_child,Manage Network Settings > Change the LAN TCP/IP settings,61,63,117,606,nearest_ancestor_bounded_window,candidate,anchor_or_parent_subtree_child
Q-070,Q-070,57d18421-8c71-47bc-992e-0d0dfdcdbbea:OUTLINE:bbfec0ebd44bf9d9,57d18421-8c71-47bc-992e-0d0dfdcdbbea,netgear-raxe500.pdf,RAXE500,e7360ef1-fa4c-5e61-bac3-33997e8b1a2f,01cd477a-47d2-5fed-a150-f3482022089e,57d18421-8c71-47bc-992e-0d0dfdcdbbea:01cd477a-47d2-5fed-a150-f3482022089e,parent_subtree_child,Manage Network Settings > Specify the IP addresses that the router assigns,63,64,119,450,nearest_ancestor_bounded_window,candidate,anchor_or_parent_subtree_child
Q-070,Q-070,57d18421-8c71-47bc-992e-0d0dfdcdbbea:OUTLINE:bbfec0ebd44bf9d9,57d18421-8c71-47bc-992e-0d0dfdcdbbea,netgear-raxe500.pdf,RAXE500,e7360ef1-fa4c-5e61-bac3-33997e8b1a2f,8dba79ed-9bf8-5cb2-833b-a493317e765e,57d18421-8c71-47bc-992e-0d0dfdcdbbea:8dba79ed-9bf8-5cb2-833b-a493317e765e,anchor,Manage Network Settings > Disable the DHCP server feature in the router,64,65,121,285,nearest_ancestor_bounded_window,candidate,anchor_or_parent_subtree_child
Q-070,Q-070,57d18421-8c71-47bc-992e-0d0dfdcdbbea:OUTLINE:bbfec0ebd44bf9d9,57d18421-8c71-47bc-992e-0d0dfdcdbbea,netgear-raxe500.pdf,RAXE500,e7360ef1-fa4c-5e61-bac3-33997e8b1a2f,f6c61c21-d92c-54a7-b2e9-088638fde1ae,57d18421-8c71-47bc-992e-0d0dfdcdbbea:f6c61c21-d92c-54a7-b2e9-088638fde1ae,parent_subtree_child,Manage Network Settings > Manage reserved LAN IP addresses,65,65,123,63,nearest_ancestor_bounded_window,candidate,anchor_or_parent_subtree_child
Q-070,Q-070,57d18421-8c71-47bc-992e-0d0dfdcdbbea:OUTLINE:bbfec0ebd44bf9d9,57d18421-8c71-47bc-992e-0d0dfdcdbbea,netgear-raxe500.pdf,RAXE500,e7360ef1-fa4c-5e61-bac3-33997e8b1a2f,f2e671d8-fc06-516e-a030-49f849e9bcc9,57d18421-8c71-47bc-992e-0d0dfdcdbbea:f2e671d8-fc06-516e-a030-49f849e9bcc9,parent_subtree_child,Manage Network Settings > Manage reserved LAN IP addresses > Reserve an IP address,65,66,125,295,nearest_ancestor_bounded_window,candidate,anchor_or_parent_subtree_child
Q-070,Q-070,57d18421-8c71-47bc-992e-0d0dfdcdbbea:OUTLINE:bbfec0ebd44bf9d9,57d18421-8c71-47bc-992e-0d0dfdcdbbea,netgear-raxe500.pdf,RAXE500,e7360ef1-fa4c-5e61-bac3-33997e8b1a2f,56457cf2-6dc5-5268-ad7e-673ed5c71554,57d18421-8c71-47bc-992e-0d0dfdcdbbea:56457cf2-6dc5-5268-ad7e-673ed5c71554,parent_subtree_child,Manage Network Settings > Manage reserved LAN IP addresses > Edit a reserved IP address,66,66,127,183,nearest_ancestor_bounded_window,candidate,anchor_or_parent_subtree_child
Q-070,Q-070,57d18421-8c71-47bc-992e-0d0dfdcdbbea:OUTLINE:bbfec0ebd44bf9d9,57d18421-8c71-47bc-992e-0d0dfdcdbbea,netgear-raxe500.pdf,RAXE500,e7360ef1-fa4c-5e61-bac3-33997e8b1a2f,160a1642-0f54-5818-802e-c1fa87c26572,57d18421-8c71-47bc-992e-0d0dfdcdbbea:160a1642-0f54-5818-802e-c1fa87c26572,parent_subtree_child,Manage Network Settings > Manage reserved LAN IP addresses > Delete a reserved IP address entry,66,67,129,161,nearest_ancestor_bounded_window,candidate,anchor_or_parent_subtree_child
Q-070,Q-070,57d18421-8c71-47bc-992e-0d0dfdcdbbea:OUTLINE:bbfec0ebd44bf9d9,57d18421-8c71-47bc-992e-0d0dfdcdbbea,netgear-raxe500.pdf,RAXE500,e7360ef1-fa4c-5e61-bac3-33997e8b1a2f,28c09802-a236-5ff9-994f-8247eda40831,57d18421-8c71-47bc-992e-0d0dfdcdbbea:28c09802-a236-5ff9-994f-8247eda40831,parent_subtree_child,Manage Network Settings > Use the WPS Wizard for WiFi connections,67,67,131,255,nearest_ancestor_bounded_window,candidate,anchor_or_parent_subtree_child
Q-070,Q-070,57d18421-8c71-47bc-992e-0d0dfdcdbbea:OUTLINE:bbfec0ebd44bf9d9,57d18421-8c71-47bc-992e-0d0dfdcdbbea,netgear-raxe500.pdf,RAXE500,e7360ef1-fa4c-5e61-bac3-33997e8b1a2f,02b732ff-6440-5fb7-94a1-7afaa05c4053,57d18421-8c71-47bc-992e-0d0dfdcdbbea:02b732ff-6440-5fb7-94a1-7afaa05c4053,parent_subtree_child,Manage Network Settings > Specify basic WiFi settings,68,69,133,823,nearest_ancestor_bounded_window,candidate,anchor_or_parent_subtree_child
Q-070,Q-070,57d18421-8c71-47bc-992e-0d0dfdcdbbea:OUTLINE:bbfec0ebd44bf9d9,57d18421-8c71-47bc-992e-0d0dfdcdbbea,netgear-raxe500.pdf,RAXE500,e7360ef1-fa4c-5e61-bac3-33997e8b1a2f,ad8eb981-d8a5-5f54-96c3-e5a0c5c83c2b,57d18421-8c71-47bc-992e-0d0dfdcdbbea:ad8eb981-d8a5-5f54-96c3-e5a0c5c83c2b,parent_subtree_child,Manage Network Settings > Change the WiFi mode,69,69,135,47,nearest_ancestor_bounded_window,candidate,anchor_or_parent_subtree_child
Q-070,Q-070,57d18421-8c71-47bc-992e-0d0dfdcdbbea:OUTLINE:bbfec0ebd44bf9d9,57d18421-8c71-47bc-992e-0d0dfdcdbbea,netgear-raxe500.pdf,RAXE500,e7360ef1-fa4c-5e61-bac3-33997e8b1a2f,6fd8db48-d1e9-5c3c-9c89-7a5b476d3800,57d18421-8c71-47bc-992e-0d0dfdcdbbea:6fd8db48-d1e9-5c3c-9c89-7a5b476d3800,parent_subtree_child,Manage Network Settings > Change the WiFi mode > Change the WiFi mode if AX WiFi is enabled,69,71,137,930,nearest_ancestor_bounded_window,candidate,anchor_or_parent_subtree_child
Q-070,Q-070,57d18421-8c71-47bc-992e-0d0dfdcdbbea:OUTLINE:bbfec0ebd44bf9d9,57d18421-8c71-47bc-992e-0d0dfdcdbbea,netgear-raxe500.pdf,RAXE500,e7360ef1-fa4c-5e61-bac3-33997e8b1a2f,90bf0ac6-c4e6-5f77-81a3-50aa0a4a4464,57d18421-8c71-47bc-992e-0d0dfdcdbbea:90bf0ac6-c4e6-5f77-81a3-50aa0a4a4464,parent_subtree_child,Manage Network Settings > Change the WiFi mode > Change the WiFi mode if AX WiFi is disabled,71,72,139,649,nearest_ancestor_bounded_window,candidate,anchor_or_parent_subtree_child
Q-070,Q-070,57d18421-8c71-47bc-992e-0d0dfdcdbbea:OUTLINE:bbfec0ebd44bf9d9,57d18421-8c71-47bc-992e-0d0dfdcdbbea,netgear-raxe500.pdf,RAXE500,e7360ef1-fa4c-5e61-bac3-33997e8b1a2f,562d4f66-c2be-5129-8371-34ff5c3eca80,57d18421-8c71-47bc-992e-0d0dfdcdbbea:562d4f66-c2be-5129-8371-34ff5c3eca80,parent_subtree_child,Manage Network Settings > Change the WiFi password or the WiFi security,73,74,141,959,nearest_ancestor_bounded_window,candidate,anchor_or_parent_subtree_child
Q-071,Q-071,57d18421-8c71-47bc-992e-0d0dfdcdbbea:OUTLINE:9738f3c7fd6b99bc,57d18421-8c71-47bc-992e-0d0dfdcdbbea,netgear-raxe500.pdf,RAXE500,e7360ef1-fa4c-5e61-bac3-33997e8b1a2f,ad8eb981-d8a5-5f54-96c3-e5a0c5c83c2b,57d18421-8c71-47bc-992e-0d0dfdcdbbea:ad8eb981-d8a5-5f54-96c3-e5a0c5c83c2b,parent_subtree_child,Manage Network Settings > Change the WiFi mode,69,69,135,47,nearest_ancestor_bounded_window,candidate,anchor_or_parent_subtree_child
Q-071,Q-071,57d18421-8c71-47bc-992e-0d0dfdcdbbea:OUTLINE:9738f3c7fd6b99bc,57d18421-8c71-47bc-992e-0d0dfdcdbbea,netgear-raxe500.pdf,RAXE500,e7360ef1-fa4c-5e61-bac3-33997e8b1a2f,6fd8db48-d1e9-5c3c-9c89-7a5b476d3800,57d18421-8c71-47bc-992e-0d0dfdcdbbea:6fd8db48-d1e9-5c3c-9c89-7a5b476d3800,parent_subtree_child,Manage Network Settings > Change the WiFi mode > Change the WiFi mode if AX WiFi is enabled,69,71,137,930,nearest_ancestor_bounded_window,candidate,anchor_or_parent_subtree_child
Q-071,Q-071,57d18421-8c71-47bc-992e-0d0dfdcdbbea:OUTLINE:9738f3c7fd6b99bc,57d18421-8c71-47bc-992e-0d0dfdcdbbea,netgear-raxe500.pdf,RAXE500,e7360ef1-fa4c-5e61-bac3-33997e8b1a2f,90bf0ac6-c4e6-5f77-81a3-50aa0a4a4464,57d18421-8c71-47bc-992e-0d0dfdcdbbea:90bf0ac6-c4e6-5f77-81a3-50aa0a4a4464,parent_subtree_child,Manage Network Settings > Change the WiFi mode > Change the WiFi mode if AX WiFi is disabled,71,72,139,649,nearest_ancestor_bounded_window,candidate,anchor_or_parent_subtree_child
Q-071,Q-071,57d18421-8c71-47bc-992e-0d0dfdcdbbea:OUTLINE:9738f3c7fd6b99bc,57d18421-8c71-47bc-992e-0d0dfdcdbbea,netgear-raxe500.pdf,RAXE500,e7360ef1-fa4c-5e61-bac3-33997e8b1a2f,562d4f66-c2be-5129-8371-34ff5c3eca80,57d18421-8c71-47bc-992e-0d0dfdcdbbea:562d4f66-c2be-5129-8371-34ff5c3eca80,parent_subtree_child,Manage Network Settings > Change the WiFi password or the WiFi security,73,74,141,959,nearest_ancestor_bounded_window,candidate,anchor_or_parent_subtree_child
Q-071,Q-071,57d18421-8c71-47bc-992e-0d0dfdcdbbea:OUTLINE:9738f3c7fd6b99bc,57d18421-8c71-47bc-992e-0d0dfdcdbbea,netgear-raxe500.pdf,RAXE500,e7360ef1-fa4c-5e61-bac3-33997e8b1a2f,46eb8ffc-6068-5656-a6ea-4af98fde06d2,57d18421-8c71-47bc-992e-0d0dfdcdbbea:46eb8ffc-6068-5656-a6ea-4af98fde06d2,parent_subtree_child,Manage Network Settings > Set up a guest WiFi network,75,77,143,1406,nearest_ancestor_bounded_window,candidate,anchor_or_parent_subtree_child
Q-071,Q-071,57d18421-8c71-47bc-992e-0d0dfdcdbbea:OUTLINE:9738f3c7fd6b99bc,57d18421-8c71-47bc-992e-0d0dfdcdbbea,netgear-raxe500.pdf,RAXE500,e7360ef1-fa4c-5e61-bac3-33997e8b1a2f,50912702-dbaf-5ec5-8afb-4ab64431179c,57d18421-8c71-47bc-992e-0d0dfdcdbbea:50912702-dbaf-5ec5-8afb-4ab64431179c,parent_subtree_child,Manage Network Settings > Control the WiFi radios,77,77,145,152,nearest_ancestor_bounded_window,candidate,anchor_or_parent_subtree_child
Q-071,Q-071,57d18421-8c71-47bc-992e-0d0dfdcdbbea:OUTLINE:9738f3c7fd6b99bc,57d18421-8c71-47bc-992e-0d0dfdcdbbea,netgear-raxe500.pdf,RAXE500,e7360ef1-fa4c-5e61-bac3-33997e8b1a2f,b270b282-ddfc-5883-a9a9-a5c6e89c78f1,57d18421-8c71-47bc-992e-0d0dfdcdbbea:b270b282-ddfc-5883-a9a9-a5c6e89c78f1,parent_subtree_child,Manage Network Settings > Control the WiFi radios > Use the WiFi On/Off button,77,77,147,75,nearest_ancestor_bounded_window,candidate,anchor_or_parent_subtree_child
Q-071,Q-071,57d18421-8c71-47bc-992e-0d0dfdcdbbea:OUTLINE:9738f3c7fd6b99bc,57d18421-8c71-47bc-992e-0d0dfdcdbbea,netgear-raxe500.pdf,RAXE500,e7360ef1-fa4c-5e61-bac3-33997e8b1a2f,183e963a-d605-5403-a4e2-b882de020cbb,57d18421-8c71-47bc-992e-0d0dfdcdbbea:183e963a-d605-5403-a4e2-b882de020cbb,parent_subtree_child,Manage Network Settings > Control the WiFi radios > Enable or disable the WiFi radios,78,78,149,260,nearest_ancestor_bounded_window,candidate,anchor_or_parent_subtree_child
Q-071,Q-071,57d18421-8c71-47bc-992e-0d0dfdcdbbea:OUTLINE:9738f3c7fd6b99bc,57d18421-8c71-47bc-992e-0d0dfdcdbbea,netgear-raxe500.pdf,RAXE500,e7360ef1-fa4c-5e61-bac3-33997e8b1a2f,eff2b2d3-56c2-58a2-be7b-3dcde3eaf6b0,57d18421-8c71-47bc-992e-0d0dfdcdbbea:eff2b2d3-56c2-58a2-be7b-3dcde3eaf6b0,parent_subtree_child,Manage Network Settings > Enable or disable AX WiFi,78,79,151,252,nearest_ancestor_bounded_window,candidate,anchor_or_parent_subtree_child
Q-071,Q-071,57d18421-8c71-47bc-992e-0d0dfdcdbbea:OUTLINE:9738f3c7fd6b99bc,57d18421-8c71-47bc-992e-0d0dfdcdbbea,netgear-raxe500.pdf,RAXE500,e7360ef1-fa4c-5e61-bac3-33997e8b1a2f,33088b55-3bd9-50bd-8652-c3cd7fd2d88f,57d18421-8c71-47bc-992e-0d0dfdcdbbea:33088b55-3bd9-50bd-8652-c3cd7fd2d88f,anchor,Manage Network Settings > Enable or disable 20/40 MHz coexistence for the 2.4 GHz radio,79,80,153,364,nearest_ancestor_bounded_window,candidate,anchor_or_parent_subtree_child
Q-071,Q-071,57d18421-8c71-47bc-992e-0d0dfdcdbbea:OUTLINE:9738f3c7fd6b99bc,57d18421-8c71-47bc-992e-0d0dfdcdbbea,netgear-raxe500.pdf,RAXE500,e7360ef1-fa4c-5e61-bac3-33997e8b1a2f,380fbb46-4437-59df-94ab-50fe436d3157,57d18421-8c71-47bc-992e-0d0dfdcdbbea:380fbb46-4437-59df-94ab-50fe436d3157,parent_subtree_child,Manage Network Settings > Enable or disable OFDMA,80,81,155,526,nearest_ancestor_bounded_window,candidate,anchor_or_parent_subtree_child
Q-071,Q-071,57d18421-8c71-47bc-992e-0d0dfdcdbbea:OUTLINE:9738f3c7fd6b99bc,57d18421-8c71-47bc-992e-0d0dfdcdbbea,netgear-raxe500.pdf,RAXE500,e7360ef1-fa4c-5e61-bac3-33997e8b1a2f,b46996fa-1645-565e-8998-f633b91a38d1,57d18421-8c71-47bc-992e-0d0dfdcdbbea:b46996fa-1645-565e-8998-f633b91a38d1,parent_subtree_child,Manage Network Settings > Change the Transmission Power Control,81,82,157,268,nearest_ancestor_bounded_window,candidate,anchor_or_parent_subtree_child
Q-071,Q-071,57d18421-8c71-47bc-992e-0d0dfdcdbbea:OUTLINE:9738f3c7fd6b99bc,57d18421-8c71-47bc-992e-0d0dfdcdbbea,netgear-raxe500.pdf,RAXE500,e7360ef1-fa4c-5e61-bac3-33997e8b1a2f,e7b3f47e-85d5-5b8b-923d-4e3087072fae,57d18421-8c71-47bc-992e-0d0dfdcdbbea:e7b3f47e-85d5-5b8b-923d-4e3087072fae,parent_subtree_child,Manage Network Settings > Set up a WiFi schedule,82,82,159,272,nearest_ancestor_bounded_window,candidate,anchor_or_parent_subtree_child
Q-071,Q-071,57d18421-8c71-47bc-992e-0d0dfdcdbbea:OUTLINE:9738f3c7fd6b99bc,57d18421-8c71-47bc-992e-0d0dfdcdbbea,netgear-raxe500.pdf,RAXE500,e7360ef1-fa4c-5e61-bac3-33997e8b1a2f,00012582-3994-5ac8-bd89-9dbff611d008,57d18421-8c71-47bc-992e-0d0dfdcdbbea:00012582-3994-5ac8-bd89-9dbff611d008,parent_subtree_child,Manage Network Settings > Set up the router as a WiFi access point,83,83,161,411,nearest_ancestor_bounded_window,candidate,anchor_or_parent_subtree_child
Q-071,Q-071,57d18421-8c71-47bc-992e-0d0dfdcdbbea:OUTLINE:9738f3c7fd6b99bc,57d18421-8c71-47bc-992e-0d0dfdcdbbea,netgear-raxe500.pdf,RAXE500,e7360ef1-fa4c-5e61-bac3-33997e8b1a2f,0d3de1e7-d52d-58c5-a468-f3fed5427fed,57d18421-8c71-47bc-992e-0d0dfdcdbbea:0d3de1e7-d52d-58c5-a468-f3fed5427fed,parent_subtree_child,Manage Network Settings > Set up a bridge for a port group or VLAN tag group,84,84,163,122,nearest_ancestor_bounded_window,candidate,anchor_or_parent_subtree_child
Q-071,Q-071,57d18421-8c71-47bc-992e-0d0dfdcdbbea:OUTLINE:9738f3c7fd6b99bc,57d18421-8c71-47bc-992e-0d0dfdcdbbea,netgear-raxe500.pdf,RAXE500,e7360ef1-fa4c-5e61-bac3-33997e8b1a2f,2f3115a8-1163-5a5b-acdb-0e08431da1a4,57d18421-8c71-47bc-992e-0d0dfdcdbbea:2f3115a8-1163-5a5b-acdb-0e08431da1a4,parent_subtree_child,Manage Network Settings > Set up a bridge for a port group or VLAN tag group > Set up a bridge for a port group,84,85,165,428,nearest_ancestor_bounded_window,candidate,anchor_or_parent_subtree_child
Q-071,Q-071,57d18421-8c71-47bc-992e-0d0dfdcdbbea:OUTLINE:9738f3c7fd6b99bc,57d18421-8c71-47bc-992e-0d0dfdcdbbea,netgear-raxe500.pdf,RAXE500,e7360ef1-fa4c-5e61-bac3-33997e8b1a2f,2a1bf140-8dee-5ac4-98a4-1486d8609428,57d18421-8c71-47bc-992e-0d0dfdcdbbea:2a1bf140-8dee-5ac4-98a4-1486d8609428,parent_subtree_child,Manage Network Settings > Set up a bridge for a port group or VLAN tag group > Set up a bridge for a VLAN tag group,85,86,167,571,nearest_ancestor_bounded_window,candidate,anchor_or_parent_subtree_child
Q-072,Q-072,57d18421-8c71-47bc-992e-0d0dfdcdbbea:OUTLINE:fbc9501ac3f3021b,57d18421-8c71-47bc-992e-0d0dfdcdbbea,netgear-raxe500.pdf,RAXE500,40ae8e06-506c-5b47-b0c4-751ee146135e,15ed12eb-f2dc-5ebe-a1ce-38faeca23290,57d18421-8c71-47bc-992e-0d0dfdcdbbea:15ed12eb-f2dc-5ebe-a1ce-38faeca23290,parent_subtree_child,Manage Network Settings > Manage Ethernet Port Aggregation to a LAN Device,96,97,191,251,nearest_ancestor_subtree,candidate,anchor_or_parent_subtree_child
Q-072,Q-072,57d18421-8c71-47bc-992e-0d0dfdcdbbea:OUTLINE:fbc9501ac3f3021b,57d18421-8c71-47bc-992e-0d0dfdcdbbea,netgear-raxe500.pdf,RAXE500,40ae8e06-506c-5b47-b0c4-751ee146135e,25c77477-9af3-5379-a417-10b10c71f77b,57d18421-8c71-47bc-992e-0d0dfdcdbbea:25c77477-9af3-5379-a417-10b10c71f77b,parent_subtree_child,Manage Network Settings > Manage Ethernet Port Aggregation to a LAN Device > Set Up Ethernet Port Aggregation to a LAN Device,97,98,193,556,nearest_ancestor_subtree,candidate,anchor_or_parent_subtree_child
Q-072,Q-072,57d18421-8c71-47bc-992e-0d0dfdcdbbea:OUTLINE:fbc9501ac3f3021b,57d18421-8c71-47bc-992e-0d0dfdcdbbea,netgear-raxe500.pdf,RAXE500,40ae8e06-506c-5b47-b0c4-751ee146135e,09ef238c-cabe-5ea4-9616-24e57ee8f002,57d18421-8c71-47bc-992e-0d0dfdcdbbea:09ef238c-cabe-5ea4-9616-24e57ee8f002,anchor,Manage Network Settings > Manage Ethernet Port Aggregation to a LAN Device > View or Change the Router Ethernet Port Aggregation Mode,98,99,195,524,nearest_ancestor_subtree,candidate,anchor_or_parent_subtree_child
Q-073,Q-073,57d18421-8c71-47bc-992e-0d0dfdcdbbea:OUTLINE:b501c092002a51d8,57d18421-8c71-47bc-992e-0d0dfdcdbbea,netgear-raxe500.pdf,RAXE500,8d4007ba-5521-5cd2-bbc3-eb22acf0715b,802f5980-2458-5f0f-beed-10ad49d6912c,57d18421-8c71-47bc-992e-0d0dfdcdbbea:802f5980-2458-5f0f-beed-10ad49d6912c,parent_subtree_child,Manage Your Router,100,100,197,199,nearest_ancestor_subtree,candidate,anchor_or_parent_subtree_child
Q-073,Q-073,57d18421-8c71-47bc-992e-0d0dfdcdbbea:OUTLINE:b501c092002a51d8,57d18421-8c71-47bc-992e-0d0dfdcdbbea,netgear-raxe500.pdf,RAXE500,8d4007ba-5521-5cd2-bbc3-eb22acf0715b,bf70974b-abe4-52d5-91e9-1190360ded13,57d18421-8c71-47bc-992e-0d0dfdcdbbea:bf70974b-abe4-52d5-91e9-1190360ded13,parent_subtree_child,Manage Your Router > Update the router firmware,101,101,199,35,nearest_ancestor_subtree,candidate,anchor_or_parent_subtree_child
Q-073,Q-073,57d18421-8c71-47bc-992e-0d0dfdcdbbea:OUTLINE:b501c092002a51d8,57d18421-8c71-47bc-992e-0d0dfdcdbbea,netgear-raxe500.pdf,RAXE500,8d4007ba-5521-5cd2-bbc3-eb22acf0715b,d433d7a9-b192-58d4-8259-fbfeef9384e6,57d18421-8c71-47bc-992e-0d0dfdcdbbea:d433d7a9-b192-58d4-8259-fbfeef9384e6,parent_subtree_child,Manage Your Router > Update the router firmware > Check for new firmware and update the router,101,102,201,395,nearest_ancestor_subtree,candidate,anchor_or_parent_subtree_child
Q-073,Q-073,57d18421-8c71-47bc-992e-0d0dfdcdbbea:OUTLINE:b501c092002a51d8,57d18421-8c71-47bc-992e-0d0dfdcdbbea,netgear-raxe500.pdf,RAXE500,8d4007ba-5521-5cd2-bbc3-eb22acf0715b,1869ca3e-f1a7-5c7d-9062-3e783e16aba3,57d18421-8c71-47bc-992e-0d0dfdcdbbea:1869ca3e-f1a7-5c7d-9062-3e783e16aba3,parent_subtree_child,Manage Your Router > Update the router firmware > Manually upload firmware to the router,102,102,203,378,nearest_ancestor_subtree,candidate,anchor_or_parent_subtree_child
Q-073,Q-073,57d18421-8c71-47bc-992e-0d0dfdcdbbea:OUTLINE:b501c092002a51d8,57d18421-8c71-47bc-992e-0d0dfdcdbbea,netgear-raxe500.pdf,RAXE500,8d4007ba-5521-5cd2-bbc3-eb22acf0715b,6d848f3e-e6e3-503d-9675-58b59b11274a,57d18421-8c71-47bc-992e-0d0dfdcdbbea:6d848f3e-e6e3-503d-9675-58b59b11274a,parent_subtree_child,Manage Your Router > Change the admin password,103,103,205,253,nearest_ancestor_subtree,candidate,anchor_or_parent_subtree_child
Q-073,Q-073,57d18421-8c71-47bc-992e-0d0dfdcdbbea:OUTLINE:b501c092002a51d8,57d18421-8c71-47bc-992e-0d0dfdcdbbea,netgear-raxe500.pdf,RAXE500,8d4007ba-5521-5cd2-bbc3-eb22acf0715b,bd1499f0-941f-5bc2-a5a8-04745eefa6c6,57d18421-8c71-47bc-992e-0d0dfdcdbbea:bd1499f0-941f-5bc2-a5a8-04745eefa6c6,parent_subtree_child,Manage Your Router > Enable admin password recovery,103,104,207,246,nearest_ancestor_subtree,candidate,anchor_or_parent_subtree_child
Q-073,Q-073,57d18421-8c71-47bc-992e-0d0dfdcdbbea:OUTLINE:b501c092002a51d8,57d18421-8c71-47bc-992e-0d0dfdcdbbea,netgear-raxe500.pdf,RAXE500,8d4007ba-5521-5cd2-bbc3-eb22acf0715b,74e81b42-e270-5395-8fc5-cb0aa1f6e692,57d18421-8c71-47bc-992e-0d0dfdcdbbea:74e81b42-e270-5395-8fc5-cb0aa1f6e692,parent_subtree_child,Manage Your Router > Recover the admin password,104,105,209,214,nearest_ancestor_subtree,candidate,anchor_or_parent_subtree_child
Q-073,Q-073,57d18421-8c71-47bc-992e-0d0dfdcdbbea:OUTLINE:b501c092002a51d8,57d18421-8c71-47bc-992e-0d0dfdcdbbea,netgear-raxe500.pdf,RAXE500,8d4007ba-5521-5cd2-bbc3-eb22acf0715b,18779218-1870-5b0f-a54a-58ead6e53840,57d18421-8c71-47bc-992e-0d0dfdcdbbea:18779218-1870-5b0f-a54a-58ead6e53840,parent_subtree_child,Manage Your Router > View information about the router and the Internet and WiFi settings,105,105,211,313,nearest_ancestor_subtree,candidate,anchor_or_parent_subtree_child
Q-073,Q-073,57d18421-8c71-47bc-992e-0d0dfdcdbbea:OUTLINE:b501c092002a51d8,57d18421-8c71-47bc-992e-0d0dfdcdbbea,netgear-raxe500.pdf,RAXE500,8d4007ba-5521-5cd2-bbc3-eb22acf0715b,ddc09136-a105-5cb9-b53f-e28a6e110d9c,57d18421-8c71-47bc-992e-0d0dfdcdbbea:ddc09136-a105-5cb9-b53f-e28a6e110d9c,parent_subtree_child,Manage Your Router > Display the statistics of the Internet port,106,107,213,428,nearest_ancestor_subtree,candidate,anchor_or_parent_subtree_child
Q-073,Q-073,57d18421-8c71-47bc-992e-0d0dfdcdbbea:OUTLINE:b501c092002a51d8,57d18421-8c71-47bc-992e-0d0dfdcdbbea,netgear-raxe500.pdf,RAXE500,8d4007ba-5521-5cd2-bbc3-eb22acf0715b,aab62be0-41af-5b2b-9f6f-f4aba6fcea94,57d18421-8c71-47bc-992e-0d0dfdcdbbea:aab62be0-41af-5b2b-9f6f-f4aba6fcea94,parent_subtree_child,Manage Your Router > Check the Internet connection status,107,108,215,432,nearest_ancestor_subtree,candidate,anchor_or_parent_subtree_child
Q-073,Q-073,57d18421-8c71-47bc-992e-0d0dfdcdbbea:OUTLINE:b501c092002a51d8,57d18421-8c71-47bc-992e-0d0dfdcdbbea,netgear-raxe500.pdf,RAXE500,8d4007ba-5521-5cd2-bbc3-eb22acf0715b,3477ec41-41f5-59ed-8bfb-7064e9707186,57d18421-8c71-47bc-992e-0d0dfdcdbbea:3477ec41-41f5-59ed-8bfb-7064e9707186,parent_subtree_child,Manage Your Router > View and manage logs of router activity,108,109,217,420,nearest_ancestor_subtree,candidate,anchor_or_parent_subtree_child
Q-073,Q-073,57d18421-8c71-47bc-992e-0d0dfdcdbbea:OUTLINE:b501c092002a51d8,57d18421-8c71-47bc-992e-0d0dfdcdbbea,netgear-raxe500.pdf,RAXE500,8d4007ba-5521-5cd2-bbc3-eb22acf0715b,a6a62862-6e43-586d-bdea-ec775feb6a07,57d18421-8c71-47bc-992e-0d0dfdcdbbea:a6a62862-6e43-586d-bdea-ec775feb6a07,parent_subtree_child,Manage Your Router > View devices currently on the network,109,109,219,274,nearest_ancestor_subtree,candidate,anchor_or_parent_subtree_child
Q-073,Q-073,57d18421-8c71-47bc-992e-0d0dfdcdbbea:OUTLINE:b501c092002a51d8,57d18421-8c71-47bc-992e-0d0dfdcdbbea,netgear-raxe500.pdf,RAXE500,8d4007ba-5521-5cd2-bbc3-eb22acf0715b,04f1b52b-9f18-591e-ac0a-b16ee4a34dad,57d18421-8c71-47bc-992e-0d0dfdcdbbea:04f1b52b-9f18-591e-ac0a-b16ee4a34dad,anchor,Manage Your Router > Monitor Internet traffic,109,111,221,593,nearest_ancestor_subtree,candidate,anchor_or_parent_subtree_child
Q-073,Q-073,57d18421-8c71-47bc-992e-0d0dfdcdbbea:OUTLINE:b501c092002a51d8,57d18421-8c71-47bc-992e-0d0dfdcdbbea,netgear-raxe500.pdf,RAXE500,8d4007ba-5521-5cd2-bbc3-eb22acf0715b,f003c0c5-e70d-52ca-b5ce-ef1d95bb2a6b,57d18421-8c71-47bc-992e-0d0dfdcdbbea:f003c0c5-e70d-52ca-b5ce-ef1d95bb2a6b,parent_subtree_child,Manage Your Router > Manage the router configuration file,111,111,223,51,nearest_ancestor_subtree,candidate,anchor_or_parent_subtree_child
Q-073,Q-073,57d18421-8c71-47bc-992e-0d0dfdcdbbea:OUTLINE:b501c092002a51d8,57d18421-8c71-47bc-992e-0d0dfdcdbbea,netgear-raxe500.pdf,RAXE500,8d4007ba-5521-5cd2-bbc3-eb22acf0715b,c1de8d02-dd98-5ba2-acde-79471af13ad3,57d18421-8c71-47bc-992e-0d0dfdcdbbea:c1de8d02-dd98-5ba2-acde-79471af13ad3,parent_subtree_child,Manage Your Router > Manage the router configuration file > Back up the settings,111,111,225,177,nearest_ancestor_subtree,candidate,anchor_or_parent_subtree_child
Q-073,Q-073,57d18421-8c71-47bc-992e-0d0dfdcdbbea:OUTLINE:b501c092002a51d8,57d18421-8c71-47bc-992e-0d0dfdcdbbea,netgear-raxe500.pdf,RAXE500,8d4007ba-5521-5cd2-bbc3-eb22acf0715b,f9673d04-056e-532b-8ac6-56d5d560625e,57d18421-8c71-47bc-992e-0d0dfdcdbbea:f9673d04-056e-532b-8ac6-56d5d560625e,parent_subtree_child,Manage Your Router > Manage the router configuration file > Erase the settings,111,112,227,250,nearest_ancestor_subtree,candidate,anchor_or_parent_subtree_child
Q-073,Q-073,57d18421-8c71-47bc-992e-0d0dfdcdbbea:OUTLINE:b501c092002a51d8,57d18421-8c71-47bc-992e-0d0dfdcdbbea,netgear-raxe500.pdf,RAXE500,8d4007ba-5521-5cd2-bbc3-eb22acf0715b,95f03e54-32c4-532b-90b9-d99dca0703d6,57d18421-8c71-47bc-992e-0d0dfdcdbbea:95f03e54-32c4-532b-90b9-d99dca0703d6,parent_subtree_child,Manage Your Router > Manage the router configuration file > Restore the settings,112,113,229,190,nearest_ancestor_subtree,candidate,anchor_or_parent_subtree_child
Q-073,Q-073,57d18421-8c71-47bc-992e-0d0dfdcdbbea:OUTLINE:b501c092002a51d8,57d18421-8c71-47bc-992e-0d0dfdcdbbea,netgear-raxe500.pdf,RAXE500,8d4007ba-5521-5cd2-bbc3-eb22acf0715b,75ae9ef1-054f-54a8-974f-0ca703bf7a38,57d18421-8c71-47bc-992e-0d0dfdcdbbea:75ae9ef1-054f-54a8-974f-0ca703bf7a38,parent_subtree_child,Manage Your Router > Connect to your router with Anywhere Access,113,113,231,140,nearest_ancestor_subtree,candidate,anchor_or_parent_subtree_child
Q-073,Q-073,57d18421-8c71-47bc-992e-0d0dfdcdbbea:OUTLINE:b501c092002a51d8,57d18421-8c71-47bc-992e-0d0dfdcdbbea,netgear-raxe500.pdf,RAXE500,8d4007ba-5521-5cd2-bbc3-eb22acf0715b,5f93337e-fdab-5f48-936b-564936a076a7,57d18421-8c71-47bc-992e-0d0dfdcdbbea:5f93337e-fdab-5f48-936b-564936a076a7,parent_subtree_child,Manage Your Router > Disable LED blinking or turn off LEDs,113,114,233,262,nearest_ancestor_subtree,candidate,anchor_or_parent_subtree_child
Q-073,Q-073,57d18421-8c71-47bc-992e-0d0dfdcdbbea:OUTLINE:b501c092002a51d8,57d18421-8c71-47bc-992e-0d0dfdcdbbea,netgear-raxe500.pdf,RAXE500,8d4007ba-5521-5cd2-bbc3-eb22acf0715b,8533530e-9001-5a31-a453-6077909ff031,57d18421-8c71-47bc-992e-0d0dfdcdbbea:8533530e-9001-5a31-a453-6077909ff031,parent_subtree_child,Manage Your Router > Set your time zone,114,114,235,186,nearest_ancestor_subtree,candidate,anchor_or_parent_subtree_child
Q-073,Q-073,57d18421-8c71-47bc-992e-0d0dfdcdbbea:OUTLINE:b501c092002a51d8,57d18421-8c71-47bc-992e-0d0dfdcdbbea,netgear-raxe500.pdf,RAXE500,8d4007ba-5521-5cd2-bbc3-eb22acf0715b,29f43702-7db0-5452-b0a7-d5a2155c5b59,57d18421-8c71-47bc-992e-0d0dfdcdbbea:29f43702-7db0-5452-b0a7-d5a2155c5b59,parent_subtree_child,Manage Your Router > Set the NTP Server,114,115,237,243,nearest_ancestor_subtree,candidate,anchor_or_parent_subtree_child
Q-073,Q-073,57d18421-8c71-47bc-992e-0d0dfdcdbbea:OUTLINE:b501c092002a51d8,57d18421-8c71-47bc-992e-0d0dfdcdbbea,netgear-raxe500.pdf,RAXE500,8d4007ba-5521-5cd2-bbc3-eb22acf0715b,c3bfa3ad-d441-57e2-968f-76eb1ec84c81,57d18421-8c71-47bc-992e-0d0dfdcdbbea:c3bfa3ad-d441-57e2-968f-76eb1ec84c81,parent_subtree_child,Manage Your Router > Specify ReadyDLNA Media Server Settings,116,116,239,379,nearest_ancestor_subtree,candidate,anchor_or_parent_subtree_child
Q-073,Q-073,57d18421-8c71-47bc-992e-0d0dfdcdbbea:OUTLINE:b501c092002a51d8,57d18421-8c71-47bc-992e-0d0dfdcdbbea,netgear-raxe500.pdf,RAXE500,8d4007ba-5521-5cd2-bbc3-eb22acf0715b,68b1a2b7-7cb1-591a-9fc8-8d01667f9004,57d18421-8c71-47bc-992e-0d0dfdcdbbea:68b1a2b7-7cb1-591a-9fc8-8d01667f9004,parent_subtree_child,Manage Your Router > Return the router to its factory default settings,117,117,241,239,nearest_ancestor_subtree,candidate,anchor_or_parent_subtree_child
Q-073,Q-073,57d18421-8c71-47bc-992e-0d0dfdcdbbea:OUTLINE:b501c092002a51d8,57d18421-8c71-47bc-992e-0d0dfdcdbbea,netgear-raxe500.pdf,RAXE500,8d4007ba-5521-5cd2-bbc3-eb22acf0715b,8e160d72-d9c0-5e0b-b624-739f05be19bb,57d18421-8c71-47bc-992e-0d0dfdcdbbea:8e160d72-d9c0-5e0b-b624-739f05be19bb,parent_subtree_child,Manage Your Router > Return the router to its factory default settings > Use the Reset button,117,117,243,181,nearest_ancestor_subtree,candidate,anchor_or_parent_subtree_child
Q-073,Q-073,57d18421-8c71-47bc-992e-0d0dfdcdbbea:OUTLINE:b501c092002a51d8,57d18421-8c71-47bc-992e-0d0dfdcdbbea,netgear-raxe500.pdf,RAXE500,8d4007ba-5521-5cd2-bbc3-eb22acf0715b,38a0105f-ff6d-5aab-bcb3-0f08611feefb,57d18421-8c71-47bc-992e-0d0dfdcdbbea:38a0105f-ff6d-5aab-bcb3-0f08611feefb,parent_subtree_child,Manage Your Router > Return the router to its factory default settings > Erase the settings,117,118,245,250,nearest_ancestor_subtree,candidate,anchor_or_parent_subtree_child
Q-074,Q-074,57d18421-8c71-47bc-992e-0d0dfdcdbbea:OUTLINE:536e38dc6e76c4f9,57d18421-8c71-47bc-992e-0d0dfdcdbbea,netgear-raxe500.pdf,RAXE500,8d4007ba-5521-5cd2-bbc3-eb22acf0715b,802f5980-2458-5f0f-beed-10ad49d6912c,57d18421-8c71-47bc-992e-0d0dfdcdbbea:802f5980-2458-5f0f-beed-10ad49d6912c,parent_subtree_child,Manage Your Router,100,100,197,199,nearest_ancestor_subtree,candidate,anchor_or_parent_subtree_child
Q-074,Q-074,57d18421-8c71-47bc-992e-0d0dfdcdbbea:OUTLINE:536e38dc6e76c4f9,57d18421-8c71-47bc-992e-0d0dfdcdbbea,netgear-raxe500.pdf,RAXE500,8d4007ba-5521-5cd2-bbc3-eb22acf0715b,bf70974b-abe4-52d5-91e9-1190360ded13,57d18421-8c71-47bc-992e-0d0dfdcdbbea:bf70974b-abe4-52d5-91e9-1190360ded13,parent_subtree_child,Manage Your Router > Update the router firmware,101,101,199,35,nearest_ancestor_subtree,candidate,anchor_or_parent_subtree_child
Q-074,Q-074,57d18421-8c71-47bc-992e-0d0dfdcdbbea:OUTLINE:536e38dc6e76c4f9,57d18421-8c71-47bc-992e-0d0dfdcdbbea,netgear-raxe500.pdf,RAXE500,8d4007ba-5521-5cd2-bbc3-eb22acf0715b,d433d7a9-b192-58d4-8259-fbfeef9384e6,57d18421-8c71-47bc-992e-0d0dfdcdbbea:d433d7a9-b192-58d4-8259-fbfeef9384e6,parent_subtree_child,Manage Your Router > Update the router firmware > Check for new firmware and update the router,101,102,201,395,nearest_ancestor_subtree,candidate,anchor_or_parent_subtree_child
Q-074,Q-074,57d18421-8c71-47bc-992e-0d0dfdcdbbea:OUTLINE:536e38dc6e76c4f9,57d18421-8c71-47bc-992e-0d0dfdcdbbea,netgear-raxe500.pdf,RAXE500,8d4007ba-5521-5cd2-bbc3-eb22acf0715b,1869ca3e-f1a7-5c7d-9062-3e783e16aba3,57d18421-8c71-47bc-992e-0d0dfdcdbbea:1869ca3e-f1a7-5c7d-9062-3e783e16aba3,parent_subtree_child,Manage Your Router > Update the router firmware > Manually upload firmware to the router,102,102,203,378,nearest_ancestor_subtree,candidate,anchor_or_parent_subtree_child
Q-074,Q-074,57d18421-8c71-47bc-992e-0d0dfdcdbbea:OUTLINE:536e38dc6e76c4f9,57d18421-8c71-47bc-992e-0d0dfdcdbbea,netgear-raxe500.pdf,RAXE500,8d4007ba-5521-5cd2-bbc3-eb22acf0715b,6d848f3e-e6e3-503d-9675-58b59b11274a,57d18421-8c71-47bc-992e-0d0dfdcdbbea:6d848f3e-e6e3-503d-9675-58b59b11274a,parent_subtree_child,Manage Your Router > Change the admin password,103,103,205,253,nearest_ancestor_subtree,candidate,anchor_or_parent_subtree_child
Q-074,Q-074,57d18421-8c71-47bc-992e-0d0dfdcdbbea:OUTLINE:536e38dc6e76c4f9,57d18421-8c71-47bc-992e-0d0dfdcdbbea,netgear-raxe500.pdf,RAXE500,8d4007ba-5521-5cd2-bbc3-eb22acf0715b,bd1499f0-941f-5bc2-a5a8-04745eefa6c6,57d18421-8c71-47bc-992e-0d0dfdcdbbea:bd1499f0-941f-5bc2-a5a8-04745eefa6c6,parent_subtree_child,Manage Your Router > Enable admin password recovery,103,104,207,246,nearest_ancestor_subtree,candidate,anchor_or_parent_subtree_child
Q-074,Q-074,57d18421-8c71-47bc-992e-0d0dfdcdbbea:OUTLINE:536e38dc6e76c4f9,57d18421-8c71-47bc-992e-0d0dfdcdbbea,netgear-raxe500.pdf,RAXE500,8d4007ba-5521-5cd2-bbc3-eb22acf0715b,74e81b42-e270-5395-8fc5-cb0aa1f6e692,57d18421-8c71-47bc-992e-0d0dfdcdbbea:74e81b42-e270-5395-8fc5-cb0aa1f6e692,parent_subtree_child,Manage Your Router > Recover the admin password,104,105,209,214,nearest_ancestor_subtree,candidate,anchor_or_parent_subtree_child
Q-074,Q-074,57d18421-8c71-47bc-992e-0d0dfdcdbbea:OUTLINE:536e38dc6e76c4f9,57d18421-8c71-47bc-992e-0d0dfdcdbbea,netgear-raxe500.pdf,RAXE500,8d4007ba-5521-5cd2-bbc3-eb22acf0715b,18779218-1870-5b0f-a54a-58ead6e53840,57d18421-8c71-47bc-992e-0d0dfdcdbbea:18779218-1870-5b0f-a54a-58ead6e53840,parent_subtree_child,Manage Your Router > View information about the router and the Internet and WiFi settings,105,105,211,313,nearest_ancestor_subtree,candidate,anchor_or_parent_subtree_child
Q-074,Q-074,57d18421-8c71-47bc-992e-0d0dfdcdbbea:OUTLINE:536e38dc6e76c4f9,57d18421-8c71-47bc-992e-0d0dfdcdbbea,netgear-raxe500.pdf,RAXE500,8d4007ba-5521-5cd2-bbc3-eb22acf0715b,ddc09136-a105-5cb9-b53f-e28a6e110d9c,57d18421-8c71-47bc-992e-0d0dfdcdbbea:ddc09136-a105-5cb9-b53f-e28a6e110d9c,parent_subtree_child,Manage Your Router > Display the statistics of the Internet port,106,107,213,428,nearest_ancestor_subtree,candidate,anchor_or_parent_subtree_child
Q-074,Q-074,57d18421-8c71-47bc-992e-0d0dfdcdbbea:OUTLINE:536e38dc6e76c4f9,57d18421-8c71-47bc-992e-0d0dfdcdbbea,netgear-raxe500.pdf,RAXE500,8d4007ba-5521-5cd2-bbc3-eb22acf0715b,aab62be0-41af-5b2b-9f6f-f4aba6fcea94,57d18421-8c71-47bc-992e-0d0dfdcdbbea:aab62be0-41af-5b2b-9f6f-f4aba6fcea94,parent_subtree_child,Manage Your Router > Check the Internet connection status,107,108,215,432,nearest_ancestor_subtree,candidate,anchor_or_parent_subtree_child
Q-074,Q-074,57d18421-8c71-47bc-992e-0d0dfdcdbbea:OUTLINE:536e38dc6e76c4f9,57d18421-8c71-47bc-992e-0d0dfdcdbbea,netgear-raxe500.pdf,RAXE500,8d4007ba-5521-5cd2-bbc3-eb22acf0715b,3477ec41-41f5-59ed-8bfb-7064e9707186,57d18421-8c71-47bc-992e-0d0dfdcdbbea:3477ec41-41f5-59ed-8bfb-7064e9707186,parent_subtree_child,Manage Your Router > View and manage logs of router activity,108,109,217,420,nearest_ancestor_subtree,candidate,anchor_or_parent_subtree_child
Q-074,Q-074,57d18421-8c71-47bc-992e-0d0dfdcdbbea:OUTLINE:536e38dc6e76c4f9,57d18421-8c71-47bc-992e-0d0dfdcdbbea,netgear-raxe500.pdf,RAXE500,8d4007ba-5521-5cd2-bbc3-eb22acf0715b,a6a62862-6e43-586d-bdea-ec775feb6a07,57d18421-8c71-47bc-992e-0d0dfdcdbbea:a6a62862-6e43-586d-bdea-ec775feb6a07,parent_subtree_child,Manage Your Router > View devices currently on the network,109,109,219,274,nearest_ancestor_subtree,candidate,anchor_or_parent_subtree_child
Q-074,Q-074,57d18421-8c71-47bc-992e-0d0dfdcdbbea:OUTLINE:536e38dc6e76c4f9,57d18421-8c71-47bc-992e-0d0dfdcdbbea,netgear-raxe500.pdf,RAXE500,8d4007ba-5521-5cd2-bbc3-eb22acf0715b,04f1b52b-9f18-591e-ac0a-b16ee4a34dad,57d18421-8c71-47bc-992e-0d0dfdcdbbea:04f1b52b-9f18-591e-ac0a-b16ee4a34dad,parent_subtree_child,Manage Your Router > Monitor Internet traffic,109,111,221,593,nearest_ancestor_subtree,candidate,anchor_or_parent_subtree_child
Q-074,Q-074,57d18421-8c71-47bc-992e-0d0dfdcdbbea:OUTLINE:536e38dc6e76c4f9,57d18421-8c71-47bc-992e-0d0dfdcdbbea,netgear-raxe500.pdf,RAXE500,8d4007ba-5521-5cd2-bbc3-eb22acf0715b,f003c0c5-e70d-52ca-b5ce-ef1d95bb2a6b,57d18421-8c71-47bc-992e-0d0dfdcdbbea:f003c0c5-e70d-52ca-b5ce-ef1d95bb2a6b,parent_subtree_child,Manage Your Router > Manage the router configuration file,111,111,223,51,nearest_ancestor_subtree,candidate,anchor_or_parent_subtree_child
Q-074,Q-074,57d18421-8c71-47bc-992e-0d0dfdcdbbea:OUTLINE:536e38dc6e76c4f9,57d18421-8c71-47bc-992e-0d0dfdcdbbea,netgear-raxe500.pdf,RAXE500,8d4007ba-5521-5cd2-bbc3-eb22acf0715b,c1de8d02-dd98-5ba2-acde-79471af13ad3,57d18421-8c71-47bc-992e-0d0dfdcdbbea:c1de8d02-dd98-5ba2-acde-79471af13ad3,parent_subtree_child,Manage Your Router > Manage the router configuration file > Back up the settings,111,111,225,177,nearest_ancestor_subtree,candidate,anchor_or_parent_subtree_child
Q-074,Q-074,57d18421-8c71-47bc-992e-0d0dfdcdbbea:OUTLINE:536e38dc6e76c4f9,57d18421-8c71-47bc-992e-0d0dfdcdbbea,netgear-raxe500.pdf,RAXE500,8d4007ba-5521-5cd2-bbc3-eb22acf0715b,f9673d04-056e-532b-8ac6-56d5d560625e,57d18421-8c71-47bc-992e-0d0dfdcdbbea:f9673d04-056e-532b-8ac6-56d5d560625e,parent_subtree_child,Manage Your Router > Manage the router configuration file > Erase the settings,111,112,227,250,nearest_ancestor_subtree,candidate,anchor_or_parent_subtree_child
Q-074,Q-074,57d18421-8c71-47bc-992e-0d0dfdcdbbea:OUTLINE:536e38dc6e76c4f9,57d18421-8c71-47bc-992e-0d0dfdcdbbea,netgear-raxe500.pdf,RAXE500,8d4007ba-5521-5cd2-bbc3-eb22acf0715b,95f03e54-32c4-532b-90b9-d99dca0703d6,57d18421-8c71-47bc-992e-0d0dfdcdbbea:95f03e54-32c4-532b-90b9-d99dca0703d6,parent_subtree_child,Manage Your Router > Manage the router configuration file > Restore the settings,112,113,229,190,nearest_ancestor_subtree,candidate,anchor_or_parent_subtree_child
Q-074,Q-074,57d18421-8c71-47bc-992e-0d0dfdcdbbea:OUTLINE:536e38dc6e76c4f9,57d18421-8c71-47bc-992e-0d0dfdcdbbea,netgear-raxe500.pdf,RAXE500,8d4007ba-5521-5cd2-bbc3-eb22acf0715b,75ae9ef1-054f-54a8-974f-0ca703bf7a38,57d18421-8c71-47bc-992e-0d0dfdcdbbea:75ae9ef1-054f-54a8-974f-0ca703bf7a38,parent_subtree_child,Manage Your Router > Connect to your router with Anywhere Access,113,113,231,140,nearest_ancestor_subtree,candidate,anchor_or_parent_subtree_child
Q-074,Q-074,57d18421-8c71-47bc-992e-0d0dfdcdbbea:OUTLINE:536e38dc6e76c4f9,57d18421-8c71-47bc-992e-0d0dfdcdbbea,netgear-raxe500.pdf,RAXE500,8d4007ba-5521-5cd2-bbc3-eb22acf0715b,5f93337e-fdab-5f48-936b-564936a076a7,57d18421-8c71-47bc-992e-0d0dfdcdbbea:5f93337e-fdab-5f48-936b-564936a076a7,parent_subtree_child,Manage Your Router > Disable LED blinking or turn off LEDs,113,114,233,262,nearest_ancestor_subtree,candidate,anchor_or_parent_subtree_child
Q-074,Q-074,57d18421-8c71-47bc-992e-0d0dfdcdbbea:OUTLINE:536e38dc6e76c4f9,57d18421-8c71-47bc-992e-0d0dfdcdbbea,netgear-raxe500.pdf,RAXE500,8d4007ba-5521-5cd2-bbc3-eb22acf0715b,8533530e-9001-5a31-a453-6077909ff031,57d18421-8c71-47bc-992e-0d0dfdcdbbea:8533530e-9001-5a31-a453-6077909ff031,anchor,Manage Your Router > Set your time zone,114,114,235,186,nearest_ancestor_subtree,candidate,anchor_or_parent_subtree_child
Q-074,Q-074,57d18421-8c71-47bc-992e-0d0dfdcdbbea:OUTLINE:536e38dc6e76c4f9,57d18421-8c71-47bc-992e-0d0dfdcdbbea,netgear-raxe500.pdf,RAXE500,8d4007ba-5521-5cd2-bbc3-eb22acf0715b,29f43702-7db0-5452-b0a7-d5a2155c5b59,57d18421-8c71-47bc-992e-0d0dfdcdbbea:29f43702-7db0-5452-b0a7-d5a2155c5b59,parent_subtree_child,Manage Your Router > Set the NTP Server,114,115,237,243,nearest_ancestor_subtree,candidate,anchor_or_parent_subtree_child
Q-074,Q-074,57d18421-8c71-47bc-992e-0d0dfdcdbbea:OUTLINE:536e38dc6e76c4f9,57d18421-8c71-47bc-992e-0d0dfdcdbbea,netgear-raxe500.pdf,RAXE500,8d4007ba-5521-5cd2-bbc3-eb22acf0715b,c3bfa3ad-d441-57e2-968f-76eb1ec84c81,57d18421-8c71-47bc-992e-0d0dfdcdbbea:c3bfa3ad-d441-57e2-968f-76eb1ec84c81,parent_subtree_child,Manage Your Router > Specify ReadyDLNA Media Server Settings,116,116,239,379,nearest_ancestor_subtree,candidate,anchor_or_parent_subtree_child
Q-074,Q-074,57d18421-8c71-47bc-992e-0d0dfdcdbbea:OUTLINE:536e38dc6e76c4f9,57d18421-8c71-47bc-992e-0d0dfdcdbbea,netgear-raxe500.pdf,RAXE500,8d4007ba-5521-5cd2-bbc3-eb22acf0715b,68b1a2b7-7cb1-591a-9fc8-8d01667f9004,57d18421-8c71-47bc-992e-0d0dfdcdbbea:68b1a2b7-7cb1-591a-9fc8-8d01667f9004,parent_subtree_child,Manage Your Router > Return the router to its factory default settings,117,117,241,239,nearest_ancestor_subtree,candidate,anchor_or_parent_subtree_child
Q-074,Q-074,57d18421-8c71-47bc-992e-0d0dfdcdbbea:OUTLINE:536e38dc6e76c4f9,57d18421-8c71-47bc-992e-0d0dfdcdbbea,netgear-raxe500.pdf,RAXE500,8d4007ba-5521-5cd2-bbc3-eb22acf0715b,8e160d72-d9c0-5e0b-b624-739f05be19bb,57d18421-8c71-47bc-992e-0d0dfdcdbbea:8e160d72-d9c0-5e0b-b624-739f05be19bb,parent_subtree_child,Manage Your Router > Return the router to its factory default settings > Use the Reset button,117,117,243,181,nearest_ancestor_subtree,candidate,anchor_or_parent_subtree_child
Q-074,Q-074,57d18421-8c71-47bc-992e-0d0dfdcdbbea:OUTLINE:536e38dc6e76c4f9,57d18421-8c71-47bc-992e-0d0dfdcdbbea,netgear-raxe500.pdf,RAXE500,8d4007ba-5521-5cd2-bbc3-eb22acf0715b,38a0105f-ff6d-5aab-bcb3-0f08611feefb,57d18421-8c71-47bc-992e-0d0dfdcdbbea:38a0105f-ff6d-5aab-bcb3-0f08611feefb,parent_subtree_child,Manage Your Router > Return the router to its factory default settings > Erase the settings,117,118,245,250,nearest_ancestor_subtree,candidate,anchor_or_parent_subtree_child
Q-075,Q-075,57d18421-8c71-47bc-992e-0d0dfdcdbbea:OUTLINE:7e8558c76cede228,57d18421-8c71-47bc-992e-0d0dfdcdbbea,netgear-raxe500.pdf,RAXE500,8ad83c20-5699-538b-ab48-1be6980abbbe,420520ee-2c88-5df3-8d5a-74f7c7ffc250,57d18421-8c71-47bc-992e-0d0dfdcdbbea:420520ee-2c88-5df3-8d5a-74f7c7ffc250,parent_subtree_child,Share USB Storage Devices Attached to the Router,119,119,247,262,nearest_ancestor_subtree,candidate,anchor_or_parent_subtree_child
Q-075,Q-075,57d18421-8c71-47bc-992e-0d0dfdcdbbea:OUTLINE:7e8558c76cede228,57d18421-8c71-47bc-992e-0d0dfdcdbbea,netgear-raxe500.pdf,RAXE500,8ad83c20-5699-538b-ab48-1be6980abbbe,78603c0b-03c7-5631-9b1a-d3d48e9e67eb,57d18421-8c71-47bc-992e-0d0dfdcdbbea:78603c0b-03c7-5631-9b1a-d3d48e9e67eb,parent_subtree_child,Share USB Storage Devices Attached to the Router > USB device requirements,120,120,249,180,nearest_ancestor_subtree,candidate,anchor_or_parent_subtree_child
Q-075,Q-075,57d18421-8c71-47bc-992e-0d0dfdcdbbea:OUTLINE:7e8558c76cede228,57d18421-8c71-47bc-992e-0d0dfdcdbbea,netgear-raxe500.pdf,RAXE500,8ad83c20-5699-538b-ab48-1be6980abbbe,40812aed-cd07-5dff-9ac0-4704875b0f45,57d18421-8c71-47bc-992e-0d0dfdcdbbea:40812aed-cd07-5dff-9ac0-4704875b0f45,parent_subtree_child,Share USB Storage Devices Attached to the Router > Connect a USB storage device to the router,120,120,251,162,nearest_ancestor_subtree,candidate,anchor_or_parent_subtree_child
Q-075,Q-075,57d18421-8c71-47bc-992e-0d0dfdcdbbea:OUTLINE:7e8558c76cede228,57d18421-8c71-47bc-992e-0d0dfdcdbbea,netgear-raxe500.pdf,RAXE500,8ad83c20-5699-538b-ab48-1be6980abbbe,45794013-1cd5-503b-9879-5d012d28510c,57d18421-8c71-47bc-992e-0d0dfdcdbbea:45794013-1cd5-503b-9879-5d012d28510c,parent_subtree_child,Share USB Storage Devices Attached to the Router > Access a storage device connected to the router from a Windows-based computer,121,121,253,172,nearest_ancestor_subtree,candidate,anchor_or_parent_subtree_child
Q-075,Q-075,57d18421-8c71-47bc-992e-0d0dfdcdbbea:OUTLINE:7e8558c76cede228,57d18421-8c71-47bc-992e-0d0dfdcdbbea,netgear-raxe500.pdf,RAXE500,8ad83c20-5699-538b-ab48-1be6980abbbe,beab9bff-68a2-5fc2-b90b-78ecc9a9d1bb,57d18421-8c71-47bc-992e-0d0dfdcdbbea:beab9bff-68a2-5fc2-b90b-78ecc9a9d1bb,parent_subtree_child,Share USB Storage Devices Attached to the Router > Map a USB device to a Windows network drive,121,122,255,293,nearest_ancestor_subtree,candidate,anchor_or_parent_subtree_child
Q-075,Q-075,57d18421-8c71-47bc-992e-0d0dfdcdbbea:OUTLINE:7e8558c76cede228,57d18421-8c71-47bc-992e-0d0dfdcdbbea,netgear-raxe500.pdf,RAXE500,8ad83c20-5699-538b-ab48-1be6980abbbe,cdfe8559-784a-5d51-a5a1-6ff28d588430,57d18421-8c71-47bc-992e-0d0dfdcdbbea:cdfe8559-784a-5d51-a5a1-6ff28d588430,parent_subtree_child,Share USB Storage Devices Attached to the Router > Access a storage device that is connected to the router from a Mac,122,123,257,318,nearest_ancestor_subtree,candidate,anchor_or_parent_subtree_child
Q-075,Q-075,57d18421-8c71-47bc-992e-0d0dfdcdbbea:OUTLINE:7e8558c76cede228,57d18421-8c71-47bc-992e-0d0dfdcdbbea,netgear-raxe500.pdf,RAXE500,8ad83c20-5699-538b-ab48-1be6980abbbe,c0a0a256-1dcf-56d0-bcac-4e100bd17821,57d18421-8c71-47bc-992e-0d0dfdcdbbea:c0a0a256-1dcf-56d0-bcac-4e100bd17821,parent_subtree_child,Share USB Storage Devices Attached to the Router > Enable FTP access within your network,123,123,259,184,nearest_ancestor_subtree,candidate,anchor_or_parent_subtree_child
Q-075,Q-075,57d18421-8c71-47bc-992e-0d0dfdcdbbea:OUTLINE:7e8558c76cede228,57d18421-8c71-47bc-992e-0d0dfdcdbbea,netgear-raxe500.pdf,RAXE500,8ad83c20-5699-538b-ab48-1be6980abbbe,5e5c51b3-dccd-5818-b9ae-65b70b14cfda,57d18421-8c71-47bc-992e-0d0dfdcdbbea:5e5c51b3-dccd-5818-b9ae-65b70b14cfda,parent_subtree_child,Share USB Storage Devices Attached to the Router > View network folders on a storage device,123,124,261,358,nearest_ancestor_subtree,candidate,anchor_or_parent_subtree_child
Q-075,Q-075,57d18421-8c71-47bc-992e-0d0dfdcdbbea:OUTLINE:7e8558c76cede228,57d18421-8c71-47bc-992e-0d0dfdcdbbea,netgear-raxe500.pdf,RAXE500,8ad83c20-5699-538b-ab48-1be6980abbbe,b2cee766-ed4f-59bb-8d66-703a2aecba75,57d18421-8c71-47bc-992e-0d0dfdcdbbea:b2cee766-ed4f-59bb-8d66-703a2aecba75,anchor,Share USB Storage Devices Attached to the Router > Add a network folder on a USB storage device,124,125,263,444,nearest_ancestor_subtree,candidate,anchor_or_parent_subtree_child
Q-075,Q-075,57d18421-8c71-47bc-992e-0d0dfdcdbbea:OUTLINE:7e8558c76cede228,57d18421-8c71-47bc-992e-0d0dfdcdbbea,netgear-raxe500.pdf,RAXE500,8ad83c20-5699-538b-ab48-1be6980abbbe,0732d446-ec1f-5e96-a58a-13d4001cea78,57d18421-8c71-47bc-992e-0d0dfdcdbbea:0732d446-ec1f-5e96-a58a-13d4001cea78,parent_subtree_child,Share USB Storage Devices Attached to the Router > Edit a network folder on a USB storage device,125,126,265,218,nearest_ancestor_subtree,candidate,anchor_or_parent_subtree_child
Q-075,Q-075,57d18421-8c71-47bc-992e-0d0dfdcdbbea:OUTLINE:7e8558c76cede228,57d18421-8c71-47bc-992e-0d0dfdcdbbea,netgear-raxe500.pdf,RAXE500,8ad83c20-5699-538b-ab48-1be6980abbbe,eaa8444a-32f2-5dda-9a31-ec9949be4c14,57d18421-8c71-47bc-992e-0d0dfdcdbbea:eaa8444a-32f2-5dda-9a31-ec9949be4c14,parent_subtree_child,Share USB Storage Devices Attached to the Router > Safely remove a USB storage device,126,127,267,225,nearest_ancestor_subtree,candidate,anchor_or_parent_subtree_child
Q-076,Q-076,57d18421-8c71-47bc-992e-0d0dfdcdbbea:OUTLINE:7bbe03a0d66739df,57d18421-8c71-47bc-992e-0d0dfdcdbbea,netgear-raxe500.pdf,RAXE500,ec20b4f3-8302-5286-8b05-15d20886d2f0,10dda850-09b9-5de4-90ce-8b1de5749aed,57d18421-8c71-47bc-992e-0d0dfdcdbbea:10dda850-09b9-5de4-90ce-8b1de5749aed,parent_subtree_child,Use VPN to Access Your Network > Use VPN to access your Internet service at home,143,143,307,141,nearest_ancestor_subtree,candidate,anchor_or_parent_subtree_child
Q-076,Q-076,57d18421-8c71-47bc-992e-0d0dfdcdbbea:OUTLINE:7bbe03a0d66739df,57d18421-8c71-47bc-992e-0d0dfdcdbbea,netgear-raxe500.pdf,RAXE500,ec20b4f3-8302-5286-8b05-15d20886d2f0,0fc19ad4-a3f3-5128-a97a-000311ce8919,57d18421-8c71-47bc-992e-0d0dfdcdbbea:0fc19ad4-a3f3-5128-a97a-000311ce8919,anchor,Use VPN to Access Your Network > Use VPN to access your Internet service at home > Set up VPN client Internet access in the router,144,144,309,383,nearest_ancestor_subtree,candidate,anchor_or_parent_subtree_child
Q-076,Q-076,57d18421-8c71-47bc-992e-0d0dfdcdbbea:OUTLINE:7bbe03a0d66739df,57d18421-8c71-47bc-992e-0d0dfdcdbbea,netgear-raxe500.pdf,RAXE500,ec20b4f3-8302-5286-8b05-15d20886d2f0,6523043e-f55b-5d2a-9f0a-8376cfa661ce,57d18421-8c71-47bc-992e-0d0dfdcdbbea:6523043e-f55b-5d2a-9f0a-8376cfa661ce,parent_subtree_child,Use VPN to Access Your Network > Use VPN to access your Internet service at home > Block VPN client Internet access in the router,144,145,311,364,nearest_ancestor_subtree,candidate,anchor_or_parent_subtree_child
Q-076,Q-076,57d18421-8c71-47bc-992e-0d0dfdcdbbea:OUTLINE:7bbe03a0d66739df,57d18421-8c71-47bc-992e-0d0dfdcdbbea,netgear-raxe500.pdf,RAXE500,ec20b4f3-8302-5286-8b05-15d20886d2f0,f28a4c35-4d28-56c9-a6aa-9d30d17a3c6c,57d18421-8c71-47bc-992e-0d0dfdcdbbea:f28a4c35-4d28-56c9-a6aa-9d30d17a3c6c,parent_subtree_child,Use VPN to Access Your Network > Use VPN to access your Internet service at home > Use a VPN tunnel to access your Internet service at home,145,146,313,99,nearest_ancestor_subtree,candidate,anchor_or_parent_subtree_child
Q-077,Q-077,57d18421-8c71-47bc-992e-0d0dfdcdbbea:OUTLINE:f67dde43cca3ccc5,57d18421-8c71-47bc-992e-0d0dfdcdbbea,netgear-raxe500.pdf,RAXE500,2e56c853-f51a-5d05-8356-1a6a8b8e59db,3ca4ff99-ea82-52a6-ae6a-4642a8ab493f,57d18421-8c71-47bc-992e-0d0dfdcdbbea:3ca4ff99-ea82-52a6-ae6a-4642a8ab493f,parent_subtree_child,Troubleshooting > Quick tips,157,157,341,18,nearest_ancestor_subtree,candidate,anchor_or_parent_subtree_child
Q-077,Q-077,57d18421-8c71-47bc-992e-0d0dfdcdbbea:OUTLINE:f67dde43cca3ccc5,57d18421-8c71-47bc-992e-0d0dfdcdbbea,netgear-raxe500.pdf,RAXE500,2e56c853-f51a-5d05-8356-1a6a8b8e59db,494eba00-b9d1-5fec-898e-b212c6f28baf,57d18421-8c71-47bc-992e-0d0dfdcdbbea:494eba00-b9d1-5fec-898e-b212c6f28baf,anchor,Troubleshooting > Quick tips > Sequence to restart your network,157,157,343,53,nearest_ancestor_subtree,candidate,anchor_or_parent_subtree_child
Q-077,Q-077,57d18421-8c71-47bc-992e-0d0dfdcdbbea:OUTLINE:f67dde43cca3ccc5,57d18421-8c71-47bc-992e-0d0dfdcdbbea,netgear-raxe500.pdf,RAXE500,2e56c853-f51a-5d05-8356-1a6a8b8e59db,4f3d2903-b1ca-556d-a4f9-f0bea742c6b5,57d18421-8c71-47bc-992e-0d0dfdcdbbea:4f3d2903-b1ca-556d-a4f9-f0bea742c6b5,parent_subtree_child,Troubleshooting > Quick tips > Check the power adapter and Ethernet cable connections,157,157,345,129,nearest_ancestor_subtree,candidate,anchor_or_parent_subtree_child
Q-077,Q-077,57d18421-8c71-47bc-992e-0d0dfdcdbbea:OUTLINE:f67dde43cca3ccc5,57d18421-8c71-47bc-992e-0d0dfdcdbbea,netgear-raxe500.pdf,RAXE500,2e56c853-f51a-5d05-8356-1a6a8b8e59db,0ca599be-3824-5fb8-8b40-4109155a72b2,57d18421-8c71-47bc-992e-0d0dfdcdbbea:0ca599be-3824-5fb8-8b40-4109155a72b2,parent_subtree_child,Troubleshooting > Quick tips > Check the WiFi settings,157,157,347,102,nearest_ancestor_subtree,candidate,anchor_or_parent_subtree_child
Q-077,Q-077,57d18421-8c71-47bc-992e-0d0dfdcdbbea:OUTLINE:f67dde43cca3ccc5,57d18421-8c71-47bc-992e-0d0dfdcdbbea,netgear-raxe500.pdf,RAXE500,2e56c853-f51a-5d05-8356-1a6a8b8e59db,6cc08877-270d-58a7-9e46-041f1014551a,57d18421-8c71-47bc-992e-0d0dfdcdbbea:6cc08877-270d-58a7-9e46-041f1014551a,parent_subtree_child,Troubleshooting > Quick tips > Check the network settings,157,158,349,149,nearest_ancestor_subtree,candidate,anchor_or_parent_subtree_child
Q-078,Q-078,4431ab7b-17f3-4bc6-8ee4-691efbcdfdeb:OUTLINE:0dde3e7827c5a595,4431ab7b-17f3-4bc6-8ee4-691efbcdfdeb,netgear-rbk852.pdf,RBK852,72ec12ed-7937-5e51-9653-33e3a9143108,c833d177-1a77-579d-8c0d-9c2cd328915f,4431ab7b-17f3-4bc6-8ee4-691efbcdfdeb:c833d177-1a77-579d-8c0d-9c2cd328915f,parent_subtree_child,Overview,8,8,3,258,nearest_ancestor_subtree,candidate,anchor_or_parent_subtree_child
Q-078,Q-078,4431ab7b-17f3-4bc6-8ee4-691efbcdfdeb:OUTLINE:0dde3e7827c5a595,4431ab7b-17f3-4bc6-8ee4-691efbcdfdeb,netgear-rbk852.pdf,RBK852,72ec12ed-7937-5e51-9653-33e3a9143108,cb2973c0-a338-5425-b0c3-debc9f526395,4431ab7b-17f3-4bc6-8ee4-691efbcdfdeb:cb2973c0-a338-5425-b0c3-debc9f526395,parent_subtree_child,Overview > Orbi router overview,9,9,5,24,nearest_ancestor_subtree,candidate,anchor_or_parent_subtree_child
Q-078,Q-078,4431ab7b-17f3-4bc6-8ee4-691efbcdfdeb:OUTLINE:0dde3e7827c5a595,4431ab7b-17f3-4bc6-8ee4-691efbcdfdeb,netgear-rbk852.pdf,RBK852,72ec12ed-7937-5e51-9653-33e3a9143108,3852caa4-0a53-5b8d-a672-2dceb644b3ff,4431ab7b-17f3-4bc6-8ee4-691efbcdfdeb:3852caa4-0a53-5b8d-a672-2dceb644b3ff,parent_subtree_child,Overview > Orbi router overview > Orbi router hardware features,9,10,7,275,nearest_ancestor_subtree,candidate,anchor_or_parent_subtree_child
Q-078,Q-078,4431ab7b-17f3-4bc6-8ee4-691efbcdfdeb:OUTLINE:0dde3e7827c5a595,4431ab7b-17f3-4bc6-8ee4-691efbcdfdeb,netgear-rbk852.pdf,RBK852,72ec12ed-7937-5e51-9653-33e3a9143108,e1ef7e18-c378-557d-bb1a-bc9a9c115f03,4431ab7b-17f3-4bc6-8ee4-691efbcdfdeb:e1ef7e18-c378-557d-bb1a-bc9a9c115f03,parent_subtree_child,Overview > Orbi router overview > Orbi router LED behavior,10,11,9,222,nearest_ancestor_subtree,candidate,anchor_or_parent_subtree_child
Q-078,Q-078,4431ab7b-17f3-4bc6-8ee4-691efbcdfdeb:OUTLINE:0dde3e7827c5a595,4431ab7b-17f3-4bc6-8ee4-691efbcdfdeb,netgear-rbk852.pdf,RBK852,72ec12ed-7937-5e51-9653-33e3a9143108,a00e2075-8884-5afe-a0fd-7b60c14a4ba1,4431ab7b-17f3-4bc6-8ee4-691efbcdfdeb:a00e2075-8884-5afe-a0fd-7b60c14a4ba1,parent_subtree_child,Overview > Orbi satellite overview,11,11,11,24,nearest_ancestor_subtree,candidate,anchor_or_parent_subtree_child
Q-078,Q-078,4431ab7b-17f3-4bc6-8ee4-691efbcdfdeb:OUTLINE:0dde3e7827c5a595,4431ab7b-17f3-4bc6-8ee4-691efbcdfdeb,netgear-rbk852.pdf,RBK852,72ec12ed-7937-5e51-9653-33e3a9143108,99bbc316-ce17-5acf-98d1-aad7e92aec5f,4431ab7b-17f3-4bc6-8ee4-691efbcdfdeb:99bbc316-ce17-5acf-98d1-aad7e92aec5f,parent_subtree_child,Overview > Orbi satellite overview > Orbi satellite hardware features,11,12,13,63,nearest_ancestor_subtree,candidate,anchor_or_parent_subtree_child
Q-078,Q-078,4431ab7b-17f3-4bc6-8ee4-691efbcdfdeb:OUTLINE:0dde3e7827c5a595,4431ab7b-17f3-4bc6-8ee4-691efbcdfdeb,netgear-rbk852.pdf,RBK852,72ec12ed-7937-5e51-9653-33e3a9143108,1c16631a-253c-55de-96e9-4f70304c9712,4431ab7b-17f3-4bc6-8ee4-691efbcdfdeb:1c16631a-253c-55de-96e9-4f70304c9712,parent_subtree_child,Overview > Orbi satellite overview > Orbi satellite LED behavior,12,12,15,247,nearest_ancestor_subtree,candidate,anchor_or_parent_subtree_child
Q-078,Q-078,4431ab7b-17f3-4bc6-8ee4-691efbcdfdeb:OUTLINE:0dde3e7827c5a595,4431ab7b-17f3-4bc6-8ee4-691efbcdfdeb,netgear-rbk852.pdf,RBK852,72ec12ed-7937-5e51-9653-33e3a9143108,08b4b339-6b55-5e67-b597-c0f273e568cb,4431ab7b-17f3-4bc6-8ee4-691efbcdfdeb:08b4b339-6b55-5e67-b597-c0f273e568cb,parent_subtree_child,Overview > Connect your router,13,13,17,252,nearest_ancestor_subtree,candidate,anchor_or_parent_subtree_child
Q-078,Q-078,4431ab7b-17f3-4bc6-8ee4-691efbcdfdeb:OUTLINE:0dde3e7827c5a595,4431ab7b-17f3-4bc6-8ee4-691efbcdfdeb,netgear-rbk852.pdf,RBK852,72ec12ed-7937-5e51-9653-33e3a9143108,187bc3f7-cbe6-5348-854d-ba311bbe4bfc,4431ab7b-17f3-4bc6-8ee4-691efbcdfdeb:187bc3f7-cbe6-5348-854d-ba311bbe4bfc,parent_subtree_child,Overview > Place your Orbi satellite,14,14,19,47,nearest_ancestor_subtree,candidate,anchor_or_parent_subtree_child
Q-078,Q-078,4431ab7b-17f3-4bc6-8ee4-691efbcdfdeb:OUTLINE:0dde3e7827c5a595,4431ab7b-17f3-4bc6-8ee4-691efbcdfdeb,netgear-rbk852.pdf,RBK852,72ec12ed-7937-5e51-9653-33e3a9143108,fd0ce992-9b7f-58e2-9140-f25a95a0b95b,4431ab7b-17f3-4bc6-8ee4-691efbcdfdeb:fd0ce992-9b7f-58e2-9140-f25a95a0b95b,anchor,Overview > Sync your Orbi satellite with your Orbi router,14,14,21,307,nearest_ancestor_subtree,candidate,anchor_or_parent_subtree_child
Q-079,Q-079,4431ab7b-17f3-4bc6-8ee4-691efbcdfdeb:OUTLINE:e0e51a7e3dee3e59,4431ab7b-17f3-4bc6-8ee4-691efbcdfdeb,netgear-rbk852.pdf,RBK852,47609330-ebd3-5055-9e75-a7e2deeb49a6,a705dc8c-df43-54a7-96d4-bec53069d331,4431ab7b-17f3-4bc6-8ee4-691efbcdfdeb:a705dc8c-df43-54a7-96d4-bec53069d331,parent_subtree_child,Specify Your Internet Settings > Manage an IPv6 Internet connection,27,27,55,30,nearest_ancestor_subtree,candidate,anchor_or_parent_subtree_child
Q-079,Q-079,4431ab7b-17f3-4bc6-8ee4-691efbcdfdeb:OUTLINE:e0e51a7e3dee3e59,4431ab7b-17f3-4bc6-8ee4-691efbcdfdeb,netgear-rbk852.pdf,RBK852,47609330-ebd3-5055-9e75-a7e2deeb49a6,de3de3b9-79ad-5fbc-9db0-88299436c0c8,4431ab7b-17f3-4bc6-8ee4-691efbcdfdeb:de3de3b9-79ad-5fbc-9db0-88299436c0c8,parent_subtree_child,Specify Your Internet Settings > Manage an IPv6 Internet connection > Requirements for entering IPv6 addresses,27,27,57,94,nearest_ancestor_subtree,candidate,anchor_or_parent_subtree_child
Q-079,Q-079,4431ab7b-17f3-4bc6-8ee4-691efbcdfdeb:OUTLINE:e0e51a7e3dee3e59,4431ab7b-17f3-4bc6-8ee4-691efbcdfdeb,netgear-rbk852.pdf,RBK852,47609330-ebd3-5055-9e75-a7e2deeb49a6,bafbe93c-5d33-537b-82ee-2c89ca1550eb,4431ab7b-17f3-4bc6-8ee4-691efbcdfdeb:bafbe93c-5d33-537b-82ee-2c89ca1550eb,anchor,Specify Your Internet Settings > Manage an IPv6 Internet connection > Specify IPv6 Internet connections,27,28,59,384,nearest_ancestor_subtree,candidate,anchor_or_parent_subtree_child
Q-079,Q-079,4431ab7b-17f3-4bc6-8ee4-691efbcdfdeb:OUTLINE:e0e51a7e3dee3e59,4431ab7b-17f3-4bc6-8ee4-691efbcdfdeb,netgear-rbk852.pdf,RBK852,47609330-ebd3-5055-9e75-a7e2deeb49a6,351cc2c4-ce52-5178-939e-d495faac6f5a,4431ab7b-17f3-4bc6-8ee4-691efbcdfdeb:351cc2c4-ce52-5178-939e-d495faac6f5a,parent_subtree_child,Specify Your Internet Settings > Manage an IPv6 Internet connection > Use auto detection for an IPv6 Internet connection,28,29,61,562,nearest_ancestor_subtree,candidate,anchor_or_parent_subtree_child
Q-079,Q-079,4431ab7b-17f3-4bc6-8ee4-691efbcdfdeb:OUTLINE:e0e51a7e3dee3e59,4431ab7b-17f3-4bc6-8ee4-691efbcdfdeb,netgear-rbk852.pdf,RBK852,47609330-ebd3-5055-9e75-a7e2deeb49a6,ca523430-b2ee-50b0-b804-729b4395c582,4431ab7b-17f3-4bc6-8ee4-691efbcdfdeb:ca523430-b2ee-50b0-b804-729b4395c582,parent_subtree_child,Specify Your Internet Settings > Manage an IPv6 Internet connection > Use auto configuration for an IPv6 Internet connection,29,31,63,781,nearest_ancestor_subtree,candidate,anchor_or_parent_subtree_child
Q-079,Q-079,4431ab7b-17f3-4bc6-8ee4-691efbcdfdeb:OUTLINE:e0e51a7e3dee3e59,4431ab7b-17f3-4bc6-8ee4-691efbcdfdeb,netgear-rbk852.pdf,RBK852,47609330-ebd3-5055-9e75-a7e2deeb49a6,8b58b444-2465-58c5-9210-5c2a72f4638e,4431ab7b-17f3-4bc6-8ee4-691efbcdfdeb:8b58b444-2465-58c5-9210-5c2a72f4638e,parent_subtree_child,Specify Your Internet Settings > Manage an IPv6 Internet connection > Set up an IPv6 6to4 tunnel Internet connection,31,32,65,685,nearest_ancestor_subtree,candidate,anchor_or_parent_subtree_child
Q-079,Q-079,4431ab7b-17f3-4bc6-8ee4-691efbcdfdeb:OUTLINE:e0e51a7e3dee3e59,4431ab7b-17f3-4bc6-8ee4-691efbcdfdeb,netgear-rbk852.pdf,RBK852,47609330-ebd3-5055-9e75-a7e2deeb49a6,7a601e85-9716-5735-af79-35db1ae9f323,4431ab7b-17f3-4bc6-8ee4-691efbcdfdeb:7a601e85-9716-5735-af79-35db1ae9f323,parent_subtree_child,Specify Your Internet Settings > Manage an IPv6 Internet connection > Set up an IPv6 6rd tunnel Internet connection,32,34,67,957,nearest_ancestor_subtree,candidate,anchor_or_parent_subtree_child
Q-079,Q-079,4431ab7b-17f3-4bc6-8ee4-691efbcdfdeb:OUTLINE:e0e51a7e3dee3e59,4431ab7b-17f3-4bc6-8ee4-691efbcdfdeb,netgear-rbk852.pdf,RBK852,47609330-ebd3-5055-9e75-a7e2deeb49a6,3de0a7b0-7a67-5619-a4e9-7c92a91ba4b5,4431ab7b-17f3-4bc6-8ee4-691efbcdfdeb:3de0a7b0-7a67-5619-a4e9-7c92a91ba4b5,parent_subtree_child,Specify Your Internet Settings > Manage an IPv6 Internet connection > Set up an IPv6 pass-through Internet connection,34,35,69,214,nearest_ancestor_subtree,candidate,anchor_or_parent_subtree_child
Q-079,Q-079,4431ab7b-17f3-4bc6-8ee4-691efbcdfdeb:OUTLINE:e0e51a7e3dee3e59,4431ab7b-17f3-4bc6-8ee4-691efbcdfdeb,netgear-rbk852.pdf,RBK852,47609330-ebd3-5055-9e75-a7e2deeb49a6,42cf4bf5-8d32-5756-8350-910c90ce079d,4431ab7b-17f3-4bc6-8ee4-691efbcdfdeb:42cf4bf5-8d32-5756-8350-910c90ce079d,parent_subtree_child,Specify Your Internet Settings > Manage an IPv6 Internet connection > Set up an IPv6 fixed Internet connection,35,36,71,525,nearest_ancestor_subtree,candidate,anchor_or_parent_subtree_child
Q-079,Q-079,4431ab7b-17f3-4bc6-8ee4-691efbcdfdeb:OUTLINE:e0e51a7e3dee3e59,4431ab7b-17f3-4bc6-8ee4-691efbcdfdeb,netgear-rbk852.pdf,RBK852,47609330-ebd3-5055-9e75-a7e2deeb49a6,43c0ab37-42a6-568c-a37f-e45b44aa0604,4431ab7b-17f3-4bc6-8ee4-691efbcdfdeb:43c0ab37-42a6-568c-a37f-e45b44aa0604,parent_subtree_child,Specify Your Internet Settings > Manage an IPv6 Internet connection > Set up an IPv6 DHCP Internet connection,36,38,73,801,nearest_ancestor_subtree,candidate,anchor_or_parent_subtree_child
Q-079,Q-079,4431ab7b-17f3-4bc6-8ee4-691efbcdfdeb:OUTLINE:e0e51a7e3dee3e59,4431ab7b-17f3-4bc6-8ee4-691efbcdfdeb,netgear-rbk852.pdf,RBK852,47609330-ebd3-5055-9e75-a7e2deeb49a6,acfcfc10-9010-5a5e-9f6c-e4bbbf310479,4431ab7b-17f3-4bc6-8ee4-691efbcdfdeb:acfcfc10-9010-5a5e-9f6c-e4bbbf310479,parent_subtree_child,Specify Your Internet Settings > Manage an IPv6 Internet connection > Set up an IPv6 PPPoE Internet connection,38,40,75,882,nearest_ancestor_subtree,candidate,anchor_or_parent_subtree_child
Q-080,Q-080,4431ab7b-17f3-4bc6-8ee4-691efbcdfdeb:OUTLINE:1903b33777805e3f,4431ab7b-17f3-4bc6-8ee4-691efbcdfdeb,netgear-rbk852.pdf,RBK852,47609330-ebd3-5055-9e75-a7e2deeb49a6,a705dc8c-df43-54a7-96d4-bec53069d331,4431ab7b-17f3-4bc6-8ee4-691efbcdfdeb:a705dc8c-df43-54a7-96d4-bec53069d331,parent_subtree_child,Specify Your Internet Settings > Manage an IPv6 Internet connection,27,27,55,30,nearest_ancestor_subtree,candidate,anchor_or_parent_subtree_child
Q-080,Q-080,4431ab7b-17f3-4bc6-8ee4-691efbcdfdeb:OUTLINE:1903b33777805e3f,4431ab7b-17f3-4bc6-8ee4-691efbcdfdeb,netgear-rbk852.pdf,RBK852,47609330-ebd3-5055-9e75-a7e2deeb49a6,de3de3b9-79ad-5fbc-9db0-88299436c0c8,4431ab7b-17f3-4bc6-8ee4-691efbcdfdeb:de3de3b9-79ad-5fbc-9db0-88299436c0c8,parent_subtree_child,Specify Your Internet Settings > Manage an IPv6 Internet connection > Requirements for entering IPv6 addresses,27,27,57,94,nearest_ancestor_subtree,candidate,anchor_or_parent_subtree_child
Q-080,Q-080,4431ab7b-17f3-4bc6-8ee4-691efbcdfdeb:OUTLINE:1903b33777805e3f,4431ab7b-17f3-4bc6-8ee4-691efbcdfdeb,netgear-rbk852.pdf,RBK852,47609330-ebd3-5055-9e75-a7e2deeb49a6,bafbe93c-5d33-537b-82ee-2c89ca1550eb,4431ab7b-17f3-4bc6-8ee4-691efbcdfdeb:bafbe93c-5d33-537b-82ee-2c89ca1550eb,parent_subtree_child,Specify Your Internet Settings > Manage an IPv6 Internet connection > Specify IPv6 Internet connections,27,28,59,384,nearest_ancestor_subtree,candidate,anchor_or_parent_subtree_child
Q-080,Q-080,4431ab7b-17f3-4bc6-8ee4-691efbcdfdeb:OUTLINE:1903b33777805e3f,4431ab7b-17f3-4bc6-8ee4-691efbcdfdeb,netgear-rbk852.pdf,RBK852,47609330-ebd3-5055-9e75-a7e2deeb49a6,351cc2c4-ce52-5178-939e-d495faac6f5a,4431ab7b-17f3-4bc6-8ee4-691efbcdfdeb:351cc2c4-ce52-5178-939e-d495faac6f5a,parent_subtree_child,Specify Your Internet Settings > Manage an IPv6 Internet connection > Use auto detection for an IPv6 Internet connection,28,29,61,562,nearest_ancestor_subtree,candidate,anchor_or_parent_subtree_child
Q-080,Q-080,4431ab7b-17f3-4bc6-8ee4-691efbcdfdeb:OUTLINE:1903b33777805e3f,4431ab7b-17f3-4bc6-8ee4-691efbcdfdeb,netgear-rbk852.pdf,RBK852,47609330-ebd3-5055-9e75-a7e2deeb49a6,ca523430-b2ee-50b0-b804-729b4395c582,4431ab7b-17f3-4bc6-8ee4-691efbcdfdeb:ca523430-b2ee-50b0-b804-729b4395c582,parent_subtree_child,Specify Your Internet Settings > Manage an IPv6 Internet connection > Use auto configuration for an IPv6 Internet connection,29,31,63,781,nearest_ancestor_subtree,candidate,anchor_or_parent_subtree_child
Q-080,Q-080,4431ab7b-17f3-4bc6-8ee4-691efbcdfdeb:OUTLINE:1903b33777805e3f,4431ab7b-17f3-4bc6-8ee4-691efbcdfdeb,netgear-rbk852.pdf,RBK852,47609330-ebd3-5055-9e75-a7e2deeb49a6,8b58b444-2465-58c5-9210-5c2a72f4638e,4431ab7b-17f3-4bc6-8ee4-691efbcdfdeb:8b58b444-2465-58c5-9210-5c2a72f4638e,parent_subtree_child,Specify Your Internet Settings > Manage an IPv6 Internet connection > Set up an IPv6 6to4 tunnel Internet connection,31,32,65,685,nearest_ancestor_subtree,candidate,anchor_or_parent_subtree_child
Q-080,Q-080,4431ab7b-17f3-4bc6-8ee4-691efbcdfdeb:OUTLINE:1903b33777805e3f,4431ab7b-17f3-4bc6-8ee4-691efbcdfdeb,netgear-rbk852.pdf,RBK852,47609330-ebd3-5055-9e75-a7e2deeb49a6,7a601e85-9716-5735-af79-35db1ae9f323,4431ab7b-17f3-4bc6-8ee4-691efbcdfdeb:7a601e85-9716-5735-af79-35db1ae9f323,parent_subtree_child,Specify Your Internet Settings > Manage an IPv6 Internet connection > Set up an IPv6 6rd tunnel Internet connection,32,34,67,957,nearest_ancestor_subtree,candidate,anchor_or_parent_subtree_child
Q-080,Q-080,4431ab7b-17f3-4bc6-8ee4-691efbcdfdeb:OUTLINE:1903b33777805e3f,4431ab7b-17f3-4bc6-8ee4-691efbcdfdeb,netgear-rbk852.pdf,RBK852,47609330-ebd3-5055-9e75-a7e2deeb49a6,3de0a7b0-7a67-5619-a4e9-7c92a91ba4b5,4431ab7b-17f3-4bc6-8ee4-691efbcdfdeb:3de0a7b0-7a67-5619-a4e9-7c92a91ba4b5,parent_subtree_child,Specify Your Internet Settings > Manage an IPv6 Internet connection > Set up an IPv6 pass-through Internet connection,34,35,69,214,nearest_ancestor_subtree,candidate,anchor_or_parent_subtree_child
Q-080,Q-080,4431ab7b-17f3-4bc6-8ee4-691efbcdfdeb:OUTLINE:1903b33777805e3f,4431ab7b-17f3-4bc6-8ee4-691efbcdfdeb,netgear-rbk852.pdf,RBK852,47609330-ebd3-5055-9e75-a7e2deeb49a6,42cf4bf5-8d32-5756-8350-910c90ce079d,4431ab7b-17f3-4bc6-8ee4-691efbcdfdeb:42cf4bf5-8d32-5756-8350-910c90ce079d,parent_subtree_child,Specify Your Internet Settings > Manage an IPv6 Internet connection > Set up an IPv6 fixed Internet connection,35,36,71,525,nearest_ancestor_subtree,candidate,anchor_or_parent_subtree_child
Q-080,Q-080,4431ab7b-17f3-4bc6-8ee4-691efbcdfdeb:OUTLINE:1903b33777805e3f,4431ab7b-17f3-4bc6-8ee4-691efbcdfdeb,netgear-rbk852.pdf,RBK852,47609330-ebd3-5055-9e75-a7e2deeb49a6,43c0ab37-42a6-568c-a37f-e45b44aa0604,4431ab7b-17f3-4bc6-8ee4-691efbcdfdeb:43c0ab37-42a6-568c-a37f-e45b44aa0604,parent_subtree_child,Specify Your Internet Settings > Manage an IPv6 Internet connection > Set up an IPv6 DHCP Internet connection,36,38,73,801,nearest_ancestor_subtree,candidate,anchor_or_parent_subtree_child
Q-080,Q-080,4431ab7b-17f3-4bc6-8ee4-691efbcdfdeb:OUTLINE:1903b33777805e3f,4431ab7b-17f3-4bc6-8ee4-691efbcdfdeb,netgear-rbk852.pdf,RBK852,47609330-ebd3-5055-9e75-a7e2deeb49a6,acfcfc10-9010-5a5e-9f6c-e4bbbf310479,4431ab7b-17f3-4bc6-8ee4-691efbcdfdeb:acfcfc10-9010-5a5e-9f6c-e4bbbf310479,anchor,Specify Your Internet Settings > Manage an IPv6 Internet connection > Set up an IPv6 PPPoE Internet connection,38,40,75,882,nearest_ancestor_subtree,candidate,anchor_or_parent_subtree_child
Q-081,Q-081,4431ab7b-17f3-4bc6-8ee4-691efbcdfdeb:OUTLINE:2c0ec2920cd14051,4431ab7b-17f3-4bc6-8ee4-691efbcdfdeb,netgear-rbk852.pdf,RBK852,6b19a262-4ccc-5c2e-ba6e-dca7ef01a846,6931278f-8bfa-5356-92e5-a6d22f6479ae,4431ab7b-17f3-4bc6-8ee4-691efbcdfdeb:6931278f-8bfa-5356-92e5-a6d22f6479ae,parent_subtree_child,Control Access to the Internet,42,42,79,134,nearest_ancestor_subtree,candidate,anchor_or_parent_subtree_child
Q-081,Q-081,4431ab7b-17f3-4bc6-8ee4-691efbcdfdeb:OUTLINE:2c0ec2920cd14051,4431ab7b-17f3-4bc6-8ee4-691efbcdfdeb,netgear-rbk852.pdf,RBK852,6b19a262-4ccc-5c2e-ba6e-dca7ef01a846,65492b14-2c46-546a-a808-1df5e86daf97,4431ab7b-17f3-4bc6-8ee4-691efbcdfdeb:65492b14-2c46-546a-a808-1df5e86daf97,parent_subtree_child,Control Access to the Internet > Manage NETGEAR Armor,43,43,81,159,nearest_ancestor_subtree,candidate,anchor_or_parent_subtree_child
Q-081,Q-081,4431ab7b-17f3-4bc6-8ee4-691efbcdfdeb:OUTLINE:2c0ec2920cd14051,4431ab7b-17f3-4bc6-8ee4-691efbcdfdeb,netgear-rbk852.pdf,RBK852,6b19a262-4ccc-5c2e-ba6e-dca7ef01a846,411cec22-b854-5619-a013-edbc25f7754a,4431ab7b-17f3-4bc6-8ee4-691efbcdfdeb:411cec22-b854-5619-a013-edbc25f7754a,parent_subtree_child,Control Access to the Internet > Allow or block access to your network,43,44,83,524,nearest_ancestor_subtree,candidate,anchor_or_parent_subtree_child
Q-081,Q-081,4431ab7b-17f3-4bc6-8ee4-691efbcdfdeb:OUTLINE:2c0ec2920cd14051,4431ab7b-17f3-4bc6-8ee4-691efbcdfdeb,netgear-rbk852.pdf,RBK852,6b19a262-4ccc-5c2e-ba6e-dca7ef01a846,d92828fc-264b-5edd-87a9-90ccb8c3ed50,4431ab7b-17f3-4bc6-8ee4-691efbcdfdeb:d92828fc-264b-5edd-87a9-90ccb8c3ed50,parent_subtree_child,Control Access to the Internet > Manage network access control lists,44,45,85,268,nearest_ancestor_subtree,candidate,anchor_or_parent_subtree_child
Q-081,Q-081,4431ab7b-17f3-4bc6-8ee4-691efbcdfdeb:OUTLINE:2c0ec2920cd14051,4431ab7b-17f3-4bc6-8ee4-691efbcdfdeb,netgear-rbk852.pdf,RBK852,6b19a262-4ccc-5c2e-ba6e-dca7ef01a846,f90bf28d-62cc-50b4-b862-0fe3943ef03c,4431ab7b-17f3-4bc6-8ee4-691efbcdfdeb:f90bf28d-62cc-50b4-b862-0fe3943ef03c,parent_subtree_child,Control Access to the Internet > Use keywords to block Internet sites,45,46,87,349,nearest_ancestor_subtree,candidate,anchor_or_parent_subtree_child
Q-081,Q-081,4431ab7b-17f3-4bc6-8ee4-691efbcdfdeb:OUTLINE:2c0ec2920cd14051,4431ab7b-17f3-4bc6-8ee4-691efbcdfdeb,netgear-rbk852.pdf,RBK852,6b19a262-4ccc-5c2e-ba6e-dca7ef01a846,ad1184be-87ca-548e-9d44-390ae8d309d9,4431ab7b-17f3-4bc6-8ee4-691efbcdfdeb:ad1184be-87ca-548e-9d44-390ae8d309d9,parent_subtree_child,Control Access to the Internet > Delete keywords that are used to block Internet sites,46,47,89,207,nearest_ancestor_subtree,candidate,anchor_or_parent_subtree_child
Q-081,Q-081,4431ab7b-17f3-4bc6-8ee4-691efbcdfdeb:OUTLINE:2c0ec2920cd14051,4431ab7b-17f3-4bc6-8ee4-691efbcdfdeb,netgear-rbk852.pdf,RBK852,6b19a262-4ccc-5c2e-ba6e-dca7ef01a846,a4b73755-0f4c-584f-92ca-6a8ce6ef85aa,4431ab7b-17f3-4bc6-8ee4-691efbcdfdeb:a4b73755-0f4c-584f-92ca-6a8ce6ef85aa,parent_subtree_child,Control Access to the Internet > Avoid blocking on a trusted computer,47,47,91,240,nearest_ancestor_subtree,candidate,anchor_or_parent_subtree_child
Q-081,Q-081,4431ab7b-17f3-4bc6-8ee4-691efbcdfdeb:OUTLINE:2c0ec2920cd14051,4431ab7b-17f3-4bc6-8ee4-691efbcdfdeb,netgear-rbk852.pdf,RBK852,6b19a262-4ccc-5c2e-ba6e-dca7ef01a846,c997d040-95e9-56da-89a5-37053313a412,4431ab7b-17f3-4bc6-8ee4-691efbcdfdeb:c997d040-95e9-56da-89a5-37053313a412,parent_subtree_child,Control Access to the Internet > Block services from the Internet,47,49,93,520,nearest_ancestor_subtree,candidate,anchor_or_parent_subtree_child
Q-081,Q-081,4431ab7b-17f3-4bc6-8ee4-691efbcdfdeb:OUTLINE:2c0ec2920cd14051,4431ab7b-17f3-4bc6-8ee4-691efbcdfdeb,netgear-rbk852.pdf,RBK852,6b19a262-4ccc-5c2e-ba6e-dca7ef01a846,5aec1052-8f2e-5b4a-9938-6249e475c36b,4431ab7b-17f3-4bc6-8ee4-691efbcdfdeb:5aec1052-8f2e-5b4a-9938-6249e475c36b,parent_subtree_child,Control Access to the Internet > Schedule when to block Internet sites and services,49,49,95,278,nearest_ancestor_subtree,candidate,anchor_or_parent_subtree_child
Q-081,Q-081,4431ab7b-17f3-4bc6-8ee4-691efbcdfdeb:OUTLINE:2c0ec2920cd14051,4431ab7b-17f3-4bc6-8ee4-691efbcdfdeb,netgear-rbk852.pdf,RBK852,6b19a262-4ccc-5c2e-ba6e-dca7ef01a846,aee81160-3f45-597d-97ea-c7a1ad45d30a,4431ab7b-17f3-4bc6-8ee4-691efbcdfdeb:aee81160-3f45-597d-97ea-c7a1ad45d30a,anchor,Control Access to the Internet > Set up security event email notifications,49,51,97,606,nearest_ancestor_subtree,candidate,anchor_or_parent_subtree_child
Q-082,Q-082,4431ab7b-17f3-4bc6-8ee4-691efbcdfdeb:OUTLINE:55fef29c1f4c52fd,4431ab7b-17f3-4bc6-8ee4-691efbcdfdeb,netgear-rbk852.pdf,RBK852,39dc3d44-b5e0-57fe-b3b3-08401b9d8eb7,695ad5a7-796a-5776-8666-89a1b5d3790d,4431ab7b-17f3-4bc6-8ee4-691efbcdfdeb:695ad5a7-796a-5776-8666-89a1b5d3790d,parent_subtree_child,Specify Network Settings > Manage the WAN preference for Orbi router model RBR860,68,68,137,177,nearest_ancestor_subtree,candidate,anchor_or_parent_subtree_child
Q-082,Q-082,4431ab7b-17f3-4bc6-8ee4-691efbcdfdeb:OUTLINE:55fef29c1f4c52fd,4431ab7b-17f3-4bc6-8ee4-691efbcdfdeb,netgear-rbk852.pdf,RBK852,39dc3d44-b5e0-57fe-b3b3-08401b9d8eb7,a6546993-1d1a-5eb2-b616-d7c4995490a6,4431ab7b-17f3-4bc6-8ee4-691efbcdfdeb:a6546993-1d1a-5eb2-b616-d7c4995490a6,anchor,Specify Network Settings > Manage the WAN preference for Orbi router model RBR860 > Set up Internet port aggregation for Orbi router model RBR860,68,69,139,352,nearest_ancestor_subtree,candidate,anchor_or_parent_subtree_child
Q-082,Q-082,4431ab7b-17f3-4bc6-8ee4-691efbcdfdeb:OUTLINE:55fef29c1f4c52fd,4431ab7b-17f3-4bc6-8ee4-691efbcdfdeb,netgear-rbk852.pdf,RBK852,39dc3d44-b5e0-57fe-b3b3-08401b9d8eb7,6bb5767a-39e9-5a45-9bab-e7b9f978ef05,4431ab7b-17f3-4bc6-8ee4-691efbcdfdeb:6bb5767a-39e9-5a45-9bab-e7b9f978ef05,parent_subtree_child,Specify Network Settings > Manage the WAN preference for Orbi router model RBR860 > Change the WAN preference back to the Internet port for Orbi router model RBR860,69,70,141,224,nearest_ancestor_subtree,candidate,anchor_or_parent_subtree_child
Q-083,Q-083,4431ab7b-17f3-4bc6-8ee4-691efbcdfdeb:OUTLINE:2a664108b43fe7f3,4431ab7b-17f3-4bc6-8ee4-691efbcdfdeb,netgear-rbk852.pdf,RBK852,4ea75401-4675-5142-9e9f-0873028f3e31,0c1c7d8a-f45e-5523-bea2-3f232a33908c,4431ab7b-17f3-4bc6-8ee4-691efbcdfdeb:0c1c7d8a-f45e-5523-bea2-3f232a33908c,parent_subtree_child,Specify Network Settings > Manage custom static routes,82,82,175,365,nearest_ancestor_subtree,candidate,anchor_or_parent_subtree_child
Q-083,Q-083,4431ab7b-17f3-4bc6-8ee4-691efbcdfdeb:OUTLINE:2a664108b43fe7f3,4431ab7b-17f3-4bc6-8ee4-691efbcdfdeb,netgear-rbk852.pdf,RBK852,4ea75401-4675-5142-9e9f-0873028f3e31,83b0f8da-6afa-5070-9d44-c12b3b247e8b,4431ab7b-17f3-4bc6-8ee4-691efbcdfdeb:83b0f8da-6afa-5070-9d44-c12b3b247e8b,anchor,Specify Network Settings > Manage custom static routes > Set up a static route,82,83,177,333,nearest_ancestor_subtree,candidate,anchor_or_parent_subtree_child
Q-083,Q-083,4431ab7b-17f3-4bc6-8ee4-691efbcdfdeb:OUTLINE:2a664108b43fe7f3,4431ab7b-17f3-4bc6-8ee4-691efbcdfdeb,netgear-rbk852.pdf,RBK852,4ea75401-4675-5142-9e9f-0873028f3e31,bcde749f-5dee-5203-b990-17e802961c01,4431ab7b-17f3-4bc6-8ee4-691efbcdfdeb:bcde749f-5dee-5203-b990-17e802961c01,parent_subtree_child,Specify Network Settings > Manage custom static routes > Edit a static route,83,84,179,173,nearest_ancestor_subtree,candidate,anchor_or_parent_subtree_child
Q-083,Q-083,4431ab7b-17f3-4bc6-8ee4-691efbcdfdeb:OUTLINE:2a664108b43fe7f3,4431ab7b-17f3-4bc6-8ee4-691efbcdfdeb,netgear-rbk852.pdf,RBK852,4ea75401-4675-5142-9e9f-0873028f3e31,16184fa6-ce9e-5596-becc-e3785258d1df,4431ab7b-17f3-4bc6-8ee4-691efbcdfdeb:16184fa6-ce9e-5596-becc-e3785258d1df,parent_subtree_child,Specify Network Settings > Manage custom static routes > Delete a static route,84,84,181,153,nearest_ancestor_subtree,candidate,anchor_or_parent_subtree_child
Q-084,Q-084,4431ab7b-17f3-4bc6-8ee4-691efbcdfdeb:OUTLINE:3ca2cd659c51d159,4431ab7b-17f3-4bc6-8ee4-691efbcdfdeb,netgear-rbk852.pdf,RBK852,ac09ea28-decd-5557-9404-b7b022122b6f,6e7b3a6e-d800-5b3d-8e31-48ea5c7e49f7,4431ab7b-17f3-4bc6-8ee4-691efbcdfdeb:6e7b3a6e-d800-5b3d-8e31-48ea5c7e49f7,parent_subtree_child,Mantain and Monitor Your Network,92,92,197,210,nearest_ancestor_subtree,candidate,anchor_or_parent_subtree_child
Q-084,Q-084,4431ab7b-17f3-4bc6-8ee4-691efbcdfdeb:OUTLINE:3ca2cd659c51d159,4431ab7b-17f3-4bc6-8ee4-691efbcdfdeb,netgear-rbk852.pdf,RBK852,ac09ea28-decd-5557-9404-b7b022122b6f,41c472bc-60ef-5183-b0b6-f8120c1892de,4431ab7b-17f3-4bc6-8ee4-691efbcdfdeb:41c472bc-60ef-5183-b0b6-f8120c1892de,parent_subtree_child,Mantain and Monitor Your Network > Update the router and satellite firmware,93,93,199,46,nearest_ancestor_subtree,candidate,anchor_or_parent_subtree_child
Q-084,Q-084,4431ab7b-17f3-4bc6-8ee4-691efbcdfdeb:OUTLINE:3ca2cd659c51d159,4431ab7b-17f3-4bc6-8ee4-691efbcdfdeb,netgear-rbk852.pdf,RBK852,ac09ea28-decd-5557-9404-b7b022122b6f,92d53c78-9859-52cb-9d0e-87ebbce19528,4431ab7b-17f3-4bc6-8ee4-691efbcdfdeb:92d53c78-9859-52cb-9d0e-87ebbce19528,parent_subtree_child,Mantain and Monitor Your Network > Update the router and satellite firmware > Check for firmware updates,93,93,201,313,nearest_ancestor_subtree,candidate,anchor_or_parent_subtree_child
Q-084,Q-084,4431ab7b-17f3-4bc6-8ee4-691efbcdfdeb:OUTLINE:3ca2cd659c51d159,4431ab7b-17f3-4bc6-8ee4-691efbcdfdeb,netgear-rbk852.pdf,RBK852,ac09ea28-decd-5557-9404-b7b022122b6f,09e9e44a-3013-548c-a0db-76e5c97fcfac,4431ab7b-17f3-4bc6-8ee4-691efbcdfdeb:09e9e44a-3013-548c-a0db-76e5c97fcfac,parent_subtree_child,Mantain and Monitor Your Network > Update the router and satellite firmware > Manually update firmware,94,94,203,252,nearest_ancestor_subtree,candidate,anchor_or_parent_subtree_child
Q-084,Q-084,4431ab7b-17f3-4bc6-8ee4-691efbcdfdeb:OUTLINE:3ca2cd659c51d159,4431ab7b-17f3-4bc6-8ee4-691efbcdfdeb,netgear-rbk852.pdf,RBK852,ac09ea28-decd-5557-9404-b7b022122b6f,590af625-8143-58fd-bc4e-aff86727e7d9,4431ab7b-17f3-4bc6-8ee4-691efbcdfdeb:590af625-8143-58fd-bc4e-aff86727e7d9,parent_subtree_child,Mantain and Monitor Your Network > Update the router and satellite firmware > Manually update satellite firmware,94,95,205,364,nearest_ancestor_subtree,candidate,anchor_or_parent_subtree_child
Q-084,Q-084,4431ab7b-17f3-4bc6-8ee4-691efbcdfdeb:OUTLINE:3ca2cd659c51d159,4431ab7b-17f3-4bc6-8ee4-691efbcdfdeb,netgear-rbk852.pdf,RBK852,ac09ea28-decd-5557-9404-b7b022122b6f,05d2c78c-d574-570c-a023-9294d9e476ea,4431ab7b-17f3-4bc6-8ee4-691efbcdfdeb:05d2c78c-d574-570c-a023-9294d9e476ea,parent_subtree_child,Mantain and Monitor Your Network > Update the router and satellite firmware > Manually update router firmware,95,96,207,233,nearest_ancestor_subtree,candidate,anchor_or_parent_subtree_child
Q-084,Q-084,4431ab7b-17f3-4bc6-8ee4-691efbcdfdeb:OUTLINE:3ca2cd659c51d159,4431ab7b-17f3-4bc6-8ee4-691efbcdfdeb,netgear-rbk852.pdf,RBK852,ac09ea28-decd-5557-9404-b7b022122b6f,3fcffad3-f8e3-523a-a51c-3d40aa74c626,4431ab7b-17f3-4bc6-8ee4-691efbcdfdeb:3fcffad3-f8e3-523a-a51c-3d40aa74c626,parent_subtree_child,Mantain and Monitor Your Network > Change the admin password,96,96,209,299,nearest_ancestor_subtree,candidate,anchor_or_parent_subtree_child
Q-084,Q-084,4431ab7b-17f3-4bc6-8ee4-691efbcdfdeb:OUTLINE:3ca2cd659c51d159,4431ab7b-17f3-4bc6-8ee4-691efbcdfdeb,netgear-rbk852.pdf,RBK852,ac09ea28-decd-5557-9404-b7b022122b6f,d1e83f5c-6f1d-5b33-b27d-710246d08760,4431ab7b-17f3-4bc6-8ee4-691efbcdfdeb:d1e83f5c-6f1d-5b33-b27d-710246d08760,parent_subtree_child,Mantain and Monitor Your Network > Enable admin password reset,97,97,211,231,nearest_ancestor_subtree,candidate,anchor_or_parent_subtree_child
Q-084,Q-084,4431ab7b-17f3-4bc6-8ee4-691efbcdfdeb:OUTLINE:3ca2cd659c51d159,4431ab7b-17f3-4bc6-8ee4-691efbcdfdeb,netgear-rbk852.pdf,RBK852,ac09ea28-decd-5557-9404-b7b022122b6f,4a58992e-7442-5746-b6bf-16c7b1879a68,4431ab7b-17f3-4bc6-8ee4-691efbcdfdeb:4a58992e-7442-5746-b6bf-16c7b1879a68,parent_subtree_child,Mantain and Monitor Your Network > Reset the admin password,97,98,213,251,nearest_ancestor_subtree,candidate,anchor_or_parent_subtree_child
Q-084,Q-084,4431ab7b-17f3-4bc6-8ee4-691efbcdfdeb:OUTLINE:3ca2cd659c51d159,4431ab7b-17f3-4bc6-8ee4-691efbcdfdeb,netgear-rbk852.pdf,RBK852,ac09ea28-decd-5557-9404-b7b022122b6f,006d4fc0-8a97-5443-b581-e783b687976a,4431ab7b-17f3-4bc6-8ee4-691efbcdfdeb:006d4fc0-8a97-5443-b581-e783b687976a,parent_subtree_child,Mantain and Monitor Your Network > Always use HTTPS to access the router,98,99,215,328,nearest_ancestor_subtree,candidate,anchor_or_parent_subtree_child
Q-084,Q-084,4431ab7b-17f3-4bc6-8ee4-691efbcdfdeb:OUTLINE:3ca2cd659c51d159,4431ab7b-17f3-4bc6-8ee4-691efbcdfdeb,netgear-rbk852.pdf,RBK852,ac09ea28-decd-5557-9404-b7b022122b6f,263ad6b3-883f-518a-ac07-4bebc58e9dc9,4431ab7b-17f3-4bc6-8ee4-691efbcdfdeb:263ad6b3-883f-518a-ac07-4bebc58e9dc9,parent_subtree_child,Mantain and Monitor Your Network > View router status and usage information,99,99,217,126,nearest_ancestor_subtree,candidate,anchor_or_parent_subtree_child
Q-084,Q-084,4431ab7b-17f3-4bc6-8ee4-691efbcdfdeb:OUTLINE:3ca2cd659c51d159,4431ab7b-17f3-4bc6-8ee4-691efbcdfdeb,netgear-rbk852.pdf,RBK852,ac09ea28-decd-5557-9404-b7b022122b6f,e8b24dde-25fc-5592-a73e-a49c7057233b,4431ab7b-17f3-4bc6-8ee4-691efbcdfdeb:e8b24dde-25fc-5592-a73e-a49c7057233b,parent_subtree_child,Mantain and Monitor Your Network > Display Internet port statistics,99,100,219,405,nearest_ancestor_subtree,candidate,anchor_or_parent_subtree_child
Q-084,Q-084,4431ab7b-17f3-4bc6-8ee4-691efbcdfdeb:OUTLINE:3ca2cd659c51d159,4431ab7b-17f3-4bc6-8ee4-691efbcdfdeb,netgear-rbk852.pdf,RBK852,ac09ea28-decd-5557-9404-b7b022122b6f,a9e4bfe9-1ebb-596a-b3a2-9b00dbfce6de,4431ab7b-17f3-4bc6-8ee4-691efbcdfdeb:a9e4bfe9-1ebb-596a-b3a2-9b00dbfce6de,parent_subtree_child,Mantain and Monitor Your Network > Check the Internet connection status,100,101,221,364,nearest_ancestor_subtree,candidate,anchor_or_parent_subtree_child
Q-084,Q-084,4431ab7b-17f3-4bc6-8ee4-691efbcdfdeb:OUTLINE:3ca2cd659c51d159,4431ab7b-17f3-4bc6-8ee4-691efbcdfdeb,netgear-rbk852.pdf,RBK852,ac09ea28-decd-5557-9404-b7b022122b6f,fbcb2c2c-4ebf-5265-aa04-93375fca438a,4431ab7b-17f3-4bc6-8ee4-691efbcdfdeb:fbcb2c2c-4ebf-5265-aa04-93375fca438a,parent_subtree_child,Mantain and Monitor Your Network > View the satellite status,101,102,223,211,nearest_ancestor_subtree,candidate,anchor_or_parent_subtree_child
Q-084,Q-084,4431ab7b-17f3-4bc6-8ee4-691efbcdfdeb:OUTLINE:3ca2cd659c51d159,4431ab7b-17f3-4bc6-8ee4-691efbcdfdeb,netgear-rbk852.pdf,RBK852,ac09ea28-decd-5557-9404-b7b022122b6f,f0c02e7d-9f8d-5cac-94ea-ab4dcc5f8d29,4431ab7b-17f3-4bc6-8ee4-691efbcdfdeb:f0c02e7d-9f8d-5cac-94ea-ab4dcc5f8d29,parent_subtree_child,Mantain and Monitor Your Network > View and manage logs of router activity,102,102,225,297,nearest_ancestor_subtree,candidate,anchor_or_parent_subtree_child
Q-084,Q-084,4431ab7b-17f3-4bc6-8ee4-691efbcdfdeb:OUTLINE:3ca2cd659c51d159,4431ab7b-17f3-4bc6-8ee4-691efbcdfdeb,netgear-rbk852.pdf,RBK852,ac09ea28-decd-5557-9404-b7b022122b6f,75ada342-87ad-500e-8ebb-50caca21c69b,4431ab7b-17f3-4bc6-8ee4-691efbcdfdeb:75ada342-87ad-500e-8ebb-50caca21c69b,parent_subtree_child,Mantain and Monitor Your Network > View devices connected to the network or edit device information,103,103,227,43,nearest_ancestor_subtree,candidate,anchor_or_parent_subtree_child
Q-084,Q-084,4431ab7b-17f3-4bc6-8ee4-691efbcdfdeb:OUTLINE:3ca2cd659c51d159,4431ab7b-17f3-4bc6-8ee4-691efbcdfdeb,netgear-rbk852.pdf,RBK852,ac09ea28-decd-5557-9404-b7b022122b6f,ddf7a6fe-bfd9-5a83-b3de-66d9c3606d72,4431ab7b-17f3-4bc6-8ee4-691efbcdfdeb:ddf7a6fe-bfd9-5a83-b3de-66d9c3606d72,parent_subtree_child,Mantain and Monitor Your Network > View devices connected to the network or edit device information > View devices connected to the network,103,103,229,350,nearest_ancestor_subtree,candidate,anchor_or_parent_subtree_child
Q-084,Q-084,4431ab7b-17f3-4bc6-8ee4-691efbcdfdeb:OUTLINE:3ca2cd659c51d159,4431ab7b-17f3-4bc6-8ee4-691efbcdfdeb,netgear-rbk852.pdf,RBK852,ac09ea28-decd-5557-9404-b7b022122b6f,3ae5bed3-7865-534d-8fc6-1433e9c9f588,4431ab7b-17f3-4bc6-8ee4-691efbcdfdeb:3ae5bed3-7865-534d-8fc6-1433e9c9f588,parent_subtree_child,Mantain and Monitor Your Network > View devices connected to the network or edit device information > Edit device information on the Attached Devices page,104,104,231,242,nearest_ancestor_subtree,candidate,anchor_or_parent_subtree_child
Q-084,Q-084,4431ab7b-17f3-4bc6-8ee4-691efbcdfdeb:OUTLINE:3ca2cd659c51d159,4431ab7b-17f3-4bc6-8ee4-691efbcdfdeb,netgear-rbk852.pdf,RBK852,ac09ea28-decd-5557-9404-b7b022122b6f,c51960ce-9aa6-5477-ad17-568f2129d7c5,4431ab7b-17f3-4bc6-8ee4-691efbcdfdeb:c51960ce-9aa6-5477-ad17-568f2129d7c5,parent_subtree_child,Mantain and Monitor Your Network > View satellites connected to the network or edit satellite information,104,104,233,44,nearest_ancestor_subtree,candidate,anchor_or_parent_subtree_child
Q-084,Q-084,4431ab7b-17f3-4bc6-8ee4-691efbcdfdeb:OUTLINE:3ca2cd659c51d159,4431ab7b-17f3-4bc6-8ee4-691efbcdfdeb,netgear-rbk852.pdf,RBK852,ac09ea28-decd-5557-9404-b7b022122b6f,8d7bcf1e-f0b3-50f4-940d-a75f67da6eeb,4431ab7b-17f3-4bc6-8ee4-691efbcdfdeb:8d7bcf1e-f0b3-50f4-940d-a75f67da6eeb,parent_subtree_child,Mantain and Monitor Your Network > View satellites connected to the network or edit satellite information > View satellites connected to the network,105,105,235,388,nearest_ancestor_subtree,candidate,anchor_or_parent_subtree_child
Q-084,Q-084,4431ab7b-17f3-4bc6-8ee4-691efbcdfdeb:OUTLINE:3ca2cd659c51d159,4431ab7b-17f3-4bc6-8ee4-691efbcdfdeb,netgear-rbk852.pdf,RBK852,ac09ea28-decd-5557-9404-b7b022122b6f,bc4b0747-da96-562b-80e2-e06fb13f0950,4431ab7b-17f3-4bc6-8ee4-691efbcdfdeb:bc4b0747-da96-562b-80e2-e06fb13f0950,parent_subtree_child,Mantain and Monitor Your Network > View satellites connected to the network or edit satellite information > Edit satellite information that displays on the Attached Devices page,105,106,237,231,nearest_ancestor_subtree,candidate,anchor_or_parent_subtree_child
Q-084,Q-084,4431ab7b-17f3-4bc6-8ee4-691efbcdfdeb:OUTLINE:3ca2cd659c51d159,4431ab7b-17f3-4bc6-8ee4-691efbcdfdeb,netgear-rbk852.pdf,RBK852,ac09ea28-decd-5557-9404-b7b022122b6f,0121bbc3-46f8-588c-b9d6-e7e69974a9fe,4431ab7b-17f3-4bc6-8ee4-691efbcdfdeb:0121bbc3-46f8-588c-b9d6-e7e69974a9fe,anchor,Mantain and Monitor Your Network > Check your Internet bandwidth,106,107,239,160,nearest_ancestor_subtree,candidate,anchor_or_parent_subtree_child
Q-084,Q-084,4431ab7b-17f3-4bc6-8ee4-691efbcdfdeb:OUTLINE:3ca2cd659c51d159,4431ab7b-17f3-4bc6-8ee4-691efbcdfdeb,netgear-rbk852.pdf,RBK852,ac09ea28-decd-5557-9404-b7b022122b6f,35132ff4-f140-5bfa-afab-0f9aeff93665,4431ab7b-17f3-4bc6-8ee4-691efbcdfdeb:35132ff4-f140-5bfa-afab-0f9aeff93665,parent_subtree_child,Mantain and Monitor Your Network > Monitor Internet traffic,107,108,241,660,nearest_ancestor_subtree,candidate,anchor_or_parent_subtree_child
Q-084,Q-084,4431ab7b-17f3-4bc6-8ee4-691efbcdfdeb:OUTLINE:3ca2cd659c51d159,4431ab7b-17f3-4bc6-8ee4-691efbcdfdeb,netgear-rbk852.pdf,RBK852,ac09ea28-decd-5557-9404-b7b022122b6f,7cf0fc90-071a-594e-853f-4f21fafbef98,4431ab7b-17f3-4bc6-8ee4-691efbcdfdeb:7cf0fc90-071a-594e-853f-4f21fafbef98,parent_subtree_child,Mantain and Monitor Your Network > Set the time zone,108,109,243,183,nearest_ancestor_subtree,candidate,anchor_or_parent_subtree_child
Q-084,Q-084,4431ab7b-17f3-4bc6-8ee4-691efbcdfdeb:OUTLINE:3ca2cd659c51d159,4431ab7b-17f3-4bc6-8ee4-691efbcdfdeb,netgear-rbk852.pdf,RBK852,ac09ea28-decd-5557-9404-b7b022122b6f,a89e520e-0060-59a1-a0d6-7943e249efaf,4431ab7b-17f3-4bc6-8ee4-691efbcdfdeb:a89e520e-0060-59a1-a0d6-7943e249efaf,parent_subtree_child,Mantain and Monitor Your Network > Change the NTP server,109,109,245,222,nearest_ancestor_subtree,candidate,anchor_or_parent_subtree_child
Q-084,Q-084,4431ab7b-17f3-4bc6-8ee4-691efbcdfdeb:OUTLINE:3ca2cd659c51d159,4431ab7b-17f3-4bc6-8ee4-691efbcdfdeb,netgear-rbk852.pdf,RBK852,ac09ea28-decd-5557-9404-b7b022122b6f,92a8ea92-562c-5dbc-8efb-b7212f4d7b72,4431ab7b-17f3-4bc6-8ee4-691efbcdfdeb:92a8ea92-562c-5dbc-8efb-b7212f4d7b72,parent_subtree_child,Mantain and Monitor Your Network > Manage the router configuration file,109,109,247,51,nearest_ancestor_subtree,candidate,anchor_or_parent_subtree_child
Q-084,Q-084,4431ab7b-17f3-4bc6-8ee4-691efbcdfdeb:OUTLINE:3ca2cd659c51d159,4431ab7b-17f3-4bc6-8ee4-691efbcdfdeb,netgear-rbk852.pdf,RBK852,ac09ea28-decd-5557-9404-b7b022122b6f,7b87bf90-756c-5453-abe7-2fe7842b116c,4431ab7b-17f3-4bc6-8ee4-691efbcdfdeb:7b87bf90-756c-5453-abe7-2fe7842b116c,parent_subtree_child,Mantain and Monitor Your Network > Manage the router configuration file > Back up settings,110,110,249,166,nearest_ancestor_subtree,candidate,anchor_or_parent_subtree_child
Q-084,Q-084,4431ab7b-17f3-4bc6-8ee4-691efbcdfdeb:OUTLINE:3ca2cd659c51d159,4431ab7b-17f3-4bc6-8ee4-691efbcdfdeb,netgear-rbk852.pdf,RBK852,ac09ea28-decd-5557-9404-b7b022122b6f,ecfa4ec7-ca6f-5544-8d04-2b6fffed1e92,4431ab7b-17f3-4bc6-8ee4-691efbcdfdeb:ecfa4ec7-ca6f-5544-8d04-2b6fffed1e92,parent_subtree_child,Mantain and Monitor Your Network > Manage the router configuration file > Restore configuration settings,110,111,251,184,nearest_ancestor_subtree,candidate,anchor_or_parent_subtree_child
Q-084,Q-084,4431ab7b-17f3-4bc6-8ee4-691efbcdfdeb:OUTLINE:3ca2cd659c51d159,4431ab7b-17f3-4bc6-8ee4-691efbcdfdeb,netgear-rbk852.pdf,RBK852,ac09ea28-decd-5557-9404-b7b022122b6f,adb2b617-4bf8-5f2c-b9e3-3b931bf31d96,4431ab7b-17f3-4bc6-8ee4-691efbcdfdeb:adb2b617-4bf8-5f2c-b9e3-3b931bf31d96,parent_subtree_child,Mantain and Monitor Your Network > Manage the router configuration file > Erase the current configuration settings,111,111,253,211,nearest_ancestor_subtree,candidate,anchor_or_parent_subtree_child
Q-084,Q-084,4431ab7b-17f3-4bc6-8ee4-691efbcdfdeb:OUTLINE:3ca2cd659c51d159,4431ab7b-17f3-4bc6-8ee4-691efbcdfdeb,netgear-rbk852.pdf,RBK852,ac09ea28-decd-5557-9404-b7b022122b6f,b6d1e1a1-38a6-5d89-989a-3e3a6e14c8fa,4431ab7b-17f3-4bc6-8ee4-691efbcdfdeb:b6d1e1a1-38a6-5d89-989a-3e3a6e14c8fa,parent_subtree_child,Mantain and Monitor Your Network > Remotely access your router using the Orbi app,111,111,255,97,nearest_ancestor_subtree,candidate,anchor_or_parent_subtree_child
Q-085,Q-085,4431ab7b-17f3-4bc6-8ee4-691efbcdfdeb:OUTLINE:4961dff6fcaa17d5,4431ab7b-17f3-4bc6-8ee4-691efbcdfdeb,netgear-rbk852.pdf,RBK852,b8172c6b-f6c7-5dc8-98ce-7925d034af52,18c63118-b35b-5dc4-868c-424c36df8576,4431ab7b-17f3-4bc6-8ee4-691efbcdfdeb:18c63118-b35b-5dc4-868c-424c36df8576,parent_subtree_child,Use OpenVPN to Access Your Network > Use VPN to access your Internet service at home,120,120,275,142,nearest_ancestor_subtree,candidate,anchor_or_parent_subtree_child
Q-085,Q-085,4431ab7b-17f3-4bc6-8ee4-691efbcdfdeb:OUTLINE:4961dff6fcaa17d5,4431ab7b-17f3-4bc6-8ee4-691efbcdfdeb,netgear-rbk852.pdf,RBK852,b8172c6b-f6c7-5dc8-98ce-7925d034af52,068a6eb0-405d-5d24-9f71-28bc55999cab,4431ab7b-17f3-4bc6-8ee4-691efbcdfdeb:068a6eb0-405d-5d24-9f71-28bc55999cab,parent_subtree_child,Use OpenVPN to Access Your Network > Use VPN to access your Internet service at home > Allow VPN client Internet access in the router,120,121,277,323,nearest_ancestor_subtree,candidate,anchor_or_parent_subtree_child
Q-085,Q-085,4431ab7b-17f3-4bc6-8ee4-691efbcdfdeb:OUTLINE:4961dff6fcaa17d5,4431ab7b-17f3-4bc6-8ee4-691efbcdfdeb,netgear-rbk852.pdf,RBK852,b8172c6b-f6c7-5dc8-98ce-7925d034af52,e8fbf22f-7fac-51cc-8b76-ef68177b1407,4431ab7b-17f3-4bc6-8ee4-691efbcdfdeb:e8fbf22f-7fac-51cc-8b76-ef68177b1407,anchor,Use OpenVPN to Access Your Network > Use VPN to access your Internet service at home > Block VPN client Internet access in the router,121,122,279,325,nearest_ancestor_subtree,candidate,anchor_or_parent_subtree_child
Q-086,Q-086,4431ab7b-17f3-4bc6-8ee4-691efbcdfdeb:OUTLINE:11e5a031343559ac,4431ab7b-17f3-4bc6-8ee4-691efbcdfdeb,netgear-rbk852.pdf,RBK852,975a048f-b1d6-5e14-8c10-28e58a1ed1c9,df2ca4f2-b10c-50cf-b312-8f891a88744b,4431ab7b-17f3-4bc6-8ee4-691efbcdfdeb:df2ca4f2-b10c-50cf-b312-8f891a88744b,parent_subtree_child,Customize Internet Traffic Rules for Ports > Manage port forwarding to a local server,124,124,283,120,nearest_ancestor_subtree,candidate,anchor_or_parent_subtree_child
Q-086,Q-086,4431ab7b-17f3-4bc6-8ee4-691efbcdfdeb:OUTLINE:11e5a031343559ac,4431ab7b-17f3-4bc6-8ee4-691efbcdfdeb,netgear-rbk852.pdf,RBK852,975a048f-b1d6-5e14-8c10-28e58a1ed1c9,64c7ce15-7a5a-580d-adbe-160bed89ad0b,4431ab7b-17f3-4bc6-8ee4-691efbcdfdeb:64c7ce15-7a5a-580d-adbe-160bed89ad0b,anchor,Customize Internet Traffic Rules for Ports > Manage port forwarding to a local server > Set up port forwarding to a local server,124,125,285,334,nearest_ancestor_subtree,candidate,anchor_or_parent_subtree_child
Q-086,Q-086,4431ab7b-17f3-4bc6-8ee4-691efbcdfdeb:OUTLINE:11e5a031343559ac,4431ab7b-17f3-4bc6-8ee4-691efbcdfdeb,netgear-rbk852.pdf,RBK852,975a048f-b1d6-5e14-8c10-28e58a1ed1c9,7ee0967d-1e76-5954-86d6-849af5c21385,4431ab7b-17f3-4bc6-8ee4-691efbcdfdeb:7ee0967d-1e76-5954-86d6-849af5c21385,parent_subtree_child,Customize Internet Traffic Rules for Ports > Manage port forwarding to a local server > Add a custom port forwarding service,125,126,287,389,nearest_ancestor_subtree,candidate,anchor_or_parent_subtree_child
Q-086,Q-086,4431ab7b-17f3-4bc6-8ee4-691efbcdfdeb:OUTLINE:11e5a031343559ac,4431ab7b-17f3-4bc6-8ee4-691efbcdfdeb,netgear-rbk852.pdf,RBK852,975a048f-b1d6-5e14-8c10-28e58a1ed1c9,24638ff2-fb20-565d-8dbc-7164bb3a006b,4431ab7b-17f3-4bc6-8ee4-691efbcdfdeb:24638ff2-fb20-565d-8dbc-7164bb3a006b,parent_subtree_child,Customize Internet Traffic Rules for Ports > Manage port forwarding to a local server > Edit a port forwarding service,126,126,289,359,nearest_ancestor_subtree,candidate,anchor_or_parent_subtree_child
Q-086,Q-086,4431ab7b-17f3-4bc6-8ee4-691efbcdfdeb:OUTLINE:11e5a031343559ac,4431ab7b-17f3-4bc6-8ee4-691efbcdfdeb,netgear-rbk852.pdf,RBK852,975a048f-b1d6-5e14-8c10-28e58a1ed1c9,28ae0459-33a4-5db2-b430-9a1a9370b27f,4431ab7b-17f3-4bc6-8ee4-691efbcdfdeb:28ae0459-33a4-5db2-b430-9a1a9370b27f,parent_subtree_child,Customize Internet Traffic Rules for Ports > Manage port forwarding to a local server > Delete a port forwarding entry,127,127,291,191,nearest_ancestor_subtree,candidate,anchor_or_parent_subtree_child
Q-086,Q-086,4431ab7b-17f3-4bc6-8ee4-691efbcdfdeb:OUTLINE:11e5a031343559ac,4431ab7b-17f3-4bc6-8ee4-691efbcdfdeb,netgear-rbk852.pdf,RBK852,975a048f-b1d6-5e14-8c10-28e58a1ed1c9,2f0fbedc-9ef5-5d0f-a5ab-6d155052f839,4431ab7b-17f3-4bc6-8ee4-691efbcdfdeb:2f0fbedc-9ef5-5d0f-a5ab-6d155052f839,parent_subtree_child,Customize Internet Traffic Rules for Ports > Manage port forwarding to a local server > How the router implements the port forwarding rule,127,128,293,233,nearest_ancestor_subtree,candidate,anchor_or_parent_subtree_child
Q-086,Q-086,4431ab7b-17f3-4bc6-8ee4-691efbcdfdeb:OUTLINE:11e5a031343559ac,4431ab7b-17f3-4bc6-8ee4-691efbcdfdeb,netgear-rbk852.pdf,RBK852,975a048f-b1d6-5e14-8c10-28e58a1ed1c9,5847b0f5-07e6-5a6d-8f05-0a2bbdbf7cec,4431ab7b-17f3-4bc6-8ee4-691efbcdfdeb:5847b0f5-07e6-5a6d-8f05-0a2bbdbf7cec,parent_subtree_child,Customize Internet Traffic Rules for Ports > Manage port forwarding to a local server > Application example: Make a local web server public,128,128,295,234,nearest_ancestor_subtree,candidate,anchor_or_parent_subtree_child
Q-087,Q-087,4431ab7b-17f3-4bc6-8ee4-691efbcdfdeb:OUTLINE:f67dde43cca3ccc5,4431ab7b-17f3-4bc6-8ee4-691efbcdfdeb,netgear-rbk852.pdf,RBK852,740025a3-a4fa-548a-9e2e-b4f3c69def6e,4889a9a4-90fe-5fc8-8c6e-4ee2cbabf2d8,4431ab7b-17f3-4bc6-8ee4-691efbcdfdeb:4889a9a4-90fe-5fc8-8c6e-4ee2cbabf2d8,parent_subtree_child,Troubleshooting > Quick tips,133,133,307,18,nearest_ancestor_subtree,candidate,anchor_or_parent_subtree_child
Q-087,Q-087,4431ab7b-17f3-4bc6-8ee4-691efbcdfdeb:OUTLINE:f67dde43cca3ccc5,4431ab7b-17f3-4bc6-8ee4-691efbcdfdeb,netgear-rbk852.pdf,RBK852,740025a3-a4fa-548a-9e2e-b4f3c69def6e,594cc248-162e-5180-b1f6-243ea1c30a9e,4431ab7b-17f3-4bc6-8ee4-691efbcdfdeb:594cc248-162e-5180-b1f6-243ea1c30a9e,anchor,Troubleshooting > Quick tips > Sequence to restart your network,133,133,309,53,nearest_ancestor_subtree,candidate,anchor_or_parent_subtree_child
Q-087,Q-087,4431ab7b-17f3-4bc6-8ee4-691efbcdfdeb:OUTLINE:f67dde43cca3ccc5,4431ab7b-17f3-4bc6-8ee4-691efbcdfdeb,netgear-rbk852.pdf,RBK852,740025a3-a4fa-548a-9e2e-b4f3c69def6e,13759793-9afc-595a-9823-db9c83e1289c,4431ab7b-17f3-4bc6-8ee4-691efbcdfdeb:13759793-9afc-595a-9823-db9c83e1289c,parent_subtree_child,Troubleshooting > Quick tips > WiFi settings,133,133,311,77,nearest_ancestor_subtree,candidate,anchor_or_parent_subtree_child
Q-087,Q-087,4431ab7b-17f3-4bc6-8ee4-691efbcdfdeb:OUTLINE:f67dde43cca3ccc5,4431ab7b-17f3-4bc6-8ee4-691efbcdfdeb,netgear-rbk852.pdf,RBK852,740025a3-a4fa-548a-9e2e-b4f3c69def6e,d3814305-4ce4-5823-8845-50f7d6f3d4cc,4431ab7b-17f3-4bc6-8ee4-691efbcdfdeb:d3814305-4ce4-5823-8845-50f7d6f3d4cc,parent_subtree_child,Troubleshooting > Quick tips > Network settings,133,133,313,116,nearest_ancestor_subtree,candidate,anchor_or_parent_subtree_child
Q-088,Q-088,4431ab7b-17f3-4bc6-8ee4-691efbcdfdeb:OUTLINE:3d986da173d7e0d6,4431ab7b-17f3-4bc6-8ee4-691efbcdfdeb,netgear-rbk852.pdf,RBK852,16fa3cc8-049d-5ff7-b4b6-c94cc79f6b5f,ad859cdb-151f-56e5-81be-13c742dc1180,4431ab7b-17f3-4bc6-8ee4-691efbcdfdeb:ad859cdb-151f-56e5-81be-13c742dc1180,parent_subtree_child,Troubleshooting > Troubleshoot your network using the ping utility,138,138,327,64,nearest_ancestor_subtree,candidate,anchor_or_parent_subtree_child
Q-088,Q-088,4431ab7b-17f3-4bc6-8ee4-691efbcdfdeb:OUTLINE:3d986da173d7e0d6,4431ab7b-17f3-4bc6-8ee4-691efbcdfdeb,netgear-rbk852.pdf,RBK852,16fa3cc8-049d-5ff7-b4b6-c94cc79f6b5f,d3189db7-52ee-502f-8466-5dbddbf1c80e,4431ab7b-17f3-4bc6-8ee4-691efbcdfdeb:d3189db7-52ee-502f-8466-5dbddbf1c80e,parent_subtree_child,Troubleshooting > Troubleshoot your network using the ping utility > Test the LAN path to your router,138,139,329,327,nearest_ancestor_subtree,candidate,anchor_or_parent_subtree_child
Q-088,Q-088,4431ab7b-17f3-4bc6-8ee4-691efbcdfdeb:OUTLINE:3d986da173d7e0d6,4431ab7b-17f3-4bc6-8ee4-691efbcdfdeb,netgear-rbk852.pdf,RBK852,16fa3cc8-049d-5ff7-b4b6-c94cc79f6b5f,8989f72f-c45f-5a19-b2ce-b190765e7b28,4431ab7b-17f3-4bc6-8ee4-691efbcdfdeb:8989f72f-c45f-5a19-b2ce-b190765e7b28,anchor,Troubleshooting > Troubleshoot your network using the ping utility > Test the path from your computer to a remote device,139,140,331,418,nearest_ancestor_subtree,candidate,anchor_or_parent_subtree_child
Q-089,Q-089,404fe683-4727-4c53-9c1d-9adf98a793c4:OUTLINE:89ac3ac6d4a7bbea,404fe683-4727-4c53-9c1d-9adf98a793c4,netgear-xr500.pdf,XR500,00d82622-5169-5bdb-9859-bfcd91ce671d,56f43eba-55f1-5cb3-a3f4-7be833453e71,404fe683-4727-4c53-9c1d-9adf98a793c4:56f43eba-55f1-5cb3-a3f4-7be833453e71,parent_subtree_child,Hardware Setup,10,10,3,118,nearest_ancestor_subtree,candidate,anchor_or_parent_subtree_child
Q-089,Q-089,404fe683-4727-4c53-9c1d-9adf98a793c4:OUTLINE:89ac3ac6d4a7bbea,404fe683-4727-4c53-9c1d-9adf98a793c4,netgear-xr500.pdf,XR500,00d82622-5169-5bdb-9859-bfcd91ce671d,3252b308-2ca3-5fec-b98f-6d89b53b5bb2,404fe683-4727-4c53-9c1d-9adf98a793c4:3252b308-2ca3-5fec-b98f-6d89b53b5bb2,anchor,Hardware Setup > Unpack your router,11,11,5,36,nearest_ancestor_subtree,candidate,anchor_or_parent_subtree_child
Q-089,Q-089,404fe683-4727-4c53-9c1d-9adf98a793c4:OUTLINE:89ac3ac6d4a7bbea,404fe683-4727-4c53-9c1d-9adf98a793c4,netgear-xr500.pdf,XR500,00d82622-5169-5bdb-9859-bfcd91ce671d,ecbc20a8-f91e-57fd-8779-9760da4668bb,404fe683-4727-4c53-9c1d-9adf98a793c4:ecbc20a8-f91e-57fd-8779-9760da4668bb,parent_subtree_child,"Hardware Setup > LEDs, buttons, and borts on the front panel, top panel, and left side panel",12,13,7,702,nearest_ancestor_subtree,candidate,anchor_or_parent_subtree_child
Q-089,Q-089,404fe683-4727-4c53-9c1d-9adf98a793c4:OUTLINE:89ac3ac6d4a7bbea,404fe683-4727-4c53-9c1d-9adf98a793c4,netgear-xr500.pdf,XR500,00d82622-5169-5bdb-9859-bfcd91ce671d,006eed5c-e000-5ec1-a08e-279a17f498a8,404fe683-4727-4c53-9c1d-9adf98a793c4:006eed5c-e000-5ec1-a08e-279a17f498a8,parent_subtree_child,Hardware Setup > Rear panel,14,14,9,293,nearest_ancestor_subtree,candidate,anchor_or_parent_subtree_child
Q-089,Q-089,404fe683-4727-4c53-9c1d-9adf98a793c4:OUTLINE:89ac3ac6d4a7bbea,404fe683-4727-4c53-9c1d-9adf98a793c4,netgear-xr500.pdf,XR500,00d82622-5169-5bdb-9859-bfcd91ce671d,c1bbeaf3-0cc7-5f48-a358-0d424f46d8c9,404fe683-4727-4c53-9c1d-9adf98a793c4:c1bbeaf3-0cc7-5f48-a358-0d424f46d8c9,parent_subtree_child,Hardware Setup > Attach the antennas,15,15,11,148,nearest_ancestor_subtree,candidate,anchor_or_parent_subtree_child
Q-089,Q-089,404fe683-4727-4c53-9c1d-9adf98a793c4:OUTLINE:89ac3ac6d4a7bbea,404fe683-4727-4c53-9c1d-9adf98a793c4,netgear-xr500.pdf,XR500,00d82622-5169-5bdb-9859-bfcd91ce671d,2c628940-043e-573d-bf02-d5ef00b1d847,404fe683-4727-4c53-9c1d-9adf98a793c4:2c628940-043e-573d-bf02-d5ef00b1d847,parent_subtree_child,Hardware Setup > Router Label,16,16,13,55,nearest_ancestor_subtree,candidate,anchor_or_parent_subtree_child
Q-089,Q-089,404fe683-4727-4c53-9c1d-9adf98a793c4:OUTLINE:89ac3ac6d4a7bbea,404fe683-4727-4c53-9c1d-9adf98a793c4,netgear-xr500.pdf,XR500,00d82622-5169-5bdb-9859-bfcd91ce671d,3306c8f4-19f8-5ecd-9f90-540aa401d707,404fe683-4727-4c53-9c1d-9adf98a793c4:3306c8f4-19f8-5ecd-9f90-540aa401d707,parent_subtree_child,Hardware Setup > Position your router,16,17,15,403,nearest_ancestor_subtree,candidate,anchor_or_parent_subtree_child
Q-089,Q-089,404fe683-4727-4c53-9c1d-9adf98a793c4:OUTLINE:89ac3ac6d4a7bbea,404fe683-4727-4c53-9c1d-9adf98a793c4,netgear-xr500.pdf,XR500,00d82622-5169-5bdb-9859-bfcd91ce671d,03b606e7-5f2d-5679-abfc-0398b69beeab,404fe683-4727-4c53-9c1d-9adf98a793c4:03b606e7-5f2d-5679-abfc-0398b69beeab,parent_subtree_child,Hardware Setup > Cable your router,18,18,17,167,nearest_ancestor_subtree,candidate,anchor_or_parent_subtree_child
Q-089,Q-089,404fe683-4727-4c53-9c1d-9adf98a793c4:OUTLINE:89ac3ac6d4a7bbea,404fe683-4727-4c53-9c1d-9adf98a793c4,netgear-xr500.pdf,XR500,00d82622-5169-5bdb-9859-bfcd91ce671d,dab3451b-6f07-5c3a-886b-90dd0b30a27c,404fe683-4727-4c53-9c1d-9adf98a793c4:dab3451b-6f07-5c3a-886b-90dd0b30a27c,parent_subtree_child,Hardware Setup > Turn the LEDs on or off using the LED On/Off switch,18,19,19,123,nearest_ancestor_subtree,candidate,anchor_or_parent_subtree_child
Q-090,Q-090,404fe683-4727-4c53-9c1d-9adf98a793c4:OUTLINE:8c80cd632556e4e9,404fe683-4727-4c53-9c1d-9adf98a793c4,netgear-xr500.pdf,XR500,0cdfbb2a-541c-552a-9df4-26d1ddda128e,57de6a0a-7950-51e6-ae2d-6b4a3b64321d,404fe683-4727-4c53-9c1d-9adf98a793c4:57de6a0a-7950-51e6-ae2d-6b4a3b64321d,parent_subtree_child,Specify Your Internet Settings > Manually set up the Internet connection,28,28,47,17,nearest_ancestor_subtree,candidate,anchor_or_parent_subtree_child
Q-090,Q-090,404fe683-4727-4c53-9c1d-9adf98a793c4:OUTLINE:8c80cd632556e4e9,404fe683-4727-4c53-9c1d-9adf98a793c4,netgear-xr500.pdf,XR500,0cdfbb2a-541c-552a-9df4-26d1ddda128e,cb248990-463a-5428-8ee2-082f71f0484e,404fe683-4727-4c53-9c1d-9adf98a793c4:cb248990-463a-5428-8ee2-082f71f0484e,anchor,Specify Your Internet Settings > Manually set up the Internet connection > Specify an Internet connection without a login,28,30,49,578,nearest_ancestor_subtree,candidate,anchor_or_parent_subtree_child
Q-090,Q-090,404fe683-4727-4c53-9c1d-9adf98a793c4:OUTLINE:8c80cd632556e4e9,404fe683-4727-4c53-9c1d-9adf98a793c4,netgear-xr500.pdf,XR500,0cdfbb2a-541c-552a-9df4-26d1ddda128e,4ce6674a-ec08-51a0-a669-8b061cc15515,404fe683-4727-4c53-9c1d-9adf98a793c4:4ce6674a-ec08-51a0-a669-8b061cc15515,parent_subtree_child,Specify Your Internet Settings > Manually set up the Internet connection > Specify an Internet connection that uses a login,30,31,51,700,nearest_ancestor_subtree,candidate,anchor_or_parent_subtree_child
Q-091,Q-091,404fe683-4727-4c53-9c1d-9adf98a793c4:OUTLINE:404443cd868cae72,404fe683-4727-4c53-9c1d-9adf98a793c4,netgear-xr500.pdf,XR500,83a6bd20-16ba-5556-8748-75f4e1ed5aa2,87c05b8e-f679-5c99-b655-9b055683ae84,404fe683-4727-4c53-9c1d-9adf98a793c4:87c05b8e-f679-5c99-b655-9b055683ae84,parent_subtree_child,Customize Quality of Service Settings and Optimize Gaming > Manage bandwidth allocation,54,54,89,56,nearest_ancestor_subtree,candidate,anchor_or_parent_subtree_child
Q-091,Q-091,404fe683-4727-4c53-9c1d-9adf98a793c4:OUTLINE:404443cd868cae72,404fe683-4727-4c53-9c1d-9adf98a793c4,netgear-xr500.pdf,XR500,83a6bd20-16ba-5556-8748-75f4e1ed5aa2,44b909e7-8fcd-5a49-bae0-e2be984df636,404fe683-4727-4c53-9c1d-9adf98a793c4:44b909e7-8fcd-5a49-bae0-e2be984df636,anchor,Customize Quality of Service Settings and Optimize Gaming > Manage bandwidth allocation > Prevent network congestion with Anti-Bufferbloat,54,55,91,858,nearest_ancestor_subtree,candidate,anchor_or_parent_subtree_child
Q-091,Q-091,404fe683-4727-4c53-9c1d-9adf98a793c4:OUTLINE:404443cd868cae72,404fe683-4727-4c53-9c1d-9adf98a793c4,netgear-xr500.pdf,XR500,83a6bd20-16ba-5556-8748-75f4e1ed5aa2,0af89c5e-851e-59b9-8b2c-12436af05d06,404fe683-4727-4c53-9c1d-9adf98a793c4:0af89c5e-851e-59b9-8b2c-12436af05d06,parent_subtree_child,Customize Quality of Service Settings and Optimize Gaming > Manage bandwidth allocation > Disable Anti-Bufferbloat,55,56,93,226,nearest_ancestor_subtree,candidate,anchor_or_parent_subtree_child
Q-091,Q-091,404fe683-4727-4c53-9c1d-9adf98a793c4:OUTLINE:404443cd868cae72,404fe683-4727-4c53-9c1d-9adf98a793c4,netgear-xr500.pdf,XR500,83a6bd20-16ba-5556-8748-75f4e1ed5aa2,53eeec65-7862-5a55-93fa-83ec0819ce48,404fe683-4727-4c53-9c1d-9adf98a793c4:53eeec65-7862-5a55-93fa-83ec0819ce48,parent_subtree_child,Customize Quality of Service Settings and Optimize Gaming > Manage bandwidth allocation > Allocate bandwidth to devices,56,58,95,1111,nearest_ancestor_subtree,candidate,anchor_or_parent_subtree_child
Q-091,Q-091,404fe683-4727-4c53-9c1d-9adf98a793c4:OUTLINE:404443cd868cae72,404fe683-4727-4c53-9c1d-9adf98a793c4,netgear-xr500.pdf,XR500,83a6bd20-16ba-5556-8748-75f4e1ed5aa2,9d8a1336-fc86-54a3-9bce-326714dbd1aa,404fe683-4727-4c53-9c1d-9adf98a793c4:9d8a1336-fc86-54a3-9bce-326714dbd1aa,parent_subtree_child,Customize Quality of Service Settings and Optimize Gaming > Manage bandwidth allocation > Reset the bandwidth distribution,58,59,97,325,nearest_ancestor_subtree,candidate,anchor_or_parent_subtree_child
Q-092,Q-092,404fe683-4727-4c53-9c1d-9adf98a793c4:OUTLINE:74afed194cd3e540,404fe683-4727-4c53-9c1d-9adf98a793c4,netgear-xr500.pdf,XR500,de2aeb7b-049b-5d0a-83dd-ee4ed0d78f83,067a1684-73ec-508e-8233-13a8d6b9f430,404fe683-4727-4c53-9c1d-9adf98a793c4:067a1684-73ec-508e-8233-13a8d6b9f430,parent_subtree_child,Customize Quality of Service Settings and Optimize Gaming > Manage traffic prioritization,59,59,99,28,nearest_ancestor_subtree,candidate,anchor_or_parent_subtree_child
Q-092,Q-092,404fe683-4727-4c53-9c1d-9adf98a793c4:OUTLINE:74afed194cd3e540,404fe683-4727-4c53-9c1d-9adf98a793c4,netgear-xr500.pdf,XR500,de2aeb7b-049b-5d0a-83dd-ee4ed0d78f83,d9934c94-0789-5258-8d3c-3482e84637b0,404fe683-4727-4c53-9c1d-9adf98a793c4:d9934c94-0789-5258-8d3c-3482e84637b0,anchor,Customize Quality of Service Settings and Optimize Gaming > Manage traffic prioritization > Prioritize traffic for a device and view prioritization information,59,61,101,808,nearest_ancestor_subtree,candidate,anchor_or_parent_subtree_child
Q-092,Q-092,404fe683-4727-4c53-9c1d-9adf98a793c4:OUTLINE:74afed194cd3e540,404fe683-4727-4c53-9c1d-9adf98a793c4,netgear-xr500.pdf,XR500,de2aeb7b-049b-5d0a-83dd-ee4ed0d78f83,3ac82c6c-31ff-53a0-a39c-b5b9db32a00a,404fe683-4727-4c53-9c1d-9adf98a793c4:3ac82c6c-31ff-53a0-a39c-b5b9db32a00a,parent_subtree_child,Customize Quality of Service Settings and Optimize Gaming > Manage traffic prioritization > Add a device for traffic prioritization,61,62,103,338,nearest_ancestor_subtree,candidate,anchor_or_parent_subtree_child
Q-092,Q-092,404fe683-4727-4c53-9c1d-9adf98a793c4:OUTLINE:74afed194cd3e540,404fe683-4727-4c53-9c1d-9adf98a793c4,netgear-xr500.pdf,XR500,de2aeb7b-049b-5d0a-83dd-ee4ed0d78f83,fec4b3b4-66ab-5201-9920-12d5e2a1556d,404fe683-4727-4c53-9c1d-9adf98a793c4:fec4b3b4-66ab-5201-9920-12d5e2a1556d,parent_subtree_child,Customize Quality of Service Settings and Optimize Gaming > Manage traffic prioritization > Stop traffic prioritization for a device,62,62,105,245,nearest_ancestor_subtree,candidate,anchor_or_parent_subtree_child
Q-092,Q-092,404fe683-4727-4c53-9c1d-9adf98a793c4:OUTLINE:74afed194cd3e540,404fe683-4727-4c53-9c1d-9adf98a793c4,netgear-xr500.pdf,XR500,de2aeb7b-049b-5d0a-83dd-ee4ed0d78f83,a3ea9cf4-8b2c-58d6-968e-79d63a4cf993,404fe683-4727-4c53-9c1d-9adf98a793c4:a3ea9cf4-8b2c-58d6-968e-79d63a4cf993,parent_subtree_child,Customize Quality of Service Settings and Optimize Gaming > Manage traffic prioritization > Disable automatic traffic prioritization,62,63,107,189,nearest_ancestor_subtree,candidate,anchor_or_parent_subtree_child
Q-093,Q-093,404fe683-4727-4c53-9c1d-9adf98a793c4:OUTLINE:fb4e7790552c591a,404fe683-4727-4c53-9c1d-9adf98a793c4,netgear-xr500.pdf,XR500,fe308513-5fa2-5d7f-9e73-82f2fd33ddd7,b76b2605-ab8e-5508-90b0-0cc46974fc3e,404fe683-4727-4c53-9c1d-9adf98a793c4:b76b2605-ab8e-5508-90b0-0cc46974fc3e,parent_subtree_child,Manage the Router’s Network Settings > Manage reserved LAN IP addresses,88,88,155,63,nearest_ancestor_subtree,candidate,anchor_or_parent_subtree_child
Q-093,Q-093,404fe683-4727-4c53-9c1d-9adf98a793c4:OUTLINE:fb4e7790552c591a,404fe683-4727-4c53-9c1d-9adf98a793c4,netgear-xr500.pdf,XR500,fe308513-5fa2-5d7f-9e73-82f2fd33ddd7,90f12ba9-c1aa-5f1d-a110-456166decbec,404fe683-4727-4c53-9c1d-9adf98a793c4:90f12ba9-c1aa-5f1d-a110-456166decbec,parent_subtree_child,Manage the Router’s Network Settings > Manage reserved LAN IP addresses > Reserve a LAN IP address,88,89,157,439,nearest_ancestor_subtree,candidate,anchor_or_parent_subtree_child
Q-093,Q-093,404fe683-4727-4c53-9c1d-9adf98a793c4:OUTLINE:fb4e7790552c591a,404fe683-4727-4c53-9c1d-9adf98a793c4,netgear-xr500.pdf,XR500,fe308513-5fa2-5d7f-9e73-82f2fd33ddd7,e3bace6b-5d07-5dcc-8041-f1933c6cd04f,404fe683-4727-4c53-9c1d-9adf98a793c4:e3bace6b-5d07-5dcc-8041-f1933c6cd04f,anchor,Manage the Router’s Network Settings > Manage reserved LAN IP addresses > Change a reserved IP address,89,90,159,211,nearest_ancestor_subtree,candidate,anchor_or_parent_subtree_child
Q-093,Q-093,404fe683-4727-4c53-9c1d-9adf98a793c4:OUTLINE:fb4e7790552c591a,404fe683-4727-4c53-9c1d-9adf98a793c4,netgear-xr500.pdf,XR500,fe308513-5fa2-5d7f-9e73-82f2fd33ddd7,41f9cc78-ca39-5055-9c3e-8cc1cc591f30,404fe683-4727-4c53-9c1d-9adf98a793c4:41f9cc78-ca39-5055-9c3e-8cc1cc591f30,parent_subtree_child,Manage the Router’s Network Settings > Manage reserved LAN IP addresses > Delete a reserved IP address entry,90,91,161,176,nearest_ancestor_subtree,candidate,anchor_or_parent_subtree_child
Q-094,Q-094,404fe683-4727-4c53-9c1d-9adf98a793c4:OUTLINE:2a1f86ae07dbb7ba,404fe683-4727-4c53-9c1d-9adf98a793c4,netgear-xr500.pdf,XR500,b316a5eb-09a6-5ee6-939e-8c2f552e7a53,244aae48-c96f-5e7e-99d3-04e958bfe796,404fe683-4727-4c53-9c1d-9adf98a793c4:244aae48-c96f-5e7e-99d3-04e958bfe796,parent_subtree_child,Manage the Router’s WiFi Settings,100,100,181,168,nearest_ancestor_subtree,candidate,anchor_or_parent_subtree_child
Q-094,Q-094,404fe683-4727-4c53-9c1d-9adf98a793c4:OUTLINE:2a1f86ae07dbb7ba,404fe683-4727-4c53-9c1d-9adf98a793c4,netgear-xr500.pdf,XR500,b316a5eb-09a6-5ee6-939e-8c2f552e7a53,0af88c60-337f-5b55-8e8b-e2b07f800616,404fe683-4727-4c53-9c1d-9adf98a793c4:0af88c60-337f-5b55-8e8b-e2b07f800616,parent_subtree_child,Manage the Router’s WiFi Settings > Specify basic WiFi settings,101,103,183,1247,nearest_ancestor_subtree,candidate,anchor_or_parent_subtree_child
Q-094,Q-094,404fe683-4727-4c53-9c1d-9adf98a793c4:OUTLINE:2a1f86ae07dbb7ba,404fe683-4727-4c53-9c1d-9adf98a793c4,netgear-xr500.pdf,XR500,b316a5eb-09a6-5ee6-939e-8c2f552e7a53,2ac47a5d-afa0-5d98-af7d-69631838a089,404fe683-4727-4c53-9c1d-9adf98a793c4:2ac47a5d-afa0-5d98-af7d-69631838a089,parent_subtree_child,Manage the Router’s WiFi Settings > Change the WiFi password or security level,103,104,185,498,nearest_ancestor_subtree,candidate,anchor_or_parent_subtree_child
Q-094,Q-094,404fe683-4727-4c53-9c1d-9adf98a793c4:OUTLINE:2a1f86ae07dbb7ba,404fe683-4727-4c53-9c1d-9adf98a793c4,netgear-xr500.pdf,XR500,b316a5eb-09a6-5ee6-939e-8c2f552e7a53,3820b3a7-7663-5e2f-ae51-1d9ba6ce5b13,404fe683-4727-4c53-9c1d-9adf98a793c4:3820b3a7-7663-5e2f-ae51-1d9ba6ce5b13,parent_subtree_child,Manage the Router’s WiFi Settings > Change the WiFi mode for download and upload speeds,104,105,187,348,nearest_ancestor_subtree,candidate,anchor_or_parent_subtree_child
Q-094,Q-094,404fe683-4727-4c53-9c1d-9adf98a793c4:OUTLINE:2a1f86ae07dbb7ba,404fe683-4727-4c53-9c1d-9adf98a793c4,netgear-xr500.pdf,XR500,b316a5eb-09a6-5ee6-939e-8c2f552e7a53,01fb7b21-e701-5bf2-8fb2-247cc186c9e0,404fe683-4727-4c53-9c1d-9adf98a793c4:01fb7b21-e701-5bf2-8fb2-247cc186c9e0,parent_subtree_child,Manage the Router’s WiFi Settings > Set up a guest WiFi network,105,106,189,613,nearest_ancestor_subtree,candidate,anchor_or_parent_subtree_child
Q-094,Q-094,404fe683-4727-4c53-9c1d-9adf98a793c4:OUTLINE:2a1f86ae07dbb7ba,404fe683-4727-4c53-9c1d-9adf98a793c4,netgear-xr500.pdf,XR500,b316a5eb-09a6-5ee6-939e-8c2f552e7a53,e8550a88-ca9e-5dc2-8bb3-4dd7ff222c8d,404fe683-4727-4c53-9c1d-9adf98a793c4:e8550a88-ca9e-5dc2-8bb3-4dd7ff222c8d,anchor,Manage the Router’s WiFi Settings > Configure WPA/WPA2 enterprise WiFi security,106,108,191,756,nearest_ancestor_subtree,candidate,anchor_or_parent_subtree_child
Q-094,Q-094,404fe683-4727-4c53-9c1d-9adf98a793c4:OUTLINE:2a1f86ae07dbb7ba,404fe683-4727-4c53-9c1d-9adf98a793c4,netgear-xr500.pdf,XR500,b316a5eb-09a6-5ee6-939e-8c2f552e7a53,82b76179-a06b-5d21-a212-5179d508a40a,404fe683-4727-4c53-9c1d-9adf98a793c4:82b76179-a06b-5d21-a212-5179d508a40a,parent_subtree_child,Manage the Router’s WiFi Settings > Configure WEP legacy WiFi security,108,110,193,830,nearest_ancestor_subtree,candidate,anchor_or_parent_subtree_child
Q-094,Q-094,404fe683-4727-4c53-9c1d-9adf98a793c4:OUTLINE:2a1f86ae07dbb7ba,404fe683-4727-4c53-9c1d-9adf98a793c4,netgear-xr500.pdf,XR500,b316a5eb-09a6-5ee6-939e-8c2f552e7a53,5f5d26cb-8ce3-5e8b-9ce6-9076ee4bae8d,404fe683-4727-4c53-9c1d-9adf98a793c4:5f5d26cb-8ce3-5e8b-9ce6-9076ee4bae8d,parent_subtree_child,Manage the Router’s WiFi Settings > Control the WiFi radios,110,110,195,151,nearest_ancestor_subtree,candidate,anchor_or_parent_subtree_child
Q-094,Q-094,404fe683-4727-4c53-9c1d-9adf98a793c4:OUTLINE:2a1f86ae07dbb7ba,404fe683-4727-4c53-9c1d-9adf98a793c4,netgear-xr500.pdf,XR500,b316a5eb-09a6-5ee6-939e-8c2f552e7a53,d69824d7-45b6-521e-a423-b608947134d5,404fe683-4727-4c53-9c1d-9adf98a793c4:d69824d7-45b6-521e-a423-b608947134d5,parent_subtree_child,Manage the Router’s WiFi Settings > Control the WiFi radios > Use the WiFi On/Off button,110,110,197,75,nearest_ancestor_subtree,candidate,anchor_or_parent_subtree_child
Q-094,Q-094,404fe683-4727-4c53-9c1d-9adf98a793c4:OUTLINE:2a1f86ae07dbb7ba,404fe683-4727-4c53-9c1d-9adf98a793c4,netgear-xr500.pdf,XR500,b316a5eb-09a6-5ee6-939e-8c2f552e7a53,4e6f3fd3-1ed9-5a70-956a-31478383b0b4,404fe683-4727-4c53-9c1d-9adf98a793c4:4e6f3fd3-1ed9-5a70-956a-31478383b0b4,parent_subtree_child,Manage the Router’s WiFi Settings > Control the WiFi radios > Enable or disable the WiFi radios using the router web interface,110,111,199,293,nearest_ancestor_subtree,candidate,anchor_or_parent_subtree_child
Q-094,Q-094,404fe683-4727-4c53-9c1d-9adf98a793c4:OUTLINE:2a1f86ae07dbb7ba,404fe683-4727-4c53-9c1d-9adf98a793c4,netgear-xr500.pdf,XR500,b316a5eb-09a6-5ee6-939e-8c2f552e7a53,3862c3d0-71a7-5a74-8575-1fb04f8656c1,404fe683-4727-4c53-9c1d-9adf98a793c4:3862c3d0-71a7-5a74-8575-1fb04f8656c1,parent_subtree_child,Manage the Router’s WiFi Settings > Use the WPS Wizard for WiFi connections,111,112,201,342,nearest_ancestor_subtree,candidate,anchor_or_parent_subtree_child
Q-094,Q-094,404fe683-4727-4c53-9c1d-9adf98a793c4:OUTLINE:2a1f86ae07dbb7ba,404fe683-4727-4c53-9c1d-9adf98a793c4,netgear-xr500.pdf,XR500,b316a5eb-09a6-5ee6-939e-8c2f552e7a53,35c3d7b1-ed69-54f7-86b5-a1ede5948251,404fe683-4727-4c53-9c1d-9adf98a793c4:35c3d7b1-ed69-54f7-86b5-a1ede5948251,parent_subtree_child,Manage the Router’s WiFi Settings > Set up a WiFi schedule,112,113,203,276,nearest_ancestor_subtree,candidate,anchor_or_parent_subtree_child
Q-094,Q-094,404fe683-4727-4c53-9c1d-9adf98a793c4:OUTLINE:2a1f86ae07dbb7ba,404fe683-4727-4c53-9c1d-9adf98a793c4,netgear-xr500.pdf,XR500,b316a5eb-09a6-5ee6-939e-8c2f552e7a53,34d335e7-fd5e-5093-af19-dd761eaf3785,404fe683-4727-4c53-9c1d-9adf98a793c4:34d335e7-fd5e-5093-af19-dd761eaf3785,parent_subtree_child,Manage the Router’s WiFi Settings > Specify WPS settings,113,113,205,406,nearest_ancestor_subtree,candidate,anchor_or_parent_subtree_child
Q-094,Q-094,404fe683-4727-4c53-9c1d-9adf98a793c4:OUTLINE:2a1f86ae07dbb7ba,404fe683-4727-4c53-9c1d-9adf98a793c4,netgear-xr500.pdf,XR500,b316a5eb-09a6-5ee6-939e-8c2f552e7a53,3c55c628-78a3-5808-8363-22a352298202,404fe683-4727-4c53-9c1d-9adf98a793c4:3c55c628-78a3-5808-8363-22a352298202,parent_subtree_child,Manage the Router’s WiFi Settings > Manage implicit beamforming,114,114,207,272,nearest_ancestor_subtree,candidate,anchor_or_parent_subtree_child
Q-094,Q-094,404fe683-4727-4c53-9c1d-9adf98a793c4:OUTLINE:2a1f86ae07dbb7ba,404fe683-4727-4c53-9c1d-9adf98a793c4,netgear-xr500.pdf,XR500,b316a5eb-09a6-5ee6-939e-8c2f552e7a53,4c986d39-914c-51c4-a4d2-bd5e51c9f28f,404fe683-4727-4c53-9c1d-9adf98a793c4:4c986d39-914c-51c4-a4d2-bd5e51c9f28f,parent_subtree_child,Manage the Router’s WiFi Settings > Manage MU-MIMO,114,115,209,266,nearest_ancestor_subtree,candidate,anchor_or_parent_subtree_child
Q-094,Q-094,404fe683-4727-4c53-9c1d-9adf98a793c4:OUTLINE:2a1f86ae07dbb7ba,404fe683-4727-4c53-9c1d-9adf98a793c4,netgear-xr500.pdf,XR500,b316a5eb-09a6-5ee6-939e-8c2f552e7a53,22beed7c-8030-56b1-b92f-eb268b8ab3cb,404fe683-4727-4c53-9c1d-9adf98a793c4:22beed7c-8030-56b1-b92f-eb268b8ab3cb,parent_subtree_child,Manage the Router’s WiFi Settings > Manage HT160 for 160 MHz WiFi support,115,116,211,268,nearest_ancestor_subtree,candidate,anchor_or_parent_subtree_child
Q-094,Q-094,404fe683-4727-4c53-9c1d-9adf98a793c4:OUTLINE:2a1f86ae07dbb7ba,404fe683-4727-4c53-9c1d-9adf98a793c4,netgear-xr500.pdf,XR500,b316a5eb-09a6-5ee6-939e-8c2f552e7a53,ac2b3140-6249-5284-95c8-262e8694bbdb,404fe683-4727-4c53-9c1d-9adf98a793c4:ac2b3140-6249-5284-95c8-262e8694bbdb,parent_subtree_child,Manage the Router’s WiFi Settings > Disable Wi-Fi Multimedia Quality of Service,116,117,213,363,nearest_ancestor_subtree,candidate,anchor_or_parent_subtree_child
Q-094,Q-094,404fe683-4727-4c53-9c1d-9adf98a793c4:OUTLINE:2a1f86ae07dbb7ba,404fe683-4727-4c53-9c1d-9adf98a793c4,netgear-xr500.pdf,XR500,b316a5eb-09a6-5ee6-939e-8c2f552e7a53,cbc9c929-c112-5bc6-a792-301c9348c11d,404fe683-4727-4c53-9c1d-9adf98a793c4:cbc9c929-c112-5bc6-a792-301c9348c11d,parent_subtree_child,Manage the Router’s WiFi Settings > Use the router as a WiFi access point only,117,118,215,486,nearest_ancestor_subtree,candidate,anchor_or_parent_subtree_child
Q-095,Q-095,404fe683-4727-4c53-9c1d-9adf98a793c4:OUTLINE:9605907c7bf37548,404fe683-4727-4c53-9c1d-9adf98a793c4,netgear-xr500.pdf,XR500,234f25dd-eb1a-523a-9afd-aac5fb06c23d,12b86fd9-e07e-5e30-81c3-8800b89690e1,404fe683-4727-4c53-9c1d-9adf98a793c4:12b86fd9-e07e-5e30-81c3-8800b89690e1,parent_subtree_child,Share USB Storage Devices Attached to the Router,140,140,271,278,nearest_ancestor_subtree,candidate,anchor_or_parent_subtree_child
Q-095,Q-095,404fe683-4727-4c53-9c1d-9adf98a793c4:OUTLINE:9605907c7bf37548,404fe683-4727-4c53-9c1d-9adf98a793c4,netgear-xr500.pdf,XR500,234f25dd-eb1a-523a-9afd-aac5fb06c23d,2cc3db60-d462-5d2e-8bb3-212863e51abf,404fe683-4727-4c53-9c1d-9adf98a793c4:2cc3db60-d462-5d2e-8bb3-212863e51abf,parent_subtree_child,Share USB Storage Devices Attached to the Router > USB device requirements,141,141,273,180,nearest_ancestor_subtree,candidate,anchor_or_parent_subtree_child
Q-095,Q-095,404fe683-4727-4c53-9c1d-9adf98a793c4:OUTLINE:9605907c7bf37548,404fe683-4727-4c53-9c1d-9adf98a793c4,netgear-xr500.pdf,XR500,234f25dd-eb1a-523a-9afd-aac5fb06c23d,7b507311-06c1-518a-b57f-17ce47a7dc19,404fe683-4727-4c53-9c1d-9adf98a793c4:7b507311-06c1-518a-b57f-17ce47a7dc19,parent_subtree_child,Share USB Storage Devices Attached to the Router > Connect a USB storage device to the router,141,141,275,162,nearest_ancestor_subtree,candidate,anchor_or_parent_subtree_child
Q-095,Q-095,404fe683-4727-4c53-9c1d-9adf98a793c4:OUTLINE:9605907c7bf37548,404fe683-4727-4c53-9c1d-9adf98a793c4,netgear-xr500.pdf,XR500,234f25dd-eb1a-523a-9afd-aac5fb06c23d,47502ff3-0811-508c-908a-fc266fe16d1a,404fe683-4727-4c53-9c1d-9adf98a793c4:47502ff3-0811-508c-908a-fc266fe16d1a,parent_subtree_child,Share USB Storage Devices Attached to the Router > Access a storage device connected to the router from a Windows-based computer,142,142,277,172,nearest_ancestor_subtree,candidate,anchor_or_parent_subtree_child
Q-095,Q-095,404fe683-4727-4c53-9c1d-9adf98a793c4:OUTLINE:9605907c7bf37548,404fe683-4727-4c53-9c1d-9adf98a793c4,netgear-xr500.pdf,XR500,234f25dd-eb1a-523a-9afd-aac5fb06c23d,4e8b339d-c5a5-5e03-8c6a-81a9ed35b46a,404fe683-4727-4c53-9c1d-9adf98a793c4:4e8b339d-c5a5-5e03-8c6a-81a9ed35b46a,parent_subtree_child,Share USB Storage Devices Attached to the Router > Map a USB device to a Windows network drive,142,143,279,293,nearest_ancestor_subtree,candidate,anchor_or_parent_subtree_child
Q-095,Q-095,404fe683-4727-4c53-9c1d-9adf98a793c4:OUTLINE:9605907c7bf37548,404fe683-4727-4c53-9c1d-9adf98a793c4,netgear-xr500.pdf,XR500,234f25dd-eb1a-523a-9afd-aac5fb06c23d,d65153a1-49ff-5c78-b751-e5e2a28eecfc,404fe683-4727-4c53-9c1d-9adf98a793c4:d65153a1-49ff-5c78-b751-e5e2a28eecfc,parent_subtree_child,Share USB Storage Devices Attached to the Router > Access a storage device that is connected to the router from a Mac,143,143,281,235,nearest_ancestor_subtree,candidate,anchor_or_parent_subtree_child
Q-095,Q-095,404fe683-4727-4c53-9c1d-9adf98a793c4:OUTLINE:9605907c7bf37548,404fe683-4727-4c53-9c1d-9adf98a793c4,netgear-xr500.pdf,XR500,234f25dd-eb1a-523a-9afd-aac5fb06c23d,144e139f-801f-5611-801c-e47bc10b1cbf,404fe683-4727-4c53-9c1d-9adf98a793c4:144e139f-801f-5611-801c-e47bc10b1cbf,parent_subtree_child,Share USB Storage Devices Attached to the Router > Back up Windows-based computers with ReadySHARE Vault,144,144,283,259,nearest_ancestor_subtree,candidate,anchor_or_parent_subtree_child
Q-095,Q-095,404fe683-4727-4c53-9c1d-9adf98a793c4:OUTLINE:9605907c7bf37548,404fe683-4727-4c53-9c1d-9adf98a793c4,netgear-xr500.pdf,XR500,234f25dd-eb1a-523a-9afd-aac5fb06c23d,32e7d300-3c31-5618-9a36-23c7a44e168d,404fe683-4727-4c53-9c1d-9adf98a793c4:32e7d300-3c31-5618-9a36-23c7a44e168d,parent_subtree_child,Share USB Storage Devices Attached to the Router > Back up Mac computers with Time Machine,144,144,285,108,nearest_ancestor_subtree,candidate,anchor_or_parent_subtree_child
Q-095,Q-095,404fe683-4727-4c53-9c1d-9adf98a793c4:OUTLINE:9605907c7bf37548,404fe683-4727-4c53-9c1d-9adf98a793c4,netgear-xr500.pdf,XR500,234f25dd-eb1a-523a-9afd-aac5fb06c23d,ff5135ad-c3ce-58be-add1-7b0a7cd9588f,404fe683-4727-4c53-9c1d-9adf98a793c4:ff5135ad-c3ce-58be-add1-7b0a7cd9588f,parent_subtree_child,Share USB Storage Devices Attached to the Router > Back up Mac computers with Time Machine > Set up a USB hard drive on a Mac,145,145,287,331,nearest_ancestor_subtree,candidate,anchor_or_parent_subtree_child
Q-095,Q-095,404fe683-4727-4c53-9c1d-9adf98a793c4:OUTLINE:9605907c7bf37548,404fe683-4727-4c53-9c1d-9adf98a793c4,netgear-xr500.pdf,XR500,234f25dd-eb1a-523a-9afd-aac5fb06c23d,6d199986-a8f1-587d-9ed0-55361733df1f,404fe683-4727-4c53-9c1d-9adf98a793c4:6d199986-a8f1-587d-9ed0-55361733df1f,parent_subtree_child,Share USB Storage Devices Attached to the Router > Back up Mac computers with Time Machine > Prepare to back up a large amount of data,145,146,289,270,nearest_ancestor_subtree,candidate,anchor_or_parent_subtree_child
Q-095,Q-095,404fe683-4727-4c53-9c1d-9adf98a793c4:OUTLINE:9605907c7bf37548,404fe683-4727-4c53-9c1d-9adf98a793c4,netgear-xr500.pdf,XR500,234f25dd-eb1a-523a-9afd-aac5fb06c23d,fb1fc310-aa1d-5231-a51c-cc5f1e6a46c8,404fe683-4727-4c53-9c1d-9adf98a793c4:fb1fc310-aa1d-5231-a51c-cc5f1e6a46c8,parent_subtree_child,Share USB Storage Devices Attached to the Router > Back up Mac computers with Time Machine > Use Time Machine to back up onto a USB hard disk,146,147,291,488,nearest_ancestor_subtree,candidate,anchor_or_parent_subtree_child
Q-095,Q-095,404fe683-4727-4c53-9c1d-9adf98a793c4:OUTLINE:9605907c7bf37548,404fe683-4727-4c53-9c1d-9adf98a793c4,netgear-xr500.pdf,XR500,234f25dd-eb1a-523a-9afd-aac5fb06c23d,db4959bc-eab0-5eea-9f30-8c598ecb1684,404fe683-4727-4c53-9c1d-9adf98a793c4:db4959bc-eab0-5eea-9f30-8c598ecb1684,parent_subtree_child,Share USB Storage Devices Attached to the Router > Manage access to a USB storage device,147,149,293,905,nearest_ancestor_subtree,candidate,anchor_or_parent_subtree_child
Q-095,Q-095,404fe683-4727-4c53-9c1d-9adf98a793c4:OUTLINE:9605907c7bf37548,404fe683-4727-4c53-9c1d-9adf98a793c4,netgear-xr500.pdf,XR500,234f25dd-eb1a-523a-9afd-aac5fb06c23d,5275ecc9-a56b-5244-8fc7-6deb3fa92f7b,404fe683-4727-4c53-9c1d-9adf98a793c4:5275ecc9-a56b-5244-8fc7-6deb3fa92f7b,parent_subtree_child,Share USB Storage Devices Attached to the Router > Use FTP within the network,149,149,295,172,nearest_ancestor_subtree,candidate,anchor_or_parent_subtree_child
Q-095,Q-095,404fe683-4727-4c53-9c1d-9adf98a793c4:OUTLINE:9605907c7bf37548,404fe683-4727-4c53-9c1d-9adf98a793c4,netgear-xr500.pdf,XR500,234f25dd-eb1a-523a-9afd-aac5fb06c23d,50a78272-4717-5e5d-9b25-812ca3ca76a0,404fe683-4727-4c53-9c1d-9adf98a793c4:50a78272-4717-5e5d-9b25-812ca3ca76a0,parent_subtree_child,Share USB Storage Devices Attached to the Router > Manage network folders on a USB storage device,150,150,297,40,nearest_ancestor_subtree,candidate,anchor_or_parent_subtree_child
Q-095,Q-095,404fe683-4727-4c53-9c1d-9adf98a793c4:OUTLINE:9605907c7bf37548,404fe683-4727-4c53-9c1d-9adf98a793c4,netgear-xr500.pdf,XR500,234f25dd-eb1a-523a-9afd-aac5fb06c23d,d41b0fb1-0e04-57bb-ac47-8a0413d33f5f,404fe683-4727-4c53-9c1d-9adf98a793c4:d41b0fb1-0e04-57bb-ac47-8a0413d33f5f,parent_subtree_child,Share USB Storage Devices Attached to the Router > Manage network folders on a USB storage device > View network folders on a USB storage device,150,150,299,334,nearest_ancestor_subtree,candidate,anchor_or_parent_subtree_child
Q-095,Q-095,404fe683-4727-4c53-9c1d-9adf98a793c4:OUTLINE:9605907c7bf37548,404fe683-4727-4c53-9c1d-9adf98a793c4,netgear-xr500.pdf,XR500,234f25dd-eb1a-523a-9afd-aac5fb06c23d,17df525d-237c-572e-9e0e-7f32b9cb0b79,404fe683-4727-4c53-9c1d-9adf98a793c4:17df525d-237c-572e-9e0e-7f32b9cb0b79,parent_subtree_child,Share USB Storage Devices Attached to the Router > Manage network folders on a USB storage device > Add a network folder on a USB storage device,151,151,301,310,nearest_ancestor_subtree,candidate,anchor_or_parent_subtree_child
Q-095,Q-095,404fe683-4727-4c53-9c1d-9adf98a793c4:OUTLINE:9605907c7bf37548,404fe683-4727-4c53-9c1d-9adf98a793c4,netgear-xr500.pdf,XR500,234f25dd-eb1a-523a-9afd-aac5fb06c23d,d6dbf786-3af5-58aa-8b00-b7f4172a2018,404fe683-4727-4c53-9c1d-9adf98a793c4:d6dbf786-3af5-58aa-8b00-b7f4172a2018,parent_subtree_child,Share USB Storage Devices Attached to the Router > Manage network folders on a USB storage device > Change a network folder on a USB storage device,152,152,303,229,nearest_ancestor_subtree,candidate,anchor_or_parent_subtree_child
Q-095,Q-095,404fe683-4727-4c53-9c1d-9adf98a793c4:OUTLINE:9605907c7bf37548,404fe683-4727-4c53-9c1d-9adf98a793c4,netgear-xr500.pdf,XR500,234f25dd-eb1a-523a-9afd-aac5fb06c23d,dee55ef8-729a-51e5-9b1c-29cce4910ea6,404fe683-4727-4c53-9c1d-9adf98a793c4:dee55ef8-729a-51e5-9b1c-29cce4910ea6,anchor,Share USB Storage Devices Attached to the Router > Approve USB devices,152,153,305,394,nearest_ancestor_subtree,candidate,anchor_or_parent_subtree_child
Q-095,Q-095,404fe683-4727-4c53-9c1d-9adf98a793c4:OUTLINE:9605907c7bf37548,404fe683-4727-4c53-9c1d-9adf98a793c4,netgear-xr500.pdf,XR500,234f25dd-eb1a-523a-9afd-aac5fb06c23d,8473dc9a-4173-5724-b6f3-f8019c484863,404fe683-4727-4c53-9c1d-9adf98a793c4:8473dc9a-4173-5724-b6f3-f8019c484863,parent_subtree_child,Share USB Storage Devices Attached to the Router > Safely remove a USB storage device,153,154,307,224,nearest_ancestor_subtree,candidate,anchor_or_parent_subtree_child
Q-096,Q-096,404fe683-4727-4c53-9c1d-9adf98a793c4:OUTLINE:6096909eb580ff0a,404fe683-4727-4c53-9c1d-9adf98a793c4,netgear-xr500.pdf,XR500,3db279d5-5f8f-5f8a-ad75-9910f253a5b3,84bf0b6c-a37f-5a99-920b-d730b0c58307,404fe683-4727-4c53-9c1d-9adf98a793c4:84bf0b6c-a37f-5a99-920b-d730b0c58307,parent_subtree_child,Use Dynamic DNS to Access USB Storage Devices Through the Internet > Access USB storage devices through the Internet,159,159,321,50,nearest_ancestor_subtree,candidate,anchor_or_parent_subtree_child
Q-096,Q-096,404fe683-4727-4c53-9c1d-9adf98a793c4:OUTLINE:6096909eb580ff0a,404fe683-4727-4c53-9c1d-9adf98a793c4,netgear-xr500.pdf,XR500,3db279d5-5f8f-5f8a-ad75-9910f253a5b3,6dc53ee1-9892-5f00-92a7-885b683b0c8d,404fe683-4727-4c53-9c1d-9adf98a793c4:6dc53ee1-9892-5f00-92a7-885b683b0c8d,parent_subtree_child,Use Dynamic DNS to Access USB Storage Devices Through the Internet > Access USB storage devices through the Internet > Set up HTTPS access through the Internet,159,160,323,392,nearest_ancestor_subtree,candidate,anchor_or_parent_subtree_child
Q-096,Q-096,404fe683-4727-4c53-9c1d-9adf98a793c4:OUTLINE:6096909eb580ff0a,404fe683-4727-4c53-9c1d-9adf98a793c4,netgear-xr500.pdf,XR500,3db279d5-5f8f-5f8a-ad75-9910f253a5b3,c929ed63-79dc-5933-9d6f-91e772c5b4d1,404fe683-4727-4c53-9c1d-9adf98a793c4:c929ed63-79dc-5933-9d6f-91e772c5b4d1,parent_subtree_child,Use Dynamic DNS to Access USB Storage Devices Through the Internet > Access USB storage devices through the Internet > Access USB storage devices from a remote computer,160,161,325,132,nearest_ancestor_subtree,candidate,anchor_or_parent_subtree_child
Q-096,Q-096,404fe683-4727-4c53-9c1d-9adf98a793c4:OUTLINE:6096909eb580ff0a,404fe683-4727-4c53-9c1d-9adf98a793c4,netgear-xr500.pdf,XR500,3db279d5-5f8f-5f8a-ad75-9910f253a5b3,1d4788df-374d-52e0-a31b-c406a91abfcc,404fe683-4727-4c53-9c1d-9adf98a793c4:1d4788df-374d-52e0-a31b-c406a91abfcc,anchor,Use Dynamic DNS to Access USB Storage Devices Through the Internet > Access USB storage devices through the Internet > Set up FTP access through the Internet,161,161,327,273,nearest_ancestor_subtree,candidate,anchor_or_parent_subtree_child
Q-096,Q-096,404fe683-4727-4c53-9c1d-9adf98a793c4:OUTLINE:6096909eb580ff0a,404fe683-4727-4c53-9c1d-9adf98a793c4,netgear-xr500.pdf,XR500,3db279d5-5f8f-5f8a-ad75-9910f253a5b3,9c7f8f5e-dadb-5ed0-b8be-baa2f11349a8,404fe683-4727-4c53-9c1d-9adf98a793c4:9c7f8f5e-dadb-5ed0-b8be-baa2f11349a8,parent_subtree_child,Use Dynamic DNS to Access USB Storage Devices Through the Internet > Access USB storage devices through the Internet > Use FTP to access storage devices through the Internet,162,162,329,340,nearest_ancestor_subtree,candidate,anchor_or_parent_subtree_child
Q-097,Q-097,404fe683-4727-4c53-9c1d-9adf98a793c4:OUTLINE:3dba8dc2dd4b2305,404fe683-4727-4c53-9c1d-9adf98a793c4,netgear-xr500.pdf,XR500,3db279d5-5f8f-5f8a-ad75-9910f253a5b3,84bf0b6c-a37f-5a99-920b-d730b0c58307,404fe683-4727-4c53-9c1d-9adf98a793c4:84bf0b6c-a37f-5a99-920b-d730b0c58307,parent_subtree_child,Use Dynamic DNS to Access USB Storage Devices Through the Internet > Access USB storage devices through the Internet,159,159,321,50,nearest_ancestor_subtree,candidate,anchor_or_parent_subtree_child
Q-097,Q-097,404fe683-4727-4c53-9c1d-9adf98a793c4:OUTLINE:3dba8dc2dd4b2305,404fe683-4727-4c53-9c1d-9adf98a793c4,netgear-xr500.pdf,XR500,3db279d5-5f8f-5f8a-ad75-9910f253a5b3,6dc53ee1-9892-5f00-92a7-885b683b0c8d,404fe683-4727-4c53-9c1d-9adf98a793c4:6dc53ee1-9892-5f00-92a7-885b683b0c8d,parent_subtree_child,Use Dynamic DNS to Access USB Storage Devices Through the Internet > Access USB storage devices through the Internet > Set up HTTPS access through the Internet,159,160,323,392,nearest_ancestor_subtree,candidate,anchor_or_parent_subtree_child
Q-097,Q-097,404fe683-4727-4c53-9c1d-9adf98a793c4:OUTLINE:3dba8dc2dd4b2305,404fe683-4727-4c53-9c1d-9adf98a793c4,netgear-xr500.pdf,XR500,3db279d5-5f8f-5f8a-ad75-9910f253a5b3,c929ed63-79dc-5933-9d6f-91e772c5b4d1,404fe683-4727-4c53-9c1d-9adf98a793c4:c929ed63-79dc-5933-9d6f-91e772c5b4d1,parent_subtree_child,Use Dynamic DNS to Access USB Storage Devices Through the Internet > Access USB storage devices through the Internet > Access USB storage devices from a remote computer,160,161,325,132,nearest_ancestor_subtree,candidate,anchor_or_parent_subtree_child
Q-097,Q-097,404fe683-4727-4c53-9c1d-9adf98a793c4:OUTLINE:3dba8dc2dd4b2305,404fe683-4727-4c53-9c1d-9adf98a793c4,netgear-xr500.pdf,XR500,3db279d5-5f8f-5f8a-ad75-9910f253a5b3,1d4788df-374d-52e0-a31b-c406a91abfcc,404fe683-4727-4c53-9c1d-9adf98a793c4:1d4788df-374d-52e0-a31b-c406a91abfcc,parent_subtree_child,Use Dynamic DNS to Access USB Storage Devices Through the Internet > Access USB storage devices through the Internet > Set up FTP access through the Internet,161,161,327,273,nearest_ancestor_subtree,candidate,anchor_or_parent_subtree_child
Q-097,Q-097,404fe683-4727-4c53-9c1d-9adf98a793c4:OUTLINE:3dba8dc2dd4b2305,404fe683-4727-4c53-9c1d-9adf98a793c4,netgear-xr500.pdf,XR500,3db279d5-5f8f-5f8a-ad75-9910f253a5b3,9c7f8f5e-dadb-5ed0-b8be-baa2f11349a8,404fe683-4727-4c53-9c1d-9adf98a793c4:9c7f8f5e-dadb-5ed0-b8be-baa2f11349a8,anchor,Use Dynamic DNS to Access USB Storage Devices Through the Internet > Access USB storage devices through the Internet > Use FTP to access storage devices through the Internet,162,162,329,340,nearest_ancestor_subtree,candidate,anchor_or_parent_subtree_child
Q-098,Q-098,404fe683-4727-4c53-9c1d-9adf98a793c4:OUTLINE:65bda46f8a067355,404fe683-4727-4c53-9c1d-9adf98a793c4,netgear-xr500.pdf,XR500,b95a34f7-cd90-58ee-87c4-80a0d10fc8dc,6456b41d-491e-536d-beda-6bac85f1de0f,404fe683-4727-4c53-9c1d-9adf98a793c4:6456b41d-491e-536d-beda-6bac85f1de0f,parent_subtree_child,Use OpenVPN to Access Your Network > Install OpenVPN software on a VPN client,176,176,359,313,nearest_ancestor_subtree,candidate,anchor_or_parent_subtree_child
Q-098,Q-098,404fe683-4727-4c53-9c1d-9adf98a793c4:OUTLINE:65bda46f8a067355,404fe683-4727-4c53-9c1d-9adf98a793c4,netgear-xr500.pdf,XR500,b95a34f7-cd90-58ee-87c4-80a0d10fc8dc,7e61a062-84e1-57c0-83b0-10dd9641575b,404fe683-4727-4c53-9c1d-9adf98a793c4:7e61a062-84e1-57c0-83b0-10dd9641575b,parent_subtree_child,Use OpenVPN to Access Your Network > Install OpenVPN software on a VPN client > Install OpenVPN software on a Windows-based computer,176,178,361,608,nearest_ancestor_subtree,candidate,anchor_or_parent_subtree_child
Q-098,Q-098,404fe683-4727-4c53-9c1d-9adf98a793c4:OUTLINE:65bda46f8a067355,404fe683-4727-4c53-9c1d-9adf98a793c4,netgear-xr500.pdf,XR500,b95a34f7-cd90-58ee-87c4-80a0d10fc8dc,ff51f432-529b-5170-b299-b9709af5c1d7,404fe683-4727-4c53-9c1d-9adf98a793c4:ff51f432-529b-5170-b299-b9709af5c1d7,parent_subtree_child,Use OpenVPN to Access Your Network > Install OpenVPN software on a VPN client > Install OpenVPN software on a Mac computer,178,179,363,418,nearest_ancestor_subtree,candidate,anchor_or_parent_subtree_child
Q-098,Q-098,404fe683-4727-4c53-9c1d-9adf98a793c4:OUTLINE:65bda46f8a067355,404fe683-4727-4c53-9c1d-9adf98a793c4,netgear-xr500.pdf,XR500,b95a34f7-cd90-58ee-87c4-80a0d10fc8dc,f31e9a14-ccf9-5344-a3cf-7d7a8ae847c6,404fe683-4727-4c53-9c1d-9adf98a793c4:f31e9a14-ccf9-5344-a3cf-7d7a8ae847c6,parent_subtree_child,Use OpenVPN to Access Your Network > Install OpenVPN software on a VPN client > Install OpenVPN software on an iOS device,179,180,365,411,nearest_ancestor_subtree,candidate,anchor_or_parent_subtree_child
Q-098,Q-098,404fe683-4727-4c53-9c1d-9adf98a793c4:OUTLINE:65bda46f8a067355,404fe683-4727-4c53-9c1d-9adf98a793c4,netgear-xr500.pdf,XR500,b95a34f7-cd90-58ee-87c4-80a0d10fc8dc,65a39d84-6b18-50df-b32a-a7d46fbe2cfc,404fe683-4727-4c53-9c1d-9adf98a793c4:65a39d84-6b18-50df-b32a-a7d46fbe2cfc,anchor,Use OpenVPN to Access Your Network > Install OpenVPN software on a VPN client > Install OpenVPN software on an Android device,180,180,367,385,nearest_ancestor_subtree,candidate,anchor_or_parent_subtree_child
Q-099,Q-099,404fe683-4727-4c53-9c1d-9adf98a793c4:OUTLINE:f34b65066a692479,404fe683-4727-4c53-9c1d-9adf98a793c4,netgear-xr500.pdf,XR500,aa85b8f6-fcc7-5286-9ff8-42e2eebfed45,407577d5-49e8-5bff-a6c1-3ed073e77654,404fe683-4727-4c53-9c1d-9adf98a793c4:407577d5-49e8-5bff-a6c1-3ed073e77654,parent_subtree_child,Use VPN to Access An External Network,184,184,379,142,nearest_ancestor_subtree,candidate,anchor_or_parent_subtree_child
Q-099,Q-099,404fe683-4727-4c53-9c1d-9adf98a793c4:OUTLINE:f34b65066a692479,404fe683-4727-4c53-9c1d-9adf98a793c4,netgear-xr500.pdf,XR500,aa85b8f6-fcc7-5286-9ff8-42e2eebfed45,647b4f2b-f7e4-59a8-95e7-2b8309f75418,404fe683-4727-4c53-9c1d-9adf98a793c4:647b4f2b-f7e4-59a8-95e7-2b8309f75418,parent_subtree_child,Use VPN to Access An External Network > Set up a VPN client connection,185,185,381,541,nearest_ancestor_subtree,candidate,anchor_or_parent_subtree_child
Q-099,Q-099,404fe683-4727-4c53-9c1d-9adf98a793c4:OUTLINE:f34b65066a692479,404fe683-4727-4c53-9c1d-9adf98a793c4,netgear-xr500.pdf,XR500,aa85b8f6-fcc7-5286-9ff8-42e2eebfed45,36995834-66ad-5975-9724-aa9f228f5502,404fe683-4727-4c53-9c1d-9adf98a793c4:36995834-66ad-5975-9724-aa9f228f5502,anchor,Use VPN to Access An External Network > Enable the VPN client in the router and connect to a VPN server,185,187,383,721,nearest_ancestor_subtree,candidate,anchor_or_parent_subtree_child
Q-099,Q-099,404fe683-4727-4c53-9c1d-9adf98a793c4:OUTLINE:f34b65066a692479,404fe683-4727-4c53-9c1d-9adf98a793c4,netgear-xr500.pdf,XR500,aa85b8f6-fcc7-5286-9ff8-42e2eebfed45,39ac5b4b-a681-5bcf-96b4-b550db60c964,404fe683-4727-4c53-9c1d-9adf98a793c4:39ac5b4b-a681-5bcf-96b4-b550db60c964,parent_subtree_child,Use VPN to Access An External Network > Disconnect the router from the VPN server,187,187,385,198,nearest_ancestor_subtree,candidate,anchor_or_parent_subtree_child
Q-100,Q-100,404fe683-4727-4c53-9c1d-9adf98a793c4:OUTLINE:dd5db5544af2935a,404fe683-4727-4c53-9c1d-9adf98a793c4,netgear-xr500.pdf,XR500,ac556e3e-75d7-548b-8dcd-740548ed3aa7,1e648057-fab4-582c-abb2-c775e2d3301f,404fe683-4727-4c53-9c1d-9adf98a793c4:1e648057-fab4-582c-abb2-c775e2d3301f,parent_subtree_child,Manage and Customize Internet Traffic Rules for Ports > Manage port triggering for services and applications,193,194,403,294,nearest_ancestor_subtree,candidate,anchor_or_parent_subtree_child
Q-100,Q-100,404fe683-4727-4c53-9c1d-9adf98a793c4:OUTLINE:dd5db5544af2935a,404fe683-4727-4c53-9c1d-9adf98a793c4,netgear-xr500.pdf,XR500,ac556e3e-75d7-548b-8dcd-740548ed3aa7,75118c37-2376-50c5-b907-2ae6d10da16e,404fe683-4727-4c53-9c1d-9adf98a793c4:75118c37-2376-50c5-b907-2ae6d10da16e,anchor,Manage and Customize Internet Traffic Rules for Ports > Manage port triggering for services and applications > Add a port triggering service or application,194,195,405,472,nearest_ancestor_subtree,candidate,anchor_or_parent_subtree_child
Q-100,Q-100,404fe683-4727-4c53-9c1d-9adf98a793c4:OUTLINE:dd5db5544af2935a,404fe683-4727-4c53-9c1d-9adf98a793c4,netgear-xr500.pdf,XR500,ac556e3e-75d7-548b-8dcd-740548ed3aa7,64c16e90-13ba-5c5f-aff7-eb4db090d3b9,404fe683-4727-4c53-9c1d-9adf98a793c4:64c16e90-13ba-5c5f-aff7-eb4db090d3b9,parent_subtree_child,Manage and Customize Internet Traffic Rules for Ports > Manage port triggering for services and applications > Enable port triggering and specify the time-out value,195,195,407,333,nearest_ancestor_subtree,candidate,anchor_or_parent_subtree_child
Q-100,Q-100,404fe683-4727-4c53-9c1d-9adf98a793c4:OUTLINE:dd5db5544af2935a,404fe683-4727-4c53-9c1d-9adf98a793c4,netgear-xr500.pdf,XR500,ac556e3e-75d7-548b-8dcd-740548ed3aa7,bf908bd4-8807-5963-ad09-c4fa2fbe98ad,404fe683-4727-4c53-9c1d-9adf98a793c4:bf908bd4-8807-5963-ad09-c4fa2fbe98ad,parent_subtree_child,Manage and Customize Internet Traffic Rules for Ports > Manage port triggering for services and applications > Change a port triggering service or application,196,196,409,280,nearest_ancestor_subtree,candidate,anchor_or_parent_subtree_child
Q-100,Q-100,404fe683-4727-4c53-9c1d-9adf98a793c4:OUTLINE:dd5db5544af2935a,404fe683-4727-4c53-9c1d-9adf98a793c4,netgear-xr500.pdf,XR500,ac556e3e-75d7-548b-8dcd-740548ed3aa7,aecf8283-56a4-5162-91c0-87d8d7ed29f0,404fe683-4727-4c53-9c1d-9adf98a793c4:aecf8283-56a4-5162-91c0-87d8d7ed29f0,parent_subtree_child,Manage and Customize Internet Traffic Rules for Ports > Manage port triggering for services and applications > Remove a port triggering service or application,196,197,411,210,nearest_ancestor_subtree,candidate,anchor_or_parent_subtree_child
Q-100,Q-100,404fe683-4727-4c53-9c1d-9adf98a793c4:OUTLINE:dd5db5544af2935a,404fe683-4727-4c53-9c1d-9adf98a793c4,netgear-xr500.pdf,XR500,ac556e3e-75d7-548b-8dcd-740548ed3aa7,b1eabc09-13bd-51ce-aff9-bcb263798c50,404fe683-4727-4c53-9c1d-9adf98a793c4:b1eabc09-13bd-51ce-aff9-bcb263798c50,parent_subtree_child,Manage and Customize Internet Traffic Rules for Ports > Manage port triggering for services and applications > Disable port triggering,197,197,413,243,nearest_ancestor_subtree,candidate,anchor_or_parent_subtree_child
Q-100,Q-100,404fe683-4727-4c53-9c1d-9adf98a793c4:OUTLINE:dd5db5544af2935a,404fe683-4727-4c53-9c1d-9adf98a793c4,netgear-xr500.pdf,XR500,ac556e3e-75d7-548b-8dcd-740548ed3aa7,1986a281-97eb-584c-ae46-a548a955864f,404fe683-4727-4c53-9c1d-9adf98a793c4:1986a281-97eb-584c-ae46-a548a955864f,parent_subtree_child,Manage and Customize Internet Traffic Rules for Ports > Manage port triggering for services and applications > Application example: Port triggering for Internet Relay Chat,198,198,415,653,nearest_ancestor_subtree,candidate,anchor_or_parent_subtree_child
