question_id,question_pair_id,outline_frame_id,document_id,filename,product_model,section_path,question_family,language,question,answer,context_block_ids,evidence_block_ids,review_status
Q-001,Q-001,7b2e79c5-ed95-43f3-bb4b-e882e3bfeefa:OUTLINE:e271e0b47a14e4d5,7b2e79c5-ed95-43f3-bb4b-e882e3bfeefa,netgear-cm2000.pdf,CM2000,Hardware Setup > Rear Panel,facts_specifications,en,"What are the buttons and connections on the back of the CM2000, and what happens if I hold Reset?","The rear panel has a Reset button, Ethernet port, coaxial cable port, and DC power connector. Holding Reset for at least seven seconds makes the Power LED blink white and returns the cable modem to factory settings.","[""724d26e2-ed75-5043-b025-de4c01da0714""]","[""724d26e2-ed75-5043-b025-de4c01da0714""]",auto_validated
Q-002,Q-002,7b2e79c5-ed95-43f3-bb4b-e882e3bfeefa:OUTLINE:7cd40e7c102d4666,7b2e79c5-ed95-43f3-bb4b-e882e3bfeefa,netgear-cm2000.pdf,CM2000,Hardware Setup > Label,facts_specifications,en,Where can I find the CM2000 login details and serial information?,"The label shows the modem login information, MAC address, and serial number.","[""b9899548-cfa5-5bb4-8284-7d82e663abd1""]","[""b9899548-cfa5-5bb4-8284-7d82e663abd1""]",auto_validated
Q-003,Q-003,7b2e79c5-ed95-43f3-bb4b-e882e3bfeefa:OUTLINE:4b622d7b00d4e652,7b2e79c5-ed95-43f3-bb4b-e882e3bfeefa,netgear-cm2000.pdf,CM2000,Hardware Setup > Install and Activate Your Cable Modem > Connect Your Cable Modem to a Router After Installation and Activation,setup_configuration,en,"After my service is activated, how do I connect the CM2000 to my router?","Reboot the modem and wait until the Internet LED is solid white. Connect the modem Ethernet port to the router WAN/Internet port, power on the router, wait until it is ready, and then connect a computer to the router.","[""8fd1b794-0507-59d3-88fa-2209736ef6da""]","[""8fd1b794-0507-59d3-88fa-2209736ef6da""]",auto_validated
Q-004,Q-004,7b2e79c5-ed95-43f3-bb4b-e882e3bfeefa:OUTLINE:98f6c2f591f61009,7b2e79c5-ed95-43f3-bb4b-e882e3bfeefa,netgear-cm2000.pdf,CM2000,Manage Your Network > Change the admin password,setup_configuration,en,How can I change the CM2000 administrator password?,"Use a secure password of 6–32 characters with upper- and lowercase letters, numbers, and symbols. Browse to 192.168.100.1, sign in as admin, then choose ADVANCED > Administration > Set Password, enter the old password and the new password twice, and click Apply.","[""0de5a970-8b6a-5e57-ba98-6f57671a841c""]","[""0de5a970-8b6a-5e57-ba98-6f57671a841c""]",auto_validated
Q-005,Q-005,7b2e79c5-ed95-43f3-bb4b-e882e3bfeefa:OUTLINE:6a53389304868c8b,7b2e79c5-ed95-43f3-bb4b-e882e3bfeefa,netgear-cm2000.pdf,CM2000,Manage Your Network > View cable modem initialization,facts_specifications,en,How do I know when the CM2000 has finished starting up?,"The modem scans and locks downstream frequency, ranges upstream channels, obtains a WAN address, and connects to the Internet. In the modem interface, open Cable Connection and read the Startup Procedure and channel status.","[""eb2ebf98-481f-54be-b4a3-56ea1bdf5749""]","[""eb2ebf98-481f-54be-b4a3-56ea1bdf5749""]",auto_validated
Q-006,Q-006,7b2e79c5-ed95-43f3-bb4b-e882e3bfeefa:OUTLINE:922aff4d97250b1a,7b2e79c5-ed95-43f3-bb4b-e882e3bfeefa,netgear-cm2000.pdf,CM2000,Manage Your Network > Reset the cable modem to factory default settings > Use the factory reset software button,troubleshooting_diagnostics,en,How can I safely reset the CM2000 from its settings page?,"Sign in at 192.168.100.1, choose ADVANCED, click Factory reset, and confirm with OK. The configuration is erased and the modem reboots in about one minute; do not close the browser, load another page, or power off the modem while it resets.","[""62f9a09d-d5a8-5805-8b92-4d0be62383ce""]","[""62f9a09d-d5a8-5805-8b92-4d0be62383ce""]",auto_validated
Q-007,Q-007,7b2e79c5-ed95-43f3-bb4b-e882e3bfeefa:OUTLINE:25d276b399cc0e63,7b2e79c5-ed95-43f3-bb4b-e882e3bfeefa,netgear-cm2000.pdf,CM2000,Manage Your Network > Reset the cable modem to factory default settings > Use the reset button on the back panel,troubleshooting_diagnostics,en,How can I reset the CM2000 using the button on the device?,Locate the rear Reset button and hold it with a straightened paper clip until the modem reboots. The configuration returns to factory defaults and the process takes about one minute.,"[""c5c4c17f-c329-5b9c-837f-7d33e641682f""]","[""c5c4c17f-c329-5b9c-837f-7d33e641682f""]",auto_validated
Q-008,Q-008,7b2e79c5-ed95-43f3-bb4b-e882e3bfeefa:OUTLINE:a071a10fef9360ce,7b2e79c5-ed95-43f3-bb4b-e882e3bfeefa,netgear-cm2000.pdf,CM2000,Troubleshooting > Cannot log in to the cable modem,troubleshooting_diagnostics,en,I cannot sign in to the CM2000. What should I check first?,"Check the Ethernet connection, enable Java/JavaScript/ActiveX, restart or refresh the browser, use lowercase admin with Caps Lock off, and ensure the computer address is in 192.168.100.2–192.168.100.254. If changes do not persist, click Apply before leaving the page or refresh the browser.","[""85bd9c8e-a264-5649-acbc-73648b7ce861""]","[""85bd9c8e-a264-5649-acbc-73648b7ce861""]",auto_validated
Q-009,Q-009,7b2e79c5-ed95-43f3-bb4b-e882e3bfeefa:OUTLINE:b934612f8b7cd99e,7b2e79c5-ed95-43f3-bb4b-e882e3bfeefa,netgear-cm2000.pdf,CM2000,Supplemental Information > Technical Specifications,facts_specifications,en,"What are the basic power, size, ports, and operating limits of the CM2000?","The adapter accepts 110–120 V at 47–60 Hz and outputs 12 VDC at 1.5 A. The modem is 6.8 × 3.7 × 8.2 inches (172 × 94 × 208 mm), weighs 1.02 lb (482 g), has one 2.5 Gbps RJ-45 port and a DOCSIS 3.1 coaxial connector, supports the listed OFDM/SC-QAM and OFDMA channels, and operates at 32–104°F (0–40°C) with up to 90% noncondensing humidity.","[""88695618-cf2a-5bf0-9a58-da1167d8f0c6""]","[""88695618-cf2a-5bf0-9a58-da1167d8f0c6""]",auto_validated
Q-010,Q-010,398c0bb9-3253-4629-a5ed-18f51d9fb36b:OUTLINE:9238290c613deeba,398c0bb9-3253-4629-a5ed-18f51d9fb36b,netgear-lm1200.pdf,LM1200,Introduction and Hardware Overview > Install the Nano SIM Card,setup_configuration,en,How do I put a SIM card into the LM1200?,"Obtain a nano SIM from the mobile provider, turn the modem off, place it horizontally with the bottom facing you, and gently insert the card into the SIM slot.","[""37f50132-32d9-5fb0-a62d-366e401ac417""]","[""37f50132-32d9-5fb0-a62d-366e401ac417""]",auto_validated
Q-011,Q-011,398c0bb9-3253-4629-a5ed-18f51d9fb36b:OUTLINE:48e34928377b828f,398c0bb9-3253-4629-a5ed-18f51d9fb36b,netgear-lm1200.pdf,LM1200,"Get Started > Connect a Computer, Switch, Hub, Router, or WiFi Router to the Modem > Connect a Computer to the LAN Port of the Modem",setup_configuration,en,How do I connect one computer to the LM1200 with a network cable?,Connect one end of the supplied Ethernet cable to the computer Ethernet port and the other end to the modem Gigabit Ethernet LAN port on the back panel.,"[""36789817-932f-55f7-9c50-bb45d2df0cbe""]","[""36789817-932f-55f7-9c50-bb45d2df0cbe""]",auto_validated
Q-012,Q-012,398c0bb9-3253-4629-a5ed-18f51d9fb36b:OUTLINE:38b50e33ee1e7189,398c0bb9-3253-4629-a5ed-18f51d9fb36b,netgear-lm1200.pdf,LM1200,Manage the Modem LAN Settings > Change the DHCP Server Settings,setup_configuration,en,How can I change the network settings that the LM1200 gives to my devices?,"Sign in at 192.168.5.1, open Settings > Advanced > LAN, keep DHCP Server enabled, enter the start and end addresses in DHCP IP Range, optionally change the lease time, select Manual DNS to enter DNS 1 and DNS 2, and click Submit. The modem resets and connected devices must obtain new addresses.","[""fa675707-eec3-5dae-b80f-46a21238adcf""]","[""fa675707-eec3-5dae-b80f-46a21238adcf""]",auto_validated
Q-013,Q-013,398c0bb9-3253-4629-a5ed-18f51d9fb36b:OUTLINE:88b9a28663a8f104,398c0bb9-3253-4629-a5ed-18f51d9fb36b,netgear-lm1200.pdf,LM1200,Manage the Mobile Broadband Connection > Manually Connect to or Disconnect From the Mobile Broadband Network,setup_configuration,en,How can I manually connect or disconnect the LM1200 from the mobile network?,"Disable Auto Connect first, sign in to 192.168.5.1, and click Connect or Disconnect on the dashboard. Wait for the dashboard to display again after the modem attempts the requested action.","[""cf1f57e0-473a-57f3-8d91-a52b0070e80b""]","[""cf1f57e0-473a-57f3-8d91-a52b0070e80b""]",auto_validated
Q-014,Q-014,398c0bb9-3253-4629-a5ed-18f51d9fb36b:OUTLINE:86696f313ad41e44,398c0bb9-3253-4629-a5ed-18f51d9fb36b,netgear-lm1200.pdf,LM1200,Secure Your Network > Manage Port Forwarding for Incoming Traffic > Remove a Service or Application for Port Forwarding,troubleshooting_diagnostics,en,How do I remove a connection rule that I no longer need on the LM1200?,"Sign in at 192.168.5.1, select Settings > Advanced > Port Forwarding, and click the x beside the service or application. It is removed immediately; Submit is not required.","[""72dd6f50-8da8-5970-b90b-3a0719762e64""]","[""72dd6f50-8da8-5970-b90b-3a0719762e64""]",auto_validated
Q-015,Q-015,398c0bb9-3253-4629-a5ed-18f51d9fb36b:OUTLINE:f8bc4360594722fe,398c0bb9-3253-4629-a5ed-18f51d9fb36b,netgear-lm1200.pdf,LM1200,Secure Your Network > Manage SIM Card Security > Disable SIM Card Security,features_security_maintenance_limitations,en,What should I know before turning off SIM security on the LM1200?,"Repeated incorrect SIM PIN entries can block the card; the allowed attempts depend on the SIM. In that case the provider must supply a PUK. After disabling SIM security with the correct PIN, the modem no longer asks for a SIM PIN when it connects.","[""eb06abbc-3f74-5ddc-bfd6-17572beb2155""]","[""eb06abbc-3f74-5ddc-bfd6-17572beb2155""]",auto_validated
Q-016,Q-016,398c0bb9-3253-4629-a5ed-18f51d9fb36b:OUTLINE:65329abb6d0ed1e0,398c0bb9-3253-4629-a5ed-18f51d9fb36b,netgear-lm1200.pdf,LM1200,Manage the Modem and Monitor Usage and the Network > View Monthly Data and Session Data Usage,facts_specifications,en,What do the monthly and current-session data numbers on the LM1200 mean?,Monthly usage measures data from the billing-cycle start and resets automatically at the next cycle. Session usage measures data and elapsed time for the current connection and resets for each session; the session section appears only while connected.,"[""7e1a62c7-f256-5d08-a456-a62949c30491""]","[""7e1a62c7-f256-5d08-a456-a62949c30491""]",auto_validated
Q-017,Q-017,398c0bb9-3253-4629-a5ed-18f51d9fb36b:OUTLINE:623d8b68d20208e6,398c0bb9-3253-4629-a5ed-18f51d9fb36b,netgear-lm1200.pdf,LM1200,Frequently Asked Questions > How do I access the modem’s web pages?,facts_specifications,en,Where can I find the instructions for opening the LM1200 settings?,The manual directs you to the section Access the Modem’s Web Pages for the First Time on page 19.,"[""43434cb0-0be2-5d97-be19-dfb7256b7c44""]","[""43434cb0-0be2-5d97-be19-dfb7256b7c44""]",auto_validated
Q-018,Q-018,398c0bb9-3253-4629-a5ed-18f51d9fb36b:OUTLINE:6359ba84b27768d6,398c0bb9-3253-4629-a5ed-18f51d9fb36b,netgear-lm1200.pdf,LM1200,Alerts and Troubleshooting > Quick Tips for Troubleshooting,troubleshooting_diagnostics,en,The LM1200 will not connect. What should I check for mobile and cable connections?,"For mobile broadband, verify coverage and an active account, reseat the SIM, and unlock it with the correct PIN if SIM security is enabled. For Ethernet, check the cable and make sure the computer obtains its address automatically with DHCP rather than using a static address.","[""82ef2627-a58c-55ae-ab74-3f865a33e979""]","[""82ef2627-a58c-55ae-ab74-3f865a33e979""]",auto_validated
Q-019,Q-019,398c0bb9-3253-4629-a5ed-18f51d9fb36b:OUTLINE:540f7aed0e05d214,398c0bb9-3253-4629-a5ed-18f51d9fb36b,netgear-lm1200.pdf,LM1200,Alerts and Troubleshooting > Troubleshoot the Mobile Broadband Internet Connection > Obtain an Internet IP Address From Your Service Provider,troubleshooting_diagnostics,en,"Why does the LM1200 show that it has no internet address, and what can I do?","It means the modem did not obtain an Internet IP address from the provider. Check that an APN profile exists, power-cycle the modem, and contact the mobile provider if an address still cannot be obtained.","[""6f442d4b-b8ba-5fe7-b4e9-9e90463dc194""]","[""6f442d4b-b8ba-5fe7-b4e9-9e90463dc194""]",auto_validated
Q-020,Q-020,d363d52d-99b4-4258-9e83-eca4fbdf4722:OUTLINE:d0ee27b3b2631033,d363d52d-99b4-4258-9e83-eca4fbdf4722,netgear-r6350.pdf,R6350,Specify Your Internet Settings > Manually set up the Internet connection > Specify an Internet connection that uses a login and PPPoE service,troubleshooting_diagnostics,en,How do I set up an R6350 internet connection that needs a provider username and password?,"Open routerlogin.net, select Internet, choose Yes for a login and PPPoE as the encapsulation, enter the ISP login and password, provide a service name if required, select the connection mode, IP and DNS options, choose the MAC address option, click Apply, and then Test the connection.","[""1190a45f-877b-5cd2-a8d9-5ab1c390c374""]","[""1190a45f-877b-5cd2-a8d9-5ab1c390c374""]",auto_validated
Q-021,Q-021,d363d52d-99b4-4258-9e83-eca4fbdf4722:OUTLINE:d330686b16c734af,d363d52d-99b4-4258-9e83-eca4fbdf4722,netgear-r6350.pdf,R6350,Specify Your Internet Settings > Specify IPv6 Internet connections > Set up an IPv6 6to4 tunnel Internet connection,troubleshooting_diagnostics,en,What needs to be ready before I use the R6350 with an IPv6 tunnel?,"The IPv4 Internet connection must work first. In ADVANCED > Advanced Setup > IPv6 choose 6to4 Tunnel, then use an automatically selected relay or enter the static IPv4 address supplied by the IPv6 provider; finish the DNS and address-assignment settings and apply them.","[""ad49e55f-a53b-5c41-8bf1-a36c022c9b3b""]","[""ad49e55f-a53b-5c41-8bf1-a36c022c9b3b""]",auto_validated
Q-022,Q-022,d363d52d-99b4-4258-9e83-eca4fbdf4722:OUTLINE:fac12b6c6fd62dc2,d363d52d-99b4-4258-9e83-eca4fbdf4722,netgear-r6350.pdf,R6350,Specify Your Internet Settings > Manage the MTU size > Change the MTU size,troubleshooting_diagnostics,en,Could changing the R6350 connection-size setting stop some websites from opening?,"An incorrect MTU can prevent access to websites, secure login pages, or FTP/POP servers, so change it only when necessary. In WAN Setup enter 64–1500; typical values are 1500 for Ethernet, 1492 for PPPoE, and 1436 for PPTP.","[""d4e1d4fc-7655-51fc-8d81-af75a4b11734""]","[""d4e1d4fc-7655-51fc-8d81-af75a4b11734""]",auto_validated
Q-023,Q-023,d363d52d-99b4-4258-9e83-eca4fbdf4722:OUTLINE:f870b0410fe0711a,d363d52d-99b4-4258-9e83-eca4fbdf4722,netgear-r6350.pdf,R6350,Optimize Performance > Manage Default and Custom QoS Rules > Remove a QoS Rule,troubleshooting_diagnostics,en,How do I remove a speed-priority rule on the R6350?,"Sign in at routerlogin.net, select ADVANCED > Setup > QoS Setup, select the service, application, or device in the QoS table, click Delete, and click Apply.","[""31b5dd16-326a-5e79-817f-c2585e0248a2""]","[""31b5dd16-326a-5e79-817f-c2585e0248a2""]",auto_validated
Q-024,Q-024,d363d52d-99b4-4258-9e83-eca4fbdf4722:OUTLINE:8ea5c049a8abf47b,d363d52d-99b4-4258-9e83-eca4fbdf4722,netgear-r6350.pdf,R6350,Share USB Storage Devices Attached to the Router > Manage Access to a Storage Device,setup_configuration,en,What can I do with a USB drive connected to the R6350?,"In ReadySHARE you can set the device and workgroup names and enable or disable Network Connection, HTTP, HTTPS via the Internet, FTP, and FTP via the Internet. Each method has documented default ports and password-protection options.","[""0528f0b9-15e5-5482-9a68-0f02d2d61d68""]","[""0528f0b9-15e5-5482-9a68-0f02d2d61d68""]",auto_validated
Q-025,Q-025,d363d52d-99b4-4258-9e83-eca4fbdf4722:OUTLINE:902cbde304aea84b,d363d52d-99b4-4258-9e83-eca4fbdf4722,netgear-r6350.pdf,R6350,Share USB Storage Devices Attached to the Router > Edit a network folder on a USB storage device,setup_configuration,en,How do I change a folder that I share from a USB drive?,"Open ADVANCED > USB Storage > ReadySHARE, select the USB device under Available Network Folders, click Edit, change the fields, and click Apply.","[""12d6aaad-d982-5f95-8b7d-63ba7706aba5""]","[""12d6aaad-d982-5f95-8b7d-63ba7706aba5""]",auto_validated
Q-026,Q-026,d363d52d-99b4-4258-9e83-eca4fbdf4722:OUTLINE:c27c0cf701a42141,d363d52d-99b4-4258-9e83-eca4fbdf4722,netgear-r6350.pdf,R6350,Manage the WAN and LAN Network Settings > Manage VPN Pass-Through,facts_specifications,en,What does VPN pass-through do on the R6350?,"It lets a LAN computer receive Internet VPN traffic over IPSec, PPTP, or L2TP. It is enabled by default; disabling a protocol blocks its VPN pass-through traffic.","[""3fbed70d-f242-5a78-90cc-f0f2674fe5f7""]","[""3fbed70d-f242-5a78-90cc-f0f2674fe5f7""]",auto_validated
Q-027,Q-027,d363d52d-99b4-4258-9e83-eca4fbdf4722:OUTLINE:5283c300a58533cf,d363d52d-99b4-4258-9e83-eca4fbdf4722,netgear-r6350.pdf,R6350,Manage the WAN and LAN Network Settings > Set Up a Bridge for a Port Group or VLAN Tag Group > Set Up a Bridge for a Port Group,setup_configuration,en,Why might my TV device need a special bridge setting on the R6350?,An ISP may require the bridge when an IPTV device is connected. The bridge prevents packets between the IPTV device and the Internet port from being processed by the router’s NAT service.,"[""92de127d-5c3f-5d2a-a801-234fc3e5b014""]","[""92de127d-5c3f-5d2a-a801-234fc3e5b014""]",auto_validated
Q-028,Q-028,d363d52d-99b4-4258-9e83-eca4fbdf4722:OUTLINE:759d64cd684a03d3,d363d52d-99b4-4258-9e83-eca4fbdf4722,netgear-r6350.pdf,R6350,Manage Your Router > Update the router firmware > Check for new firmware and update the router,troubleshooting_diagnostics,en,How do I safely check for and install updates on the R6350?,"Use an Ethernet-connected computer, sign in at routerlogin.net, open ADVANCED > Administration > Firmware Update, click Check, download and install an available update, and follow the confirmation. The wired connection is recommended during the update.","[""2a3ade55-f893-5d78-8ead-3ff6b3d197c7""]","[""2a3ade55-f893-5d78-8ead-3ff6b3d197c7""]",auto_validated
Q-029,Q-029,d363d52d-99b4-4258-9e83-eca4fbdf4722:OUTLINE:c406dcd0d505ed73,d363d52d-99b4-4258-9e83-eca4fbdf4722,netgear-r6350.pdf,R6350,Manage Your Router > Disable or Enable LED Blinking or Turn Off LEDs,features_security_maintenance_limitations,en,Can I change how the lights blink on the R6350?,"LED Control Settings can keep normal blinking when traffic is detected, disable traffic blinking, or turn off every LED except the Power LED. The setting is changed under ADVANCED > Advanced Setup > LED Control Settings.","[""5a7fc3bd-5bd0-57b2-944d-5a981598dcf7""]","[""5a7fc3bd-5bd0-57b2-944d-5a981598dcf7""]",auto_validated
Q-030,Q-030,d363d52d-99b4-4258-9e83-eca4fbdf4722:OUTLINE:aaa110d73c5ebaf9,d363d52d-99b4-4258-9e83-eca4fbdf4722,netgear-r6350.pdf,R6350,Use VPN to Access Your Network > Install OpenVPN software > Install OpenVPN Software on an Android Device,setup_configuration,en,How can I use the R6350 VPN service on an Android phone?,"Enable VPN Service in ADVANCED > Advanced Setup > VPN Service, download the smartphone configuration files, install OpenVPN Connect from Google Play, unzip the files on a computer, and send or copy them to the Android device for import.","[""006d8e6b-77f6-54fa-826b-6d417979808f""]","[""006d8e6b-77f6-54fa-826b-6d417979808f""]",auto_validated
Q-031,Q-031,d363d52d-99b4-4258-9e83-eca4fbdf4722:OUTLINE:6ca762548278f56e,d363d52d-99b4-4258-9e83-eca4fbdf4722,netgear-r6350.pdf,R6350,Troubleshooting > Troubleshoot Internet browsing,troubleshooting_diagnostics,en,"The R6350 says it is connected, but websites will not open. What should I check?","The traffic-meter limit may be blocking access, the computer may lack DNS addresses, or the router may not be the default gateway. Check the traffic-meter setting, restart or configure DNS on the computer, and verify the router address is its gateway.","[""818e0932-f3ff-5602-b5b9-5f1d94d353ed""]","[""818e0932-f3ff-5602-b5b9-5f1d94d353ed""]",auto_validated
Q-032,Q-032,8a56b2bf-5d68-4806-abb7-de39894bb404:OUTLINE:0cc5c443004437fd,8a56b2bf-5d68-4806-abb7-de39894bb404,netgear-r7000.pdf,R7000,Connect to the Network and Access the Router > Connect to the Network > Wired Connection,facts_specifications,en,What happens when I plug a computer into the R7000 with a network cable?,"With the router powered, connect an Ethernet cable from the computer to a router Ethernet port. The computer then joins the router’s local area network.","[""cf6a9c70-f40a-521b-8ee5-c0a7ff8c1279""]","[""cf6a9c70-f40a-521b-8ee5-c0a7ff8c1279""]",auto_validated
Q-033,Q-033,8a56b2bf-5d68-4806-abb7-de39894bb404:OUTLINE:615f1a78bd39eb84,8a56b2bf-5d68-4806-abb7-de39894bb404,netgear-r7000.pdf,R7000,Specify Your Internet Settings > Use the Internet Setup Wizard,setup_configuration,en,How can I let the R7000 set up my internet connection automatically?,"Sign in at routerlogin.net, choose ADVANCED > Setup Wizard, select Yes, and click Next. The wizard searches for servers and protocols to determine the Internet configuration.","[""9213a4bb-497e-56d3-be43-8791bb53a54e""]","[""9213a4bb-497e-56d3-be43-8791bb53a54e""]",auto_validated
Q-034,Q-034,8a56b2bf-5d68-4806-abb7-de39894bb404:OUTLINE:f4bd6a547d16c31d,8a56b2bf-5d68-4806-abb7-de39894bb404,netgear-r7000.pdf,R7000,Optimize Performance > Optimize Internet Streaming With Dynamic QoS > Enable Advanced QoS and Manually Set Up QoS Rules > Add a QoS Rule by LAN pot,setup_configuration,en,How can I give one device or cable connection priority when the network is busy?,"Open QoS, enable QoS and Advanced QoS, choose QoS by LAN Port, name the policy, select the Ethernet LAN port and a device priority, click Add, and then Apply.","[""8aecb252-6293-553d-8e28-ef7b756f0c82""]","[""8aecb252-6293-553d-8e28-ef7b756f0c82""]",auto_validated
Q-035,Q-035,8a56b2bf-5d68-4806-abb7-de39894bb404:OUTLINE:08da0d3cf6f7d113,8a56b2bf-5d68-4806-abb7-de39894bb404,netgear-r7000.pdf,R7000,Optimize Performance > Improve Network Connections With Universal Plug-N-Play,facts_specifications,en,What does UPnP do for devices and games on the R7000?,"Universal Plug-and-Play lets network devices discover services from registered UPnP devices and configure connections automatically. It is useful for multiplayer games, peer-to-peer connections, and real-time communications.","[""54a5ae0e-dabe-533f-8906-cd65b27661ec""]","[""54a5ae0e-dabe-533f-8906-cd65b27661ec""]",auto_validated
Q-036,Q-036,8a56b2bf-5d68-4806-abb7-de39894bb404:OUTLINE:2b84714e210fd033,8a56b2bf-5d68-4806-abb7-de39894bb404,netgear-r7000.pdf,R7000,Manage Your Router > Check the Internet Connection Status,facts_specifications,en,Where can I see the R7000's current internet connection details?,"The window shows the router IP address, subnet mask, default gateway, DHCP server, DNS server, and other Internet-port status values listed by the manual.","[""537310b8-39d1-57ca-81f0-ddddc2ad9916""]","[""537310b8-39d1-57ca-81f0-ddddc2ad9916""]",auto_validated
Q-037,Q-037,8a56b2bf-5d68-4806-abb7-de39894bb404:OUTLINE:42bc10659811af2c,8a56b2bf-5d68-4806-abb7-de39894bb404,netgear-r7000.pdf,R7000,Manage Your Router > Remote Access > Set Up Remote Management,features_security_maintenance_limitations,en,How can I reach the R7000 from outside my home while limiting who can connect?,"Under ADVANCED > Advanced Setup > Remote Management, turn it on and restrict Allow Remote Access By to only the necessary external IP address or range. The manual recommends allowing as few addresses as practical.","[""79d677ad-2fef-50d3-92dd-c07a6df0f14e""]","[""79d677ad-2fef-50d3-92dd-c07a6df0f14e""]",auto_validated
Q-038,Q-038,8a56b2bf-5d68-4806-abb7-de39894bb404:OUTLINE:f79ea7be006eeae3,8a56b2bf-5d68-4806-abb7-de39894bb404,netgear-r7000.pdf,R7000,Manage Your Router > Change the NTP Server,setup_configuration,en,How can I change the time service used by the R7000?,"Open ADVANCED > Administration > NTP Settings, select Set your preferred NTP server, enter the primary server domain or IP address, and click Apply.","[""d4980606-c8d1-5aca-adbe-96e35254c9e1""]","[""d4980606-c8d1-5aca-adbe-96e35254c9e1""]",auto_validated
Q-039,Q-039,8a56b2bf-5d68-4806-abb7-de39894bb404:OUTLINE:6cca2b13d46fd9ff,8a56b2bf-5d68-4806-abb7-de39894bb404,netgear-r7000.pdf,R7000,Use Dynamic DNS to Access USB Storage Devices Through the Internet > Access USB Storage Devices Through the Internet,features_security_maintenance_limitations,en,How can I reach files on a USB drive connected to the R7000 while away from home?,"From a remote computer, connect using the router’s Dynamic DNS name or its Internet-port IP address. Dynamic DNS requires account information on the Dynamic DNS page; FTP can then be used to share files.","[""af255485-98d7-59f8-94db-806fd6280e64""]","[""af255485-98d7-59f8-94db-806fd6280e64""]",auto_validated
Q-040,Q-040,8a56b2bf-5d68-4806-abb7-de39894bb404:OUTLINE:0fc676a3a4479418,8a56b2bf-5d68-4806-abb7-de39894bb404,netgear-r7000.pdf,R7000,Use Dynamic DNS to Access USB Storage Devices Through the Internet > Remotely Access a USB Device Using ReadyCLOUD > Create a ReadyCLOUD Account,setup_configuration,en,How do I create a ReadyCLOUD account for the R7000?,"Open a browser, visit the ReadyCLOUD address, click Sign In and then Create Account, complete the MyNETGEAR account fields, and click Create. The router can then be registered with that account.","[""89cf7641-ad76-514d-a38e-ff036b200250""]","[""89cf7641-ad76-514d-a38e-ff036b200250""]",auto_validated
Q-041,Q-041,8a56b2bf-5d68-4806-abb7-de39894bb404:OUTLINE:fdf9a6339ff3dcd8,8a56b2bf-5d68-4806-abb7-de39894bb404,netgear-r7000.pdf,R7000,Use VPN to Access Your Network > Install OpenVPN Software > Install OpenVPN Software on an iOS Device,setup_configuration,en,How can I use the R7000 VPN service on an iPhone or iPad?,"Enable VPN Service, download the smartphone configuration files from the router, install OpenVPN Connect from the Apple App Store, unzip the files on a computer, and send them to the iOS device for import.","[""0cff8f5c-96b8-5d33-9c11-37f93f8300fb""]","[""0cff8f5c-96b8-5d33-9c11-37f93f8300fb""]",auto_validated
Q-042,Q-042,8a56b2bf-5d68-4806-abb7-de39894bb404:OUTLINE:59222463e26d1879,8a56b2bf-5d68-4806-abb7-de39894bb404,netgear-r7000.pdf,R7000,Troubleshooting > Quick Tips > Sequence to Restart Your Network,troubleshooting_diagnostics,en,What is the correct order for restarting my modem and R7000?,"Turn off and unplug the modem, turn off the router, plug in and power on the modem and wait two minutes, then turn on the router and wait another two minutes.","[""f2289449-f54e-5af6-8243-762118ef305b""]","[""f2289449-f54e-5af6-8243-762118ef305b""]",auto_validated
Q-043,Q-043,8a56b2bf-5d68-4806-abb7-de39894bb404:OUTLINE:2be192fda8a4722e,8a56b2bf-5d68-4806-abb7-de39894bb404,netgear-r7000.pdf,R7000,Troubleshooting > Troubleshoot WiFi Connectivity,troubleshooting_diagnostics,en,My R7000 Wi-Fi is weak or missing. What should I check?,"Check the WiFi LED and radio button, whether SSID broadcast hides the network, and whether the device supports the selected WPA/WPA2/WPA3 security. For weak signal, use Ethernet to inspect settings and place the device near—but at least six feet from—the router, away from obstructions.","[""65aa662f-9473-5c74-b996-74e7f545f09c""]","[""65aa662f-9473-5c74-b996-74e7f545f09c""]",auto_validated
Q-044,Q-044,d69381d0-06ed-49bf-9fe1-6050d9374432:OUTLINE:89ac3ac6d4a7bbea,d69381d0-06ed-49bf-9fe1-6050d9374432,netgear-rax120.pdf,RAX120,Hardware Setup > Unpack your router,facts_specifications,en,What should be included in the RAX120 box?,"The package contains the router, its power adapter, and an Ethernet cable.","[""89d399fa-1c1b-5d37-b35a-194ce673ec69""]","[""89d399fa-1c1b-5d37-b35a-194ce673ec69""]",auto_validated
Q-045,Q-045,d69381d0-06ed-49bf-9fe1-6050d9374432:OUTLINE:4bdaaa28252d41a2,d69381d0-06ed-49bf-9fe1-6050d9374432,netgear-rax120.pdf,RAX120,Connect to the network and access the router > Types of logins,facts_specifications,en,"Which password is for my internet, Wi-Fi, NETGEAR account, and router settings?",The ISP login accesses the Internet service; the WiFi key accesses the wireless network; the NETGEAR account registers the router and manages subscriptions; and the router login password opens the router administration pages.,"[""6af6a140-458c-5188-b116-2f8430c69437""]","[""6af6a140-458c-5188-b116-2f8430c69437""]",auto_validated
Q-046,Q-046,d69381d0-06ed-49bf-9fe1-6050d9374432:OUTLINE:7dcc6744e0e7954c,d69381d0-06ed-49bf-9fe1-6050d9374432,netgear-rax120.pdf,RAX120,Specify Your Internet Settings > Specify IPv6 Internet connections > Set up an IPv6 pass-through Internet connection,setup_configuration,en,What does IPv6 pass-through do on the RAX120?,"In ADVANCED > Advanced Setup > IPv6, select Pass Through and click Apply. The router then acts as a Layer 2 Ethernet switch for IPv6 packets and does not process their IPv6 headers.","[""f02b327f-e424-5fbd-884a-afa982cfba97""]","[""f02b327f-e424-5fbd-884a-afa982cfba97""]",auto_validated
Q-047,Q-047,d69381d0-06ed-49bf-9fe1-6050d9374432:OUTLINE:b393aec4e5f20ee4,d69381d0-06ed-49bf-9fe1-6050d9374432,netgear-rax120.pdf,RAX120,Manage Network Settings > View or change the WAN settings,facts_specifications,en,Which internet-side settings on the RAX120 need extra care?,"WAN Setup includes DoS/port-scan protection, a default DMZ server, WAN ping response, IGMP proxying, MTU, NAT filtering, and SIP ALG. A DMZ weakens firewall security, WAN ping should be enabled only for a diagnostic reason, and MTU should be changed only when necessary.","[""304579c0-2505-541b-9272-41a33abdc404""]","[""304579c0-2505-541b-9272-41a33abdc404""]",auto_validated
Q-048,Q-048,d69381d0-06ed-49bf-9fe1-6050d9374432:OUTLINE:43ec202019e41936,d69381d0-06ed-49bf-9fe1-6050d9374432,netgear-rax120.pdf,RAX120,Manage Network Settings > Manage reserved LAN IP addresses > Reserve an IP address,setup_configuration,en,How can I make a device keep the same local network address on the RAX120?,"Open ADVANCED > Setup > LAN Setup, click Add under Address Reservation, enter an address from the LAN subnet and the device MAC address, and click Apply. The reservation takes effect when the device next contacts DHCP; reboot or renew its lease to force that.","[""ebd82415-b17d-5082-8472-3811a168faaf""]","[""ebd82415-b17d-5082-8472-3811a168faaf""]",auto_validated
Q-049,Q-049,d69381d0-06ed-49bf-9fe1-6050d9374432:OUTLINE:8d66e90b801f07f3,d69381d0-06ed-49bf-9fe1-6050d9374432,netgear-rax120.pdf,RAX120,Manage Network Settings > Change the WiFi password or the WiFi security,features_security_maintenance_limitations,en,What is the difference between the RAX120 Wi-Fi password and administrator password?,"The WiFi password is separate from the router admin password. The router supports WPA2-Personal, mixed WPA/WPA2, WPA/WPA2 Enterprise with a RADIUS server, and WPA3-Personal; an 8–63-character network key is required for the personal modes, and open security is discouraged.","[""0f01b620-ac86-5a3e-bacb-6893a15e210e""]","[""0f01b620-ac86-5a3e-bacb-6893a15e210e""]",auto_validated
Q-050,Q-050,d69381d0-06ed-49bf-9fe1-6050d9374432:OUTLINE:30e6bc1f5ecbb7b4,d69381d0-06ed-49bf-9fe1-6050d9374432,netgear-rax120.pdf,RAX120,Share USB Storage Devices Attached to the Router > Connect a USB storage device to the router,facts_specifications,en,What should I know before plugging a USB drive into the RAX120?,"Insert the storage device into a router USB port and connect its own power supply when it has one. A device can take up to two minutes to become shareable, special-driver devices are incompatible, and the default is access for all computers on the LAN.","[""bb9735df-2bc3-50f1-9fb8-2235613d714e""]","[""bb9735df-2bc3-50f1-9fb8-2235613d714e""]",auto_validated
Q-051,Q-051,d69381d0-06ed-49bf-9fe1-6050d9374432:OUTLINE:7e8558c76cede228,d69381d0-06ed-49bf-9fe1-6050d9374432,netgear-rax120.pdf,RAX120,Share USB Storage Devices Attached to the Router > Add a network folder on a USB storage device,setup_configuration,en,How do I share a folder from a USB drive on the RAX120?,"Open ADVANCED > ReadySHARE > Advanced Settings, choose the USB device, select Create Network Folder, set the share name and read/write access, then Apply and Close Window.","[""9d1e53fd-0a2d-51bd-bb64-2521b239e8f3""]","[""9d1e53fd-0a2d-51bd-bb64-2521b239e8f3""]",auto_validated
Q-052,Q-052,d69381d0-06ed-49bf-9fe1-6050d9374432:OUTLINE:6bfd2d1ed7baea6f,d69381d0-06ed-49bf-9fe1-6050d9374432,netgear-rax120.pdf,RAX120,Use Dynamic DNS to Access USB Storage Devices Through the Internet > Set up and manage Dynamic DNS > Change the Dynamic DNS settings,features_security_maintenance_limitations,en,How can I change the RAX120 Dynamic DNS account settings?,"Sign in at routerlogin.net, open ADVANCED > Advanced Setup > Dynamic DNS, change the account settings, and click Apply.","[""d7d2bc93-72bb-53d6-945c-0708fde2888b""]","[""d7d2bc93-72bb-53d6-945c-0708fde2888b""]",auto_validated
Q-053,Q-053,d69381d0-06ed-49bf-9fe1-6050d9374432:OUTLINE:0d5b6e0a7ba7bfe2,d69381d0-06ed-49bf-9fe1-6050d9374432,netgear-rax120.pdf,RAX120,Manage port forwarding and port triggering > Manage port forwarding to a local server > How the router implements the port forwarding rule,facts_specifications,en,"When someone opens a website, how does the RAX120 send the request to the right device?","The router matches the port-forwarding rule, sends the request to the local server, and applies NAT when the reply goes back to the internet.","[""cf516841-9648-5ad0-aaaa-b65b9c5d85aa""]","[""cf516841-9648-5ad0-aaaa-b65b9c5d85aa""]",auto_validated
Q-054,Q-054,d69381d0-06ed-49bf-9fe1-6050d9374432:OUTLINE:392ff4fbd7ee9772,d69381d0-06ed-49bf-9fe1-6050d9374432,netgear-rax120.pdf,RAX120,Troubleshooting > Troubleshoot WiFi connectivity,troubleshooting_diagnostics,en,My device cannot join RAX120 Wi-Fi. What should I check?,"Check the Wi-Fi light and button, whether the network name is hidden, whether the device supports the selected security, and whether distance or obstacles weaken the signal.","[""48b55cf6-5b08-527e-bd26-f4183bca41e2""]","[""48b55cf6-5b08-527e-bd26-f4183bca41e2""]",auto_validated
Q-055,Q-055,d69381d0-06ed-49bf-9fe1-6050d9374432:OUTLINE:41c9cb735a542932,d69381d0-06ed-49bf-9fe1-6050d9374432,netgear-rax120.pdf,RAX120,Supplemental Information > Factory settings,facts_specifications,en,What changes after I return the RAX120 to its original factory settings?,"A factory reset removes user settings, restores the default LAN and Wi-Fi values, and restarts the router. Do not interrupt the process.","[""7059c14f-c840-5863-9050-2518f69aa8d5""]","[""7059c14f-c840-5863-9050-2518f69aa8d5""]",auto_validated
Q-056,Q-056,e65eaa31-8579-448d-a22c-88a8fde64409:OUTLINE:79aeb7edd70d3319,e65eaa31-8579-448d-a22c-88a8fde64409,netgear-rax50.pdf,RAX50,Hardware Setup > Position your router,troubleshooting_diagnostics,en,Why might moving the RAX50 change the Wi-Fi range?,"Walls, metal, glass, mirrors, appliances, nearby access points, and a low or poorly placed router can reduce Wi-Fi range.","[""f42f57b0-65cd-5982-935c-289c54636287""]","[""f42f57b0-65cd-5982-935c-289c54636287""]",auto_validated
Q-057,Q-057,e65eaa31-8579-448d-a22c-88a8fde64409:OUTLINE:41ba92c1cd759ea9,e65eaa31-8579-448d-a22c-88a8fde64409,netgear-rax50.pdf,RAX50,Connect to the Network and Access the Router > Connect to the router network > Connect to the router WiFi network,setup_configuration,en,How do I connect a phone or computer to RAX50 Wi-Fi?,"Turn on the router, open Wi-Fi settings on the phone or computer, choose the SSID printed on the router label, and enter its network key.","[""e00425b6-15d6-5234-b2e5-d0f194e4e777""]","[""e00425b6-15d6-5234-b2e5-d0f194e4e777""]",auto_validated
Q-058,Q-058,e65eaa31-8579-448d-a22c-88a8fde64409:OUTLINE:5c59851a56345ebf,e65eaa31-8579-448d-a22c-88a8fde64409,netgear-rax50.pdf,RAX50,Specify Your Internet Settings > Specify IPv6 Internet connections > Use auto config for an IPv6 Internet connection,facts_specifications,en,How does the RAX50 set up IPv6 automatically?,"Choose Auto Config under IPv6. The router detects the WAN/LAN addresses, after which you can set provider, DNS, address, and filtering options.","[""e87e22a2-a89c-58a7-9ff2-ff82463e19a7""]","[""e87e22a2-a89c-58a7-9ff2-ff82463e19a7""]",auto_validated
Q-059,Q-059,e65eaa31-8579-448d-a22c-88a8fde64409:OUTLINE:121e62ef30e6e2d8,e65eaa31-8579-448d-a22c-88a8fde64409,netgear-rax50.pdf,RAX50,Control Access to the Internet > Network access control list > Manage allowed devices currently not on the network,troubleshooting_diagnostics,en,How can I allow or block a device on the RAX50?,"In Security > Access Control, add a device by its MAC address, remove it, or edit it to allow or block access, then Apply.","[""03914fcb-62c9-5345-8ab2-2475379fe1be""]","[""03914fcb-62c9-5345-8ab2-2475379fe1be""]",auto_validated
Q-060,Q-060,e65eaa31-8579-448d-a22c-88a8fde64409:OUTLINE:f362300bbbc0324c,e65eaa31-8579-448d-a22c-88a8fde64409,netgear-rax50.pdf,RAX50,Optimize Performance > Use Dynamic QoS to optimize Internet traffic management > Enable Dynamic QoS,features_security_maintenance_limitations,en,How can I make the RAX50 share internet fairly when some devices use a lot?,"Enable QoS and let Speedtest detect the bandwidth, or enter download and upload speeds yourself, then Apply.","[""d2849132-6a3d-520c-8f2c-bd5e904e522d""]","[""d2849132-6a3d-520c-8f2c-bd5e904e522d""]",auto_validated
Q-061,Q-061,e65eaa31-8579-448d-a22c-88a8fde64409:OUTLINE:41d86e3c0982faa9,e65eaa31-8579-448d-a22c-88a8fde64409,netgear-rax50.pdf,RAX50,Optimize Performance > Use Dynamic QoS to optimize Internet traffic management > Manually update the dynamic QoS database,troubleshooting_diagnostics,en,How do I update the RAX50 information used to control traffic?,"Open the QoS page, keep Dynamic QoS enabled if needed, choose Update Now, and Apply after the update finishes.","[""93ffa849-c75e-5120-be9a-d99bb0eed70b""]","[""93ffa849-c75e-5120-be9a-d99bb0eed70b""]",auto_validated
Q-062,Q-062,e65eaa31-8579-448d-a22c-88a8fde64409:OUTLINE:5ae513b79530a608,e65eaa31-8579-448d-a22c-88a8fde64409,netgear-rax50.pdf,RAX50,Manage Your Router > Manage the router configuration file > Erase the settings,troubleshooting_diagnostics,en,What happens if I erase the RAX50 settings?,"Erase removes user settings, restores factory defaults, and restarts the router in about two minutes. Do not close the browser or turn it off.","[""03a4fccb-bb0c-56ec-b67b-eee79c190813""]","[""03a4fccb-bb0c-56ec-b67b-eee79c190813""]",auto_validated
Q-063,Q-063,e65eaa31-8579-448d-a22c-88a8fde64409:OUTLINE:8b9e84b41a8e2327,e65eaa31-8579-448d-a22c-88a8fde64409,netgear-rax50.pdf,RAX50,Use OpenVPN to Access Your Network > About VPN connections,facts_specifications,en,"What can the RAX50 VPN service do, and what can it not do?",OpenVPN creates an encrypted tunnel so a laptop can reach the home network from outside. The router is not a VPN client for encrypting all home-to-internet traffic.,"[""a13c3553-78f9-5ede-9cd9-390daad977b6""]","[""a13c3553-78f9-5ede-9cd9-390daad977b6""]",auto_validated
Q-064,Q-064,e65eaa31-8579-448d-a22c-88a8fde64409:OUTLINE:4961dff6fcaa17d5,e65eaa31-8579-448d-a22c-88a8fde64409,netgear-rax50.pdf,RAX50,Use OpenVPN to Access Your Network > Use VPN to access your Internet service at home > Block VPN client Internet access in the router,features_security_maintenance_limitations,en,How do I let RAX50 VPN users reach only my home network?,"Enable VPN Service, choose Home Network only for client access, and Apply. This prevents VPN users from using the home internet connection.","[""01143d51-a727-543c-b607-948530c2902c""]","[""01143d51-a727-543c-b607-948530c2902c""]",auto_validated
Q-065,Q-065,e65eaa31-8579-448d-a22c-88a8fde64409:OUTLINE:4c371fdde86b5510,e65eaa31-8579-448d-a22c-88a8fde64409,netgear-rax50.pdf,RAX50,Manage Port Forwarding and Port Triggering > Manage port forwarding to a local server > Delete a port forwarding entry,troubleshooting_diagnostics,en,How do I remove an old connection rule on the RAX50?,"Open Port Forwarding/Port Triggering, select the old service in the table, and choose Delete Service.","[""af31b6ec-73a8-5529-8fa5-da1f467d1bef""]","[""af31b6ec-73a8-5529-8fa5-da1f467d1bef""]",auto_validated
Q-066,Q-066,e65eaa31-8579-448d-a22c-88a8fde64409:OUTLINE:3d0101989fca1bb6,e65eaa31-8579-448d-a22c-88a8fde64409,netgear-rax50.pdf,RAX50,Troubleshooting > Troubleshoot your network using the ping utility > Test the path from a Windows-based computer to a remote device,troubleshooting_diagnostics,en,How can I test whether the RAX50 can reach another address?,"From Windows Run, send several ping requests to the remote address. If there is no reply, check the gateway, network address, modem, ISP host name, and MAC settings.","[""d6a2438e-ce2e-5744-b23d-64355bb7f3b2""]","[""d6a2438e-ce2e-5744-b23d-64355bb7f3b2""]",auto_validated
Q-067,Q-067,57d18421-8c71-47bc-992e-0d0dfdcdbbea:OUTLINE:51a6513bbc2a11e3,57d18421-8c71-47bc-992e-0d0dfdcdbbea,netgear-raxe500.pdf,RAXE500,Connect to the network and access the router > Connect to the network > Find and connect to the WiFi network,setup_configuration,en,How do I find and join my RAXE500 Wi-Fi?,"Turn on the router, open Wi-Fi settings, select the SSID printed on its label, and enter the password printed there.","[""a3662689-f8b9-5c28-8c0a-b2185487bec9""]","[""a3662689-f8b9-5c28-8c0a-b2185487bec9""]",auto_validated
Q-068,Q-068,57d18421-8c71-47bc-992e-0d0dfdcdbbea:OUTLINE:f3161081da6e6415,57d18421-8c71-47bc-992e-0d0dfdcdbbea,netgear-raxe500.pdf,RAXE500,Connect to the network and access the router > Use a web browser to access the router > Automatic Internet Setup,troubleshooting_diagnostics,en,The RAXE500 setup page does not appear or automatic setup fails. What should I try?,"Check the LAN/Wi-Fi connection and Power LED, reopen the browser or clear its cache, and make sure the computer obtains an address automatically.","[""feb09c00-0fd2-5b2c-ae97-969bd349df0e""]","[""feb09c00-0fd2-5b2c-ae97-969bd349df0e""]",auto_validated
Q-069,Q-069,57d18421-8c71-47bc-992e-0d0dfdcdbbea:OUTLINE:88cdae4e848e09b9,57d18421-8c71-47bc-992e-0d0dfdcdbbea,netgear-raxe500.pdf,RAXE500,Specify Your Internet Settings > Manage the MTU size > MTU concepts,facts_specifications,en,What does the RAXE500 connection-size setting affect?,"A smaller maximum packet size can cause fragmentation. Common values depend on the connection, so keep the default unless support says to change it.","[""eae4f314-abe4-5229-ac3e-d9cc4c571b27""]","[""eae4f314-abe4-5229-ac3e-d9cc4c571b27""]",auto_validated
Q-070,Q-070,57d18421-8c71-47bc-992e-0d0dfdcdbbea:OUTLINE:bbfec0ebd44bf9d9,57d18421-8c71-47bc-992e-0d0dfdcdbbea,netgear-raxe500.pdf,RAXE500,Manage Network Settings > Disable the DHCP server feature in the router,setup_configuration,en,How can I safely turn off the RAXE500 service that automatically gives devices addresses?,"In LAN Setup, clear Use Router as DHCP Server and Apply only after confirming that another DHCP server exists or that you can set a computer address manually.","[""8dba79ed-9bf8-5cb2-833b-a493317e765e""]","[""8dba79ed-9bf8-5cb2-833b-a493317e765e""]",auto_validated
Q-071,Q-071,57d18421-8c71-47bc-992e-0d0dfdcdbbea:OUTLINE:9738f3c7fd6b99bc,57d18421-8c71-47bc-992e-0d0dfdcdbbea,netgear-raxe500.pdf,RAXE500,Manage Network Settings > Enable or disable 20/40 MHz coexistence for the 2.4 GHz radio,features_security_maintenance_limitations,en,"Can the RAXE500 reduce interference from nearby Wi-Fi, and what is the trade-off?","Coexistence can reduce interference by allowing narrower channels, but it may lower speed. The option affects 2.4 GHz, not 5 GHz.","[""33088b55-3bd9-50bd-8652-c3cd7fd2d88f""]","[""33088b55-3bd9-50bd-8652-c3cd7fd2d88f""]",auto_validated
Q-072,Q-072,57d18421-8c71-47bc-992e-0d0dfdcdbbea:OUTLINE:fbc9501ac3f3021b,57d18421-8c71-47bc-992e-0d0dfdcdbbea,netgear-raxe500.pdf,RAXE500,Manage Network Settings > Manage Ethernet Port Aggregation to a LAN Device > View or Change the Router Ethernet Port Aggregation Mode,facts_specifications,en,What are the choices for combining two RAXE500 network ports?,"Disable keeps the two ports separate, LACP combines them when supported, and Static is for equipment that specifically supports a static link aggregation group.","[""09ef238c-cabe-5ea4-9616-24e57ee8f002""]","[""09ef238c-cabe-5ea4-9616-24e57ee8f002""]",auto_validated
Q-073,Q-073,57d18421-8c71-47bc-992e-0d0dfdcdbbea:OUTLINE:b501c092002a51d8,57d18421-8c71-47bc-992e-0d0dfdcdbbea,netgear-raxe500.pdf,RAXE500,Manage Your Router > Monitor Internet traffic,facts_specifications,en,How can I set a data-use limit or warning on the RAXE500?,"Enable Traffic Meter, set a volume or time limit and warning, and choose whether the internet light blinks or the connection stops at the limit.","[""04f1b52b-9f18-591e-ac0a-b16ee4a34dad""]","[""04f1b52b-9f18-591e-ac0a-b16ee4a34dad""]",auto_validated
Q-074,Q-074,57d18421-8c71-47bc-992e-0d0dfdcdbbea:OUTLINE:536e38dc6e76c4f9,57d18421-8c71-47bc-992e-0d0dfdcdbbea,netgear-raxe500.pdf,RAXE500,Manage Your Router > Set your time zone,setup_configuration,en,How do I set the time zone and daylight-saving option on the RAXE500?,"Open NTP Settings, choose the time zone, enable daylight saving when needed, and Apply.","[""8533530e-9001-5a31-a453-6077909ff031""]","[""8533530e-9001-5a31-a453-6077909ff031""]",auto_validated
Q-075,Q-075,57d18421-8c71-47bc-992e-0d0dfdcdbbea:OUTLINE:7e8558c76cede228,57d18421-8c71-47bc-992e-0d0dfdcdbbea,netgear-raxe500.pdf,RAXE500,Share USB Storage Devices Attached to the Router > Add a network folder on a USB storage device,features_security_maintenance_limitations,en,How do I share a folder from a USB drive on the RAXE500?,"Choose the USB device in ReadySHARE Storage, create a network folder, and set read/write access. The default allows all LAN computers without a password.","[""b2cee766-ed4f-59bb-8d66-703a2aecba75""]","[""b2cee766-ed4f-59bb-8d66-703a2aecba75""]",auto_validated
Q-076,Q-076,57d18421-8c71-47bc-992e-0d0dfdcdbbea:OUTLINE:7bbe03a0d66739df,57d18421-8c71-47bc-992e-0d0dfdcdbbea,netgear-raxe500.pdf,RAXE500,Use VPN to Access Your Network > Use VPN to access your Internet service at home > Set up VPN client Internet access in the router,features_security_maintenance_limitations,en,How can a VPN user on the RAXE500 also use my home internet?,Enable VPN Service and choose All sites on the Internet & Home Network. Internet traffic through the home VPN may be slower than local access.,"[""0fc19ad4-a3f3-5128-a97a-000311ce8919""]","[""0fc19ad4-a3f3-5128-a97a-000311ce8919""]",auto_validated
Q-077,Q-077,57d18421-8c71-47bc-992e-0d0dfdcdbbea:OUTLINE:f67dde43cca3ccc5,57d18421-8c71-47bc-992e-0d0dfdcdbbea,netgear-raxe500.pdf,RAXE500,Troubleshooting > Quick tips > Sequence to restart your network,troubleshooting_diagnostics,en,What is the right order for restarting the RAXE500 network?,"Turn off and unplug the modem, turn off the router, start the modem and wait two minutes, then start the router and wait two more minutes.","[""494eba00-b9d1-5fec-898e-b212c6f28baf""]","[""494eba00-b9d1-5fec-898e-b212c6f28baf""]",auto_validated
Q-078,Q-078,4431ab7b-17f3-4bc6-8ee4-691efbcdfdeb:OUTLINE:0dde3e7827c5a595,4431ab7b-17f3-4bc6-8ee4-691efbcdfdeb,netgear-rbk852.pdf,RBK852,Overview > Sync your Orbi satellite with your Orbi router,facts_specifications,en,What do the satellite light colors mean on the RBK852?,"Blue means the satellite is well connected, amber means it should be closer, and magenta means it needs to be moved closer and synced again.","[""fd0ce992-9b7f-58e2-9140-f25a95a0b95b""]","[""fd0ce992-9b7f-58e2-9140-f25a95a0b95b""]",auto_validated
Q-079,Q-079,4431ab7b-17f3-4bc6-8ee4-691efbcdfdeb:OUTLINE:e0e51a7e3dee3e59,4431ab7b-17f3-4bc6-8ee4-691efbcdfdeb,netgear-rbk852.pdf,RBK852,Specify Your Internet Settings > Manage an IPv6 Internet connection > Specify IPv6 Internet connections,facts_specifications,en,How can I choose the right IPv6 connection type on the RBK852?,"Open IPv6 and choose Auto Detect when unsure. Other choices include Auto Config, DHCP, fixed, PPPoE, 6to4, 6rd, and pass-through.","[""bafbe93c-5d33-537b-82ee-2c89ca1550eb""]","[""bafbe93c-5d33-537b-82ee-2c89ca1550eb""]",auto_validated
Q-080,Q-080,4431ab7b-17f3-4bc6-8ee4-691efbcdfdeb:OUTLINE:1903b33777805e3f,4431ab7b-17f3-4bc6-8ee4-691efbcdfdeb,netgear-rbk852.pdf,RBK852,Specify Your Internet Settings > Manage an IPv6 Internet connection > Set up an IPv6 PPPoE Internet connection,setup_configuration,en,How do I set up an IPv6 connection that uses my provider login on the RBK852?,"Choose IPv6 PPPoE, enter the provider login and optional service name, set DNS/address options, and Apply. Always On reconnects after a drop.","[""acfcfc10-9010-5a5e-9f6c-e4bbbf310479""]","[""acfcfc10-9010-5a5e-9f6c-e4bbbf310479""]",auto_validated
Q-081,Q-081,4431ab7b-17f3-4bc6-8ee4-691efbcdfdeb:OUTLINE:2c0ec2920cd14051,4431ab7b-17f3-4bc6-8ee4-691efbcdfdeb,netgear-rbk852.pdf,RBK852,Control Access to the Internet > Set up security event email notifications,features_security_maintenance_limitations,en,How can the RBK852 email me about security events?,"Enable email notification, enter the email and SMTP details, choose immediate or scheduled alerts, and Apply. Missing email/SMTP values prevent notifications.","[""aee81160-3f45-597d-97ea-c7a1ad45d30a""]","[""aee81160-3f45-597d-97ea-c7a1ad45d30a""]",auto_validated
Q-082,Q-082,4431ab7b-17f3-4bc6-8ee4-691efbcdfdeb:OUTLINE:55fef29c1f4c52fd,4431ab7b-17f3-4bc6-8ee4-691efbcdfdeb,netgear-rbk852.pdf,RBK852,Specify Network Settings > Manage the WAN preference for Orbi router model RBR860 > Set up Internet port aggregation for Orbi router model RBR860,setup_configuration,en,What do I need to connect two links between the modem and RBR860?,The modem must support LACP. Enable WAN aggregation and connect the router's 10G and port 1 links to two modem ports.,"[""a6546993-1d1a-5eb2-b616-d7c4995490a6""]","[""a6546993-1d1a-5eb2-b616-d7c4995490a6""]",auto_validated
Q-083,Q-083,4431ab7b-17f3-4bc6-8ee4-691efbcdfdeb:OUTLINE:2a664108b43fe7f3,4431ab7b-17f3-4bc6-8ee4-691efbcdfdeb,netgear-rbk852.pdf,RBK852,Specify Network Settings > Manage custom static routes > Set up a static route,features_security_maintenance_limitations,en,How can I tell the RBK852 to send traffic to another local network?,"Add a static route with its destination network, mask, and gateway. The gateway must be on the same LAN segment; a single host uses a /32 mask.","[""83b0f8da-6afa-5070-9d44-c12b3b247e8b""]","[""83b0f8da-6afa-5070-9d44-c12b3b247e8b""]",auto_validated
Q-084,Q-084,4431ab7b-17f3-4bc6-8ee4-691efbcdfdeb:OUTLINE:3ca2cd659c51d159,4431ab7b-17f3-4bc6-8ee4-691efbcdfdeb,netgear-rbk852.pdf,RBK852,Mantain and Monitor Your Network > Check your Internet bandwidth,facts_specifications,en,How do I check my internet speed from the RBK852?,"Open orbilogin.com, choose Speedtest, and select Take a Speedtest to see download and upload speeds.","[""0121bbc3-46f8-588c-b9d6-e7e69974a9fe""]","[""0121bbc3-46f8-588c-b9d6-e7e69974a9fe""]",auto_validated
Q-085,Q-085,4431ab7b-17f3-4bc6-8ee4-691efbcdfdeb:OUTLINE:4961dff6fcaa17d5,4431ab7b-17f3-4bc6-8ee4-691efbcdfdeb,netgear-rbk852.pdf,RBK852,Use OpenVPN to Access Your Network > Use VPN to access your Internet service at home > Block VPN client Internet access in the router,features_security_maintenance_limitations,en,How do I stop a VPN user on the RBK852 from using my home internet?,"Enable VPN Service, choose Home Network only for clients, and Apply. This keeps VPN clients from using the home internet service.","[""e8fbf22f-7fac-51cc-8b76-ef68177b1407""]","[""e8fbf22f-7fac-51cc-8b76-ef68177b1407""]",auto_validated
Q-086,Q-086,4431ab7b-17f3-4bc6-8ee4-691efbcdfdeb:OUTLINE:11e5a031343559ac,4431ab7b-17f3-4bc6-8ee4-691efbcdfdeb,netgear-rbk852.pdf,RBK852,Customize Internet Traffic Rules for Ports > Manage port forwarding to a local server > Set up port forwarding to a local server,features_security_maintenance_limitations,en,How can I let an outside connection reach a server inside my RBK852 network?,"Give the server a stable local address, create a port-forwarding service with its port and protocol, and Apply.","[""64c7ce15-7a5a-580d-adbe-160bed89ad0b""]","[""64c7ce15-7a5a-580d-adbe-160bed89ad0b""]",auto_validated
Q-087,Q-087,4431ab7b-17f3-4bc6-8ee4-691efbcdfdeb:OUTLINE:f67dde43cca3ccc5,4431ab7b-17f3-4bc6-8ee4-691efbcdfdeb,netgear-rbk852.pdf,RBK852,Troubleshooting > Quick tips > Sequence to restart your network,troubleshooting_diagnostics,en,What is the proper restart order for the RBK852?,"Turn off and unplug the modem, turn off the router, start the modem and wait two minutes, then start the router and wait two more minutes.","[""594cc248-162e-5180-b1f6-243ea1c30a9e""]","[""594cc248-162e-5180-b1f6-243ea1c30a9e""]",auto_validated
Q-088,Q-088,4431ab7b-17f3-4bc6-8ee4-691efbcdfdeb:OUTLINE:3d986da173d7e0d6,4431ab7b-17f3-4bc6-8ee4-691efbcdfdeb,netgear-rbk852.pdf,RBK852,Troubleshooting > Troubleshoot your network using the ping utility > Test the path from your computer to a remote device,troubleshooting_diagnostics,en,How can I test the path from my computer through the RBK852 to another address?,"Run several ping requests from Windows after checking the LAN path. If they fail, check the gateway, network, modem, ISP host name, and MAC settings.","[""8989f72f-c45f-5a19-b2ce-b190765e7b28""]","[""8989f72f-c45f-5a19-b2ce-b190765e7b28""]",auto_validated
Q-089,Q-089,404fe683-4727-4c53-9c1d-9adf98a793c4:OUTLINE:89ac3ac6d4a7bbea,404fe683-4727-4c53-9c1d-9adf98a793c4,netgear-xr500.pdf,XR500,Hardware Setup > Unpack your router,facts_specifications,en,What comes in the XR500 package?,"The package contains the XR500 router, four antennas, its power adapter, and an Ethernet cable.","[""3252b308-2ca3-5fec-b98f-6d89b53b5bb2""]","[""3252b308-2ca3-5fec-b98f-6d89b53b5bb2""]",auto_validated
Q-090,Q-090,404fe683-4727-4c53-9c1d-9adf98a793c4:OUTLINE:8c80cd632556e4e9,404fe683-4727-4c53-9c1d-9adf98a793c4,netgear-xr500.pdf,XR500,Specify Your Internet Settings > Manually set up the Internet connection > Specify an Internet connection without a login,setup_configuration,en,How do I set up the XR500 when my provider does not require a login?,"Open Internet Setup, leave the provider-login option set to No, enter any required account or host information, choose IP/DNS/MAC settings, and Apply then test.","[""cb248990-463a-5428-8ee2-082f71f0484e""]","[""cb248990-463a-5428-8ee2-082f71f0484e""]",auto_validated
Q-091,Q-091,404fe683-4727-4c53-9c1d-9adf98a793c4:OUTLINE:404443cd868cae72,404fe683-4727-4c53-9c1d-9adf98a793c4,netgear-xr500.pdf,XR500,Customize Quality of Service Settings and Optimize Gaming > Manage bandwidth allocation > Prevent network congestion with Anti-Bufferbloat,features_security_maintenance_limitations,en,How does the XR500 help when one device uses too much internet?,Anti-Bufferbloat limits the share of total bandwidth used by heavy devices so other devices have bandwidth and less delay.,"[""44b909e7-8fcd-5a49-bae0-e2be984df636""]","[""44b909e7-8fcd-5a49-bae0-e2be984df636""]",auto_validated
Q-092,Q-092,404fe683-4727-4c53-9c1d-9adf98a793c4:OUTLINE:74afed194cd3e540,404fe683-4727-4c53-9c1d-9adf98a793c4,netgear-xr500.pdf,XR500,Customize Quality of Service Settings and Optimize Gaming > Manage traffic prioritization > Prioritize traffic for a device and view prioritization information,features_security_maintenance_limitations,en,How does the XR500 help reduce lag when the network is busy?,Traffic prioritization places selected device or service traffic at the front of the queue to reduce lag when the network is busy.,"[""d9934c94-0789-5258-8d3c-3482e84637b0""]","[""d9934c94-0789-5258-8d3c-3482e84637b0""]",auto_validated
Q-093,Q-093,404fe683-4727-4c53-9c1d-9adf98a793c4:OUTLINE:fb4e7790552c591a,404fe683-4727-4c53-9c1d-9adf98a793c4,netgear-xr500.pdf,XR500,Manage the Router’s Network Settings > Manage reserved LAN IP addresses > Change a reserved IP address,features_security_maintenance_limitations,en,How can I change a reserved local address on the XR500?,"Select the reserved-address entry, edit it, Apply on Address Reservation, and Apply again on LAN Setup.","[""e3bace6b-5d07-5dcc-8041-f1933c6cd04f""]","[""e3bace6b-5d07-5dcc-8041-f1933c6cd04f""]",auto_validated
Q-094,Q-094,404fe683-4727-4c53-9c1d-9adf98a793c4:OUTLINE:2a1f86ae07dbb7ba,404fe683-4727-4c53-9c1d-9adf98a793c4,netgear-xr500.pdf,XR500,Manage the Router’s WiFi Settings > Configure WPA/WPA2 enterprise WiFi security,features_security_maintenance_limitations,en,What do I need for business-style Wi-Fi security on the XR500?,Enterprise Wi-Fi security requires access to a RADIUS server. Use a wired connection while changing the main Wi-Fi settings.,"[""e8550a88-ca9e-5dc2-8bb3-4dd7ff222c8d""]","[""e8550a88-ca9e-5dc2-8bb3-4dd7ff222c8d""]",auto_validated
Q-095,Q-095,404fe683-4727-4c53-9c1d-9adf98a793c4:OUTLINE:9605907c7bf37548,404fe683-4727-4c53-9c1d-9adf98a793c4,netgear-xr500.pdf,XR500,Share USB Storage Devices Attached to the Router > Approve USB devices,features_security_maintenance_limitations,en,How can I allow only approved USB devices on the XR500?,"Open USB Settings, choose Approved Devices, select a device from the available list, and confirm the change.","[""dee55ef8-729a-51e5-9b1c-29cce4910ea6""]","[""dee55ef8-729a-51e5-9b1c-29cce4910ea6""]",auto_validated
Q-096,Q-096,404fe683-4727-4c53-9c1d-9adf98a793c4:OUTLINE:6096909eb580ff0a,404fe683-4727-4c53-9c1d-9adf98a793c4,netgear-xr500.pdf,XR500,Use Dynamic DNS to Access USB Storage Devices Through the Internet > Access USB storage devices through the Internet > Set up FTP access through the Internet,features_security_maintenance_limitations,en,How do I share USB storage over the internet from the XR500?,"Enable FTP via internet in ReadySHARE Storage, then edit the USB share and limit read/write access to admin if desired.","[""1d4788df-374d-52e0-a31b-c406a91abfcc""]","[""1d4788df-374d-52e0-a31b-c406a91abfcc""]",auto_validated
Q-097,Q-097,404fe683-4727-4c53-9c1d-9adf98a793c4:OUTLINE:3dba8dc2dd4b2305,404fe683-4727-4c53-9c1d-9adf98a793c4,netgear-xr500.pdf,XR500,Use Dynamic DNS to Access USB Storage Devices Through the Internet > Access USB storage devices through the Internet > Use FTP to access storage devices through the Internet,features_security_maintenance_limitations,en,How can I access XR500 USB files from another computer?,"Set up FTP over the internet, then use a browser or FTP client with the router's internet address or DDNS name and an allowed account.","[""9c7f8f5e-dadb-5ed0-b8be-baa2f11349a8""]","[""9c7f8f5e-dadb-5ed0-b8be-baa2f11349a8""]",auto_validated
Q-098,Q-098,404fe683-4727-4c53-9c1d-9adf98a793c4:OUTLINE:65bda46f8a067355,404fe683-4727-4c53-9c1d-9adf98a793c4,netgear-xr500.pdf,XR500,Use OpenVPN to Access Your Network > Install OpenVPN software on a VPN client > Install OpenVPN software on an Android device,features_security_maintenance_limitations,en,How can I use the XR500 VPN service on Android?,"Install OpenVPN Connect from Google Play, enable VPN Service on the router, download the smartphone configuration, and import it into Android.","[""65a39d84-6b18-50df-b32a-a7d46fbe2cfc""]","[""65a39d84-6b18-50df-b32a-a7d46fbe2cfc""]",auto_validated
Q-099,Q-099,404fe683-4727-4c53-9c1d-9adf98a793c4:OUTLINE:f34b65066a692479,404fe683-4727-4c53-9c1d-9adf98a793c4,netgear-xr500.pdf,XR500,Use VPN to Access An External Network > Enable the VPN client in the router and connect to a VPN server,features_security_maintenance_limitations,en,What do I need before using the XR500 with a commercial VPN?,"The router has a defined provider, but a commercial VPN may require that provider's license. Enable VPN Client and enter the requested credentials.","[""36995834-66ad-5975-9724-aa9f228f5502""]","[""36995834-66ad-5975-9724-aa9f228f5502""]",auto_validated
Q-100,Q-100,404fe683-4727-4c53-9c1d-9adf98a793c4:OUTLINE:dd5db5544af2935a,404fe683-4727-4c53-9c1d-9adf98a793c4,netgear-xr500.pdf,XR500,Manage and Customize Internet Traffic Rules for Ports > Manage port triggering for services and applications > Add a port triggering service or application,features_security_maintenance_limitations,en,How do I make a game or app work through the XR500?,"Create a port-triggering rule for the game or app, choose its protocol and ports, and save the service.","[""75118c37-2376-50c5-b907-2ae6d10da16e""]","[""75118c37-2376-50c5-b907-2ae6d10da16e""]",auto_validated
Q-101,Q-001,7b2e79c5-ed95-43f3-bb4b-e882e3bfeefa:OUTLINE:e271e0b47a14e4d5,7b2e79c5-ed95-43f3-bb4b-e882e3bfeefa,netgear-cm2000.pdf,CM2000,Hardware Setup > Rear Panel,facts_specifications,id,"Apa saja tombol dan sambungan di belakang CM2000, dan apa yang terjadi jika Reset ditahan?","Panel belakang memiliki tombol Reset, port Ethernet, port kabel koaksial, dan konektor daya. Menahan Reset minimal tujuh detik membuat LED Power berkedip putih dan mengembalikan modem ke setelan pabrik.","[""724d26e2-ed75-5043-b025-de4c01da0714""]","[""724d26e2-ed75-5043-b025-de4c01da0714""]",auto_validated
Q-102,Q-002,7b2e79c5-ed95-43f3-bb4b-e882e3bfeefa:OUTLINE:7cd40e7c102d4666,7b2e79c5-ed95-43f3-bb4b-e882e3bfeefa,netgear-cm2000.pdf,CM2000,Hardware Setup > Label,facts_specifications,id,Di mana saya bisa menemukan informasi login dan nomor seri CM2000?,"Label mencantumkan informasi login modem, alamat MAC, dan nomor seri.","[""b9899548-cfa5-5bb4-8284-7d82e663abd1""]","[""b9899548-cfa5-5bb4-8284-7d82e663abd1""]",auto_validated
Q-103,Q-003,7b2e79c5-ed95-43f3-bb4b-e882e3bfeefa:OUTLINE:4b622d7b00d4e652,7b2e79c5-ed95-43f3-bb4b-e882e3bfeefa,netgear-cm2000.pdf,CM2000,Hardware Setup > Install and Activate Your Cable Modem > Connect Your Cable Modem to a Router After Installation and Activation,setup_configuration,id,"Setelah layanan aktif, bagaimana cara menghubungkan CM2000 ke router saya?","Nyalakan ulang modem dan tunggu LED Internet menyala putih tetap. Hubungkan port Ethernet modem ke port WAN/Internet router, nyalakan router, lalu sambungkan komputer ke router.","[""8fd1b794-0507-59d3-88fa-2209736ef6da""]","[""8fd1b794-0507-59d3-88fa-2209736ef6da""]",auto_validated
Q-104,Q-004,7b2e79c5-ed95-43f3-bb4b-e882e3bfeefa:OUTLINE:98f6c2f591f61009,7b2e79c5-ed95-43f3-bb4b-e882e3bfeefa,netgear-cm2000.pdf,CM2000,Manage Your Network > Change the admin password,setup_configuration,id,Bagaimana cara mengganti kata sandi administrator CM2000?,"Gunakan kata sandi aman 6–32 karakter berisi huruf besar-kecil, angka, dan simbol. Buka 192.168.100.1, masuk sebagai admin, pilih ADVANCED > Administration > Set Password, masukkan kata sandi lama dan baru, lalu Apply.","[""0de5a970-8b6a-5e57-ba98-6f57671a841c""]","[""0de5a970-8b6a-5e57-ba98-6f57671a841c""]",auto_validated
Q-105,Q-005,7b2e79c5-ed95-43f3-bb4b-e882e3bfeefa:OUTLINE:6a53389304868c8b,7b2e79c5-ed95-43f3-bb4b-e882e3bfeefa,netgear-cm2000.pdf,CM2000,Manage Your Network > View cable modem initialization,facts_specifications,id,Bagaimana saya tahu bahwa CM2000 sudah selesai menyala?,"Modem memindai frekuensi, menyiapkan kanal, mendapatkan alamat WAN, lalu tersambung ke internet. Statusnya dapat dilihat di Cable Connection pada bagian Startup Procedure dan channel.","[""eb2ebf98-481f-54be-b4a3-56ea1bdf5749""]","[""eb2ebf98-481f-54be-b4a3-56ea1bdf5749""]",auto_validated
Q-106,Q-006,7b2e79c5-ed95-43f3-bb4b-e882e3bfeefa:OUTLINE:922aff4d97250b1a,7b2e79c5-ed95-43f3-bb4b-e882e3bfeefa,netgear-cm2000.pdf,CM2000,Manage Your Network > Reset the cable modem to factory default settings > Use the factory reset software button,troubleshooting_diagnostics,id,Bagaimana cara mengembalikan CM2000 ke setelan awal dari halaman pengaturannya?,"Masuk ke 192.168.100.1, pilih ADVANCED > Factory reset, lalu konfirmasi OK. Konfigurasi dihapus dan modem menyala ulang sekitar satu menit; jangan menutup browser atau mematikan modem.","[""62f9a09d-d5a8-5805-8b92-4d0be62383ce""]","[""62f9a09d-d5a8-5805-8b92-4d0be62383ce""]",auto_validated
Q-107,Q-007,7b2e79c5-ed95-43f3-bb4b-e882e3bfeefa:OUTLINE:25d276b399cc0e63,7b2e79c5-ed95-43f3-bb4b-e882e3bfeefa,netgear-cm2000.pdf,CM2000,Manage Your Network > Reset the cable modem to factory default settings > Use the reset button on the back panel,troubleshooting_diagnostics,id,Bagaimana cara mereset CM2000 memakai tombol pada perangkat?,Tekan tombol Reset di belakang dengan penjepit kertas sampai modem menyala ulang. Setelan kembali ke pabrik dan prosesnya sekitar satu menit.,"[""c5c4c17f-c329-5b9c-837f-7d33e641682f""]","[""c5c4c17f-c329-5b9c-837f-7d33e641682f""]",auto_validated
Q-108,Q-008,7b2e79c5-ed95-43f3-bb4b-e882e3bfeefa:OUTLINE:a071a10fef9360ce,7b2e79c5-ed95-43f3-bb4b-e882e3bfeefa,netgear-cm2000.pdf,CM2000,Troubleshooting > Cannot log in to the cable modem,troubleshooting_diagnostics,id,Saya tidak bisa masuk ke CM2000. Apa yang perlu diperiksa lebih dulu?,"Periksa kabel Ethernet, browser, huruf kecil pada admin, Caps Lock, dan alamat komputer. Klik Apply agar perubahan tersimpan.","[""85bd9c8e-a264-5649-acbc-73648b7ce861""]","[""85bd9c8e-a264-5649-acbc-73648b7ce861""]",auto_validated
Q-109,Q-009,7b2e79c5-ed95-43f3-bb4b-e882e3bfeefa:OUTLINE:b934612f8b7cd99e,7b2e79c5-ed95-43f3-bb4b-e882e3bfeefa,netgear-cm2000.pdf,CM2000,Supplemental Information > Technical Specifications,facts_specifications,id,"Apa spesifikasi dasar daya, ukuran, port, dan batas penggunaan CM2000?","Adaptor menerima 110–120 V dan menghasilkan 12 VDC/1,5 A. Modem berukuran 6,8 × 3,7 × 8,2 inci, berbobot 1,02 lb, memiliki port 2,5 Gbps dan konektor koaksial, serta bekerja pada 0–40°C.","[""88695618-cf2a-5bf0-9a58-da1167d8f0c6""]","[""88695618-cf2a-5bf0-9a58-da1167d8f0c6""]",auto_validated
Q-110,Q-010,398c0bb9-3253-4629-a5ed-18f51d9fb36b:OUTLINE:9238290c613deeba,398c0bb9-3253-4629-a5ed-18f51d9fb36b,netgear-lm1200.pdf,LM1200,Introduction and Hardware Overview > Install the Nano SIM Card,setup_configuration,id,Bagaimana cara memasukkan kartu SIM ke LM1200?,"Dapatkan nano-SIM dari provider, matikan modem, posisikan sesuai petunjuk, lalu masukkan kartu perlahan ke slot SIM.","[""37f50132-32d9-5fb0-a62d-366e401ac417""]","[""37f50132-32d9-5fb0-a62d-366e401ac417""]",auto_validated
Q-111,Q-011,398c0bb9-3253-4629-a5ed-18f51d9fb36b:OUTLINE:48e34928377b828f,398c0bb9-3253-4629-a5ed-18f51d9fb36b,netgear-lm1200.pdf,LM1200,"Get Started > Connect a Computer, Switch, Hub, Router, or WiFi Router to the Modem > Connect a Computer to the LAN Port of the Modem",setup_configuration,id,Bagaimana cara menghubungkan satu komputer ke LM1200 dengan kabel jaringan?,Hubungkan kabel Ethernet yang disertakan dari port Ethernet komputer ke port LAN Gigabit di bagian belakang modem.,"[""36789817-932f-55f7-9c50-bb45d2df0cbe""]","[""36789817-932f-55f7-9c50-bb45d2df0cbe""]",auto_validated
Q-112,Q-012,398c0bb9-3253-4629-a5ed-18f51d9fb36b:OUTLINE:38b50e33ee1e7189,398c0bb9-3253-4629-a5ed-18f51d9fb36b,netgear-lm1200.pdf,LM1200,Manage the Modem LAN Settings > Change the DHCP Server Settings,setup_configuration,id,Bagaimana cara mengubah pengaturan jaringan yang dibagikan LM1200 ke perangkat saya?,"Masuk ke 192.168.5.1, buka Settings > Advanced > LAN, ubah rentang alamat dan DNS, lalu Submit. Modem akan menyala ulang dan perangkat perlu mendapat alamat baru.","[""fa675707-eec3-5dae-b80f-46a21238adcf""]","[""fa675707-eec3-5dae-b80f-46a21238adcf""]",auto_validated
Q-113,Q-013,398c0bb9-3253-4629-a5ed-18f51d9fb36b:OUTLINE:88b9a28663a8f104,398c0bb9-3253-4629-a5ed-18f51d9fb36b,netgear-lm1200.pdf,LM1200,Manage the Mobile Broadband Connection > Manually Connect to or Disconnect From the Mobile Broadband Network,setup_configuration,id,Bagaimana cara menyambungkan atau memutuskan LM1200 dari jaringan seluler secara manual?,"Matikan Auto Connect, masuk ke 192.168.5.1, lalu pilih Connect atau Disconnect pada dashboard dan tunggu hasilnya.","[""cf1f57e0-473a-57f3-8d91-a52b0070e80b""]","[""cf1f57e0-473a-57f3-8d91-a52b0070e80b""]",auto_validated
Q-114,Q-014,398c0bb9-3253-4629-a5ed-18f51d9fb36b:OUTLINE:86696f313ad41e44,398c0bb9-3253-4629-a5ed-18f51d9fb36b,netgear-lm1200.pdf,LM1200,Secure Your Network > Manage Port Forwarding for Incoming Traffic > Remove a Service or Application for Port Forwarding,troubleshooting_diagnostics,id,Bagaimana cara menghapus aturan koneksi yang sudah tidak saya perlukan di LM1200?,"Masuk ke Settings > Advanced > Port Forwarding, lalu tekan tanda x di samping layanan yang ingin dihapus.","[""72dd6f50-8da8-5970-b90b-3a0719762e64""]","[""72dd6f50-8da8-5970-b90b-3a0719762e64""]",auto_validated
Q-115,Q-015,398c0bb9-3253-4629-a5ed-18f51d9fb36b:OUTLINE:f8bc4360594722fe,398c0bb9-3253-4629-a5ed-18f51d9fb36b,netgear-lm1200.pdf,LM1200,Secure Your Network > Manage SIM Card Security > Disable SIM Card Security,features_security_maintenance_limitations,id,Apa yang perlu saya ketahui sebelum mematikan keamanan SIM di LM1200?,"Terlalu banyak PIN SIM yang salah dapat memblokir kartu dan memerlukan PUK dari provider. Setelah keamanan dimatikan dengan PIN benar, modem tidak lagi meminta PIN SIM saat tersambung.","[""eb06abbc-3f74-5ddc-bfd6-17572beb2155""]","[""eb06abbc-3f74-5ddc-bfd6-17572beb2155""]",auto_validated
Q-116,Q-016,398c0bb9-3253-4629-a5ed-18f51d9fb36b:OUTLINE:65329abb6d0ed1e0,398c0bb9-3253-4629-a5ed-18f51d9fb36b,netgear-lm1200.pdf,LM1200,Manage the Modem and Monitor Usage and the Network > View Monthly Data and Session Data Usage,facts_specifications,id,Apa arti angka pemakaian data bulanan dan sesi saat ini di LM1200?,Pemakaian bulanan dihitung sejak awal siklus tagihan dan direset pada siklus berikutnya. Pemakaian sesi menghitung koneksi saat ini dan direset setiap sesi.,"[""7e1a62c7-f256-5d08-a456-a62949c30491""]","[""7e1a62c7-f256-5d08-a456-a62949c30491""]",auto_validated
Q-117,Q-017,398c0bb9-3253-4629-a5ed-18f51d9fb36b:OUTLINE:623d8b68d20208e6,398c0bb9-3253-4629-a5ed-18f51d9fb36b,netgear-lm1200.pdf,LM1200,Frequently Asked Questions > How do I access the modem’s web pages?,facts_specifications,id,Di mana petunjuk untuk membuka pengaturan LM1200?,"Petunjuknya ada pada bagian Access the Modem’s Web Pages for the First Time, halaman 19.","[""43434cb0-0be2-5d97-be19-dfb7256b7c44""]","[""43434cb0-0be2-5d97-be19-dfb7256b7c44""]",auto_validated
Q-118,Q-018,398c0bb9-3253-4629-a5ed-18f51d9fb36b:OUTLINE:6359ba84b27768d6,398c0bb9-3253-4629-a5ed-18f51d9fb36b,netgear-lm1200.pdf,LM1200,Alerts and Troubleshooting > Quick Tips for Troubleshooting,troubleshooting_diagnostics,id,LM1200 tidak mau tersambung. Apa yang perlu diperiksa untuk koneksi seluler dan kabel?,"Untuk seluler, periksa jangkauan, akun, posisi SIM, dan PIN. Untuk kabel, periksa kabel dan pastikan komputer memperoleh alamat otomatis.","[""82ef2627-a58c-55ae-ab74-3f865a33e979""]","[""82ef2627-a58c-55ae-ab74-3f865a33e979""]",auto_validated
Q-119,Q-019,398c0bb9-3253-4629-a5ed-18f51d9fb36b:OUTLINE:540f7aed0e05d214,398c0bb9-3253-4629-a5ed-18f51d9fb36b,netgear-lm1200.pdf,LM1200,Alerts and Troubleshooting > Troubleshoot the Mobile Broadband Internet Connection > Obtain an Internet IP Address From Your Service Provider,troubleshooting_diagnostics,id,"Mengapa LM1200 tidak mendapat alamat internet, dan apa yang bisa saya lakukan?","Alamat 0.0.0.0 berarti modem belum memperoleh alamat internet dari provider. Periksa profil APN, nyalakan ulang modem, dan hubungi provider bila tetap gagal.","[""6f442d4b-b8ba-5fe7-b4e9-9e90463dc194""]","[""6f442d4b-b8ba-5fe7-b4e9-9e90463dc194""]",auto_validated
Q-120,Q-020,d363d52d-99b4-4258-9e83-eca4fbdf4722:OUTLINE:d0ee27b3b2631033,d363d52d-99b4-4258-9e83-eca4fbdf4722,netgear-r6350.pdf,R6350,Specify Your Internet Settings > Manually set up the Internet connection > Specify an Internet connection that uses a login and PPPoE service,troubleshooting_diagnostics,id,Bagaimana cara mengatur koneksi internet R6350 yang memerlukan nama pengguna dan kata sandi dari provider?,"Buka routerlogin.net, pilih Internet dan opsi login PPPoE, masukkan username/password provider, lalu Apply dan Test.","[""1190a45f-877b-5cd2-a8d9-5ab1c390c374""]","[""1190a45f-877b-5cd2-a8d9-5ab1c390c374""]",auto_validated
Q-121,Q-021,d363d52d-99b4-4258-9e83-eca4fbdf4722:OUTLINE:d330686b16c734af,d363d52d-99b4-4258-9e83-eca4fbdf4722,netgear-r6350.pdf,R6350,Specify Your Internet Settings > Specify IPv6 Internet connections > Set up an IPv6 6to4 tunnel Internet connection,troubleshooting_diagnostics,id,Apa yang harus siap sebelum R6350 digunakan dengan koneksi IPv6?,"Koneksi IPv4 harus sudah berfungsi. Pada pengaturan IPv6, pilih 6to4 Tunnel dan gunakan relay otomatis atau alamat yang diberikan provider.","[""ad49e55f-a53b-5c41-8bf1-a36c022c9b3b""]","[""ad49e55f-a53b-5c41-8bf1-a36c022c9b3b""]",auto_validated
Q-122,Q-022,d363d52d-99b4-4258-9e83-eca4fbdf4722:OUTLINE:fac12b6c6fd62dc2,d363d52d-99b4-4258-9e83-eca4fbdf4722,netgear-r6350.pdf,R6350,Specify Your Internet Settings > Manage the MTU size > Change the MTU size,troubleshooting_diagnostics,id,Apakah mengubah ukuran paket koneksi R6350 bisa membuat beberapa situs tidak terbuka?,"Nilai yang salah dapat membuat situs, login aman, atau FTP tidak terbuka. Ubah hanya bila perlu dan gunakan nilai 64–1500 sesuai koneksi.","[""d4e1d4fc-7655-51fc-8d81-af75a4b11734""]","[""d4e1d4fc-7655-51fc-8d81-af75a4b11734""]",auto_validated
Q-123,Q-023,d363d52d-99b4-4258-9e83-eca4fbdf4722:OUTLINE:f870b0410fe0711a,d363d52d-99b4-4258-9e83-eca4fbdf4722,netgear-r6350.pdf,R6350,Optimize Performance > Manage Default and Custom QoS Rules > Remove a QoS Rule,troubleshooting_diagnostics,id,Bagaimana cara menghapus aturan prioritas kecepatan di R6350?,"Buka ADVANCED > Setup > QoS Setup, pilih aturan pada tabel, tekan Delete, lalu Apply.","[""31b5dd16-326a-5e79-817f-c2585e0248a2""]","[""31b5dd16-326a-5e79-817f-c2585e0248a2""]",auto_validated
Q-124,Q-024,d363d52d-99b4-4258-9e83-eca4fbdf4722:OUTLINE:8ea5c049a8abf47b,d363d52d-99b4-4258-9e83-eca4fbdf4722,netgear-r6350.pdf,R6350,Share USB Storage Devices Attached to the Router > Manage Access to a Storage Device,setup_configuration,id,Apa saja yang bisa dilakukan dengan flash disk USB yang terhubung ke R6350?,"ReadySHARE dapat mengatur nama perangkat/workgroup dan akses jaringan, HTTP/HTTPS, FTP, termasuk akses dari internet dan perlindungan kata sandi.","[""0528f0b9-15e5-5482-9a68-0f02d2d61d68""]","[""0528f0b9-15e5-5482-9a68-0f02d2d61d68""]",auto_validated
Q-125,Q-025,d363d52d-99b4-4258-9e83-eca4fbdf4722:OUTLINE:902cbde304aea84b,d363d52d-99b4-4258-9e83-eca4fbdf4722,netgear-r6350.pdf,R6350,Share USB Storage Devices Attached to the Router > Edit a network folder on a USB storage device,setup_configuration,id,Bagaimana cara mengubah folder yang dibagikan dari flash disk USB?,"Buka ADVANCED > USB Storage > ReadySHARE, pilih folder pada perangkat USB, tekan Edit, ubah isinya, lalu Apply.","[""12d6aaad-d982-5f95-8b7d-63ba7706aba5""]","[""12d6aaad-d982-5f95-8b7d-63ba7706aba5""]",auto_validated
Q-126,Q-026,d363d52d-99b4-4258-9e83-eca4fbdf4722:OUTLINE:c27c0cf701a42141,d363d52d-99b4-4258-9e83-eca4fbdf4722,netgear-r6350.pdf,R6350,Manage the WAN and LAN Network Settings > Manage VPN Pass-Through,facts_specifications,id,Apa fungsi VPN pass-through di R6350?,VPN pass-through memungkinkan komputer di rumah menerima lalu lintas VPN dari internet. Fitur ini aktif secara default dan tiap protokol bisa dimatikan.,"[""3fbed70d-f242-5a78-90cc-f0f2674fe5f7""]","[""3fbed70d-f242-5a78-90cc-f0f2674fe5f7""]",auto_validated
Q-127,Q-027,d363d52d-99b4-4258-9e83-eca4fbdf4722:OUTLINE:5283c300a58533cf,d363d52d-99b4-4258-9e83-eca4fbdf4722,netgear-r6350.pdf,R6350,Manage the WAN and LAN Network Settings > Set Up a Bridge for a Port Group or VLAN Tag Group > Set Up a Bridge for a Port Group,setup_configuration,id,Mengapa perangkat TV saya mungkin membutuhkan pengaturan bridge khusus di R6350?,Provider internet mungkin meminta bridge khusus saat perangkat IPTV terhubung agar lalu lintasnya tidak diproses NAT router.,"[""92de127d-5c3f-5d2a-a801-234fc3e5b014""]","[""92de127d-5c3f-5d2a-a801-234fc3e5b014""]",auto_validated
Q-128,Q-028,d363d52d-99b4-4258-9e83-eca4fbdf4722:OUTLINE:759d64cd684a03d3,d363d52d-99b4-4258-9e83-eca4fbdf4722,netgear-r6350.pdf,R6350,Manage Your Router > Update the router firmware > Check for new firmware and update the router,troubleshooting_diagnostics,id,Bagaimana cara memeriksa dan memasang pembaruan R6350 dengan aman?,"Gunakan komputer berkabel, masuk ke routerlogin.net, buka Firmware Update, tekan Check, lalu pasang pembaruan yang tersedia.","[""2a3ade55-f893-5d78-8ead-3ff6b3d197c7""]","[""2a3ade55-f893-5d78-8ead-3ff6b3d197c7""]",auto_validated
Q-129,Q-029,d363d52d-99b4-4258-9e83-eca4fbdf4722:OUTLINE:c406dcd0d505ed73,d363d52d-99b4-4258-9e83-eca4fbdf4722,netgear-r6350.pdf,R6350,Manage Your Router > Disable or Enable LED Blinking or Turn Off LEDs,features_security_maintenance_limitations,id,Apakah saya bisa mengubah cara lampu indikator R6350 berkedip?,"LED Control Settings dapat mempertahankan kedipan normal, mematikan kedipan lalu lintas, atau mematikan semua LED selain Power.","[""5a7fc3bd-5bd0-57b2-944d-5a981598dcf7""]","[""5a7fc3bd-5bd0-57b2-944d-5a981598dcf7""]",auto_validated
Q-130,Q-030,d363d52d-99b4-4258-9e83-eca4fbdf4722:OUTLINE:aaa110d73c5ebaf9,d363d52d-99b4-4258-9e83-eca4fbdf4722,netgear-r6350.pdf,R6350,Use VPN to Access Your Network > Install OpenVPN software > Install OpenVPN Software on an Android Device,setup_configuration,id,Bagaimana cara memakai layanan VPN R6350 di ponsel Android?,"Aktifkan VPN Service, unduh konfigurasi ponsel, pasang OpenVPN Connect dari Google Play, lalu impor berkas konfigurasi ke Android.","[""006d8e6b-77f6-54fa-826b-6d417979808f""]","[""006d8e6b-77f6-54fa-826b-6d417979808f""]",auto_validated
Q-131,Q-031,d363d52d-99b4-4258-9e83-eca4fbdf4722:OUTLINE:6ca762548278f56e,d363d52d-99b4-4258-9e83-eca4fbdf4722,netgear-r6350.pdf,R6350,Troubleshooting > Troubleshoot Internet browsing,troubleshooting_diagnostics,id,"R6350 terlihat tersambung, tetapi situs web tidak terbuka. Apa yang harus diperiksa?","Periksa traffic meter, DNS komputer, dan alamat router sebagai gateway. Salah satu dari ketiganya dapat membuat situs tidak terbuka.","[""818e0932-f3ff-5602-b5b9-5f1d94d353ed""]","[""818e0932-f3ff-5602-b5b9-5f1d94d353ed""]",auto_validated
Q-132,Q-032,8a56b2bf-5d68-4806-abb7-de39894bb404:OUTLINE:0cc5c443004437fd,8a56b2bf-5d68-4806-abb7-de39894bb404,netgear-r7000.pdf,R7000,Connect to the Network and Access the Router > Connect to the Network > Wired Connection,facts_specifications,id,Apa yang terjadi ketika komputer disambungkan ke R7000 dengan kabel jaringan?,"Ketika kabel Ethernet disambungkan dari komputer ke port router, komputer masuk ke jaringan lokal router.","[""cf6a9c70-f40a-521b-8ee5-c0a7ff8c1279""]","[""cf6a9c70-f40a-521b-8ee5-c0a7ff8c1279""]",auto_validated
Q-133,Q-033,8a56b2bf-5d68-4806-abb7-de39894bb404:OUTLINE:615f1a78bd39eb84,8a56b2bf-5d68-4806-abb7-de39894bb404,netgear-r7000.pdf,R7000,Specify Your Internet Settings > Use the Internet Setup Wizard,setup_configuration,id,Bagaimana cara membiarkan R7000 mengatur koneksi internet secara otomatis?,"Masuk ke routerlogin.net, buka ADVANCED > Setup Wizard, pilih Yes dan Next. Wizard akan mencari pengaturan internet yang sesuai.","[""9213a4bb-497e-56d3-be43-8791bb53a54e""]","[""9213a4bb-497e-56d3-be43-8791bb53a54e""]",auto_validated
Q-134,Q-034,8a56b2bf-5d68-4806-abb7-de39894bb404:OUTLINE:f4bd6a547d16c31d,8a56b2bf-5d68-4806-abb7-de39894bb404,netgear-r7000.pdf,R7000,Optimize Performance > Optimize Internet Streaming With Dynamic QoS > Enable Advanced QoS and Manually Set Up QoS Rules > Add a QoS Rule by LAN pot,setup_configuration,id,Bagaimana cara memberi prioritas kepada satu perangkat atau sambungan kabel saat jaringan sibuk?,"Aktifkan QoS, pilih QoS by LAN Port, buat kebijakan, pilih port dan prioritas perangkat, lalu Add dan Apply.","[""8aecb252-6293-553d-8e28-ef7b756f0c82""]","[""8aecb252-6293-553d-8e28-ef7b756f0c82""]",auto_validated
Q-135,Q-035,8a56b2bf-5d68-4806-abb7-de39894bb404:OUTLINE:08da0d3cf6f7d113,8a56b2bf-5d68-4806-abb7-de39894bb404,netgear-r7000.pdf,R7000,Optimize Performance > Improve Network Connections With Universal Plug-N-Play,facts_specifications,id,Apa fungsi UPnP untuk perangkat dan game di R7000?,UPnP memungkinkan perangkat menemukan layanan dan membuka koneksi otomatis. Fitur ini berguna untuk game online dan komunikasi real-time.,"[""54a5ae0e-dabe-533f-8906-cd65b27661ec""]","[""54a5ae0e-dabe-533f-8906-cd65b27661ec""]",auto_validated
Q-136,Q-036,8a56b2bf-5d68-4806-abb7-de39894bb404:OUTLINE:2b84714e210fd033,8a56b2bf-5d68-4806-abb7-de39894bb404,netgear-r7000.pdf,R7000,Manage Your Router > Check the Internet Connection Status,facts_specifications,id,Di mana saya bisa melihat informasi koneksi internet R7000 saat ini?,"Jendela status menampilkan alamat IP router, subnet mask, gateway, server DHCP/DNS, dan status port internet lainnya.","[""537310b8-39d1-57ca-81f0-ddddc2ad9916""]","[""537310b8-39d1-57ca-81f0-ddddc2ad9916""]",auto_validated
Q-137,Q-037,8a56b2bf-5d68-4806-abb7-de39894bb404:OUTLINE:42bc10659811af2c,8a56b2bf-5d68-4806-abb7-de39894bb404,netgear-r7000.pdf,R7000,Manage Your Router > Remote Access > Set Up Remote Management,features_security_maintenance_limitations,id,Bagaimana cara mengakses R7000 dari luar rumah sambil membatasi siapa yang boleh masuk?,Aktifkan Remote Management dan batasi Allow Remote Access By hanya ke alamat IP luar yang diperlukan.,"[""79d677ad-2fef-50d3-92dd-c07a6df0f14e""]","[""79d677ad-2fef-50d3-92dd-c07a6df0f14e""]",auto_validated
Q-138,Q-038,8a56b2bf-5d68-4806-abb7-de39894bb404:OUTLINE:f79ea7be006eeae3,8a56b2bf-5d68-4806-abb7-de39894bb404,netgear-r7000.pdf,R7000,Manage Your Router > Change the NTP Server,setup_configuration,id,Bagaimana cara mengganti layanan waktu yang digunakan R7000?,"Buka ADVANCED > Administration > NTP Settings, pilih server waktu pilihan, isi alamatnya, lalu Apply.","[""d4980606-c8d1-5aca-adbe-96e35254c9e1""]","[""d4980606-c8d1-5aca-adbe-96e35254c9e1""]",auto_validated
Q-139,Q-039,8a56b2bf-5d68-4806-abb7-de39894bb404:OUTLINE:6cca2b13d46fd9ff,8a56b2bf-5d68-4806-abb7-de39894bb404,netgear-r7000.pdf,R7000,Use Dynamic DNS to Access USB Storage Devices Through the Internet > Access USB Storage Devices Through the Internet,features_security_maintenance_limitations,id,Bagaimana cara membuka file USB di R7000 ketika saya sedang tidak di rumah?,"Dari komputer jauh, gunakan nama Dynamic DNS atau alamat port internet router. Setelah itu file dapat diakses melalui FTP sesuai hak akses.","[""af255485-98d7-59f8-94db-806fd6280e64""]","[""af255485-98d7-59f8-94db-806fd6280e64""]",auto_validated
Q-140,Q-040,8a56b2bf-5d68-4806-abb7-de39894bb404:OUTLINE:0fc676a3a4479418,8a56b2bf-5d68-4806-abb7-de39894bb404,netgear-r7000.pdf,R7000,Use Dynamic DNS to Access USB Storage Devices Through the Internet > Remotely Access a USB Device Using ReadyCLOUD > Create a ReadyCLOUD Account,setup_configuration,id,Bagaimana cara membuat akun ReadyCLOUD untuk R7000?,"Buka alamat ReadyCLOUD, pilih Sign In > Create Account, isi akun MyNETGEAR, lalu Create.","[""89cf7641-ad76-514d-a38e-ff036b200250""]","[""89cf7641-ad76-514d-a38e-ff036b200250""]",auto_validated
Q-141,Q-041,8a56b2bf-5d68-4806-abb7-de39894bb404:OUTLINE:fdf9a6339ff3dcd8,8a56b2bf-5d68-4806-abb7-de39894bb404,netgear-r7000.pdf,R7000,Use VPN to Access Your Network > Install OpenVPN Software > Install OpenVPN Software on an iOS Device,setup_configuration,id,Bagaimana cara memakai layanan VPN R7000 di iPhone atau iPad?,"Aktifkan VPN Service, unduh konfigurasi, pasang OpenVPN Connect dari App Store, lalu impor berkasnya ke iPhone/iPad.","[""0cff8f5c-96b8-5d33-9c11-37f93f8300fb""]","[""0cff8f5c-96b8-5d33-9c11-37f93f8300fb""]",auto_validated
Q-142,Q-042,8a56b2bf-5d68-4806-abb7-de39894bb404:OUTLINE:59222463e26d1879,8a56b2bf-5d68-4806-abb7-de39894bb404,netgear-r7000.pdf,R7000,Troubleshooting > Quick Tips > Sequence to Restart Your Network,troubleshooting_diagnostics,id,Apa urutan yang benar untuk menyalakan ulang modem dan R7000?,"Matikan modem dan router, nyalakan modem lebih dulu dan tunggu dua menit, lalu nyalakan router dan tunggu dua menit lagi.","[""f2289449-f54e-5af6-8243-762118ef305b""]","[""f2289449-f54e-5af6-8243-762118ef305b""]",auto_validated
Q-143,Q-043,8a56b2bf-5d68-4806-abb7-de39894bb404:OUTLINE:2be192fda8a4722e,8a56b2bf-5d68-4806-abb7-de39894bb404,netgear-r7000.pdf,R7000,Troubleshooting > Troubleshoot WiFi Connectivity,troubleshooting_diagnostics,id,Wi-Fi R7000 saya lemah atau hilang. Apa yang perlu diperiksa?,"Periksa LED/tombol Wi-Fi, apakah nama jaringan disembunyikan, keamanan yang dipilih didukung, dan apakah perangkat terlalu jauh atau terhalang.","[""65aa662f-9473-5c74-b996-74e7f545f09c""]","[""65aa662f-9473-5c74-b996-74e7f545f09c""]",auto_validated
Q-144,Q-044,d69381d0-06ed-49bf-9fe1-6050d9374432:OUTLINE:89ac3ac6d4a7bbea,d69381d0-06ed-49bf-9fe1-6050d9374432,netgear-rax120.pdf,RAX120,Hardware Setup > Unpack your router,facts_specifications,id,Apa saja isi kotak RAX120?,"Kotaknya berisi router, adaptor daya, dan kabel Ethernet.","[""89d399fa-1c1b-5d37-b35a-194ce673ec69""]","[""89d399fa-1c1b-5d37-b35a-194ce673ec69""]",auto_validated
Q-145,Q-045,d69381d0-06ed-49bf-9fe1-6050d9374432:OUTLINE:4bdaaa28252d41a2,d69381d0-06ed-49bf-9fe1-6050d9374432,netgear-rax120.pdf,RAX120,Connect to the network and access the router > Types of logins,facts_specifications,id,"Kata sandi mana yang dipakai untuk internet, Wi-Fi, akun NETGEAR, dan pengaturan router?","Login ISP untuk internet, Wi-Fi key untuk jaringan nirkabel, akun NETGEAR untuk registrasi/langganan, dan kata sandi router untuk halaman admin.","[""6af6a140-458c-5188-b116-2f8430c69437""]","[""6af6a140-458c-5188-b116-2f8430c69437""]",auto_validated
Q-146,Q-046,d69381d0-06ed-49bf-9fe1-6050d9374432:OUTLINE:7dcc6744e0e7954c,d69381d0-06ed-49bf-9fe1-6050d9374432,netgear-rax120.pdf,RAX120,Specify Your Internet Settings > Specify IPv6 Internet connections > Set up an IPv6 pass-through Internet connection,setup_configuration,id,Apa fungsi IPv6 pass-through di RAX120?,"Pada mode Pass Through, router meneruskan paket IPv6 seperti switch dan tidak memproses header IPv6.","[""f02b327f-e424-5fbd-884a-afa982cfba97""]","[""f02b327f-e424-5fbd-884a-afa982cfba97""]",auto_validated
Q-147,Q-047,d69381d0-06ed-49bf-9fe1-6050d9374432:OUTLINE:b393aec4e5f20ee4,d69381d0-06ed-49bf-9fe1-6050d9374432,netgear-rax120.pdf,RAX120,Manage Network Settings > View or change the WAN settings,facts_specifications,id,Pengaturan koneksi internet mana di RAX120 yang perlu digunakan dengan hati-hati?,"DMZ dapat melemahkan firewall, respons ping WAN sebaiknya hanya untuk diagnosis, dan MTU diubah hanya bila diperlukan. Pengaturan perlindungan DoS, IGMP, NAT, dan SIP juga tersedia.","[""304579c0-2505-541b-9272-41a33abdc404""]","[""304579c0-2505-541b-9272-41a33abdc404""]",auto_validated
Q-148,Q-048,d69381d0-06ed-49bf-9fe1-6050d9374432:OUTLINE:43ec202019e41936,d69381d0-06ed-49bf-9fe1-6050d9374432,netgear-rax120.pdf,RAX120,Manage Network Settings > Manage reserved LAN IP addresses > Reserve an IP address,setup_configuration,id,Bagaimana cara membuat sebuah perangkat selalu mendapat alamat jaringan lokal yang sama di RAX120?,"Pada LAN Setup, tambahkan alamat MAC dan alamat dari subnet LAN sebagai Address Reservation, lalu Apply. Perangkat perlu memperbarui lease DHCP.","[""ebd82415-b17d-5082-8472-3811a168faaf""]","[""ebd82415-b17d-5082-8472-3811a168faaf""]",auto_validated
Q-149,Q-049,d69381d0-06ed-49bf-9fe1-6050d9374432:OUTLINE:8d66e90b801f07f3,d69381d0-06ed-49bf-9fe1-6050d9374432,netgear-rax120.pdf,RAX120,Manage Network Settings > Change the WiFi password or the WiFi security,features_security_maintenance_limitations,id,Apa bedanya kata sandi Wi-Fi dan kata sandi administrator RAX120?,Kata sandi Wi-Fi berbeda dari kata sandi admin. Mode personal memerlukan kunci 8–63 karakter; pilihan keamanan Enterprise memerlukan server RADIUS.,"[""0f01b620-ac86-5a3e-bacb-6893a15e210e""]","[""0f01b620-ac86-5a3e-bacb-6893a15e210e""]",auto_validated
Q-150,Q-050,d69381d0-06ed-49bf-9fe1-6050d9374432:OUTLINE:30e6bc1f5ecbb7b4,d69381d0-06ed-49bf-9fe1-6050d9374432,netgear-rax120.pdf,RAX120,Share USB Storage Devices Attached to the Router > Connect a USB storage device to the router,facts_specifications,id,Apa yang perlu saya ketahui sebelum mencolokkan flash disk USB ke RAX120?,Colokkan USB ke port router dan sambungkan dayanya bila perlu. Perangkat dapat memerlukan waktu hingga dua menit; perangkat yang memerlukan driver khusus tidak kompatibel.,"[""bb9735df-2bc3-50f1-9fb8-2235613d714e""]","[""bb9735df-2bc3-50f1-9fb8-2235613d714e""]",auto_validated
Q-151,Q-051,d69381d0-06ed-49bf-9fe1-6050d9374432:OUTLINE:7e8558c76cede228,d69381d0-06ed-49bf-9fe1-6050d9374432,netgear-rax120.pdf,RAX120,Share USB Storage Devices Attached to the Router > Add a network folder on a USB storage device,setup_configuration,id,Bagaimana cara membagikan folder dari flash disk USB di RAX120?,"Buka ADVANCED > ReadySHARE > Advanced Settings, pilih perangkat USB, tekan Create Network Folder, pilih folder dan nama share, atur Read Access serta Write Access, lalu tekan Apply dan Close Window.","[""9d1e53fd-0a2d-51bd-bb64-2521b239e8f3""]","[""9d1e53fd-0a2d-51bd-bb64-2521b239e8f3""]",auto_validated
Q-152,Q-052,d69381d0-06ed-49bf-9fe1-6050d9374432:OUTLINE:6bfd2d1ed7baea6f,d69381d0-06ed-49bf-9fe1-6050d9374432,netgear-rax120.pdf,RAX120,Use Dynamic DNS to Access USB Storage Devices Through the Internet > Set up and manage Dynamic DNS > Change the Dynamic DNS settings,features_security_maintenance_limitations,id,Bagaimana cara mengubah pengaturan akun Dynamic DNS di RAX120?,"Masuk ke routerlogin.net, pilih ADVANCED > Advanced Setup > Dynamic DNS, ubah pengaturan akun yang diperlukan, lalu tekan Apply.","[""d7d2bc93-72bb-53d6-945c-0708fde2888b""]","[""d7d2bc93-72bb-53d6-945c-0708fde2888b""]",auto_validated
Q-153,Q-053,d69381d0-06ed-49bf-9fe1-6050d9374432:OUTLINE:0d5b6e0a7ba7bfe2,d69381d0-06ed-49bf-9fe1-6050d9374432,netgear-rax120.pdf,RAX120,Manage port forwarding and port triggering > Manage port forwarding to a local server > How the router implements the port forwarding rule,facts_specifications,id,"Saat seseorang membuka situs web, bagaimana RAX120 mengarahkannya ke perangkat yang benar?","Browser mengirim permintaan ke alamat router pada port 80. Router mencocokkan aturan port forwarding, mengubah tujuan ke 192.168.1.33, meneruskan permintaan ke server tersebut, lalu menerapkan NAT pada alamat sumber saat balasan dikirim kembali ke Internet.","[""cf516841-9648-5ad0-aaaa-b65b9c5d85aa""]","[""cf516841-9648-5ad0-aaaa-b65b9c5d85aa""]",auto_validated
Q-154,Q-054,d69381d0-06ed-49bf-9fe1-6050d9374432:OUTLINE:392ff4fbd7ee9772,d69381d0-06ed-49bf-9fe1-6050d9374432,netgear-rax120.pdf,RAX120,Troubleshooting > Troubleshoot WiFi connectivity,troubleshooting_diagnostics,id,Perangkat saya tidak bisa tersambung ke Wi-Fi RAX120. Apa yang perlu diperiksa?,"Periksa LED WiFi dan tombol WiFi On/Off, apakah SSID broadcast dinonaktifkan, serta apakah perangkat mendukung WPA, WPA2, atau WPA3 yang dipilih. Untuk sinyal lemah, lihat pengaturan melalui kabel Ethernet, dekatkan perangkat tetapi tetap berjarak minimal 1,8 meter, dan singkirkan penghalang.","[""48b55cf6-5b08-527e-bd26-f4183bca41e2""]","[""48b55cf6-5b08-527e-bd26-f4183bca41e2""]",auto_validated
Q-155,Q-055,d69381d0-06ed-49bf-9fe1-6050d9374432:OUTLINE:41c9cb735a542932,d69381d0-06ed-49bf-9fe1-6050d9374432,netgear-rax120.pdf,RAX120,Supplemental Information > Factory settings,facts_specifications,id,Apa yang berubah setelah RAX120 dikembalikan ke setelan pabrik?,"Reset pabrik memakai tombol Reset minimal tujuh detik. Nilai utama mencakup login admin/password, LAN 192.168.1.1 dengan DHCP aktif pada 192.168.1.2–192.168.1.254, MTU WAN 1500, keamanan WiFi WPA2-PSK (AES), SSID broadcast aktif, dan mode radio sampai 1,2 Gbps pada 2,4 GHz serta 4,8 Gbps pada 5 GHz.","[""7059c14f-c840-5863-9050-2518f69aa8d5""]","[""7059c14f-c840-5863-9050-2518f69aa8d5""]",auto_validated
Q-156,Q-056,e65eaa31-8579-448d-a22c-88a8fde64409:OUTLINE:79aeb7edd70d3319,e65eaa31-8579-448d-a22c-88a8fde64409,netgear-rax50.pdf,RAX50,Hardware Setup > Position your router,troubleshooting_diagnostics,id,Mengapa memindahkan RAX50 bisa mengubah jangkauan Wi-Fi?,"Jangkauan dipengaruhi ketebalan dan jumlah dinding, access point lain, benda logam atau kaca besar, cermin, akuarium, beton, perangkat listrik, dan posisi router yang terlalu rendah atau tidak berada dalam garis pandang perangkat.","[""f42f57b0-65cd-5982-935c-289c54636287""]","[""f42f57b0-65cd-5982-935c-289c54636287""]",auto_validated
Q-157,Q-057,e65eaa31-8579-448d-a22c-88a8fde64409:OUTLINE:41ba92c1cd759ea9,e65eaa31-8579-448d-a22c-88a8fde64409,netgear-rax50.pdf,RAX50,Connect to the Network and Access the Router > Connect to the router network > Connect to the router WiFi network,setup_configuration,id,Bagaimana cara menghubungkan ponsel atau komputer ke Wi-Fi RAX50?,"Pastikan router menyala, buka pengaturan WiFi perangkat, pilih SSID yang tercetak pada label router, lalu masukkan network key/password pada label tersebut.","[""e00425b6-15d6-5234-b2e5-d0f194e4e777""]","[""e00425b6-15d6-5234-b2e5-d0f194e4e777""]",auto_validated
Q-158,Q-058,e65eaa31-8579-448d-a22c-88a8fde64409:OUTLINE:5c59851a56345ebf,e65eaa31-8579-448d-a22c-88a8fde64409,netgear-rax50.pdf,RAX50,Specify Your Internet Settings > Specify IPv6 Internet connections > Use auto config for an IPv6 Internet connection,facts_specifications,id,Bagaimana RAX50 mengatur IPv6 secara otomatis?,"Pilih Auto Config pada ADVANCED > Advanced Setup > IPv6. Router mendeteksi alamat IPv6 WAN/LAN, lalu Anda dapat mengisi host atau domain ISP bila diperlukan, memilih DNS dan metode penetapan alamat, serta menentukan filtering Secured atau Open sebelum menekan Apply.","[""e87e22a2-a89c-58a7-9ff2-ff82463e19a7""]","[""e87e22a2-a89c-58a7-9ff2-ff82463e19a7""]",auto_validated
Q-159,Q-059,e65eaa31-8579-448d-a22c-88a8fde64409:OUTLINE:121e62ef30e6e2d8,e65eaa31-8579-448d-a22c-88a8fde64409,netgear-rax50.pdf,RAX50,Control Access to the Internet > Network access control list > Manage allowed devices currently not on the network,troubleshooting_diagnostics,id,Bagaimana cara mengizinkan atau memblokir perangkat di RAX50?,"Di Security > Access Control buka daftar allowed devices yang tidak sedang terhubung. Add memasukkan MAC address dan nama, Remove from the list menghapus, dan Edit dapat mengubah Access Control menjadi Block atau mengganti nama; tekan Apply untuk menyimpan.","[""03914fcb-62c9-5345-8ab2-2475379fe1be""]","[""03914fcb-62c9-5345-8ab2-2475379fe1be""]",auto_validated
Q-160,Q-060,e65eaa31-8579-448d-a22c-88a8fde64409:OUTLINE:f362300bbbc0324c,e65eaa31-8579-448d-a22c-88a8fde64409,netgear-rax50.pdf,RAX50,Optimize Performance > Use Dynamic QoS to optimize Internet traffic management > Enable Dynamic QoS,features_security_maintenance_limitations,id,Bagaimana cara membuat RAX50 membagi internet dengan adil saat ada perangkat yang memakai banyak data?,"Buka QoS, centang Enable QoS, lalu gunakan Speedtest agar router mendeteksi bandwidth atau pilih pengisian manual untuk kecepatan download dan upload. Tekan Apply setelah nilainya ditentukan.","[""d2849132-6a3d-520c-8f2c-bd5e904e522d""]","[""d2849132-6a3d-520c-8f2c-bd5e904e522d""]",auto_validated
Q-161,Q-061,e65eaa31-8579-448d-a22c-88a8fde64409:OUTLINE:41d86e3c0982faa9,e65eaa31-8579-448d-a22c-88a8fde64409,netgear-rax50.pdf,RAX50,Optimize Performance > Use Dynamic QoS to optimize Internet traffic management > Manually update the dynamic QoS database,troubleshooting_diagnostics,id,Bagaimana cara memperbarui informasi pengaturan lalu lintas di RAX50?,"Masuk ke halaman QoS, pastikan Dynamic QoS aktif bila diperlukan, klik Update Now untuk mengunduh versi terbaru database, lalu tekan Apply.","[""93ffa849-c75e-5120-be9a-d99bb0eed70b""]","[""93ffa849-c75e-5120-be9a-d99bb0eed70b""]",auto_validated
Q-162,Q-062,e65eaa31-8579-448d-a22c-88a8fde64409:OUTLINE:5ae513b79530a608,e65eaa31-8579-448d-a22c-88a8fde64409,netgear-rax50.pdf,RAX50,Manage Your Router > Manage the router configuration file > Erase the settings,troubleshooting_diagnostics,id,Apa yang terjadi jika saya menghapus semua pengaturan RAX50?,"Semua pengaturan yang dibuat pengguna dihapus, router kembali ke konfigurasi pabrik, lalu restart sekitar dua menit. Jangan menutup browser, memuat halaman lain, atau mematikan router selama proses berlangsung.","[""03a4fccb-bb0c-56ec-b67b-eee79c190813""]","[""03a4fccb-bb0c-56ec-b67b-eee79c190813""]",auto_validated
Q-163,Q-063,e65eaa31-8579-448d-a22c-88a8fde64409:OUTLINE:8b9e84b41a8e2327,e65eaa31-8579-448d-a22c-88a8fde64409,netgear-rax50.pdf,RAX50,Use OpenVPN to Access Your Network > About VPN connections,facts_specifications,id,Apa yang bisa dan tidak bisa dilakukan layanan VPN RAX50?,"OpenVPN membuat tunnel client-to-gateway terenkripsi agar laptop dapat mengakses jaringan rumah dari luar. Router menyediakan layanan VPN, tetapi bukan VPN client ke provider eksternal sehingga tidak mengenkripsi trafik antara jaringan rumah dan Internet.","[""a13c3553-78f9-5ede-9cd9-390daad977b6""]","[""a13c3553-78f9-5ede-9cd9-390daad977b6""]",auto_validated
Q-164,Q-064,e65eaa31-8579-448d-a22c-88a8fde64409:OUTLINE:4961dff6fcaa17d5,e65eaa31-8579-448d-a22c-88a8fde64409,netgear-rax50.pdf,RAX50,Use OpenVPN to Access Your Network > Use VPN to access your Internet service at home > Block VPN client Internet access in the router,features_security_maintenance_limitations,id,Bagaimana cara agar pengguna VPN RAX50 hanya bisa mengakses jaringan rumah?,"Aktifkan VPN Service, pilih Home Network only pada bagian Clients will use this VPN connection to access, lalu tekan Apply. Dengan pilihan ini VPN tidak memberikan akses ke Internet rumah.","[""01143d51-a727-543c-b607-948530c2902c""]","[""01143d51-a727-543c-b607-948530c2902c""]",auto_validated
Q-165,Q-065,e65eaa31-8579-448d-a22c-88a8fde64409:OUTLINE:4c371fdde86b5510,e65eaa31-8579-448d-a22c-88a8fde64409,netgear-rax50.pdf,RAX50,Manage Port Forwarding and Port Triggering > Manage port forwarding to a local server > Delete a port forwarding entry,troubleshooting_diagnostics,id,Bagaimana cara menghapus aturan koneksi lama di RAX50?,"Buka ADVANCED > Advanced Setup > Port Forwarding/Port Triggering, biarkan Port Forwarding terpilih, pilih service pada tabel, lalu tekan Delete Service.","[""af31b6ec-73a8-5529-8fa5-da1f467d1bef""]","[""af31b6ec-73a8-5529-8fa5-da1f467d1bef""]",auto_validated
Q-166,Q-066,e65eaa31-8579-448d-a22c-88a8fde64409:OUTLINE:3d0101989fca1bb6,e65eaa31-8579-448d-a22c-88a8fde64409,netgear-rax50.pdf,RAX50,Troubleshooting > Troubleshoot your network using the ping utility > Test the path from a Windows-based computer to a remote device,troubleshooting_diagnostics,id,Bagaimana cara menguji apakah RAX50 dapat menjangkau alamat lain?,"Dari Run Windows jalankan `ping -n 10 <IP address>` untuk alamat remote seperti DNS ISP. Jika tidak ada balasan, periksa default gateway, perbedaan alamat jaringan, modem kabel/DSL, host name ISP, dan kemungkinan kebutuhan clone MAC address.","[""d6a2438e-ce2e-5744-b23d-64355bb7f3b2""]","[""d6a2438e-ce2e-5744-b23d-64355bb7f3b2""]",auto_validated
Q-167,Q-067,57d18421-8c71-47bc-992e-0d0dfdcdbbea:OUTLINE:51a6513bbc2a11e3,57d18421-8c71-47bc-992e-0d0dfdcdbbea,netgear-raxe500.pdf,RAXE500,Connect to the network and access the router > Connect to the network > Find and connect to the WiFi network,setup_configuration,id,Bagaimana cara menemukan dan tersambung ke Wi-Fi RAXE500?,"Pastikan router mendapat daya, cari nama WiFi pada perangkat, pilih SSID yang tercetak pada label router, lalu masukkan password pada label tersebut.","[""a3662689-f8b9-5c28-8c0a-b2185487bec9""]","[""a3662689-f8b9-5c28-8c0a-b2185487bec9""]",auto_validated
Q-168,Q-068,57d18421-8c71-47bc-992e-0d0dfdcdbbea:OUTLINE:f3161081da6e6415,57d18421-8c71-47bc-992e-0d0dfdcdbbea,netgear-raxe500.pdf,RAXE500,Connect to the network and access the router > Use a web browser to access the router > Automatic Internet Setup,troubleshooting_diagnostics,id,Halaman pengaturan RAXE500 tidak muncul atau pengaturan otomatis gagal. Apa yang bisa dicoba?,"Pastikan perangkat terhubung ke port LAN atau WiFi router, Power LED menyala, lalu tutup-buka browser atau hapus cache dan buka routerlogin.net. Jika komputer memakai IP statis, ubah agar memperoleh alamat otomatis; bila tetap gagal, periksa ulang informasi ISP atau hubungi ISP dan dukungan NETGEAR.","[""feb09c00-0fd2-5b2c-ae97-969bd349df0e""]","[""feb09c00-0fd2-5b2c-ae97-969bd349df0e""]",auto_validated
Q-169,Q-069,57d18421-8c71-47bc-992e-0d0dfdcdbbea:OUTLINE:88cdae4e848e09b9,57d18421-8c71-47bc-992e-0d0dfdcdbbea,netgear-raxe500.pdf,RAXE500,Specify Your Internet Settings > Manage the MTU size > MTU concepts,facts_specifications,id,Apa pengaruh pengaturan ukuran koneksi di RAXE500?,"Paket dipecah ketika perangkat di jalur memiliki MTU lebih kecil. Nilai umum adalah 1500 untuk Ethernet, 1492 untuk PPPoE, 1472 untuk ping, 1468 untuk sebagian DHCP, 1458 untuk PPPoA, dan 1436 untuk PPTP/VPN; nilai default sebaiknya dibiarkan kecuali dukungan ISP/NETGEAR menyarankan perubahan.","[""eae4f314-abe4-5229-ac3e-d9cc4c571b27""]","[""eae4f314-abe4-5229-ac3e-d9cc4c571b27""]",auto_validated
Q-170,Q-070,57d18421-8c71-47bc-992e-0d0dfdcdbbea:OUTLINE:bbfec0ebd44bf9d9,57d18421-8c71-47bc-992e-0d0dfdcdbbea,netgear-raxe500.pdf,RAXE500,Manage Network Settings > Disable the DHCP server feature in the router,setup_configuration,id,Bagaimana cara mematikan layanan RAXE500 yang otomatis memberi alamat kepada perangkat dengan aman?,"Buka ADVANCED > Setup > LAN Setup, hapus centang Use Router as DHCP Server, lalu Apply. Pastikan ada DHCP server lain; jika tidak, tetapkan alamat IP komputer secara manual agar masih dapat mengakses router.","[""8dba79ed-9bf8-5cb2-833b-a493317e765e""]","[""8dba79ed-9bf8-5cb2-833b-a493317e765e""]",auto_validated
Q-171,Q-071,57d18421-8c71-47bc-992e-0d0dfdcdbbea:OUTLINE:9738f3c7fd6b99bc,57d18421-8c71-47bc-992e-0d0dfdcdbbea,netgear-raxe500.pdf,RAXE500,Manage Network Settings > Enable or disable 20/40 MHz coexistence for the 2.4 GHz radio,features_security_maintenance_limitations,id,"Apakah RAXE500 bisa mengurangi gangguan dari Wi-Fi sekitar, dan apa kekurangannya?","Coexistence mengurangi interferensi dengan mendukung kanal 20 dan 40 MHz, tetapi dapat menurunkan kecepatan. Jika tidak ada jaringan WiFi lain, fitur dapat dinonaktifkan untuk kecepatan maksimum; pengaturan ini tidak berlaku pada radio 5 GHz.","[""33088b55-3bd9-50bd-8652-c3cd7fd2d88f""]","[""33088b55-3bd9-50bd-8652-c3cd7fd2d88f""]",auto_validated
Q-172,Q-072,57d18421-8c71-47bc-992e-0d0dfdcdbbea:OUTLINE:fbc9501ac3f3021b,57d18421-8c71-47bc-992e-0d0dfdcdbbea,netgear-raxe500.pdf,RAXE500,Manage Network Settings > Manage Ethernet Port Aggregation to a LAN Device > View or Change the Router Ethernet Port Aggregation Mode,facts_specifications,id,Apa saja pilihan untuk menggabungkan dua port jaringan RAXE500?,Disable adalah default dan membuat port 3 serta 4 berdiri sendiri. LACP (IEEE 802.3ad) mengagregasikan keduanya bila perangkat mendukungnya dan merupakan pilihan yang direkomendasikan. Static dipakai hanya bila perangkat mendukung static LAG; mode itu harus diaktifkan sebelum perangkat disambungkan.,"[""09ef238c-cabe-5ea4-9616-24e57ee8f002""]","[""09ef238c-cabe-5ea4-9616-24e57ee8f002""]",auto_validated
Q-173,Q-073,57d18421-8c71-47bc-992e-0d0dfdcdbbea:OUTLINE:b501c092002a51d8,57d18421-8c71-47bc-992e-0d0dfdcdbbea,netgear-raxe500.pdf,RAXE500,Manage Your Router > Monitor Internet traffic,facts_specifications,id,Bagaimana cara membuat batas atau peringatan pemakaian data di RAXE500?,"Aktifkan Traffic Meter pada ADVANCED > Advanced Setup > Traffic Meter, pilih batas volume download atau dua arah atau batas waktu koneksi, atur counter dan peringatan, lalu tentukan apakah Internet LED berkedip atau koneksi diputus ketika batas tercapai. Statistik dapat diperbarui dengan Refresh.","[""04f1b52b-9f18-591e-ac0a-b16ee4a34dad""]","[""04f1b52b-9f18-591e-ac0a-b16ee4a34dad""]",auto_validated
Q-174,Q-074,57d18421-8c71-47bc-992e-0d0dfdcdbbea:OUTLINE:536e38dc6e76c4f9,57d18421-8c71-47bc-992e-0d0dfdcdbbea,netgear-raxe500.pdf,RAXE500,Manage Your Router > Set your time zone,setup_configuration,id,Bagaimana cara mengatur zona waktu dan penyesuaian daylight saving di RAXE500?,"Buka ADVANCED > Administration > NTP Settings, pilih zona waktu, centang penyesuaian daylight saving bila wilayah membutuhkannya, lalu tekan Apply.","[""8533530e-9001-5a31-a453-6077909ff031""]","[""8533530e-9001-5a31-a453-6077909ff031""]",auto_validated
Q-175,Q-075,57d18421-8c71-47bc-992e-0d0dfdcdbbea:OUTLINE:7e8558c76cede228,57d18421-8c71-47bc-992e-0d0dfdcdbbea,netgear-raxe500.pdf,RAXE500,Share USB Storage Devices Attached to the Router > Add a network folder on a USB storage device,features_security_maintenance_limitations,id,Bagaimana cara membagikan folder dari flash disk USB di RAXE500?,"Di ADVANCED > USB Functions > ReadySHARE Storage pilih perangkat, tekan Create Network Folder, pilih folder dan nama share, lalu atur Read Access dan Write Access. All tanpa password adalah default; alternatifnya hanya admin yang boleh mengakses.","[""b2cee766-ed4f-59bb-8d66-703a2aecba75""]","[""b2cee766-ed4f-59bb-8d66-703a2aecba75""]",auto_validated
Q-176,Q-076,57d18421-8c71-47bc-992e-0d0dfdcdbbea:OUTLINE:7bbe03a0d66739df,57d18421-8c71-47bc-992e-0d0dfdcdbbea,netgear-raxe500.pdf,RAXE500,Use VPN to Access Your Network > Use VPN to access your Internet service at home > Set up VPN client Internet access in the router,features_security_maintenance_limitations,id,Bagaimana pengguna VPN di RAXE500 juga bisa memakai internet rumah?,"Aktifkan VPN Service, pilih All sites on the Internet & Home Network, Apply, lalu unduh konfigurasi untuk Windows atau non-Windows dan salin ke folder client. Trafik Internet melalui VPN rumah dapat lebih lambat daripada koneksi lokal.","[""0fc19ad4-a3f3-5128-a97a-000311ce8919""]","[""0fc19ad4-a3f3-5128-a97a-000311ce8919""]",auto_validated
Q-177,Q-077,57d18421-8c71-47bc-992e-0d0dfdcdbbea:OUTLINE:f67dde43cca3ccc5,57d18421-8c71-47bc-992e-0d0dfdcdbbea,netgear-raxe500.pdf,RAXE500,Troubleshooting > Quick tips > Sequence to restart your network,troubleshooting_diagnostics,id,Apa urutan yang benar untuk menyalakan ulang jaringan RAXE500?,"Matikan dan cabut modem, matikan router, sambungkan dan nyalakan modem lalu tunggu dua menit, kemudian nyalakan router dan tunggu dua menit lagi.","[""494eba00-b9d1-5fec-898e-b212c6f28baf""]","[""494eba00-b9d1-5fec-898e-b212c6f28baf""]",auto_validated
Q-178,Q-078,4431ab7b-17f3-4bc6-8ee4-691efbcdfdeb:OUTLINE:0dde3e7827c5a595,4431ab7b-17f3-4bc6-8ee4-691efbcdfdeb,netgear-rbk852.pdf,RBK852,Overview > Sync your Orbi satellite with your Orbi router,facts_specifications,id,Apa arti warna lampu satellite pada RBK852?,"Biru berarti sinkronisasi berhasil dan koneksi baik. Amber berarti koneksi cukup dan satellite sebaiknya didekatkan. Magenta berarti satellite perlu dicabut, dipindah lebih dekat, lalu dicoba lagi; jika tetap gagal, tekan Sync pada router dan satellite dalam waktu dua menit.","[""fd0ce992-9b7f-58e2-9140-f25a95a0b95b""]","[""fd0ce992-9b7f-58e2-9140-f25a95a0b95b""]",auto_validated
Q-179,Q-079,4431ab7b-17f3-4bc6-8ee4-691efbcdfdeb:OUTLINE:e0e51a7e3dee3e59,4431ab7b-17f3-4bc6-8ee4-691efbcdfdeb,netgear-rbk852.pdf,RBK852,Specify Your Internet Settings > Manage an IPv6 Internet connection > Specify IPv6 Internet connections,facts_specifications,id,Bagaimana cara memilih jenis koneksi IPv6 yang tepat di RBK852?,"Buka ADVANCED > Advanced > IPv6 dan pilih tipe yang sesuai. Jika tidak yakin, gunakan Auto Detect; gunakan Auto Config bila koneksi bukan PPPoE, DHCP, fixed, tetapi tetap IPv6. Pilihan lain yang didokumentasikan mencakup 6to4, 6rd, pass-through, fixed, DHCP, dan PPPoE.","[""bafbe93c-5d33-537b-82ee-2c89ca1550eb""]","[""bafbe93c-5d33-537b-82ee-2c89ca1550eb""]",auto_validated
Q-180,Q-080,4431ab7b-17f3-4bc6-8ee4-691efbcdfdeb:OUTLINE:1903b33777805e3f,4431ab7b-17f3-4bc6-8ee4-691efbcdfdeb,netgear-rbk852.pdf,RBK852,Specify Your Internet Settings > Manage an IPv6 Internet connection > Set up an IPv6 PPPoE Internet connection,setup_configuration,id,Bagaimana cara mengatur koneksi IPv6 yang memakai login provider di RBK852?,"Pilih PPPoE pada halaman IPv6, masukkan login, password, dan service name ISP bila ada, pilih DNS dan address assignment, opsi RIPng/interface ID bila diperlukan, lalu Apply. Mode Always On mencoba menyambungkan kembali bila koneksi terputus.","[""acfcfc10-9010-5a5e-9f6c-e4bbbf310479""]","[""acfcfc10-9010-5a5e-9f6c-e4bbbf310479""]",auto_validated
Q-181,Q-081,4431ab7b-17f3-4bc6-8ee4-691efbcdfdeb:OUTLINE:2c0ec2920cd14051,4431ab7b-17f3-4bc6-8ee4-691efbcdfdeb,netgear-rbk852.pdf,RBK852,Control Access to the Internet > Set up security event email notifications,features_security_maintenance_limitations,id,Bagaimana RBK852 bisa mengirim email tentang kejadian keamanan?,"Di ADVANCED > Security > E-mail aktifkan Turn Email Notification On, isi alamat email, SMTP server dan port, kredensial bila perlu, lalu atur alert segera atau jadwal log sebelum Apply. Jika alamat atau SMTP kosong, log dan alert tidak dikirim.","[""aee81160-3f45-597d-97ea-c7a1ad45d30a""]","[""aee81160-3f45-597d-97ea-c7a1ad45d30a""]",auto_validated
Q-182,Q-082,4431ab7b-17f3-4bc6-8ee4-691efbcdfdeb:OUTLINE:55fef29c1f4c52fd,4431ab7b-17f3-4bc6-8ee4-691efbcdfdeb,netgear-rbk852.pdf,RBK852,Specify Network Settings > Manage the WAN preference for Orbi router model RBR860 > Set up Internet port aggregation for Orbi router model RBR860,setup_configuration,id,Apa yang diperlukan untuk menghubungkan dua jalur antara modem dan RBR860?,"Modem harus mendukung LACP. Aktifkan WAN aggregation (10 Gbps + 1 Gbps, LACP-IEEE802.3ad) pada Internet Setup, lalu sambungkan port Internet 10G dan Ethernet port 1 router ke dua port Ethernet modem.","[""a6546993-1d1a-5eb2-b616-d7c4995490a6""]","[""a6546993-1d1a-5eb2-b616-d7c4995490a6""]",auto_validated
Q-183,Q-083,4431ab7b-17f3-4bc6-8ee4-691efbcdfdeb:OUTLINE:2a664108b43fe7f3,4431ab7b-17f3-4bc6-8ee4-691efbcdfdeb,netgear-rbk852.pdf,RBK852,Specify Network Settings > Manage custom static routes > Set up a static route,features_security_maintenance_limitations,id,Bagaimana cara memberi tahu RBK852 agar mengirim data ke jaringan lokal lain?,"Buka ADVANCED > Advanced > Static Routes, klik Add, isi nama, tujuan dan subnet mask, gateway, lalu pilih Active dan Private bila perlu sebelum Apply. Gateway harus berada pada segmen LAN yang sama; untuk satu host gunakan mask 255.255.255.255.","[""83b0f8da-6afa-5070-9d44-c12b3b247e8b""]","[""83b0f8da-6afa-5070-9d44-c12b3b247e8b""]",auto_validated
Q-184,Q-084,4431ab7b-17f3-4bc6-8ee4-691efbcdfdeb:OUTLINE:3ca2cd659c51d159,4431ab7b-17f3-4bc6-8ee4-691efbcdfdeb,netgear-rbk852.pdf,RBK852,Mantain and Monitor Your Network > Check your Internet bandwidth,facts_specifications,id,Bagaimana cara memeriksa kecepatan internet dari RBK852?,"Masuk ke orbilogin.com, pilih Speedtest, lalu tekan Take a Speedtest. Halaman menampilkan kecepatan download dan upload Internet.","[""0121bbc3-46f8-588c-b9d6-e7e69974a9fe""]","[""0121bbc3-46f8-588c-b9d6-e7e69974a9fe""]",auto_validated
Q-185,Q-085,4431ab7b-17f3-4bc6-8ee4-691efbcdfdeb:OUTLINE:4961dff6fcaa17d5,4431ab7b-17f3-4bc6-8ee4-691efbcdfdeb,netgear-rbk852.pdf,RBK852,Use OpenVPN to Access Your Network > Use VPN to access your Internet service at home > Block VPN client Internet access in the router,features_security_maintenance_limitations,id,Bagaimana cara mencegah pengguna VPN di RBK852 memakai internet rumah?,"Aktifkan VPN Service, pilih Home Network only pada pilihan akses client, lalu Apply. Pengaturan default ini menghalangi VPN client memakai layanan Internet rumah.","[""e8fbf22f-7fac-51cc-8b76-ef68177b1407""]","[""e8fbf22f-7fac-51cc-8b76-ef68177b1407""]",auto_validated
Q-186,Q-086,4431ab7b-17f3-4bc6-8ee4-691efbcdfdeb:OUTLINE:11e5a031343559ac,4431ab7b-17f3-4bc6-8ee4-691efbcdfdeb,netgear-rbk852.pdf,RBK852,Customize Internet Traffic Rules for Ports > Manage port forwarding to a local server > Set up port forwarding to a local server,features_security_maintenance_limitations,id,Bagaimana cara membuat koneksi dari luar menjangkau server di jaringan RBK852?,"Tentukan layanan/aplikasi, pastikan server memiliki IP lokal tetap, buka Port Forwarding / Port Triggering, pilih Port Forwarding, buat atau pilih nama layanan, masukkan IP server serta port/protokol yang diperlukan, dan Apply.","[""64c7ce15-7a5a-580d-adbe-160bed89ad0b""]","[""64c7ce15-7a5a-580d-adbe-160bed89ad0b""]",auto_validated
Q-187,Q-087,4431ab7b-17f3-4bc6-8ee4-691efbcdfdeb:OUTLINE:f67dde43cca3ccc5,4431ab7b-17f3-4bc6-8ee4-691efbcdfdeb,netgear-rbk852.pdf,RBK852,Troubleshooting > Quick tips > Sequence to restart your network,troubleshooting_diagnostics,id,Apa urutan menyalakan ulang RBK852 yang benar?,"Matikan dan cabut modem, matikan router, nyalakan modem dan tunggu dua menit, kemudian nyalakan router dan tunggu dua menit lagi.","[""594cc248-162e-5180-b1f6-243ea1c30a9e""]","[""594cc248-162e-5180-b1f6-243ea1c30a9e""]",auto_validated
Q-188,Q-088,4431ab7b-17f3-4bc6-8ee4-691efbcdfdeb:OUTLINE:3d986da173d7e0d6,4431ab7b-17f3-4bc6-8ee4-691efbcdfdeb,netgear-rbk852.pdf,RBK852,Troubleshooting > Troubleshoot your network using the ping utility > Test the path from your computer to a remote device,troubleshooting_diagnostics,id,Bagaimana cara menguji jalur dari komputer melalui RBK852 ke alamat lain?,"Setelah jalur LAN benar, jalankan `ping -n 10 <IP address>` dari Windows Run untuk alamat remote seperti DNS ISP. Jika tidak ada balasan, periksa default gateway, perbedaan network address, koneksi modem, host name ISP, dan kemungkinan clone MAC.","[""8989f72f-c45f-5a19-b2ce-b190765e7b28""]","[""8989f72f-c45f-5a19-b2ce-b190765e7b28""]",auto_validated
Q-189,Q-089,404fe683-4727-4c53-9c1d-9adf98a793c4:OUTLINE:89ac3ac6d4a7bbea,404fe683-4727-4c53-9c1d-9adf98a793c4,netgear-xr500.pdf,XR500,Hardware Setup > Unpack your router,facts_specifications,id,Apa saja isi paket XR500?,"Paket berisi router, empat antena, power adapter, dan kabel Ethernet.","[""3252b308-2ca3-5fec-b98f-6d89b53b5bb2""]","[""3252b308-2ca3-5fec-b98f-6d89b53b5bb2""]",auto_validated
Q-190,Q-090,404fe683-4727-4c53-9c1d-9adf98a793c4:OUTLINE:8c80cd632556e4e9,404fe683-4727-4c53-9c1d-9adf98a793c4,netgear-xr500.pdf,XR500,Specify Your Internet Settings > Manually set up the Internet connection > Specify an Internet connection without a login,setup_configuration,id,Bagaimana cara mengatur XR500 jika provider internet tidak meminta login?,"Buka Settings > Setup > Internet Setup, biarkan Does your Internet connection require a login? pada No, isi account/host atau domain bila diperlukan, pilih pengaturan IP, DNS, dan MAC yang sesuai, lalu Apply dan uji koneksi.","[""cb248990-463a-5428-8ee2-082f71f0484e""]","[""cb248990-463a-5428-8ee2-082f71f0484e""]",auto_validated
Q-191,Q-091,404fe683-4727-4c53-9c1d-9adf98a793c4:OUTLINE:404443cd868cae72,404fe683-4727-4c53-9c1d-9adf98a793c4,netgear-xr500.pdf,XR500,Customize Quality of Service Settings and Optimize Gaming > Manage bandwidth allocation > Prevent network congestion with Anti-Bufferbloat,features_security_maintenance_limitations,id,Bagaimana XR500 membantu ketika satu perangkat memakai internet terlalu banyak?,Fitur ini membatasi persentase maksimum bandwidth total yang boleh dipakai perangkat intensif bandwidth sehingga bandwidth tetap tersedia untuk perangkat lain dan antrean atau delay akibat kemacetan berkurang.,"[""44b909e7-8fcd-5a49-bae0-e2be984df636""]","[""44b909e7-8fcd-5a49-bae0-e2be984df636""]",auto_validated
Q-192,Q-092,404fe683-4727-4c53-9c1d-9adf98a793c4:OUTLINE:74afed194cd3e540,404fe683-4727-4c53-9c1d-9adf98a793c4,netgear-xr500.pdf,XR500,Customize Quality of Service Settings and Optimize Gaming > Manage traffic prioritization > Prioritize traffic for a device and view prioritization information,features_security_maintenance_limitations,id,Bagaimana XR500 membantu mengurangi lag saat jaringan sedang sibuk?,"Router dapat menempatkan trafik perangkat dan layanan ke bagian depan antrean agar lag berkurang. Prioritas berlaku untuk trafik keluar dan masuk, dan halaman menampilkan jumlah paket upload/download yang diprioritaskan serta status prioritas otomatis.","[""d9934c94-0789-5258-8d3c-3482e84637b0""]","[""d9934c94-0789-5258-8d3c-3482e84637b0""]",auto_validated
Q-193,Q-093,404fe683-4727-4c53-9c1d-9adf98a793c4:OUTLINE:fb4e7790552c591a,404fe683-4727-4c53-9c1d-9adf98a793c4,netgear-xr500.pdf,XR500,Manage the Router’s Network Settings > Manage reserved LAN IP addresses > Change a reserved IP address,features_security_maintenance_limitations,id,Bagaimana cara mengubah alamat lokal yang sudah dicadangkan di XR500?,"Di Settings > Setup > LAN Setup pilih radio button entri, klik Edit, ubah pengaturannya, Apply pada halaman Address Reservation, lalu Apply lagi pada LAN Setup untuk menyimpan perubahan.","[""e3bace6b-5d07-5dcc-8041-f1933c6cd04f""]","[""e3bace6b-5d07-5dcc-8041-f1933c6cd04f""]",auto_validated
Q-194,Q-094,404fe683-4727-4c53-9c1d-9adf98a793c4:OUTLINE:2a1f86ae07dbb7ba,404fe683-4727-4c53-9c1d-9adf98a793c4,netgear-xr500.pdf,XR500,Manage the Router’s WiFi Settings > Configure WPA/WPA2 enterprise WiFi security,features_security_maintenance_limitations,id,Apa yang diperlukan untuk keamanan Wi-Fi gaya kantor di XR500?,"Jaringan WiFi harus dapat mengakses server RADIUS karena mode Enterprise memakai RADIUS untuk Authentication, Authorization, and Accounting. Saat mengubah jaringan utama, gunakan koneksi kabel agar tidak terputus.","[""e8550a88-ca9e-5dc2-8bb3-4dd7ff222c8d""]","[""e8550a88-ca9e-5dc2-8bb3-4dd7ff222c8d""]",auto_validated
Q-195,Q-095,404fe683-4727-4c53-9c1d-9adf98a793c4:OUTLINE:9605907c7bf37548,404fe683-4727-4c53-9c1d-9adf98a793c4,netgear-xr500.pdf,XR500,Share USB Storage Devices Attached to the Router > Approve USB devices,features_security_maintenance_limitations,id,Bagaimana cara mengizinkan hanya perangkat USB yang disetujui di XR500?,"Sambungkan perangkat USB, buka Settings > USB Storage > USB Settings, pilih Approved Devices, pilih perangkat pada tabel Available USB Devices, lalu konfirmasi penyimpanannya.","[""dee55ef8-729a-51e5-9b1c-29cce4910ea6""]","[""dee55ef8-729a-51e5-9b1c-29cce4910ea6""]",auto_validated
Q-196,Q-096,404fe683-4727-4c53-9c1d-9adf98a793c4:OUTLINE:6096909eb580ff0a,404fe683-4727-4c53-9c1d-9adf98a793c4,netgear-xr500.pdf,XR500,Use Dynamic DNS to Access USB Storage Devices Through the Internet > Access USB storage devices through the Internet > Set up FTP access through the Internet,features_security_maintenance_limitations,id,Bagaimana cara membagikan penyimpanan USB XR500 melalui internet?,"Di Settings > USB Storage > ReadySHARE Storage centang FTP (via internet) dan Apply. Pilih perangkat, Edit, lalu tetapkan Read Access dan Write Access ke admin bila akses ingin dibatasi.","[""1d4788df-374d-52e0-a31b-c406a91abfcc""]","[""1d4788df-374d-52e0-a31b-c406a91abfcc""]",auto_validated
Q-197,Q-097,404fe683-4727-4c53-9c1d-9adf98a793c4:OUTLINE:3dba8dc2dd4b2305,404fe683-4727-4c53-9c1d-9adf98a793c4,netgear-xr500.pdf,XR500,Use Dynamic DNS to Access USB Storage Devices Through the Internet > Access USB storage devices through the Internet > Use FTP to access storage devices through the Internet,features_security_maintenance_limitations,id,Bagaimana cara membuka file USB XR500 dari komputer lain?,"Pastikan FTP over Internet sudah disiapkan, lalu gunakan browser untuk mengunduh atau FTP client seperti FileZilla untuk mengunggah. Masukkan `ftp://` diikuti IP Internet router atau nama DDNS; login dapat memakai admin atau guest sesuai hak akses.","[""9c7f8f5e-dadb-5ed0-b8be-baa2f11349a8""]","[""9c7f8f5e-dadb-5ed0-b8be-baa2f11349a8""]",auto_validated
Q-198,Q-098,404fe683-4727-4c53-9c1d-9adf98a793c4:OUTLINE:65bda46f8a067355,404fe683-4727-4c53-9c1d-9adf98a793c4,netgear-xr500.pdf,XR500,Use OpenVPN to Access Your Network > Install OpenVPN software on a VPN client > Install OpenVPN software on an Android device,features_security_maintenance_limitations,id,Bagaimana cara memakai layanan VPN XR500 di Android?,"Pasang OpenVPN Connect dari Google Play, buka routerlogin.net dari jaringan router, aktifkan VPN Service, pilih For Smart Phone untuk mengunduh konfigurasi, lalu impor file konfigurasi tersebut ke aplikasi Android.","[""65a39d84-6b18-50df-b32a-a7d46fbe2cfc""]","[""65a39d84-6b18-50df-b32a-a7d46fbe2cfc""]",auto_validated
Q-199,Q-099,404fe683-4727-4c53-9c1d-9adf98a793c4:OUTLINE:f34b65066a692479,404fe683-4727-4c53-9c1d-9adf98a793c4,netgear-xr500.pdf,XR500,Use VPN to Access An External Network > Enable the VPN client in the router and connect to a VPN server,features_security_maintenance_limitations,id,Apa yang perlu disiapkan sebelum memakai XR500 dengan VPN komersial?,"Router memiliki provider HideMyAss yang sudah didefinisikan, tetapi fitur membutuhkan lisensi dari provider. Aktifkan VPN Client pada Settings > Advanced Settings > VPN Client, pilih provider yang tersedia, dan masukkan kredensial atau pengaturan yang diminta.","[""36995834-66ad-5975-9724-aa9f228f5502""]","[""36995834-66ad-5975-9724-aa9f228f5502""]",auto_validated
Q-200,Q-100,404fe683-4727-4c53-9c1d-9adf98a793c4:OUTLINE:dd5db5544af2935a,404fe683-4727-4c53-9c1d-9adf98a793c4,netgear-xr500.pdf,XR500,Manage and Customize Internet Traffic Rules for Ports > Manage port triggering for services and applications > Add a port triggering service or application,features_security_maintenance_limitations,id,Bagaimana cara membuat game atau aplikasi bisa terhubung melalui XR500?,"Buka Settings > Advanced Settings > Port Triggering, klik Add Service, isi nama layanan, pilih user Any atau Single address, pilih TCP atau UDP, lalu masukkan port triggering/incoming dan simpan layanan.","[""75118c37-2376-50c5-b907-2ae6d10da16e""]","[""75118c37-2376-50c5-b907-2ae6d10da16e""]",auto_validated
