condition_id,condition_label,question_pair_id,question_family,product_model,en_chunk_precision@5,id_chunk_precision@5,id_minus_en_chunk_precision@5,en_chunk_success@5,id_chunk_success@5,id_minus_en_chunk_success@5,en_gold_block_recall@5,id_gold_block_recall@5,id_minus_en_gold_block_recall@5,en_chunk_ndcg@5,id_chunk_ndcg@5,id_minus_en_chunk_ndcg@5,both_language_success@5,language_disagreement@5,en_chunk_precision@10,id_chunk_precision@10,id_minus_en_chunk_precision@10,en_chunk_success@10,id_chunk_success@10,id_minus_en_chunk_success@10,en_gold_block_recall@10,id_gold_block_recall@10,id_minus_en_gold_block_recall@10,en_chunk_ndcg@10,id_chunk_ndcg@10,id_minus_en_chunk_ndcg@10,both_language_success@10,language_disagreement@10,en_chunk_precision@15,id_chunk_precision@15,id_minus_en_chunk_precision@15,en_chunk_success@15,id_chunk_success@15,id_minus_en_chunk_success@15,en_gold_block_recall@15,id_gold_block_recall@15,id_minus_en_gold_block_recall@15,en_chunk_ndcg@15,id_chunk_ndcg@15,id_minus_en_chunk_ndcg@15,both_language_success@15,language_disagreement@15,en_chunk_precision@20,id_chunk_precision@20,id_minus_en_chunk_precision@20,en_chunk_success@20,id_chunk_success@20,id_minus_en_chunk_success@20,en_gold_block_recall@20,id_gold_block_recall@20,id_minus_en_gold_block_recall@20,en_chunk_ndcg@20,id_chunk_ndcg@20,id_minus_en_chunk_ndcg@20,both_language_success@20,language_disagreement@20,en_chunk_precision@25,id_chunk_precision@25,id_minus_en_chunk_precision@25,en_chunk_success@25,id_chunk_success@25,id_minus_en_chunk_success@25,en_gold_block_recall@25,id_gold_block_recall@25,id_minus_en_gold_block_recall@25,en_chunk_ndcg@25,id_chunk_ndcg@25,id_minus_en_chunk_ndcg@25,both_language_success@25,language_disagreement@25,en_chunk_precision@30,id_chunk_precision@30,id_minus_en_chunk_precision@30,en_chunk_success@30,id_chunk_success@30,id_minus_en_chunk_success@30,en_gold_block_recall@30,id_gold_block_recall@30,id_minus_en_gold_block_recall@30,en_chunk_ndcg@30,id_chunk_ndcg@30,id_minus_en_chunk_ndcg@30,both_language_success@30,language_disagreement@30,en_chunk_precision@35,id_chunk_precision@35,id_minus_en_chunk_precision@35,en_chunk_success@35,id_chunk_success@35,id_minus_en_chunk_success@35,en_gold_block_recall@35,id_gold_block_recall@35,id_minus_en_gold_block_recall@35,en_chunk_ndcg@35,id_chunk_ndcg@35,id_minus_en_chunk_ndcg@35,both_language_success@35,language_disagreement@35,en_chunk_precision@40,id_chunk_precision@40,id_minus_en_chunk_precision@40,en_chunk_success@40,id_chunk_success@40,id_minus_en_chunk_success@40,en_gold_block_recall@40,id_gold_block_recall@40,id_minus_en_gold_block_recall@40,en_chunk_ndcg@40,id_chunk_ndcg@40,id_minus_en_chunk_ndcg@40,both_language_success@40,language_disagreement@40,en_chunk_precision@45,id_chunk_precision@45,id_minus_en_chunk_precision@45,en_chunk_success@45,id_chunk_success@45,id_minus_en_chunk_success@45,en_gold_block_recall@45,id_gold_block_recall@45,id_minus_en_gold_block_recall@45,en_chunk_ndcg@45,id_chunk_ndcg@45,id_minus_en_chunk_ndcg@45,both_language_success@45,language_disagreement@45,en_chunk_precision@50,id_chunk_precision@50,id_minus_en_chunk_precision@50,en_chunk_success@50,id_chunk_success@50,id_minus_en_chunk_success@50,en_gold_block_recall@50,id_gold_block_recall@50,id_minus_en_gold_block_recall@50,en_chunk_ndcg@50,id_chunk_ndcg@50,id_minus_en_chunk_ndcg@50,both_language_success@50,language_disagreement@50,en_chunk_precision@55,id_chunk_precision@55,id_minus_en_chunk_precision@55,en_chunk_success@55,id_chunk_success@55,id_minus_en_chunk_success@55,en_gold_block_recall@55,id_gold_block_recall@55,id_minus_en_gold_block_recall@55,en_chunk_ndcg@55,id_chunk_ndcg@55,id_minus_en_chunk_ndcg@55,both_language_success@55,language_disagreement@55,en_chunk_precision@60,id_chunk_precision@60,id_minus_en_chunk_precision@60,en_chunk_success@60,id_chunk_success@60,id_minus_en_chunk_success@60,en_gold_block_recall@60,id_gold_block_recall@60,id_minus_en_gold_block_recall@60,en_chunk_ndcg@60,id_chunk_ndcg@60,id_minus_en_chunk_ndcg@60,both_language_success@60,language_disagreement@60
baseline-generic-hybrid,Hybrid baseline,Q-001,facts_specifications,CM2000,0.2,0.2,0.0,1.0,1.0,0.0,1.0,1.0,0.0,1.0,0.43067655807339306,-0.5693234419266069,1,0,0.1,0.1,0.0,1.0,1.0,0.0,1.0,1.0,0.0,1.0,0.43067655807339306,-0.5693234419266069,1,0,0.06666666666666667,0.06666666666666667,0.0,1.0,1.0,0.0,1.0,1.0,0.0,1.0,0.43067655807339306,-0.5693234419266069,1,0,0.05,0.05,0.0,1.0,1.0,0.0,1.0,1.0,0.0,1.0,0.43067655807339306,-0.5693234419266069,1,0,0.04,0.04,0.0,1.0,1.0,0.0,1.0,1.0,0.0,1.0,0.43067655807339306,-0.5693234419266069,1,0,0.03333333333333333,0.03333333333333333,0.0,1.0,1.0,0.0,1.0,1.0,0.0,1.0,0.43067655807339306,-0.5693234419266069,1,0,0.02857142857142857,0.02857142857142857,0.0,1.0,1.0,0.0,1.0,1.0,0.0,1.0,0.43067655807339306,-0.5693234419266069,1,0,0.025,0.025,0.0,1.0,1.0,0.0,1.0,1.0,0.0,1.0,0.43067655807339306,-0.5693234419266069,1,0,0.022222222222222223,0.022222222222222223,0.0,1.0,1.0,0.0,1.0,1.0,0.0,1.0,0.43067655807339306,-0.5693234419266069,1,0,0.02,0.02,0.0,1.0,1.0,0.0,1.0,1.0,0.0,1.0,0.43067655807339306,-0.5693234419266069,1,0,0.01818181818181818,0.01818181818181818,0.0,1.0,1.0,0.0,1.0,1.0,0.0,1.0,0.43067655807339306,-0.5693234419266069,1,0,0.016666666666666666,0.016666666666666666,0.0,1.0,1.0,0.0,1.0,1.0,0.0,1.0,0.43067655807339306,-0.5693234419266069,1,0
baseline-generic-hybrid,Hybrid baseline,Q-002,facts_specifications,CM2000,0.2,0.2,0.0,1.0,1.0,0.0,1.0,1.0,0.0,0.5,0.38685280723454163,-0.11314719276545837,1,0,0.1,0.1,0.0,1.0,1.0,0.0,1.0,1.0,0.0,0.5,0.38685280723454163,-0.11314719276545837,1,0,0.06666666666666667,0.06666666666666667,0.0,1.0,1.0,0.0,1.0,1.0,0.0,0.5,0.38685280723454163,-0.11314719276545837,1,0,0.05,0.05,0.0,1.0,1.0,0.0,1.0,1.0,0.0,0.5,0.38685280723454163,-0.11314719276545837,1,0,0.04,0.04,0.0,1.0,1.0,0.0,1.0,1.0,0.0,0.5,0.38685280723454163,-0.11314719276545837,1,0,0.03333333333333333,0.03333333333333333,0.0,1.0,1.0,0.0,1.0,1.0,0.0,0.5,0.38685280723454163,-0.11314719276545837,1,0,0.02857142857142857,0.02857142857142857,0.0,1.0,1.0,0.0,1.0,1.0,0.0,0.5,0.38685280723454163,-0.11314719276545837,1,0,0.025,0.025,0.0,1.0,1.0,0.0,1.0,1.0,0.0,0.5,0.38685280723454163,-0.11314719276545837,1,0,0.022222222222222223,0.022222222222222223,0.0,1.0,1.0,0.0,1.0,1.0,0.0,0.5,0.38685280723454163,-0.11314719276545837,1,0,0.02,0.02,0.0,1.0,1.0,0.0,1.0,1.0,0.0,0.5,0.38685280723454163,-0.11314719276545837,1,0,0.01818181818181818,0.01818181818181818,0.0,1.0,1.0,0.0,1.0,1.0,0.0,0.5,0.38685280723454163,-0.11314719276545837,1,0,0.016666666666666666,0.016666666666666666,0.0,1.0,1.0,0.0,1.0,1.0,0.0,0.5,0.38685280723454163,-0.11314719276545837,1,0
baseline-generic-hybrid,Hybrid baseline,Q-003,setup_configuration,CM2000,0.4,0.4,0.0,1.0,1.0,0.0,1.0,1.0,0.0,0.5307212739772434,0.4367467095119258,-0.09397456446531766,1,0,0.3,0.3,0.0,1.0,1.0,0.0,1.0,1.0,0.0,0.6978817289434457,0.5780136823717548,-0.11986804657169092,1,0,0.2,0.2,0.0,1.0,1.0,0.0,1.0,1.0,0.0,0.6978817289434457,0.5780136823717548,-0.11986804657169092,1,0,0.15,0.15,0.0,1.0,1.0,0.0,1.0,1.0,0.0,0.6978817289434457,0.5780136823717548,-0.11986804657169092,1,0,0.12,0.12,0.0,1.0,1.0,0.0,1.0,1.0,0.0,0.6978817289434457,0.5780136823717548,-0.11986804657169092,1,0,0.1,0.1,0.0,1.0,1.0,0.0,1.0,1.0,0.0,0.6978817289434457,0.5780136823717548,-0.11986804657169092,1,0,0.08571428571428572,0.08571428571428572,0.0,1.0,1.0,0.0,1.0,1.0,0.0,0.6978817289434457,0.5780136823717548,-0.11986804657169092,1,0,0.075,0.075,0.0,1.0,1.0,0.0,1.0,1.0,0.0,0.6978817289434457,0.5780136823717548,-0.11986804657169092,1,0,0.06666666666666667,0.06666666666666667,0.0,1.0,1.0,0.0,1.0,1.0,0.0,0.6978817289434457,0.5780136823717548,-0.11986804657169092,1,0,0.06,0.06,0.0,1.0,1.0,0.0,1.0,1.0,0.0,0.6978817289434457,0.5780136823717548,-0.11986804657169092,1,0,0.05454545454545454,0.05454545454545454,0.0,1.0,1.0,0.0,1.0,1.0,0.0,0.6978817289434457,0.5780136823717548,-0.11986804657169092,1,0,0.05,0.05,0.0,1.0,1.0,0.0,1.0,1.0,0.0,0.6978817289434457,0.5780136823717548,-0.11986804657169092,1,0
baseline-generic-hybrid,Hybrid baseline,Q-004,setup_configuration,CM2000,0.2,0.4,0.2,1.0,1.0,0.0,1.0,1.0,0.0,0.46927872602275644,0.9197207891481876,0.4504420631254311,1,0,0.1,0.2,0.1,1.0,1.0,0.0,1.0,1.0,0.0,0.46927872602275644,0.9197207891481876,0.4504420631254311,1,0,0.13333333333333333,0.13333333333333333,0.0,1.0,1.0,0.0,1.0,1.0,0.0,0.6001807161909536,0.9197207891481876,0.31954007295723397,1,0,0.15,0.1,-0.04999999999999999,1.0,1.0,0.0,1.0,1.0,0.0,0.7070215204527439,0.9197207891481876,0.21269926869544364,1,0,0.12,0.08,-0.039999999999999994,1.0,1.0,0.0,1.0,1.0,0.0,0.7070215204527439,0.9197207891481876,0.21269926869544364,1,0,0.1,0.06666666666666667,-0.03333333333333334,1.0,1.0,0.0,1.0,1.0,0.0,0.7070215204527439,0.9197207891481876,0.21269926869544364,1,0,0.08571428571428572,0.05714285714285714,-0.028571428571428574,1.0,1.0,0.0,1.0,1.0,0.0,0.7070215204527439,0.9197207891481876,0.21269926869544364,1,0,0.075,0.05,-0.024999999999999994,1.0,1.0,0.0,1.0,1.0,0.0,0.7070215204527439,0.9197207891481876,0.21269926869544364,1,0,0.06666666666666667,0.044444444444444446,-0.02222222222222222,1.0,1.0,0.0,1.0,1.0,0.0,0.7070215204527439,0.9197207891481876,0.21269926869544364,1,0,0.06,0.04,-0.019999999999999997,1.0,1.0,0.0,1.0,1.0,0.0,0.7070215204527439,0.9197207891481876,0.21269926869544364,1,0,0.05454545454545454,0.03636363636363636,-0.01818181818181818,1.0,1.0,0.0,1.0,1.0,0.0,0.7070215204527439,0.9197207891481876,0.21269926869544364,1,0,0.05,0.03333333333333333,-0.01666666666666667,1.0,1.0,0.0,1.0,1.0,0.0,0.7070215204527439,0.9197207891481876,0.21269926869544364,1,0
baseline-generic-hybrid,Hybrid baseline,Q-005,facts_specifications,CM2000,0.0,0.0,0.0,0.0,0.0,0.0,0.0,0.0,0.0,0.0,0.0,0.0,0,0,0.1,0.0,-0.1,1.0,0.0,-1.0,1.0,0.0,-1.0,0.15642624200758548,0.0,-0.15642624200758548,0,1,0.2,0.0,-0.2,1.0,0.0,-1.0,1.0,0.0,-1.0,0.3970017627059981,0.0,-0.3970017627059981,0,1,0.15,0.0,-0.15,1.0,0.0,-1.0,1.0,0.0,-1.0,0.3970017627059981,0.0,-0.3970017627059981,0,1,0.12,0.0,-0.12,1.0,0.0,-1.0,1.0,0.0,-1.0,0.3970017627059981,0.0,-0.3970017627059981,0,1,0.1,0.0,-0.1,1.0,0.0,-1.0,1.0,0.0,-1.0,0.3970017627059981,0.0,-0.3970017627059981,0,1,0.08571428571428572,0.0,-0.08571428571428572,1.0,0.0,-1.0,1.0,0.0,-1.0,0.3970017627059981,0.0,-0.3970017627059981,0,1,0.075,0.0,-0.075,1.0,0.0,-1.0,1.0,0.0,-1.0,0.3970017627059981,0.0,-0.3970017627059981,0,1,0.06666666666666667,0.0,-0.06666666666666667,1.0,0.0,-1.0,1.0,0.0,-1.0,0.3970017627059981,0.0,-0.3970017627059981,0,1,0.06,0.0,-0.06,1.0,0.0,-1.0,1.0,0.0,-1.0,0.3970017627059981,0.0,-0.3970017627059981,0,1,0.05454545454545454,0.0,-0.05454545454545454,1.0,0.0,-1.0,1.0,0.0,-1.0,0.3970017627059981,0.0,-0.3970017627059981,0,1,0.05,0.0,-0.05,1.0,0.0,-1.0,1.0,0.0,-1.0,0.3970017627059981,0.0,-0.3970017627059981,0,1
baseline-generic-hybrid,Hybrid baseline,Q-006,troubleshooting_diagnostics,CM2000,0.0,0.0,0.0,0.0,0.0,0.0,0.0,0.0,0.0,0.0,0.0,0.0,0,0,0.0,0.1,0.1,0.0,1.0,1.0,0.0,1.0,1.0,0.0,0.3562071871080222,0.3562071871080222,0,1,0.0,0.06666666666666667,0.06666666666666667,0.0,1.0,1.0,0.0,1.0,1.0,0.0,0.3562071871080222,0.3562071871080222,0,1,0.0,0.05,0.05,0.0,1.0,1.0,0.0,1.0,1.0,0.0,0.3562071871080222,0.3562071871080222,0,1,0.0,0.04,0.04,0.0,1.0,1.0,0.0,1.0,1.0,0.0,0.3562071871080222,0.3562071871080222,0,1,0.0,0.03333333333333333,0.03333333333333333,0.0,1.0,1.0,0.0,1.0,1.0,0.0,0.3562071871080222,0.3562071871080222,0,1,0.0,0.02857142857142857,0.02857142857142857,0.0,1.0,1.0,0.0,1.0,1.0,0.0,0.3562071871080222,0.3562071871080222,0,1,0.0,0.025,0.025,0.0,1.0,1.0,0.0,1.0,1.0,0.0,0.3562071871080222,0.3562071871080222,0,1,0.022222222222222223,0.022222222222222223,0.0,1.0,1.0,0.0,1.0,1.0,0.0,0.1854490234153689,0.3562071871080222,0.1707581636926533,1,0,0.02,0.02,0.0,1.0,1.0,0.0,1.0,1.0,0.0,0.1854490234153689,0.3562071871080222,0.1707581636926533,1,0,0.01818181818181818,0.01818181818181818,0.0,1.0,1.0,0.0,1.0,1.0,0.0,0.1854490234153689,0.3562071871080222,0.1707581636926533,1,0,0.016666666666666666,0.016666666666666666,0.0,1.0,1.0,0.0,1.0,1.0,0.0,0.1854490234153689,0.3562071871080222,0.1707581636926533,1,0
baseline-generic-hybrid,Hybrid baseline,Q-007,troubleshooting_diagnostics,CM2000,0.2,0.2,0.0,1.0,1.0,0.0,1.0,1.0,0.0,0.6131471927654584,0.5,-0.11314719276545837,1,0,0.1,0.1,0.0,1.0,1.0,0.0,1.0,1.0,0.0,0.6131471927654584,0.5,-0.11314719276545837,1,0,0.13333333333333333,0.06666666666666667,-0.06666666666666667,1.0,1.0,0.0,1.0,1.0,0.0,0.778842958530688,0.5,-0.27884295853068797,1,0,0.1,0.05,-0.05,1.0,1.0,0.0,1.0,1.0,0.0,0.778842958530688,0.5,-0.27884295853068797,1,0,0.08,0.04,-0.04,1.0,1.0,0.0,1.0,1.0,0.0,0.778842958530688,0.5,-0.27884295853068797,1,0,0.06666666666666667,0.03333333333333333,-0.03333333333333333,1.0,1.0,0.0,1.0,1.0,0.0,0.778842958530688,0.5,-0.27884295853068797,1,0,0.05714285714285714,0.02857142857142857,-0.02857142857142857,1.0,1.0,0.0,1.0,1.0,0.0,0.778842958530688,0.5,-0.27884295853068797,1,0,0.05,0.025,-0.025,1.0,1.0,0.0,1.0,1.0,0.0,0.778842958530688,0.5,-0.27884295853068797,1,0,0.044444444444444446,0.022222222222222223,-0.022222222222222223,1.0,1.0,0.0,1.0,1.0,0.0,0.778842958530688,0.5,-0.27884295853068797,1,0,0.04,0.02,-0.02,1.0,1.0,0.0,1.0,1.0,0.0,0.778842958530688,0.5,-0.27884295853068797,1,0,0.03636363636363636,0.01818181818181818,-0.01818181818181818,1.0,1.0,0.0,1.0,1.0,0.0,0.778842958530688,0.5,-0.27884295853068797,1,0,0.03333333333333333,0.016666666666666666,-0.016666666666666666,1.0,1.0,0.0,1.0,1.0,0.0,0.778842958530688,0.5,-0.27884295853068797,1,0
baseline-generic-hybrid,Hybrid baseline,Q-008,troubleshooting_diagnostics,CM2000,0.0,0.0,0.0,0.0,0.0,0.0,0.0,0.0,0.0,0.0,0.0,0.0,0,0,0.1,0.0,-0.1,1.0,0.0,-1.0,1.0,0.0,-1.0,0.17723928678404774,0.0,-0.17723928678404774,0,1,0.06666666666666667,0.06666666666666667,0.0,1.0,1.0,0.0,1.0,1.0,0.0,0.17723928678404774,0.27023815442731974,0.092998867643272,1,0,0.05,0.05,0.0,1.0,1.0,0.0,1.0,1.0,0.0,0.17723928678404774,0.27023815442731974,0.092998867643272,1,0,0.08,0.04,-0.04,1.0,1.0,0.0,1.0,1.0,0.0,0.3127845050703717,0.27023815442731974,-0.042546350643051956,1,0,0.06666666666666667,0.03333333333333333,-0.03333333333333333,1.0,1.0,0.0,1.0,1.0,0.0,0.3127845050703717,0.27023815442731974,-0.042546350643051956,1,0,0.05714285714285714,0.02857142857142857,-0.02857142857142857,1.0,1.0,0.0,1.0,1.0,0.0,0.3127845050703717,0.27023815442731974,-0.042546350643051956,1,0,0.05,0.025,-0.025,1.0,1.0,0.0,1.0,1.0,0.0,0.3127845050703717,0.27023815442731974,-0.042546350643051956,1,0,0.044444444444444446,0.022222222222222223,-0.022222222222222223,1.0,1.0,0.0,1.0,1.0,0.0,0.3127845050703717,0.27023815442731974,-0.042546350643051956,1,0,0.04,0.02,-0.02,1.0,1.0,0.0,1.0,1.0,0.0,0.3127845050703717,0.27023815442731974,-0.042546350643051956,1,0,0.03636363636363636,0.01818181818181818,-0.01818181818181818,1.0,1.0,0.0,1.0,1.0,0.0,0.3127845050703717,0.27023815442731974,-0.042546350643051956,1,0,0.03333333333333333,0.016666666666666666,-0.016666666666666666,1.0,1.0,0.0,1.0,1.0,0.0,0.3127845050703717,0.27023815442731974,-0.042546350643051956,1,0
baseline-generic-hybrid,Hybrid baseline,Q-009,facts_specifications,CM2000,0.0,0.0,0.0,0.0,0.0,0.0,0.0,0.0,0.0,0.0,0.0,0.0,0,0,0.0,0.1,0.1,0.0,1.0,1.0,0.0,1.0,1.0,0.0,0.19342640361727081,0.19342640361727081,0,1,0.0,0.06666666666666667,0.06666666666666667,0.0,1.0,1.0,0.0,1.0,1.0,0.0,0.19342640361727081,0.19342640361727081,0,1,0.05,0.1,0.05,1.0,1.0,0.0,1.0,1.0,0.0,0.24465054211822604,0.3377667179999921,0.09311617588176604,1,0,0.04,0.08,0.04,1.0,1.0,0.0,1.0,1.0,0.0,0.24465054211822604,0.3377667179999921,0.09311617588176604,1,0,0.03333333333333333,0.06666666666666667,0.03333333333333333,1.0,1.0,0.0,1.0,1.0,0.0,0.24465054211822604,0.3377667179999921,0.09311617588176604,1,0,0.02857142857142857,0.05714285714285714,0.02857142857142857,1.0,1.0,0.0,1.0,1.0,0.0,0.24465054211822604,0.3377667179999921,0.09311617588176604,1,0,0.025,0.05,0.025,1.0,1.0,0.0,1.0,1.0,0.0,0.24465054211822604,0.3377667179999921,0.09311617588176604,1,0,0.022222222222222223,0.044444444444444446,0.022222222222222223,1.0,1.0,0.0,1.0,1.0,0.0,0.24465054211822604,0.3377667179999921,0.09311617588176604,1,0,0.02,0.04,0.02,1.0,1.0,0.0,1.0,1.0,0.0,0.24465054211822604,0.3377667179999921,0.09311617588176604,1,0,0.01818181818181818,0.03636363636363636,0.01818181818181818,1.0,1.0,0.0,1.0,1.0,0.0,0.24465054211822604,0.3377667179999921,0.09311617588176604,1,0,0.016666666666666666,0.03333333333333333,0.016666666666666666,1.0,1.0,0.0,1.0,1.0,0.0,0.24465054211822604,0.3377667179999921,0.09311617588176604,1,0
baseline-generic-hybrid,Hybrid baseline,Q-010,setup_configuration,LM1200,0.2,0.2,0.0,1.0,1.0,0.0,1.0,1.0,0.0,1.0,0.6309297535714575,-0.36907024642854247,1,0,0.1,0.1,0.0,1.0,1.0,0.0,1.0,1.0,0.0,1.0,0.6309297535714575,-0.36907024642854247,1,0,0.06666666666666667,0.06666666666666667,0.0,1.0,1.0,0.0,1.0,1.0,0.0,1.0,0.6309297535714575,-0.36907024642854247,1,0,0.05,0.05,0.0,1.0,1.0,0.0,1.0,1.0,0.0,1.0,0.6309297535714575,-0.36907024642854247,1,0,0.04,0.04,0.0,1.0,1.0,0.0,1.0,1.0,0.0,1.0,0.6309297535714575,-0.36907024642854247,1,0,0.03333333333333333,0.03333333333333333,0.0,1.0,1.0,0.0,1.0,1.0,0.0,1.0,0.6309297535714575,-0.36907024642854247,1,0,0.02857142857142857,0.02857142857142857,0.0,1.0,1.0,0.0,1.0,1.0,0.0,1.0,0.6309297535714575,-0.36907024642854247,1,0,0.025,0.025,0.0,1.0,1.0,0.0,1.0,1.0,0.0,1.0,0.6309297535714575,-0.36907024642854247,1,0,0.022222222222222223,0.022222222222222223,0.0,1.0,1.0,0.0,1.0,1.0,0.0,1.0,0.6309297535714575,-0.36907024642854247,1,0,0.02,0.02,0.0,1.0,1.0,0.0,1.0,1.0,0.0,1.0,0.6309297535714575,-0.36907024642854247,1,0,0.01818181818181818,0.01818181818181818,0.0,1.0,1.0,0.0,1.0,1.0,0.0,1.0,0.6309297535714575,-0.36907024642854247,1,0,0.016666666666666666,0.016666666666666666,0.0,1.0,1.0,0.0,1.0,1.0,0.0,1.0,0.6309297535714575,-0.36907024642854247,1,0
baseline-generic-hybrid,Hybrid baseline,Q-011,setup_configuration,LM1200,0.0,0.0,0.0,0.0,0.0,0.0,0.0,0.0,0.0,0.0,0.0,0.0,0,0,0.1,0.0,-0.1,1.0,0.0,-1.0,1.0,0.0,-1.0,0.3010299956639812,0.0,-0.3010299956639812,0,1,0.06666666666666667,0.0,-0.06666666666666667,1.0,0.0,-1.0,1.0,0.0,-1.0,0.3010299956639812,0.0,-0.3010299956639812,0,1,0.05,0.05,0.0,1.0,1.0,0.0,1.0,1.0,0.0,0.3010299956639812,0.23540891336663824,-0.06562108229734295,1,0,0.04,0.04,0.0,1.0,1.0,0.0,1.0,1.0,0.0,0.3010299956639812,0.23540891336663824,-0.06562108229734295,1,0,0.03333333333333333,0.03333333333333333,0.0,1.0,1.0,0.0,1.0,1.0,0.0,0.3010299956639812,0.23540891336663824,-0.06562108229734295,1,0,0.02857142857142857,0.02857142857142857,0.0,1.0,1.0,0.0,1.0,1.0,0.0,0.3010299956639812,0.23540891336663824,-0.06562108229734295,1,0,0.025,0.025,0.0,1.0,1.0,0.0,1.0,1.0,0.0,0.3010299956639812,0.23540891336663824,-0.06562108229734295,1,0,0.022222222222222223,0.022222222222222223,0.0,1.0,1.0,0.0,1.0,1.0,0.0,0.3010299956639812,0.23540891336663824,-0.06562108229734295,1,0,0.02,0.02,0.0,1.0,1.0,0.0,1.0,1.0,0.0,0.3010299956639812,0.23540891336663824,-0.06562108229734295,1,0,0.01818181818181818,0.01818181818181818,0.0,1.0,1.0,0.0,1.0,1.0,0.0,0.3010299956639812,0.23540891336663824,-0.06562108229734295,1,0,0.016666666666666666,0.016666666666666666,0.0,1.0,1.0,0.0,1.0,1.0,0.0,0.3010299956639812,0.23540891336663824,-0.06562108229734295,1,0
baseline-generic-hybrid,Hybrid baseline,Q-012,setup_configuration,LM1200,0.0,0.0,0.0,0.0,0.0,0.0,0.0,0.0,0.0,0.0,0.0,0.0,0,0,0.0,0.0,0.0,0.0,0.0,0.0,0.0,0.0,0.0,0.0,0.0,0.0,0,0,0.0,0.0,0.0,0.0,0.0,0.0,0.0,0.0,0.0,0.0,0.0,0.0,0,0,0.0,0.0,0.0,0.0,0.0,0.0,0.0,0.0,0.0,0.0,0.0,0.0,0,0,0.0,0.0,0.0,0.0,0.0,0.0,0.0,0.0,0.0,0.0,0.0,0.0,0,0,0.0,0.0,0.0,0.0,0.0,0.0,0.0,0.0,0.0,0.0,0.0,0.0,0,0,0.0,0.0,0.0,0.0,0.0,0.0,0.0,0.0,0.0,0.0,0.0,0.0,0,0,0.0,0.0,0.0,0.0,0.0,0.0,0.0,0.0,0.0,0.0,0.0,0.0,0,0,0.0,0.0,0.0,0.0,0.0,0.0,0.0,0.0,0.0,0.0,0.0,0.0,0,0,0.0,0.0,0.0,0.0,0.0,0.0,0.0,0.0,0.0,0.0,0.0,0.0,0,0,0.0,0.0,0.0,0.0,0.0,0.0,0.0,0.0,0.0,0.0,0.0,0.0,0,0,0.0,0.0,0.0,0.0,0.0,0.0,0.0,0.0,0.0,0.0,0.0,0.0,0,0
baseline-generic-hybrid,Hybrid baseline,Q-013,setup_configuration,LM1200,0.4,0.2,-0.2,1.0,1.0,0.0,1.0,1.0,0.0,0.6366824387328317,0.18154179253735267,-0.455140646195479,1,0,0.3,0.2,-0.09999999999999998,1.0,1.0,0.0,1.0,1.0,0.0,0.7757386182436072,0.34870224750355494,-0.4270363707400523,1,0,0.26666666666666666,0.2,-0.06666666666666665,1.0,1.0,0.0,1.0,1.0,0.0,0.8846323793118396,0.4688179033016062,-0.41581447601023336,1,0,0.2,0.15,-0.05000000000000002,1.0,1.0,0.0,1.0,1.0,0.0,0.8846323793118396,0.4688179033016062,-0.41581447601023336,1,0,0.16,0.12,-0.04000000000000001,1.0,1.0,0.0,1.0,1.0,0.0,0.8846323793118396,0.4688179033016062,-0.41581447601023336,1,0,0.13333333333333333,0.1,-0.033333333333333326,1.0,1.0,0.0,1.0,1.0,0.0,0.8846323793118396,0.4688179033016062,-0.41581447601023336,1,0,0.11428571428571428,0.08571428571428572,-0.028571428571428567,1.0,1.0,0.0,1.0,1.0,0.0,0.8846323793118396,0.4688179033016062,-0.41581447601023336,1,0,0.1,0.075,-0.02500000000000001,1.0,1.0,0.0,1.0,1.0,0.0,0.8846323793118396,0.4688179033016062,-0.41581447601023336,1,0,0.08888888888888889,0.06666666666666667,-0.022222222222222227,1.0,1.0,0.0,1.0,1.0,0.0,0.8846323793118396,0.4688179033016062,-0.41581447601023336,1,0,0.08,0.06,-0.020000000000000004,1.0,1.0,0.0,1.0,1.0,0.0,0.8846323793118396,0.4688179033016062,-0.41581447601023336,1,0,0.07272727272727272,0.05454545454545454,-0.01818181818181818,1.0,1.0,0.0,1.0,1.0,0.0,0.8846323793118396,0.4688179033016062,-0.41581447601023336,1,0,0.06666666666666667,0.05,-0.016666666666666663,1.0,1.0,0.0,1.0,1.0,0.0,0.8846323793118396,0.4688179033016062,-0.41581447601023336,1,0
baseline-generic-hybrid,Hybrid baseline,Q-014,troubleshooting_diagnostics,LM1200,0.0,0.0,0.0,0.0,0.0,0.0,0.0,0.0,0.0,0.0,0.0,0.0,0,0,0.0,0.0,0.0,0.0,0.0,0.0,0.0,0.0,0.0,0.0,0.0,0.0,0,0,0.0,0.0,0.0,0.0,0.0,0.0,0.0,0.0,0.0,0.0,0.0,0.0,0,0,0.05,0.0,-0.05,1.0,0.0,-1.0,1.0,0.0,-1.0,0.23540891336663824,0.0,-0.23540891336663824,0,1,0.04,0.0,-0.04,1.0,0.0,-1.0,1.0,0.0,-1.0,0.23540891336663824,0.0,-0.23540891336663824,0,1,0.03333333333333333,0.0,-0.03333333333333333,1.0,0.0,-1.0,1.0,0.0,-1.0,0.23540891336663824,0.0,-0.23540891336663824,0,1,0.02857142857142857,0.0,-0.02857142857142857,1.0,0.0,-1.0,1.0,0.0,-1.0,0.23540891336663824,0.0,-0.23540891336663824,0,1,0.025,0.0,-0.025,1.0,0.0,-1.0,1.0,0.0,-1.0,0.23540891336663824,0.0,-0.23540891336663824,0,1,0.022222222222222223,0.0,-0.022222222222222223,1.0,0.0,-1.0,1.0,0.0,-1.0,0.23540891336663824,0.0,-0.23540891336663824,0,1,0.02,0.0,-0.02,1.0,0.0,-1.0,1.0,0.0,-1.0,0.23540891336663824,0.0,-0.23540891336663824,0,1,0.01818181818181818,0.0,-0.01818181818181818,1.0,0.0,-1.0,1.0,0.0,-1.0,0.23540891336663824,0.0,-0.23540891336663824,0,1,0.016666666666666666,0.0,-0.016666666666666666,1.0,0.0,-1.0,1.0,0.0,-1.0,0.23540891336663824,0.0,-0.23540891336663824,0,1
baseline-generic-hybrid,Hybrid baseline,Q-015,features_security_maintenance_limitations,LM1200,0.4,0.4,0.0,1.0,1.0,0.0,1.0,1.0,0.0,0.3156484524795145,0.34519134224686937,0.029542889767354863,1,0,0.4,0.2,-0.2,1.0,1.0,0.0,1.0,1.0,0.0,0.5247389799696899,0.34519134224686937,-0.1795476377228205,1,0,0.3333333333333333,0.26666666666666666,-0.06666666666666665,1.0,1.0,0.0,1.0,1.0,0.0,0.6115497562056162,0.52660846518946,-0.08494129101615622,1,0,0.25,0.25,0.0,1.0,1.0,0.0,1.0,1.0,0.0,0.6115497562056162,0.6079433105778798,-0.0036064456277364876,1,0,0.2,0.2,0.0,1.0,1.0,0.0,1.0,1.0,0.0,0.6115497562056162,0.6079433105778798,-0.0036064456277364876,1,0,0.16666666666666666,0.16666666666666666,0.0,1.0,1.0,0.0,1.0,1.0,0.0,0.6115497562056162,0.6079433105778798,-0.0036064456277364876,1,0,0.14285714285714285,0.14285714285714285,0.0,1.0,1.0,0.0,1.0,1.0,0.0,0.6115497562056162,0.6079433105778798,-0.0036064456277364876,1,0,0.125,0.125,0.0,1.0,1.0,0.0,1.0,1.0,0.0,0.6115497562056162,0.6079433105778798,-0.0036064456277364876,1,0,0.1111111111111111,0.1111111111111111,0.0,1.0,1.0,0.0,1.0,1.0,0.0,0.6115497562056162,0.6079433105778798,-0.0036064456277364876,1,0,0.1,0.1,0.0,1.0,1.0,0.0,1.0,1.0,0.0,0.6115497562056162,0.6079433105778798,-0.0036064456277364876,1,0,0.09090909090909091,0.09090909090909091,0.0,1.0,1.0,0.0,1.0,1.0,0.0,0.6115497562056162,0.6079433105778798,-0.0036064456277364876,1,0,0.08333333333333333,0.08333333333333333,0.0,1.0,1.0,0.0,1.0,1.0,0.0,0.6115497562056162,0.6079433105778798,-0.0036064456277364876,1,0
baseline-generic-hybrid,Hybrid baseline,Q-016,facts_specifications,LM1200,0.8,0.2,-0.6000000000000001,1.0,1.0,0.0,1.0,1.0,0.0,0.8687949224876582,0.16812753627111746,-0.7006673862165408,1,0,0.4,0.4,0.0,1.0,1.0,0.0,1.0,1.0,0.0,0.8687949224876582,0.5501555404615289,-0.3186393820261293,1,0,0.26666666666666666,0.26666666666666666,0.0,1.0,1.0,0.0,1.0,1.0,0.0,0.8687949224876582,0.5501555404615289,-0.3186393820261293,1,0,0.25,0.2,-0.04999999999999999,1.0,1.0,0.0,1.0,1.0,0.0,0.9460116107704121,0.5501555404615289,-0.39585607030888315,1,0,0.2,0.16,-0.04000000000000001,1.0,1.0,0.0,1.0,1.0,0.0,0.9460116107704121,0.5501555404615289,-0.39585607030888315,1,0,0.16666666666666666,0.13333333333333333,-0.033333333333333326,1.0,1.0,0.0,1.0,1.0,0.0,0.9460116107704121,0.5501555404615289,-0.39585607030888315,1,0,0.14285714285714285,0.11428571428571428,-0.028571428571428567,1.0,1.0,0.0,1.0,1.0,0.0,0.9460116107704121,0.5501555404615289,-0.39585607030888315,1,0,0.125,0.1,-0.024999999999999994,1.0,1.0,0.0,1.0,1.0,0.0,0.9460116107704121,0.5501555404615289,-0.39585607030888315,1,0,0.1111111111111111,0.08888888888888889,-0.022222222222222213,1.0,1.0,0.0,1.0,1.0,0.0,0.9460116107704121,0.5501555404615289,-0.39585607030888315,1,0,0.1,0.08,-0.020000000000000004,1.0,1.0,0.0,1.0,1.0,0.0,0.9460116107704121,0.5501555404615289,-0.39585607030888315,1,0,0.09090909090909091,0.07272727272727272,-0.018181818181818188,1.0,1.0,0.0,1.0,1.0,0.0,0.9460116107704121,0.5501555404615289,-0.39585607030888315,1,0,0.08333333333333333,0.06666666666666667,-0.016666666666666663,1.0,1.0,0.0,1.0,1.0,0.0,0.9460116107704121,0.5501555404615289,-0.39585607030888315,1,0
baseline-generic-hybrid,Hybrid baseline,Q-017,facts_specifications,LM1200,0.0,0.0,0.0,0.0,0.0,0.0,0.0,0.0,0.0,0.0,0.0,0.0,0,0,0.0,0.0,0.0,0.0,0.0,0.0,0.0,0.0,0.0,0.0,0.0,0.0,0,0,0.0,0.0,0.0,0.0,0.0,0.0,0.0,0.0,0.0,0.0,0.0,0.0,0,0,0.0,0.0,0.0,0.0,0.0,0.0,0.0,0.0,0.0,0.0,0.0,0.0,0,0,0.0,0.0,0.0,0.0,0.0,0.0,0.0,0.0,0.0,0.0,0.0,0.0,0,0,0.0,0.0,0.0,0.0,0.0,0.0,0.0,0.0,0.0,0.0,0.0,0.0,0,0,0.0,0.0,0.0,0.0,0.0,0.0,0.0,0.0,0.0,0.0,0.0,0.0,0,0,0.0,0.0,0.0,0.0,0.0,0.0,0.0,0.0,0.0,0.0,0.0,0.0,0,0,0.0,0.0,0.0,0.0,0.0,0.0,0.0,0.0,0.0,0.0,0.0,0.0,0,0,0.0,0.0,0.0,0.0,0.0,0.0,0.0,0.0,0.0,0.0,0.0,0.0,0,0,0.0,0.0,0.0,0.0,0.0,0.0,0.0,0.0,0.0,0.0,0.0,0.0,0,0,0.0,0.0,0.0,0.0,0.0,0.0,0.0,0.0,0.0,0.0,0.0,0.0,0,0
baseline-generic-hybrid,Hybrid baseline,Q-018,troubleshooting_diagnostics,LM1200,0.0,0.0,0.0,0.0,0.0,0.0,0.0,0.0,0.0,0.0,0.0,0.0,0,0,0.0,0.0,0.0,0.0,0.0,0.0,0.0,0.0,0.0,0.0,0.0,0.0,0,0,0.06666666666666667,0.0,-0.06666666666666667,1.0,0.0,-1.0,1.0,0.0,-1.0,0.1710330840677181,0.0,-0.1710330840677181,0,1,0.1,0.0,-0.1,1.0,0.0,-1.0,1.0,0.0,-1.0,0.3210398771760559,0.0,-0.3210398771760559,0,1,0.08,0.0,-0.08,1.0,0.0,-1.0,1.0,0.0,-1.0,0.3210398771760559,0.0,-0.3210398771760559,0,1,0.06666666666666667,0.0,-0.06666666666666667,1.0,0.0,-1.0,1.0,0.0,-1.0,0.3210398771760559,0.0,-0.3210398771760559,0,1,0.05714285714285714,0.0,-0.05714285714285714,1.0,0.0,-1.0,1.0,0.0,-1.0,0.3210398771760559,0.0,-0.3210398771760559,0,1,0.05,0.0,-0.05,1.0,0.0,-1.0,1.0,0.0,-1.0,0.3210398771760559,0.0,-0.3210398771760559,0,1,0.044444444444444446,0.0,-0.044444444444444446,1.0,0.0,-1.0,1.0,0.0,-1.0,0.3210398771760559,0.0,-0.3210398771760559,0,1,0.04,0.0,-0.04,1.0,0.0,-1.0,1.0,0.0,-1.0,0.3210398771760559,0.0,-0.3210398771760559,0,1,0.03636363636363636,0.0,-0.03636363636363636,1.0,0.0,-1.0,1.0,0.0,-1.0,0.3210398771760559,0.0,-0.3210398771760559,0,1,0.03333333333333333,0.0,-0.03333333333333333,1.0,0.0,-1.0,1.0,0.0,-1.0,0.3210398771760559,0.0,-0.3210398771760559,0,1
baseline-generic-hybrid,Hybrid baseline,Q-019,troubleshooting_diagnostics,LM1200,0.0,0.0,0.0,0.0,0.0,0.0,0.0,0.0,0.0,0.0,0.0,0.0,0,0,0.0,0.0,0.0,0.0,0.0,0.0,0.0,0.0,0.0,0.0,0.0,0.0,0,0,0.0,0.0,0.0,0.0,0.0,0.0,0.0,0.0,0.0,0.0,0.0,0.0,0,0,0.0,0.0,0.0,0.0,0.0,0.0,0.0,0.0,0.0,0.0,0.0,0.0,0,0,0.0,0.0,0.0,0.0,0.0,0.0,0.0,0.0,0.0,0.0,0.0,0.0,0,0,0.0,0.0,0.0,0.0,0.0,0.0,0.0,0.0,0.0,0.0,0.0,0.0,0,0,0.0,0.0,0.0,0.0,0.0,0.0,0.0,0.0,0.0,0.0,0.0,0.0,0,0,0.0,0.0,0.0,0.0,0.0,0.0,0.0,0.0,0.0,0.0,0.0,0.0,0,0,0.0,0.0,0.0,0.0,0.0,0.0,0.0,0.0,0.0,0.0,0.0,0.0,0,0,0.0,0.0,0.0,0.0,0.0,0.0,0.0,0.0,0.0,0.0,0.0,0.0,0,0,0.0,0.0,0.0,0.0,0.0,0.0,0.0,0.0,0.0,0.0,0.0,0.0,0,0,0.0,0.0,0.0,0.0,0.0,0.0,0.0,0.0,0.0,0.0,0.0,0.0,0,0
baseline-generic-hybrid,Hybrid baseline,Q-020,troubleshooting_diagnostics,R6350,0.0,0.0,0.0,0.0,0.0,0.0,0.0,0.0,0.0,0.0,0.0,0.0,0,0,0.0,0.0,0.0,0.0,0.0,0.0,0.0,0.0,0.0,0.0,0.0,0.0,0,0,0.0,0.0,0.0,0.0,0.0,0.0,0.0,0.0,0.0,0.0,0.0,0.0,0,0,0.0,0.0,0.0,0.0,0.0,0.0,0.0,0.0,0.0,0.0,0.0,0.0,0,0,0.04,0.0,-0.04,1.0,0.0,-1.0,1.0,0.0,-1.0,0.21533827903669653,0.0,-0.21533827903669653,0,1,0.03333333333333333,0.0,-0.03333333333333333,1.0,0.0,-1.0,1.0,0.0,-1.0,0.21533827903669653,0.0,-0.21533827903669653,0,1,0.02857142857142857,0.0,-0.02857142857142857,1.0,0.0,-1.0,1.0,0.0,-1.0,0.21533827903669653,0.0,-0.21533827903669653,0,1,0.025,0.0,-0.025,1.0,0.0,-1.0,1.0,0.0,-1.0,0.21533827903669653,0.0,-0.21533827903669653,0,1,0.022222222222222223,0.0,-0.022222222222222223,1.0,0.0,-1.0,1.0,0.0,-1.0,0.21533827903669653,0.0,-0.21533827903669653,0,1,0.02,0.0,-0.02,1.0,0.0,-1.0,1.0,0.0,-1.0,0.21533827903669653,0.0,-0.21533827903669653,0,1,0.01818181818181818,0.0,-0.01818181818181818,1.0,0.0,-1.0,1.0,0.0,-1.0,0.21533827903669653,0.0,-0.21533827903669653,0,1,0.016666666666666666,0.0,-0.016666666666666666,1.0,0.0,-1.0,1.0,0.0,-1.0,0.21533827903669653,0.0,-0.21533827903669653,0,1
baseline-generic-hybrid,Hybrid baseline,Q-021,troubleshooting_diagnostics,R6350,0.2,0.0,-0.2,1.0,0.0,-1.0,1.0,0.0,-1.0,0.38685280723454163,0.0,-0.38685280723454163,0,1,0.1,0.0,-0.1,1.0,0.0,-1.0,1.0,0.0,-1.0,0.38685280723454163,0.0,-0.38685280723454163,0,1,0.06666666666666667,0.0,-0.06666666666666667,1.0,0.0,-1.0,1.0,0.0,-1.0,0.38685280723454163,0.0,-0.38685280723454163,0,1,0.05,0.0,-0.05,1.0,0.0,-1.0,1.0,0.0,-1.0,0.38685280723454163,0.0,-0.38685280723454163,0,1,0.04,0.0,-0.04,1.0,0.0,-1.0,1.0,0.0,-1.0,0.38685280723454163,0.0,-0.38685280723454163,0,1,0.06666666666666667,0.0,-0.06666666666666667,1.0,0.0,-1.0,1.0,0.0,-1.0,0.5130672146973186,0.0,-0.5130672146973186,0,1,0.05714285714285714,0.0,-0.05714285714285714,1.0,0.0,-1.0,1.0,0.0,-1.0,0.5130672146973186,0.0,-0.5130672146973186,0,1,0.05,0.0,-0.05,1.0,0.0,-1.0,1.0,0.0,-1.0,0.5130672146973186,0.0,-0.5130672146973186,0,1,0.044444444444444446,0.0,-0.044444444444444446,1.0,0.0,-1.0,1.0,0.0,-1.0,0.5130672146973186,0.0,-0.5130672146973186,0,1,0.04,0.0,-0.04,1.0,0.0,-1.0,1.0,0.0,-1.0,0.5130672146973186,0.0,-0.5130672146973186,0,1,0.03636363636363636,0.0,-0.03636363636363636,1.0,0.0,-1.0,1.0,0.0,-1.0,0.5130672146973186,0.0,-0.5130672146973186,0,1,0.03333333333333333,0.0,-0.03333333333333333,1.0,0.0,-1.0,1.0,0.0,-1.0,0.5130672146973186,0.0,-0.5130672146973186,0,1
baseline-generic-hybrid,Hybrid baseline,Q-022,troubleshooting_diagnostics,R6350,0.2,0.0,-0.2,1.0,0.0,-1.0,1.0,0.0,-1.0,0.6309297535714575,0.0,-0.6309297535714575,0,1,0.1,0.1,0.0,1.0,1.0,0.0,1.0,1.0,0.0,0.6309297535714575,0.3010299956639812,-0.32989975790747633,1,0,0.06666666666666667,0.06666666666666667,0.0,1.0,1.0,0.0,1.0,1.0,0.0,0.6309297535714575,0.3010299956639812,-0.32989975790747633,1,0,0.05,0.05,0.0,1.0,1.0,0.0,1.0,1.0,0.0,0.6309297535714575,0.3010299956639812,-0.32989975790747633,1,0,0.04,0.04,0.0,1.0,1.0,0.0,1.0,1.0,0.0,0.6309297535714575,0.3010299956639812,-0.32989975790747633,1,0,0.03333333333333333,0.03333333333333333,0.0,1.0,1.0,0.0,1.0,1.0,0.0,0.6309297535714575,0.3010299956639812,-0.32989975790747633,1,0,0.02857142857142857,0.02857142857142857,0.0,1.0,1.0,0.0,1.0,1.0,0.0,0.6309297535714575,0.3010299956639812,-0.32989975790747633,1,0,0.025,0.025,0.0,1.0,1.0,0.0,1.0,1.0,0.0,0.6309297535714575,0.3010299956639812,-0.32989975790747633,1,0,0.022222222222222223,0.022222222222222223,0.0,1.0,1.0,0.0,1.0,1.0,0.0,0.6309297535714575,0.3010299956639812,-0.32989975790747633,1,0,0.02,0.02,0.0,1.0,1.0,0.0,1.0,1.0,0.0,0.6309297535714575,0.3010299956639812,-0.32989975790747633,1,0,0.01818181818181818,0.01818181818181818,0.0,1.0,1.0,0.0,1.0,1.0,0.0,0.6309297535714575,0.3010299956639812,-0.32989975790747633,1,0,0.016666666666666666,0.016666666666666666,0.0,1.0,1.0,0.0,1.0,1.0,0.0,0.6309297535714575,0.3010299956639812,-0.32989975790747633,1,0
baseline-generic-hybrid,Hybrid baseline,Q-023,troubleshooting_diagnostics,R6350,0.2,0.0,-0.2,1.0,0.0,-1.0,1.0,0.0,-1.0,0.5,0.0,-0.5,0,1,0.1,0.1,0.0,1.0,1.0,0.0,1.0,1.0,0.0,0.5,0.31546487678572877,-0.18453512321427123,1,0,0.06666666666666667,0.06666666666666667,0.0,1.0,1.0,0.0,1.0,1.0,0.0,0.5,0.31546487678572877,-0.18453512321427123,1,0,0.05,0.05,0.0,1.0,1.0,0.0,1.0,1.0,0.0,0.5,0.31546487678572877,-0.18453512321427123,1,0,0.04,0.04,0.0,1.0,1.0,0.0,1.0,1.0,0.0,0.5,0.31546487678572877,-0.18453512321427123,1,0,0.03333333333333333,0.03333333333333333,0.0,1.0,1.0,0.0,1.0,1.0,0.0,0.5,0.31546487678572877,-0.18453512321427123,1,0,0.02857142857142857,0.02857142857142857,0.0,1.0,1.0,0.0,1.0,1.0,0.0,0.5,0.31546487678572877,-0.18453512321427123,1,0,0.025,0.025,0.0,1.0,1.0,0.0,1.0,1.0,0.0,0.5,0.31546487678572877,-0.18453512321427123,1,0,0.022222222222222223,0.022222222222222223,0.0,1.0,1.0,0.0,1.0,1.0,0.0,0.5,0.31546487678572877,-0.18453512321427123,1,0,0.02,0.02,0.0,1.0,1.0,0.0,1.0,1.0,0.0,0.5,0.31546487678572877,-0.18453512321427123,1,0,0.01818181818181818,0.01818181818181818,0.0,1.0,1.0,0.0,1.0,1.0,0.0,0.5,0.31546487678572877,-0.18453512321427123,1,0,0.016666666666666666,0.016666666666666666,0.0,1.0,1.0,0.0,1.0,1.0,0.0,0.5,0.31546487678572877,-0.18453512321427123,1,0
baseline-generic-hybrid,Hybrid baseline,Q-024,setup_configuration,R6350,0.0,0.0,0.0,0.0,0.0,0.0,0.0,0.0,0.0,0.0,0.0,0.0,0,0,0.0,0.0,0.0,0.0,0.0,0.0,0.0,0.0,0.0,0.0,0.0,0.0,0,0,0.0,0.0,0.0,0.0,0.0,0.0,0.0,0.0,0.0,0.0,0.0,0.0,0,0,0.0,0.0,0.0,0.0,0.0,0.0,0.0,0.0,0.0,0.0,0.0,0.0,0,0,0.0,0.04,0.04,0.0,1.0,1.0,0.0,1.0,1.0,0.0,0.21810429198553155,0.21810429198553155,0,1,0.0,0.03333333333333333,0.03333333333333333,0.0,1.0,1.0,0.0,1.0,1.0,0.0,0.21810429198553155,0.21810429198553155,0,1,0.0,0.02857142857142857,0.02857142857142857,0.0,1.0,1.0,0.0,1.0,1.0,0.0,0.21810429198553155,0.21810429198553155,0,1,0.0,0.025,0.025,0.0,1.0,1.0,0.0,1.0,1.0,0.0,0.21810429198553155,0.21810429198553155,0,1,0.0,0.022222222222222223,0.022222222222222223,0.0,1.0,1.0,0.0,1.0,1.0,0.0,0.21810429198553155,0.21810429198553155,0,1,0.0,0.02,0.02,0.0,1.0,1.0,0.0,1.0,1.0,0.0,0.21810429198553155,0.21810429198553155,0,1,0.0,0.01818181818181818,0.01818181818181818,0.0,1.0,1.0,0.0,1.0,1.0,0.0,0.21810429198553155,0.21810429198553155,0,1,0.0,0.016666666666666666,0.016666666666666666,0.0,1.0,1.0,0.0,1.0,1.0,0.0,0.21810429198553155,0.21810429198553155,0,1
baseline-generic-hybrid,Hybrid baseline,Q-025,setup_configuration,R6350,0.2,0.2,0.0,1.0,1.0,0.0,1.0,1.0,0.0,0.18154179253735267,0.20210734650054757,0.0205655539631949,1,0,0.1,0.1,0.0,1.0,1.0,0.0,1.0,1.0,0.0,0.18154179253735267,0.20210734650054757,0.0205655539631949,1,0,0.06666666666666667,0.13333333333333333,0.06666666666666667,1.0,1.0,0.0,1.0,1.0,0.0,0.18154179253735267,0.32222300229859885,0.14068120976124618,1,0,0.05,0.1,0.05,1.0,1.0,0.0,1.0,1.0,0.0,0.18154179253735267,0.32222300229859885,0.14068120976124618,1,0,0.08,0.08,0.0,1.0,1.0,0.0,1.0,1.0,0.0,0.2867746486846474,0.32222300229859885,0.03544835361395143,1,0,0.06666666666666667,0.06666666666666667,0.0,1.0,1.0,0.0,1.0,1.0,0.0,0.2867746486846474,0.32222300229859885,0.03544835361395143,1,0,0.05714285714285714,0.05714285714285714,0.0,1.0,1.0,0.0,1.0,1.0,0.0,0.2867746486846474,0.32222300229859885,0.03544835361395143,1,0,0.05,0.05,0.0,1.0,1.0,0.0,1.0,1.0,0.0,0.2867746486846474,0.32222300229859885,0.03544835361395143,1,0,0.06666666666666667,0.06666666666666667,0.0,1.0,1.0,0.0,1.0,1.0,0.0,0.3717340878574363,0.40925028374912753,0.03751619589169125,1,0,0.06,0.06,0.0,1.0,1.0,0.0,1.0,1.0,0.0,0.3717340878574363,0.40925028374912753,0.03751619589169125,1,0,0.05454545454545454,0.05454545454545454,0.0,1.0,1.0,0.0,1.0,1.0,0.0,0.3717340878574363,0.40925028374912753,0.03751619589169125,1,0,0.05,0.05,0.0,1.0,1.0,0.0,1.0,1.0,0.0,0.3717340878574363,0.40925028374912753,0.03751619589169125,1,0
baseline-generic-hybrid,Hybrid baseline,Q-026,facts_specifications,R6350,0.4,0.4,0.0,1.0,1.0,0.0,1.0,1.0,0.0,0.8503449055347546,0.8503449055347546,0.0,1,0,0.2,0.2,0.0,1.0,1.0,0.0,1.0,1.0,0.0,0.8503449055347546,0.8503449055347546,0.0,1,0,0.13333333333333333,0.13333333333333333,0.0,1.0,1.0,0.0,1.0,1.0,0.0,0.8503449055347546,0.8503449055347546,0.0,1,0,0.1,0.1,0.0,1.0,1.0,0.0,1.0,1.0,0.0,0.8503449055347546,0.8503449055347546,0.0,1,0,0.08,0.08,0.0,1.0,1.0,0.0,1.0,1.0,0.0,0.8503449055347546,0.8503449055347546,0.0,1,0,0.06666666666666667,0.06666666666666667,0.0,1.0,1.0,0.0,1.0,1.0,0.0,0.8503449055347546,0.8503449055347546,0.0,1,0,0.05714285714285714,0.05714285714285714,0.0,1.0,1.0,0.0,1.0,1.0,0.0,0.8503449055347546,0.8503449055347546,0.0,1,0,0.05,0.05,0.0,1.0,1.0,0.0,1.0,1.0,0.0,0.8503449055347546,0.8503449055347546,0.0,1,0,0.044444444444444446,0.044444444444444446,0.0,1.0,1.0,0.0,1.0,1.0,0.0,0.8503449055347546,0.8503449055347546,0.0,1,0,0.04,0.04,0.0,1.0,1.0,0.0,1.0,1.0,0.0,0.8503449055347546,0.8503449055347546,0.0,1,0,0.03636363636363636,0.03636363636363636,0.0,1.0,1.0,0.0,1.0,1.0,0.0,0.8503449055347546,0.8503449055347546,0.0,1,0,0.03333333333333333,0.03333333333333333,0.0,1.0,1.0,0.0,1.0,1.0,0.0,0.8503449055347546,0.8503449055347546,0.0,1,0
baseline-generic-hybrid,Hybrid baseline,Q-027,setup_configuration,R6350,0.0,0.0,0.0,0.0,0.0,0.0,0.0,0.0,0.0,0.0,0.0,0.0,0,0,0.0,0.0,0.0,0.0,0.0,0.0,0.0,0.0,0.0,0.0,0.0,0.0,0,0,0.06666666666666667,0.0,-0.06666666666666667,1.0,0.0,-1.0,1.0,0.0,-1.0,0.26264953503719357,0.0,-0.26264953503719357,0,1,0.05,0.05,0.0,1.0,1.0,0.0,1.0,1.0,0.0,0.26264953503719357,0.23981246656813146,-0.02283706846906211,1,0,0.04,0.04,0.0,1.0,1.0,0.0,1.0,1.0,0.0,0.26264953503719357,0.23981246656813146,-0.02283706846906211,1,0,0.03333333333333333,0.03333333333333333,0.0,1.0,1.0,0.0,1.0,1.0,0.0,0.26264953503719357,0.23981246656813146,-0.02283706846906211,1,0,0.02857142857142857,0.02857142857142857,0.0,1.0,1.0,0.0,1.0,1.0,0.0,0.26264953503719357,0.23981246656813146,-0.02283706846906211,1,0,0.025,0.025,0.0,1.0,1.0,0.0,1.0,1.0,0.0,0.26264953503719357,0.23981246656813146,-0.02283706846906211,1,0,0.022222222222222223,0.022222222222222223,0.0,1.0,1.0,0.0,1.0,1.0,0.0,0.26264953503719357,0.23981246656813146,-0.02283706846906211,1,0,0.02,0.02,0.0,1.0,1.0,0.0,1.0,1.0,0.0,0.26264953503719357,0.23981246656813146,-0.02283706846906211,1,0,0.01818181818181818,0.01818181818181818,0.0,1.0,1.0,0.0,1.0,1.0,0.0,0.26264953503719357,0.23981246656813146,-0.02283706846906211,1,0,0.016666666666666666,0.016666666666666666,0.0,1.0,1.0,0.0,1.0,1.0,0.0,0.26264953503719357,0.23981246656813146,-0.02283706846906211,1,0
baseline-generic-hybrid,Hybrid baseline,Q-028,troubleshooting_diagnostics,R6350,0.0,0.2,0.2,0.0,1.0,1.0,0.0,1.0,1.0,0.0,0.43067655807339306,0.43067655807339306,0,1,0.0,0.1,0.1,0.0,1.0,1.0,0.0,1.0,1.0,0.0,0.43067655807339306,0.43067655807339306,0,1,0.0,0.06666666666666667,0.06666666666666667,0.0,1.0,1.0,0.0,1.0,1.0,0.0,0.43067655807339306,0.43067655807339306,0,1,0.05,0.05,0.0,1.0,1.0,0.0,1.0,1.0,0.0,0.227670248696953,0.43067655807339306,0.20300630937644007,1,0,0.04,0.04,0.0,1.0,1.0,0.0,1.0,1.0,0.0,0.227670248696953,0.43067655807339306,0.20300630937644007,1,0,0.03333333333333333,0.03333333333333333,0.0,1.0,1.0,0.0,1.0,1.0,0.0,0.227670248696953,0.43067655807339306,0.20300630937644007,1,0,0.02857142857142857,0.02857142857142857,0.0,1.0,1.0,0.0,1.0,1.0,0.0,0.227670248696953,0.43067655807339306,0.20300630937644007,1,0,0.025,0.025,0.0,1.0,1.0,0.0,1.0,1.0,0.0,0.227670248696953,0.43067655807339306,0.20300630937644007,1,0,0.022222222222222223,0.022222222222222223,0.0,1.0,1.0,0.0,1.0,1.0,0.0,0.227670248696953,0.43067655807339306,0.20300630937644007,1,0,0.02,0.02,0.0,1.0,1.0,0.0,1.0,1.0,0.0,0.227670248696953,0.43067655807339306,0.20300630937644007,1,0,0.01818181818181818,0.01818181818181818,0.0,1.0,1.0,0.0,1.0,1.0,0.0,0.227670248696953,0.43067655807339306,0.20300630937644007,1,0,0.016666666666666666,0.016666666666666666,0.0,1.0,1.0,0.0,1.0,1.0,0.0,0.227670248696953,0.43067655807339306,0.20300630937644007,1,0
baseline-generic-hybrid,Hybrid baseline,Q-029,features_security_maintenance_limitations,R6350,0.2,0.0,-0.2,1.0,0.0,-1.0,1.0,0.0,-1.0,0.43067655807339306,0.0,-0.43067655807339306,0,1,0.1,0.0,-0.1,1.0,0.0,-1.0,1.0,0.0,-1.0,0.43067655807339306,0.0,-0.43067655807339306,0,1,0.06666666666666667,0.06666666666666667,0.0,1.0,1.0,0.0,1.0,1.0,0.0,0.43067655807339306,0.27894294565112987,-0.1517336124222632,1,0,0.05,0.05,0.0,1.0,1.0,0.0,1.0,1.0,0.0,0.43067655807339306,0.27894294565112987,-0.1517336124222632,1,0,0.04,0.04,0.0,1.0,1.0,0.0,1.0,1.0,0.0,0.43067655807339306,0.27894294565112987,-0.1517336124222632,1,0,0.03333333333333333,0.03333333333333333,0.0,1.0,1.0,0.0,1.0,1.0,0.0,0.43067655807339306,0.27894294565112987,-0.1517336124222632,1,0,0.02857142857142857,0.02857142857142857,0.0,1.0,1.0,0.0,1.0,1.0,0.0,0.43067655807339306,0.27894294565112987,-0.1517336124222632,1,0,0.025,0.025,0.0,1.0,1.0,0.0,1.0,1.0,0.0,0.43067655807339306,0.27894294565112987,-0.1517336124222632,1,0,0.022222222222222223,0.022222222222222223,0.0,1.0,1.0,0.0,1.0,1.0,0.0,0.43067655807339306,0.27894294565112987,-0.1517336124222632,1,0,0.02,0.02,0.0,1.0,1.0,0.0,1.0,1.0,0.0,0.43067655807339306,0.27894294565112987,-0.1517336124222632,1,0,0.01818181818181818,0.01818181818181818,0.0,1.0,1.0,0.0,1.0,1.0,0.0,0.43067655807339306,0.27894294565112987,-0.1517336124222632,1,0,0.016666666666666666,0.016666666666666666,0.0,1.0,1.0,0.0,1.0,1.0,0.0,0.43067655807339306,0.27894294565112987,-0.1517336124222632,1,0
baseline-generic-hybrid,Hybrid baseline,Q-030,setup_configuration,R6350,0.2,0.2,0.0,1.0,1.0,0.0,1.0,1.0,0.0,0.19519002499605084,0.19519002499605084,0.0,1,0,0.1,0.2,0.1,1.0,1.0,0.0,1.0,1.0,0.0,0.19519002499605084,0.3080351663449861,0.11284514134893528,1,0,0.06666666666666667,0.13333333333333333,0.06666666666666667,1.0,1.0,0.0,1.0,1.0,0.0,0.19519002499605084,0.3080351663449861,0.11284514134893528,1,0,0.15,0.1,-0.04999999999999999,1.0,1.0,0.0,1.0,1.0,0.0,0.38102215427914865,0.3080351663449861,-0.07298698793416253,1,0,0.12,0.12,0.0,1.0,1.0,0.0,1.0,1.0,0.0,0.38102215427914865,0.3943344264820968,0.013312272202948172,1,0,0.13333333333333333,0.13333333333333333,0.0,1.0,1.0,0.0,1.0,1.0,0.0,0.4605796749504832,0.47553917552213953,0.014959500571656348,1,0,0.11428571428571428,0.11428571428571428,0.0,1.0,1.0,0.0,1.0,1.0,0.0,0.4605796749504832,0.47553917552213953,0.014959500571656348,1,0,0.1,0.1,0.0,1.0,1.0,0.0,1.0,1.0,0.0,0.4605796749504832,0.47553917552213953,0.014959500571656348,1,0,0.08888888888888889,0.08888888888888889,0.0,1.0,1.0,0.0,1.0,1.0,0.0,0.4605796749504832,0.47553917552213953,0.014959500571656348,1,0,0.08,0.08,0.0,1.0,1.0,0.0,1.0,1.0,0.0,0.4605796749504832,0.47553917552213953,0.014959500571656348,1,0,0.07272727272727272,0.07272727272727272,0.0,1.0,1.0,0.0,1.0,1.0,0.0,0.4605796749504832,0.47553917552213953,0.014959500571656348,1,0,0.06666666666666667,0.06666666666666667,0.0,1.0,1.0,0.0,1.0,1.0,0.0,0.4605796749504832,0.47553917552213953,0.014959500571656348,1,0
baseline-generic-hybrid,Hybrid baseline,Q-031,troubleshooting_diagnostics,R6350,0.0,0.0,0.0,0.0,0.0,0.0,0.0,0.0,0.0,0.0,0.0,0.0,0,0,0.1,0.0,-0.1,1.0,0.0,-1.0,1.0,0.0,-1.0,0.21840743681816419,0.0,-0.21840743681816419,0,1,0.06666666666666667,0.06666666666666667,0.0,1.0,1.0,0.0,1.0,1.0,0.0,0.21840743681816419,0.2559580248098155,0.03755058799165131,1,0,0.05,0.05,0.0,1.0,1.0,0.0,1.0,1.0,0.0,0.21840743681816419,0.2559580248098155,0.03755058799165131,1,0,0.08,0.04,-0.04,1.0,1.0,0.0,1.0,1.0,0.0,0.35044149810445957,0.2559580248098155,-0.09448347329464407,1,0,0.06666666666666667,0.03333333333333333,-0.03333333333333333,1.0,1.0,0.0,1.0,1.0,0.0,0.35044149810445957,0.2559580248098155,-0.09448347329464407,1,0,0.05714285714285714,0.02857142857142857,-0.02857142857142857,1.0,1.0,0.0,1.0,1.0,0.0,0.35044149810445957,0.2559580248098155,-0.09448347329464407,1,0,0.05,0.025,-0.025,1.0,1.0,0.0,1.0,1.0,0.0,0.35044149810445957,0.2559580248098155,-0.09448347329464407,1,0,0.044444444444444446,0.022222222222222223,-0.022222222222222223,1.0,1.0,0.0,1.0,1.0,0.0,0.35044149810445957,0.2559580248098155,-0.09448347329464407,1,0,0.04,0.02,-0.02,1.0,1.0,0.0,1.0,1.0,0.0,0.35044149810445957,0.2559580248098155,-0.09448347329464407,1,0,0.03636363636363636,0.01818181818181818,-0.01818181818181818,1.0,1.0,0.0,1.0,1.0,0.0,0.35044149810445957,0.2559580248098155,-0.09448347329464407,1,0,0.03333333333333333,0.016666666666666666,-0.016666666666666666,1.0,1.0,0.0,1.0,1.0,0.0,0.35044149810445957,0.2559580248098155,-0.09448347329464407,1,0
baseline-generic-hybrid,Hybrid baseline,Q-032,facts_specifications,R7000,0.0,0.0,0.0,0.0,0.0,0.0,0.0,0.0,0.0,0.0,0.0,0.0,0,0,0.0,0.0,0.0,0.0,0.0,0.0,0.0,0.0,0.0,0.0,0.0,0.0,0,0,0.06666666666666667,0.0,-0.06666666666666667,1.0,0.0,-1.0,1.0,0.0,-1.0,0.27894294565112987,0.0,-0.27894294565112987,0,1,0.05,0.0,-0.05,1.0,0.0,-1.0,1.0,0.0,-1.0,0.27894294565112987,0.0,-0.27894294565112987,0,1,0.04,0.0,-0.04,1.0,0.0,-1.0,1.0,0.0,-1.0,0.27894294565112987,0.0,-0.27894294565112987,0,1,0.03333333333333333,0.0,-0.03333333333333333,1.0,0.0,-1.0,1.0,0.0,-1.0,0.27894294565112987,0.0,-0.27894294565112987,0,1,0.02857142857142857,0.0,-0.02857142857142857,1.0,0.0,-1.0,1.0,0.0,-1.0,0.27894294565112987,0.0,-0.27894294565112987,0,1,0.025,0.0,-0.025,1.0,0.0,-1.0,1.0,0.0,-1.0,0.27894294565112987,0.0,-0.27894294565112987,0,1,0.022222222222222223,0.0,-0.022222222222222223,1.0,0.0,-1.0,1.0,0.0,-1.0,0.27894294565112987,0.0,-0.27894294565112987,0,1,0.02,0.0,-0.02,1.0,0.0,-1.0,1.0,0.0,-1.0,0.27894294565112987,0.0,-0.27894294565112987,0,1,0.01818181818181818,0.0,-0.01818181818181818,1.0,0.0,-1.0,1.0,0.0,-1.0,0.27894294565112987,0.0,-0.27894294565112987,0,1,0.016666666666666666,0.0,-0.016666666666666666,1.0,0.0,-1.0,1.0,0.0,-1.0,0.27894294565112987,0.0,-0.27894294565112987,0,1
baseline-generic-hybrid,Hybrid baseline,Q-033,setup_configuration,R7000,0.0,0.0,0.0,0.0,0.0,0.0,0.0,0.0,0.0,0.0,0.0,0.0,0,0,0.0,0.0,0.0,0.0,0.0,0.0,0.0,0.0,0.0,0.0,0.0,0.0,0,0,0.0,0.0,0.0,0.0,0.0,0.0,0.0,0.0,0.0,0.0,0.0,0.0,0,0,0.0,0.0,0.0,0.0,0.0,0.0,0.0,0.0,0.0,0.0,0.0,0.0,0,0,0.04,0.0,-0.04,1.0,0.0,-1.0,1.0,0.0,-1.0,0.22106472945750374,0.0,-0.22106472945750374,0,1,0.03333333333333333,0.0,-0.03333333333333333,1.0,0.0,-1.0,1.0,0.0,-1.0,0.22106472945750374,0.0,-0.22106472945750374,0,1,0.02857142857142857,0.0,-0.02857142857142857,1.0,0.0,-1.0,1.0,0.0,-1.0,0.22106472945750374,0.0,-0.22106472945750374,0,1,0.025,0.0,-0.025,1.0,0.0,-1.0,1.0,0.0,-1.0,0.22106472945750374,0.0,-0.22106472945750374,0,1,0.022222222222222223,0.0,-0.022222222222222223,1.0,0.0,-1.0,1.0,0.0,-1.0,0.22106472945750374,0.0,-0.22106472945750374,0,1,0.02,0.0,-0.02,1.0,0.0,-1.0,1.0,0.0,-1.0,0.22106472945750374,0.0,-0.22106472945750374,0,1,0.01818181818181818,0.0,-0.01818181818181818,1.0,0.0,-1.0,1.0,0.0,-1.0,0.22106472945750374,0.0,-0.22106472945750374,0,1,0.016666666666666666,0.0,-0.016666666666666666,1.0,0.0,-1.0,1.0,0.0,-1.0,0.22106472945750374,0.0,-0.22106472945750374,0,1
baseline-generic-hybrid,Hybrid baseline,Q-034,setup_configuration,R7000,0.0,0.0,0.0,0.0,0.0,0.0,0.0,0.0,0.0,0.0,0.0,0.0,0,0,0.0,0.0,0.0,0.0,0.0,0.0,0.0,0.0,0.0,0.0,0.0,0.0,0,0,0.0,0.0,0.0,0.0,0.0,0.0,0.0,0.0,0.0,0.0,0.0,0.0,0,0,0.0,0.0,0.0,0.0,0.0,0.0,0.0,0.0,0.0,0.0,0.0,0.0,0,0,0.0,0.0,0.0,0.0,0.0,0.0,0.0,0.0,0.0,0.0,0.0,0.0,0,0,0.0,0.0,0.0,0.0,0.0,0.0,0.0,0.0,0.0,0.0,0.0,0.0,0,0,0.0,0.0,0.0,0.0,0.0,0.0,0.0,0.0,0.0,0.0,0.0,0.0,0,0,0.0,0.0,0.0,0.0,0.0,0.0,0.0,0.0,0.0,0.0,0.0,0.0,0,0,0.0,0.0,0.0,0.0,0.0,0.0,0.0,0.0,0.0,0.0,0.0,0.0,0,0,0.0,0.0,0.0,0.0,0.0,0.0,0.0,0.0,0.0,0.0,0.0,0.0,0,0,0.0,0.0,0.0,0.0,0.0,0.0,0.0,0.0,0.0,0.0,0.0,0.0,0,0,0.0,0.0,0.0,0.0,0.0,0.0,0.0,0.0,0.0,0.0,0.0,0.0,0,0
baseline-generic-hybrid,Hybrid baseline,Q-035,facts_specifications,R7000,0.0,0.2,0.2,0.0,1.0,1.0,0.0,1.0,1.0,0.0,0.19519002499605084,0.19519002499605084,0,1,0.1,0.1,0.0,1.0,1.0,0.0,1.0,1.0,0.0,0.15642624200758548,0.19519002499605084,0.03876378298846536,1,0,0.06666666666666667,0.06666666666666667,0.0,1.0,1.0,0.0,1.0,1.0,0.0,0.15642624200758548,0.19519002499605084,0.03876378298846536,1,0,0.1,0.1,0.0,1.0,1.0,0.0,1.0,1.0,0.0,0.2632670462693757,0.2888080276836472,0.025540981414271524,1,0,0.12,0.16,0.04000000000000001,1.0,1.0,0.0,1.0,1.0,0.0,0.3656187505524412,0.4591710559563167,0.09355230540387549,1,0,0.1,0.13333333333333333,0.033333333333333326,1.0,1.0,0.0,1.0,1.0,0.0,0.3656187505524412,0.4591710559563167,0.09355230540387549,1,0,0.08571428571428572,0.11428571428571428,0.028571428571428567,1.0,1.0,0.0,1.0,1.0,0.0,0.3656187505524412,0.4591710559563167,0.09355230540387549,1,0,0.075,0.1,0.02500000000000001,1.0,1.0,0.0,1.0,1.0,0.0,0.3656187505524412,0.4591710559563167,0.09355230540387549,1,0,0.06666666666666667,0.08888888888888889,0.022222222222222227,1.0,1.0,0.0,1.0,1.0,0.0,0.3656187505524412,0.4591710559563167,0.09355230540387549,1,0,0.06,0.08,0.020000000000000004,1.0,1.0,0.0,1.0,1.0,0.0,0.3656187505524412,0.4591710559563167,0.09355230540387549,1,0,0.05454545454545454,0.07272727272727272,0.01818181818181818,1.0,1.0,0.0,1.0,1.0,0.0,0.3656187505524412,0.4591710559563167,0.09355230540387549,1,0,0.05,0.06666666666666667,0.016666666666666663,1.0,1.0,0.0,1.0,1.0,0.0,0.3656187505524412,0.4591710559563167,0.09355230540387549,1,0
baseline-generic-hybrid,Hybrid baseline,Q-036,facts_specifications,R7000,0.0,0.0,0.0,0.0,0.0,0.0,0.0,0.0,0.0,0.0,0.0,0.0,0,0,0.1,0.0,-0.1,1.0,0.0,-1.0,1.0,0.0,-1.0,0.20438239758848611,0.0,-0.20438239758848611,0,1,0.13333333333333333,0.0,-0.13333333333333333,1.0,0.0,-1.0,1.0,0.0,-1.0,0.37007816335371563,0.0,-0.37007816335371563,0,1,0.1,0.0,-0.1,1.0,0.0,-1.0,1.0,0.0,-1.0,0.37007816335371563,0.0,-0.37007816335371563,0,1,0.08,0.0,-0.08,1.0,0.0,-1.0,1.0,0.0,-1.0,0.37007816335371563,0.0,-0.37007816335371563,0,1,0.06666666666666667,0.0,-0.06666666666666667,1.0,0.0,-1.0,1.0,0.0,-1.0,0.37007816335371563,0.0,-0.37007816335371563,0,1,0.05714285714285714,0.0,-0.05714285714285714,1.0,0.0,-1.0,1.0,0.0,-1.0,0.37007816335371563,0.0,-0.37007816335371563,0,1,0.05,0.0,-0.05,1.0,0.0,-1.0,1.0,0.0,-1.0,0.37007816335371563,0.0,-0.37007816335371563,0,1,0.044444444444444446,0.0,-0.044444444444444446,1.0,0.0,-1.0,1.0,0.0,-1.0,0.37007816335371563,0.0,-0.37007816335371563,0,1,0.04,0.0,-0.04,1.0,0.0,-1.0,1.0,0.0,-1.0,0.37007816335371563,0.0,-0.37007816335371563,0,1,0.03636363636363636,0.0,-0.03636363636363636,1.0,0.0,-1.0,1.0,0.0,-1.0,0.37007816335371563,0.0,-0.37007816335371563,0,1,0.03333333333333333,0.0,-0.03333333333333333,1.0,0.0,-1.0,1.0,0.0,-1.0,0.37007816335371563,0.0,-0.37007816335371563,0,1
baseline-generic-hybrid,Hybrid baseline,Q-037,features_security_maintenance_limitations,R7000,0.0,0.2,0.2,0.0,1.0,1.0,0.0,1.0,1.0,0.0,0.3065735963827292,0.3065735963827292,0,1,0.0,0.2,0.2,0.0,1.0,1.0,0.0,1.0,1.0,0.0,0.5,0.5,0,1,0.06666666666666667,0.13333333333333333,0.06666666666666667,1.0,1.0,0.0,1.0,1.0,0.0,0.12681701683239352,0.5,0.37318298316760645,1,0,0.15,0.1,-0.04999999999999999,1.0,1.0,0.0,1.0,1.0,0.0,0.3520987065175088,0.5,0.1479012934824912,1,0,0.12,0.08,-0.039999999999999994,1.0,1.0,0.0,1.0,1.0,0.0,0.3520987065175088,0.5,0.1479012934824912,1,0,0.1,0.06666666666666667,-0.03333333333333334,1.0,1.0,0.0,1.0,1.0,0.0,0.3520987065175088,0.5,0.1479012934824912,1,0,0.08571428571428572,0.05714285714285714,-0.028571428571428574,1.0,1.0,0.0,1.0,1.0,0.0,0.3520987065175088,0.5,0.1479012934824912,1,0,0.075,0.05,-0.024999999999999994,1.0,1.0,0.0,1.0,1.0,0.0,0.3520987065175088,0.5,0.1479012934824912,1,0,0.06666666666666667,0.044444444444444446,-0.02222222222222222,1.0,1.0,0.0,1.0,1.0,0.0,0.3520987065175088,0.5,0.1479012934824912,1,0,0.06,0.04,-0.019999999999999997,1.0,1.0,0.0,1.0,1.0,0.0,0.3520987065175088,0.5,0.1479012934824912,1,0,0.05454545454545454,0.03636363636363636,-0.01818181818181818,1.0,1.0,0.0,1.0,1.0,0.0,0.3520987065175088,0.5,0.1479012934824912,1,0,0.05,0.03333333333333333,-0.01666666666666667,1.0,1.0,0.0,1.0,1.0,0.0,0.3520987065175088,0.5,0.1479012934824912,1,0
baseline-generic-hybrid,Hybrid baseline,Q-038,setup_configuration,R7000,0.2,0.0,-0.2,1.0,0.0,-1.0,1.0,0.0,-1.0,0.6309297535714575,0.0,-0.6309297535714575,0,1,0.1,0.1,0.0,1.0,1.0,0.0,1.0,1.0,0.0,0.6309297535714575,0.3333333333333333,-0.2975964202381242,1,0,0.06666666666666667,0.06666666666666667,0.0,1.0,1.0,0.0,1.0,1.0,0.0,0.6309297535714575,0.3333333333333333,-0.2975964202381242,1,0,0.05,0.05,0.0,1.0,1.0,0.0,1.0,1.0,0.0,0.6309297535714575,0.3333333333333333,-0.2975964202381242,1,0,0.04,0.04,0.0,1.0,1.0,0.0,1.0,1.0,0.0,0.6309297535714575,0.3333333333333333,-0.2975964202381242,1,0,0.03333333333333333,0.03333333333333333,0.0,1.0,1.0,0.0,1.0,1.0,0.0,0.6309297535714575,0.3333333333333333,-0.2975964202381242,1,0,0.02857142857142857,0.02857142857142857,0.0,1.0,1.0,0.0,1.0,1.0,0.0,0.6309297535714575,0.3333333333333333,-0.2975964202381242,1,0,0.025,0.025,0.0,1.0,1.0,0.0,1.0,1.0,0.0,0.6309297535714575,0.3333333333333333,-0.2975964202381242,1,0,0.022222222222222223,0.022222222222222223,0.0,1.0,1.0,0.0,1.0,1.0,0.0,0.6309297535714575,0.3333333333333333,-0.2975964202381242,1,0,0.02,0.02,0.0,1.0,1.0,0.0,1.0,1.0,0.0,0.6309297535714575,0.3333333333333333,-0.2975964202381242,1,0,0.01818181818181818,0.01818181818181818,0.0,1.0,1.0,0.0,1.0,1.0,0.0,0.6309297535714575,0.3333333333333333,-0.2975964202381242,1,0,0.016666666666666666,0.016666666666666666,0.0,1.0,1.0,0.0,1.0,1.0,0.0,0.6309297535714575,0.3333333333333333,-0.2975964202381242,1,0
baseline-generic-hybrid,Hybrid baseline,Q-039,features_security_maintenance_limitations,R7000,0.0,0.0,0.0,0.0,0.0,0.0,0.0,0.0,0.0,0.0,0.0,0.0,0,0,0.1,0.0,-0.1,1.0,0.0,-1.0,1.0,0.0,-1.0,0.20438239758848611,0.0,-0.20438239758848611,0,1,0.06666666666666667,0.0,-0.06666666666666667,1.0,0.0,-1.0,1.0,0.0,-1.0,0.20438239758848611,0.0,-0.20438239758848611,0,1,0.05,0.0,-0.05,1.0,0.0,-1.0,1.0,0.0,-1.0,0.20438239758848611,0.0,-0.20438239758848611,0,1,0.08,0.0,-0.08,1.0,0.0,-1.0,1.0,0.0,-1.0,0.33482704309666056,0.0,-0.33482704309666056,0,1,0.06666666666666667,0.0,-0.06666666666666667,1.0,0.0,-1.0,1.0,0.0,-1.0,0.33482704309666056,0.0,-0.33482704309666056,0,1,0.05714285714285714,0.0,-0.05714285714285714,1.0,0.0,-1.0,1.0,0.0,-1.0,0.33482704309666056,0.0,-0.33482704309666056,0,1,0.05,0.0,-0.05,1.0,0.0,-1.0,1.0,0.0,-1.0,0.33482704309666056,0.0,-0.33482704309666056,0,1,0.044444444444444446,0.0,-0.044444444444444446,1.0,0.0,-1.0,1.0,0.0,-1.0,0.33482704309666056,0.0,-0.33482704309666056,0,1,0.04,0.0,-0.04,1.0,0.0,-1.0,1.0,0.0,-1.0,0.33482704309666056,0.0,-0.33482704309666056,0,1,0.03636363636363636,0.0,-0.03636363636363636,1.0,0.0,-1.0,1.0,0.0,-1.0,0.33482704309666056,0.0,-0.33482704309666056,0,1,0.03333333333333333,0.0,-0.03333333333333333,1.0,0.0,-1.0,1.0,0.0,-1.0,0.33482704309666056,0.0,-0.33482704309666056,0,1
baseline-generic-hybrid,Hybrid baseline,Q-040,setup_configuration,R7000,0.4,0.2,-0.2,1.0,1.0,0.0,1.0,1.0,0.0,0.9197207891481876,0.38685280723454163,-0.5328679819136459,1,0,0.2,0.2,0.0,1.0,1.0,0.0,1.0,1.0,0.0,0.9197207891481876,0.5802792108518124,-0.3394415782963751,1,0,0.13333333333333333,0.13333333333333333,0.0,1.0,1.0,0.0,1.0,1.0,0.0,0.9197207891481876,0.5802792108518124,-0.3394415782963751,1,0,0.1,0.1,0.0,1.0,1.0,0.0,1.0,1.0,0.0,0.9197207891481876,0.5802792108518124,-0.3394415782963751,1,0,0.08,0.08,0.0,1.0,1.0,0.0,1.0,1.0,0.0,0.9197207891481876,0.5802792108518124,-0.3394415782963751,1,0,0.06666666666666667,0.06666666666666667,0.0,1.0,1.0,0.0,1.0,1.0,0.0,0.9197207891481876,0.5802792108518124,-0.3394415782963751,1,0,0.05714285714285714,0.05714285714285714,0.0,1.0,1.0,0.0,1.0,1.0,0.0,0.9197207891481876,0.5802792108518124,-0.3394415782963751,1,0,0.05,0.05,0.0,1.0,1.0,0.0,1.0,1.0,0.0,0.9197207891481876,0.5802792108518124,-0.3394415782963751,1,0,0.044444444444444446,0.044444444444444446,0.0,1.0,1.0,0.0,1.0,1.0,0.0,0.9197207891481876,0.5802792108518124,-0.3394415782963751,1,0,0.04,0.04,0.0,1.0,1.0,0.0,1.0,1.0,0.0,0.9197207891481876,0.5802792108518124,-0.3394415782963751,1,0,0.03636363636363636,0.03636363636363636,0.0,1.0,1.0,0.0,1.0,1.0,0.0,0.9197207891481876,0.5802792108518124,-0.3394415782963751,1,0,0.03333333333333333,0.03333333333333333,0.0,1.0,1.0,0.0,1.0,1.0,0.0,0.9197207891481876,0.5802792108518124,-0.3394415782963751,1,0
baseline-generic-hybrid,Hybrid baseline,Q-041,setup_configuration,R7000,0.0,0.0,0.0,0.0,0.0,0.0,0.0,0.0,0.0,0.0,0.0,0.0,0,0,0.0,0.0,0.0,0.0,0.0,0.0,0.0,0.0,0.0,0.0,0.0,0.0,0,0,0.0,0.0,0.0,0.0,0.0,0.0,0.0,0.0,0.0,0.0,0.0,0.0,0,0,0.05,0.0,-0.05,1.0,0.0,-1.0,1.0,0.0,-1.0,0.10858087310103355,0.0,-0.10858087310103355,0,1,0.08,0.0,-0.08,1.0,0.0,-1.0,1.0,0.0,-1.0,0.21232184770941623,0.0,-0.21232184770941623,0,1,0.1,0.0,-0.1,1.0,0.0,-1.0,1.0,0.0,-1.0,0.30993867310118484,0.0,-0.30993867310118484,0,1,0.08571428571428572,0.0,-0.08571428571428572,1.0,0.0,-1.0,1.0,0.0,-1.0,0.30993867310118484,0.0,-0.30993867310118484,0,1,0.075,0.0,-0.075,1.0,0.0,-1.0,1.0,0.0,-1.0,0.30993867310118484,0.0,-0.30993867310118484,0,1,0.06666666666666667,0.0,-0.06666666666666667,1.0,0.0,-1.0,1.0,0.0,-1.0,0.30993867310118484,0.0,-0.30993867310118484,0,1,0.06,0.0,-0.06,1.0,0.0,-1.0,1.0,0.0,-1.0,0.30993867310118484,0.0,-0.30993867310118484,0,1,0.05454545454545454,0.0,-0.05454545454545454,1.0,0.0,-1.0,1.0,0.0,-1.0,0.30993867310118484,0.0,-0.30993867310118484,0,1,0.05,0.0,-0.05,1.0,0.0,-1.0,1.0,0.0,-1.0,0.30993867310118484,0.0,-0.30993867310118484,0,1
baseline-generic-hybrid,Hybrid baseline,Q-042,troubleshooting_diagnostics,R7000,0.2,0.0,-0.2,1.0,0.0,-1.0,1.0,0.0,-1.0,0.5,0.0,-0.5,0,1,0.1,0.0,-0.1,1.0,0.0,-1.0,1.0,0.0,-1.0,0.5,0.0,-0.5,0,1,0.06666666666666667,0.0,-0.06666666666666667,1.0,0.0,-1.0,1.0,0.0,-1.0,0.5,0.0,-0.5,0,1,0.05,0.05,0.0,1.0,1.0,0.0,1.0,1.0,0.0,0.5,0.23137821315975915,-0.26862178684024085,1,0,0.04,0.04,0.0,1.0,1.0,0.0,1.0,1.0,0.0,0.5,0.23137821315975915,-0.26862178684024085,1,0,0.03333333333333333,0.03333333333333333,0.0,1.0,1.0,0.0,1.0,1.0,0.0,0.5,0.23137821315975915,-0.26862178684024085,1,0,0.02857142857142857,0.02857142857142857,0.0,1.0,1.0,0.0,1.0,1.0,0.0,0.5,0.23137821315975915,-0.26862178684024085,1,0,0.025,0.025,0.0,1.0,1.0,0.0,1.0,1.0,0.0,0.5,0.23137821315975915,-0.26862178684024085,1,0,0.022222222222222223,0.022222222222222223,0.0,1.0,1.0,0.0,1.0,1.0,0.0,0.5,0.23137821315975915,-0.26862178684024085,1,0,0.02,0.02,0.0,1.0,1.0,0.0,1.0,1.0,0.0,0.5,0.23137821315975915,-0.26862178684024085,1,0,0.01818181818181818,0.01818181818181818,0.0,1.0,1.0,0.0,1.0,1.0,0.0,0.5,0.23137821315975915,-0.26862178684024085,1,0,0.016666666666666666,0.016666666666666666,0.0,1.0,1.0,0.0,1.0,1.0,0.0,0.5,0.23137821315975915,-0.26862178684024085,1,0
baseline-generic-hybrid,Hybrid baseline,Q-043,troubleshooting_diagnostics,R7000,0.0,0.0,0.0,0.0,0.0,0.0,0.0,0.0,0.0,0.0,0.0,0.0,0,0,0.1,0.1,0.0,1.0,1.0,0.0,1.0,1.0,0.0,0.3562071871080222,0.3333333333333333,-0.022873853774688868,1,0,0.06666666666666667,0.06666666666666667,0.0,1.0,1.0,0.0,1.0,1.0,0.0,0.3562071871080222,0.3333333333333333,-0.022873853774688868,1,0,0.05,0.05,0.0,1.0,1.0,0.0,1.0,1.0,0.0,0.3562071871080222,0.3333333333333333,-0.022873853774688868,1,0,0.04,0.04,0.0,1.0,1.0,0.0,1.0,1.0,0.0,0.3562071871080222,0.3333333333333333,-0.022873853774688868,1,0,0.03333333333333333,0.03333333333333333,0.0,1.0,1.0,0.0,1.0,1.0,0.0,0.3562071871080222,0.3333333333333333,-0.022873853774688868,1,0,0.02857142857142857,0.02857142857142857,0.0,1.0,1.0,0.0,1.0,1.0,0.0,0.3562071871080222,0.3333333333333333,-0.022873853774688868,1,0,0.025,0.025,0.0,1.0,1.0,0.0,1.0,1.0,0.0,0.3562071871080222,0.3333333333333333,-0.022873853774688868,1,0,0.022222222222222223,0.022222222222222223,0.0,1.0,1.0,0.0,1.0,1.0,0.0,0.3562071871080222,0.3333333333333333,-0.022873853774688868,1,0,0.02,0.02,0.0,1.0,1.0,0.0,1.0,1.0,0.0,0.3562071871080222,0.3333333333333333,-0.022873853774688868,1,0,0.01818181818181818,0.01818181818181818,0.0,1.0,1.0,0.0,1.0,1.0,0.0,0.3562071871080222,0.3333333333333333,-0.022873853774688868,1,0,0.016666666666666666,0.016666666666666666,0.0,1.0,1.0,0.0,1.0,1.0,0.0,0.3562071871080222,0.3333333333333333,-0.022873853774688868,1,0
baseline-generic-hybrid,Hybrid baseline,Q-044,facts_specifications,RAX120,0.0,0.0,0.0,0.0,0.0,0.0,0.0,0.0,0.0,0.0,0.0,0.0,0,0,0.0,0.1,0.1,0.0,1.0,1.0,0.0,1.0,1.0,0.0,0.3333333333333333,0.3333333333333333,0,1,0.06666666666666667,0.06666666666666667,0.0,1.0,1.0,0.0,1.0,1.0,0.0,0.27023815442731974,0.3333333333333333,0.06309517890601357,1,0,0.05,0.05,0.0,1.0,1.0,0.0,1.0,1.0,0.0,0.27023815442731974,0.3333333333333333,0.06309517890601357,1,0,0.04,0.04,0.0,1.0,1.0,0.0,1.0,1.0,0.0,0.27023815442731974,0.3333333333333333,0.06309517890601357,1,0,0.03333333333333333,0.03333333333333333,0.0,1.0,1.0,0.0,1.0,1.0,0.0,0.27023815442731974,0.3333333333333333,0.06309517890601357,1,0,0.02857142857142857,0.02857142857142857,0.0,1.0,1.0,0.0,1.0,1.0,0.0,0.27023815442731974,0.3333333333333333,0.06309517890601357,1,0,0.025,0.025,0.0,1.0,1.0,0.0,1.0,1.0,0.0,0.27023815442731974,0.3333333333333333,0.06309517890601357,1,0,0.022222222222222223,0.022222222222222223,0.0,1.0,1.0,0.0,1.0,1.0,0.0,0.27023815442731974,0.3333333333333333,0.06309517890601357,1,0,0.02,0.02,0.0,1.0,1.0,0.0,1.0,1.0,0.0,0.27023815442731974,0.3333333333333333,0.06309517890601357,1,0,0.01818181818181818,0.01818181818181818,0.0,1.0,1.0,0.0,1.0,1.0,0.0,0.27023815442731974,0.3333333333333333,0.06309517890601357,1,0,0.016666666666666666,0.016666666666666666,0.0,1.0,1.0,0.0,1.0,1.0,0.0,0.27023815442731974,0.3333333333333333,0.06309517890601357,1,0
baseline-generic-hybrid,Hybrid baseline,Q-045,facts_specifications,RAX120,0.2,0.0,-0.2,1.0,0.0,-1.0,1.0,0.0,-1.0,0.43067655807339306,0.0,-0.43067655807339306,0,1,0.1,0.1,0.0,1.0,1.0,0.0,1.0,1.0,0.0,0.43067655807339306,0.3333333333333333,-0.09734322474005974,1,0,0.06666666666666667,0.06666666666666667,0.0,1.0,1.0,0.0,1.0,1.0,0.0,0.43067655807339306,0.3333333333333333,-0.09734322474005974,1,0,0.05,0.05,0.0,1.0,1.0,0.0,1.0,1.0,0.0,0.43067655807339306,0.3333333333333333,-0.09734322474005974,1,0,0.04,0.04,0.0,1.0,1.0,0.0,1.0,1.0,0.0,0.43067655807339306,0.3333333333333333,-0.09734322474005974,1,0,0.03333333333333333,0.03333333333333333,0.0,1.0,1.0,0.0,1.0,1.0,0.0,0.43067655807339306,0.3333333333333333,-0.09734322474005974,1,0,0.02857142857142857,0.02857142857142857,0.0,1.0,1.0,0.0,1.0,1.0,0.0,0.43067655807339306,0.3333333333333333,-0.09734322474005974,1,0,0.025,0.025,0.0,1.0,1.0,0.0,1.0,1.0,0.0,0.43067655807339306,0.3333333333333333,-0.09734322474005974,1,0,0.022222222222222223,0.022222222222222223,0.0,1.0,1.0,0.0,1.0,1.0,0.0,0.43067655807339306,0.3333333333333333,-0.09734322474005974,1,0,0.02,0.02,0.0,1.0,1.0,0.0,1.0,1.0,0.0,0.43067655807339306,0.3333333333333333,-0.09734322474005974,1,0,0.01818181818181818,0.01818181818181818,0.0,1.0,1.0,0.0,1.0,1.0,0.0,0.43067655807339306,0.3333333333333333,-0.09734322474005974,1,0,0.016666666666666666,0.016666666666666666,0.0,1.0,1.0,0.0,1.0,1.0,0.0,0.43067655807339306,0.3333333333333333,-0.09734322474005974,1,0
baseline-generic-hybrid,Hybrid baseline,Q-046,setup_configuration,RAX120,0.0,0.0,0.0,0.0,0.0,0.0,0.0,0.0,0.0,0.0,0.0,0.0,0,0,0.1,0.1,0.0,1.0,1.0,0.0,1.0,1.0,0.0,0.21840743681816419,0.16716045496620227,-0.051246981851961915,1,0,0.13333333333333333,0.13333333333333333,0.0,1.0,1.0,0.0,1.0,1.0,0.0,0.3841032025833937,0.2939774717985958,-0.09012573078479791,1,0,0.1,0.15,0.04999999999999999,1.0,1.0,0.0,1.0,1.0,0.0,0.3841032025833937,0.40255834489962933,0.01845514231623563,1,0,0.08,0.12,0.039999999999999994,1.0,1.0,0.0,1.0,1.0,0.0,0.3841032025833937,0.40255834489962933,0.01845514231623563,1,0,0.06666666666666667,0.1,0.03333333333333334,1.0,1.0,0.0,1.0,1.0,0.0,0.3841032025833937,0.40255834489962933,0.01845514231623563,1,0,0.05714285714285714,0.08571428571428572,0.028571428571428574,1.0,1.0,0.0,1.0,1.0,0.0,0.3841032025833937,0.40255834489962933,0.01845514231623563,1,0,0.05,0.075,0.024999999999999994,1.0,1.0,0.0,1.0,1.0,0.0,0.3841032025833937,0.40255834489962933,0.01845514231623563,1,0,0.044444444444444446,0.06666666666666667,0.02222222222222222,1.0,1.0,0.0,1.0,1.0,0.0,0.3841032025833937,0.40255834489962933,0.01845514231623563,1,0,0.04,0.06,0.019999999999999997,1.0,1.0,0.0,1.0,1.0,0.0,0.3841032025833937,0.40255834489962933,0.01845514231623563,1,0,0.03636363636363636,0.05454545454545454,0.01818181818181818,1.0,1.0,0.0,1.0,1.0,0.0,0.3841032025833937,0.40255834489962933,0.01845514231623563,1,0,0.03333333333333333,0.05,0.01666666666666667,1.0,1.0,0.0,1.0,1.0,0.0,0.3841032025833937,0.40255834489962933,0.01845514231623563,1,0
baseline-generic-hybrid,Hybrid baseline,Q-047,facts_specifications,RAX120,0.0,0.0,0.0,0.0,0.0,0.0,0.0,0.0,0.0,0.0,0.0,0.0,0,0,0.0,0.0,0.0,0.0,0.0,0.0,0.0,0.0,0.0,0.0,0.0,0.0,0,0,0.0,0.0,0.0,0.0,0.0,0.0,0.0,0.0,0.0,0.0,0.0,0.0,0,0,0.0,0.0,0.0,0.0,0.0,0.0,0.0,0.0,0.0,0.0,0.0,0.0,0,0,0.0,0.0,0.0,0.0,0.0,0.0,0.0,0.0,0.0,0.0,0.0,0.0,0,0,0.0,0.0,0.0,0.0,0.0,0.0,0.0,0.0,0.0,0.0,0.0,0.0,0,0,0.0,0.0,0.0,0.0,0.0,0.0,0.0,0.0,0.0,0.0,0.0,0.0,0,0,0.0,0.0,0.0,0.0,0.0,0.0,0.0,0.0,0.0,0.0,0.0,0.0,0,0,0.0,0.0,0.0,0.0,0.0,0.0,0.0,0.0,0.0,0.0,0.0,0.0,0,0,0.0,0.0,0.0,0.0,0.0,0.0,0.0,0.0,0.0,0.0,0.0,0.0,0,0,0.0,0.0,0.0,0.0,0.0,0.0,0.0,0.0,0.0,0.0,0.0,0.0,0,0,0.0,0.0,0.0,0.0,0.0,0.0,0.0,0.0,0.0,0.0,0.0,0.0,0,0
baseline-generic-hybrid,Hybrid baseline,Q-048,setup_configuration,RAX120,0.0,0.0,0.0,0.0,0.0,0.0,0.0,0.0,0.0,0.0,0.0,0.0,0,0,0.0,0.0,0.0,0.0,0.0,0.0,0.0,0.0,0.0,0.0,0.0,0.0,0,0,0.0,0.0,0.0,0.0,0.0,0.0,0.0,0.0,0.0,0.0,0.0,0.0,0,0,0.0,0.0,0.0,0.0,0.0,0.0,0.0,0.0,0.0,0.0,0.0,0.0,0,0,0.04,0.0,-0.04,1.0,0.0,-1.0,1.0,0.0,-1.0,0.22424382421757544,0.0,-0.22424382421757544,0,1,0.03333333333333333,0.0,-0.03333333333333333,1.0,0.0,-1.0,1.0,0.0,-1.0,0.22424382421757544,0.0,-0.22424382421757544,0,1,0.02857142857142857,0.0,-0.02857142857142857,1.0,0.0,-1.0,1.0,0.0,-1.0,0.22424382421757544,0.0,-0.22424382421757544,0,1,0.025,0.0,-0.025,1.0,0.0,-1.0,1.0,0.0,-1.0,0.22424382421757544,0.0,-0.22424382421757544,0,1,0.022222222222222223,0.0,-0.022222222222222223,1.0,0.0,-1.0,1.0,0.0,-1.0,0.22424382421757544,0.0,-0.22424382421757544,0,1,0.02,0.0,-0.02,1.0,0.0,-1.0,1.0,0.0,-1.0,0.22424382421757544,0.0,-0.22424382421757544,0,1,0.01818181818181818,0.0,-0.01818181818181818,1.0,0.0,-1.0,1.0,0.0,-1.0,0.22424382421757544,0.0,-0.22424382421757544,0,1,0.016666666666666666,0.0,-0.016666666666666666,1.0,0.0,-1.0,1.0,0.0,-1.0,0.22424382421757544,0.0,-0.22424382421757544,0,1
baseline-generic-hybrid,Hybrid baseline,Q-049,features_security_maintenance_limitations,RAX120,0.0,0.0,0.0,0.0,0.0,0.0,0.0,0.0,0.0,0.0,0.0,0.0,0,0,0.0,0.0,0.0,0.0,0.0,0.0,0.0,0.0,0.0,0.0,0.0,0.0,0,0,0.0,0.0,0.0,0.0,0.0,0.0,0.0,0.0,0.0,0.0,0.0,0.0,0,0,0.05,0.05,0.0,1.0,1.0,0.0,1.0,1.0,0.0,0.23137821315975915,0.23981246656813146,0.00843425340837231,1,0,0.04,0.04,0.0,1.0,1.0,0.0,1.0,1.0,0.0,0.23137821315975915,0.23981246656813146,0.00843425340837231,1,0,0.03333333333333333,0.03333333333333333,0.0,1.0,1.0,0.0,1.0,1.0,0.0,0.23137821315975915,0.23981246656813146,0.00843425340837231,1,0,0.02857142857142857,0.02857142857142857,0.0,1.0,1.0,0.0,1.0,1.0,0.0,0.23137821315975915,0.23981246656813146,0.00843425340837231,1,0,0.025,0.025,0.0,1.0,1.0,0.0,1.0,1.0,0.0,0.23137821315975915,0.23981246656813146,0.00843425340837231,1,0,0.022222222222222223,0.022222222222222223,0.0,1.0,1.0,0.0,1.0,1.0,0.0,0.23137821315975915,0.23981246656813146,0.00843425340837231,1,0,0.02,0.02,0.0,1.0,1.0,0.0,1.0,1.0,0.0,0.23137821315975915,0.23981246656813146,0.00843425340837231,1,0,0.01818181818181818,0.01818181818181818,0.0,1.0,1.0,0.0,1.0,1.0,0.0,0.23137821315975915,0.23981246656813146,0.00843425340837231,1,0,0.016666666666666666,0.016666666666666666,0.0,1.0,1.0,0.0,1.0,1.0,0.0,0.23137821315975915,0.23981246656813146,0.00843425340837231,1,0
baseline-generic-hybrid,Hybrid baseline,Q-050,facts_specifications,RAX120,0.0,0.0,0.0,0.0,0.0,0.0,0.0,0.0,0.0,0.0,0.0,0.0,0,0,0.1,0.0,-0.1,1.0,0.0,-1.0,1.0,0.0,-1.0,0.31546487678572877,0.0,-0.31546487678572877,0,1,0.06666666666666667,0.06666666666666667,0.0,1.0,1.0,0.0,1.0,1.0,0.0,0.31546487678572877,0.2559580248098155,-0.059506851975913266,1,0,0.05,0.05,0.0,1.0,1.0,0.0,1.0,1.0,0.0,0.31546487678572877,0.2559580248098155,-0.059506851975913266,1,0,0.04,0.04,0.0,1.0,1.0,0.0,1.0,1.0,0.0,0.31546487678572877,0.2559580248098155,-0.059506851975913266,1,0,0.03333333333333333,0.03333333333333333,0.0,1.0,1.0,0.0,1.0,1.0,0.0,0.31546487678572877,0.2559580248098155,-0.059506851975913266,1,0,0.02857142857142857,0.02857142857142857,0.0,1.0,1.0,0.0,1.0,1.0,0.0,0.31546487678572877,0.2559580248098155,-0.059506851975913266,1,0,0.025,0.025,0.0,1.0,1.0,0.0,1.0,1.0,0.0,0.31546487678572877,0.2559580248098155,-0.059506851975913266,1,0,0.022222222222222223,0.022222222222222223,0.0,1.0,1.0,0.0,1.0,1.0,0.0,0.31546487678572877,0.2559580248098155,-0.059506851975913266,1,0,0.02,0.02,0.0,1.0,1.0,0.0,1.0,1.0,0.0,0.31546487678572877,0.2559580248098155,-0.059506851975913266,1,0,0.01818181818181818,0.01818181818181818,0.0,1.0,1.0,0.0,1.0,1.0,0.0,0.31546487678572877,0.2559580248098155,-0.059506851975913266,1,0,0.016666666666666666,0.016666666666666666,0.0,1.0,1.0,0.0,1.0,1.0,0.0,0.31546487678572877,0.2559580248098155,-0.059506851975913266,1,0
baseline-generic-hybrid,Hybrid baseline,Q-051,setup_configuration,RAX120,0.2,0.2,0.0,1.0,1.0,0.0,1.0,1.0,0.0,0.16812753627111746,0.19519002499605084,0.027062488724933387,1,0,0.2,0.2,0.0,1.0,1.0,0.0,1.0,1.0,0.0,0.2856436410275446,0.31834121936641585,0.03269757833887127,1,0,0.13333333333333333,0.2,0.06666666666666668,1.0,1.0,0.0,1.0,1.0,0.0,0.2856436410275446,0.4159362318644413,0.1302925908368967,1,0,0.2,0.2,0.0,1.0,1.0,0.0,1.0,1.0,0.0,0.4648470025159653,0.5062616702848312,0.041414667768865876,1,0,0.16,0.16,0.0,1.0,1.0,0.0,1.0,1.0,0.0,0.4648470025159653,0.5062616702848312,0.041414667768865876,1,0,0.13333333333333333,0.13333333333333333,0.0,1.0,1.0,0.0,1.0,1.0,0.0,0.4648470025159653,0.5062616702848312,0.041414667768865876,1,0,0.11428571428571428,0.11428571428571428,0.0,1.0,1.0,0.0,1.0,1.0,0.0,0.4648470025159653,0.5062616702848312,0.041414667768865876,1,0,0.1,0.1,0.0,1.0,1.0,0.0,1.0,1.0,0.0,0.4648470025159653,0.5062616702848312,0.041414667768865876,1,0,0.08888888888888889,0.08888888888888889,0.0,1.0,1.0,0.0,1.0,1.0,0.0,0.4648470025159653,0.5062616702848312,0.041414667768865876,1,0,0.08,0.08,0.0,1.0,1.0,0.0,1.0,1.0,0.0,0.4648470025159653,0.5062616702848312,0.041414667768865876,1,0,0.07272727272727272,0.07272727272727272,0.0,1.0,1.0,0.0,1.0,1.0,0.0,0.4648470025159653,0.5062616702848312,0.041414667768865876,1,0,0.06666666666666667,0.06666666666666667,0.0,1.0,1.0,0.0,1.0,1.0,0.0,0.4648470025159653,0.5062616702848312,0.041414667768865876,1,0
baseline-generic-hybrid,Hybrid baseline,Q-052,features_security_maintenance_limitations,RAX120,0.2,0.0,-0.2,1.0,0.0,-1.0,1.0,0.0,-1.0,0.3065735963827292,0.0,-0.3065735963827292,0,1,0.1,0.1,0.0,1.0,1.0,0.0,1.0,1.0,0.0,0.3065735963827292,0.21840743681816419,-0.088166159564565,1,0,0.13333333333333333,0.13333333333333333,0.0,1.0,1.0,0.0,1.0,1.0,0.0,0.4635135407606591,0.38944052088588227,-0.07407301987477682,1,0,0.1,0.1,0.0,1.0,1.0,0.0,1.0,1.0,0.0,0.4635135407606591,0.38944052088588227,-0.07407301987477682,1,0,0.08,0.08,0.0,1.0,1.0,0.0,1.0,1.0,0.0,0.4635135407606591,0.38944052088588227,-0.07407301987477682,1,0,0.06666666666666667,0.06666666666666667,0.0,1.0,1.0,0.0,1.0,1.0,0.0,0.4635135407606591,0.38944052088588227,-0.07407301987477682,1,0,0.05714285714285714,0.05714285714285714,0.0,1.0,1.0,0.0,1.0,1.0,0.0,0.4635135407606591,0.38944052088588227,-0.07407301987477682,1,0,0.05,0.05,0.0,1.0,1.0,0.0,1.0,1.0,0.0,0.4635135407606591,0.38944052088588227,-0.07407301987477682,1,0,0.044444444444444446,0.044444444444444446,0.0,1.0,1.0,0.0,1.0,1.0,0.0,0.4635135407606591,0.38944052088588227,-0.07407301987477682,1,0,0.04,0.04,0.0,1.0,1.0,0.0,1.0,1.0,0.0,0.4635135407606591,0.38944052088588227,-0.07407301987477682,1,0,0.03636363636363636,0.03636363636363636,0.0,1.0,1.0,0.0,1.0,1.0,0.0,0.4635135407606591,0.38944052088588227,-0.07407301987477682,1,0,0.03333333333333333,0.03333333333333333,0.0,1.0,1.0,0.0,1.0,1.0,0.0,0.4635135407606591,0.38944052088588227,-0.07407301987477682,1,0
baseline-generic-hybrid,Hybrid baseline,Q-053,facts_specifications,RAX120,0.0,0.0,0.0,0.0,0.0,0.0,0.0,0.0,0.0,0.0,0.0,0.0,0,0,0.1,0.0,-0.1,1.0,0.0,-1.0,1.0,0.0,-1.0,0.3562071871080222,0.0,-0.3562071871080222,0,1,0.06666666666666667,0.0,-0.06666666666666667,1.0,0.0,-1.0,1.0,0.0,-1.0,0.3562071871080222,0.0,-0.3562071871080222,0,1,0.05,0.0,-0.05,1.0,0.0,-1.0,1.0,0.0,-1.0,0.3562071871080222,0.0,-0.3562071871080222,0,1,0.04,0.0,-0.04,1.0,0.0,-1.0,1.0,0.0,-1.0,0.3562071871080222,0.0,-0.3562071871080222,0,1,0.03333333333333333,0.0,-0.03333333333333333,1.0,0.0,-1.0,1.0,0.0,-1.0,0.3562071871080222,0.0,-0.3562071871080222,0,1,0.02857142857142857,0.0,-0.02857142857142857,1.0,0.0,-1.0,1.0,0.0,-1.0,0.3562071871080222,0.0,-0.3562071871080222,0,1,0.025,0.0,-0.025,1.0,0.0,-1.0,1.0,0.0,-1.0,0.3562071871080222,0.0,-0.3562071871080222,0,1,0.022222222222222223,0.0,-0.022222222222222223,1.0,0.0,-1.0,1.0,0.0,-1.0,0.3562071871080222,0.0,-0.3562071871080222,0,1,0.02,0.0,-0.02,1.0,0.0,-1.0,1.0,0.0,-1.0,0.3562071871080222,0.0,-0.3562071871080222,0,1,0.01818181818181818,0.0,-0.01818181818181818,1.0,0.0,-1.0,1.0,0.0,-1.0,0.3562071871080222,0.0,-0.3562071871080222,0,1,0.016666666666666666,0.0,-0.016666666666666666,1.0,0.0,-1.0,1.0,0.0,-1.0,0.3562071871080222,0.0,-0.3562071871080222,0,1
baseline-generic-hybrid,Hybrid baseline,Q-054,troubleshooting_diagnostics,RAX120,0.0,0.0,0.0,0.0,0.0,0.0,0.0,0.0,0.0,0.0,0.0,0.0,0,0,0.0,0.1,0.1,0.0,1.0,1.0,0.0,1.0,1.0,0.0,0.3010299956639812,0.3010299956639812,0,1,0.0,0.06666666666666667,0.06666666666666667,0.0,1.0,1.0,0.0,1.0,1.0,0.0,0.3010299956639812,0.3010299956639812,0,1,0.0,0.05,0.05,0.0,1.0,1.0,0.0,1.0,1.0,0.0,0.3010299956639812,0.3010299956639812,0,1,0.0,0.04,0.04,0.0,1.0,1.0,0.0,1.0,1.0,0.0,0.3010299956639812,0.3010299956639812,0,1,0.0,0.03333333333333333,0.03333333333333333,0.0,1.0,1.0,0.0,1.0,1.0,0.0,0.3010299956639812,0.3010299956639812,0,1,0.0,0.02857142857142857,0.02857142857142857,0.0,1.0,1.0,0.0,1.0,1.0,0.0,0.3010299956639812,0.3010299956639812,0,1,0.0,0.025,0.025,0.0,1.0,1.0,0.0,1.0,1.0,0.0,0.3010299956639812,0.3010299956639812,0,1,0.0,0.022222222222222223,0.022222222222222223,0.0,1.0,1.0,0.0,1.0,1.0,0.0,0.3010299956639812,0.3010299956639812,0,1,0.0,0.02,0.02,0.0,1.0,1.0,0.0,1.0,1.0,0.0,0.3010299956639812,0.3010299956639812,0,1,0.0,0.01818181818181818,0.01818181818181818,0.0,1.0,1.0,0.0,1.0,1.0,0.0,0.3010299956639812,0.3010299956639812,0,1,0.0,0.016666666666666666,0.016666666666666666,0.0,1.0,1.0,0.0,1.0,1.0,0.0,0.3010299956639812,0.3010299956639812,0,1
baseline-generic-hybrid,Hybrid baseline,Q-055,facts_specifications,RAX120,0.0,0.2,0.2,0.0,1.0,1.0,0.0,1.0,1.0,0.0,0.38685280723454163,0.38685280723454163,0,1,0.0,0.1,0.1,0.0,1.0,1.0,0.0,1.0,1.0,0.0,0.38685280723454163,0.38685280723454163,0,1,0.06666666666666667,0.06666666666666667,0.0,1.0,1.0,0.0,1.0,1.0,0.0,0.27894294565112987,0.38685280723454163,0.10790986158341176,1,0,0.05,0.05,0.0,1.0,1.0,0.0,1.0,1.0,0.0,0.27894294565112987,0.38685280723454163,0.10790986158341176,1,0,0.04,0.04,0.0,1.0,1.0,0.0,1.0,1.0,0.0,0.27894294565112987,0.38685280723454163,0.10790986158341176,1,0,0.03333333333333333,0.03333333333333333,0.0,1.0,1.0,0.0,1.0,1.0,0.0,0.27894294565112987,0.38685280723454163,0.10790986158341176,1,0,0.02857142857142857,0.02857142857142857,0.0,1.0,1.0,0.0,1.0,1.0,0.0,0.27894294565112987,0.38685280723454163,0.10790986158341176,1,0,0.025,0.025,0.0,1.0,1.0,0.0,1.0,1.0,0.0,0.27894294565112987,0.38685280723454163,0.10790986158341176,1,0,0.022222222222222223,0.022222222222222223,0.0,1.0,1.0,0.0,1.0,1.0,0.0,0.27894294565112987,0.38685280723454163,0.10790986158341176,1,0,0.02,0.02,0.0,1.0,1.0,0.0,1.0,1.0,0.0,0.27894294565112987,0.38685280723454163,0.10790986158341176,1,0,0.01818181818181818,0.01818181818181818,0.0,1.0,1.0,0.0,1.0,1.0,0.0,0.27894294565112987,0.38685280723454163,0.10790986158341176,1,0,0.016666666666666666,0.016666666666666666,0.0,1.0,1.0,0.0,1.0,1.0,0.0,0.27894294565112987,0.38685280723454163,0.10790986158341176,1,0
baseline-generic-hybrid,Hybrid baseline,Q-056,troubleshooting_diagnostics,RAX50,0.2,0.2,0.0,1.0,1.0,0.0,1.0,1.0,0.0,1.0,0.43067655807339306,-0.5693234419266069,1,0,0.1,0.1,0.0,1.0,1.0,0.0,1.0,1.0,0.0,1.0,0.43067655807339306,-0.5693234419266069,1,0,0.06666666666666667,0.06666666666666667,0.0,1.0,1.0,0.0,1.0,1.0,0.0,1.0,0.43067655807339306,-0.5693234419266069,1,0,0.05,0.05,0.0,1.0,1.0,0.0,1.0,1.0,0.0,1.0,0.43067655807339306,-0.5693234419266069,1,0,0.04,0.04,0.0,1.0,1.0,0.0,1.0,1.0,0.0,1.0,0.43067655807339306,-0.5693234419266069,1,0,0.03333333333333333,0.03333333333333333,0.0,1.0,1.0,0.0,1.0,1.0,0.0,1.0,0.43067655807339306,-0.5693234419266069,1,0,0.02857142857142857,0.02857142857142857,0.0,1.0,1.0,0.0,1.0,1.0,0.0,1.0,0.43067655807339306,-0.5693234419266069,1,0,0.025,0.025,0.0,1.0,1.0,0.0,1.0,1.0,0.0,1.0,0.43067655807339306,-0.5693234419266069,1,0,0.022222222222222223,0.022222222222222223,0.0,1.0,1.0,0.0,1.0,1.0,0.0,1.0,0.43067655807339306,-0.5693234419266069,1,0,0.02,0.02,0.0,1.0,1.0,0.0,1.0,1.0,0.0,1.0,0.43067655807339306,-0.5693234419266069,1,0,0.01818181818181818,0.01818181818181818,0.0,1.0,1.0,0.0,1.0,1.0,0.0,1.0,0.43067655807339306,-0.5693234419266069,1,0,0.016666666666666666,0.016666666666666666,0.0,1.0,1.0,0.0,1.0,1.0,0.0,1.0,0.43067655807339306,-0.5693234419266069,1,0
baseline-generic-hybrid,Hybrid baseline,Q-057,setup_configuration,RAX50,0.0,0.0,0.0,0.0,0.0,0.0,0.0,0.0,0.0,0.0,0.0,0.0,0,0,0.0,0.0,0.0,0.0,0.0,0.0,0.0,0.0,0.0,0.0,0.0,0.0,0,0,0.0,0.0,0.0,0.0,0.0,0.0,0.0,0.0,0.0,0.0,0.0,0.0,0,0,0.0,0.0,0.0,0.0,0.0,0.0,0.0,0.0,0.0,0.0,0.0,0.0,0,0,0.0,0.0,0.0,0.0,0.0,0.0,0.0,0.0,0.0,0.0,0.0,0.0,0,0,0.0,0.0,0.0,0.0,0.0,0.0,0.0,0.0,0.0,0.0,0.0,0.0,0,0,0.0,0.0,0.0,0.0,0.0,0.0,0.0,0.0,0.0,0.0,0.0,0.0,0,0,0.0,0.0,0.0,0.0,0.0,0.0,0.0,0.0,0.0,0.0,0.0,0.0,0,0,0.0,0.0,0.0,0.0,0.0,0.0,0.0,0.0,0.0,0.0,0.0,0.0,0,0,0.0,0.0,0.0,0.0,0.0,0.0,0.0,0.0,0.0,0.0,0.0,0.0,0,0,0.0,0.0,0.0,0.0,0.0,0.0,0.0,0.0,0.0,0.0,0.0,0.0,0,0,0.0,0.0,0.0,0.0,0.0,0.0,0.0,0.0,0.0,0.0,0.0,0.0,0,0
baseline-generic-hybrid,Hybrid baseline,Q-058,facts_specifications,RAX50,0.0,0.0,0.0,0.0,0.0,0.0,0.0,0.0,0.0,0.0,0.0,0.0,0,0,0.0,0.1,0.1,0.0,1.0,1.0,0.0,1.0,1.0,0.0,0.3010299956639812,0.3010299956639812,0,1,0.0,0.06666666666666667,0.06666666666666667,0.0,1.0,1.0,0.0,1.0,1.0,0.0,0.3010299956639812,0.3010299956639812,0,1,0.0,0.05,0.05,0.0,1.0,1.0,0.0,1.0,1.0,0.0,0.3010299956639812,0.3010299956639812,0,1,0.0,0.04,0.04,0.0,1.0,1.0,0.0,1.0,1.0,0.0,0.3010299956639812,0.3010299956639812,0,1,0.0,0.03333333333333333,0.03333333333333333,0.0,1.0,1.0,0.0,1.0,1.0,0.0,0.3010299956639812,0.3010299956639812,0,1,0.0,0.02857142857142857,0.02857142857142857,0.0,1.0,1.0,0.0,1.0,1.0,0.0,0.3010299956639812,0.3010299956639812,0,1,0.0,0.025,0.025,0.0,1.0,1.0,0.0,1.0,1.0,0.0,0.3010299956639812,0.3010299956639812,0,1,0.0,0.022222222222222223,0.022222222222222223,0.0,1.0,1.0,0.0,1.0,1.0,0.0,0.3010299956639812,0.3010299956639812,0,1,0.0,0.02,0.02,0.0,1.0,1.0,0.0,1.0,1.0,0.0,0.3010299956639812,0.3010299956639812,0,1,0.0,0.01818181818181818,0.01818181818181818,0.0,1.0,1.0,0.0,1.0,1.0,0.0,0.3010299956639812,0.3010299956639812,0,1,0.0,0.016666666666666666,0.016666666666666666,0.0,1.0,1.0,0.0,1.0,1.0,0.0,0.3010299956639812,0.3010299956639812,0,1
baseline-generic-hybrid,Hybrid baseline,Q-059,troubleshooting_diagnostics,RAX50,0.0,0.2,0.2,0.0,1.0,1.0,0.0,1.0,1.0,0.0,0.5,0.5,0,1,0.0,0.1,0.1,0.0,1.0,1.0,0.0,1.0,1.0,0.0,0.5,0.5,0,1,0.0,0.06666666666666667,0.06666666666666667,0.0,1.0,1.0,0.0,1.0,1.0,0.0,0.5,0.5,0,1,0.0,0.05,0.05,0.0,1.0,1.0,0.0,1.0,1.0,0.0,0.5,0.5,0,1,0.04,0.04,0.0,1.0,1.0,0.0,1.0,1.0,0.0,0.21533827903669653,0.5,0.28466172096330344,1,0,0.03333333333333333,0.03333333333333333,0.0,1.0,1.0,0.0,1.0,1.0,0.0,0.21533827903669653,0.5,0.28466172096330344,1,0,0.02857142857142857,0.02857142857142857,0.0,1.0,1.0,0.0,1.0,1.0,0.0,0.21533827903669653,0.5,0.28466172096330344,1,0,0.025,0.025,0.0,1.0,1.0,0.0,1.0,1.0,0.0,0.21533827903669653,0.5,0.28466172096330344,1,0,0.022222222222222223,0.022222222222222223,0.0,1.0,1.0,0.0,1.0,1.0,0.0,0.21533827903669653,0.5,0.28466172096330344,1,0,0.02,0.02,0.0,1.0,1.0,0.0,1.0,1.0,0.0,0.21533827903669653,0.5,0.28466172096330344,1,0,0.01818181818181818,0.01818181818181818,0.0,1.0,1.0,0.0,1.0,1.0,0.0,0.21533827903669653,0.5,0.28466172096330344,1,0,0.016666666666666666,0.016666666666666666,0.0,1.0,1.0,0.0,1.0,1.0,0.0,0.21533827903669653,0.5,0.28466172096330344,1,0
baseline-generic-hybrid,Hybrid baseline,Q-060,features_security_maintenance_limitations,RAX50,0.0,0.0,0.0,0.0,0.0,0.0,0.0,0.0,0.0,0.0,0.0,0.0,0,0,0.0,0.0,0.0,0.0,0.0,0.0,0.0,0.0,0.0,0.0,0.0,0.0,0,0,0.0,0.0,0.0,0.0,0.0,0.0,0.0,0.0,0.0,0.0,0.0,0.0,0,0,0.0,0.0,0.0,0.0,0.0,0.0,0.0,0.0,0.0,0.0,0.0,0.0,0,0,0.0,0.0,0.0,0.0,0.0,0.0,0.0,0.0,0.0,0.0,0.0,0.0,0,0,0.0,0.0,0.0,0.0,0.0,0.0,0.0,0.0,0.0,0.0,0.0,0.0,0,0,0.0,0.0,0.0,0.0,0.0,0.0,0.0,0.0,0.0,0.0,0.0,0.0,0,0,0.0,0.0,0.0,0.0,0.0,0.0,0.0,0.0,0.0,0.0,0.0,0.0,0,0,0.0,0.0,0.0,0.0,0.0,0.0,0.0,0.0,0.0,0.0,0.0,0.0,0,0,0.0,0.0,0.0,0.0,0.0,0.0,0.0,0.0,0.0,0.0,0.0,0.0,0,0,0.0,0.0,0.0,0.0,0.0,0.0,0.0,0.0,0.0,0.0,0.0,0.0,0,0,0.0,0.0,0.0,0.0,0.0,0.0,0.0,0.0,0.0,0.0,0.0,0.0,0,0
baseline-generic-hybrid,Hybrid baseline,Q-061,troubleshooting_diagnostics,RAX50,0.0,0.0,0.0,0.0,0.0,0.0,0.0,0.0,0.0,0.0,0.0,0.0,0,0,0.0,0.0,0.0,0.0,0.0,0.0,0.0,0.0,0.0,0.0,0.0,0.0,0,0,0.06666666666666667,0.0,-0.06666666666666667,1.0,0.0,-1.0,1.0,0.0,-1.0,0.27023815442731974,0.0,-0.27023815442731974,0,1,0.05,0.0,-0.05,1.0,0.0,-1.0,1.0,0.0,-1.0,0.27023815442731974,0.0,-0.27023815442731974,0,1,0.04,0.0,-0.04,1.0,0.0,-1.0,1.0,0.0,-1.0,0.27023815442731974,0.0,-0.27023815442731974,0,1,0.03333333333333333,0.0,-0.03333333333333333,1.0,0.0,-1.0,1.0,0.0,-1.0,0.27023815442731974,0.0,-0.27023815442731974,0,1,0.02857142857142857,0.0,-0.02857142857142857,1.0,0.0,-1.0,1.0,0.0,-1.0,0.27023815442731974,0.0,-0.27023815442731974,0,1,0.025,0.0,-0.025,1.0,0.0,-1.0,1.0,0.0,-1.0,0.27023815442731974,0.0,-0.27023815442731974,0,1,0.022222222222222223,0.0,-0.022222222222222223,1.0,0.0,-1.0,1.0,0.0,-1.0,0.27023815442731974,0.0,-0.27023815442731974,0,1,0.02,0.0,-0.02,1.0,0.0,-1.0,1.0,0.0,-1.0,0.27023815442731974,0.0,-0.27023815442731974,0,1,0.01818181818181818,0.0,-0.01818181818181818,1.0,0.0,-1.0,1.0,0.0,-1.0,0.27023815442731974,0.0,-0.27023815442731974,0,1,0.016666666666666666,0.0,-0.016666666666666666,1.0,0.0,-1.0,1.0,0.0,-1.0,0.27023815442731974,0.0,-0.27023815442731974,0,1
baseline-generic-hybrid,Hybrid baseline,Q-062,troubleshooting_diagnostics,RAX50,0.0,0.0,0.0,0.0,0.0,0.0,0.0,0.0,0.0,0.0,0.0,0.0,0,0,0.0,0.0,0.0,0.0,0.0,0.0,0.0,0.0,0.0,0.0,0.0,0.0,0,0,0.06666666666666667,0.0,-0.06666666666666667,1.0,0.0,-1.0,1.0,0.0,-1.0,0.12681701683239352,0.0,-0.12681701683239352,0,1,0.05,0.0,-0.05,1.0,0.0,-1.0,1.0,0.0,-1.0,0.12681701683239352,0.0,-0.12681701683239352,0,1,0.08,0.0,-0.08,1.0,0.0,-1.0,1.0,0.0,-1.0,0.22916872111545905,0.0,-0.22916872111545905,0,1,0.1,0.0,-0.1,1.0,0.0,-1.0,1.0,0.0,-1.0,0.3257682604083115,0.0,-0.3257682604083115,0,1,0.08571428571428572,0.0,-0.08571428571428572,1.0,0.0,-1.0,1.0,0.0,-1.0,0.3257682604083115,0.0,-0.3257682604083115,0,1,0.075,0.0,-0.075,1.0,0.0,-1.0,1.0,0.0,-1.0,0.3257682604083115,0.0,-0.3257682604083115,0,1,0.06666666666666667,0.0,-0.06666666666666667,1.0,0.0,-1.0,1.0,0.0,-1.0,0.3257682604083115,0.0,-0.3257682604083115,0,1,0.06,0.0,-0.06,1.0,0.0,-1.0,1.0,0.0,-1.0,0.3257682604083115,0.0,-0.3257682604083115,0,1,0.05454545454545454,0.0,-0.05454545454545454,1.0,0.0,-1.0,1.0,0.0,-1.0,0.3257682604083115,0.0,-0.3257682604083115,0,1,0.05,0.0,-0.05,1.0,0.0,-1.0,1.0,0.0,-1.0,0.3257682604083115,0.0,-0.3257682604083115,0,1
baseline-generic-hybrid,Hybrid baseline,Q-063,facts_specifications,RAX50,0.2,0.0,-0.2,1.0,0.0,-1.0,1.0,0.0,-1.0,0.5,0.0,-0.5,0,1,0.1,0.0,-0.1,1.0,0.0,-1.0,1.0,0.0,-1.0,0.5,0.0,-0.5,0,1,0.06666666666666667,0.0,-0.06666666666666667,1.0,0.0,-1.0,1.0,0.0,-1.0,0.5,0.0,-0.5,0,1,0.05,0.0,-0.05,1.0,0.0,-1.0,1.0,0.0,-1.0,0.5,0.0,-0.5,0,1,0.04,0.0,-0.04,1.0,0.0,-1.0,1.0,0.0,-1.0,0.5,0.0,-0.5,0,1,0.03333333333333333,0.0,-0.03333333333333333,1.0,0.0,-1.0,1.0,0.0,-1.0,0.5,0.0,-0.5,0,1,0.02857142857142857,0.0,-0.02857142857142857,1.0,0.0,-1.0,1.0,0.0,-1.0,0.5,0.0,-0.5,0,1,0.025,0.0,-0.025,1.0,0.0,-1.0,1.0,0.0,-1.0,0.5,0.0,-0.5,0,1,0.022222222222222223,0.0,-0.022222222222222223,1.0,0.0,-1.0,1.0,0.0,-1.0,0.5,0.0,-0.5,0,1,0.02,0.0,-0.02,1.0,0.0,-1.0,1.0,0.0,-1.0,0.5,0.0,-0.5,0,1,0.01818181818181818,0.0,-0.01818181818181818,1.0,0.0,-1.0,1.0,0.0,-1.0,0.5,0.0,-0.5,0,1,0.016666666666666666,0.0,-0.016666666666666666,1.0,0.0,-1.0,1.0,0.0,-1.0,0.5,0.0,-0.5,0,1
baseline-generic-hybrid,Hybrid baseline,Q-064,features_security_maintenance_limitations,RAX50,0.4,0.2,-0.2,1.0,1.0,0.0,1.0,1.0,0.0,0.5437713091520254,0.18154179253735267,-0.36222951661467273,1,0,0.2,0.1,-0.1,1.0,1.0,0.0,1.0,1.0,0.0,0.5437713091520254,0.18154179253735267,-0.36222951661467273,1,0,0.13333333333333333,0.13333333333333333,0.0,1.0,1.0,0.0,1.0,1.0,0.0,0.5437713091520254,0.29886147404304175,-0.24490983510898368,1,0,0.1,0.1,0.0,1.0,1.0,0.0,1.0,1.0,0.0,0.5437713091520254,0.29886147404304175,-0.24490983510898368,1,0,0.08,0.12,0.039999999999999994,1.0,1.0,0.0,1.0,1.0,0.0,0.5437713091520254,0.39991514729331556,-0.14385616185870986,1,0,0.06666666666666667,0.1,0.03333333333333334,1.0,1.0,0.0,1.0,1.0,0.0,0.5437713091520254,0.39991514729331556,-0.14385616185870986,1,0,0.05714285714285714,0.08571428571428572,0.028571428571428574,1.0,1.0,0.0,1.0,1.0,0.0,0.5437713091520254,0.39991514729331556,-0.14385616185870986,1,0,0.05,0.075,0.024999999999999994,1.0,1.0,0.0,1.0,1.0,0.0,0.5437713091520254,0.39991514729331556,-0.14385616185870986,1,0,0.044444444444444446,0.06666666666666667,0.02222222222222222,1.0,1.0,0.0,1.0,1.0,0.0,0.5437713091520254,0.39991514729331556,-0.14385616185870986,1,0,0.04,0.06,0.019999999999999997,1.0,1.0,0.0,1.0,1.0,0.0,0.5437713091520254,0.39991514729331556,-0.14385616185870986,1,0,0.03636363636363636,0.05454545454545454,0.01818181818181818,1.0,1.0,0.0,1.0,1.0,0.0,0.5437713091520254,0.39991514729331556,-0.14385616185870986,1,0,0.03333333333333333,0.05,0.01666666666666667,1.0,1.0,0.0,1.0,1.0,0.0,0.5437713091520254,0.39991514729331556,-0.14385616185870986,1,0
baseline-generic-hybrid,Hybrid baseline,Q-065,troubleshooting_diagnostics,RAX50,0.0,0.0,0.0,0.0,0.0,0.0,0.0,0.0,0.0,0.0,0.0,0.0,0,0,0.0,0.0,0.0,0.0,0.0,0.0,0.0,0.0,0.0,0.0,0.0,0.0,0,0,0.0,0.0,0.0,0.0,0.0,0.0,0.0,0.0,0.0,0.0,0.0,0.0,0,0,0.0,0.0,0.0,0.0,0.0,0.0,0.0,0.0,0.0,0.0,0.0,0.0,0,0,0.0,0.0,0.0,0.0,0.0,0.0,0.0,0.0,0.0,0.0,0.0,0.0,0,0,0.0,0.0,0.0,0.0,0.0,0.0,0.0,0.0,0.0,0.0,0.0,0.0,0,0,0.0,0.0,0.0,0.0,0.0,0.0,0.0,0.0,0.0,0.0,0.0,0.0,0,0,0.0,0.0,0.0,0.0,0.0,0.0,0.0,0.0,0.0,0.0,0.0,0.0,0,0,0.0,0.0,0.0,0.0,0.0,0.0,0.0,0.0,0.0,0.0,0.0,0.0,0,0,0.0,0.0,0.0,0.0,0.0,0.0,0.0,0.0,0.0,0.0,0.0,0.0,0,0,0.0,0.0,0.0,0.0,0.0,0.0,0.0,0.0,0.0,0.0,0.0,0.0,0,0,0.0,0.0,0.0,0.0,0.0,0.0,0.0,0.0,0.0,0.0,0.0,0.0,0,0
baseline-generic-hybrid,Hybrid baseline,Q-066,troubleshooting_diagnostics,RAX50,0.0,0.0,0.0,0.0,0.0,0.0,0.0,0.0,0.0,0.0,0.0,0.0,0,0,0.0,0.1,0.1,0.0,1.0,1.0,0.0,1.0,1.0,0.0,0.31546487678572877,0.31546487678572877,0,1,0.0,0.06666666666666667,0.06666666666666667,0.0,1.0,1.0,0.0,1.0,1.0,0.0,0.31546487678572877,0.31546487678572877,0,1,0.0,0.05,0.05,0.0,1.0,1.0,0.0,1.0,1.0,0.0,0.31546487678572877,0.31546487678572877,0,1,0.04,0.04,0.0,1.0,1.0,0.0,1.0,1.0,0.0,0.21810429198553155,0.31546487678572877,0.09736058480019721,1,0,0.03333333333333333,0.03333333333333333,0.0,1.0,1.0,0.0,1.0,1.0,0.0,0.21810429198553155,0.31546487678572877,0.09736058480019721,1,0,0.02857142857142857,0.02857142857142857,0.0,1.0,1.0,0.0,1.0,1.0,0.0,0.21810429198553155,0.31546487678572877,0.09736058480019721,1,0,0.025,0.025,0.0,1.0,1.0,0.0,1.0,1.0,0.0,0.21810429198553155,0.31546487678572877,0.09736058480019721,1,0,0.022222222222222223,0.022222222222222223,0.0,1.0,1.0,0.0,1.0,1.0,0.0,0.21810429198553155,0.31546487678572877,0.09736058480019721,1,0,0.02,0.02,0.0,1.0,1.0,0.0,1.0,1.0,0.0,0.21810429198553155,0.31546487678572877,0.09736058480019721,1,0,0.01818181818181818,0.01818181818181818,0.0,1.0,1.0,0.0,1.0,1.0,0.0,0.21810429198553155,0.31546487678572877,0.09736058480019721,1,0,0.016666666666666666,0.016666666666666666,0.0,1.0,1.0,0.0,1.0,1.0,0.0,0.21810429198553155,0.31546487678572877,0.09736058480019721,1,0
baseline-generic-hybrid,Hybrid baseline,Q-067,setup_configuration,RAXE500,0.2,0.0,-0.2,1.0,0.0,-1.0,1.0,0.0,-1.0,0.43067655807339306,0.0,-0.43067655807339306,0,1,0.1,0.1,0.0,1.0,1.0,0.0,1.0,1.0,0.0,0.43067655807339306,0.2890648263178879,-0.14161173175550518,1,0,0.06666666666666667,0.06666666666666667,0.0,1.0,1.0,0.0,1.0,1.0,0.0,0.43067655807339306,0.2890648263178879,-0.14161173175550518,1,0,0.05,0.05,0.0,1.0,1.0,0.0,1.0,1.0,0.0,0.43067655807339306,0.2890648263178879,-0.14161173175550518,1,0,0.04,0.04,0.0,1.0,1.0,0.0,1.0,1.0,0.0,0.43067655807339306,0.2890648263178879,-0.14161173175550518,1,0,0.03333333333333333,0.03333333333333333,0.0,1.0,1.0,0.0,1.0,1.0,0.0,0.43067655807339306,0.2890648263178879,-0.14161173175550518,1,0,0.02857142857142857,0.02857142857142857,0.0,1.0,1.0,0.0,1.0,1.0,0.0,0.43067655807339306,0.2890648263178879,-0.14161173175550518,1,0,0.025,0.025,0.0,1.0,1.0,0.0,1.0,1.0,0.0,0.43067655807339306,0.2890648263178879,-0.14161173175550518,1,0,0.022222222222222223,0.022222222222222223,0.0,1.0,1.0,0.0,1.0,1.0,0.0,0.43067655807339306,0.2890648263178879,-0.14161173175550518,1,0,0.02,0.02,0.0,1.0,1.0,0.0,1.0,1.0,0.0,0.43067655807339306,0.2890648263178879,-0.14161173175550518,1,0,0.01818181818181818,0.01818181818181818,0.0,1.0,1.0,0.0,1.0,1.0,0.0,0.43067655807339306,0.2890648263178879,-0.14161173175550518,1,0,0.016666666666666666,0.016666666666666666,0.0,1.0,1.0,0.0,1.0,1.0,0.0,0.43067655807339306,0.2890648263178879,-0.14161173175550518,1,0
baseline-generic-hybrid,Hybrid baseline,Q-068,troubleshooting_diagnostics,RAXE500,0.2,0.0,-0.2,1.0,0.0,-1.0,1.0,0.0,-1.0,0.2640681225725909,0.0,-0.2640681225725909,0,1,0.1,0.0,-0.1,1.0,0.0,-1.0,1.0,0.0,-1.0,0.2640681225725909,0.0,-0.2640681225725909,0,1,0.06666666666666667,0.0,-0.06666666666666667,1.0,0.0,-1.0,1.0,0.0,-1.0,0.2640681225725909,0.0,-0.2640681225725909,0,1,0.05,0.0,-0.05,1.0,0.0,-1.0,1.0,0.0,-1.0,0.2640681225725909,0.0,-0.2640681225725909,0,1,0.04,0.0,-0.04,1.0,0.0,-1.0,1.0,0.0,-1.0,0.2640681225725909,0.0,-0.2640681225725909,0,1,0.06666666666666667,0.0,-0.06666666666666667,1.0,0.0,-1.0,1.0,0.0,-1.0,0.3902825300353679,0.0,-0.3902825300353679,0,1,0.05714285714285714,0.0,-0.05714285714285714,1.0,0.0,-1.0,1.0,0.0,-1.0,0.3902825300353679,0.0,-0.3902825300353679,0,1,0.05,0.0,-0.05,1.0,0.0,-1.0,1.0,0.0,-1.0,0.3902825300353679,0.0,-0.3902825300353679,0,1,0.044444444444444446,0.0,-0.044444444444444446,1.0,0.0,-1.0,1.0,0.0,-1.0,0.3902825300353679,0.0,-0.3902825300353679,0,1,0.04,0.0,-0.04,1.0,0.0,-1.0,1.0,0.0,-1.0,0.3902825300353679,0.0,-0.3902825300353679,0,1,0.03636363636363636,0.0,-0.03636363636363636,1.0,0.0,-1.0,1.0,0.0,-1.0,0.3902825300353679,0.0,-0.3902825300353679,0,1,0.03333333333333333,0.0,-0.03333333333333333,1.0,0.0,-1.0,1.0,0.0,-1.0,0.3902825300353679,0.0,-0.3902825300353679,0,1
baseline-generic-hybrid,Hybrid baseline,Q-069,facts_specifications,RAXE500,0.0,0.0,0.0,0.0,0.0,0.0,0.0,0.0,0.0,0.0,0.0,0.0,0,0,0.1,0.0,-0.1,1.0,0.0,-1.0,1.0,0.0,-1.0,0.1480409554829326,0.0,-0.1480409554829326,0,1,0.06666666666666667,0.0,-0.06666666666666667,1.0,0.0,-1.0,1.0,0.0,-1.0,0.1480409554829326,0.0,-0.1480409554829326,0,1,0.1,0.0,-0.1,1.0,0.0,-1.0,1.0,0.0,-1.0,0.25851335044203005,0.0,-0.25851335044203005,0,1,0.08,0.0,-0.08,1.0,0.0,-1.0,1.0,0.0,-1.0,0.25851335044203005,0.0,-0.25851335044203005,0,1,0.1,0.0,-0.1,1.0,0.0,-1.0,1.0,0.0,-1.0,0.35511288973488253,0.0,-0.35511288973488253,0,1,0.08571428571428572,0.0,-0.08571428571428572,1.0,0.0,-1.0,1.0,0.0,-1.0,0.35511288973488253,0.0,-0.35511288973488253,0,1,0.075,0.0,-0.075,1.0,0.0,-1.0,1.0,0.0,-1.0,0.35511288973488253,0.0,-0.35511288973488253,0,1,0.06666666666666667,0.0,-0.06666666666666667,1.0,0.0,-1.0,1.0,0.0,-1.0,0.35511288973488253,0.0,-0.35511288973488253,0,1,0.06,0.0,-0.06,1.0,0.0,-1.0,1.0,0.0,-1.0,0.35511288973488253,0.0,-0.35511288973488253,0,1,0.05454545454545454,0.0,-0.05454545454545454,1.0,0.0,-1.0,1.0,0.0,-1.0,0.35511288973488253,0.0,-0.35511288973488253,0,1,0.05,0.0,-0.05,1.0,0.0,-1.0,1.0,0.0,-1.0,0.35511288973488253,0.0,-0.35511288973488253,0,1
baseline-generic-hybrid,Hybrid baseline,Q-070,setup_configuration,RAXE500,0.0,0.0,0.0,0.0,0.0,0.0,0.0,0.0,0.0,0.0,0.0,0.0,0,0,0.0,0.0,0.0,0.0,0.0,0.0,0.0,0.0,0.0,0.0,0.0,0.0,0,0,0.0,0.0,0.0,0.0,0.0,0.0,0.0,0.0,0.0,0.0,0.0,0.0,0,0,0.0,0.0,0.0,0.0,0.0,0.0,0.0,0.0,0.0,0.0,0.0,0.0,0,0,0.0,0.0,0.0,0.0,0.0,0.0,0.0,0.0,0.0,0.0,0.0,0.0,0,0,0.0,0.0,0.0,0.0,0.0,0.0,0.0,0.0,0.0,0.0,0.0,0.0,0,0,0.0,0.0,0.0,0.0,0.0,0.0,0.0,0.0,0.0,0.0,0.0,0.0,0,0,0.0,0.0,0.0,0.0,0.0,0.0,0.0,0.0,0.0,0.0,0.0,0.0,0,0,0.0,0.0,0.0,0.0,0.0,0.0,0.0,0.0,0.0,0.0,0.0,0.0,0,0,0.0,0.0,0.0,0.0,0.0,0.0,0.0,0.0,0.0,0.0,0.0,0.0,0,0,0.0,0.0,0.0,0.0,0.0,0.0,0.0,0.0,0.0,0.0,0.0,0.0,0,0,0.0,0.0,0.0,0.0,0.0,0.0,0.0,0.0,0.0,0.0,0.0,0.0,0,0
baseline-generic-hybrid,Hybrid baseline,Q-071,features_security_maintenance_limitations,RAXE500,0.0,0.0,0.0,0.0,0.0,0.0,0.0,0.0,0.0,0.0,0.0,0.0,0,0,0.0,0.0,0.0,0.0,0.0,0.0,0.0,0.0,0.0,0.0,0.0,0.0,0,0,0.0,0.0,0.0,0.0,0.0,0.0,0.0,0.0,0.0,0.0,0.0,0.0,0,0,0.0,0.0,0.0,0.0,0.0,0.0,0.0,0.0,0.0,0.0,0.0,0.0,0,0,0.0,0.0,0.0,0.0,0.0,0.0,0.0,0.0,0.0,0.0,0.0,0.0,0,0,0.0,0.0,0.0,0.0,0.0,0.0,0.0,0.0,0.0,0.0,0.0,0.0,0,0,0.0,0.0,0.0,0.0,0.0,0.0,0.0,0.0,0.0,0.0,0.0,0.0,0,0,0.0,0.0,0.0,0.0,0.0,0.0,0.0,0.0,0.0,0.0,0.0,0.0,0,0,0.0,0.0,0.0,0.0,0.0,0.0,0.0,0.0,0.0,0.0,0.0,0.0,0,0,0.0,0.0,0.0,0.0,0.0,0.0,0.0,0.0,0.0,0.0,0.0,0.0,0,0,0.0,0.0,0.0,0.0,0.0,0.0,0.0,0.0,0.0,0.0,0.0,0.0,0,0,0.0,0.0,0.0,0.0,0.0,0.0,0.0,0.0,0.0,0.0,0.0,0.0,0,0
baseline-generic-hybrid,Hybrid baseline,Q-072,facts_specifications,RAXE500,0.0,0.4,0.4,0.0,1.0,1.0,0.0,1.0,1.0,0.0,0.41618115554873086,0.41618115554873086,0,1,0.1,0.3,0.19999999999999998,1.0,1.0,0.0,1.0,1.0,0.0,0.14126697285982898,0.55744812840856,0.416181155548731,1,0,0.2,0.2,0.0,1.0,1.0,0.0,1.0,1.0,0.0,0.3922846188260775,0.55744812840856,0.16516350958248244,1,0,0.15,0.15,0.0,1.0,1.0,0.0,1.0,1.0,0.0,0.3922846188260775,0.55744812840856,0.16516350958248244,1,0,0.12,0.12,0.0,1.0,1.0,0.0,1.0,1.0,0.0,0.3922846188260775,0.55744812840856,0.16516350958248244,1,0,0.1,0.1,0.0,1.0,1.0,0.0,1.0,1.0,0.0,0.3922846188260775,0.55744812840856,0.16516350958248244,1,0,0.08571428571428572,0.08571428571428572,0.0,1.0,1.0,0.0,1.0,1.0,0.0,0.3922846188260775,0.55744812840856,0.16516350958248244,1,0,0.075,0.075,0.0,1.0,1.0,0.0,1.0,1.0,0.0,0.3922846188260775,0.55744812840856,0.16516350958248244,1,0,0.06666666666666667,0.06666666666666667,0.0,1.0,1.0,0.0,1.0,1.0,0.0,0.3922846188260775,0.55744812840856,0.16516350958248244,1,0,0.06,0.06,0.0,1.0,1.0,0.0,1.0,1.0,0.0,0.3922846188260775,0.55744812840856,0.16516350958248244,1,0,0.05454545454545454,0.05454545454545454,0.0,1.0,1.0,0.0,1.0,1.0,0.0,0.3922846188260775,0.55744812840856,0.16516350958248244,1,0,0.05,0.05,0.0,1.0,1.0,0.0,1.0,1.0,0.0,0.3922846188260775,0.55744812840856,0.16516350958248244,1,0
baseline-generic-hybrid,Hybrid baseline,Q-073,facts_specifications,RAXE500,0.0,0.0,0.0,0.0,0.0,0.0,0.0,0.0,0.0,0.0,0.0,0.0,0,0,0.1,0.0,-0.1,1.0,0.0,-1.0,1.0,0.0,-1.0,0.3562071871080222,0.0,-0.3562071871080222,0,1,0.06666666666666667,0.06666666666666667,0.0,1.0,1.0,0.0,1.0,1.0,0.0,0.3562071871080222,0.16104282508920814,-0.19516436201881404,1,0,0.05,0.1,0.05,1.0,1.0,0.0,1.0,1.0,0.0,0.3562071871080222,0.31104961819754595,-0.04515756891047623,1,0,0.04,0.08,0.04,1.0,1.0,0.0,1.0,1.0,0.0,0.3562071871080222,0.31104961819754595,-0.04515756891047623,1,0,0.03333333333333333,0.06666666666666667,0.03333333333333333,1.0,1.0,0.0,1.0,1.0,0.0,0.3562071871080222,0.31104961819754595,-0.04515756891047623,1,0,0.02857142857142857,0.05714285714285714,0.02857142857142857,1.0,1.0,0.0,1.0,1.0,0.0,0.3562071871080222,0.31104961819754595,-0.04515756891047623,1,0,0.025,0.05,0.025,1.0,1.0,0.0,1.0,1.0,0.0,0.3562071871080222,0.31104961819754595,-0.04515756891047623,1,0,0.022222222222222223,0.044444444444444446,0.022222222222222223,1.0,1.0,0.0,1.0,1.0,0.0,0.3562071871080222,0.31104961819754595,-0.04515756891047623,1,0,0.02,0.04,0.02,1.0,1.0,0.0,1.0,1.0,0.0,0.3562071871080222,0.31104961819754595,-0.04515756891047623,1,0,0.01818181818181818,0.03636363636363636,0.01818181818181818,1.0,1.0,0.0,1.0,1.0,0.0,0.3562071871080222,0.31104961819754595,-0.04515756891047623,1,0,0.016666666666666666,0.03333333333333333,0.016666666666666666,1.0,1.0,0.0,1.0,1.0,0.0,0.3562071871080222,0.31104961819754595,-0.04515756891047623,1,0
baseline-generic-hybrid,Hybrid baseline,Q-074,setup_configuration,RAXE500,0.2,0.2,0.0,1.0,1.0,0.0,1.0,1.0,0.0,0.3065735963827292,0.3065735963827292,0.0,1,0,0.1,0.1,0.0,1.0,1.0,0.0,1.0,1.0,0.0,0.3065735963827292,0.3065735963827292,0.0,1,0,0.06666666666666667,0.06666666666666667,0.0,1.0,1.0,0.0,1.0,1.0,0.0,0.3065735963827292,0.3065735963827292,0.0,1,0,0.1,0.1,0.0,1.0,1.0,0.0,1.0,1.0,0.0,0.44844249824872334,0.44616897024747965,-0.0022735280012436965,1,0,0.08,0.08,0.0,1.0,1.0,0.0,1.0,1.0,0.0,0.44844249824872334,0.44616897024747965,-0.0022735280012436965,1,0,0.06666666666666667,0.06666666666666667,0.0,1.0,1.0,0.0,1.0,1.0,0.0,0.44844249824872334,0.44616897024747965,-0.0022735280012436965,1,0,0.05714285714285714,0.05714285714285714,0.0,1.0,1.0,0.0,1.0,1.0,0.0,0.44844249824872334,0.44616897024747965,-0.0022735280012436965,1,0,0.05,0.05,0.0,1.0,1.0,0.0,1.0,1.0,0.0,0.44844249824872334,0.44616897024747965,-0.0022735280012436965,1,0,0.044444444444444446,0.044444444444444446,0.0,1.0,1.0,0.0,1.0,1.0,0.0,0.44844249824872334,0.44616897024747965,-0.0022735280012436965,1,0,0.04,0.04,0.0,1.0,1.0,0.0,1.0,1.0,0.0,0.44844249824872334,0.44616897024747965,-0.0022735280012436965,1,0,0.03636363636363636,0.03636363636363636,0.0,1.0,1.0,0.0,1.0,1.0,0.0,0.44844249824872334,0.44616897024747965,-0.0022735280012436965,1,0,0.03333333333333333,0.03333333333333333,0.0,1.0,1.0,0.0,1.0,1.0,0.0,0.44844249824872334,0.44616897024747965,-0.0022735280012436965,1,0
baseline-generic-hybrid,Hybrid baseline,Q-075,features_security_maintenance_limitations,RAXE500,0.0,0.0,0.0,0.0,0.0,0.0,0.0,0.0,0.0,0.0,0.0,0.0,0,0,0.2,0.1,-0.1,1.0,1.0,0.0,1.0,1.0,0.0,0.25657228426720274,0.15642624200758548,-0.10014604225961726,1,0,0.13333333333333333,0.06666666666666667,-0.06666666666666667,1.0,1.0,0.0,1.0,1.0,0.0,0.25657228426720274,0.15642624200758548,-0.10014604225961726,1,0,0.1,0.15,0.04999999999999999,1.0,1.0,0.0,1.0,1.0,0.0,0.25657228426720274,0.37184791937040923,0.11527563510320649,1,0,0.12,0.12,0.0,1.0,1.0,0.0,1.0,1.0,0.0,0.3441125995756799,0.37184791937040923,0.02773531979472932,1,0,0.13333333333333333,0.1,-0.033333333333333326,1.0,1.0,0.0,1.0,1.0,0.0,0.42531734861572257,0.37184791937040923,-0.05346942924531334,1,0,0.11428571428571428,0.08571428571428572,-0.028571428571428567,1.0,1.0,0.0,1.0,1.0,0.0,0.42531734861572257,0.37184791937040923,-0.05346942924531334,1,0,0.1,0.075,-0.02500000000000001,1.0,1.0,0.0,1.0,1.0,0.0,0.42531734861572257,0.37184791937040923,-0.05346942924531334,1,0,0.08888888888888889,0.06666666666666667,-0.022222222222222227,1.0,1.0,0.0,1.0,1.0,0.0,0.42531734861572257,0.37184791937040923,-0.05346942924531334,1,0,0.08,0.06,-0.020000000000000004,1.0,1.0,0.0,1.0,1.0,0.0,0.42531734861572257,0.37184791937040923,-0.05346942924531334,1,0,0.07272727272727272,0.05454545454545454,-0.01818181818181818,1.0,1.0,0.0,1.0,1.0,0.0,0.42531734861572257,0.37184791937040923,-0.05346942924531334,1,0,0.06666666666666667,0.05,-0.016666666666666663,1.0,1.0,0.0,1.0,1.0,0.0,0.42531734861572257,0.37184791937040923,-0.05346942924531334,1,0
baseline-generic-hybrid,Hybrid baseline,Q-076,features_security_maintenance_limitations,RAXE500,0.0,0.0,0.0,0.0,0.0,0.0,0.0,0.0,0.0,0.0,0.0,0.0,0,0,0.1,0.1,0.0,1.0,1.0,0.0,1.0,1.0,0.0,0.18457569677956817,0.15642624200758548,-0.02814945477198269,1,0,0.06666666666666667,0.06666666666666667,0.0,1.0,1.0,0.0,1.0,1.0,0.0,0.18457569677956817,0.15642624200758548,-0.02814945477198269,1,0,0.05,0.05,0.0,1.0,1.0,0.0,1.0,1.0,0.0,0.18457569677956817,0.15642624200758548,-0.02814945477198269,1,0,0.04,0.08,0.04,1.0,1.0,0.0,1.0,1.0,0.0,0.18457569677956817,0.2616590981548802,0.07708340137531203,1,0,0.06666666666666667,0.06666666666666667,0.0,1.0,1.0,0.0,1.0,1.0,0.0,0.3121192633991562,0.2616590981548802,-0.05046016524427599,1,0,0.05714285714285714,0.05714285714285714,0.0,1.0,1.0,0.0,1.0,1.0,0.0,0.3121192633991562,0.2616590981548802,-0.05046016524427599,1,0,0.05,0.075,0.024999999999999994,1.0,1.0,0.0,1.0,1.0,0.0,0.3121192633991562,0.34925110391016717,0.03713184051101098,1,0,0.044444444444444446,0.06666666666666667,0.02222222222222222,1.0,1.0,0.0,1.0,1.0,0.0,0.3121192633991562,0.34925110391016717,0.03713184051101098,1,0,0.04,0.06,0.019999999999999997,1.0,1.0,0.0,1.0,1.0,0.0,0.3121192633991562,0.34925110391016717,0.03713184051101098,1,0,0.03636363636363636,0.05454545454545454,0.01818181818181818,1.0,1.0,0.0,1.0,1.0,0.0,0.3121192633991562,0.34925110391016717,0.03713184051101098,1,0,0.03333333333333333,0.05,0.01666666666666667,1.0,1.0,0.0,1.0,1.0,0.0,0.3121192633991562,0.34925110391016717,0.03713184051101098,1,0
baseline-generic-hybrid,Hybrid baseline,Q-077,troubleshooting_diagnostics,RAXE500,0.2,0.2,0.0,1.0,1.0,0.0,1.0,1.0,0.0,0.38685280723454163,0.43067655807339306,0.04382375083885143,1,0,0.1,0.1,0.0,1.0,1.0,0.0,1.0,1.0,0.0,0.38685280723454163,0.43067655807339306,0.04382375083885143,1,0,0.06666666666666667,0.06666666666666667,0.0,1.0,1.0,0.0,1.0,1.0,0.0,0.38685280723454163,0.43067655807339306,0.04382375083885143,1,0,0.05,0.05,0.0,1.0,1.0,0.0,1.0,1.0,0.0,0.38685280723454163,0.43067655807339306,0.04382375083885143,1,0,0.04,0.04,0.0,1.0,1.0,0.0,1.0,1.0,0.0,0.38685280723454163,0.43067655807339306,0.04382375083885143,1,0,0.03333333333333333,0.03333333333333333,0.0,1.0,1.0,0.0,1.0,1.0,0.0,0.38685280723454163,0.43067655807339306,0.04382375083885143,1,0,0.02857142857142857,0.02857142857142857,0.0,1.0,1.0,0.0,1.0,1.0,0.0,0.38685280723454163,0.43067655807339306,0.04382375083885143,1,0,0.025,0.025,0.0,1.0,1.0,0.0,1.0,1.0,0.0,0.38685280723454163,0.43067655807339306,0.04382375083885143,1,0,0.022222222222222223,0.022222222222222223,0.0,1.0,1.0,0.0,1.0,1.0,0.0,0.38685280723454163,0.43067655807339306,0.04382375083885143,1,0,0.02,0.02,0.0,1.0,1.0,0.0,1.0,1.0,0.0,0.38685280723454163,0.43067655807339306,0.04382375083885143,1,0,0.01818181818181818,0.01818181818181818,0.0,1.0,1.0,0.0,1.0,1.0,0.0,0.38685280723454163,0.43067655807339306,0.04382375083885143,1,0,0.016666666666666666,0.016666666666666666,0.0,1.0,1.0,0.0,1.0,1.0,0.0,0.38685280723454163,0.43067655807339306,0.04382375083885143,1,0
baseline-generic-hybrid,Hybrid baseline,Q-078,facts_specifications,RBK852,0.4,0.2,-0.2,1.0,1.0,0.0,1.0,1.0,0.0,0.8772153153380493,0.2960819109658652,-0.5811334043721841,1,0,0.2,0.2,0.0,1.0,1.0,0.0,1.0,1.0,0.0,0.8772153153380493,0.4525081529734507,-0.4247071623645986,1,0,0.13333333333333333,0.13333333333333333,0.0,1.0,1.0,0.0,1.0,1.0,0.0,0.8772153153380493,0.4525081529734507,-0.4247071623645986,1,0,0.1,0.15,0.04999999999999999,1.0,1.0,0.0,1.0,1.0,0.0,0.8772153153380493,0.5610890260744843,-0.316126289263565,1,0,0.08,0.12,0.039999999999999994,1.0,1.0,0.0,1.0,1.0,0.0,0.8772153153380493,0.5610890260744843,-0.316126289263565,1,0,0.06666666666666667,0.1,0.03333333333333334,1.0,1.0,0.0,1.0,1.0,0.0,0.8772153153380493,0.5610890260744843,-0.316126289263565,1,0,0.05714285714285714,0.08571428571428572,0.028571428571428574,1.0,1.0,0.0,1.0,1.0,0.0,0.8772153153380493,0.5610890260744843,-0.316126289263565,1,0,0.05,0.075,0.024999999999999994,1.0,1.0,0.0,1.0,1.0,0.0,0.8772153153380493,0.5610890260744843,-0.316126289263565,1,0,0.044444444444444446,0.06666666666666667,0.02222222222222222,1.0,1.0,0.0,1.0,1.0,0.0,0.8772153153380493,0.5610890260744843,-0.316126289263565,1,0,0.04,0.06,0.019999999999999997,1.0,1.0,0.0,1.0,1.0,0.0,0.8772153153380493,0.5610890260744843,-0.316126289263565,1,0,0.03636363636363636,0.05454545454545454,0.01818181818181818,1.0,1.0,0.0,1.0,1.0,0.0,0.8772153153380493,0.5610890260744843,-0.316126289263565,1,0,0.03333333333333333,0.05,0.01666666666666667,1.0,1.0,0.0,1.0,1.0,0.0,0.8772153153380493,0.5610890260744843,-0.316126289263565,1,0
baseline-generic-hybrid,Hybrid baseline,Q-079,facts_specifications,RBK852,0.0,0.0,0.0,0.0,0.0,0.0,0.0,0.0,0.0,0.0,0.0,0.0,0,0,0.1,0.1,0.0,1.0,1.0,0.0,1.0,1.0,0.0,0.3562071871080222,0.20438239758848611,-0.15182478951953607,1,0,0.06666666666666667,0.13333333333333333,0.06666666666666667,1.0,1.0,0.0,1.0,1.0,0.0,0.3562071871080222,0.3754154816562042,0.019208294548182014,1,0,0.05,0.1,0.05,1.0,1.0,0.0,1.0,1.0,0.0,0.3562071871080222,0.3754154816562042,0.019208294548182014,1,0,0.04,0.08,0.04,1.0,1.0,0.0,1.0,1.0,0.0,0.3562071871080222,0.3754154816562042,0.019208294548182014,1,0,0.03333333333333333,0.06666666666666667,0.03333333333333333,1.0,1.0,0.0,1.0,1.0,0.0,0.3562071871080222,0.3754154816562042,0.019208294548182014,1,0,0.02857142857142857,0.05714285714285714,0.02857142857142857,1.0,1.0,0.0,1.0,1.0,0.0,0.3562071871080222,0.3754154816562042,0.019208294548182014,1,0,0.025,0.05,0.025,1.0,1.0,0.0,1.0,1.0,0.0,0.3562071871080222,0.3754154816562042,0.019208294548182014,1,0,0.022222222222222223,0.044444444444444446,0.022222222222222223,1.0,1.0,0.0,1.0,1.0,0.0,0.3562071871080222,0.3754154816562042,0.019208294548182014,1,0,0.02,0.04,0.02,1.0,1.0,0.0,1.0,1.0,0.0,0.3562071871080222,0.3754154816562042,0.019208294548182014,1,0,0.01818181818181818,0.03636363636363636,0.01818181818181818,1.0,1.0,0.0,1.0,1.0,0.0,0.3562071871080222,0.3754154816562042,0.019208294548182014,1,0,0.016666666666666666,0.03333333333333333,0.016666666666666666,1.0,1.0,0.0,1.0,1.0,0.0,0.3562071871080222,0.3754154816562042,0.019208294548182014,1,0
baseline-generic-hybrid,Hybrid baseline,Q-080,setup_configuration,RBK852,0.0,0.0,0.0,0.0,0.0,0.0,0.0,0.0,0.0,0.0,0.0,0.0,0,0,0.0,0.0,0.0,0.0,0.0,0.0,0.0,0.0,0.0,0.0,0.0,0.0,0,0,0.0,0.0,0.0,0.0,0.0,0.0,0.0,0.0,0.0,0.0,0.0,0.0,0,0,0.0,0.0,0.0,0.0,0.0,0.0,0.0,0.0,0.0,0.0,0.0,0.0,0,0,0.0,0.0,0.0,0.0,0.0,0.0,0.0,0.0,0.0,0.0,0.0,0.0,0,0,0.0,0.0,0.0,0.0,0.0,0.0,0.0,0.0,0.0,0.0,0.0,0.0,0,0,0.0,0.0,0.0,0.0,0.0,0.0,0.0,0.0,0.0,0.0,0.0,0.0,0,0,0.0,0.0,0.0,0.0,0.0,0.0,0.0,0.0,0.0,0.0,0.0,0.0,0,0,0.0,0.0,0.0,0.0,0.0,0.0,0.0,0.0,0.0,0.0,0.0,0.0,0,0,0.0,0.0,0.0,0.0,0.0,0.0,0.0,0.0,0.0,0.0,0.0,0.0,0,0,0.0,0.0,0.0,0.0,0.0,0.0,0.0,0.0,0.0,0.0,0.0,0.0,0,0,0.0,0.0,0.0,0.0,0.0,0.0,0.0,0.0,0.0,0.0,0.0,0.0,0,0
baseline-generic-hybrid,Hybrid baseline,Q-081,features_security_maintenance_limitations,RBK852,0.2,0.2,0.0,1.0,1.0,0.0,1.0,1.0,0.0,0.20210734650054757,0.16958010263680806,-0.03252724386373951,1,0,0.1,0.1,0.0,1.0,1.0,0.0,1.0,1.0,0.0,0.20210734650054757,0.15130120674940675,-0.050806139751140816,1,0,0.06666666666666667,0.06666666666666667,0.0,1.0,1.0,0.0,1.0,1.0,0.0,0.20210734650054757,0.15130120674940675,-0.050806139751140816,1,0,0.05,0.05,0.0,1.0,1.0,0.0,1.0,1.0,0.0,0.20210734650054757,0.15130120674940675,-0.050806139751140816,1,0,0.04,0.12,0.07999999999999999,1.0,1.0,0.0,1.0,1.0,0.0,0.20210734650054757,0.28515681431912054,0.08304946781857298,1,0,0.03333333333333333,0.1,0.06666666666666668,1.0,1.0,0.0,1.0,1.0,0.0,0.20210734650054757,0.28515681431912054,0.08304946781857298,1,0,0.08571428571428572,0.11428571428571428,0.028571428571428567,1.0,1.0,0.0,1.0,1.0,0.0,0.38899284214070506,0.3446368386340388,-0.04435600350666624,1,0,0.075,0.15,0.075,1.0,1.0,0.0,1.0,1.0,0.0,0.38899284214070506,0.45997649602481494,0.07098365388410988,1,0,0.06666666666666667,0.13333333333333333,0.06666666666666667,1.0,1.0,0.0,1.0,1.0,0.0,0.38899284214070506,0.45997649602481494,0.07098365388410988,1,0,0.06,0.12,0.06,1.0,1.0,0.0,1.0,1.0,0.0,0.38899284214070506,0.45997649602481494,0.07098365388410988,1,0,0.05454545454545454,0.10909090909090909,0.05454545454545454,1.0,1.0,0.0,1.0,1.0,0.0,0.38899284214070506,0.45997649602481494,0.07098365388410988,1,0,0.05,0.1,0.05,1.0,1.0,0.0,1.0,1.0,0.0,0.38899284214070506,0.45997649602481494,0.07098365388410988,1,0
baseline-generic-hybrid,Hybrid baseline,Q-082,setup_configuration,RBK852,0.6,0.6,0.0,1.0,1.0,0.0,1.0,1.0,0.0,0.8318724637288826,0.6843515475204855,-0.14752091620839702,1,0,0.3,0.5,0.2,1.0,1.0,0.0,1.0,1.0,0.0,0.8318724637288826,0.9032021360513368,0.07132967232245424,1,0,0.2,0.3333333333333333,0.1333333333333333,1.0,1.0,0.0,1.0,1.0,0.0,0.8318724637288826,0.9032021360513368,0.07132967232245424,1,0,0.2,0.25,0.04999999999999999,1.0,1.0,0.0,1.0,1.0,0.0,0.9221979021492724,0.9032021360513368,-0.01899576609793563,1,0,0.16,0.2,0.04000000000000001,1.0,1.0,0.0,1.0,1.0,0.0,0.9221979021492724,0.9032021360513368,-0.01899576609793563,1,0,0.13333333333333333,0.16666666666666666,0.033333333333333326,1.0,1.0,0.0,1.0,1.0,0.0,0.9221979021492724,0.9032021360513368,-0.01899576609793563,1,0,0.11428571428571428,0.14285714285714285,0.028571428571428567,1.0,1.0,0.0,1.0,1.0,0.0,0.9221979021492724,0.9032021360513368,-0.01899576609793563,1,0,0.1,0.125,0.024999999999999994,1.0,1.0,0.0,1.0,1.0,0.0,0.9221979021492724,0.9032021360513368,-0.01899576609793563,1,0,0.08888888888888889,0.1111111111111111,0.022222222222222213,1.0,1.0,0.0,1.0,1.0,0.0,0.9221979021492724,0.9032021360513368,-0.01899576609793563,1,0,0.08,0.1,0.020000000000000004,1.0,1.0,0.0,1.0,1.0,0.0,0.9221979021492724,0.9032021360513368,-0.01899576609793563,1,0,0.07272727272727272,0.09090909090909091,0.018181818181818188,1.0,1.0,0.0,1.0,1.0,0.0,0.9221979021492724,0.9032021360513368,-0.01899576609793563,1,0,0.06666666666666667,0.08333333333333333,0.016666666666666663,1.0,1.0,0.0,1.0,1.0,0.0,0.9221979021492724,0.9032021360513368,-0.01899576609793563,1,0
baseline-generic-hybrid,Hybrid baseline,Q-083,features_security_maintenance_limitations,RBK852,0.0,0.0,0.0,0.0,0.0,0.0,0.0,0.0,0.0,0.0,0.0,0.0,0,0,0.0,0.0,0.0,0.0,0.0,0.0,0.0,0.0,0.0,0.0,0.0,0.0,0,0,0.0,0.0,0.0,0.0,0.0,0.0,0.0,0.0,0.0,0.0,0.0,0.0,0,0,0.0,0.0,0.0,0.0,0.0,0.0,0.0,0.0,0.0,0.0,0.0,0.0,0,0,0.0,0.0,0.0,0.0,0.0,0.0,0.0,0.0,0.0,0.0,0.0,0.0,0,0,0.0,0.0,0.0,0.0,0.0,0.0,0.0,0.0,0.0,0.0,0.0,0.0,0,0,0.0,0.0,0.0,0.0,0.0,0.0,0.0,0.0,0.0,0.0,0.0,0.0,0,0,0.0,0.0,0.0,0.0,0.0,0.0,0.0,0.0,0.0,0.0,0.0,0.0,0,0,0.0,0.0,0.0,0.0,0.0,0.0,0.0,0.0,0.0,0.0,0.0,0.0,0,0,0.0,0.0,0.0,0.0,0.0,0.0,0.0,0.0,0.0,0.0,0.0,0.0,0,0,0.0,0.0,0.0,0.0,0.0,0.0,0.0,0.0,0.0,0.0,0.0,0.0,0,0,0.0,0.0,0.0,0.0,0.0,0.0,0.0,0.0,0.0,0.0,0.0,0.0,0,0
baseline-generic-hybrid,Hybrid baseline,Q-084,facts_specifications,RBK852,0.0,0.2,0.2,0.0,1.0,1.0,0.0,1.0,1.0,0.0,0.38685280723454163,0.38685280723454163,0,1,0.1,0.1,0.0,1.0,1.0,0.0,1.0,1.0,0.0,0.20438239758848611,0.38685280723454163,0.18247040964605551,1,0,0.13333333333333333,0.13333333333333333,0.0,1.0,1.0,0.0,1.0,1.0,0.0,0.36542522267769423,0.5525485729997712,0.187123350322077,1,0,0.1,0.1,0.0,1.0,1.0,0.0,1.0,1.0,0.0,0.36542522267769423,0.5525485729997712,0.187123350322077,1,0,0.08,0.08,0.0,1.0,1.0,0.0,1.0,1.0,0.0,0.36542522267769423,0.5525485729997712,0.187123350322077,1,0,0.06666666666666667,0.06666666666666667,0.0,1.0,1.0,0.0,1.0,1.0,0.0,0.36542522267769423,0.5525485729997712,0.187123350322077,1,0,0.05714285714285714,0.05714285714285714,0.0,1.0,1.0,0.0,1.0,1.0,0.0,0.36542522267769423,0.5525485729997712,0.187123350322077,1,0,0.05,0.05,0.0,1.0,1.0,0.0,1.0,1.0,0.0,0.36542522267769423,0.5525485729997712,0.187123350322077,1,0,0.044444444444444446,0.044444444444444446,0.0,1.0,1.0,0.0,1.0,1.0,0.0,0.36542522267769423,0.5525485729997712,0.187123350322077,1,0,0.04,0.04,0.0,1.0,1.0,0.0,1.0,1.0,0.0,0.36542522267769423,0.5525485729997712,0.187123350322077,1,0,0.03636363636363636,0.03636363636363636,0.0,1.0,1.0,0.0,1.0,1.0,0.0,0.36542522267769423,0.5525485729997712,0.187123350322077,1,0,0.03333333333333333,0.03333333333333333,0.0,1.0,1.0,0.0,1.0,1.0,0.0,0.36542522267769423,0.5525485729997712,0.187123350322077,1,0
baseline-generic-hybrid,Hybrid baseline,Q-085,features_security_maintenance_limitations,RBK852,0.2,0.2,0.0,1.0,1.0,0.0,1.0,1.0,0.0,0.46927872602275644,0.15101961822780524,-0.3182591077949512,1,0,0.2,0.1,-0.1,1.0,1.0,0.0,1.0,1.0,0.0,0.6364391809889587,0.15101961822780524,-0.48541956276115344,1,0,0.13333333333333333,0.06666666666666667,-0.06666666666666667,1.0,1.0,0.0,1.0,1.0,0.0,0.6364391809889587,0.15101961822780524,-0.48541956276115344,1,0,0.1,0.15,0.04999999999999999,1.0,1.0,0.0,1.0,1.0,0.0,0.6364391809889587,0.336851747510903,-0.29958743347805566,1,0,0.08,0.12,0.039999999999999994,1.0,1.0,0.0,1.0,1.0,0.0,0.6364391809889587,0.336851747510903,-0.29958743347805566,1,0,0.1,0.1,0.0,1.0,1.0,0.0,1.0,1.0,0.0,0.7330387202818112,0.336851747510903,-0.39618697277090814,1,0,0.08571428571428572,0.11428571428571428,0.028571428571428567,1.0,1.0,0.0,1.0,1.0,0.0,0.7330387202818112,0.4123615566248056,-0.32067716365700555,1,0,0.075,0.1,0.02500000000000001,1.0,1.0,0.0,1.0,1.0,0.0,0.7330387202818112,0.4123615566248056,-0.32067716365700555,1,0,0.06666666666666667,0.08888888888888889,0.022222222222222227,1.0,1.0,0.0,1.0,1.0,0.0,0.7330387202818112,0.4123615566248056,-0.32067716365700555,1,0,0.06,0.08,0.020000000000000004,1.0,1.0,0.0,1.0,1.0,0.0,0.7330387202818112,0.4123615566248056,-0.32067716365700555,1,0,0.05454545454545454,0.07272727272727272,0.01818181818181818,1.0,1.0,0.0,1.0,1.0,0.0,0.7330387202818112,0.4123615566248056,-0.32067716365700555,1,0,0.05,0.06666666666666667,0.016666666666666663,1.0,1.0,0.0,1.0,1.0,0.0,0.7330387202818112,0.4123615566248056,-0.32067716365700555,1,0
baseline-generic-hybrid,Hybrid baseline,Q-086,features_security_maintenance_limitations,RBK852,0.0,0.0,0.0,0.0,0.0,0.0,0.0,0.0,0.0,0.0,0.0,0.0,0,0,0.0,0.0,0.0,0.0,0.0,0.0,0.0,0.0,0.0,0.0,0.0,0.0,0,0,0.0,0.0,0.0,0.0,0.0,0.0,0.0,0.0,0.0,0.0,0.0,0.0,0,0,0.0,0.0,0.0,0.0,0.0,0.0,0.0,0.0,0.0,0.0,0.0,0.0,0,0,0.0,0.0,0.0,0.0,0.0,0.0,0.0,0.0,0.0,0.0,0.0,0.0,0,0,0.0,0.0,0.0,0.0,0.0,0.0,0.0,0.0,0.0,0.0,0.0,0.0,0,0,0.0,0.0,0.0,0.0,0.0,0.0,0.0,0.0,0.0,0.0,0.0,0.0,0,0,0.0,0.0,0.0,0.0,0.0,0.0,0.0,0.0,0.0,0.0,0.0,0.0,0,0,0.0,0.0,0.0,0.0,0.0,0.0,0.0,0.0,0.0,0.0,0.0,0.0,0,0,0.0,0.0,0.0,0.0,0.0,0.0,0.0,0.0,0.0,0.0,0.0,0.0,0,0,0.0,0.0,0.0,0.0,0.0,0.0,0.0,0.0,0.0,0.0,0.0,0.0,0,0,0.0,0.0,0.0,0.0,0.0,0.0,0.0,0.0,0.0,0.0,0.0,0.0,0,0
baseline-generic-hybrid,Hybrid baseline,Q-087,troubleshooting_diagnostics,RBK852,0.0,0.0,0.0,0.0,0.0,0.0,0.0,0.0,0.0,0.0,0.0,0.0,0,0,0.0,0.1,0.1,0.0,1.0,1.0,0.0,1.0,1.0,0.0,0.3333333333333333,0.3333333333333333,0,1,0.06666666666666667,0.06666666666666667,0.0,1.0,1.0,0.0,1.0,1.0,0.0,0.2559580248098155,0.3333333333333333,0.07737530852351782,1,0,0.05,0.05,0.0,1.0,1.0,0.0,1.0,1.0,0.0,0.2559580248098155,0.3333333333333333,0.07737530852351782,1,0,0.04,0.04,0.0,1.0,1.0,0.0,1.0,1.0,0.0,0.2559580248098155,0.3333333333333333,0.07737530852351782,1,0,0.03333333333333333,0.03333333333333333,0.0,1.0,1.0,0.0,1.0,1.0,0.0,0.2559580248098155,0.3333333333333333,0.07737530852351782,1,0,0.02857142857142857,0.02857142857142857,0.0,1.0,1.0,0.0,1.0,1.0,0.0,0.2559580248098155,0.3333333333333333,0.07737530852351782,1,0,0.025,0.025,0.0,1.0,1.0,0.0,1.0,1.0,0.0,0.2559580248098155,0.3333333333333333,0.07737530852351782,1,0,0.022222222222222223,0.022222222222222223,0.0,1.0,1.0,0.0,1.0,1.0,0.0,0.2559580248098155,0.3333333333333333,0.07737530852351782,1,0,0.02,0.02,0.0,1.0,1.0,0.0,1.0,1.0,0.0,0.2559580248098155,0.3333333333333333,0.07737530852351782,1,0,0.01818181818181818,0.01818181818181818,0.0,1.0,1.0,0.0,1.0,1.0,0.0,0.2559580248098155,0.3333333333333333,0.07737530852351782,1,0,0.016666666666666666,0.016666666666666666,0.0,1.0,1.0,0.0,1.0,1.0,0.0,0.2559580248098155,0.3333333333333333,0.07737530852351782,1,0
baseline-generic-hybrid,Hybrid baseline,Q-088,troubleshooting_diagnostics,RBK852,0.2,0.2,0.0,1.0,1.0,0.0,1.0,1.0,0.0,0.21398626473452756,0.6309297535714575,0.41694348883693,1,0,0.1,0.1,0.0,1.0,1.0,0.0,1.0,1.0,0.0,0.21398626473452756,0.6309297535714575,0.41694348883693,1,0,0.06666666666666667,0.06666666666666667,0.0,1.0,1.0,0.0,1.0,1.0,0.0,0.21398626473452756,0.6309297535714575,0.41694348883693,1,0,0.1,0.05,-0.05,1.0,1.0,0.0,1.0,1.0,0.0,0.29382760011519554,0.6309297535714575,0.337102153456262,1,0,0.08,0.04,-0.04,1.0,1.0,0.0,1.0,1.0,0.0,0.29382760011519554,0.6309297535714575,0.337102153456262,1,0,0.06666666666666667,0.03333333333333333,-0.03333333333333333,1.0,1.0,0.0,1.0,1.0,0.0,0.29382760011519554,0.6309297535714575,0.337102153456262,1,0,0.08571428571428572,0.02857142857142857,-0.05714285714285715,1.0,1.0,0.0,1.0,1.0,0.0,0.3604934836521967,0.6309297535714575,0.27043626991926084,1,0,0.1,0.025,-0.07500000000000001,1.0,1.0,0.0,1.0,1.0,0.0,0.4237985537628121,0.6309297535714575,0.20713119980864542,1,0,0.1111111111111111,0.022222222222222223,-0.08888888888888888,1.0,1.0,0.0,1.0,1.0,0.0,0.48520099804999905,0.6309297535714575,0.14572875552145848,1,0,0.1,0.02,-0.08,1.0,1.0,0.0,1.0,1.0,0.0,0.48520099804999905,0.6309297535714575,0.14572875552145848,1,0,0.09090909090909091,0.01818181818181818,-0.07272727272727272,1.0,1.0,0.0,1.0,1.0,0.0,0.48520099804999905,0.6309297535714575,0.14572875552145848,1,0,0.08333333333333333,0.016666666666666666,-0.06666666666666667,1.0,1.0,0.0,1.0,1.0,0.0,0.48520099804999905,0.6309297535714575,0.14572875552145848,1,0
baseline-generic-hybrid,Hybrid baseline,Q-089,facts_specifications,XR500,0.0,0.0,0.0,0.0,0.0,0.0,0.0,0.0,0.0,0.0,0.0,0.0,0,0,0.1,0.1,0.0,1.0,1.0,0.0,1.0,1.0,0.0,0.31546487678572877,0.31546487678572877,0.0,1,0,0.06666666666666667,0.06666666666666667,0.0,1.0,1.0,0.0,1.0,1.0,0.0,0.31546487678572877,0.31546487678572877,0.0,1,0,0.05,0.05,0.0,1.0,1.0,0.0,1.0,1.0,0.0,0.31546487678572877,0.31546487678572877,0.0,1,0,0.04,0.04,0.0,1.0,1.0,0.0,1.0,1.0,0.0,0.31546487678572877,0.31546487678572877,0.0,1,0,0.03333333333333333,0.03333333333333333,0.0,1.0,1.0,0.0,1.0,1.0,0.0,0.31546487678572877,0.31546487678572877,0.0,1,0,0.02857142857142857,0.02857142857142857,0.0,1.0,1.0,0.0,1.0,1.0,0.0,0.31546487678572877,0.31546487678572877,0.0,1,0,0.025,0.025,0.0,1.0,1.0,0.0,1.0,1.0,0.0,0.31546487678572877,0.31546487678572877,0.0,1,0,0.022222222222222223,0.022222222222222223,0.0,1.0,1.0,0.0,1.0,1.0,0.0,0.31546487678572877,0.31546487678572877,0.0,1,0,0.02,0.02,0.0,1.0,1.0,0.0,1.0,1.0,0.0,0.31546487678572877,0.31546487678572877,0.0,1,0,0.01818181818181818,0.01818181818181818,0.0,1.0,1.0,0.0,1.0,1.0,0.0,0.31546487678572877,0.31546487678572877,0.0,1,0,0.016666666666666666,0.016666666666666666,0.0,1.0,1.0,0.0,1.0,1.0,0.0,0.31546487678572877,0.31546487678572877,0.0,1,0
baseline-generic-hybrid,Hybrid baseline,Q-090,setup_configuration,XR500,0.2,0.0,-0.2,1.0,0.0,-1.0,1.0,0.0,-1.0,0.2640681225725909,0.0,-0.2640681225725909,0,1,0.1,0.0,-0.1,1.0,0.0,-1.0,1.0,0.0,-1.0,0.2640681225725909,0.0,-0.2640681225725909,0,1,0.06666666666666667,0.06666666666666667,0.0,1.0,1.0,0.0,1.0,1.0,0.0,0.2640681225725909,0.26264953503719357,-0.0014185875353973088,1,0,0.05,0.05,0.0,1.0,1.0,0.0,1.0,1.0,0.0,0.2640681225725909,0.26264953503719357,-0.0014185875353973088,1,0,0.08,0.04,-0.04,1.0,1.0,0.0,1.0,1.0,0.0,0.3996133408589148,0.26264953503719357,-0.13696380582172124,1,0,0.06666666666666667,0.03333333333333333,-0.03333333333333333,1.0,1.0,0.0,1.0,1.0,0.0,0.3996133408589148,0.26264953503719357,-0.13696380582172124,1,0,0.05714285714285714,0.02857142857142857,-0.02857142857142857,1.0,1.0,0.0,1.0,1.0,0.0,0.3996133408589148,0.26264953503719357,-0.13696380582172124,1,0,0.05,0.025,-0.025,1.0,1.0,0.0,1.0,1.0,0.0,0.3996133408589148,0.26264953503719357,-0.13696380582172124,1,0,0.044444444444444446,0.022222222222222223,-0.022222222222222223,1.0,1.0,0.0,1.0,1.0,0.0,0.3996133408589148,0.26264953503719357,-0.13696380582172124,1,0,0.04,0.02,-0.02,1.0,1.0,0.0,1.0,1.0,0.0,0.3996133408589148,0.26264953503719357,-0.13696380582172124,1,0,0.03636363636363636,0.01818181818181818,-0.01818181818181818,1.0,1.0,0.0,1.0,1.0,0.0,0.3996133408589148,0.26264953503719357,-0.13696380582172124,1,0,0.03333333333333333,0.016666666666666666,-0.016666666666666666,1.0,1.0,0.0,1.0,1.0,0.0,0.3996133408589148,0.26264953503719357,-0.13696380582172124,1,0
baseline-generic-hybrid,Hybrid baseline,Q-091,features_security_maintenance_limitations,XR500,0.0,0.0,0.0,0.0,0.0,0.0,0.0,0.0,0.0,0.0,0.0,0.0,0,0,0.0,0.0,0.0,0.0,0.0,0.0,0.0,0.0,0.0,0.0,0.0,0.0,0,0,0.0,0.0,0.0,0.0,0.0,0.0,0.0,0.0,0.0,0.0,0.0,0.0,0,0,0.0,0.0,0.0,0.0,0.0,0.0,0.0,0.0,0.0,0.0,0.0,0.0,0,0,0.0,0.0,0.0,0.0,0.0,0.0,0.0,0.0,0.0,0.0,0.0,0.0,0,0,0.0,0.0,0.0,0.0,0.0,0.0,0.0,0.0,0.0,0.0,0.0,0.0,0,0,0.0,0.0,0.0,0.0,0.0,0.0,0.0,0.0,0.0,0.0,0.0,0.0,0,0,0.0,0.0,0.0,0.0,0.0,0.0,0.0,0.0,0.0,0.0,0.0,0.0,0,0,0.0,0.0,0.0,0.0,0.0,0.0,0.0,0.0,0.0,0.0,0.0,0.0,0,0,0.0,0.0,0.0,0.0,0.0,0.0,0.0,0.0,0.0,0.0,0.0,0.0,0,0,0.0,0.0,0.0,0.0,0.0,0.0,0.0,0.0,0.0,0.0,0.0,0.0,0,0,0.0,0.0,0.0,0.0,0.0,0.0,0.0,0.0,0.0,0.0,0.0,0.0,0,0
baseline-generic-hybrid,Hybrid baseline,Q-092,features_security_maintenance_limitations,XR500,0.2,0.2,0.0,1.0,1.0,0.0,1.0,1.0,0.0,0.5,1.0,0.5,1,0,0.1,0.1,0.0,1.0,1.0,0.0,1.0,1.0,0.0,0.5,1.0,0.5,1,0,0.06666666666666667,0.06666666666666667,0.0,1.0,1.0,0.0,1.0,1.0,0.0,0.5,1.0,0.5,1,0,0.05,0.05,0.0,1.0,1.0,0.0,1.0,1.0,0.0,0.5,1.0,0.5,1,0,0.04,0.04,0.0,1.0,1.0,0.0,1.0,1.0,0.0,0.5,1.0,0.5,1,0,0.03333333333333333,0.03333333333333333,0.0,1.0,1.0,0.0,1.0,1.0,0.0,0.5,1.0,0.5,1,0,0.02857142857142857,0.02857142857142857,0.0,1.0,1.0,0.0,1.0,1.0,0.0,0.5,1.0,0.5,1,0,0.025,0.025,0.0,1.0,1.0,0.0,1.0,1.0,0.0,0.5,1.0,0.5,1,0,0.022222222222222223,0.022222222222222223,0.0,1.0,1.0,0.0,1.0,1.0,0.0,0.5,1.0,0.5,1,0,0.02,0.02,0.0,1.0,1.0,0.0,1.0,1.0,0.0,0.5,1.0,0.5,1,0,0.01818181818181818,0.01818181818181818,0.0,1.0,1.0,0.0,1.0,1.0,0.0,0.5,1.0,0.5,1,0,0.016666666666666666,0.016666666666666666,0.0,1.0,1.0,0.0,1.0,1.0,0.0,0.5,1.0,0.5,1,0
baseline-generic-hybrid,Hybrid baseline,Q-093,features_security_maintenance_limitations,XR500,0.6,0.2,-0.39999999999999997,1.0,1.0,0.0,1.0,1.0,0.0,1.0,0.20210734650054757,-0.7978926534994524,1,0,0.3,0.3,0.0,1.0,1.0,0.0,1.0,1.0,0.0,1.0,0.4790262927928244,-0.5209737072071756,1,0,0.2,0.2,0.0,1.0,1.0,0.0,1.0,1.0,0.0,1.0,0.4790262927928244,-0.5209737072071756,1,0,0.15,0.15,0.0,1.0,1.0,0.0,1.0,1.0,0.0,1.0,0.4790262927928244,-0.5209737072071756,1,0,0.12,0.12,0.0,1.0,1.0,0.0,1.0,1.0,0.0,1.0,0.4790262927928244,-0.5209737072071756,1,0,0.1,0.1,0.0,1.0,1.0,0.0,1.0,1.0,0.0,1.0,0.4790262927928244,-0.5209737072071756,1,0,0.08571428571428572,0.08571428571428572,0.0,1.0,1.0,0.0,1.0,1.0,0.0,1.0,0.4790262927928244,-0.5209737072071756,1,0,0.075,0.075,0.0,1.0,1.0,0.0,1.0,1.0,0.0,1.0,0.4790262927928244,-0.5209737072071756,1,0,0.06666666666666667,0.06666666666666667,0.0,1.0,1.0,0.0,1.0,1.0,0.0,1.0,0.4790262927928244,-0.5209737072071756,1,0,0.06,0.06,0.0,1.0,1.0,0.0,1.0,1.0,0.0,1.0,0.4790262927928244,-0.5209737072071756,1,0,0.05454545454545454,0.05454545454545454,0.0,1.0,1.0,0.0,1.0,1.0,0.0,1.0,0.4790262927928244,-0.5209737072071756,1,0,0.05,0.05,0.0,1.0,1.0,0.0,1.0,1.0,0.0,1.0,0.4790262927928244,-0.5209737072071756,1,0
baseline-generic-hybrid,Hybrid baseline,Q-094,features_security_maintenance_limitations,XR500,0.2,0.2,0.0,1.0,1.0,0.0,1.0,1.0,0.0,0.16812753627111746,0.23719771276929622,0.06907017649817876,1,0,0.2,0.1,-0.1,1.0,1.0,0.0,1.0,1.0,0.0,0.28097267762005274,0.23719771276929622,-0.04377496485075652,1,0,0.2,0.06666666666666667,-0.13333333333333336,1.0,1.0,0.0,1.0,1.0,0.0,0.3864682618551631,0.23719771276929622,-0.14927054908586687,1,0,0.2,0.1,-0.1,1.0,1.0,0.0,1.0,1.0,0.0,0.4753461849231938,0.3842380534357064,-0.09110813148748742,1,0,0.16,0.08,-0.08,1.0,1.0,0.0,1.0,1.0,0.0,0.4753461849231938,0.3842380534357064,-0.09110813148748742,1,0,0.13333333333333333,0.06666666666666667,-0.06666666666666667,1.0,1.0,0.0,1.0,1.0,0.0,0.4753461849231938,0.3842380534357064,-0.09110813148748742,1,0,0.11428571428571428,0.05714285714285714,-0.05714285714285714,1.0,1.0,0.0,1.0,1.0,0.0,0.4753461849231938,0.3842380534357064,-0.09110813148748742,1,0,0.1,0.05,-0.05,1.0,1.0,0.0,1.0,1.0,0.0,0.4753461849231938,0.3842380534357064,-0.09110813148748742,1,0,0.08888888888888889,0.044444444444444446,-0.044444444444444446,1.0,1.0,0.0,1.0,1.0,0.0,0.4753461849231938,0.3842380534357064,-0.09110813148748742,1,0,0.08,0.04,-0.04,1.0,1.0,0.0,1.0,1.0,0.0,0.4753461849231938,0.3842380534357064,-0.09110813148748742,1,0,0.07272727272727272,0.03636363636363636,-0.03636363636363636,1.0,1.0,0.0,1.0,1.0,0.0,0.4753461849231938,0.3842380534357064,-0.09110813148748742,1,0,0.06666666666666667,0.03333333333333333,-0.03333333333333333,1.0,1.0,0.0,1.0,1.0,0.0,0.4753461849231938,0.3842380534357064,-0.09110813148748742,1,0
baseline-generic-hybrid,Hybrid baseline,Q-095,features_security_maintenance_limitations,XR500,0.4,0.4,0.0,1.0,1.0,0.0,1.0,1.0,0.0,0.7653606369886217,0.7653606369886217,0.0,1,0,0.3,0.3,0.0,1.0,1.0,0.0,1.0,1.0,0.0,0.9217868789962071,0.9066276098484507,-0.015159269147756449,1,0,0.2,0.2,0.0,1.0,1.0,0.0,1.0,1.0,0.0,0.9217868789962071,0.9066276098484507,-0.015159269147756449,1,0,0.15,0.15,0.0,1.0,1.0,0.0,1.0,1.0,0.0,0.9217868789962071,0.9066276098484507,-0.015159269147756449,1,0,0.12,0.12,0.0,1.0,1.0,0.0,1.0,1.0,0.0,0.9217868789962071,0.9066276098484507,-0.015159269147756449,1,0,0.1,0.1,0.0,1.0,1.0,0.0,1.0,1.0,0.0,0.9217868789962071,0.9066276098484507,-0.015159269147756449,1,0,0.08571428571428572,0.08571428571428572,0.0,1.0,1.0,0.0,1.0,1.0,0.0,0.9217868789962071,0.9066276098484507,-0.015159269147756449,1,0,0.075,0.075,0.0,1.0,1.0,0.0,1.0,1.0,0.0,0.9217868789962071,0.9066276098484507,-0.015159269147756449,1,0,0.06666666666666667,0.06666666666666667,0.0,1.0,1.0,0.0,1.0,1.0,0.0,0.9217868789962071,0.9066276098484507,-0.015159269147756449,1,0,0.06,0.06,0.0,1.0,1.0,0.0,1.0,1.0,0.0,0.9217868789962071,0.9066276098484507,-0.015159269147756449,1,0,0.05454545454545454,0.05454545454545454,0.0,1.0,1.0,0.0,1.0,1.0,0.0,0.9217868789962071,0.9066276098484507,-0.015159269147756449,1,0,0.05,0.05,0.0,1.0,1.0,0.0,1.0,1.0,0.0,0.9217868789962071,0.9066276098484507,-0.015159269147756449,1,0
baseline-generic-hybrid,Hybrid baseline,Q-096,features_security_maintenance_limitations,XR500,0.0,0.0,0.0,0.0,0.0,0.0,0.0,0.0,0.0,0.0,0.0,0.0,0,0,0.0,0.0,0.0,0.0,0.0,0.0,0.0,0.0,0.0,0.0,0.0,0.0,0,0,0.0,0.0,0.0,0.0,0.0,0.0,0.0,0.0,0.0,0.0,0.0,0.0,0,0,0.0,0.05,0.05,0.0,1.0,1.0,0.0,1.0,1.0,0.0,0.23540891336663824,0.23540891336663824,0,1,0.0,0.04,0.04,0.0,1.0,1.0,0.0,1.0,1.0,0.0,0.23540891336663824,0.23540891336663824,0,1,0.0,0.03333333333333333,0.03333333333333333,0.0,1.0,1.0,0.0,1.0,1.0,0.0,0.23540891336663824,0.23540891336663824,0,1,0.0,0.02857142857142857,0.02857142857142857,0.0,1.0,1.0,0.0,1.0,1.0,0.0,0.23540891336663824,0.23540891336663824,0,1,0.0,0.025,0.025,0.0,1.0,1.0,0.0,1.0,1.0,0.0,0.23540891336663824,0.23540891336663824,0,1,0.0,0.022222222222222223,0.022222222222222223,0.0,1.0,1.0,0.0,1.0,1.0,0.0,0.23540891336663824,0.23540891336663824,0,1,0.0,0.02,0.02,0.0,1.0,1.0,0.0,1.0,1.0,0.0,0.23540891336663824,0.23540891336663824,0,1,0.0,0.01818181818181818,0.01818181818181818,0.0,1.0,1.0,0.0,1.0,1.0,0.0,0.23540891336663824,0.23540891336663824,0,1,0.0,0.016666666666666666,0.016666666666666666,0.0,1.0,1.0,0.0,1.0,1.0,0.0,0.23540891336663824,0.23540891336663824,0,1
baseline-generic-hybrid,Hybrid baseline,Q-097,features_security_maintenance_limitations,XR500,0.0,0.0,0.0,0.0,0.0,0.0,0.0,0.0,0.0,0.0,0.0,0.0,0,0,0.0,0.0,0.0,0.0,0.0,0.0,0.0,0.0,0.0,0.0,0.0,0.0,0,0,0.06666666666666667,0.0,-0.06666666666666667,1.0,0.0,-1.0,1.0,0.0,-1.0,0.25,0.0,-0.25,0,1,0.05,0.0,-0.05,1.0,0.0,-1.0,1.0,0.0,-1.0,0.25,0.0,-0.25,0,1,0.04,0.08,0.04,1.0,1.0,0.0,1.0,1.0,0.0,0.25,0.26927525264735047,0.01927525264735047,1,0,0.03333333333333333,0.06666666666666667,0.03333333333333333,1.0,1.0,0.0,1.0,1.0,0.0,0.25,0.26927525264735047,0.01927525264735047,1,0,0.02857142857142857,0.05714285714285714,0.02857142857142857,1.0,1.0,0.0,1.0,1.0,0.0,0.25,0.26927525264735047,0.01927525264735047,1,0,0.025,0.05,0.025,1.0,1.0,0.0,1.0,1.0,0.0,0.25,0.26927525264735047,0.01927525264735047,1,0,0.022222222222222223,0.044444444444444446,0.022222222222222223,1.0,1.0,0.0,1.0,1.0,0.0,0.25,0.26927525264735047,0.01927525264735047,1,0,0.02,0.04,0.02,1.0,1.0,0.0,1.0,1.0,0.0,0.25,0.26927525264735047,0.01927525264735047,1,0,0.01818181818181818,0.03636363636363636,0.01818181818181818,1.0,1.0,0.0,1.0,1.0,0.0,0.25,0.26927525264735047,0.01927525264735047,1,0,0.016666666666666666,0.03333333333333333,0.016666666666666666,1.0,1.0,0.0,1.0,1.0,0.0,0.25,0.26927525264735047,0.01927525264735047,1,0
baseline-generic-hybrid,Hybrid baseline,Q-098,features_security_maintenance_limitations,XR500,0.0,0.0,0.0,0.0,0.0,0.0,0.0,0.0,0.0,0.0,0.0,0.0,0,0,0.1,0.1,0.0,1.0,1.0,0.0,1.0,1.0,0.0,0.13905617951077562,0.10699313236726378,-0.03206304714351184,1,0,0.13333333333333333,0.13333333333333333,0.0,1.0,1.0,0.0,1.0,1.0,0.0,0.24158931812899748,0.20159947907392814,-0.03998983905506934,1,0,0.15,0.1,-0.04999999999999999,1.0,1.0,0.0,1.0,1.0,0.0,0.33046724119702825,0.20159947907392814,-0.1288677621231001,1,0,0.12,0.16,0.04000000000000001,1.0,1.0,0.0,1.0,1.0,0.0,0.33046724119702825,0.35054813453636113,0.020080893339332884,1,0,0.13333333333333333,0.16666666666666666,0.033333333333333326,1.0,1.0,0.0,1.0,1.0,0.0,0.41167199023707096,0.41966730454132345,0.007995314304252488,1,0,0.11428571428571428,0.14285714285714285,0.028571428571428567,1.0,1.0,0.0,1.0,1.0,0.0,0.41167199023707096,0.41966730454132345,0.007995314304252488,1,0,0.1,0.125,0.024999999999999994,1.0,1.0,0.0,1.0,1.0,0.0,0.41167199023707096,0.41966730454132345,0.007995314304252488,1,0,0.08888888888888889,0.1111111111111111,0.022222222222222213,1.0,1.0,0.0,1.0,1.0,0.0,0.41167199023707096,0.41966730454132345,0.007995314304252488,1,0,0.08,0.1,0.020000000000000004,1.0,1.0,0.0,1.0,1.0,0.0,0.41167199023707096,0.41966730454132345,0.007995314304252488,1,0,0.07272727272727272,0.09090909090909091,0.018181818181818188,1.0,1.0,0.0,1.0,1.0,0.0,0.41167199023707096,0.41966730454132345,0.007995314304252488,1,0,0.06666666666666667,0.08333333333333333,0.016666666666666663,1.0,1.0,0.0,1.0,1.0,0.0,0.41167199023707096,0.41966730454132345,0.007995314304252488,1,0
baseline-generic-hybrid,Hybrid baseline,Q-099,features_security_maintenance_limitations,XR500,0.4,0.4,0.0,1.0,1.0,0.0,1.0,1.0,0.0,0.7039180890341347,0.6366824387328317,-0.06723565030130296,1,0,0.2,0.3,0.09999999999999998,1.0,1.0,0.0,1.0,1.0,0.0,0.7039180890341347,0.7598336331031966,0.05591554406906196,1,0,0.2,0.2,0.0,1.0,1.0,0.0,1.0,1.0,0.0,0.8271739282268582,0.7598336331031966,-0.06734029512366158,1,0,0.15,0.15,0.0,1.0,1.0,0.0,1.0,1.0,0.0,0.8271739282268582,0.7598336331031966,-0.06734029512366158,1,0,0.12,0.16,0.04000000000000001,1.0,1.0,0.0,1.0,1.0,0.0,0.8271739282268582,0.8449771975120004,0.017803269285142198,1,0,0.1,0.13333333333333333,0.033333333333333326,1.0,1.0,0.0,1.0,1.0,0.0,0.8271739282268582,0.8449771975120004,0.017803269285142198,1,0,0.08571428571428572,0.11428571428571428,0.028571428571428567,1.0,1.0,0.0,1.0,1.0,0.0,0.8271739282268582,0.8449771975120004,0.017803269285142198,1,0,0.075,0.1,0.02500000000000001,1.0,1.0,0.0,1.0,1.0,0.0,0.8271739282268582,0.8449771975120004,0.017803269285142198,1,0,0.06666666666666667,0.08888888888888889,0.022222222222222227,1.0,1.0,0.0,1.0,1.0,0.0,0.8271739282268582,0.8449771975120004,0.017803269285142198,1,0,0.06,0.08,0.020000000000000004,1.0,1.0,0.0,1.0,1.0,0.0,0.8271739282268582,0.8449771975120004,0.017803269285142198,1,0,0.05454545454545454,0.07272727272727272,0.01818181818181818,1.0,1.0,0.0,1.0,1.0,0.0,0.8271739282268582,0.8449771975120004,0.017803269285142198,1,0,0.05,0.06666666666666667,0.016666666666666663,1.0,1.0,0.0,1.0,1.0,0.0,0.8271739282268582,0.8449771975120004,0.017803269285142198,1,0
baseline-generic-hybrid,Hybrid baseline,Q-100,features_security_maintenance_limitations,XR500,0.0,0.0,0.0,0.0,0.0,0.0,0.0,0.0,0.0,0.0,0.0,0.0,0,0,0.0,0.0,0.0,0.0,0.0,0.0,0.0,0.0,0.0,0.0,0.0,0.0,0,0,0.0,0.0,0.0,0.0,0.0,0.0,0.0,0.0,0.0,0.0,0.0,0.0,0,0,0.0,0.0,0.0,0.0,0.0,0.0,0.0,0.0,0.0,0.0,0.0,0.0,0,0,0.0,0.0,0.0,0.0,0.0,0.0,0.0,0.0,0.0,0.0,0.0,0.0,0,0,0.0,0.0,0.0,0.0,0.0,0.0,0.0,0.0,0.0,0.0,0.0,0.0,0,0,0.0,0.0,0.0,0.0,0.0,0.0,0.0,0.0,0.0,0.0,0.0,0.0,0,0,0.0,0.0,0.0,0.0,0.0,0.0,0.0,0.0,0.0,0.0,0.0,0.0,0,0,0.0,0.0,0.0,0.0,0.0,0.0,0.0,0.0,0.0,0.0,0.0,0.0,0,0,0.0,0.0,0.0,0.0,0.0,0.0,0.0,0.0,0.0,0.0,0.0,0.0,0,0,0.0,0.0,0.0,0.0,0.0,0.0,0.0,0.0,0.0,0.0,0.0,0.0,0,0,0.0,0.0,0.0,0.0,0.0,0.0,0.0,0.0,0.0,0.0,0.0,0.0,0,0
chunker-generic-recursive,Recursive chunker,Q-001,facts_specifications,CM2000,0.2,0.0,-0.2,1.0,0.0,-1.0,1.0,0.0,-1.0,1.0,0.0,-1.0,0,1,0.1,0.1,0.0,1.0,1.0,0.0,1.0,1.0,0.0,1.0,0.31546487678572877,-0.6845351232142712,1,0,0.06666666666666667,0.06666666666666667,0.0,1.0,1.0,0.0,1.0,1.0,0.0,1.0,0.31546487678572877,-0.6845351232142712,1,0,0.05,0.05,0.0,1.0,1.0,0.0,1.0,1.0,0.0,1.0,0.31546487678572877,-0.6845351232142712,1,0,0.04,0.04,0.0,1.0,1.0,0.0,1.0,1.0,0.0,1.0,0.31546487678572877,-0.6845351232142712,1,0,0.03333333333333333,0.03333333333333333,0.0,1.0,1.0,0.0,1.0,1.0,0.0,1.0,0.31546487678572877,-0.6845351232142712,1,0,0.02857142857142857,0.02857142857142857,0.0,1.0,1.0,0.0,1.0,1.0,0.0,1.0,0.31546487678572877,-0.6845351232142712,1,0,0.025,0.025,0.0,1.0,1.0,0.0,1.0,1.0,0.0,1.0,0.31546487678572877,-0.6845351232142712,1,0,0.022222222222222223,0.022222222222222223,0.0,1.0,1.0,0.0,1.0,1.0,0.0,1.0,0.31546487678572877,-0.6845351232142712,1,0,0.02,0.02,0.0,1.0,1.0,0.0,1.0,1.0,0.0,1.0,0.31546487678572877,-0.6845351232142712,1,0,0.01818181818181818,0.01818181818181818,0.0,1.0,1.0,0.0,1.0,1.0,0.0,1.0,0.31546487678572877,-0.6845351232142712,1,0,0.016666666666666666,0.016666666666666666,0.0,1.0,1.0,0.0,1.0,1.0,0.0,1.0,0.31546487678572877,-0.6845351232142712,1,0
chunker-generic-recursive,Recursive chunker,Q-002,facts_specifications,CM2000,0.0,0.0,0.0,0.0,0.0,0.0,0.0,0.0,0.0,0.0,0.0,0.0,0,0,0.0,0.0,0.0,0.0,0.0,0.0,0.0,0.0,0.0,0.0,0.0,0.0,0,0,0.0,0.0,0.0,0.0,0.0,0.0,0.0,0.0,0.0,0.0,0.0,0.0,0,0,0.0,0.0,0.0,0.0,0.0,0.0,0.0,0.0,0.0,0.0,0.0,0.0,0,0,0.0,0.0,0.0,0.0,0.0,0.0,0.0,0.0,0.0,0.0,0.0,0.0,0,0,0.0,0.0,0.0,0.0,0.0,0.0,0.0,0.0,0.0,0.0,0.0,0.0,0,0,0.0,0.0,0.0,0.0,0.0,0.0,0.0,0.0,0.0,0.0,0.0,0.0,0,0,0.0,0.0,0.0,0.0,0.0,0.0,0.0,0.0,0.0,0.0,0.0,0.0,0,0,0.0,0.0,0.0,0.0,0.0,0.0,0.0,0.0,0.0,0.0,0.0,0.0,0,0,0.0,0.0,0.0,0.0,0.0,0.0,0.0,0.0,0.0,0.0,0.0,0.0,0,0,0.0,0.0,0.0,0.0,0.0,0.0,0.0,0.0,0.0,0.0,0.0,0.0,0,0,0.0,0.0,0.0,0.0,0.0,0.0,0.0,0.0,0.0,0.0,0.0,0.0,0,0
chunker-generic-recursive,Recursive chunker,Q-003,setup_configuration,CM2000,0.4,0.2,-0.2,1.0,1.0,0.0,1.0,1.0,0.0,0.8772153153380493,0.6131471927654584,-0.26406812257259094,1,0,0.2,0.1,-0.1,1.0,1.0,0.0,1.0,1.0,0.0,0.8772153153380493,0.6131471927654584,-0.26406812257259094,1,0,0.13333333333333333,0.13333333333333333,0.0,1.0,1.0,0.0,1.0,1.0,0.0,0.8772153153380493,0.7741900178546666,-0.10302529748338274,1,0,0.1,0.1,0.0,1.0,1.0,0.0,1.0,1.0,0.0,0.8772153153380493,0.7741900178546666,-0.10302529748338274,1,0,0.08,0.08,0.0,1.0,1.0,0.0,1.0,1.0,0.0,0.8772153153380493,0.7741900178546666,-0.10302529748338274,1,0,0.06666666666666667,0.06666666666666667,0.0,1.0,1.0,0.0,1.0,1.0,0.0,0.8772153153380493,0.7741900178546666,-0.10302529748338274,1,0,0.05714285714285714,0.05714285714285714,0.0,1.0,1.0,0.0,1.0,1.0,0.0,0.8772153153380493,0.7741900178546666,-0.10302529748338274,1,0,0.05,0.05,0.0,1.0,1.0,0.0,1.0,1.0,0.0,0.8772153153380493,0.7741900178546666,-0.10302529748338274,1,0,0.044444444444444446,0.044444444444444446,0.0,1.0,1.0,0.0,1.0,1.0,0.0,0.8772153153380493,0.7741900178546666,-0.10302529748338274,1,0,0.04,0.04,0.0,1.0,1.0,0.0,1.0,1.0,0.0,0.8772153153380493,0.7741900178546666,-0.10302529748338274,1,0,0.03636363636363636,0.03636363636363636,0.0,1.0,1.0,0.0,1.0,1.0,0.0,0.8772153153380493,0.7741900178546666,-0.10302529748338274,1,0,0.03333333333333333,0.03333333333333333,0.0,1.0,1.0,0.0,1.0,1.0,0.0,0.8772153153380493,0.7741900178546666,-0.10302529748338274,1,0
chunker-generic-recursive,Recursive chunker,Q-004,setup_configuration,CM2000,0.0,0.0,0.0,0.0,0.0,0.0,0.0,0.0,0.0,0.0,0.0,0.0,0,0,0.1,0.0,-0.1,1.0,0.0,-1.0,1.0,0.0,-1.0,0.3333333333333333,0.0,-0.3333333333333333,0,1,0.06666666666666667,0.0,-0.06666666666666667,1.0,0.0,-1.0,1.0,0.0,-1.0,0.3333333333333333,0.0,-0.3333333333333333,0,1,0.05,0.0,-0.05,1.0,0.0,-1.0,1.0,0.0,-1.0,0.3333333333333333,0.0,-0.3333333333333333,0,1,0.04,0.0,-0.04,1.0,0.0,-1.0,1.0,0.0,-1.0,0.3333333333333333,0.0,-0.3333333333333333,0,1,0.03333333333333333,0.0,-0.03333333333333333,1.0,0.0,-1.0,1.0,0.0,-1.0,0.3333333333333333,0.0,-0.3333333333333333,0,1,0.02857142857142857,0.0,-0.02857142857142857,1.0,0.0,-1.0,1.0,0.0,-1.0,0.3333333333333333,0.0,-0.3333333333333333,0,1,0.025,0.0,-0.025,1.0,0.0,-1.0,1.0,0.0,-1.0,0.3333333333333333,0.0,-0.3333333333333333,0,1,0.022222222222222223,0.0,-0.022222222222222223,1.0,0.0,-1.0,1.0,0.0,-1.0,0.3333333333333333,0.0,-0.3333333333333333,0,1,0.02,0.0,-0.02,1.0,0.0,-1.0,1.0,0.0,-1.0,0.3333333333333333,0.0,-0.3333333333333333,0,1,0.01818181818181818,0.0,-0.01818181818181818,1.0,0.0,-1.0,1.0,0.0,-1.0,0.3333333333333333,0.0,-0.3333333333333333,0,1,0.016666666666666666,0.0,-0.016666666666666666,1.0,0.0,-1.0,1.0,0.0,-1.0,0.3333333333333333,0.0,-0.3333333333333333,0,1
chunker-generic-recursive,Recursive chunker,Q-005,facts_specifications,CM2000,0.2,0.0,-0.2,1.0,0.0,-1.0,1.0,0.0,-1.0,0.2640681225725909,0.0,-0.2640681225725909,0,1,0.2,0.0,-0.2,1.0,0.0,-1.0,1.0,0.0,-1.0,0.48247555939075504,0.0,-0.48247555939075504,0,1,0.13333333333333333,0.0,-0.13333333333333333,1.0,0.0,-1.0,1.0,0.0,-1.0,0.48247555939075504,0.0,-0.48247555939075504,0,1,0.1,0.0,-0.1,1.0,0.0,-1.0,1.0,0.0,-1.0,0.48247555939075504,0.0,-0.48247555939075504,0,1,0.08,0.0,-0.08,1.0,0.0,-1.0,1.0,0.0,-1.0,0.48247555939075504,0.0,-0.48247555939075504,0,1,0.06666666666666667,0.0,-0.06666666666666667,1.0,0.0,-1.0,1.0,0.0,-1.0,0.48247555939075504,0.0,-0.48247555939075504,0,1,0.05714285714285714,0.0,-0.05714285714285714,1.0,0.0,-1.0,1.0,0.0,-1.0,0.48247555939075504,0.0,-0.48247555939075504,0,1,0.05,0.0,-0.05,1.0,0.0,-1.0,1.0,0.0,-1.0,0.48247555939075504,0.0,-0.48247555939075504,0,1,0.044444444444444446,0.0,-0.044444444444444446,1.0,0.0,-1.0,1.0,0.0,-1.0,0.48247555939075504,0.0,-0.48247555939075504,0,1,0.04,0.0,-0.04,1.0,0.0,-1.0,1.0,0.0,-1.0,0.48247555939075504,0.0,-0.48247555939075504,0,1,0.03636363636363636,0.0,-0.03636363636363636,1.0,0.0,-1.0,1.0,0.0,-1.0,0.48247555939075504,0.0,-0.48247555939075504,0,1,0.03333333333333333,0.0,-0.03333333333333333,1.0,0.0,-1.0,1.0,0.0,-1.0,0.48247555939075504,0.0,-0.48247555939075504,0,1
chunker-generic-recursive,Recursive chunker,Q-006,troubleshooting_diagnostics,CM2000,0.0,0.0,0.0,0.0,0.0,0.0,0.0,0.0,0.0,0.0,0.0,0.0,0,0,0.0,0.0,0.0,0.0,0.0,0.0,0.0,0.0,0.0,0.0,0.0,0.0,0,0,0.06666666666666667,0.0,-0.06666666666666667,1.0,0.0,-1.0,1.0,0.0,-1.0,0.27894294565112987,0.0,-0.27894294565112987,0,1,0.05,0.0,-0.05,1.0,0.0,-1.0,1.0,0.0,-1.0,0.27894294565112987,0.0,-0.27894294565112987,0,1,0.04,0.0,-0.04,1.0,0.0,-1.0,1.0,0.0,-1.0,0.27894294565112987,0.0,-0.27894294565112987,0,1,0.03333333333333333,0.0,-0.03333333333333333,1.0,0.0,-1.0,1.0,0.0,-1.0,0.27894294565112987,0.0,-0.27894294565112987,0,1,0.02857142857142857,0.0,-0.02857142857142857,1.0,0.0,-1.0,1.0,0.0,-1.0,0.27894294565112987,0.0,-0.27894294565112987,0,1,0.025,0.0,-0.025,1.0,0.0,-1.0,1.0,0.0,-1.0,0.27894294565112987,0.0,-0.27894294565112987,0,1,0.022222222222222223,0.0,-0.022222222222222223,1.0,0.0,-1.0,1.0,0.0,-1.0,0.27894294565112987,0.0,-0.27894294565112987,0,1,0.02,0.0,-0.02,1.0,0.0,-1.0,1.0,0.0,-1.0,0.27894294565112987,0.0,-0.27894294565112987,0,1,0.01818181818181818,0.0,-0.01818181818181818,1.0,0.0,-1.0,1.0,0.0,-1.0,0.27894294565112987,0.0,-0.27894294565112987,0,1,0.016666666666666666,0.0,-0.016666666666666666,1.0,0.0,-1.0,1.0,0.0,-1.0,0.27894294565112987,0.0,-0.27894294565112987,0,1
chunker-generic-recursive,Recursive chunker,Q-007,troubleshooting_diagnostics,CM2000,0.2,0.2,0.0,1.0,1.0,0.0,1.0,1.0,0.0,1.0,0.5,-0.5,1,0,0.1,0.1,0.0,1.0,1.0,0.0,1.0,1.0,0.0,1.0,0.5,-0.5,1,0,0.06666666666666667,0.06666666666666667,0.0,1.0,1.0,0.0,1.0,1.0,0.0,1.0,0.5,-0.5,1,0,0.05,0.05,0.0,1.0,1.0,0.0,1.0,1.0,0.0,1.0,0.5,-0.5,1,0,0.04,0.04,0.0,1.0,1.0,0.0,1.0,1.0,0.0,1.0,0.5,-0.5,1,0,0.03333333333333333,0.03333333333333333,0.0,1.0,1.0,0.0,1.0,1.0,0.0,1.0,0.5,-0.5,1,0,0.02857142857142857,0.02857142857142857,0.0,1.0,1.0,0.0,1.0,1.0,0.0,1.0,0.5,-0.5,1,0,0.025,0.025,0.0,1.0,1.0,0.0,1.0,1.0,0.0,1.0,0.5,-0.5,1,0,0.022222222222222223,0.022222222222222223,0.0,1.0,1.0,0.0,1.0,1.0,0.0,1.0,0.5,-0.5,1,0,0.02,0.02,0.0,1.0,1.0,0.0,1.0,1.0,0.0,1.0,0.5,-0.5,1,0,0.01818181818181818,0.01818181818181818,0.0,1.0,1.0,0.0,1.0,1.0,0.0,1.0,0.5,-0.5,1,0,0.016666666666666666,0.016666666666666666,0.0,1.0,1.0,0.0,1.0,1.0,0.0,1.0,0.5,-0.5,1,0
chunker-generic-recursive,Recursive chunker,Q-008,troubleshooting_diagnostics,CM2000,0.0,0.0,0.0,0.0,0.0,0.0,0.0,0.0,0.0,0.0,0.0,0.0,0,0,0.0,0.0,0.0,0.0,0.0,0.0,0.0,0.0,0.0,0.0,0.0,0.0,0,0,0.0,0.0,0.0,0.0,0.0,0.0,0.0,0.0,0.0,0.0,0.0,0.0,0,0,0.0,0.0,0.0,0.0,0.0,0.0,0.0,0.0,0.0,0.0,0.0,0.0,0,0,0.0,0.0,0.0,0.0,0.0,0.0,0.0,0.0,0.0,0.0,0.0,0.0,0,0,0.0,0.0,0.0,0.0,0.0,0.0,0.0,0.0,0.0,0.0,0.0,0.0,0,0,0.0,0.0,0.0,0.0,0.0,0.0,0.0,0.0,0.0,0.0,0.0,0.0,0,0,0.0,0.0,0.0,0.0,0.0,0.0,0.0,0.0,0.0,0.0,0.0,0.0,0,0,0.0,0.0,0.0,0.0,0.0,0.0,0.0,0.0,0.0,0.0,0.0,0.0,0,0,0.0,0.0,0.0,0.0,0.0,0.0,0.0,0.0,0.0,0.0,0.0,0.0,0,0,0.0,0.0,0.0,0.0,0.0,0.0,0.0,0.0,0.0,0.0,0.0,0.0,0,0,0.0,0.0,0.0,0.0,0.0,0.0,0.0,0.0,0.0,0.0,0.0,0.0,0,0
chunker-generic-recursive,Recursive chunker,Q-009,facts_specifications,CM2000,0.0,0.0,0.0,0.0,0.0,0.0,0.0,0.0,0.0,0.0,0.0,0.0,0,0,0.0,0.1,0.1,0.0,1.0,1.0,0.0,1.0,1.0,0.0,0.2890648263178879,0.2890648263178879,0,1,0.06666666666666667,0.06666666666666667,0.0,1.0,1.0,0.0,1.0,1.0,0.0,0.27023815442731974,0.2890648263178879,0.018826671890568136,1,0,0.05,0.05,0.0,1.0,1.0,0.0,1.0,1.0,0.0,0.27023815442731974,0.2890648263178879,0.018826671890568136,1,0,0.04,0.04,0.0,1.0,1.0,0.0,1.0,1.0,0.0,0.27023815442731974,0.2890648263178879,0.018826671890568136,1,0,0.03333333333333333,0.03333333333333333,0.0,1.0,1.0,0.0,1.0,1.0,0.0,0.27023815442731974,0.2890648263178879,0.018826671890568136,1,0,0.02857142857142857,0.02857142857142857,0.0,1.0,1.0,0.0,1.0,1.0,0.0,0.27023815442731974,0.2890648263178879,0.018826671890568136,1,0,0.025,0.025,0.0,1.0,1.0,0.0,1.0,1.0,0.0,0.27023815442731974,0.2890648263178879,0.018826671890568136,1,0,0.022222222222222223,0.022222222222222223,0.0,1.0,1.0,0.0,1.0,1.0,0.0,0.27023815442731974,0.2890648263178879,0.018826671890568136,1,0,0.02,0.02,0.0,1.0,1.0,0.0,1.0,1.0,0.0,0.27023815442731974,0.2890648263178879,0.018826671890568136,1,0,0.01818181818181818,0.01818181818181818,0.0,1.0,1.0,0.0,1.0,1.0,0.0,0.27023815442731974,0.2890648263178879,0.018826671890568136,1,0,0.016666666666666666,0.016666666666666666,0.0,1.0,1.0,0.0,1.0,1.0,0.0,0.27023815442731974,0.2890648263178879,0.018826671890568136,1,0
chunker-generic-recursive,Recursive chunker,Q-010,setup_configuration,LM1200,0.2,0.2,0.0,1.0,1.0,0.0,1.0,1.0,0.0,1.0,0.5,-0.5,1,0,0.1,0.1,0.0,1.0,1.0,0.0,1.0,1.0,0.0,1.0,0.5,-0.5,1,0,0.06666666666666667,0.06666666666666667,0.0,1.0,1.0,0.0,1.0,1.0,0.0,1.0,0.5,-0.5,1,0,0.05,0.05,0.0,1.0,1.0,0.0,1.0,1.0,0.0,1.0,0.5,-0.5,1,0,0.04,0.04,0.0,1.0,1.0,0.0,1.0,1.0,0.0,1.0,0.5,-0.5,1,0,0.03333333333333333,0.03333333333333333,0.0,1.0,1.0,0.0,1.0,1.0,0.0,1.0,0.5,-0.5,1,0,0.02857142857142857,0.02857142857142857,0.0,1.0,1.0,0.0,1.0,1.0,0.0,1.0,0.5,-0.5,1,0,0.025,0.025,0.0,1.0,1.0,0.0,1.0,1.0,0.0,1.0,0.5,-0.5,1,0,0.022222222222222223,0.022222222222222223,0.0,1.0,1.0,0.0,1.0,1.0,0.0,1.0,0.5,-0.5,1,0,0.02,0.02,0.0,1.0,1.0,0.0,1.0,1.0,0.0,1.0,0.5,-0.5,1,0,0.01818181818181818,0.01818181818181818,0.0,1.0,1.0,0.0,1.0,1.0,0.0,1.0,0.5,-0.5,1,0,0.016666666666666666,0.016666666666666666,0.0,1.0,1.0,0.0,1.0,1.0,0.0,1.0,0.5,-0.5,1,0
chunker-generic-recursive,Recursive chunker,Q-011,setup_configuration,LM1200,0.0,0.0,0.0,0.0,0.0,0.0,0.0,0.0,0.0,0.0,0.0,0.0,0,0,0.1,0.0,-0.1,1.0,0.0,-1.0,1.0,0.0,-1.0,0.31546487678572877,0.0,-0.31546487678572877,0,1,0.06666666666666667,0.0,-0.06666666666666667,1.0,0.0,-1.0,1.0,0.0,-1.0,0.31546487678572877,0.0,-0.31546487678572877,0,1,0.05,0.0,-0.05,1.0,0.0,-1.0,1.0,0.0,-1.0,0.31546487678572877,0.0,-0.31546487678572877,0,1,0.04,0.0,-0.04,1.0,0.0,-1.0,1.0,0.0,-1.0,0.31546487678572877,0.0,-0.31546487678572877,0,1,0.03333333333333333,0.0,-0.03333333333333333,1.0,0.0,-1.0,1.0,0.0,-1.0,0.31546487678572877,0.0,-0.31546487678572877,0,1,0.02857142857142857,0.0,-0.02857142857142857,1.0,0.0,-1.0,1.0,0.0,-1.0,0.31546487678572877,0.0,-0.31546487678572877,0,1,0.025,0.0,-0.025,1.0,0.0,-1.0,1.0,0.0,-1.0,0.31546487678572877,0.0,-0.31546487678572877,0,1,0.022222222222222223,0.0,-0.022222222222222223,1.0,0.0,-1.0,1.0,0.0,-1.0,0.31546487678572877,0.0,-0.31546487678572877,0,1,0.02,0.0,-0.02,1.0,0.0,-1.0,1.0,0.0,-1.0,0.31546487678572877,0.0,-0.31546487678572877,0,1,0.01818181818181818,0.0,-0.01818181818181818,1.0,0.0,-1.0,1.0,0.0,-1.0,0.31546487678572877,0.0,-0.31546487678572877,0,1,0.016666666666666666,0.0,-0.016666666666666666,1.0,0.0,-1.0,1.0,0.0,-1.0,0.31546487678572877,0.0,-0.31546487678572877,0,1
chunker-generic-recursive,Recursive chunker,Q-012,setup_configuration,LM1200,0.0,0.0,0.0,0.0,0.0,0.0,0.0,0.0,0.0,0.0,0.0,0.0,0,0,0.0,0.0,0.0,0.0,0.0,0.0,0.0,0.0,0.0,0.0,0.0,0.0,0,0,0.0,0.0,0.0,0.0,0.0,0.0,0.0,0.0,0.0,0.0,0.0,0.0,0,0,0.0,0.0,0.0,0.0,0.0,0.0,0.0,0.0,0.0,0.0,0.0,0.0,0,0,0.0,0.0,0.0,0.0,0.0,0.0,0.0,0.0,0.0,0.0,0.0,0.0,0,0,0.0,0.0,0.0,0.0,0.0,0.0,0.0,0.0,0.0,0.0,0.0,0.0,0,0,0.0,0.0,0.0,0.0,0.0,0.0,0.0,0.0,0.0,0.0,0.0,0.0,0,0,0.0,0.0,0.0,0.0,0.0,0.0,0.0,0.0,0.0,0.0,0.0,0.0,0,0,0.0,0.0,0.0,0.0,0.0,0.0,0.0,0.0,0.0,0.0,0.0,0.0,0,0,0.0,0.0,0.0,0.0,0.0,0.0,0.0,0.0,0.0,0.0,0.0,0.0,0,0,0.0,0.0,0.0,0.0,0.0,0.0,0.0,0.0,0.0,0.0,0.0,0.0,0,0,0.0,0.0,0.0,0.0,0.0,0.0,0.0,0.0,0.0,0.0,0.0,0.0,0,0
chunker-generic-recursive,Recursive chunker,Q-013,setup_configuration,LM1200,0.4,0.0,-0.4,1.0,0.0,-1.0,1.0,0.0,-1.0,0.6240505200038379,0.0,-0.6240505200038379,0,1,0.2,0.1,-0.1,1.0,1.0,0.0,1.0,1.0,0.0,0.6240505200038379,0.3010299956639812,-0.3230205243398567,1,0,0.13333333333333333,0.06666666666666667,-0.06666666666666667,1.0,1.0,0.0,1.0,1.0,0.0,0.6240505200038379,0.3010299956639812,-0.3230205243398567,1,0,0.1,0.05,-0.05,1.0,1.0,0.0,1.0,1.0,0.0,0.6240505200038379,0.3010299956639812,-0.3230205243398567,1,0,0.08,0.04,-0.04,1.0,1.0,0.0,1.0,1.0,0.0,0.6240505200038379,0.3010299956639812,-0.3230205243398567,1,0,0.06666666666666667,0.03333333333333333,-0.03333333333333333,1.0,1.0,0.0,1.0,1.0,0.0,0.6240505200038379,0.3010299956639812,-0.3230205243398567,1,0,0.05714285714285714,0.02857142857142857,-0.02857142857142857,1.0,1.0,0.0,1.0,1.0,0.0,0.6240505200038379,0.3010299956639812,-0.3230205243398567,1,0,0.05,0.025,-0.025,1.0,1.0,0.0,1.0,1.0,0.0,0.6240505200038379,0.3010299956639812,-0.3230205243398567,1,0,0.044444444444444446,0.022222222222222223,-0.022222222222222223,1.0,1.0,0.0,1.0,1.0,0.0,0.6240505200038379,0.3010299956639812,-0.3230205243398567,1,0,0.04,0.02,-0.02,1.0,1.0,0.0,1.0,1.0,0.0,0.6240505200038379,0.3010299956639812,-0.3230205243398567,1,0,0.03636363636363636,0.01818181818181818,-0.01818181818181818,1.0,1.0,0.0,1.0,1.0,0.0,0.6240505200038379,0.3010299956639812,-0.3230205243398567,1,0,0.03333333333333333,0.016666666666666666,-0.016666666666666666,1.0,1.0,0.0,1.0,1.0,0.0,0.6240505200038379,0.3010299956639812,-0.3230205243398567,1,0
chunker-generic-recursive,Recursive chunker,Q-014,troubleshooting_diagnostics,LM1200,0.0,0.0,0.0,0.0,0.0,0.0,0.0,0.0,0.0,0.0,0.0,0.0,0,0,0.0,0.0,0.0,0.0,0.0,0.0,0.0,0.0,0.0,0.0,0.0,0.0,0,0,0.0,0.0,0.0,0.0,0.0,0.0,0.0,0.0,0.0,0.0,0.0,0.0,0,0,0.0,0.0,0.0,0.0,0.0,0.0,0.0,0.0,0.0,0.0,0.0,0.0,0,0,0.0,0.0,0.0,0.0,0.0,0.0,0.0,0.0,0.0,0.0,0.0,0.0,0,0,0.03333333333333333,0.0,-0.03333333333333333,1.0,0.0,-1.0,1.0,0.0,-1.0,0.2103099178571525,0.0,-0.2103099178571525,0,1,0.02857142857142857,0.0,-0.02857142857142857,1.0,0.0,-1.0,1.0,0.0,-1.0,0.2103099178571525,0.0,-0.2103099178571525,0,1,0.025,0.0,-0.025,1.0,0.0,-1.0,1.0,0.0,-1.0,0.2103099178571525,0.0,-0.2103099178571525,0,1,0.022222222222222223,0.0,-0.022222222222222223,1.0,0.0,-1.0,1.0,0.0,-1.0,0.2103099178571525,0.0,-0.2103099178571525,0,1,0.02,0.0,-0.02,1.0,0.0,-1.0,1.0,0.0,-1.0,0.2103099178571525,0.0,-0.2103099178571525,0,1,0.01818181818181818,0.0,-0.01818181818181818,1.0,0.0,-1.0,1.0,0.0,-1.0,0.2103099178571525,0.0,-0.2103099178571525,0,1,0.016666666666666666,0.0,-0.016666666666666666,1.0,0.0,-1.0,1.0,0.0,-1.0,0.2103099178571525,0.0,-0.2103099178571525,0,1
chunker-generic-recursive,Recursive chunker,Q-015,features_security_maintenance_limitations,LM1200,0.2,0.2,0.0,1.0,1.0,0.0,1.0,1.0,0.0,0.2960819109658652,0.3903800499921017,0.09429813902623646,1,0,0.3,0.1,-0.19999999999999998,1.0,1.0,0.0,1.0,1.0,0.0,0.5730008572581421,0.3903800499921017,-0.1826208072660404,1,0,0.2,0.13333333333333333,-0.06666666666666668,1.0,1.0,0.0,1.0,1.0,0.0,0.5730008572581421,0.49927381106033386,-0.07372704619780823,1,0,0.15,0.15,0.0,1.0,1.0,0.0,1.0,1.0,0.0,0.5730008572581421,0.5911727544289884,0.01817189717084633,1,0,0.12,0.12,0.0,1.0,1.0,0.0,1.0,1.0,0.0,0.5730008572581421,0.5911727544289884,0.01817189717084633,1,0,0.1,0.13333333333333333,0.033333333333333326,1.0,1.0,0.0,1.0,1.0,0.0,0.5730008572581421,0.6715312511756086,0.09853039391746654,1,0,0.08571428571428572,0.11428571428571428,0.028571428571428567,1.0,1.0,0.0,1.0,1.0,0.0,0.5730008572581421,0.6715312511756086,0.09853039391746654,1,0,0.075,0.1,0.02500000000000001,1.0,1.0,0.0,1.0,1.0,0.0,0.5730008572581421,0.6715312511756086,0.09853039391746654,1,0,0.06666666666666667,0.08888888888888889,0.022222222222222227,1.0,1.0,0.0,1.0,1.0,0.0,0.5730008572581421,0.6715312511756086,0.09853039391746654,1,0,0.06,0.08,0.020000000000000004,1.0,1.0,0.0,1.0,1.0,0.0,0.5730008572581421,0.6715312511756086,0.09853039391746654,1,0,0.05454545454545454,0.07272727272727272,0.01818181818181818,1.0,1.0,0.0,1.0,1.0,0.0,0.5730008572581421,0.6715312511756086,0.09853039391746654,1,0,0.05,0.06666666666666667,0.016666666666666663,1.0,1.0,0.0,1.0,1.0,0.0,0.5730008572581421,0.6715312511756086,0.09853039391746654,1,0
chunker-generic-recursive,Recursive chunker,Q-016,facts_specifications,LM1200,0.6,0.2,-0.39999999999999997,1.0,1.0,0.0,1.0,1.0,0.0,0.9674679834891693,0.23719771276929622,-0.730270270719873,1,0,0.3,0.1,-0.19999999999999998,1.0,1.0,0.0,1.0,1.0,0.0,0.9674679834891693,0.23719771276929622,-0.730270270719873,1,0,0.2,0.13333333333333333,-0.06666666666666668,1.0,1.0,0.0,1.0,1.0,0.0,0.9674679834891693,0.4082307968370143,-0.559237186652155,1,0,0.15,0.1,-0.04999999999999999,1.0,1.0,0.0,1.0,1.0,0.0,0.9674679834891693,0.4082307968370143,-0.559237186652155,1,0,0.12,0.08,-0.039999999999999994,1.0,1.0,0.0,1.0,1.0,0.0,0.9674679834891693,0.4082307968370143,-0.559237186652155,1,0,0.1,0.06666666666666667,-0.03333333333333334,1.0,1.0,0.0,1.0,1.0,0.0,0.9674679834891693,0.4082307968370143,-0.559237186652155,1,0,0.08571428571428572,0.05714285714285714,-0.028571428571428574,1.0,1.0,0.0,1.0,1.0,0.0,0.9674679834891693,0.4082307968370143,-0.559237186652155,1,0,0.075,0.05,-0.024999999999999994,1.0,1.0,0.0,1.0,1.0,0.0,0.9674679834891693,0.4082307968370143,-0.559237186652155,1,0,0.06666666666666667,0.044444444444444446,-0.02222222222222222,1.0,1.0,0.0,1.0,1.0,0.0,0.9674679834891693,0.4082307968370143,-0.559237186652155,1,0,0.06,0.04,-0.019999999999999997,1.0,1.0,0.0,1.0,1.0,0.0,0.9674679834891693,0.4082307968370143,-0.559237186652155,1,0,0.05454545454545454,0.03636363636363636,-0.01818181818181818,1.0,1.0,0.0,1.0,1.0,0.0,0.9674679834891693,0.4082307968370143,-0.559237186652155,1,0,0.05,0.03333333333333333,-0.01666666666666667,1.0,1.0,0.0,1.0,1.0,0.0,0.9674679834891693,0.4082307968370143,-0.559237186652155,1,0
chunker-generic-recursive,Recursive chunker,Q-017,facts_specifications,LM1200,0.0,0.0,0.0,0.0,0.0,0.0,0.0,0.0,0.0,0.0,0.0,0.0,0,0,0.0,0.0,0.0,0.0,0.0,0.0,0.0,0.0,0.0,0.0,0.0,0.0,0,0,0.0,0.0,0.0,0.0,0.0,0.0,0.0,0.0,0.0,0.0,0.0,0.0,0,0,0.0,0.0,0.0,0.0,0.0,0.0,0.0,0.0,0.0,0.0,0.0,0.0,0,0,0.0,0.0,0.0,0.0,0.0,0.0,0.0,0.0,0.0,0.0,0.0,0.0,0,0,0.0,0.0,0.0,0.0,0.0,0.0,0.0,0.0,0.0,0.0,0.0,0.0,0,0,0.0,0.0,0.0,0.0,0.0,0.0,0.0,0.0,0.0,0.0,0.0,0.0,0,0,0.0,0.0,0.0,0.0,0.0,0.0,0.0,0.0,0.0,0.0,0.0,0.0,0,0,0.0,0.0,0.0,0.0,0.0,0.0,0.0,0.0,0.0,0.0,0.0,0.0,0,0,0.0,0.0,0.0,0.0,0.0,0.0,0.0,0.0,0.0,0.0,0.0,0.0,0,0,0.0,0.0,0.0,0.0,0.0,0.0,0.0,0.0,0.0,0.0,0.0,0.0,0,0,0.0,0.0,0.0,0.0,0.0,0.0,0.0,0.0,0.0,0.0,0.0,0.0,0,0
chunker-generic-recursive,Recursive chunker,Q-018,troubleshooting_diagnostics,LM1200,0.0,0.0,0.0,0.0,0.0,0.0,0.0,0.0,0.0,0.0,0.0,0.0,0,0,0.0,0.0,0.0,0.0,0.0,0.0,0.0,0.0,0.0,0.0,0.0,0.0,0,0,0.0,0.0,0.0,0.0,0.0,0.0,0.0,0.0,0.0,0.0,0.0,0.0,0,0,0.0,0.0,0.0,0.0,0.0,0.0,0.0,0.0,0.0,0.0,0.0,0.0,0,0,0.0,0.0,0.0,0.0,0.0,0.0,0.0,0.0,0.0,0.0,0.0,0.0,0,0,0.0,0.0,0.0,0.0,0.0,0.0,0.0,0.0,0.0,0.0,0.0,0.0,0,0,0.0,0.0,0.0,0.0,0.0,0.0,0.0,0.0,0.0,0.0,0.0,0.0,0,0,0.0,0.0,0.0,0.0,0.0,0.0,0.0,0.0,0.0,0.0,0.0,0.0,0,0,0.0,0.0,0.0,0.0,0.0,0.0,0.0,0.0,0.0,0.0,0.0,0.0,0,0,0.0,0.0,0.0,0.0,0.0,0.0,0.0,0.0,0.0,0.0,0.0,0.0,0,0,0.0,0.0,0.0,0.0,0.0,0.0,0.0,0.0,0.0,0.0,0.0,0.0,0,0,0.0,0.0,0.0,0.0,0.0,0.0,0.0,0.0,0.0,0.0,0.0,0.0,0,0
chunker-generic-recursive,Recursive chunker,Q-019,troubleshooting_diagnostics,LM1200,0.0,0.0,0.0,0.0,0.0,0.0,0.0,0.0,0.0,0.0,0.0,0.0,0,0,0.0,0.0,0.0,0.0,0.0,0.0,0.0,0.0,0.0,0.0,0.0,0.0,0,0,0.0,0.0,0.0,0.0,0.0,0.0,0.0,0.0,0.0,0.0,0.0,0.0,0,0,0.0,0.0,0.0,0.0,0.0,0.0,0.0,0.0,0.0,0.0,0.0,0.0,0,0,0.0,0.0,0.0,0.0,0.0,0.0,0.0,0.0,0.0,0.0,0.0,0.0,0,0,0.0,0.0,0.0,0.0,0.0,0.0,0.0,0.0,0.0,0.0,0.0,0.0,0,0,0.0,0.0,0.0,0.0,0.0,0.0,0.0,0.0,0.0,0.0,0.0,0.0,0,0,0.0,0.0,0.0,0.0,0.0,0.0,0.0,0.0,0.0,0.0,0.0,0.0,0,0,0.0,0.0,0.0,0.0,0.0,0.0,0.0,0.0,0.0,0.0,0.0,0.0,0,0,0.0,0.0,0.0,0.0,0.0,0.0,0.0,0.0,0.0,0.0,0.0,0.0,0,0,0.0,0.0,0.0,0.0,0.0,0.0,0.0,0.0,0.0,0.0,0.0,0.0,0,0,0.0,0.0,0.0,0.0,0.0,0.0,0.0,0.0,0.0,0.0,0.0,0.0,0,0
chunker-generic-recursive,Recursive chunker,Q-020,troubleshooting_diagnostics,R6350,0.0,0.0,0.0,0.0,0.0,0.0,0.0,0.0,0.0,0.0,0.0,0.0,0,0,0.0,0.0,0.0,0.0,0.0,0.0,0.0,0.0,0.0,0.0,0.0,0.0,0,0,0.0,0.0,0.0,0.0,0.0,0.0,0.0,0.0,0.0,0.0,0.0,0.0,0,0,0.0,0.0,0.0,0.0,0.0,0.0,0.0,0.0,0.0,0.0,0.0,0.0,0,0,0.0,0.0,0.0,0.0,0.0,0.0,0.0,0.0,0.0,0.0,0.0,0.0,0,0,0.0,0.0,0.0,0.0,0.0,0.0,0.0,0.0,0.0,0.0,0.0,0.0,0,0,0.0,0.0,0.0,0.0,0.0,0.0,0.0,0.0,0.0,0.0,0.0,0.0,0,0,0.0,0.0,0.0,0.0,0.0,0.0,0.0,0.0,0.0,0.0,0.0,0.0,0,0,0.0,0.0,0.0,0.0,0.0,0.0,0.0,0.0,0.0,0.0,0.0,0.0,0,0,0.0,0.0,0.0,0.0,0.0,0.0,0.0,0.0,0.0,0.0,0.0,0.0,0,0,0.0,0.0,0.0,0.0,0.0,0.0,0.0,0.0,0.0,0.0,0.0,0.0,0,0,0.0,0.0,0.0,0.0,0.0,0.0,0.0,0.0,0.0,0.0,0.0,0.0,0,0
chunker-generic-recursive,Recursive chunker,Q-021,troubleshooting_diagnostics,R6350,0.2,0.0,-0.2,1.0,0.0,-1.0,1.0,0.0,-1.0,0.43067655807339306,0.0,-0.43067655807339306,0,1,0.1,0.0,-0.1,1.0,0.0,-1.0,1.0,0.0,-1.0,0.43067655807339306,0.0,-0.43067655807339306,0,1,0.06666666666666667,0.0,-0.06666666666666667,1.0,0.0,-1.0,1.0,0.0,-1.0,0.43067655807339306,0.0,-0.43067655807339306,0,1,0.05,0.0,-0.05,1.0,0.0,-1.0,1.0,0.0,-1.0,0.43067655807339306,0.0,-0.43067655807339306,0,1,0.04,0.0,-0.04,1.0,0.0,-1.0,1.0,0.0,-1.0,0.43067655807339306,0.0,-0.43067655807339306,0,1,0.03333333333333333,0.0,-0.03333333333333333,1.0,0.0,-1.0,1.0,0.0,-1.0,0.43067655807339306,0.0,-0.43067655807339306,0,1,0.02857142857142857,0.0,-0.02857142857142857,1.0,0.0,-1.0,1.0,0.0,-1.0,0.43067655807339306,0.0,-0.43067655807339306,0,1,0.025,0.0,-0.025,1.0,0.0,-1.0,1.0,0.0,-1.0,0.43067655807339306,0.0,-0.43067655807339306,0,1,0.022222222222222223,0.0,-0.022222222222222223,1.0,0.0,-1.0,1.0,0.0,-1.0,0.43067655807339306,0.0,-0.43067655807339306,0,1,0.02,0.0,-0.02,1.0,0.0,-1.0,1.0,0.0,-1.0,0.43067655807339306,0.0,-0.43067655807339306,0,1,0.01818181818181818,0.0,-0.01818181818181818,1.0,0.0,-1.0,1.0,0.0,-1.0,0.43067655807339306,0.0,-0.43067655807339306,0,1,0.016666666666666666,0.0,-0.016666666666666666,1.0,0.0,-1.0,1.0,0.0,-1.0,0.43067655807339306,0.0,-0.43067655807339306,0,1
chunker-generic-recursive,Recursive chunker,Q-022,troubleshooting_diagnostics,R6350,0.2,0.2,0.0,1.0,1.0,0.0,1.0,1.0,0.0,1.0,1.0,0.0,1,0,0.1,0.1,0.0,1.0,1.0,0.0,1.0,1.0,0.0,1.0,1.0,0.0,1,0,0.06666666666666667,0.06666666666666667,0.0,1.0,1.0,0.0,1.0,1.0,0.0,1.0,1.0,0.0,1,0,0.05,0.05,0.0,1.0,1.0,0.0,1.0,1.0,0.0,1.0,1.0,0.0,1,0,0.04,0.04,0.0,1.0,1.0,0.0,1.0,1.0,0.0,1.0,1.0,0.0,1,0,0.03333333333333333,0.03333333333333333,0.0,1.0,1.0,0.0,1.0,1.0,0.0,1.0,1.0,0.0,1,0,0.02857142857142857,0.02857142857142857,0.0,1.0,1.0,0.0,1.0,1.0,0.0,1.0,1.0,0.0,1,0,0.025,0.025,0.0,1.0,1.0,0.0,1.0,1.0,0.0,1.0,1.0,0.0,1,0,0.022222222222222223,0.022222222222222223,0.0,1.0,1.0,0.0,1.0,1.0,0.0,1.0,1.0,0.0,1,0,0.02,0.02,0.0,1.0,1.0,0.0,1.0,1.0,0.0,1.0,1.0,0.0,1,0,0.01818181818181818,0.01818181818181818,0.0,1.0,1.0,0.0,1.0,1.0,0.0,1.0,1.0,0.0,1,0,0.016666666666666666,0.016666666666666666,0.0,1.0,1.0,0.0,1.0,1.0,0.0,1.0,1.0,0.0,1,0
chunker-generic-recursive,Recursive chunker,Q-023,troubleshooting_diagnostics,R6350,0.0,0.0,0.0,0.0,0.0,0.0,0.0,0.0,0.0,0.0,0.0,0.0,0,0,0.1,0.0,-0.1,1.0,0.0,-1.0,1.0,0.0,-1.0,0.3010299956639812,0.0,-0.3010299956639812,0,1,0.06666666666666667,0.0,-0.06666666666666667,1.0,0.0,-1.0,1.0,0.0,-1.0,0.3010299956639812,0.0,-0.3010299956639812,0,1,0.05,0.0,-0.05,1.0,0.0,-1.0,1.0,0.0,-1.0,0.3010299956639812,0.0,-0.3010299956639812,0,1,0.04,0.0,-0.04,1.0,0.0,-1.0,1.0,0.0,-1.0,0.3010299956639812,0.0,-0.3010299956639812,0,1,0.03333333333333333,0.0,-0.03333333333333333,1.0,0.0,-1.0,1.0,0.0,-1.0,0.3010299956639812,0.0,-0.3010299956639812,0,1,0.02857142857142857,0.0,-0.02857142857142857,1.0,0.0,-1.0,1.0,0.0,-1.0,0.3010299956639812,0.0,-0.3010299956639812,0,1,0.025,0.0,-0.025,1.0,0.0,-1.0,1.0,0.0,-1.0,0.3010299956639812,0.0,-0.3010299956639812,0,1,0.022222222222222223,0.0,-0.022222222222222223,1.0,0.0,-1.0,1.0,0.0,-1.0,0.3010299956639812,0.0,-0.3010299956639812,0,1,0.02,0.0,-0.02,1.0,0.0,-1.0,1.0,0.0,-1.0,0.3010299956639812,0.0,-0.3010299956639812,0,1,0.01818181818181818,0.0,-0.01818181818181818,1.0,0.0,-1.0,1.0,0.0,-1.0,0.3010299956639812,0.0,-0.3010299956639812,0,1,0.016666666666666666,0.0,-0.016666666666666666,1.0,0.0,-1.0,1.0,0.0,-1.0,0.3010299956639812,0.0,-0.3010299956639812,0,1
chunker-generic-recursive,Recursive chunker,Q-024,setup_configuration,R6350,0.0,0.0,0.0,0.0,0.0,0.0,0.0,0.0,0.0,0.0,0.0,0.0,0,0,0.0,0.0,0.0,0.0,0.0,0.0,0.0,0.0,0.0,0.0,0.0,0.0,0,0,0.0,0.0,0.0,0.0,0.0,0.0,0.0,0.0,0.0,0.0,0.0,0.0,0,0,0.0,0.0,0.0,0.0,0.0,0.0,0.0,0.0,0.0,0.0,0.0,0.0,0,0,0.0,0.0,0.0,0.0,0.0,0.0,0.0,0.0,0.0,0.0,0.0,0.0,0,0,0.0,0.0,0.0,0.0,0.0,0.0,0.0,0.0,0.0,0.0,0.0,0.0,0,0,0.0,0.0,0.0,0.0,0.0,0.0,0.0,0.0,0.0,0.0,0.0,0.0,0,0,0.0,0.0,0.0,0.0,0.0,0.0,0.0,0.0,0.0,0.0,0.0,0.0,0,0,0.0,0.0,0.0,0.0,0.0,0.0,0.0,0.0,0.0,0.0,0.0,0.0,0,0,0.0,0.0,0.0,0.0,0.0,0.0,0.0,0.0,0.0,0.0,0.0,0.0,0,0,0.0,0.0,0.0,0.0,0.0,0.0,0.0,0.0,0.0,0.0,0.0,0.0,0,0,0.0,0.0,0.0,0.0,0.0,0.0,0.0,0.0,0.0,0.0,0.0,0.0,0,0
chunker-generic-recursive,Recursive chunker,Q-025,setup_configuration,R6350,0.0,0.0,0.0,0.0,0.0,0.0,0.0,0.0,0.0,0.0,0.0,0.0,0,0,0.0,0.0,0.0,0.0,0.0,0.0,0.0,0.0,0.0,0.0,0.0,0.0,0,0,0.0,0.0,0.0,0.0,0.0,0.0,0.0,0.0,0.0,0.0,0.0,0.0,0,0,0.0,0.0,0.0,0.0,0.0,0.0,0.0,0.0,0.0,0.0,0.0,0.0,0,0,0.0,0.0,0.0,0.0,0.0,0.0,0.0,0.0,0.0,0.0,0.0,0.0,0,0,0.0,0.0,0.0,0.0,0.0,0.0,0.0,0.0,0.0,0.0,0.0,0.0,0,0,0.0,0.0,0.0,0.0,0.0,0.0,0.0,0.0,0.0,0.0,0.0,0.0,0,0,0.0,0.0,0.0,0.0,0.0,0.0,0.0,0.0,0.0,0.0,0.0,0.0,0,0,0.0,0.0,0.0,0.0,0.0,0.0,0.0,0.0,0.0,0.0,0.0,0.0,0,0,0.0,0.0,0.0,0.0,0.0,0.0,0.0,0.0,0.0,0.0,0.0,0.0,0,0,0.0,0.0,0.0,0.0,0.0,0.0,0.0,0.0,0.0,0.0,0.0,0.0,0,0,0.0,0.0,0.0,0.0,0.0,0.0,0.0,0.0,0.0,0.0,0.0,0.0,0,0
chunker-generic-recursive,Recursive chunker,Q-026,facts_specifications,R6350,0.2,0.2,0.0,1.0,1.0,0.0,1.0,1.0,0.0,0.6131471927654584,0.6131471927654584,0.0,1,0,0.2,0.2,0.0,1.0,1.0,0.0,1.0,1.0,0.0,0.7903864795495061,0.8315546295836225,0.041168150034116335,1,0,0.13333333333333333,0.13333333333333333,0.0,1.0,1.0,0.0,1.0,1.0,0.0,0.7903864795495061,0.8315546295836225,0.041168150034116335,1,0,0.1,0.1,0.0,1.0,1.0,0.0,1.0,1.0,0.0,0.7903864795495061,0.8315546295836225,0.041168150034116335,1,0,0.08,0.08,0.0,1.0,1.0,0.0,1.0,1.0,0.0,0.7903864795495061,0.8315546295836225,0.041168150034116335,1,0,0.06666666666666667,0.06666666666666667,0.0,1.0,1.0,0.0,1.0,1.0,0.0,0.7903864795495061,0.8315546295836225,0.041168150034116335,1,0,0.05714285714285714,0.05714285714285714,0.0,1.0,1.0,0.0,1.0,1.0,0.0,0.7903864795495061,0.8315546295836225,0.041168150034116335,1,0,0.05,0.05,0.0,1.0,1.0,0.0,1.0,1.0,0.0,0.7903864795495061,0.8315546295836225,0.041168150034116335,1,0,0.044444444444444446,0.044444444444444446,0.0,1.0,1.0,0.0,1.0,1.0,0.0,0.7903864795495061,0.8315546295836225,0.041168150034116335,1,0,0.04,0.04,0.0,1.0,1.0,0.0,1.0,1.0,0.0,0.7903864795495061,0.8315546295836225,0.041168150034116335,1,0,0.03636363636363636,0.03636363636363636,0.0,1.0,1.0,0.0,1.0,1.0,0.0,0.7903864795495061,0.8315546295836225,0.041168150034116335,1,0,0.03333333333333333,0.03333333333333333,0.0,1.0,1.0,0.0,1.0,1.0,0.0,0.7903864795495061,0.8315546295836225,0.041168150034116335,1,0
chunker-generic-recursive,Recursive chunker,Q-027,setup_configuration,R6350,0.0,0.0,0.0,0.0,0.0,0.0,0.0,0.0,0.0,0.0,0.0,0.0,0,0,0.0,0.1,0.1,0.0,1.0,1.0,0.0,1.0,1.0,0.0,0.3562071871080222,0.3562071871080222,0,1,0.06666666666666667,0.06666666666666667,0.0,1.0,1.0,0.0,1.0,1.0,0.0,0.15693994437792994,0.3562071871080222,0.19926724273009225,1,0,0.05,0.05,0.0,1.0,1.0,0.0,1.0,1.0,0.0,0.15693994437792994,0.3562071871080222,0.19926724273009225,1,0,0.04,0.04,0.0,1.0,1.0,0.0,1.0,1.0,0.0,0.15693994437792994,0.3562071871080222,0.19926724273009225,1,0,0.06666666666666667,0.03333333333333333,-0.03333333333333333,1.0,1.0,0.0,1.0,1.0,0.0,0.28189630540097815,0.3562071871080222,0.07431088170704403,1,0,0.05714285714285714,0.02857142857142857,-0.02857142857142857,1.0,1.0,0.0,1.0,1.0,0.0,0.28189630540097815,0.3562071871080222,0.07431088170704403,1,0,0.05,0.025,-0.025,1.0,1.0,0.0,1.0,1.0,0.0,0.28189630540097815,0.3562071871080222,0.07431088170704403,1,0,0.044444444444444446,0.022222222222222223,-0.022222222222222223,1.0,1.0,0.0,1.0,1.0,0.0,0.28189630540097815,0.3562071871080222,0.07431088170704403,1,0,0.04,0.02,-0.02,1.0,1.0,0.0,1.0,1.0,0.0,0.28189630540097815,0.3562071871080222,0.07431088170704403,1,0,0.03636363636363636,0.01818181818181818,-0.01818181818181818,1.0,1.0,0.0,1.0,1.0,0.0,0.28189630540097815,0.3562071871080222,0.07431088170704403,1,0,0.03333333333333333,0.016666666666666666,-0.016666666666666666,1.0,1.0,0.0,1.0,1.0,0.0,0.28189630540097815,0.3562071871080222,0.07431088170704403,1,0
chunker-generic-recursive,Recursive chunker,Q-028,troubleshooting_diagnostics,R6350,0.0,0.2,0.2,0.0,1.0,1.0,0.0,1.0,1.0,0.0,0.38685280723454163,0.38685280723454163,0,1,0.0,0.1,0.1,0.0,1.0,1.0,0.0,1.0,1.0,0.0,0.38685280723454163,0.38685280723454163,0,1,0.0,0.06666666666666667,0.06666666666666667,0.0,1.0,1.0,0.0,1.0,1.0,0.0,0.38685280723454163,0.38685280723454163,0,1,0.05,0.05,0.0,1.0,1.0,0.0,1.0,1.0,0.0,0.23540891336663824,0.38685280723454163,0.15144389386790338,1,0,0.04,0.04,0.0,1.0,1.0,0.0,1.0,1.0,0.0,0.23540891336663824,0.38685280723454163,0.15144389386790338,1,0,0.03333333333333333,0.03333333333333333,0.0,1.0,1.0,0.0,1.0,1.0,0.0,0.23540891336663824,0.38685280723454163,0.15144389386790338,1,0,0.02857142857142857,0.02857142857142857,0.0,1.0,1.0,0.0,1.0,1.0,0.0,0.23540891336663824,0.38685280723454163,0.15144389386790338,1,0,0.025,0.025,0.0,1.0,1.0,0.0,1.0,1.0,0.0,0.23540891336663824,0.38685280723454163,0.15144389386790338,1,0,0.022222222222222223,0.022222222222222223,0.0,1.0,1.0,0.0,1.0,1.0,0.0,0.23540891336663824,0.38685280723454163,0.15144389386790338,1,0,0.02,0.02,0.0,1.0,1.0,0.0,1.0,1.0,0.0,0.23540891336663824,0.38685280723454163,0.15144389386790338,1,0,0.01818181818181818,0.01818181818181818,0.0,1.0,1.0,0.0,1.0,1.0,0.0,0.23540891336663824,0.38685280723454163,0.15144389386790338,1,0,0.016666666666666666,0.016666666666666666,0.0,1.0,1.0,0.0,1.0,1.0,0.0,0.23540891336663824,0.38685280723454163,0.15144389386790338,1,0
chunker-generic-recursive,Recursive chunker,Q-029,features_security_maintenance_limitations,R6350,0.0,0.0,0.0,0.0,0.0,0.0,0.0,0.0,0.0,0.0,0.0,0.0,0,0,0.1,0.1,0.0,1.0,1.0,0.0,1.0,1.0,0.0,0.3333333333333333,0.21840743681816419,-0.11492589651516913,1,0,0.06666666666666667,0.13333333333333333,0.06666666666666667,1.0,1.0,0.0,1.0,1.0,0.0,0.3333333333333333,0.38944052088588227,0.056107187552548954,1,0,0.05,0.1,0.05,1.0,1.0,0.0,1.0,1.0,0.0,0.3333333333333333,0.38944052088588227,0.056107187552548954,1,0,0.04,0.08,0.04,1.0,1.0,0.0,1.0,1.0,0.0,0.3333333333333333,0.38944052088588227,0.056107187552548954,1,0,0.03333333333333333,0.06666666666666667,0.03333333333333333,1.0,1.0,0.0,1.0,1.0,0.0,0.3333333333333333,0.38944052088588227,0.056107187552548954,1,0,0.02857142857142857,0.05714285714285714,0.02857142857142857,1.0,1.0,0.0,1.0,1.0,0.0,0.3333333333333333,0.38944052088588227,0.056107187552548954,1,0,0.025,0.05,0.025,1.0,1.0,0.0,1.0,1.0,0.0,0.3333333333333333,0.38944052088588227,0.056107187552548954,1,0,0.022222222222222223,0.044444444444444446,0.022222222222222223,1.0,1.0,0.0,1.0,1.0,0.0,0.3333333333333333,0.38944052088588227,0.056107187552548954,1,0,0.02,0.04,0.02,1.0,1.0,0.0,1.0,1.0,0.0,0.3333333333333333,0.38944052088588227,0.056107187552548954,1,0,0.01818181818181818,0.03636363636363636,0.01818181818181818,1.0,1.0,0.0,1.0,1.0,0.0,0.3333333333333333,0.38944052088588227,0.056107187552548954,1,0,0.016666666666666666,0.03333333333333333,0.016666666666666666,1.0,1.0,0.0,1.0,1.0,0.0,0.3333333333333333,0.38944052088588227,0.056107187552548954,1,0
chunker-generic-recursive,Recursive chunker,Q-030,setup_configuration,R6350,0.0,0.0,0.0,0.0,0.0,0.0,0.0,0.0,0.0,0.0,0.0,0.0,0,0,0.1,0.1,0.0,1.0,1.0,0.0,1.0,1.0,0.0,0.16716045496620227,0.16716045496620227,0.0,1,0,0.06666666666666667,0.06666666666666667,0.0,1.0,1.0,0.0,1.0,1.0,0.0,0.16716045496620227,0.16716045496620227,0.0,1,0,0.05,0.1,0.05,1.0,1.0,0.0,1.0,1.0,0.0,0.16716045496620227,0.2819697496922201,0.11480929472601784,1,0,0.12,0.12,0.0,1.0,1.0,0.0,1.0,1.0,0.0,0.3707386265524763,0.3843214539752856,0.013582827422809307,1,0,0.1,0.1,0.0,1.0,1.0,0.0,1.0,1.0,0.0,0.3707386265524763,0.3843214539752856,0.013582827422809307,1,0,0.08571428571428572,0.08571428571428572,0.0,1.0,1.0,0.0,1.0,1.0,0.0,0.3707386265524763,0.3843214539752856,0.013582827422809307,1,0,0.075,0.075,0.0,1.0,1.0,0.0,1.0,1.0,0.0,0.3707386265524763,0.3843214539752856,0.013582827422809307,1,0,0.06666666666666667,0.06666666666666667,0.0,1.0,1.0,0.0,1.0,1.0,0.0,0.3707386265524763,0.3843214539752856,0.013582827422809307,1,0,0.06,0.06,0.0,1.0,1.0,0.0,1.0,1.0,0.0,0.3707386265524763,0.3843214539752856,0.013582827422809307,1,0,0.05454545454545454,0.05454545454545454,0.0,1.0,1.0,0.0,1.0,1.0,0.0,0.3707386265524763,0.3843214539752856,0.013582827422809307,1,0,0.05,0.05,0.0,1.0,1.0,0.0,1.0,1.0,0.0,0.3707386265524763,0.3843214539752856,0.013582827422809307,1,0
chunker-generic-recursive,Recursive chunker,Q-031,troubleshooting_diagnostics,R6350,0.0,0.0,0.0,0.0,0.0,0.0,0.0,0.0,0.0,0.0,0.0,0.0,0,0,0.0,0.0,0.0,0.0,0.0,0.0,0.0,0.0,0.0,0.0,0.0,0.0,0,0,0.0,0.0,0.0,0.0,0.0,0.0,0.0,0.0,0.0,0.0,0.0,0.0,0,0,0.0,0.0,0.0,0.0,0.0,0.0,0.0,0.0,0.0,0.0,0.0,0.0,0,0,0.0,0.0,0.0,0.0,0.0,0.0,0.0,0.0,0.0,0.0,0.0,0.0,0,0,0.0,0.0,0.0,0.0,0.0,0.0,0.0,0.0,0.0,0.0,0.0,0.0,0,0,0.0,0.0,0.0,0.0,0.0,0.0,0.0,0.0,0.0,0.0,0.0,0.0,0,0,0.0,0.0,0.0,0.0,0.0,0.0,0.0,0.0,0.0,0.0,0.0,0.0,0,0,0.0,0.0,0.0,0.0,0.0,0.0,0.0,0.0,0.0,0.0,0.0,0.0,0,0,0.0,0.0,0.0,0.0,0.0,0.0,0.0,0.0,0.0,0.0,0.0,0.0,0,0,0.0,0.0,0.0,0.0,0.0,0.0,0.0,0.0,0.0,0.0,0.0,0.0,0,0,0.0,0.0,0.0,0.0,0.0,0.0,0.0,0.0,0.0,0.0,0.0,0.0,0,0
chunker-generic-recursive,Recursive chunker,Q-032,facts_specifications,R7000,0.0,0.0,0.0,0.0,0.0,0.0,0.0,0.0,0.0,0.0,0.0,0.0,0,0,0.1,0.0,-0.1,1.0,0.0,-1.0,1.0,0.0,-1.0,0.2890648263178879,0.0,-0.2890648263178879,0,1,0.06666666666666667,0.0,-0.06666666666666667,1.0,0.0,-1.0,1.0,0.0,-1.0,0.2890648263178879,0.0,-0.2890648263178879,0,1,0.05,0.0,-0.05,1.0,0.0,-1.0,1.0,0.0,-1.0,0.2890648263178879,0.0,-0.2890648263178879,0,1,0.04,0.0,-0.04,1.0,0.0,-1.0,1.0,0.0,-1.0,0.2890648263178879,0.0,-0.2890648263178879,0,1,0.03333333333333333,0.0,-0.03333333333333333,1.0,0.0,-1.0,1.0,0.0,-1.0,0.2890648263178879,0.0,-0.2890648263178879,0,1,0.02857142857142857,0.0,-0.02857142857142857,1.0,0.0,-1.0,1.0,0.0,-1.0,0.2890648263178879,0.0,-0.2890648263178879,0,1,0.025,0.0,-0.025,1.0,0.0,-1.0,1.0,0.0,-1.0,0.2890648263178879,0.0,-0.2890648263178879,0,1,0.022222222222222223,0.0,-0.022222222222222223,1.0,0.0,-1.0,1.0,0.0,-1.0,0.2890648263178879,0.0,-0.2890648263178879,0,1,0.02,0.0,-0.02,1.0,0.0,-1.0,1.0,0.0,-1.0,0.2890648263178879,0.0,-0.2890648263178879,0,1,0.01818181818181818,0.0,-0.01818181818181818,1.0,0.0,-1.0,1.0,0.0,-1.0,0.2890648263178879,0.0,-0.2890648263178879,0,1,0.016666666666666666,0.0,-0.016666666666666666,1.0,0.0,-1.0,1.0,0.0,-1.0,0.2890648263178879,0.0,-0.2890648263178879,0,1
chunker-generic-recursive,Recursive chunker,Q-033,setup_configuration,R7000,0.0,0.0,0.0,0.0,0.0,0.0,0.0,0.0,0.0,0.0,0.0,0.0,0,0,0.0,0.0,0.0,0.0,0.0,0.0,0.0,0.0,0.0,0.0,0.0,0.0,0,0,0.0,0.0,0.0,0.0,0.0,0.0,0.0,0.0,0.0,0.0,0.0,0.0,0,0,0.0,0.0,0.0,0.0,0.0,0.0,0.0,0.0,0.0,0.0,0.0,0.0,0,0,0.0,0.0,0.0,0.0,0.0,0.0,0.0,0.0,0.0,0.0,0.0,0.0,0,0,0.0,0.0,0.0,0.0,0.0,0.0,0.0,0.0,0.0,0.0,0.0,0.0,0,0,0.0,0.0,0.0,0.0,0.0,0.0,0.0,0.0,0.0,0.0,0.0,0.0,0,0,0.025,0.0,-0.025,1.0,0.0,-1.0,1.0,0.0,-1.0,0.18790182470910757,0.0,-0.18790182470910757,0,1,0.022222222222222223,0.0,-0.022222222222222223,1.0,0.0,-1.0,1.0,0.0,-1.0,0.18790182470910757,0.0,-0.18790182470910757,0,1,0.02,0.0,-0.02,1.0,0.0,-1.0,1.0,0.0,-1.0,0.18790182470910757,0.0,-0.18790182470910757,0,1,0.01818181818181818,0.0,-0.01818181818181818,1.0,0.0,-1.0,1.0,0.0,-1.0,0.18790182470910757,0.0,-0.18790182470910757,0,1,0.016666666666666666,0.0,-0.016666666666666666,1.0,0.0,-1.0,1.0,0.0,-1.0,0.18790182470910757,0.0,-0.18790182470910757,0,1
chunker-generic-recursive,Recursive chunker,Q-034,setup_configuration,R7000,0.0,0.0,0.0,0.0,0.0,0.0,0.0,0.0,0.0,0.0,0.0,0.0,0,0,0.0,0.0,0.0,0.0,0.0,0.0,0.0,0.0,0.0,0.0,0.0,0.0,0,0,0.0,0.0,0.0,0.0,0.0,0.0,0.0,0.0,0.0,0.0,0.0,0.0,0,0,0.0,0.0,0.0,0.0,0.0,0.0,0.0,0.0,0.0,0.0,0.0,0.0,0,0,0.0,0.0,0.0,0.0,0.0,0.0,0.0,0.0,0.0,0.0,0.0,0.0,0,0,0.0,0.0,0.0,0.0,0.0,0.0,0.0,0.0,0.0,0.0,0.0,0.0,0,0,0.0,0.0,0.0,0.0,0.0,0.0,0.0,0.0,0.0,0.0,0.0,0.0,0,0,0.0,0.0,0.0,0.0,0.0,0.0,0.0,0.0,0.0,0.0,0.0,0.0,0,0,0.0,0.0,0.0,0.0,0.0,0.0,0.0,0.0,0.0,0.0,0.0,0.0,0,0,0.0,0.0,0.0,0.0,0.0,0.0,0.0,0.0,0.0,0.0,0.0,0.0,0,0,0.0,0.0,0.0,0.0,0.0,0.0,0.0,0.0,0.0,0.0,0.0,0.0,0,0,0.0,0.0,0.0,0.0,0.0,0.0,0.0,0.0,0.0,0.0,0.0,0.0,0,0
chunker-generic-recursive,Recursive chunker,Q-035,facts_specifications,R7000,0.2,0.0,-0.2,1.0,0.0,-1.0,1.0,0.0,-1.0,0.16812753627111746,0.0,-0.16812753627111746,0,1,0.2,0.1,-0.1,1.0,1.0,0.0,1.0,1.0,0.0,0.29127873064148246,0.11305340175787204,-0.17822532888361042,1,0,0.13333333333333333,0.06666666666666667,-0.06666666666666667,1.0,1.0,0.0,1.0,1.0,0.0,0.29127873064148246,0.11305340175787204,-0.17822532888361042,1,0,0.1,0.05,-0.05,1.0,1.0,0.0,1.0,1.0,0.0,0.29127873064148246,0.11305340175787204,-0.17822532888361042,1,0,0.12,0.08,-0.039999999999999994,1.0,1.0,0.0,1.0,1.0,0.0,0.3764222950502862,0.18520839695218239,-0.1912138980981038,1,0,0.13333333333333333,0.13333333333333333,0.0,1.0,1.0,0.0,1.0,1.0,0.0,0.4576270440903289,0.32557372455226063,-0.13205331953806826,1,0,0.11428571428571428,0.11428571428571428,0.0,1.0,1.0,0.0,1.0,1.0,0.0,0.4576270440903289,0.32557372455226063,-0.13205331953806826,1,0,0.1,0.125,0.024999999999999994,1.0,1.0,0.0,1.0,1.0,0.0,0.4576270440903289,0.38974295732384423,-0.06788408676648466,1,0,0.08888888888888889,0.1111111111111111,0.022222222222222213,1.0,1.0,0.0,1.0,1.0,0.0,0.4576270440903289,0.38974295732384423,-0.06788408676648466,1,0,0.08,0.1,0.020000000000000004,1.0,1.0,0.0,1.0,1.0,0.0,0.4576270440903289,0.38974295732384423,-0.06788408676648466,1,0,0.07272727272727272,0.09090909090909091,0.018181818181818188,1.0,1.0,0.0,1.0,1.0,0.0,0.4576270440903289,0.38974295732384423,-0.06788408676648466,1,0,0.06666666666666667,0.08333333333333333,0.016666666666666663,1.0,1.0,0.0,1.0,1.0,0.0,0.4576270440903289,0.38974295732384423,-0.06788408676648466,1,0
chunker-generic-recursive,Recursive chunker,Q-036,facts_specifications,R7000,0.0,0.0,0.0,0.0,0.0,0.0,0.0,0.0,0.0,0.0,0.0,0.0,0,0,0.0,0.0,0.0,0.0,0.0,0.0,0.0,0.0,0.0,0.0,0.0,0.0,0,0,0.0,0.0,0.0,0.0,0.0,0.0,0.0,0.0,0.0,0.0,0.0,0.0,0,0,0.05,0.0,-0.05,1.0,0.0,-1.0,1.0,0.0,-1.0,0.1395953738647505,0.0,-0.1395953738647505,0,1,0.04,0.0,-0.04,1.0,0.0,-1.0,1.0,0.0,-1.0,0.1395953738647505,0.0,-0.1395953738647505,0,1,0.06666666666666667,0.0,-0.06666666666666667,1.0,0.0,-1.0,1.0,0.0,-1.0,0.2685463096095977,0.0,-0.2685463096095977,0,1,0.05714285714285714,0.0,-0.05714285714285714,1.0,0.0,-1.0,1.0,0.0,-1.0,0.2685463096095977,0.0,-0.2685463096095977,0,1,0.05,0.0,-0.05,1.0,0.0,-1.0,1.0,0.0,-1.0,0.2685463096095977,0.0,-0.2685463096095977,0,1,0.044444444444444446,0.0,-0.044444444444444446,1.0,0.0,-1.0,1.0,0.0,-1.0,0.2685463096095977,0.0,-0.2685463096095977,0,1,0.04,0.0,-0.04,1.0,0.0,-1.0,1.0,0.0,-1.0,0.2685463096095977,0.0,-0.2685463096095977,0,1,0.03636363636363636,0.0,-0.03636363636363636,1.0,0.0,-1.0,1.0,0.0,-1.0,0.2685463096095977,0.0,-0.2685463096095977,0,1,0.03333333333333333,0.0,-0.03333333333333333,1.0,0.0,-1.0,1.0,0.0,-1.0,0.2685463096095977,0.0,-0.2685463096095977,0,1
chunker-generic-recursive,Recursive chunker,Q-037,features_security_maintenance_limitations,R7000,0.0,0.0,0.0,0.0,0.0,0.0,0.0,0.0,0.0,0.0,0.0,0.0,0,0,0.0,0.0,0.0,0.0,0.0,0.0,0.0,0.0,0.0,0.0,0.0,0.0,0,0,0.0,0.0,0.0,0.0,0.0,0.0,0.0,0.0,0.0,0.0,0.0,0.0,0,0,0.0,0.0,0.0,0.0,0.0,0.0,0.0,0.0,0.0,0.0,0.0,0.0,0,0,0.0,0.0,0.0,0.0,0.0,0.0,0.0,0.0,0.0,0.0,0.0,0.0,0,0,0.0,0.0,0.0,0.0,0.0,0.0,0.0,0.0,0.0,0.0,0.0,0.0,0,0,0.0,0.0,0.0,0.0,0.0,0.0,0.0,0.0,0.0,0.0,0.0,0.0,0,0,0.0,0.0,0.0,0.0,0.0,0.0,0.0,0.0,0.0,0.0,0.0,0.0,0,0,0.0,0.0,0.0,0.0,0.0,0.0,0.0,0.0,0.0,0.0,0.0,0.0,0,0,0.0,0.0,0.0,0.0,0.0,0.0,0.0,0.0,0.0,0.0,0.0,0.0,0,0,0.0,0.0,0.0,0.0,0.0,0.0,0.0,0.0,0.0,0.0,0.0,0.0,0,0,0.0,0.0,0.0,0.0,0.0,0.0,0.0,0.0,0.0,0.0,0.0,0.0,0,0
chunker-generic-recursive,Recursive chunker,Q-038,setup_configuration,R7000,0.2,0.0,-0.2,1.0,0.0,-1.0,1.0,0.0,-1.0,0.43067655807339306,0.0,-0.43067655807339306,0,1,0.1,0.1,0.0,1.0,1.0,0.0,1.0,1.0,0.0,0.43067655807339306,0.3010299956639812,-0.12964656240941186,1,0,0.06666666666666667,0.06666666666666667,0.0,1.0,1.0,0.0,1.0,1.0,0.0,0.43067655807339306,0.3010299956639812,-0.12964656240941186,1,0,0.05,0.05,0.0,1.0,1.0,0.0,1.0,1.0,0.0,0.43067655807339306,0.3010299956639812,-0.12964656240941186,1,0,0.04,0.04,0.0,1.0,1.0,0.0,1.0,1.0,0.0,0.43067655807339306,0.3010299956639812,-0.12964656240941186,1,0,0.03333333333333333,0.03333333333333333,0.0,1.0,1.0,0.0,1.0,1.0,0.0,0.43067655807339306,0.3010299956639812,-0.12964656240941186,1,0,0.02857142857142857,0.02857142857142857,0.0,1.0,1.0,0.0,1.0,1.0,0.0,0.43067655807339306,0.3010299956639812,-0.12964656240941186,1,0,0.025,0.025,0.0,1.0,1.0,0.0,1.0,1.0,0.0,0.43067655807339306,0.3010299956639812,-0.12964656240941186,1,0,0.022222222222222223,0.022222222222222223,0.0,1.0,1.0,0.0,1.0,1.0,0.0,0.43067655807339306,0.3010299956639812,-0.12964656240941186,1,0,0.02,0.02,0.0,1.0,1.0,0.0,1.0,1.0,0.0,0.43067655807339306,0.3010299956639812,-0.12964656240941186,1,0,0.01818181818181818,0.01818181818181818,0.0,1.0,1.0,0.0,1.0,1.0,0.0,0.43067655807339306,0.3010299956639812,-0.12964656240941186,1,0,0.016666666666666666,0.016666666666666666,0.0,1.0,1.0,0.0,1.0,1.0,0.0,0.43067655807339306,0.3010299956639812,-0.12964656240941186,1,0
chunker-generic-recursive,Recursive chunker,Q-039,features_security_maintenance_limitations,R7000,0.0,0.0,0.0,0.0,0.0,0.0,0.0,0.0,0.0,0.0,0.0,0.0,0,0,0.0,0.0,0.0,0.0,0.0,0.0,0.0,0.0,0.0,0.0,0.0,0.0,0,0,0.06666666666666667,0.0,-0.06666666666666667,1.0,0.0,-1.0,1.0,0.0,-1.0,0.1532867981913646,0.0,-0.1532867981913646,0,1,0.05,0.0,-0.05,1.0,0.0,-1.0,1.0,0.0,-1.0,0.1532867981913646,0.0,-0.1532867981913646,0,1,0.04,0.0,-0.04,1.0,0.0,-1.0,1.0,0.0,-1.0,0.1532867981913646,0.0,-0.1532867981913646,0,1,0.06666666666666667,0.0,-0.06666666666666667,1.0,0.0,-1.0,1.0,0.0,-1.0,0.28223773393621177,0.0,-0.28223773393621177,0,1,0.05714285714285714,0.0,-0.05714285714285714,1.0,0.0,-1.0,1.0,0.0,-1.0,0.28223773393621177,0.0,-0.28223773393621177,0,1,0.05,0.0,-0.05,1.0,0.0,-1.0,1.0,0.0,-1.0,0.28223773393621177,0.0,-0.28223773393621177,0,1,0.044444444444444446,0.0,-0.044444444444444446,1.0,0.0,-1.0,1.0,0.0,-1.0,0.28223773393621177,0.0,-0.28223773393621177,0,1,0.04,0.0,-0.04,1.0,0.0,-1.0,1.0,0.0,-1.0,0.28223773393621177,0.0,-0.28223773393621177,0,1,0.03636363636363636,0.0,-0.03636363636363636,1.0,0.0,-1.0,1.0,0.0,-1.0,0.28223773393621177,0.0,-0.28223773393621177,0,1,0.03333333333333333,0.0,-0.03333333333333333,1.0,0.0,-1.0,1.0,0.0,-1.0,0.28223773393621177,0.0,-0.28223773393621177,0,1
chunker-generic-recursive,Recursive chunker,Q-040,setup_configuration,R7000,0.2,0.2,0.0,1.0,1.0,0.0,1.0,1.0,0.0,0.38685280723454163,0.5,0.11314719276545837,1,0,0.1,0.1,0.0,1.0,1.0,0.0,1.0,1.0,0.0,0.38685280723454163,0.5,0.11314719276545837,1,0,0.13333333333333333,0.06666666666666667,-0.06666666666666667,1.0,1.0,0.0,1.0,1.0,0.0,0.5525485729997712,0.5,-0.052548572999771226,1,0,0.1,0.05,-0.05,1.0,1.0,0.0,1.0,1.0,0.0,0.5525485729997712,0.5,-0.052548572999771226,1,0,0.08,0.04,-0.04,1.0,1.0,0.0,1.0,1.0,0.0,0.5525485729997712,0.5,-0.052548572999771226,1,0,0.06666666666666667,0.03333333333333333,-0.03333333333333333,1.0,1.0,0.0,1.0,1.0,0.0,0.5525485729997712,0.5,-0.052548572999771226,1,0,0.05714285714285714,0.02857142857142857,-0.02857142857142857,1.0,1.0,0.0,1.0,1.0,0.0,0.5525485729997712,0.5,-0.052548572999771226,1,0,0.05,0.025,-0.025,1.0,1.0,0.0,1.0,1.0,0.0,0.5525485729997712,0.5,-0.052548572999771226,1,0,0.044444444444444446,0.022222222222222223,-0.022222222222222223,1.0,1.0,0.0,1.0,1.0,0.0,0.5525485729997712,0.5,-0.052548572999771226,1,0,0.04,0.02,-0.02,1.0,1.0,0.0,1.0,1.0,0.0,0.5525485729997712,0.5,-0.052548572999771226,1,0,0.03636363636363636,0.01818181818181818,-0.01818181818181818,1.0,1.0,0.0,1.0,1.0,0.0,0.5525485729997712,0.5,-0.052548572999771226,1,0,0.03333333333333333,0.016666666666666666,-0.016666666666666666,1.0,1.0,0.0,1.0,1.0,0.0,0.5525485729997712,0.5,-0.052548572999771226,1,0
chunker-generic-recursive,Recursive chunker,Q-041,setup_configuration,R7000,0.0,0.0,0.0,0.0,0.0,0.0,0.0,0.0,0.0,0.0,0.0,0.0,0,0,0.0,0.0,0.0,0.0,0.0,0.0,0.0,0.0,0.0,0.0,0.0,0.0,0,0,0.0,0.0,0.0,0.0,0.0,0.0,0.0,0.0,0.0,0.0,0.0,0.0,0,0,0.0,0.0,0.0,0.0,0.0,0.0,0.0,0.0,0.0,0.0,0.0,0.0,0,0,0.04,0.0,-0.04,1.0,0.0,-1.0,1.0,0.0,-1.0,0.22424382421757544,0.0,-0.22424382421757544,0,1,0.03333333333333333,0.0,-0.03333333333333333,1.0,0.0,-1.0,1.0,0.0,-1.0,0.22424382421757544,0.0,-0.22424382421757544,0,1,0.02857142857142857,0.0,-0.02857142857142857,1.0,0.0,-1.0,1.0,0.0,-1.0,0.22424382421757544,0.0,-0.22424382421757544,0,1,0.025,0.0,-0.025,1.0,0.0,-1.0,1.0,0.0,-1.0,0.22424382421757544,0.0,-0.22424382421757544,0,1,0.022222222222222223,0.0,-0.022222222222222223,1.0,0.0,-1.0,1.0,0.0,-1.0,0.22424382421757544,0.0,-0.22424382421757544,0,1,0.02,0.0,-0.02,1.0,0.0,-1.0,1.0,0.0,-1.0,0.22424382421757544,0.0,-0.22424382421757544,0,1,0.01818181818181818,0.0,-0.01818181818181818,1.0,0.0,-1.0,1.0,0.0,-1.0,0.22424382421757544,0.0,-0.22424382421757544,0,1,0.016666666666666666,0.0,-0.016666666666666666,1.0,0.0,-1.0,1.0,0.0,-1.0,0.22424382421757544,0.0,-0.22424382421757544,0,1
chunker-generic-recursive,Recursive chunker,Q-042,troubleshooting_diagnostics,R7000,0.0,0.0,0.0,0.0,0.0,0.0,0.0,0.0,0.0,0.0,0.0,0.0,0,0,0.0,0.0,0.0,0.0,0.0,0.0,0.0,0.0,0.0,0.0,0.0,0.0,0,0,0.06666666666666667,0.0,-0.06666666666666667,1.0,0.0,-1.0,1.0,0.0,-1.0,0.2559580248098155,0.0,-0.2559580248098155,0,1,0.05,0.0,-0.05,1.0,0.0,-1.0,1.0,0.0,-1.0,0.2559580248098155,0.0,-0.2559580248098155,0,1,0.04,0.0,-0.04,1.0,0.0,-1.0,1.0,0.0,-1.0,0.2559580248098155,0.0,-0.2559580248098155,0,1,0.03333333333333333,0.03333333333333333,0.0,1.0,1.0,0.0,1.0,1.0,0.0,0.2559580248098155,0.20801459767650948,-0.047943427133306016,1,0,0.02857142857142857,0.02857142857142857,0.0,1.0,1.0,0.0,1.0,1.0,0.0,0.2559580248098155,0.20801459767650948,-0.047943427133306016,1,0,0.025,0.025,0.0,1.0,1.0,0.0,1.0,1.0,0.0,0.2559580248098155,0.20801459767650948,-0.047943427133306016,1,0,0.022222222222222223,0.022222222222222223,0.0,1.0,1.0,0.0,1.0,1.0,0.0,0.2559580248098155,0.20801459767650948,-0.047943427133306016,1,0,0.02,0.02,0.0,1.0,1.0,0.0,1.0,1.0,0.0,0.2559580248098155,0.20801459767650948,-0.047943427133306016,1,0,0.01818181818181818,0.01818181818181818,0.0,1.0,1.0,0.0,1.0,1.0,0.0,0.2559580248098155,0.20801459767650948,-0.047943427133306016,1,0,0.016666666666666666,0.016666666666666666,0.0,1.0,1.0,0.0,1.0,1.0,0.0,0.2559580248098155,0.20801459767650948,-0.047943427133306016,1,0
chunker-generic-recursive,Recursive chunker,Q-043,troubleshooting_diagnostics,R7000,0.0,0.0,0.0,0.0,0.0,0.0,0.0,0.0,0.0,0.0,0.0,0.0,0,0,0.1,0.0,-0.1,1.0,0.0,-1.0,1.0,0.0,-1.0,0.21840743681816419,0.0,-0.21840743681816419,0,1,0.13333333333333333,0.06666666666666667,-0.06666666666666667,1.0,1.0,0.0,1.0,1.0,0.0,0.38944052088588227,0.1710330840677181,-0.21840743681816416,1,0,0.1,0.05,-0.05,1.0,1.0,0.0,1.0,1.0,0.0,0.38944052088588227,0.1710330840677181,-0.21840743681816416,1,0,0.08,0.08,0.0,1.0,1.0,0.0,1.0,1.0,0.0,0.38944052088588227,0.30852755538171545,-0.08091296550416682,1,0,0.06666666666666667,0.06666666666666667,0.0,1.0,1.0,0.0,1.0,1.0,0.0,0.38944052088588227,0.30852755538171545,-0.08091296550416682,1,0,0.05714285714285714,0.05714285714285714,0.0,1.0,1.0,0.0,1.0,1.0,0.0,0.38944052088588227,0.30852755538171545,-0.08091296550416682,1,0,0.05,0.05,0.0,1.0,1.0,0.0,1.0,1.0,0.0,0.38944052088588227,0.30852755538171545,-0.08091296550416682,1,0,0.044444444444444446,0.044444444444444446,0.0,1.0,1.0,0.0,1.0,1.0,0.0,0.38944052088588227,0.30852755538171545,-0.08091296550416682,1,0,0.04,0.04,0.0,1.0,1.0,0.0,1.0,1.0,0.0,0.38944052088588227,0.30852755538171545,-0.08091296550416682,1,0,0.03636363636363636,0.03636363636363636,0.0,1.0,1.0,0.0,1.0,1.0,0.0,0.38944052088588227,0.30852755538171545,-0.08091296550416682,1,0,0.03333333333333333,0.03333333333333333,0.0,1.0,1.0,0.0,1.0,1.0,0.0,0.38944052088588227,0.30852755538171545,-0.08091296550416682,1,0
chunker-generic-recursive,Recursive chunker,Q-044,facts_specifications,RAX120,0.0,0.0,0.0,0.0,0.0,0.0,0.0,0.0,0.0,0.0,0.0,0.0,0,0,0.1,0.1,0.0,1.0,1.0,0.0,1.0,1.0,0.0,0.3010299956639812,0.2890648263178879,-0.011965169346093318,1,0,0.06666666666666667,0.06666666666666667,0.0,1.0,1.0,0.0,1.0,1.0,0.0,0.3010299956639812,0.2890648263178879,-0.011965169346093318,1,0,0.05,0.05,0.0,1.0,1.0,0.0,1.0,1.0,0.0,0.3010299956639812,0.2890648263178879,-0.011965169346093318,1,0,0.04,0.04,0.0,1.0,1.0,0.0,1.0,1.0,0.0,0.3010299956639812,0.2890648263178879,-0.011965169346093318,1,0,0.03333333333333333,0.03333333333333333,0.0,1.0,1.0,0.0,1.0,1.0,0.0,0.3010299956639812,0.2890648263178879,-0.011965169346093318,1,0,0.02857142857142857,0.02857142857142857,0.0,1.0,1.0,0.0,1.0,1.0,0.0,0.3010299956639812,0.2890648263178879,-0.011965169346093318,1,0,0.025,0.025,0.0,1.0,1.0,0.0,1.0,1.0,0.0,0.3010299956639812,0.2890648263178879,-0.011965169346093318,1,0,0.022222222222222223,0.022222222222222223,0.0,1.0,1.0,0.0,1.0,1.0,0.0,0.3010299956639812,0.2890648263178879,-0.011965169346093318,1,0,0.02,0.02,0.0,1.0,1.0,0.0,1.0,1.0,0.0,0.3010299956639812,0.2890648263178879,-0.011965169346093318,1,0,0.01818181818181818,0.01818181818181818,0.0,1.0,1.0,0.0,1.0,1.0,0.0,0.3010299956639812,0.2890648263178879,-0.011965169346093318,1,0,0.016666666666666666,0.016666666666666666,0.0,1.0,1.0,0.0,1.0,1.0,0.0,0.3010299956639812,0.2890648263178879,-0.011965169346093318,1,0
chunker-generic-recursive,Recursive chunker,Q-045,facts_specifications,RAX120,0.2,0.2,0.0,1.0,1.0,0.0,1.0,1.0,0.0,0.43067655807339306,1.0,0.5693234419266069,1,0,0.1,0.1,0.0,1.0,1.0,0.0,1.0,1.0,0.0,0.43067655807339306,1.0,0.5693234419266069,1,0,0.06666666666666667,0.06666666666666667,0.0,1.0,1.0,0.0,1.0,1.0,0.0,0.43067655807339306,1.0,0.5693234419266069,1,0,0.05,0.05,0.0,1.0,1.0,0.0,1.0,1.0,0.0,0.43067655807339306,1.0,0.5693234419266069,1,0,0.04,0.04,0.0,1.0,1.0,0.0,1.0,1.0,0.0,0.43067655807339306,1.0,0.5693234419266069,1,0,0.03333333333333333,0.03333333333333333,0.0,1.0,1.0,0.0,1.0,1.0,0.0,0.43067655807339306,1.0,0.5693234419266069,1,0,0.02857142857142857,0.02857142857142857,0.0,1.0,1.0,0.0,1.0,1.0,0.0,0.43067655807339306,1.0,0.5693234419266069,1,0,0.025,0.025,0.0,1.0,1.0,0.0,1.0,1.0,0.0,0.43067655807339306,1.0,0.5693234419266069,1,0,0.022222222222222223,0.022222222222222223,0.0,1.0,1.0,0.0,1.0,1.0,0.0,0.43067655807339306,1.0,0.5693234419266069,1,0,0.02,0.02,0.0,1.0,1.0,0.0,1.0,1.0,0.0,0.43067655807339306,1.0,0.5693234419266069,1,0,0.01818181818181818,0.01818181818181818,0.0,1.0,1.0,0.0,1.0,1.0,0.0,0.43067655807339306,1.0,0.5693234419266069,1,0,0.016666666666666666,0.016666666666666666,0.0,1.0,1.0,0.0,1.0,1.0,0.0,0.43067655807339306,1.0,0.5693234419266069,1,0
chunker-generic-recursive,Recursive chunker,Q-046,setup_configuration,RAX120,0.0,0.2,0.2,0.0,1.0,1.0,0.0,1.0,1.0,0.0,0.23719771276929622,0.23719771276929622,0,1,0.1,0.1,0.0,1.0,1.0,0.0,1.0,1.0,0.0,0.3333333333333333,0.23719771276929622,-0.0961356205640371,1,0,0.06666666666666667,0.06666666666666667,0.0,1.0,1.0,0.0,1.0,1.0,0.0,0.3333333333333333,0.23719771276929622,-0.0961356205640371,1,0,0.05,0.1,0.05,1.0,1.0,0.0,1.0,1.0,0.0,0.3333333333333333,0.37679308663404665,0.04345975330071333,1,0,0.04,0.08,0.04,1.0,1.0,0.0,1.0,1.0,0.0,0.3333333333333333,0.37679308663404665,0.04345975330071333,1,0,0.03333333333333333,0.06666666666666667,0.03333333333333333,1.0,1.0,0.0,1.0,1.0,0.0,0.3333333333333333,0.37679308663404665,0.04345975330071333,1,0,0.02857142857142857,0.05714285714285714,0.02857142857142857,1.0,1.0,0.0,1.0,1.0,0.0,0.3333333333333333,0.37679308663404665,0.04345975330071333,1,0,0.025,0.05,0.025,1.0,1.0,0.0,1.0,1.0,0.0,0.3333333333333333,0.37679308663404665,0.04345975330071333,1,0,0.022222222222222223,0.044444444444444446,0.022222222222222223,1.0,1.0,0.0,1.0,1.0,0.0,0.3333333333333333,0.37679308663404665,0.04345975330071333,1,0,0.02,0.04,0.02,1.0,1.0,0.0,1.0,1.0,0.0,0.3333333333333333,0.37679308663404665,0.04345975330071333,1,0,0.01818181818181818,0.03636363636363636,0.01818181818181818,1.0,1.0,0.0,1.0,1.0,0.0,0.3333333333333333,0.37679308663404665,0.04345975330071333,1,0,0.016666666666666666,0.03333333333333333,0.016666666666666666,1.0,1.0,0.0,1.0,1.0,0.0,0.3333333333333333,0.37679308663404665,0.04345975330071333,1,0
chunker-generic-recursive,Recursive chunker,Q-047,facts_specifications,RAX120,0.0,0.0,0.0,0.0,0.0,0.0,0.0,0.0,0.0,0.0,0.0,0.0,0,0,0.0,0.0,0.0,0.0,0.0,0.0,0.0,0.0,0.0,0.0,0.0,0.0,0,0,0.0,0.0,0.0,0.0,0.0,0.0,0.0,0.0,0.0,0.0,0.0,0.0,0,0,0.0,0.0,0.0,0.0,0.0,0.0,0.0,0.0,0.0,0.0,0.0,0.0,0,0,0.0,0.0,0.0,0.0,0.0,0.0,0.0,0.0,0.0,0.0,0.0,0.0,0,0,0.0,0.0,0.0,0.0,0.0,0.0,0.0,0.0,0.0,0.0,0.0,0.0,0,0,0.0,0.0,0.0,0.0,0.0,0.0,0.0,0.0,0.0,0.0,0.0,0.0,0,0,0.0,0.0,0.0,0.0,0.0,0.0,0.0,0.0,0.0,0.0,0.0,0.0,0,0,0.0,0.0,0.0,0.0,0.0,0.0,0.0,0.0,0.0,0.0,0.0,0.0,0,0,0.0,0.0,0.0,0.0,0.0,0.0,0.0,0.0,0.0,0.0,0.0,0.0,0,0,0.0,0.0,0.0,0.0,0.0,0.0,0.0,0.0,0.0,0.0,0.0,0.0,0,0,0.0,0.0,0.0,0.0,0.0,0.0,0.0,0.0,0.0,0.0,0.0,0.0,0,0
chunker-generic-recursive,Recursive chunker,Q-048,setup_configuration,RAX120,0.0,0.0,0.0,0.0,0.0,0.0,0.0,0.0,0.0,0.0,0.0,0.0,0,0,0.0,0.0,0.0,0.0,0.0,0.0,0.0,0.0,0.0,0.0,0.0,0.0,0,0,0.0,0.0,0.0,0.0,0.0,0.0,0.0,0.0,0.0,0.0,0.0,0.0,0,0,0.0,0.0,0.0,0.0,0.0,0.0,0.0,0.0,0.0,0.0,0.0,0.0,0,0,0.0,0.0,0.0,0.0,0.0,0.0,0.0,0.0,0.0,0.0,0.0,0.0,0,0,0.0,0.0,0.0,0.0,0.0,0.0,0.0,0.0,0.0,0.0,0.0,0.0,0,0,0.0,0.0,0.0,0.0,0.0,0.0,0.0,0.0,0.0,0.0,0.0,0.0,0,0,0.0,0.0,0.0,0.0,0.0,0.0,0.0,0.0,0.0,0.0,0.0,0.0,0,0,0.0,0.0,0.0,0.0,0.0,0.0,0.0,0.0,0.0,0.0,0.0,0.0,0,0,0.0,0.0,0.0,0.0,0.0,0.0,0.0,0.0,0.0,0.0,0.0,0.0,0,0,0.0,0.0,0.0,0.0,0.0,0.0,0.0,0.0,0.0,0.0,0.0,0.0,0,0,0.0,0.0,0.0,0.0,0.0,0.0,0.0,0.0,0.0,0.0,0.0,0.0,0,0
chunker-generic-recursive,Recursive chunker,Q-049,features_security_maintenance_limitations,RAX120,0.0,0.0,0.0,0.0,0.0,0.0,0.0,0.0,0.0,0.0,0.0,0.0,0,0,0.1,0.1,0.0,1.0,1.0,0.0,1.0,1.0,0.0,0.20438239758848611,0.3010299956639812,0.09664759807549508,1,0,0.06666666666666667,0.06666666666666667,0.0,1.0,1.0,0.0,1.0,1.0,0.0,0.20438239758848611,0.3010299956639812,0.09664759807549508,1,0,0.1,0.05,-0.05,1.0,1.0,0.0,1.0,1.0,0.0,0.3514227382548962,0.3010299956639812,-0.05039274259091503,1,0,0.08,0.04,-0.04,1.0,1.0,0.0,1.0,1.0,0.0,0.3514227382548962,0.3010299956639812,-0.05039274259091503,1,0,0.06666666666666667,0.03333333333333333,-0.03333333333333333,1.0,1.0,0.0,1.0,1.0,0.0,0.3514227382548962,0.3010299956639812,-0.05039274259091503,1,0,0.05714285714285714,0.02857142857142857,-0.02857142857142857,1.0,1.0,0.0,1.0,1.0,0.0,0.3514227382548962,0.3010299956639812,-0.05039274259091503,1,0,0.05,0.025,-0.025,1.0,1.0,0.0,1.0,1.0,0.0,0.3514227382548962,0.3010299956639812,-0.05039274259091503,1,0,0.044444444444444446,0.022222222222222223,-0.022222222222222223,1.0,1.0,0.0,1.0,1.0,0.0,0.3514227382548962,0.3010299956639812,-0.05039274259091503,1,0,0.04,0.02,-0.02,1.0,1.0,0.0,1.0,1.0,0.0,0.3514227382548962,0.3010299956639812,-0.05039274259091503,1,0,0.03636363636363636,0.01818181818181818,-0.01818181818181818,1.0,1.0,0.0,1.0,1.0,0.0,0.3514227382548962,0.3010299956639812,-0.05039274259091503,1,0,0.03333333333333333,0.016666666666666666,-0.016666666666666666,1.0,1.0,0.0,1.0,1.0,0.0,0.3514227382548962,0.3010299956639812,-0.05039274259091503,1,0
chunker-generic-recursive,Recursive chunker,Q-050,facts_specifications,RAX120,0.0,0.0,0.0,0.0,0.0,0.0,0.0,0.0,0.0,0.0,0.0,0.0,0,0,0.0,0.0,0.0,0.0,0.0,0.0,0.0,0.0,0.0,0.0,0.0,0.0,0,0,0.0,0.0,0.0,0.0,0.0,0.0,0.0,0.0,0.0,0.0,0.0,0.0,0,0,0.05,0.05,0.0,1.0,1.0,0.0,1.0,1.0,0.0,0.24465054211822604,0.227670248696953,-0.01698029342127305,1,0,0.04,0.04,0.0,1.0,1.0,0.0,1.0,1.0,0.0,0.24465054211822604,0.227670248696953,-0.01698029342127305,1,0,0.03333333333333333,0.03333333333333333,0.0,1.0,1.0,0.0,1.0,1.0,0.0,0.24465054211822604,0.227670248696953,-0.01698029342127305,1,0,0.02857142857142857,0.02857142857142857,0.0,1.0,1.0,0.0,1.0,1.0,0.0,0.24465054211822604,0.227670248696953,-0.01698029342127305,1,0,0.025,0.025,0.0,1.0,1.0,0.0,1.0,1.0,0.0,0.24465054211822604,0.227670248696953,-0.01698029342127305,1,0,0.022222222222222223,0.022222222222222223,0.0,1.0,1.0,0.0,1.0,1.0,0.0,0.24465054211822604,0.227670248696953,-0.01698029342127305,1,0,0.02,0.02,0.0,1.0,1.0,0.0,1.0,1.0,0.0,0.24465054211822604,0.227670248696953,-0.01698029342127305,1,0,0.01818181818181818,0.01818181818181818,0.0,1.0,1.0,0.0,1.0,1.0,0.0,0.24465054211822604,0.227670248696953,-0.01698029342127305,1,0,0.016666666666666666,0.016666666666666666,0.0,1.0,1.0,0.0,1.0,1.0,0.0,0.24465054211822604,0.227670248696953,-0.01698029342127305,1,0
chunker-generic-recursive,Recursive chunker,Q-051,setup_configuration,RAX120,0.0,0.2,0.2,0.0,1.0,1.0,0.0,1.0,1.0,0.0,0.2640681225725909,0.2640681225725909,0,1,0.1,0.1,0.0,1.0,1.0,0.0,1.0,1.0,0.0,0.19342640361727081,0.2640681225725909,0.07064171895532007,1,0,0.06666666666666667,0.13333333333333333,0.06666666666666667,1.0,1.0,0.0,1.0,1.0,0.0,0.19342640361727081,0.4210080669505208,0.22758166333324997,1,0,0.05,0.1,0.05,1.0,1.0,0.0,1.0,1.0,0.0,0.19342640361727081,0.4210080669505208,0.22758166333324997,1,0,0.08,0.08,0.0,1.0,1.0,0.0,1.0,1.0,0.0,0.3289716219035948,0.4210080669505208,0.09203644504692599,1,0,0.06666666666666667,0.06666666666666667,0.0,1.0,1.0,0.0,1.0,1.0,0.0,0.3289716219035948,0.4210080669505208,0.09203644504692599,1,0,0.05714285714285714,0.05714285714285714,0.0,1.0,1.0,0.0,1.0,1.0,0.0,0.3289716219035948,0.4210080669505208,0.09203644504692599,1,0,0.05,0.05,0.0,1.0,1.0,0.0,1.0,1.0,0.0,0.3289716219035948,0.4210080669505208,0.09203644504692599,1,0,0.044444444444444446,0.044444444444444446,0.0,1.0,1.0,0.0,1.0,1.0,0.0,0.3289716219035948,0.4210080669505208,0.09203644504692599,1,0,0.04,0.04,0.0,1.0,1.0,0.0,1.0,1.0,0.0,0.3289716219035948,0.4210080669505208,0.09203644504692599,1,0,0.03636363636363636,0.03636363636363636,0.0,1.0,1.0,0.0,1.0,1.0,0.0,0.3289716219035948,0.4210080669505208,0.09203644504692599,1,0,0.03333333333333333,0.03333333333333333,0.0,1.0,1.0,0.0,1.0,1.0,0.0,0.3289716219035948,0.4210080669505208,0.09203644504692599,1,0
chunker-generic-recursive,Recursive chunker,Q-052,features_security_maintenance_limitations,RAX120,0.0,0.0,0.0,0.0,0.0,0.0,0.0,0.0,0.0,0.0,0.0,0.0,0,0,0.1,0.0,-0.1,1.0,0.0,-1.0,1.0,0.0,-1.0,0.20438239758848611,0.0,-0.20438239758848611,0,1,0.13333333333333333,0.0,-0.13333333333333333,1.0,0.0,-1.0,1.0,0.0,-1.0,0.36542522267769423,0.0,-0.36542522267769423,0,1,0.1,0.0,-0.1,1.0,0.0,-1.0,1.0,0.0,-1.0,0.36542522267769423,0.0,-0.36542522267769423,0,1,0.08,0.0,-0.08,1.0,0.0,-1.0,1.0,0.0,-1.0,0.36542522267769423,0.0,-0.36542522267769423,0,1,0.06666666666666667,0.03333333333333333,-0.03333333333333333,1.0,1.0,0.0,1.0,1.0,0.0,0.36542522267769423,0.1289509357448472,-0.23647428693284703,1,0,0.05714285714285714,0.02857142857142857,-0.02857142857142857,1.0,1.0,0.0,1.0,1.0,0.0,0.36542522267769423,0.1289509357448472,-0.23647428693284703,1,0,0.05,0.05,0.0,1.0,1.0,0.0,1.0,1.0,0.0,0.36542522267769423,0.24416241208074374,-0.12126281059695049,1,0,0.044444444444444446,0.044444444444444446,0.0,1.0,1.0,0.0,1.0,1.0,0.0,0.36542522267769423,0.24416241208074374,-0.12126281059695049,1,0,0.04,0.04,0.0,1.0,1.0,0.0,1.0,1.0,0.0,0.36542522267769423,0.24416241208074374,-0.12126281059695049,1,0,0.03636363636363636,0.03636363636363636,0.0,1.0,1.0,0.0,1.0,1.0,0.0,0.36542522267769423,0.24416241208074374,-0.12126281059695049,1,0,0.03333333333333333,0.03333333333333333,0.0,1.0,1.0,0.0,1.0,1.0,0.0,0.36542522267769423,0.24416241208074374,-0.12126281059695049,1,0
chunker-generic-recursive,Recursive chunker,Q-053,facts_specifications,RAX120,0.0,0.0,0.0,0.0,0.0,0.0,0.0,0.0,0.0,0.0,0.0,0.0,0,0,0.0,0.0,0.0,0.0,0.0,0.0,0.0,0.0,0.0,0.0,0.0,0.0,0,0,0.0,0.0,0.0,0.0,0.0,0.0,0.0,0.0,0.0,0.0,0.0,0.0,0,0,0.0,0.0,0.0,0.0,0.0,0.0,0.0,0.0,0.0,0.0,0.0,0.0,0,0,0.0,0.0,0.0,0.0,0.0,0.0,0.0,0.0,0.0,0.0,0.0,0.0,0,0,0.0,0.0,0.0,0.0,0.0,0.0,0.0,0.0,0.0,0.0,0.0,0.0,0,0,0.0,0.0,0.0,0.0,0.0,0.0,0.0,0.0,0.0,0.0,0.0,0.0,0,0,0.0,0.0,0.0,0.0,0.0,0.0,0.0,0.0,0.0,0.0,0.0,0.0,0,0,0.0,0.0,0.0,0.0,0.0,0.0,0.0,0.0,0.0,0.0,0.0,0.0,0,0,0.0,0.0,0.0,0.0,0.0,0.0,0.0,0.0,0.0,0.0,0.0,0.0,0,0,0.0,0.0,0.0,0.0,0.0,0.0,0.0,0.0,0.0,0.0,0.0,0.0,0,0,0.0,0.0,0.0,0.0,0.0,0.0,0.0,0.0,0.0,0.0,0.0,0.0,0,0
chunker-generic-recursive,Recursive chunker,Q-054,troubleshooting_diagnostics,RAX120,0.0,0.0,0.0,0.0,0.0,0.0,0.0,0.0,0.0,0.0,0.0,0.0,0,0,0.0,0.0,0.0,0.0,0.0,0.0,0.0,0.0,0.0,0.0,0.0,0.0,0,0,0.0,0.0,0.0,0.0,0.0,0.0,0.0,0.0,0.0,0.0,0.0,0.0,0,0,0.0,0.0,0.0,0.0,0.0,0.0,0.0,0.0,0.0,0.0,0.0,0.0,0,0,0.0,0.0,0.0,0.0,0.0,0.0,0.0,0.0,0.0,0.0,0.0,0.0,0,0,0.0,0.0,0.0,0.0,0.0,0.0,0.0,0.0,0.0,0.0,0.0,0.0,0,0,0.0,0.0,0.0,0.0,0.0,0.0,0.0,0.0,0.0,0.0,0.0,0.0,0,0,0.0,0.0,0.0,0.0,0.0,0.0,0.0,0.0,0.0,0.0,0.0,0.0,0,0,0.0,0.0,0.0,0.0,0.0,0.0,0.0,0.0,0.0,0.0,0.0,0.0,0,0,0.0,0.0,0.0,0.0,0.0,0.0,0.0,0.0,0.0,0.0,0.0,0.0,0,0,0.0,0.0,0.0,0.0,0.0,0.0,0.0,0.0,0.0,0.0,0.0,0.0,0,0,0.0,0.0,0.0,0.0,0.0,0.0,0.0,0.0,0.0,0.0,0.0,0.0,0,0
chunker-generic-recursive,Recursive chunker,Q-055,facts_specifications,RAX120,0.0,0.0,0.0,0.0,0.0,0.0,0.0,0.0,0.0,0.0,0.0,0.0,0,0,0.0,0.1,0.1,0.0,1.0,1.0,0.0,1.0,1.0,0.0,0.3333333333333333,0.3333333333333333,0,1,0.06666666666666667,0.06666666666666667,0.0,1.0,1.0,0.0,1.0,1.0,0.0,0.27023815442731974,0.3333333333333333,0.06309517890601357,1,0,0.05,0.05,0.0,1.0,1.0,0.0,1.0,1.0,0.0,0.27023815442731974,0.3333333333333333,0.06309517890601357,1,0,0.04,0.04,0.0,1.0,1.0,0.0,1.0,1.0,0.0,0.27023815442731974,0.3333333333333333,0.06309517890601357,1,0,0.03333333333333333,0.03333333333333333,0.0,1.0,1.0,0.0,1.0,1.0,0.0,0.27023815442731974,0.3333333333333333,0.06309517890601357,1,0,0.02857142857142857,0.02857142857142857,0.0,1.0,1.0,0.0,1.0,1.0,0.0,0.27023815442731974,0.3333333333333333,0.06309517890601357,1,0,0.025,0.025,0.0,1.0,1.0,0.0,1.0,1.0,0.0,0.27023815442731974,0.3333333333333333,0.06309517890601357,1,0,0.022222222222222223,0.022222222222222223,0.0,1.0,1.0,0.0,1.0,1.0,0.0,0.27023815442731974,0.3333333333333333,0.06309517890601357,1,0,0.02,0.02,0.0,1.0,1.0,0.0,1.0,1.0,0.0,0.27023815442731974,0.3333333333333333,0.06309517890601357,1,0,0.01818181818181818,0.01818181818181818,0.0,1.0,1.0,0.0,1.0,1.0,0.0,0.27023815442731974,0.3333333333333333,0.06309517890601357,1,0,0.016666666666666666,0.016666666666666666,0.0,1.0,1.0,0.0,1.0,1.0,0.0,0.27023815442731974,0.3333333333333333,0.06309517890601357,1,0
chunker-generic-recursive,Recursive chunker,Q-056,troubleshooting_diagnostics,RAX50,0.2,0.2,0.0,1.0,1.0,0.0,1.0,1.0,0.0,1.0,0.6309297535714575,-0.36907024642854247,1,0,0.1,0.1,0.0,1.0,1.0,0.0,1.0,1.0,0.0,1.0,0.6309297535714575,-0.36907024642854247,1,0,0.06666666666666667,0.06666666666666667,0.0,1.0,1.0,0.0,1.0,1.0,0.0,1.0,0.6309297535714575,-0.36907024642854247,1,0,0.05,0.05,0.0,1.0,1.0,0.0,1.0,1.0,0.0,1.0,0.6309297535714575,-0.36907024642854247,1,0,0.04,0.04,0.0,1.0,1.0,0.0,1.0,1.0,0.0,1.0,0.6309297535714575,-0.36907024642854247,1,0,0.03333333333333333,0.03333333333333333,0.0,1.0,1.0,0.0,1.0,1.0,0.0,1.0,0.6309297535714575,-0.36907024642854247,1,0,0.02857142857142857,0.02857142857142857,0.0,1.0,1.0,0.0,1.0,1.0,0.0,1.0,0.6309297535714575,-0.36907024642854247,1,0,0.025,0.025,0.0,1.0,1.0,0.0,1.0,1.0,0.0,1.0,0.6309297535714575,-0.36907024642854247,1,0,0.022222222222222223,0.022222222222222223,0.0,1.0,1.0,0.0,1.0,1.0,0.0,1.0,0.6309297535714575,-0.36907024642854247,1,0,0.02,0.02,0.0,1.0,1.0,0.0,1.0,1.0,0.0,1.0,0.6309297535714575,-0.36907024642854247,1,0,0.01818181818181818,0.01818181818181818,0.0,1.0,1.0,0.0,1.0,1.0,0.0,1.0,0.6309297535714575,-0.36907024642854247,1,0,0.016666666666666666,0.016666666666666666,0.0,1.0,1.0,0.0,1.0,1.0,0.0,1.0,0.6309297535714575,-0.36907024642854247,1,0
chunker-generic-recursive,Recursive chunker,Q-057,setup_configuration,RAX50,0.0,0.0,0.0,0.0,0.0,0.0,0.0,0.0,0.0,0.0,0.0,0.0,0,0,0.0,0.0,0.0,0.0,0.0,0.0,0.0,0.0,0.0,0.0,0.0,0.0,0,0,0.0,0.0,0.0,0.0,0.0,0.0,0.0,0.0,0.0,0.0,0.0,0.0,0,0,0.0,0.05,0.05,0.0,1.0,1.0,0.0,1.0,1.0,0.0,0.23137821315975915,0.23137821315975915,0,1,0.0,0.04,0.04,0.0,1.0,1.0,0.0,1.0,1.0,0.0,0.23137821315975915,0.23137821315975915,0,1,0.0,0.03333333333333333,0.03333333333333333,0.0,1.0,1.0,0.0,1.0,1.0,0.0,0.23137821315975915,0.23137821315975915,0,1,0.0,0.02857142857142857,0.02857142857142857,0.0,1.0,1.0,0.0,1.0,1.0,0.0,0.23137821315975915,0.23137821315975915,0,1,0.0,0.025,0.025,0.0,1.0,1.0,0.0,1.0,1.0,0.0,0.23137821315975915,0.23137821315975915,0,1,0.0,0.022222222222222223,0.022222222222222223,0.0,1.0,1.0,0.0,1.0,1.0,0.0,0.23137821315975915,0.23137821315975915,0,1,0.0,0.02,0.02,0.0,1.0,1.0,0.0,1.0,1.0,0.0,0.23137821315975915,0.23137821315975915,0,1,0.0,0.01818181818181818,0.01818181818181818,0.0,1.0,1.0,0.0,1.0,1.0,0.0,0.23137821315975915,0.23137821315975915,0,1,0.0,0.016666666666666666,0.016666666666666666,0.0,1.0,1.0,0.0,1.0,1.0,0.0,0.23137821315975915,0.23137821315975915,0,1
chunker-generic-recursive,Recursive chunker,Q-058,facts_specifications,RAX50,0.0,0.0,0.0,0.0,0.0,0.0,0.0,0.0,0.0,0.0,0.0,0.0,0,0,0.0,0.0,0.0,0.0,0.0,0.0,0.0,0.0,0.0,0.0,0.0,0.0,0,0,0.0,0.0,0.0,0.0,0.0,0.0,0.0,0.0,0.0,0.0,0.0,0.0,0,0,0.0,0.0,0.0,0.0,0.0,0.0,0.0,0.0,0.0,0.0,0.0,0.0,0,0,0.0,0.0,0.0,0.0,0.0,0.0,0.0,0.0,0.0,0.0,0.0,0.0,0,0,0.0,0.0,0.0,0.0,0.0,0.0,0.0,0.0,0.0,0.0,0.0,0.0,0,0,0.0,0.0,0.0,0.0,0.0,0.0,0.0,0.0,0.0,0.0,0.0,0.0,0,0,0.0,0.0,0.0,0.0,0.0,0.0,0.0,0.0,0.0,0.0,0.0,0.0,0,0,0.0,0.0,0.0,0.0,0.0,0.0,0.0,0.0,0.0,0.0,0.0,0.0,0,0,0.0,0.0,0.0,0.0,0.0,0.0,0.0,0.0,0.0,0.0,0.0,0.0,0,0,0.0,0.0,0.0,0.0,0.0,0.0,0.0,0.0,0.0,0.0,0.0,0.0,0,0,0.0,0.0,0.0,0.0,0.0,0.0,0.0,0.0,0.0,0.0,0.0,0.0,0,0
chunker-generic-recursive,Recursive chunker,Q-059,troubleshooting_diagnostics,RAX50,0.0,0.0,0.0,0.0,0.0,0.0,0.0,0.0,0.0,0.0,0.0,0.0,0,0,0.0,0.0,0.0,0.0,0.0,0.0,0.0,0.0,0.0,0.0,0.0,0.0,0,0,0.0,0.06666666666666667,0.06666666666666667,0.0,1.0,1.0,0.0,1.0,1.0,0.0,0.27894294565112987,0.27894294565112987,0,1,0.0,0.05,0.05,0.0,1.0,1.0,0.0,1.0,1.0,0.0,0.27894294565112987,0.27894294565112987,0,1,0.0,0.04,0.04,0.0,1.0,1.0,0.0,1.0,1.0,0.0,0.27894294565112987,0.27894294565112987,0,1,0.0,0.03333333333333333,0.03333333333333333,0.0,1.0,1.0,0.0,1.0,1.0,0.0,0.27894294565112987,0.27894294565112987,0,1,0.0,0.02857142857142857,0.02857142857142857,0.0,1.0,1.0,0.0,1.0,1.0,0.0,0.27894294565112987,0.27894294565112987,0,1,0.0,0.025,0.025,0.0,1.0,1.0,0.0,1.0,1.0,0.0,0.27894294565112987,0.27894294565112987,0,1,0.0,0.022222222222222223,0.022222222222222223,0.0,1.0,1.0,0.0,1.0,1.0,0.0,0.27894294565112987,0.27894294565112987,0,1,0.0,0.02,0.02,0.0,1.0,1.0,0.0,1.0,1.0,0.0,0.27894294565112987,0.27894294565112987,0,1,0.0,0.01818181818181818,0.01818181818181818,0.0,1.0,1.0,0.0,1.0,1.0,0.0,0.27894294565112987,0.27894294565112987,0,1,0.0,0.016666666666666666,0.016666666666666666,0.0,1.0,1.0,0.0,1.0,1.0,0.0,0.27894294565112987,0.27894294565112987,0,1
chunker-generic-recursive,Recursive chunker,Q-060,features_security_maintenance_limitations,RAX50,0.0,0.0,0.0,0.0,0.0,0.0,0.0,0.0,0.0,0.0,0.0,0.0,0,0,0.0,0.0,0.0,0.0,0.0,0.0,0.0,0.0,0.0,0.0,0.0,0.0,0,0,0.0,0.0,0.0,0.0,0.0,0.0,0.0,0.0,0.0,0.0,0.0,0.0,0,0,0.0,0.0,0.0,0.0,0.0,0.0,0.0,0.0,0.0,0.0,0.0,0.0,0,0,0.0,0.0,0.0,0.0,0.0,0.0,0.0,0.0,0.0,0.0,0.0,0.0,0,0,0.0,0.0,0.0,0.0,0.0,0.0,0.0,0.0,0.0,0.0,0.0,0.0,0,0,0.0,0.0,0.0,0.0,0.0,0.0,0.0,0.0,0.0,0.0,0.0,0.0,0,0,0.0,0.0,0.0,0.0,0.0,0.0,0.0,0.0,0.0,0.0,0.0,0.0,0,0,0.0,0.0,0.0,0.0,0.0,0.0,0.0,0.0,0.0,0.0,0.0,0.0,0,0,0.0,0.0,0.0,0.0,0.0,0.0,0.0,0.0,0.0,0.0,0.0,0.0,0,0,0.0,0.0,0.0,0.0,0.0,0.0,0.0,0.0,0.0,0.0,0.0,0.0,0,0,0.0,0.0,0.0,0.0,0.0,0.0,0.0,0.0,0.0,0.0,0.0,0.0,0,0
chunker-generic-recursive,Recursive chunker,Q-061,troubleshooting_diagnostics,RAX50,0.0,0.0,0.0,0.0,0.0,0.0,0.0,0.0,0.0,0.0,0.0,0.0,0,0,0.0,0.0,0.0,0.0,0.0,0.0,0.0,0.0,0.0,0.0,0.0,0.0,0,0,0.0,0.0,0.0,0.0,0.0,0.0,0.0,0.0,0.0,0.0,0.0,0.0,0,0,0.0,0.0,0.0,0.0,0.0,0.0,0.0,0.0,0.0,0.0,0.0,0.0,0,0,0.0,0.0,0.0,0.0,0.0,0.0,0.0,0.0,0.0,0.0,0.0,0.0,0,0,0.0,0.0,0.0,0.0,0.0,0.0,0.0,0.0,0.0,0.0,0.0,0.0,0,0,0.0,0.0,0.0,0.0,0.0,0.0,0.0,0.0,0.0,0.0,0.0,0.0,0,0,0.0,0.0,0.0,0.0,0.0,0.0,0.0,0.0,0.0,0.0,0.0,0.0,0,0,0.0,0.0,0.0,0.0,0.0,0.0,0.0,0.0,0.0,0.0,0.0,0.0,0,0,0.0,0.0,0.0,0.0,0.0,0.0,0.0,0.0,0.0,0.0,0.0,0.0,0,0,0.0,0.0,0.0,0.0,0.0,0.0,0.0,0.0,0.0,0.0,0.0,0.0,0,0,0.0,0.0,0.0,0.0,0.0,0.0,0.0,0.0,0.0,0.0,0.0,0.0,0,0
chunker-generic-recursive,Recursive chunker,Q-062,troubleshooting_diagnostics,RAX50,0.0,0.0,0.0,0.0,0.0,0.0,0.0,0.0,0.0,0.0,0.0,0.0,0,0,0.1,0.1,0.0,1.0,1.0,0.0,1.0,1.0,0.0,0.18457569677956817,0.3010299956639812,0.11645429888441303,1,0,0.06666666666666667,0.06666666666666667,0.0,1.0,1.0,0.0,1.0,1.0,0.0,0.18457569677956817,0.3010299956639812,0.11645429888441303,1,0,0.1,0.05,-0.05,1.0,1.0,0.0,1.0,1.0,0.0,0.334582489887906,0.3010299956639812,-0.03355249422392481,1,0,0.08,0.04,-0.04,1.0,1.0,0.0,1.0,1.0,0.0,0.334582489887906,0.3010299956639812,-0.03355249422392481,1,0,0.06666666666666667,0.03333333333333333,-0.03333333333333333,1.0,1.0,0.0,1.0,1.0,0.0,0.334582489887906,0.3010299956639812,-0.03355249422392481,1,0,0.05714285714285714,0.02857142857142857,-0.02857142857142857,1.0,1.0,0.0,1.0,1.0,0.0,0.334582489887906,0.3010299956639812,-0.03355249422392481,1,0,0.05,0.025,-0.025,1.0,1.0,0.0,1.0,1.0,0.0,0.334582489887906,0.3010299956639812,-0.03355249422392481,1,0,0.044444444444444446,0.022222222222222223,-0.022222222222222223,1.0,1.0,0.0,1.0,1.0,0.0,0.334582489887906,0.3010299956639812,-0.03355249422392481,1,0,0.04,0.02,-0.02,1.0,1.0,0.0,1.0,1.0,0.0,0.334582489887906,0.3010299956639812,-0.03355249422392481,1,0,0.03636363636363636,0.01818181818181818,-0.01818181818181818,1.0,1.0,0.0,1.0,1.0,0.0,0.334582489887906,0.3010299956639812,-0.03355249422392481,1,0,0.03333333333333333,0.016666666666666666,-0.016666666666666666,1.0,1.0,0.0,1.0,1.0,0.0,0.334582489887906,0.3010299956639812,-0.03355249422392481,1,0
chunker-generic-recursive,Recursive chunker,Q-063,facts_specifications,RAX50,0.2,0.0,-0.2,1.0,0.0,-1.0,1.0,0.0,-1.0,0.6309297535714575,0.0,-0.6309297535714575,0,1,0.1,0.0,-0.1,1.0,0.0,-1.0,1.0,0.0,-1.0,0.6309297535714575,0.0,-0.6309297535714575,0,1,0.06666666666666667,0.0,-0.06666666666666667,1.0,0.0,-1.0,1.0,0.0,-1.0,0.6309297535714575,0.0,-0.6309297535714575,0,1,0.05,0.0,-0.05,1.0,0.0,-1.0,1.0,0.0,-1.0,0.6309297535714575,0.0,-0.6309297535714575,0,1,0.04,0.0,-0.04,1.0,0.0,-1.0,1.0,0.0,-1.0,0.6309297535714575,0.0,-0.6309297535714575,0,1,0.03333333333333333,0.0,-0.03333333333333333,1.0,0.0,-1.0,1.0,0.0,-1.0,0.6309297535714575,0.0,-0.6309297535714575,0,1,0.02857142857142857,0.0,-0.02857142857142857,1.0,0.0,-1.0,1.0,0.0,-1.0,0.6309297535714575,0.0,-0.6309297535714575,0,1,0.025,0.0,-0.025,1.0,0.0,-1.0,1.0,0.0,-1.0,0.6309297535714575,0.0,-0.6309297535714575,0,1,0.022222222222222223,0.0,-0.022222222222222223,1.0,0.0,-1.0,1.0,0.0,-1.0,0.6309297535714575,0.0,-0.6309297535714575,0,1,0.02,0.0,-0.02,1.0,0.0,-1.0,1.0,0.0,-1.0,0.6309297535714575,0.0,-0.6309297535714575,0,1,0.01818181818181818,0.0,-0.01818181818181818,1.0,0.0,-1.0,1.0,0.0,-1.0,0.6309297535714575,0.0,-0.6309297535714575,0,1,0.016666666666666666,0.0,-0.016666666666666666,1.0,0.0,-1.0,1.0,0.0,-1.0,0.6309297535714575,0.0,-0.6309297535714575,0,1
chunker-generic-recursive,Recursive chunker,Q-064,features_security_maintenance_limitations,RAX50,0.2,0.0,-0.2,1.0,0.0,-1.0,1.0,0.0,-1.0,0.38685280723454163,0.0,-0.38685280723454163,0,1,0.2,0.1,-0.1,1.0,1.0,0.0,1.0,1.0,0.0,0.6052602440527057,0.19342640361727081,-0.4118338404354349,1,0,0.13333333333333333,0.06666666666666667,-0.06666666666666667,1.0,1.0,0.0,1.0,1.0,0.0,0.6052602440527057,0.19342640361727081,-0.4118338404354349,1,0,0.1,0.05,-0.05,1.0,1.0,0.0,1.0,1.0,0.0,0.6052602440527057,0.19342640361727081,-0.4118338404354349,1,0,0.08,0.08,0.0,1.0,1.0,0.0,1.0,1.0,0.0,0.6052602440527057,0.3254604649035663,-0.27979977914913945,1,0,0.06666666666666667,0.06666666666666667,0.0,1.0,1.0,0.0,1.0,1.0,0.0,0.6052602440527057,0.3254604649035663,-0.27979977914913945,1,0,0.05714285714285714,0.05714285714285714,0.0,1.0,1.0,0.0,1.0,1.0,0.0,0.6052602440527057,0.3254604649035663,-0.27979977914913945,1,0,0.05,0.05,0.0,1.0,1.0,0.0,1.0,1.0,0.0,0.6052602440527057,0.3254604649035663,-0.27979977914913945,1,0,0.044444444444444446,0.044444444444444446,0.0,1.0,1.0,0.0,1.0,1.0,0.0,0.6052602440527057,0.3254604649035663,-0.27979977914913945,1,0,0.04,0.04,0.0,1.0,1.0,0.0,1.0,1.0,0.0,0.6052602440527057,0.3254604649035663,-0.27979977914913945,1,0,0.03636363636363636,0.03636363636363636,0.0,1.0,1.0,0.0,1.0,1.0,0.0,0.6052602440527057,0.3254604649035663,-0.27979977914913945,1,0,0.03333333333333333,0.03333333333333333,0.0,1.0,1.0,0.0,1.0,1.0,0.0,0.6052602440527057,0.3254604649035663,-0.27979977914913945,1,0
chunker-generic-recursive,Recursive chunker,Q-065,troubleshooting_diagnostics,RAX50,0.0,0.0,0.0,0.0,0.0,0.0,0.0,0.0,0.0,0.0,0.0,0.0,0,0,0.0,0.0,0.0,0.0,0.0,0.0,0.0,0.0,0.0,0.0,0.0,0.0,0,0,0.0,0.0,0.0,0.0,0.0,0.0,0.0,0.0,0.0,0.0,0.0,0.0,0,0,0.0,0.0,0.0,0.0,0.0,0.0,0.0,0.0,0.0,0.0,0.0,0.0,0,0,0.0,0.0,0.0,0.0,0.0,0.0,0.0,0.0,0.0,0.0,0.0,0.0,0,0,0.0,0.0,0.0,0.0,0.0,0.0,0.0,0.0,0.0,0.0,0.0,0.0,0,0,0.0,0.0,0.0,0.0,0.0,0.0,0.0,0.0,0.0,0.0,0.0,0.0,0,0,0.0,0.0,0.0,0.0,0.0,0.0,0.0,0.0,0.0,0.0,0.0,0.0,0,0,0.0,0.0,0.0,0.0,0.0,0.0,0.0,0.0,0.0,0.0,0.0,0.0,0,0,0.0,0.0,0.0,0.0,0.0,0.0,0.0,0.0,0.0,0.0,0.0,0.0,0,0,0.0,0.0,0.0,0.0,0.0,0.0,0.0,0.0,0.0,0.0,0.0,0.0,0,0,0.0,0.0,0.0,0.0,0.0,0.0,0.0,0.0,0.0,0.0,0.0,0.0,0,0
chunker-generic-recursive,Recursive chunker,Q-066,troubleshooting_diagnostics,RAX50,0.0,0.0,0.0,0.0,0.0,0.0,0.0,0.0,0.0,0.0,0.0,0.0,0,0,0.0,0.1,0.1,0.0,1.0,1.0,0.0,1.0,1.0,0.0,0.2890648263178879,0.2890648263178879,0,1,0.0,0.06666666666666667,0.06666666666666667,0.0,1.0,1.0,0.0,1.0,1.0,0.0,0.2890648263178879,0.2890648263178879,0,1,0.0,0.05,0.05,0.0,1.0,1.0,0.0,1.0,1.0,0.0,0.2890648263178879,0.2890648263178879,0,1,0.04,0.04,0.0,1.0,1.0,0.0,1.0,1.0,0.0,0.21533827903669653,0.2890648263178879,0.07372654728119135,1,0,0.03333333333333333,0.03333333333333333,0.0,1.0,1.0,0.0,1.0,1.0,0.0,0.21533827903669653,0.2890648263178879,0.07372654728119135,1,0,0.02857142857142857,0.02857142857142857,0.0,1.0,1.0,0.0,1.0,1.0,0.0,0.21533827903669653,0.2890648263178879,0.07372654728119135,1,0,0.025,0.025,0.0,1.0,1.0,0.0,1.0,1.0,0.0,0.21533827903669653,0.2890648263178879,0.07372654728119135,1,0,0.022222222222222223,0.022222222222222223,0.0,1.0,1.0,0.0,1.0,1.0,0.0,0.21533827903669653,0.2890648263178879,0.07372654728119135,1,0,0.02,0.02,0.0,1.0,1.0,0.0,1.0,1.0,0.0,0.21533827903669653,0.2890648263178879,0.07372654728119135,1,0,0.01818181818181818,0.01818181818181818,0.0,1.0,1.0,0.0,1.0,1.0,0.0,0.21533827903669653,0.2890648263178879,0.07372654728119135,1,0,0.016666666666666666,0.016666666666666666,0.0,1.0,1.0,0.0,1.0,1.0,0.0,0.21533827903669653,0.2890648263178879,0.07372654728119135,1,0
chunker-generic-recursive,Recursive chunker,Q-067,setup_configuration,RAXE500,0.0,0.0,0.0,0.0,0.0,0.0,0.0,0.0,0.0,0.0,0.0,0.0,0,0,0.1,0.1,0.0,1.0,1.0,0.0,1.0,1.0,0.0,0.3562071871080222,0.3010299956639812,-0.055177191444040985,1,0,0.06666666666666667,0.06666666666666667,0.0,1.0,1.0,0.0,1.0,1.0,0.0,0.3562071871080222,0.3010299956639812,-0.055177191444040985,1,0,0.05,0.05,0.0,1.0,1.0,0.0,1.0,1.0,0.0,0.3562071871080222,0.3010299956639812,-0.055177191444040985,1,0,0.04,0.04,0.0,1.0,1.0,0.0,1.0,1.0,0.0,0.3562071871080222,0.3010299956639812,-0.055177191444040985,1,0,0.03333333333333333,0.03333333333333333,0.0,1.0,1.0,0.0,1.0,1.0,0.0,0.3562071871080222,0.3010299956639812,-0.055177191444040985,1,0,0.02857142857142857,0.02857142857142857,0.0,1.0,1.0,0.0,1.0,1.0,0.0,0.3562071871080222,0.3010299956639812,-0.055177191444040985,1,0,0.025,0.025,0.0,1.0,1.0,0.0,1.0,1.0,0.0,0.3562071871080222,0.3010299956639812,-0.055177191444040985,1,0,0.022222222222222223,0.022222222222222223,0.0,1.0,1.0,0.0,1.0,1.0,0.0,0.3562071871080222,0.3010299956639812,-0.055177191444040985,1,0,0.02,0.02,0.0,1.0,1.0,0.0,1.0,1.0,0.0,0.3562071871080222,0.3010299956639812,-0.055177191444040985,1,0,0.01818181818181818,0.01818181818181818,0.0,1.0,1.0,0.0,1.0,1.0,0.0,0.3562071871080222,0.3010299956639812,-0.055177191444040985,1,0,0.016666666666666666,0.016666666666666666,0.0,1.0,1.0,0.0,1.0,1.0,0.0,0.3562071871080222,0.3010299956639812,-0.055177191444040985,1,0
chunker-generic-recursive,Recursive chunker,Q-068,troubleshooting_diagnostics,RAXE500,0.0,0.0,0.0,0.0,0.0,0.0,0.0,0.0,0.0,0.0,0.0,0.0,0,0,0.0,0.1,0.1,0.0,1.0,1.0,0.0,1.0,1.0,0.0,0.3333333333333333,0.3333333333333333,0,1,0.0,0.06666666666666667,0.06666666666666667,0.0,1.0,1.0,0.0,1.0,1.0,0.0,0.3333333333333333,0.3333333333333333,0,1,0.05,0.05,0.0,1.0,1.0,0.0,1.0,1.0,0.0,0.23981246656813146,0.3333333333333333,0.09352086676520185,1,0,0.04,0.04,0.0,1.0,1.0,0.0,1.0,1.0,0.0,0.23981246656813146,0.3333333333333333,0.09352086676520185,1,0,0.03333333333333333,0.03333333333333333,0.0,1.0,1.0,0.0,1.0,1.0,0.0,0.23981246656813146,0.3333333333333333,0.09352086676520185,1,0,0.02857142857142857,0.02857142857142857,0.0,1.0,1.0,0.0,1.0,1.0,0.0,0.23981246656813146,0.3333333333333333,0.09352086676520185,1,0,0.025,0.025,0.0,1.0,1.0,0.0,1.0,1.0,0.0,0.23981246656813146,0.3333333333333333,0.09352086676520185,1,0,0.022222222222222223,0.022222222222222223,0.0,1.0,1.0,0.0,1.0,1.0,0.0,0.23981246656813146,0.3333333333333333,0.09352086676520185,1,0,0.02,0.02,0.0,1.0,1.0,0.0,1.0,1.0,0.0,0.23981246656813146,0.3333333333333333,0.09352086676520185,1,0,0.01818181818181818,0.01818181818181818,0.0,1.0,1.0,0.0,1.0,1.0,0.0,0.23981246656813146,0.3333333333333333,0.09352086676520185,1,0,0.016666666666666666,0.016666666666666666,0.0,1.0,1.0,0.0,1.0,1.0,0.0,0.23981246656813146,0.3333333333333333,0.09352086676520185,1,0
chunker-generic-recursive,Recursive chunker,Q-069,facts_specifications,RAXE500,0.2,0.0,-0.2,1.0,0.0,-1.0,1.0,0.0,-1.0,0.38685280723454163,0.0,-0.38685280723454163,0,1,0.1,0.0,-0.1,1.0,0.0,-1.0,1.0,0.0,-1.0,0.38685280723454163,0.0,-0.38685280723454163,0,1,0.06666666666666667,0.0,-0.06666666666666667,1.0,0.0,-1.0,1.0,0.0,-1.0,0.38685280723454163,0.0,-0.38685280723454163,0,1,0.05,0.0,-0.05,1.0,0.0,-1.0,1.0,0.0,-1.0,0.38685280723454163,0.0,-0.38685280723454163,0,1,0.04,0.0,-0.04,1.0,0.0,-1.0,1.0,0.0,-1.0,0.38685280723454163,0.0,-0.38685280723454163,0,1,0.03333333333333333,0.0,-0.03333333333333333,1.0,0.0,-1.0,1.0,0.0,-1.0,0.38685280723454163,0.0,-0.38685280723454163,0,1,0.02857142857142857,0.0,-0.02857142857142857,1.0,0.0,-1.0,1.0,0.0,-1.0,0.38685280723454163,0.0,-0.38685280723454163,0,1,0.025,0.0,-0.025,1.0,0.0,-1.0,1.0,0.0,-1.0,0.38685280723454163,0.0,-0.38685280723454163,0,1,0.022222222222222223,0.0,-0.022222222222222223,1.0,0.0,-1.0,1.0,0.0,-1.0,0.38685280723454163,0.0,-0.38685280723454163,0,1,0.02,0.0,-0.02,1.0,0.0,-1.0,1.0,0.0,-1.0,0.38685280723454163,0.0,-0.38685280723454163,0,1,0.01818181818181818,0.0,-0.01818181818181818,1.0,0.0,-1.0,1.0,0.0,-1.0,0.38685280723454163,0.0,-0.38685280723454163,0,1,0.016666666666666666,0.0,-0.016666666666666666,1.0,0.0,-1.0,1.0,0.0,-1.0,0.38685280723454163,0.0,-0.38685280723454163,0,1
chunker-generic-recursive,Recursive chunker,Q-070,setup_configuration,RAXE500,0.0,0.0,0.0,0.0,0.0,0.0,0.0,0.0,0.0,0.0,0.0,0.0,0,0,0.0,0.0,0.0,0.0,0.0,0.0,0.0,0.0,0.0,0.0,0.0,0.0,0,0,0.0,0.0,0.0,0.0,0.0,0.0,0.0,0.0,0.0,0.0,0.0,0.0,0,0,0.0,0.0,0.0,0.0,0.0,0.0,0.0,0.0,0.0,0.0,0.0,0.0,0,0,0.0,0.0,0.0,0.0,0.0,0.0,0.0,0.0,0.0,0.0,0.0,0.0,0,0,0.0,0.0,0.0,0.0,0.0,0.0,0.0,0.0,0.0,0.0,0.0,0.0,0,0,0.0,0.0,0.0,0.0,0.0,0.0,0.0,0.0,0.0,0.0,0.0,0.0,0,0,0.0,0.0,0.0,0.0,0.0,0.0,0.0,0.0,0.0,0.0,0.0,0.0,0,0,0.0,0.0,0.0,0.0,0.0,0.0,0.0,0.0,0.0,0.0,0.0,0.0,0,0,0.0,0.0,0.0,0.0,0.0,0.0,0.0,0.0,0.0,0.0,0.0,0.0,0,0,0.0,0.0,0.0,0.0,0.0,0.0,0.0,0.0,0.0,0.0,0.0,0.0,0,0,0.0,0.0,0.0,0.0,0.0,0.0,0.0,0.0,0.0,0.0,0.0,0.0,0,0
chunker-generic-recursive,Recursive chunker,Q-071,features_security_maintenance_limitations,RAXE500,0.0,0.0,0.0,0.0,0.0,0.0,0.0,0.0,0.0,0.0,0.0,0.0,0,0,0.0,0.0,0.0,0.0,0.0,0.0,0.0,0.0,0.0,0.0,0.0,0.0,0,0,0.0,0.0,0.0,0.0,0.0,0.0,0.0,0.0,0.0,0.0,0.0,0.0,0,0,0.0,0.0,0.0,0.0,0.0,0.0,0.0,0.0,0.0,0.0,0.0,0.0,0,0,0.0,0.0,0.0,0.0,0.0,0.0,0.0,0.0,0.0,0.0,0.0,0.0,0,0,0.0,0.0,0.0,0.0,0.0,0.0,0.0,0.0,0.0,0.0,0.0,0.0,0,0,0.0,0.0,0.0,0.0,0.0,0.0,0.0,0.0,0.0,0.0,0.0,0.0,0,0,0.0,0.0,0.0,0.0,0.0,0.0,0.0,0.0,0.0,0.0,0.0,0.0,0,0,0.0,0.0,0.0,0.0,0.0,0.0,0.0,0.0,0.0,0.0,0.0,0.0,0,0,0.0,0.0,0.0,0.0,0.0,0.0,0.0,0.0,0.0,0.0,0.0,0.0,0,0,0.0,0.0,0.0,0.0,0.0,0.0,0.0,0.0,0.0,0.0,0.0,0.0,0,0,0.0,0.0,0.0,0.0,0.0,0.0,0.0,0.0,0.0,0.0,0.0,0.0,0,0
chunker-generic-recursive,Recursive chunker,Q-072,facts_specifications,RAXE500,0.0,0.0,0.0,0.0,0.0,0.0,0.0,0.0,0.0,0.0,0.0,0.0,0,0,0.0,0.0,0.0,0.0,0.0,0.0,0.0,0.0,0.0,0.0,0.0,0.0,0,0,0.06666666666666667,0.0,-0.06666666666666667,1.0,0.0,-1.0,1.0,0.0,-1.0,0.27894294565112987,0.0,-0.27894294565112987,0,1,0.05,0.05,0.0,1.0,1.0,0.0,1.0,1.0,0.0,0.27894294565112987,0.23981246656813146,-0.03913047908299841,1,0,0.04,0.04,0.0,1.0,1.0,0.0,1.0,1.0,0.0,0.27894294565112987,0.23981246656813146,-0.03913047908299841,1,0,0.03333333333333333,0.03333333333333333,0.0,1.0,1.0,0.0,1.0,1.0,0.0,0.27894294565112987,0.23981246656813146,-0.03913047908299841,1,0,0.02857142857142857,0.02857142857142857,0.0,1.0,1.0,0.0,1.0,1.0,0.0,0.27894294565112987,0.23981246656813146,-0.03913047908299841,1,0,0.025,0.025,0.0,1.0,1.0,0.0,1.0,1.0,0.0,0.27894294565112987,0.23981246656813146,-0.03913047908299841,1,0,0.022222222222222223,0.022222222222222223,0.0,1.0,1.0,0.0,1.0,1.0,0.0,0.27894294565112987,0.23981246656813146,-0.03913047908299841,1,0,0.02,0.02,0.0,1.0,1.0,0.0,1.0,1.0,0.0,0.27894294565112987,0.23981246656813146,-0.03913047908299841,1,0,0.01818181818181818,0.01818181818181818,0.0,1.0,1.0,0.0,1.0,1.0,0.0,0.27894294565112987,0.23981246656813146,-0.03913047908299841,1,0,0.016666666666666666,0.016666666666666666,0.0,1.0,1.0,0.0,1.0,1.0,0.0,0.27894294565112987,0.23981246656813146,-0.03913047908299841,1,0
chunker-generic-recursive,Recursive chunker,Q-073,facts_specifications,RAXE500,0.0,0.0,0.0,0.0,0.0,0.0,0.0,0.0,0.0,0.0,0.0,0.0,0,0,0.1,0.0,-0.1,1.0,0.0,-1.0,1.0,0.0,-1.0,0.3562071871080222,0.0,-0.3562071871080222,0,1,0.06666666666666667,0.06666666666666667,0.0,1.0,1.0,0.0,1.0,1.0,0.0,0.3562071871080222,0.27023815442731974,-0.08596903268070244,1,0,0.05,0.05,0.0,1.0,1.0,0.0,1.0,1.0,0.0,0.3562071871080222,0.27023815442731974,-0.08596903268070244,1,0,0.04,0.04,0.0,1.0,1.0,0.0,1.0,1.0,0.0,0.3562071871080222,0.27023815442731974,-0.08596903268070244,1,0,0.03333333333333333,0.03333333333333333,0.0,1.0,1.0,0.0,1.0,1.0,0.0,0.3562071871080222,0.27023815442731974,-0.08596903268070244,1,0,0.02857142857142857,0.02857142857142857,0.0,1.0,1.0,0.0,1.0,1.0,0.0,0.3562071871080222,0.27023815442731974,-0.08596903268070244,1,0,0.025,0.025,0.0,1.0,1.0,0.0,1.0,1.0,0.0,0.3562071871080222,0.27023815442731974,-0.08596903268070244,1,0,0.022222222222222223,0.022222222222222223,0.0,1.0,1.0,0.0,1.0,1.0,0.0,0.3562071871080222,0.27023815442731974,-0.08596903268070244,1,0,0.02,0.02,0.0,1.0,1.0,0.0,1.0,1.0,0.0,0.3562071871080222,0.27023815442731974,-0.08596903268070244,1,0,0.01818181818181818,0.01818181818181818,0.0,1.0,1.0,0.0,1.0,1.0,0.0,0.3562071871080222,0.27023815442731974,-0.08596903268070244,1,0,0.016666666666666666,0.016666666666666666,0.0,1.0,1.0,0.0,1.0,1.0,0.0,0.3562071871080222,0.27023815442731974,-0.08596903268070244,1,0
chunker-generic-recursive,Recursive chunker,Q-074,setup_configuration,RAXE500,0.2,0.2,0.0,1.0,1.0,0.0,1.0,1.0,0.0,0.6131471927654584,0.5,-0.11314719276545837,1,0,0.1,0.1,0.0,1.0,1.0,0.0,1.0,1.0,0.0,0.6131471927654584,0.5,-0.11314719276545837,1,0,0.06666666666666667,0.06666666666666667,0.0,1.0,1.0,0.0,1.0,1.0,0.0,0.6131471927654584,0.5,-0.11314719276545837,1,0,0.05,0.05,0.0,1.0,1.0,0.0,1.0,1.0,0.0,0.6131471927654584,0.5,-0.11314719276545837,1,0,0.08,0.04,-0.04,1.0,1.0,0.0,1.0,1.0,0.0,0.746877227126485,0.5,-0.24687722712648497,1,0,0.06666666666666667,0.03333333333333333,-0.03333333333333333,1.0,1.0,0.0,1.0,1.0,0.0,0.746877227126485,0.5,-0.24687722712648497,1,0,0.05714285714285714,0.02857142857142857,-0.02857142857142857,1.0,1.0,0.0,1.0,1.0,0.0,0.746877227126485,0.5,-0.24687722712648497,1,0,0.05,0.025,-0.025,1.0,1.0,0.0,1.0,1.0,0.0,0.746877227126485,0.5,-0.24687722712648497,1,0,0.044444444444444446,0.022222222222222223,-0.022222222222222223,1.0,1.0,0.0,1.0,1.0,0.0,0.746877227126485,0.5,-0.24687722712648497,1,0,0.04,0.02,-0.02,1.0,1.0,0.0,1.0,1.0,0.0,0.746877227126485,0.5,-0.24687722712648497,1,0,0.03636363636363636,0.01818181818181818,-0.01818181818181818,1.0,1.0,0.0,1.0,1.0,0.0,0.746877227126485,0.5,-0.24687722712648497,1,0,0.03333333333333333,0.016666666666666666,-0.016666666666666666,1.0,1.0,0.0,1.0,1.0,0.0,0.746877227126485,0.5,-0.24687722712648497,1,0
chunker-generic-recursive,Recursive chunker,Q-075,features_security_maintenance_limitations,RAXE500,0.0,0.0,0.0,0.0,0.0,0.0,0.0,0.0,0.0,0.0,0.0,0.0,0,0,0.1,0.0,-0.1,1.0,0.0,-1.0,1.0,0.0,-1.0,0.3010299956639812,0.0,-0.3010299956639812,0,1,0.06666666666666667,0.0,-0.06666666666666667,1.0,0.0,-1.0,1.0,0.0,-1.0,0.3010299956639812,0.0,-0.3010299956639812,0,1,0.05,0.0,-0.05,1.0,0.0,-1.0,1.0,0.0,-1.0,0.3010299956639812,0.0,-0.3010299956639812,0,1,0.04,0.0,-0.04,1.0,0.0,-1.0,1.0,0.0,-1.0,0.3010299956639812,0.0,-0.3010299956639812,0,1,0.03333333333333333,0.0,-0.03333333333333333,1.0,0.0,-1.0,1.0,0.0,-1.0,0.3010299956639812,0.0,-0.3010299956639812,0,1,0.02857142857142857,0.0,-0.02857142857142857,1.0,0.0,-1.0,1.0,0.0,-1.0,0.3010299956639812,0.0,-0.3010299956639812,0,1,0.025,0.0,-0.025,1.0,0.0,-1.0,1.0,0.0,-1.0,0.3010299956639812,0.0,-0.3010299956639812,0,1,0.022222222222222223,0.0,-0.022222222222222223,1.0,0.0,-1.0,1.0,0.0,-1.0,0.3010299956639812,0.0,-0.3010299956639812,0,1,0.02,0.0,-0.02,1.0,0.0,-1.0,1.0,0.0,-1.0,0.3010299956639812,0.0,-0.3010299956639812,0,1,0.01818181818181818,0.0,-0.01818181818181818,1.0,0.0,-1.0,1.0,0.0,-1.0,0.3010299956639812,0.0,-0.3010299956639812,0,1,0.016666666666666666,0.0,-0.016666666666666666,1.0,0.0,-1.0,1.0,0.0,-1.0,0.3010299956639812,0.0,-0.3010299956639812,0,1
chunker-generic-recursive,Recursive chunker,Q-076,features_security_maintenance_limitations,RAXE500,0.2,0.0,-0.2,1.0,0.0,-1.0,1.0,0.0,-1.0,0.43067655807339306,0.0,-0.43067655807339306,0,1,0.1,0.1,0.0,1.0,1.0,0.0,1.0,1.0,0.0,0.43067655807339306,0.3010299956639812,-0.12964656240941186,1,0,0.06666666666666667,0.06666666666666667,0.0,1.0,1.0,0.0,1.0,1.0,0.0,0.43067655807339306,0.3010299956639812,-0.12964656240941186,1,0,0.05,0.05,0.0,1.0,1.0,0.0,1.0,1.0,0.0,0.43067655807339306,0.3010299956639812,-0.12964656240941186,1,0,0.04,0.04,0.0,1.0,1.0,0.0,1.0,1.0,0.0,0.43067655807339306,0.3010299956639812,-0.12964656240941186,1,0,0.03333333333333333,0.03333333333333333,0.0,1.0,1.0,0.0,1.0,1.0,0.0,0.43067655807339306,0.3010299956639812,-0.12964656240941186,1,0,0.02857142857142857,0.02857142857142857,0.0,1.0,1.0,0.0,1.0,1.0,0.0,0.43067655807339306,0.3010299956639812,-0.12964656240941186,1,0,0.025,0.025,0.0,1.0,1.0,0.0,1.0,1.0,0.0,0.43067655807339306,0.3010299956639812,-0.12964656240941186,1,0,0.022222222222222223,0.022222222222222223,0.0,1.0,1.0,0.0,1.0,1.0,0.0,0.43067655807339306,0.3010299956639812,-0.12964656240941186,1,0,0.02,0.02,0.0,1.0,1.0,0.0,1.0,1.0,0.0,0.43067655807339306,0.3010299956639812,-0.12964656240941186,1,0,0.01818181818181818,0.01818181818181818,0.0,1.0,1.0,0.0,1.0,1.0,0.0,0.43067655807339306,0.3010299956639812,-0.12964656240941186,1,0,0.016666666666666666,0.016666666666666666,0.0,1.0,1.0,0.0,1.0,1.0,0.0,0.43067655807339306,0.3010299956639812,-0.12964656240941186,1,0
chunker-generic-recursive,Recursive chunker,Q-077,troubleshooting_diagnostics,RAXE500,0.0,0.0,0.0,0.0,0.0,0.0,0.0,0.0,0.0,0.0,0.0,0.0,0,0,0.0,0.1,0.1,0.0,1.0,1.0,0.0,1.0,1.0,0.0,0.2890648263178879,0.2890648263178879,0,1,0.0,0.06666666666666667,0.06666666666666667,0.0,1.0,1.0,0.0,1.0,1.0,0.0,0.2890648263178879,0.2890648263178879,0,1,0.0,0.05,0.05,0.0,1.0,1.0,0.0,1.0,1.0,0.0,0.2890648263178879,0.2890648263178879,0,1,0.04,0.04,0.0,1.0,1.0,0.0,1.0,1.0,0.0,0.21810429198553155,0.2890648263178879,0.07096053433235633,1,0,0.03333333333333333,0.03333333333333333,0.0,1.0,1.0,0.0,1.0,1.0,0.0,0.21810429198553155,0.2890648263178879,0.07096053433235633,1,0,0.02857142857142857,0.02857142857142857,0.0,1.0,1.0,0.0,1.0,1.0,0.0,0.21810429198553155,0.2890648263178879,0.07096053433235633,1,0,0.025,0.025,0.0,1.0,1.0,0.0,1.0,1.0,0.0,0.21810429198553155,0.2890648263178879,0.07096053433235633,1,0,0.022222222222222223,0.022222222222222223,0.0,1.0,1.0,0.0,1.0,1.0,0.0,0.21810429198553155,0.2890648263178879,0.07096053433235633,1,0,0.02,0.02,0.0,1.0,1.0,0.0,1.0,1.0,0.0,0.21810429198553155,0.2890648263178879,0.07096053433235633,1,0,0.01818181818181818,0.01818181818181818,0.0,1.0,1.0,0.0,1.0,1.0,0.0,0.21810429198553155,0.2890648263178879,0.07096053433235633,1,0,0.016666666666666666,0.016666666666666666,0.0,1.0,1.0,0.0,1.0,1.0,0.0,0.21810429198553155,0.2890648263178879,0.07096053433235633,1,0
chunker-generic-recursive,Recursive chunker,Q-078,facts_specifications,RBK852,0.6,0.4,-0.19999999999999996,1.0,1.0,0.0,1.0,1.0,0.0,0.9060254355346823,0.7653606369886217,-0.14066479854606062,1,0,0.3,0.2,-0.09999999999999998,1.0,1.0,0.0,1.0,1.0,0.0,0.9060254355346823,0.7653606369886217,-0.14066479854606062,1,0,0.2,0.2,0.0,1.0,1.0,0.0,1.0,1.0,0.0,0.9060254355346823,0.8962626271568189,-0.009762808377863363,1,0,0.15,0.15,0.0,1.0,1.0,0.0,1.0,1.0,0.0,0.9060254355346823,0.8962626271568189,-0.009762808377863363,1,0,0.12,0.12,0.0,1.0,1.0,0.0,1.0,1.0,0.0,0.9060254355346823,0.8962626271568189,-0.009762808377863363,1,0,0.1,0.1,0.0,1.0,1.0,0.0,1.0,1.0,0.0,0.9060254355346823,0.8962626271568189,-0.009762808377863363,1,0,0.08571428571428572,0.08571428571428572,0.0,1.0,1.0,0.0,1.0,1.0,0.0,0.9060254355346823,0.8962626271568189,-0.009762808377863363,1,0,0.075,0.075,0.0,1.0,1.0,0.0,1.0,1.0,0.0,0.9060254355346823,0.8962626271568189,-0.009762808377863363,1,0,0.06666666666666667,0.06666666666666667,0.0,1.0,1.0,0.0,1.0,1.0,0.0,0.9060254355346823,0.8962626271568189,-0.009762808377863363,1,0,0.06,0.06,0.0,1.0,1.0,0.0,1.0,1.0,0.0,0.9060254355346823,0.8962626271568189,-0.009762808377863363,1,0,0.05454545454545454,0.05454545454545454,0.0,1.0,1.0,0.0,1.0,1.0,0.0,0.9060254355346823,0.8962626271568189,-0.009762808377863363,1,0,0.05,0.05,0.0,1.0,1.0,0.0,1.0,1.0,0.0,0.9060254355346823,0.8962626271568189,-0.009762808377863363,1,0
chunker-generic-recursive,Recursive chunker,Q-079,facts_specifications,RBK852,0.2,0.0,-0.2,1.0,0.0,-1.0,1.0,0.0,-1.0,0.5,0.0,-0.5,0,1,0.1,0.1,0.0,1.0,1.0,0.0,1.0,1.0,0.0,0.5,0.17723928678404774,-0.32276071321595223,1,0,0.06666666666666667,0.06666666666666667,0.0,1.0,1.0,0.0,1.0,1.0,0.0,0.5,0.17723928678404774,-0.32276071321595223,1,0,0.05,0.05,0.0,1.0,1.0,0.0,1.0,1.0,0.0,0.5,0.17723928678404774,-0.32276071321595223,1,0,0.04,0.04,0.0,1.0,1.0,0.0,1.0,1.0,0.0,0.5,0.17723928678404774,-0.32276071321595223,1,0,0.03333333333333333,0.03333333333333333,0.0,1.0,1.0,0.0,1.0,1.0,0.0,0.5,0.17723928678404774,-0.32276071321595223,1,0,0.02857142857142857,0.05714285714285714,0.02857142857142857,1.0,1.0,0.0,1.0,1.0,0.0,0.5,0.29677786376252235,-0.20322213623747765,1,0,0.025,0.05,0.025,1.0,1.0,0.0,1.0,1.0,0.0,0.5,0.29677786376252235,-0.20322213623747765,1,0,0.022222222222222223,0.044444444444444446,0.022222222222222223,1.0,1.0,0.0,1.0,1.0,0.0,0.5,0.29677786376252235,-0.20322213623747765,1,0,0.02,0.04,0.02,1.0,1.0,0.0,1.0,1.0,0.0,0.5,0.29677786376252235,-0.20322213623747765,1,0,0.01818181818181818,0.03636363636363636,0.01818181818181818,1.0,1.0,0.0,1.0,1.0,0.0,0.5,0.29677786376252235,-0.20322213623747765,1,0,0.016666666666666666,0.03333333333333333,0.016666666666666666,1.0,1.0,0.0,1.0,1.0,0.0,0.5,0.29677786376252235,-0.20322213623747765,1,0
chunker-generic-recursive,Recursive chunker,Q-080,setup_configuration,RBK852,0.0,0.0,0.0,0.0,0.0,0.0,0.0,0.0,0.0,0.0,0.0,0.0,0,0,0.0,0.0,0.0,0.0,0.0,0.0,0.0,0.0,0.0,0.0,0.0,0.0,0,0,0.0,0.0,0.0,0.0,0.0,0.0,0.0,0.0,0.0,0.0,0.0,0.0,0,0,0.0,0.0,0.0,0.0,0.0,0.0,0.0,0.0,0.0,0.0,0.0,0.0,0,0,0.0,0.0,0.0,0.0,0.0,0.0,0.0,0.0,0.0,0.0,0.0,0.0,0,0,0.0,0.0,0.0,0.0,0.0,0.0,0.0,0.0,0.0,0.0,0.0,0.0,0,0,0.0,0.0,0.0,0.0,0.0,0.0,0.0,0.0,0.0,0.0,0.0,0.0,0,0,0.0,0.0,0.0,0.0,0.0,0.0,0.0,0.0,0.0,0.0,0.0,0.0,0,0,0.0,0.0,0.0,0.0,0.0,0.0,0.0,0.0,0.0,0.0,0.0,0.0,0,0,0.0,0.0,0.0,0.0,0.0,0.0,0.0,0.0,0.0,0.0,0.0,0.0,0,0,0.0,0.0,0.0,0.0,0.0,0.0,0.0,0.0,0.0,0.0,0.0,0.0,0,0,0.0,0.0,0.0,0.0,0.0,0.0,0.0,0.0,0.0,0.0,0.0,0.0,0,0
chunker-generic-recursive,Recursive chunker,Q-081,features_security_maintenance_limitations,RBK852,0.2,0.4,0.2,1.0,1.0,0.0,1.0,1.0,0.0,0.38685280723454163,0.7653606369886217,0.37850782975408004,1,0,0.1,0.2,0.1,1.0,1.0,0.0,1.0,1.0,0.0,0.38685280723454163,0.7653606369886217,0.37850782975408004,1,0,0.06666666666666667,0.13333333333333333,0.06666666666666667,1.0,1.0,0.0,1.0,1.0,0.0,0.38685280723454163,0.7653606369886217,0.37850782975408004,1,0,0.05,0.1,0.05,1.0,1.0,0.0,1.0,1.0,0.0,0.38685280723454163,0.7653606369886217,0.37850782975408004,1,0,0.08,0.08,0.0,1.0,1.0,0.0,1.0,1.0,0.0,0.5172974527427161,0.7653606369886217,0.24806318424590557,1,0,0.06666666666666667,0.1,0.03333333333333334,1.0,1.0,0.0,1.0,1.0,0.0,0.5172974527427161,0.860997317057002,0.3436998643142859,1,0,0.05714285714285714,0.08571428571428572,0.028571428571428574,1.0,1.0,0.0,1.0,1.0,0.0,0.5172974527427161,0.860997317057002,0.3436998643142859,1,0,0.05,0.075,0.024999999999999994,1.0,1.0,0.0,1.0,1.0,0.0,0.5172974527427161,0.860997317057002,0.3436998643142859,1,0,0.044444444444444446,0.06666666666666667,0.02222222222222222,1.0,1.0,0.0,1.0,1.0,0.0,0.5172974527427161,0.860997317057002,0.3436998643142859,1,0,0.04,0.06,0.019999999999999997,1.0,1.0,0.0,1.0,1.0,0.0,0.5172974527427161,0.860997317057002,0.3436998643142859,1,0,0.03636363636363636,0.05454545454545454,0.01818181818181818,1.0,1.0,0.0,1.0,1.0,0.0,0.5172974527427161,0.860997317057002,0.3436998643142859,1,0,0.03333333333333333,0.05,0.01666666666666667,1.0,1.0,0.0,1.0,1.0,0.0,0.5172974527427161,0.860997317057002,0.3436998643142859,1,0
chunker-generic-recursive,Recursive chunker,Q-082,setup_configuration,RBK852,0.2,0.2,0.0,1.0,1.0,0.0,1.0,1.0,0.0,1.0,0.38685280723454163,-0.6131471927654584,1,0,0.1,0.2,0.1,1.0,1.0,0.0,1.0,1.0,0.0,1.0,0.5802792108518124,-0.41972078914818756,1,0,0.06666666666666667,0.13333333333333333,0.06666666666666667,1.0,1.0,0.0,1.0,1.0,0.0,1.0,0.5802792108518124,-0.41972078914818756,1,0,0.05,0.1,0.05,1.0,1.0,0.0,1.0,1.0,0.0,1.0,0.5802792108518124,-0.41972078914818756,1,0,0.04,0.08,0.04,1.0,1.0,0.0,1.0,1.0,0.0,1.0,0.5802792108518124,-0.41972078914818756,1,0,0.03333333333333333,0.06666666666666667,0.03333333333333333,1.0,1.0,0.0,1.0,1.0,0.0,1.0,0.5802792108518124,-0.41972078914818756,1,0,0.02857142857142857,0.05714285714285714,0.02857142857142857,1.0,1.0,0.0,1.0,1.0,0.0,1.0,0.5802792108518124,-0.41972078914818756,1,0,0.025,0.05,0.025,1.0,1.0,0.0,1.0,1.0,0.0,1.0,0.5802792108518124,-0.41972078914818756,1,0,0.022222222222222223,0.044444444444444446,0.022222222222222223,1.0,1.0,0.0,1.0,1.0,0.0,1.0,0.5802792108518124,-0.41972078914818756,1,0,0.02,0.04,0.02,1.0,1.0,0.0,1.0,1.0,0.0,1.0,0.5802792108518124,-0.41972078914818756,1,0,0.01818181818181818,0.03636363636363636,0.01818181818181818,1.0,1.0,0.0,1.0,1.0,0.0,1.0,0.5802792108518124,-0.41972078914818756,1,0,0.016666666666666666,0.03333333333333333,0.016666666666666666,1.0,1.0,0.0,1.0,1.0,0.0,1.0,0.5802792108518124,-0.41972078914818756,1,0
chunker-generic-recursive,Recursive chunker,Q-083,features_security_maintenance_limitations,RBK852,0.0,0.0,0.0,0.0,0.0,0.0,0.0,0.0,0.0,0.0,0.0,0.0,0,0,0.0,0.0,0.0,0.0,0.0,0.0,0.0,0.0,0.0,0.0,0.0,0.0,0,0,0.0,0.0,0.0,0.0,0.0,0.0,0.0,0.0,0.0,0.0,0.0,0.0,0,0,0.0,0.0,0.0,0.0,0.0,0.0,0.0,0.0,0.0,0.0,0.0,0.0,0,0,0.0,0.0,0.0,0.0,0.0,0.0,0.0,0.0,0.0,0.0,0.0,0.0,0,0,0.0,0.0,0.0,0.0,0.0,0.0,0.0,0.0,0.0,0.0,0.0,0.0,0,0,0.0,0.0,0.0,0.0,0.0,0.0,0.0,0.0,0.0,0.0,0.0,0.0,0,0,0.0,0.0,0.0,0.0,0.0,0.0,0.0,0.0,0.0,0.0,0.0,0.0,0,0,0.0,0.0,0.0,0.0,0.0,0.0,0.0,0.0,0.0,0.0,0.0,0.0,0,0,0.0,0.0,0.0,0.0,0.0,0.0,0.0,0.0,0.0,0.0,0.0,0.0,0,0,0.0,0.0,0.0,0.0,0.0,0.0,0.0,0.0,0.0,0.0,0.0,0.0,0,0,0.0,0.0,0.0,0.0,0.0,0.0,0.0,0.0,0.0,0.0,0.0,0.0,0,0
chunker-generic-recursive,Recursive chunker,Q-084,facts_specifications,RBK852,0.0,0.2,0.2,0.0,1.0,1.0,0.0,1.0,1.0,0.0,0.2640681225725909,0.2640681225725909,0,1,0.1,0.2,0.1,1.0,1.0,0.0,1.0,1.0,0.0,0.19342640361727081,0.45749452618986164,0.2640681225725908,1,0,0.13333333333333333,0.13333333333333333,0.0,1.0,1.0,0.0,1.0,1.0,0.0,0.35446922870647896,0.45749452618986164,0.10302529748338268,1,0,0.1,0.1,0.0,1.0,1.0,0.0,1.0,1.0,0.0,0.35446922870647896,0.45749452618986164,0.10302529748338268,1,0,0.08,0.08,0.0,1.0,1.0,0.0,1.0,1.0,0.0,0.35446922870647896,0.45749452618986164,0.10302529748338268,1,0,0.06666666666666667,0.06666666666666667,0.0,1.0,1.0,0.0,1.0,1.0,0.0,0.35446922870647896,0.45749452618986164,0.10302529748338268,1,0,0.05714285714285714,0.05714285714285714,0.0,1.0,1.0,0.0,1.0,1.0,0.0,0.35446922870647896,0.45749452618986164,0.10302529748338268,1,0,0.05,0.05,0.0,1.0,1.0,0.0,1.0,1.0,0.0,0.35446922870647896,0.45749452618986164,0.10302529748338268,1,0,0.044444444444444446,0.044444444444444446,0.0,1.0,1.0,0.0,1.0,1.0,0.0,0.35446922870647896,0.45749452618986164,0.10302529748338268,1,0,0.04,0.04,0.0,1.0,1.0,0.0,1.0,1.0,0.0,0.35446922870647896,0.45749452618986164,0.10302529748338268,1,0,0.03636363636363636,0.03636363636363636,0.0,1.0,1.0,0.0,1.0,1.0,0.0,0.35446922870647896,0.45749452618986164,0.10302529748338268,1,0,0.03333333333333333,0.03333333333333333,0.0,1.0,1.0,0.0,1.0,1.0,0.0,0.35446922870647896,0.45749452618986164,0.10302529748338268,1,0
chunker-generic-recursive,Recursive chunker,Q-085,features_security_maintenance_limitations,RBK852,0.2,0.0,-0.2,1.0,0.0,-1.0,1.0,0.0,-1.0,0.38685280723454163,0.0,-0.38685280723454163,0,1,0.1,0.0,-0.1,1.0,0.0,-1.0,1.0,0.0,-1.0,0.38685280723454163,0.0,-0.38685280723454163,0,1,0.06666666666666667,0.06666666666666667,0.0,1.0,1.0,0.0,1.0,1.0,0.0,0.38685280723454163,0.16569576576522954,-0.2211570414693121,1,0,0.05,0.05,0.0,1.0,1.0,0.0,1.0,1.0,0.0,0.38685280723454163,0.16569576576522954,-0.2211570414693121,1,0,0.04,0.04,0.0,1.0,1.0,0.0,1.0,1.0,0.0,0.38685280723454163,0.16569576576522954,-0.2211570414693121,1,0,0.03333333333333333,0.06666666666666667,0.03333333333333333,1.0,1.0,0.0,1.0,1.0,0.0,0.38685280723454163,0.29191017322800655,-0.09494263400653508,1,0,0.02857142857142857,0.05714285714285714,0.02857142857142857,1.0,1.0,0.0,1.0,1.0,0.0,0.38685280723454163,0.29191017322800655,-0.09494263400653508,1,0,0.025,0.05,0.025,1.0,1.0,0.0,1.0,1.0,0.0,0.38685280723454163,0.29191017322800655,-0.09494263400653508,1,0,0.022222222222222223,0.044444444444444446,0.022222222222222223,1.0,1.0,0.0,1.0,1.0,0.0,0.38685280723454163,0.29191017322800655,-0.09494263400653508,1,0,0.02,0.04,0.02,1.0,1.0,0.0,1.0,1.0,0.0,0.38685280723454163,0.29191017322800655,-0.09494263400653508,1,0,0.01818181818181818,0.03636363636363636,0.01818181818181818,1.0,1.0,0.0,1.0,1.0,0.0,0.38685280723454163,0.29191017322800655,-0.09494263400653508,1,0,0.016666666666666666,0.03333333333333333,0.016666666666666666,1.0,1.0,0.0,1.0,1.0,0.0,0.38685280723454163,0.29191017322800655,-0.09494263400653508,1,0
chunker-generic-recursive,Recursive chunker,Q-086,features_security_maintenance_limitations,RBK852,0.0,0.0,0.0,0.0,0.0,0.0,0.0,0.0,0.0,0.0,0.0,0.0,0,0,0.0,0.0,0.0,0.0,0.0,0.0,0.0,0.0,0.0,0.0,0.0,0.0,0,0,0.0,0.0,0.0,0.0,0.0,0.0,0.0,0.0,0.0,0.0,0.0,0.0,0,0,0.0,0.0,0.0,0.0,0.0,0.0,0.0,0.0,0.0,0.0,0.0,0.0,0,0,0.0,0.0,0.0,0.0,0.0,0.0,0.0,0.0,0.0,0.0,0.0,0.0,0,0,0.0,0.0,0.0,0.0,0.0,0.0,0.0,0.0,0.0,0.0,0.0,0.0,0,0,0.0,0.0,0.0,0.0,0.0,0.0,0.0,0.0,0.0,0.0,0.0,0.0,0,0,0.0,0.0,0.0,0.0,0.0,0.0,0.0,0.0,0.0,0.0,0.0,0.0,0,0,0.0,0.0,0.0,0.0,0.0,0.0,0.0,0.0,0.0,0.0,0.0,0.0,0,0,0.0,0.0,0.0,0.0,0.0,0.0,0.0,0.0,0.0,0.0,0.0,0.0,0,0,0.0,0.0,0.0,0.0,0.0,0.0,0.0,0.0,0.0,0.0,0.0,0.0,0,0,0.0,0.0,0.0,0.0,0.0,0.0,0.0,0.0,0.0,0.0,0.0,0.0,0,0
chunker-generic-recursive,Recursive chunker,Q-087,troubleshooting_diagnostics,RBK852,0.2,0.0,-0.2,1.0,0.0,-1.0,1.0,0.0,-1.0,0.6309297535714575,0.0,-0.6309297535714575,0,1,0.1,0.0,-0.1,1.0,0.0,-1.0,1.0,0.0,-1.0,0.6309297535714575,0.0,-0.6309297535714575,0,1,0.06666666666666667,0.0,-0.06666666666666667,1.0,0.0,-1.0,1.0,0.0,-1.0,0.6309297535714575,0.0,-0.6309297535714575,0,1,0.05,0.0,-0.05,1.0,0.0,-1.0,1.0,0.0,-1.0,0.6309297535714575,0.0,-0.6309297535714575,0,1,0.04,0.0,-0.04,1.0,0.0,-1.0,1.0,0.0,-1.0,0.6309297535714575,0.0,-0.6309297535714575,0,1,0.03333333333333333,0.0,-0.03333333333333333,1.0,0.0,-1.0,1.0,0.0,-1.0,0.6309297535714575,0.0,-0.6309297535714575,0,1,0.02857142857142857,0.0,-0.02857142857142857,1.0,0.0,-1.0,1.0,0.0,-1.0,0.6309297535714575,0.0,-0.6309297535714575,0,1,0.025,0.0,-0.025,1.0,0.0,-1.0,1.0,0.0,-1.0,0.6309297535714575,0.0,-0.6309297535714575,0,1,0.022222222222222223,0.0,-0.022222222222222223,1.0,0.0,-1.0,1.0,0.0,-1.0,0.6309297535714575,0.0,-0.6309297535714575,0,1,0.02,0.0,-0.02,1.0,0.0,-1.0,1.0,0.0,-1.0,0.6309297535714575,0.0,-0.6309297535714575,0,1,0.01818181818181818,0.0,-0.01818181818181818,1.0,0.0,-1.0,1.0,0.0,-1.0,0.6309297535714575,0.0,-0.6309297535714575,0,1,0.016666666666666666,0.0,-0.016666666666666666,1.0,0.0,-1.0,1.0,0.0,-1.0,0.6309297535714575,0.0,-0.6309297535714575,0,1
chunker-generic-recursive,Recursive chunker,Q-088,troubleshooting_diagnostics,RBK852,0.2,0.0,-0.2,1.0,0.0,-1.0,1.0,0.0,-1.0,0.38685280723454163,0.0,-0.38685280723454163,0,1,0.1,0.1,0.0,1.0,1.0,0.0,1.0,1.0,0.0,0.38685280723454163,0.31546487678572877,-0.07138793044881286,1,0,0.06666666666666667,0.06666666666666667,0.0,1.0,1.0,0.0,1.0,1.0,0.0,0.38685280723454163,0.31546487678572877,-0.07138793044881286,1,0,0.05,0.05,0.0,1.0,1.0,0.0,1.0,1.0,0.0,0.38685280723454163,0.31546487678572877,-0.07138793044881286,1,0,0.08,0.04,-0.04,1.0,1.0,0.0,1.0,1.0,0.0,0.5172974527427161,0.31546487678572877,-0.20183257595698734,1,0,0.06666666666666667,0.03333333333333333,-0.03333333333333333,1.0,1.0,0.0,1.0,1.0,0.0,0.5172974527427161,0.31546487678572877,-0.20183257595698734,1,0,0.05714285714285714,0.02857142857142857,-0.02857142857142857,1.0,1.0,0.0,1.0,1.0,0.0,0.5172974527427161,0.31546487678572877,-0.20183257595698734,1,0,0.05,0.025,-0.025,1.0,1.0,0.0,1.0,1.0,0.0,0.5172974527427161,0.31546487678572877,-0.20183257595698734,1,0,0.044444444444444446,0.022222222222222223,-0.022222222222222223,1.0,1.0,0.0,1.0,1.0,0.0,0.5172974527427161,0.31546487678572877,-0.20183257595698734,1,0,0.04,0.02,-0.02,1.0,1.0,0.0,1.0,1.0,0.0,0.5172974527427161,0.31546487678572877,-0.20183257595698734,1,0,0.03636363636363636,0.01818181818181818,-0.01818181818181818,1.0,1.0,0.0,1.0,1.0,0.0,0.5172974527427161,0.31546487678572877,-0.20183257595698734,1,0,0.03333333333333333,0.016666666666666666,-0.016666666666666666,1.0,1.0,0.0,1.0,1.0,0.0,0.5172974527427161,0.31546487678572877,-0.20183257595698734,1,0
chunker-generic-recursive,Recursive chunker,Q-089,facts_specifications,XR500,0.2,0.2,0.0,1.0,1.0,0.0,1.0,1.0,0.0,0.5,0.6309297535714575,0.13092975357145753,1,0,0.1,0.1,0.0,1.0,1.0,0.0,1.0,1.0,0.0,0.5,0.6309297535714575,0.13092975357145753,1,0,0.06666666666666667,0.06666666666666667,0.0,1.0,1.0,0.0,1.0,1.0,0.0,0.5,0.6309297535714575,0.13092975357145753,1,0,0.05,0.05,0.0,1.0,1.0,0.0,1.0,1.0,0.0,0.5,0.6309297535714575,0.13092975357145753,1,0,0.04,0.04,0.0,1.0,1.0,0.0,1.0,1.0,0.0,0.5,0.6309297535714575,0.13092975357145753,1,0,0.03333333333333333,0.03333333333333333,0.0,1.0,1.0,0.0,1.0,1.0,0.0,0.5,0.6309297535714575,0.13092975357145753,1,0,0.02857142857142857,0.02857142857142857,0.0,1.0,1.0,0.0,1.0,1.0,0.0,0.5,0.6309297535714575,0.13092975357145753,1,0,0.025,0.025,0.0,1.0,1.0,0.0,1.0,1.0,0.0,0.5,0.6309297535714575,0.13092975357145753,1,0,0.022222222222222223,0.022222222222222223,0.0,1.0,1.0,0.0,1.0,1.0,0.0,0.5,0.6309297535714575,0.13092975357145753,1,0,0.02,0.02,0.0,1.0,1.0,0.0,1.0,1.0,0.0,0.5,0.6309297535714575,0.13092975357145753,1,0,0.01818181818181818,0.01818181818181818,0.0,1.0,1.0,0.0,1.0,1.0,0.0,0.5,0.6309297535714575,0.13092975357145753,1,0,0.016666666666666666,0.016666666666666666,0.0,1.0,1.0,0.0,1.0,1.0,0.0,0.5,0.6309297535714575,0.13092975357145753,1,0
chunker-generic-recursive,Recursive chunker,Q-090,setup_configuration,XR500,0.0,0.2,0.2,0.0,1.0,1.0,0.0,1.0,1.0,0.0,0.5,0.5,0,1,0.1,0.1,0.0,1.0,1.0,0.0,1.0,1.0,0.0,0.31546487678572877,0.5,0.18453512321427123,1,0,0.06666666666666667,0.06666666666666667,0.0,1.0,1.0,0.0,1.0,1.0,0.0,0.31546487678572877,0.5,0.18453512321427123,1,0,0.05,0.05,0.0,1.0,1.0,0.0,1.0,1.0,0.0,0.31546487678572877,0.5,0.18453512321427123,1,0,0.04,0.04,0.0,1.0,1.0,0.0,1.0,1.0,0.0,0.31546487678572877,0.5,0.18453512321427123,1,0,0.03333333333333333,0.03333333333333333,0.0,1.0,1.0,0.0,1.0,1.0,0.0,0.31546487678572877,0.5,0.18453512321427123,1,0,0.02857142857142857,0.02857142857142857,0.0,1.0,1.0,0.0,1.0,1.0,0.0,0.31546487678572877,0.5,0.18453512321427123,1,0,0.025,0.025,0.0,1.0,1.0,0.0,1.0,1.0,0.0,0.31546487678572877,0.5,0.18453512321427123,1,0,0.022222222222222223,0.022222222222222223,0.0,1.0,1.0,0.0,1.0,1.0,0.0,0.31546487678572877,0.5,0.18453512321427123,1,0,0.02,0.02,0.0,1.0,1.0,0.0,1.0,1.0,0.0,0.31546487678572877,0.5,0.18453512321427123,1,0,0.01818181818181818,0.01818181818181818,0.0,1.0,1.0,0.0,1.0,1.0,0.0,0.31546487678572877,0.5,0.18453512321427123,1,0,0.016666666666666666,0.016666666666666666,0.0,1.0,1.0,0.0,1.0,1.0,0.0,0.31546487678572877,0.5,0.18453512321427123,1,0
chunker-generic-recursive,Recursive chunker,Q-091,features_security_maintenance_limitations,XR500,0.0,0.0,0.0,0.0,0.0,0.0,0.0,0.0,0.0,0.0,0.0,0.0,0,0,0.0,0.0,0.0,0.0,0.0,0.0,0.0,0.0,0.0,0.0,0.0,0.0,0,0,0.0,0.06666666666666667,0.06666666666666667,0.0,1.0,1.0,0.0,1.0,1.0,0.0,0.27023815442731974,0.27023815442731974,0,1,0.05,0.05,0.0,1.0,1.0,0.0,1.0,1.0,0.0,0.23540891336663824,0.27023815442731974,0.0348292410606815,1,0,0.04,0.04,0.0,1.0,1.0,0.0,1.0,1.0,0.0,0.23540891336663824,0.27023815442731974,0.0348292410606815,1,0,0.03333333333333333,0.03333333333333333,0.0,1.0,1.0,0.0,1.0,1.0,0.0,0.23540891336663824,0.27023815442731974,0.0348292410606815,1,0,0.02857142857142857,0.02857142857142857,0.0,1.0,1.0,0.0,1.0,1.0,0.0,0.23540891336663824,0.27023815442731974,0.0348292410606815,1,0,0.025,0.025,0.0,1.0,1.0,0.0,1.0,1.0,0.0,0.23540891336663824,0.27023815442731974,0.0348292410606815,1,0,0.022222222222222223,0.022222222222222223,0.0,1.0,1.0,0.0,1.0,1.0,0.0,0.23540891336663824,0.27023815442731974,0.0348292410606815,1,0,0.02,0.02,0.0,1.0,1.0,0.0,1.0,1.0,0.0,0.23540891336663824,0.27023815442731974,0.0348292410606815,1,0,0.01818181818181818,0.01818181818181818,0.0,1.0,1.0,0.0,1.0,1.0,0.0,0.23540891336663824,0.27023815442731974,0.0348292410606815,1,0,0.016666666666666666,0.016666666666666666,0.0,1.0,1.0,0.0,1.0,1.0,0.0,0.23540891336663824,0.27023815442731974,0.0348292410606815,1,0
chunker-generic-recursive,Recursive chunker,Q-092,features_security_maintenance_limitations,XR500,0.4,0.4,0.0,1.0,1.0,0.0,1.0,1.0,0.0,1.0,0.9197207891481876,-0.08027921085181244,1,0,0.2,0.2,0.0,1.0,1.0,0.0,1.0,1.0,0.0,1.0,0.9197207891481876,-0.08027921085181244,1,0,0.13333333333333333,0.13333333333333333,0.0,1.0,1.0,0.0,1.0,1.0,0.0,1.0,0.9197207891481876,-0.08027921085181244,1,0,0.1,0.1,0.0,1.0,1.0,0.0,1.0,1.0,0.0,1.0,0.9197207891481876,-0.08027921085181244,1,0,0.08,0.08,0.0,1.0,1.0,0.0,1.0,1.0,0.0,1.0,0.9197207891481876,-0.08027921085181244,1,0,0.06666666666666667,0.06666666666666667,0.0,1.0,1.0,0.0,1.0,1.0,0.0,1.0,0.9197207891481876,-0.08027921085181244,1,0,0.05714285714285714,0.05714285714285714,0.0,1.0,1.0,0.0,1.0,1.0,0.0,1.0,0.9197207891481876,-0.08027921085181244,1,0,0.05,0.05,0.0,1.0,1.0,0.0,1.0,1.0,0.0,1.0,0.9197207891481876,-0.08027921085181244,1,0,0.044444444444444446,0.044444444444444446,0.0,1.0,1.0,0.0,1.0,1.0,0.0,1.0,0.9197207891481876,-0.08027921085181244,1,0,0.04,0.04,0.0,1.0,1.0,0.0,1.0,1.0,0.0,1.0,0.9197207891481876,-0.08027921085181244,1,0,0.03636363636363636,0.03636363636363636,0.0,1.0,1.0,0.0,1.0,1.0,0.0,1.0,0.9197207891481876,-0.08027921085181244,1,0,0.03333333333333333,0.03333333333333333,0.0,1.0,1.0,0.0,1.0,1.0,0.0,1.0,0.9197207891481876,-0.08027921085181244,1,0
chunker-generic-recursive,Recursive chunker,Q-093,features_security_maintenance_limitations,XR500,0.2,0.0,-0.2,1.0,0.0,-1.0,1.0,0.0,-1.0,0.38685280723454163,0.0,-0.38685280723454163,0,1,0.1,0.0,-0.1,1.0,0.0,-1.0,1.0,0.0,-1.0,0.38685280723454163,0.0,-0.38685280723454163,0,1,0.06666666666666667,0.0,-0.06666666666666667,1.0,0.0,-1.0,1.0,0.0,-1.0,0.38685280723454163,0.0,-0.38685280723454163,0,1,0.05,0.0,-0.05,1.0,0.0,-1.0,1.0,0.0,-1.0,0.38685280723454163,0.0,-0.38685280723454163,0,1,0.08,0.0,-0.08,1.0,0.0,-1.0,1.0,0.0,-1.0,0.5243472785485389,0.0,-0.5243472785485389,0,1,0.06666666666666667,0.0,-0.06666666666666667,1.0,0.0,-1.0,1.0,0.0,-1.0,0.5243472785485389,0.0,-0.5243472785485389,0,1,0.05714285714285714,0.0,-0.05714285714285714,1.0,0.0,-1.0,1.0,0.0,-1.0,0.5243472785485389,0.0,-0.5243472785485389,0,1,0.05,0.0,-0.05,1.0,0.0,-1.0,1.0,0.0,-1.0,0.5243472785485389,0.0,-0.5243472785485389,0,1,0.044444444444444446,0.0,-0.044444444444444446,1.0,0.0,-1.0,1.0,0.0,-1.0,0.5243472785485389,0.0,-0.5243472785485389,0,1,0.04,0.0,-0.04,1.0,0.0,-1.0,1.0,0.0,-1.0,0.5243472785485389,0.0,-0.5243472785485389,0,1,0.03636363636363636,0.0,-0.03636363636363636,1.0,0.0,-1.0,1.0,0.0,-1.0,0.5243472785485389,0.0,-0.5243472785485389,0,1,0.03333333333333333,0.0,-0.03333333333333333,1.0,0.0,-1.0,1.0,0.0,-1.0,0.5243472785485389,0.0,-0.5243472785485389,0,1
chunker-generic-recursive,Recursive chunker,Q-094,features_security_maintenance_limitations,XR500,0.0,0.0,0.0,0.0,0.0,0.0,0.0,0.0,0.0,0.0,0.0,0.0,0,0,0.1,0.0,-0.1,1.0,0.0,-1.0,1.0,0.0,-1.0,0.14126697285982898,0.0,-0.14126697285982898,0,1,0.13333333333333333,0.06666666666666667,-0.06666666666666667,1.0,1.0,0.0,1.0,1.0,0.0,0.25858665436551814,0.27894294565112987,0.020356291285611727,1,0,0.1,0.05,-0.05,1.0,1.0,0.0,1.0,1.0,0.0,0.25858665436551814,0.27894294565112987,0.020356291285611727,1,0,0.12,0.04,-0.07999999999999999,1.0,1.0,0.0,1.0,1.0,0.0,0.36093835864858365,0.27894294565112987,-0.08199541299745378,1,0,0.1,0.03333333333333333,-0.06666666666666668,1.0,1.0,0.0,1.0,1.0,0.0,0.36093835864858365,0.27894294565112987,-0.08199541299745378,1,0,0.08571428571428572,0.02857142857142857,-0.05714285714285715,1.0,1.0,0.0,1.0,1.0,0.0,0.36093835864858365,0.27894294565112987,-0.08199541299745378,1,0,0.075,0.025,-0.049999999999999996,1.0,1.0,0.0,1.0,1.0,0.0,0.36093835864858365,0.27894294565112987,-0.08199541299745378,1,0,0.06666666666666667,0.022222222222222223,-0.04444444444444444,1.0,1.0,0.0,1.0,1.0,0.0,0.36093835864858365,0.27894294565112987,-0.08199541299745378,1,0,0.06,0.02,-0.039999999999999994,1.0,1.0,0.0,1.0,1.0,0.0,0.36093835864858365,0.27894294565112987,-0.08199541299745378,1,0,0.05454545454545454,0.01818181818181818,-0.03636363636363636,1.0,1.0,0.0,1.0,1.0,0.0,0.36093835864858365,0.27894294565112987,-0.08199541299745378,1,0,0.05,0.016666666666666666,-0.03333333333333334,1.0,1.0,0.0,1.0,1.0,0.0,0.36093835864858365,0.27894294565112987,-0.08199541299745378,1,0
chunker-generic-recursive,Recursive chunker,Q-095,features_security_maintenance_limitations,XR500,0.6,0.2,-0.39999999999999997,1.0,1.0,0.0,1.0,1.0,0.0,1.0,0.3903800499921017,-0.6096199500078983,1,0,0.3,0.2,-0.09999999999999998,1.0,1.0,0.0,1.0,1.0,0.0,1.0,0.5032251913410369,-0.49677480865896306,1,0,0.2,0.13333333333333333,-0.06666666666666668,1.0,1.0,0.0,1.0,1.0,0.0,1.0,0.5032251913410369,-0.49677480865896306,1,0,0.15,0.1,-0.04999999999999999,1.0,1.0,0.0,1.0,1.0,0.0,1.0,0.5032251913410369,-0.49677480865896306,1,0,0.12,0.12,0.0,1.0,1.0,0.0,1.0,1.0,0.0,1.0,0.5862770063628212,-0.4137229936371788,1,0,0.1,0.13333333333333333,0.033333333333333326,1.0,1.0,0.0,1.0,1.0,0.0,1.0,0.6666355031094414,-0.3333644968905586,1,0,0.08571428571428572,0.11428571428571428,0.028571428571428567,1.0,1.0,0.0,1.0,1.0,0.0,1.0,0.6666355031094414,-0.3333644968905586,1,0,0.075,0.1,0.02500000000000001,1.0,1.0,0.0,1.0,1.0,0.0,1.0,0.6666355031094414,-0.3333644968905586,1,0,0.06666666666666667,0.08888888888888889,0.022222222222222227,1.0,1.0,0.0,1.0,1.0,0.0,1.0,0.6666355031094414,-0.3333644968905586,1,0,0.06,0.08,0.020000000000000004,1.0,1.0,0.0,1.0,1.0,0.0,1.0,0.6666355031094414,-0.3333644968905586,1,0,0.05454545454545454,0.07272727272727272,0.01818181818181818,1.0,1.0,0.0,1.0,1.0,0.0,1.0,0.6666355031094414,-0.3333644968905586,1,0,0.05,0.06666666666666667,0.016666666666666663,1.0,1.0,0.0,1.0,1.0,0.0,1.0,0.6666355031094414,-0.3333644968905586,1,0
chunker-generic-recursive,Recursive chunker,Q-096,features_security_maintenance_limitations,XR500,0.0,0.0,0.0,0.0,0.0,0.0,0.0,0.0,0.0,0.0,0.0,0.0,0,0,0.0,0.0,0.0,0.0,0.0,0.0,0.0,0.0,0.0,0.0,0.0,0.0,0,0,0.0,0.0,0.0,0.0,0.0,0.0,0.0,0.0,0.0,0.0,0.0,0.0,0,0,0.0,0.0,0.0,0.0,0.0,0.0,0.0,0.0,0.0,0.0,0.0,0.0,0,0,0.0,0.0,0.0,0.0,0.0,0.0,0.0,0.0,0.0,0.0,0.0,0.0,0,0,0.0,0.0,0.0,0.0,0.0,0.0,0.0,0.0,0.0,0.0,0.0,0.0,0,0,0.0,0.0,0.0,0.0,0.0,0.0,0.0,0.0,0.0,0.0,0.0,0.0,0,0,0.0,0.0,0.0,0.0,0.0,0.0,0.0,0.0,0.0,0.0,0.0,0.0,0,0,0.0,0.0,0.0,0.0,0.0,0.0,0.0,0.0,0.0,0.0,0.0,0.0,0,0,0.0,0.0,0.0,0.0,0.0,0.0,0.0,0.0,0.0,0.0,0.0,0.0,0,0,0.0,0.0,0.0,0.0,0.0,0.0,0.0,0.0,0.0,0.0,0.0,0.0,0,0,0.0,0.0,0.0,0.0,0.0,0.0,0.0,0.0,0.0,0.0,0.0,0.0,0,0
chunker-generic-recursive,Recursive chunker,Q-097,features_security_maintenance_limitations,XR500,0.0,0.0,0.0,0.0,0.0,0.0,0.0,0.0,0.0,0.0,0.0,0.0,0,0,0.0,0.1,0.1,0.0,1.0,1.0,0.0,1.0,1.0,0.0,0.2890648263178879,0.2890648263178879,0,1,0.0,0.06666666666666667,0.06666666666666667,0.0,1.0,1.0,0.0,1.0,1.0,0.0,0.2890648263178879,0.2890648263178879,0,1,0.0,0.05,0.05,0.0,1.0,1.0,0.0,1.0,1.0,0.0,0.2890648263178879,0.2890648263178879,0,1,0.0,0.04,0.04,0.0,1.0,1.0,0.0,1.0,1.0,0.0,0.2890648263178879,0.2890648263178879,0,1,0.0,0.03333333333333333,0.03333333333333333,0.0,1.0,1.0,0.0,1.0,1.0,0.0,0.2890648263178879,0.2890648263178879,0,1,0.0,0.02857142857142857,0.02857142857142857,0.0,1.0,1.0,0.0,1.0,1.0,0.0,0.2890648263178879,0.2890648263178879,0,1,0.0,0.025,0.025,0.0,1.0,1.0,0.0,1.0,1.0,0.0,0.2890648263178879,0.2890648263178879,0,1,0.0,0.022222222222222223,0.022222222222222223,0.0,1.0,1.0,0.0,1.0,1.0,0.0,0.2890648263178879,0.2890648263178879,0,1,0.0,0.02,0.02,0.0,1.0,1.0,0.0,1.0,1.0,0.0,0.2890648263178879,0.2890648263178879,0,1,0.0,0.01818181818181818,0.01818181818181818,0.0,1.0,1.0,0.0,1.0,1.0,0.0,0.2890648263178879,0.2890648263178879,0,1,0.0,0.016666666666666666,0.016666666666666666,0.0,1.0,1.0,0.0,1.0,1.0,0.0,0.2890648263178879,0.2890648263178879,0,1
chunker-generic-recursive,Recursive chunker,Q-098,features_security_maintenance_limitations,XR500,0.4,0.4,0.0,1.0,1.0,0.0,1.0,1.0,0.0,0.49818925746641285,0.4776237035032179,-0.020565553963194927,1,0,0.2,0.2,0.0,1.0,1.0,0.0,1.0,1.0,0.0,0.49818925746641285,0.4776237035032179,-0.020565553963194927,1,0,0.13333333333333333,0.2,0.06666666666666668,1.0,1.0,0.0,1.0,1.0,0.0,0.49818925746641285,0.594943385008907,0.09675412754249413,1,0,0.1,0.15,0.04999999999999999,1.0,1.0,0.0,1.0,1.0,0.0,0.49818925746641285,0.594943385008907,0.09675412754249413,1,0,0.08,0.12,0.039999999999999994,1.0,1.0,0.0,1.0,1.0,0.0,0.49818925746641285,0.594943385008907,0.09675412754249413,1,0,0.06666666666666667,0.1,0.03333333333333334,1.0,1.0,0.0,1.0,1.0,0.0,0.49818925746641285,0.594943385008907,0.09675412754249413,1,0,0.05714285714285714,0.08571428571428572,0.028571428571428574,1.0,1.0,0.0,1.0,1.0,0.0,0.49818925746641285,0.594943385008907,0.09675412754249413,1,0,0.075,0.075,0.0,1.0,1.0,0.0,1.0,1.0,0.0,0.5876109815318858,0.594943385008907,0.007332403477021132,1,0,0.06666666666666667,0.06666666666666667,0.0,1.0,1.0,0.0,1.0,1.0,0.0,0.5876109815318858,0.594943385008907,0.007332403477021132,1,0,0.06,0.06,0.0,1.0,1.0,0.0,1.0,1.0,0.0,0.5876109815318858,0.594943385008907,0.007332403477021132,1,0,0.05454545454545454,0.05454545454545454,0.0,1.0,1.0,0.0,1.0,1.0,0.0,0.5876109815318858,0.594943385008907,0.007332403477021132,1,0,0.05,0.05,0.0,1.0,1.0,0.0,1.0,1.0,0.0,0.5876109815318858,0.594943385008907,0.007332403477021132,1,0
chunker-generic-recursive,Recursive chunker,Q-099,features_security_maintenance_limitations,XR500,0.4,0.2,-0.2,1.0,1.0,0.0,1.0,1.0,0.0,0.8503449055347546,0.6131471927654584,-0.23719771276929624,1,0,0.2,0.1,-0.1,1.0,1.0,0.0,1.0,1.0,0.0,0.8503449055347546,0.6131471927654584,-0.23719771276929624,1,0,0.13333333333333333,0.13333333333333333,0.0,1.0,1.0,0.0,1.0,1.0,0.0,0.8503449055347546,0.7741900178546666,-0.07615488768008805,1,0,0.1,0.1,0.0,1.0,1.0,0.0,1.0,1.0,0.0,0.8503449055347546,0.7741900178546666,-0.07615488768008805,1,0,0.08,0.08,0.0,1.0,1.0,0.0,1.0,1.0,0.0,0.8503449055347546,0.7741900178546666,-0.07615488768008805,1,0,0.06666666666666667,0.06666666666666667,0.0,1.0,1.0,0.0,1.0,1.0,0.0,0.8503449055347546,0.7741900178546666,-0.07615488768008805,1,0,0.05714285714285714,0.05714285714285714,0.0,1.0,1.0,0.0,1.0,1.0,0.0,0.8503449055347546,0.7741900178546666,-0.07615488768008805,1,0,0.05,0.05,0.0,1.0,1.0,0.0,1.0,1.0,0.0,0.8503449055347546,0.7741900178546666,-0.07615488768008805,1,0,0.044444444444444446,0.044444444444444446,0.0,1.0,1.0,0.0,1.0,1.0,0.0,0.8503449055347546,0.7741900178546666,-0.07615488768008805,1,0,0.04,0.04,0.0,1.0,1.0,0.0,1.0,1.0,0.0,0.8503449055347546,0.7741900178546666,-0.07615488768008805,1,0,0.03636363636363636,0.03636363636363636,0.0,1.0,1.0,0.0,1.0,1.0,0.0,0.8503449055347546,0.7741900178546666,-0.07615488768008805,1,0,0.03333333333333333,0.03333333333333333,0.0,1.0,1.0,0.0,1.0,1.0,0.0,0.8503449055347546,0.7741900178546666,-0.07615488768008805,1,0
chunker-generic-recursive,Recursive chunker,Q-100,features_security_maintenance_limitations,XR500,0.0,0.0,0.0,0.0,0.0,0.0,0.0,0.0,0.0,0.0,0.0,0.0,0,0,0.0,0.0,0.0,0.0,0.0,0.0,0.0,0.0,0.0,0.0,0.0,0.0,0,0,0.0,0.0,0.0,0.0,0.0,0.0,0.0,0.0,0.0,0.0,0.0,0.0,0,0,0.0,0.0,0.0,0.0,0.0,0.0,0.0,0.0,0.0,0.0,0.0,0.0,0,0,0.0,0.0,0.0,0.0,0.0,0.0,0.0,0.0,0.0,0.0,0.0,0.0,0,0,0.0,0.0,0.0,0.0,0.0,0.0,0.0,0.0,0.0,0.0,0.0,0.0,0,0,0.0,0.0,0.0,0.0,0.0,0.0,0.0,0.0,0.0,0.0,0.0,0.0,0,0,0.0,0.0,0.0,0.0,0.0,0.0,0.0,0.0,0.0,0.0,0.0,0.0,0,0,0.0,0.0,0.0,0.0,0.0,0.0,0.0,0.0,0.0,0.0,0.0,0.0,0,0,0.0,0.0,0.0,0.0,0.0,0.0,0.0,0.0,0.0,0.0,0.0,0.0,0,0,0.0,0.0,0.0,0.0,0.0,0.0,0.0,0.0,0.0,0.0,0.0,0.0,0,0,0.0,0.0,0.0,0.0,0.0,0.0,0.0,0.0,0.0,0.0,0.0,0.0,0,0
chunker-generic-sliding-window,Sliding-window chunker,Q-001,facts_specifications,CM2000,0.0,0.2,0.2,0.0,1.0,1.0,0.0,1.0,1.0,0.0,0.6309297535714575,0.6309297535714575,0,1,0.0,0.1,0.1,0.0,1.0,1.0,0.0,1.0,1.0,0.0,0.6309297535714575,0.6309297535714575,0,1,0.0,0.06666666666666667,0.06666666666666667,0.0,1.0,1.0,0.0,1.0,1.0,0.0,0.6309297535714575,0.6309297535714575,0,1,0.05,0.05,0.0,1.0,1.0,0.0,1.0,1.0,0.0,0.227670248696953,0.6309297535714575,0.40325950487450457,1,0,0.04,0.04,0.0,1.0,1.0,0.0,1.0,1.0,0.0,0.227670248696953,0.6309297535714575,0.40325950487450457,1,0,0.03333333333333333,0.03333333333333333,0.0,1.0,1.0,0.0,1.0,1.0,0.0,0.227670248696953,0.6309297535714575,0.40325950487450457,1,0,0.02857142857142857,0.02857142857142857,0.0,1.0,1.0,0.0,1.0,1.0,0.0,0.227670248696953,0.6309297535714575,0.40325950487450457,1,0,0.025,0.025,0.0,1.0,1.0,0.0,1.0,1.0,0.0,0.227670248696953,0.6309297535714575,0.40325950487450457,1,0,0.022222222222222223,0.022222222222222223,0.0,1.0,1.0,0.0,1.0,1.0,0.0,0.227670248696953,0.6309297535714575,0.40325950487450457,1,0,0.02,0.02,0.0,1.0,1.0,0.0,1.0,1.0,0.0,0.227670248696953,0.6309297535714575,0.40325950487450457,1,0,0.01818181818181818,0.01818181818181818,0.0,1.0,1.0,0.0,1.0,1.0,0.0,0.227670248696953,0.6309297535714575,0.40325950487450457,1,0,0.016666666666666666,0.016666666666666666,0.0,1.0,1.0,0.0,1.0,1.0,0.0,0.227670248696953,0.6309297535714575,0.40325950487450457,1,0
chunker-generic-sliding-window,Sliding-window chunker,Q-002,facts_specifications,CM2000,0.2,0.0,-0.2,1.0,0.0,-1.0,1.0,0.0,-1.0,0.38685280723454163,0.0,-0.38685280723454163,0,1,0.1,0.0,-0.1,1.0,0.0,-1.0,1.0,0.0,-1.0,0.38685280723454163,0.0,-0.38685280723454163,0,1,0.06666666666666667,0.0,-0.06666666666666667,1.0,0.0,-1.0,1.0,0.0,-1.0,0.38685280723454163,0.0,-0.38685280723454163,0,1,0.05,0.0,-0.05,1.0,0.0,-1.0,1.0,0.0,-1.0,0.38685280723454163,0.0,-0.38685280723454163,0,1,0.04,0.0,-0.04,1.0,0.0,-1.0,1.0,0.0,-1.0,0.38685280723454163,0.0,-0.38685280723454163,0,1,0.03333333333333333,0.0,-0.03333333333333333,1.0,0.0,-1.0,1.0,0.0,-1.0,0.38685280723454163,0.0,-0.38685280723454163,0,1,0.02857142857142857,0.0,-0.02857142857142857,1.0,0.0,-1.0,1.0,0.0,-1.0,0.38685280723454163,0.0,-0.38685280723454163,0,1,0.025,0.0,-0.025,1.0,0.0,-1.0,1.0,0.0,-1.0,0.38685280723454163,0.0,-0.38685280723454163,0,1,0.022222222222222223,0.0,-0.022222222222222223,1.0,0.0,-1.0,1.0,0.0,-1.0,0.38685280723454163,0.0,-0.38685280723454163,0,1,0.02,0.0,-0.02,1.0,0.0,-1.0,1.0,0.0,-1.0,0.38685280723454163,0.0,-0.38685280723454163,0,1,0.01818181818181818,0.0,-0.01818181818181818,1.0,0.0,-1.0,1.0,0.0,-1.0,0.38685280723454163,0.0,-0.38685280723454163,0,1,0.016666666666666666,0.0,-0.016666666666666666,1.0,0.0,-1.0,1.0,0.0,-1.0,0.38685280723454163,0.0,-0.38685280723454163,0,1
chunker-generic-sliding-window,Sliding-window chunker,Q-003,setup_configuration,CM2000,0.4,0.0,-0.4,1.0,0.0,-1.0,1.0,0.0,-1.0,0.6509209298071326,0.0,-0.6509209298071326,0,1,0.2,0.1,-0.1,1.0,1.0,0.0,1.0,1.0,0.0,0.6509209298071326,0.31546487678572877,-0.3354560530214038,1,0,0.13333333333333333,0.06666666666666667,-0.06666666666666667,1.0,1.0,0.0,1.0,1.0,0.0,0.6509209298071326,0.31546487678572877,-0.3354560530214038,1,0,0.1,0.05,-0.05,1.0,1.0,0.0,1.0,1.0,0.0,0.6509209298071326,0.31546487678572877,-0.3354560530214038,1,0,0.08,0.04,-0.04,1.0,1.0,0.0,1.0,1.0,0.0,0.6509209298071326,0.31546487678572877,-0.3354560530214038,1,0,0.06666666666666667,0.03333333333333333,-0.03333333333333333,1.0,1.0,0.0,1.0,1.0,0.0,0.6509209298071326,0.31546487678572877,-0.3354560530214038,1,0,0.05714285714285714,0.02857142857142857,-0.02857142857142857,1.0,1.0,0.0,1.0,1.0,0.0,0.6509209298071326,0.31546487678572877,-0.3354560530214038,1,0,0.05,0.025,-0.025,1.0,1.0,0.0,1.0,1.0,0.0,0.6509209298071326,0.31546487678572877,-0.3354560530214038,1,0,0.044444444444444446,0.022222222222222223,-0.022222222222222223,1.0,1.0,0.0,1.0,1.0,0.0,0.6509209298071326,0.31546487678572877,-0.3354560530214038,1,0,0.04,0.02,-0.02,1.0,1.0,0.0,1.0,1.0,0.0,0.6509209298071326,0.31546487678572877,-0.3354560530214038,1,0,0.03636363636363636,0.01818181818181818,-0.01818181818181818,1.0,1.0,0.0,1.0,1.0,0.0,0.6509209298071326,0.31546487678572877,-0.3354560530214038,1,0,0.03333333333333333,0.016666666666666666,-0.016666666666666666,1.0,1.0,0.0,1.0,1.0,0.0,0.6509209298071326,0.31546487678572877,-0.3354560530214038,1,0
chunker-generic-sliding-window,Sliding-window chunker,Q-004,setup_configuration,CM2000,0.2,0.0,-0.2,1.0,0.0,-1.0,1.0,0.0,-1.0,0.43067655807339306,0.0,-0.43067655807339306,0,1,0.1,0.0,-0.1,1.0,0.0,-1.0,1.0,0.0,-1.0,0.43067655807339306,0.0,-0.43067655807339306,0,1,0.06666666666666667,0.0,-0.06666666666666667,1.0,0.0,-1.0,1.0,0.0,-1.0,0.43067655807339306,0.0,-0.43067655807339306,0,1,0.05,0.0,-0.05,1.0,0.0,-1.0,1.0,0.0,-1.0,0.43067655807339306,0.0,-0.43067655807339306,0,1,0.04,0.0,-0.04,1.0,0.0,-1.0,1.0,0.0,-1.0,0.43067655807339306,0.0,-0.43067655807339306,0,1,0.03333333333333333,0.0,-0.03333333333333333,1.0,0.0,-1.0,1.0,0.0,-1.0,0.43067655807339306,0.0,-0.43067655807339306,0,1,0.02857142857142857,0.0,-0.02857142857142857,1.0,0.0,-1.0,1.0,0.0,-1.0,0.43067655807339306,0.0,-0.43067655807339306,0,1,0.025,0.0,-0.025,1.0,0.0,-1.0,1.0,0.0,-1.0,0.43067655807339306,0.0,-0.43067655807339306,0,1,0.022222222222222223,0.0,-0.022222222222222223,1.0,0.0,-1.0,1.0,0.0,-1.0,0.43067655807339306,0.0,-0.43067655807339306,0,1,0.02,0.0,-0.02,1.0,0.0,-1.0,1.0,0.0,-1.0,0.43067655807339306,0.0,-0.43067655807339306,0,1,0.01818181818181818,0.0,-0.01818181818181818,1.0,0.0,-1.0,1.0,0.0,-1.0,0.43067655807339306,0.0,-0.43067655807339306,0,1,0.016666666666666666,0.0,-0.016666666666666666,1.0,0.0,-1.0,1.0,0.0,-1.0,0.43067655807339306,0.0,-0.43067655807339306,0,1
chunker-generic-sliding-window,Sliding-window chunker,Q-005,facts_specifications,CM2000,0.0,0.0,0.0,0.0,0.0,0.0,0.0,0.0,0.0,0.0,0.0,0.0,0,0,0.1,0.0,-0.1,1.0,0.0,-1.0,1.0,0.0,-1.0,0.17723928678404774,0.0,-0.17723928678404774,0,1,0.06666666666666667,0.0,-0.06666666666666667,1.0,0.0,-1.0,1.0,0.0,-1.0,0.17723928678404774,0.0,-0.17723928678404774,0,1,0.1,0.0,-0.1,1.0,0.0,-1.0,1.0,0.0,-1.0,0.321579601166769,0.0,-0.321579601166769,0,1,0.08,0.0,-0.08,1.0,0.0,-1.0,1.0,0.0,-1.0,0.321579601166769,0.0,-0.321579601166769,0,1,0.06666666666666667,0.0,-0.06666666666666667,1.0,0.0,-1.0,1.0,0.0,-1.0,0.321579601166769,0.0,-0.321579601166769,0,1,0.05714285714285714,0.0,-0.05714285714285714,1.0,0.0,-1.0,1.0,0.0,-1.0,0.321579601166769,0.0,-0.321579601166769,0,1,0.05,0.0,-0.05,1.0,0.0,-1.0,1.0,0.0,-1.0,0.321579601166769,0.0,-0.321579601166769,0,1,0.044444444444444446,0.0,-0.044444444444444446,1.0,0.0,-1.0,1.0,0.0,-1.0,0.321579601166769,0.0,-0.321579601166769,0,1,0.04,0.0,-0.04,1.0,0.0,-1.0,1.0,0.0,-1.0,0.321579601166769,0.0,-0.321579601166769,0,1,0.03636363636363636,0.0,-0.03636363636363636,1.0,0.0,-1.0,1.0,0.0,-1.0,0.321579601166769,0.0,-0.321579601166769,0,1,0.03333333333333333,0.0,-0.03333333333333333,1.0,0.0,-1.0,1.0,0.0,-1.0,0.321579601166769,0.0,-0.321579601166769,0,1
chunker-generic-sliding-window,Sliding-window chunker,Q-006,troubleshooting_diagnostics,CM2000,0.0,0.2,0.2,0.0,1.0,1.0,0.0,1.0,1.0,0.0,0.6131471927654584,0.6131471927654584,0,1,0.0,0.2,0.2,0.0,1.0,1.0,0.0,1.0,1.0,0.0,0.8065735963827293,0.8065735963827293,0,1,0.0,0.13333333333333333,0.13333333333333333,0.0,1.0,1.0,0.0,1.0,1.0,0.0,0.8065735963827293,0.8065735963827293,0,1,0.0,0.1,0.1,0.0,1.0,1.0,0.0,1.0,1.0,0.0,0.8065735963827293,0.8065735963827293,0,1,0.04,0.08,0.04,1.0,1.0,0.0,1.0,1.0,0.0,0.1304446455081745,0.8065735963827293,0.6761289508745548,1,0,0.03333333333333333,0.06666666666666667,0.03333333333333333,1.0,1.0,0.0,1.0,1.0,0.0,0.1304446455081745,0.8065735963827293,0.6761289508745548,1,0,0.05714285714285714,0.05714285714285714,0.0,1.0,1.0,0.0,1.0,1.0,0.0,0.25199486110541225,0.8065735963827293,0.554578735277317,1,0,0.05,0.05,0.0,1.0,1.0,0.0,1.0,1.0,0.0,0.25199486110541225,0.8065735963827293,0.554578735277317,1,0,0.044444444444444446,0.044444444444444446,0.0,1.0,1.0,0.0,1.0,1.0,0.0,0.25199486110541225,0.8065735963827293,0.554578735277317,1,0,0.04,0.04,0.0,1.0,1.0,0.0,1.0,1.0,0.0,0.25199486110541225,0.8065735963827293,0.554578735277317,1,0,0.03636363636363636,0.03636363636363636,0.0,1.0,1.0,0.0,1.0,1.0,0.0,0.25199486110541225,0.8065735963827293,0.554578735277317,1,0,0.03333333333333333,0.03333333333333333,0.0,1.0,1.0,0.0,1.0,1.0,0.0,0.25199486110541225,0.8065735963827293,0.554578735277317,1,0
chunker-generic-sliding-window,Sliding-window chunker,Q-007,troubleshooting_diagnostics,CM2000,0.2,0.2,0.0,1.0,1.0,0.0,1.0,1.0,0.0,0.46927872602275644,0.6131471927654584,0.14386846674270193,1,0,0.3,0.2,-0.09999999999999998,1.0,1.0,0.0,1.0,1.0,0.0,0.758586654365518,0.7977228895450266,0.039136235179508594,1,0,0.2,0.13333333333333333,-0.06666666666666668,1.0,1.0,0.0,1.0,1.0,0.0,0.758586654365518,0.7977228895450266,0.039136235179508594,1,0,0.15,0.1,-0.04999999999999999,1.0,1.0,0.0,1.0,1.0,0.0,0.758586654365518,0.7977228895450266,0.039136235179508594,1,0,0.12,0.08,-0.039999999999999994,1.0,1.0,0.0,1.0,1.0,0.0,0.758586654365518,0.7977228895450266,0.039136235179508594,1,0,0.1,0.06666666666666667,-0.03333333333333334,1.0,1.0,0.0,1.0,1.0,0.0,0.758586654365518,0.7977228895450266,0.039136235179508594,1,0,0.08571428571428572,0.05714285714285714,-0.028571428571428574,1.0,1.0,0.0,1.0,1.0,0.0,0.758586654365518,0.7977228895450266,0.039136235179508594,1,0,0.075,0.05,-0.024999999999999994,1.0,1.0,0.0,1.0,1.0,0.0,0.758586654365518,0.7977228895450266,0.039136235179508594,1,0,0.06666666666666667,0.044444444444444446,-0.02222222222222222,1.0,1.0,0.0,1.0,1.0,0.0,0.758586654365518,0.7977228895450266,0.039136235179508594,1,0,0.06,0.04,-0.019999999999999997,1.0,1.0,0.0,1.0,1.0,0.0,0.758586654365518,0.7977228895450266,0.039136235179508594,1,0,0.05454545454545454,0.03636363636363636,-0.01818181818181818,1.0,1.0,0.0,1.0,1.0,0.0,0.758586654365518,0.7977228895450266,0.039136235179508594,1,0,0.05,0.03333333333333333,-0.01666666666666667,1.0,1.0,0.0,1.0,1.0,0.0,0.758586654365518,0.7977228895450266,0.039136235179508594,1,0
chunker-generic-sliding-window,Sliding-window chunker,Q-008,troubleshooting_diagnostics,CM2000,0.0,0.0,0.0,0.0,0.0,0.0,0.0,0.0,0.0,0.0,0.0,0.0,0,0,0.0,0.0,0.0,0.0,0.0,0.0,0.0,0.0,0.0,0.0,0.0,0.0,0,0,0.0,0.0,0.0,0.0,0.0,0.0,0.0,0.0,0.0,0.0,0.0,0.0,0,0,0.05,0.0,-0.05,1.0,0.0,-1.0,1.0,0.0,-1.0,0.23137821315975915,0.0,-0.23137821315975915,0,1,0.04,0.0,-0.04,1.0,0.0,-1.0,1.0,0.0,-1.0,0.23137821315975915,0.0,-0.23137821315975915,0,1,0.03333333333333333,0.0,-0.03333333333333333,1.0,0.0,-1.0,1.0,0.0,-1.0,0.23137821315975915,0.0,-0.23137821315975915,0,1,0.02857142857142857,0.0,-0.02857142857142857,1.0,0.0,-1.0,1.0,0.0,-1.0,0.23137821315975915,0.0,-0.23137821315975915,0,1,0.025,0.0,-0.025,1.0,0.0,-1.0,1.0,0.0,-1.0,0.23137821315975915,0.0,-0.23137821315975915,0,1,0.022222222222222223,0.0,-0.022222222222222223,1.0,0.0,-1.0,1.0,0.0,-1.0,0.23137821315975915,0.0,-0.23137821315975915,0,1,0.02,0.0,-0.02,1.0,0.0,-1.0,1.0,0.0,-1.0,0.23137821315975915,0.0,-0.23137821315975915,0,1,0.01818181818181818,0.0,-0.01818181818181818,1.0,0.0,-1.0,1.0,0.0,-1.0,0.23137821315975915,0.0,-0.23137821315975915,0,1,0.016666666666666666,0.0,-0.016666666666666666,1.0,0.0,-1.0,1.0,0.0,-1.0,0.23137821315975915,0.0,-0.23137821315975915,0,1
chunker-generic-sliding-window,Sliding-window chunker,Q-009,facts_specifications,CM2000,0.0,0.0,0.0,0.0,0.0,0.0,0.0,0.0,0.0,0.0,0.0,0.0,0,0,0.0,0.0,0.0,0.0,0.0,0.0,0.0,0.0,0.0,0.0,0.0,0.0,0,0,0.0,0.0,0.0,0.0,0.0,0.0,0.0,0.0,0.0,0.0,0.0,0.0,0,0,0.0,0.05,0.05,0.0,1.0,1.0,0.0,1.0,1.0,0.0,0.23540891336663824,0.23540891336663824,0,1,0.04,0.04,0.0,1.0,1.0,0.0,1.0,1.0,0.0,0.21810429198553155,0.23540891336663824,0.017304621381106694,1,0,0.03333333333333333,0.03333333333333333,0.0,1.0,1.0,0.0,1.0,1.0,0.0,0.21810429198553155,0.23540891336663824,0.017304621381106694,1,0,0.02857142857142857,0.02857142857142857,0.0,1.0,1.0,0.0,1.0,1.0,0.0,0.21810429198553155,0.23540891336663824,0.017304621381106694,1,0,0.025,0.025,0.0,1.0,1.0,0.0,1.0,1.0,0.0,0.21810429198553155,0.23540891336663824,0.017304621381106694,1,0,0.022222222222222223,0.022222222222222223,0.0,1.0,1.0,0.0,1.0,1.0,0.0,0.21810429198553155,0.23540891336663824,0.017304621381106694,1,0,0.02,0.02,0.0,1.0,1.0,0.0,1.0,1.0,0.0,0.21810429198553155,0.23540891336663824,0.017304621381106694,1,0,0.01818181818181818,0.01818181818181818,0.0,1.0,1.0,0.0,1.0,1.0,0.0,0.21810429198553155,0.23540891336663824,0.017304621381106694,1,0,0.016666666666666666,0.016666666666666666,0.0,1.0,1.0,0.0,1.0,1.0,0.0,0.21810429198553155,0.23540891336663824,0.017304621381106694,1,0
chunker-generic-sliding-window,Sliding-window chunker,Q-010,setup_configuration,LM1200,0.2,0.2,0.0,1.0,1.0,0.0,1.0,1.0,0.0,0.6131471927654584,0.38685280723454163,-0.22629438553091674,1,0,0.1,0.1,0.0,1.0,1.0,0.0,1.0,1.0,0.0,0.6131471927654584,0.38685280723454163,-0.22629438553091674,1,0,0.13333333333333333,0.06666666666666667,-0.06666666666666667,1.0,1.0,0.0,1.0,1.0,0.0,0.766433990956823,0.38685280723454163,-0.37958118372228133,1,0,0.1,0.05,-0.05,1.0,1.0,0.0,1.0,1.0,0.0,0.766433990956823,0.38685280723454163,-0.37958118372228133,1,0,0.08,0.08,0.0,1.0,1.0,0.0,1.0,1.0,0.0,0.766433990956823,0.5223980255208656,-0.2440359654359574,1,0,0.06666666666666667,0.06666666666666667,0.0,1.0,1.0,0.0,1.0,1.0,0.0,0.766433990956823,0.5223980255208656,-0.2440359654359574,1,0,0.05714285714285714,0.05714285714285714,0.0,1.0,1.0,0.0,1.0,1.0,0.0,0.766433990956823,0.5223980255208656,-0.2440359654359574,1,0,0.05,0.05,0.0,1.0,1.0,0.0,1.0,1.0,0.0,0.766433990956823,0.5223980255208656,-0.2440359654359574,1,0,0.044444444444444446,0.044444444444444446,0.0,1.0,1.0,0.0,1.0,1.0,0.0,0.766433990956823,0.5223980255208656,-0.2440359654359574,1,0,0.04,0.04,0.0,1.0,1.0,0.0,1.0,1.0,0.0,0.766433990956823,0.5223980255208656,-0.2440359654359574,1,0,0.03636363636363636,0.03636363636363636,0.0,1.0,1.0,0.0,1.0,1.0,0.0,0.766433990956823,0.5223980255208656,-0.2440359654359574,1,0,0.03333333333333333,0.03333333333333333,0.0,1.0,1.0,0.0,1.0,1.0,0.0,0.766433990956823,0.5223980255208656,-0.2440359654359574,1,0
chunker-generic-sliding-window,Sliding-window chunker,Q-011,setup_configuration,LM1200,0.0,0.0,0.0,0.0,0.0,0.0,0.0,0.0,0.0,0.0,0.0,0.0,0,0,0.0,0.0,0.0,0.0,0.0,0.0,0.0,0.0,0.0,0.0,0.0,0.0,0,0,0.06666666666666667,0.0,-0.06666666666666667,1.0,0.0,-1.0,1.0,0.0,-1.0,0.25,0.0,-0.25,0,1,0.05,0.0,-0.05,1.0,0.0,-1.0,1.0,0.0,-1.0,0.25,0.0,-0.25,0,1,0.04,0.0,-0.04,1.0,0.0,-1.0,1.0,0.0,-1.0,0.25,0.0,-0.25,0,1,0.03333333333333333,0.0,-0.03333333333333333,1.0,0.0,-1.0,1.0,0.0,-1.0,0.25,0.0,-0.25,0,1,0.02857142857142857,0.0,-0.02857142857142857,1.0,0.0,-1.0,1.0,0.0,-1.0,0.25,0.0,-0.25,0,1,0.025,0.0,-0.025,1.0,0.0,-1.0,1.0,0.0,-1.0,0.25,0.0,-0.25,0,1,0.022222222222222223,0.0,-0.022222222222222223,1.0,0.0,-1.0,1.0,0.0,-1.0,0.25,0.0,-0.25,0,1,0.02,0.0,-0.02,1.0,0.0,-1.0,1.0,0.0,-1.0,0.25,0.0,-0.25,0,1,0.01818181818181818,0.0,-0.01818181818181818,1.0,0.0,-1.0,1.0,0.0,-1.0,0.25,0.0,-0.25,0,1,0.016666666666666666,0.0,-0.016666666666666666,1.0,0.0,-1.0,1.0,0.0,-1.0,0.25,0.0,-0.25,0,1
chunker-generic-sliding-window,Sliding-window chunker,Q-012,setup_configuration,LM1200,0.0,0.0,0.0,0.0,0.0,0.0,0.0,0.0,0.0,0.0,0.0,0.0,0,0,0.0,0.0,0.0,0.0,0.0,0.0,0.0,0.0,0.0,0.0,0.0,0.0,0,0,0.0,0.0,0.0,0.0,0.0,0.0,0.0,0.0,0.0,0.0,0.0,0.0,0,0,0.0,0.0,0.0,0.0,0.0,0.0,0.0,0.0,0.0,0.0,0.0,0.0,0,0,0.0,0.0,0.0,0.0,0.0,0.0,0.0,0.0,0.0,0.0,0.0,0.0,0,0,0.0,0.0,0.0,0.0,0.0,0.0,0.0,0.0,0.0,0.0,0.0,0.0,0,0,0.0,0.0,0.0,0.0,0.0,0.0,0.0,0.0,0.0,0.0,0.0,0.0,0,0,0.0,0.0,0.0,0.0,0.0,0.0,0.0,0.0,0.0,0.0,0.0,0.0,0,0,0.0,0.0,0.0,0.0,0.0,0.0,0.0,0.0,0.0,0.0,0.0,0.0,0,0,0.0,0.0,0.0,0.0,0.0,0.0,0.0,0.0,0.0,0.0,0.0,0.0,0,0,0.0,0.0,0.0,0.0,0.0,0.0,0.0,0.0,0.0,0.0,0.0,0.0,0,0,0.0,0.0,0.0,0.0,0.0,0.0,0.0,0.0,0.0,0.0,0.0,0.0,0,0
chunker-generic-sliding-window,Sliding-window chunker,Q-013,setup_configuration,LM1200,0.4,0.0,-0.4,1.0,0.0,-1.0,1.0,0.0,-1.0,0.6366824387328317,0.0,-0.6366824387328317,0,1,0.4,0.2,-0.2,1.0,1.0,0.0,1.0,1.0,0.0,0.8899603164338973,0.3706656904013186,-0.5192946260325787,1,0,0.26666666666666666,0.13333333333333333,-0.13333333333333333,1.0,1.0,0.0,1.0,1.0,0.0,0.8899603164338973,0.3706656904013186,-0.5192946260325787,1,0,0.2,0.1,-0.1,1.0,1.0,0.0,1.0,1.0,0.0,0.8899603164338973,0.3706656904013186,-0.5192946260325787,1,0,0.16,0.08,-0.08,1.0,1.0,0.0,1.0,1.0,0.0,0.8899603164338973,0.3706656904013186,-0.5192946260325787,1,0,0.13333333333333333,0.06666666666666667,-0.06666666666666667,1.0,1.0,0.0,1.0,1.0,0.0,0.8899603164338973,0.3706656904013186,-0.5192946260325787,1,0,0.11428571428571428,0.05714285714285714,-0.05714285714285714,1.0,1.0,0.0,1.0,1.0,0.0,0.8899603164338973,0.3706656904013186,-0.5192946260325787,1,0,0.1,0.05,-0.05,1.0,1.0,0.0,1.0,1.0,0.0,0.8899603164338973,0.3706656904013186,-0.5192946260325787,1,0,0.08888888888888889,0.044444444444444446,-0.044444444444444446,1.0,1.0,0.0,1.0,1.0,0.0,0.8899603164338973,0.3706656904013186,-0.5192946260325787,1,0,0.08,0.04,-0.04,1.0,1.0,0.0,1.0,1.0,0.0,0.8899603164338973,0.3706656904013186,-0.5192946260325787,1,0,0.07272727272727272,0.03636363636363636,-0.03636363636363636,1.0,1.0,0.0,1.0,1.0,0.0,0.8899603164338973,0.3706656904013186,-0.5192946260325787,1,0,0.06666666666666667,0.03333333333333333,-0.03333333333333333,1.0,1.0,0.0,1.0,1.0,0.0,0.8899603164338973,0.3706656904013186,-0.5192946260325787,1,0
chunker-generic-sliding-window,Sliding-window chunker,Q-014,troubleshooting_diagnostics,LM1200,0.0,0.0,0.0,0.0,0.0,0.0,0.0,0.0,0.0,0.0,0.0,0.0,0,0,0.2,0.0,-0.2,1.0,0.0,-1.0,1.0,0.0,-1.0,0.3706656904013186,0.0,-0.3706656904013186,0,1,0.13333333333333333,0.0,-0.13333333333333333,1.0,0.0,-1.0,1.0,0.0,-1.0,0.3706656904013186,0.0,-0.3706656904013186,0,1,0.1,0.0,-0.1,1.0,0.0,-1.0,1.0,0.0,-1.0,0.3706656904013186,0.0,-0.3706656904013186,0,1,0.08,0.0,-0.08,1.0,0.0,-1.0,1.0,0.0,-1.0,0.3706656904013186,0.0,-0.3706656904013186,0,1,0.06666666666666667,0.0,-0.06666666666666667,1.0,0.0,-1.0,1.0,0.0,-1.0,0.3706656904013186,0.0,-0.3706656904013186,0,1,0.05714285714285714,0.0,-0.05714285714285714,1.0,0.0,-1.0,1.0,0.0,-1.0,0.3706656904013186,0.0,-0.3706656904013186,0,1,0.05,0.0,-0.05,1.0,0.0,-1.0,1.0,0.0,-1.0,0.3706656904013186,0.0,-0.3706656904013186,0,1,0.044444444444444446,0.0,-0.044444444444444446,1.0,0.0,-1.0,1.0,0.0,-1.0,0.3706656904013186,0.0,-0.3706656904013186,0,1,0.04,0.0,-0.04,1.0,0.0,-1.0,1.0,0.0,-1.0,0.3706656904013186,0.0,-0.3706656904013186,0,1,0.03636363636363636,0.0,-0.03636363636363636,1.0,0.0,-1.0,1.0,0.0,-1.0,0.3706656904013186,0.0,-0.3706656904013186,0,1,0.03333333333333333,0.0,-0.03333333333333333,1.0,0.0,-1.0,1.0,0.0,-1.0,0.3706656904013186,0.0,-0.3706656904013186,0,1
chunker-generic-sliding-window,Sliding-window chunker,Q-015,features_security_maintenance_limitations,LM1200,0.2,0.2,0.0,1.0,1.0,0.0,1.0,1.0,0.0,0.16958010263680806,0.21398626473452756,0.0444061620977195,1,0,0.5,0.2,-0.3,1.0,1.0,0.0,1.0,1.0,0.0,0.6084772252927951,0.31608365985743925,-0.2923935654353559,1,0,0.3333333333333333,0.3333333333333333,0.0,1.0,1.0,0.0,1.0,1.0,0.0,0.6084772252927951,0.5891548107283628,-0.01932241456443229,1,0,0.25,0.25,0.0,1.0,1.0,0.0,1.0,1.0,0.0,0.6084772252927951,0.5891548107283628,-0.01932241456443229,1,0,0.2,0.2,0.0,1.0,1.0,0.0,1.0,1.0,0.0,0.6084772252927951,0.5891548107283628,-0.01932241456443229,1,0,0.16666666666666666,0.16666666666666666,0.0,1.0,1.0,0.0,1.0,1.0,0.0,0.6084772252927951,0.5891548107283628,-0.01932241456443229,1,0,0.14285714285714285,0.14285714285714285,0.0,1.0,1.0,0.0,1.0,1.0,0.0,0.6084772252927951,0.5891548107283628,-0.01932241456443229,1,0,0.125,0.125,0.0,1.0,1.0,0.0,1.0,1.0,0.0,0.6084772252927951,0.5891548107283628,-0.01932241456443229,1,0,0.1111111111111111,0.1111111111111111,0.0,1.0,1.0,0.0,1.0,1.0,0.0,0.6084772252927951,0.5891548107283628,-0.01932241456443229,1,0,0.1,0.1,0.0,1.0,1.0,0.0,1.0,1.0,0.0,0.6084772252927951,0.5891548107283628,-0.01932241456443229,1,0,0.09090909090909091,0.09090909090909091,0.0,1.0,1.0,0.0,1.0,1.0,0.0,0.6084772252927951,0.5891548107283628,-0.01932241456443229,1,0,0.08333333333333333,0.08333333333333333,0.0,1.0,1.0,0.0,1.0,1.0,0.0,0.6084772252927951,0.5891548107283628,-0.01932241456443229,1,0
chunker-generic-sliding-window,Sliding-window chunker,Q-016,facts_specifications,LM1200,0.6,0.0,-0.6,1.0,0.0,-1.0,1.0,0.0,-1.0,0.787702056960637,0.0,-0.787702056960637,0,1,0.4,0.1,-0.30000000000000004,1.0,1.0,0.0,1.0,1.0,0.0,0.9178287402913374,0.15642624200758548,-0.761402498283752,1,0,0.26666666666666666,0.2,-0.06666666666666665,1.0,1.0,0.0,1.0,1.0,0.0,0.9178287402913374,0.4064990980327025,-0.5113296422586349,1,0,0.2,0.15,-0.05000000000000002,1.0,1.0,0.0,1.0,1.0,0.0,0.9178287402913374,0.4064990980327025,-0.5113296422586349,1,0,0.16,0.12,-0.04000000000000001,1.0,1.0,0.0,1.0,1.0,0.0,0.9178287402913374,0.4064990980327025,-0.5113296422586349,1,0,0.13333333333333333,0.1,-0.033333333333333326,1.0,1.0,0.0,1.0,1.0,0.0,0.9178287402913374,0.4064990980327025,-0.5113296422586349,1,0,0.11428571428571428,0.08571428571428572,-0.028571428571428567,1.0,1.0,0.0,1.0,1.0,0.0,0.9178287402913374,0.4064990980327025,-0.5113296422586349,1,0,0.1,0.075,-0.02500000000000001,1.0,1.0,0.0,1.0,1.0,0.0,0.9178287402913374,0.4064990980327025,-0.5113296422586349,1,0,0.08888888888888889,0.06666666666666667,-0.022222222222222227,1.0,1.0,0.0,1.0,1.0,0.0,0.9178287402913374,0.4064990980327025,-0.5113296422586349,1,0,0.08,0.06,-0.020000000000000004,1.0,1.0,0.0,1.0,1.0,0.0,0.9178287402913374,0.4064990980327025,-0.5113296422586349,1,0,0.07272727272727272,0.05454545454545454,-0.01818181818181818,1.0,1.0,0.0,1.0,1.0,0.0,0.9178287402913374,0.4064990980327025,-0.5113296422586349,1,0,0.06666666666666667,0.05,-0.016666666666666663,1.0,1.0,0.0,1.0,1.0,0.0,0.9178287402913374,0.4064990980327025,-0.5113296422586349,1,0
chunker-generic-sliding-window,Sliding-window chunker,Q-017,facts_specifications,LM1200,0.0,0.0,0.0,0.0,0.0,0.0,0.0,0.0,0.0,0.0,0.0,0.0,0,0,0.0,0.0,0.0,0.0,0.0,0.0,0.0,0.0,0.0,0.0,0.0,0.0,0,0,0.0,0.0,0.0,0.0,0.0,0.0,0.0,0.0,0.0,0.0,0.0,0.0,0,0,0.0,0.0,0.0,0.0,0.0,0.0,0.0,0.0,0.0,0.0,0.0,0.0,0,0,0.0,0.0,0.0,0.0,0.0,0.0,0.0,0.0,0.0,0.0,0.0,0.0,0,0,0.0,0.0,0.0,0.0,0.0,0.0,0.0,0.0,0.0,0.0,0.0,0.0,0,0,0.0,0.0,0.0,0.0,0.0,0.0,0.0,0.0,0.0,0.0,0.0,0.0,0,0,0.0,0.0,0.0,0.0,0.0,0.0,0.0,0.0,0.0,0.0,0.0,0.0,0,0,0.0,0.0,0.0,0.0,0.0,0.0,0.0,0.0,0.0,0.0,0.0,0.0,0,0,0.0,0.0,0.0,0.0,0.0,0.0,0.0,0.0,0.0,0.0,0.0,0.0,0,0,0.0,0.0,0.0,0.0,0.0,0.0,0.0,0.0,0.0,0.0,0.0,0.0,0,0,0.0,0.0,0.0,0.0,0.0,0.0,0.0,0.0,0.0,0.0,0.0,0.0,0,0
chunker-generic-sliding-window,Sliding-window chunker,Q-018,troubleshooting_diagnostics,LM1200,0.0,0.0,0.0,0.0,0.0,0.0,0.0,0.0,0.0,0.0,0.0,0.0,0,0,0.0,0.1,0.1,0.0,1.0,1.0,0.0,1.0,1.0,0.0,0.17723928678404774,0.17723928678404774,0,1,0.0,0.13333333333333333,0.13333333333333333,0.0,1.0,1.0,0.0,1.0,1.0,0.0,0.3382821118732559,0.3382821118732559,0,1,0.05,0.1,0.05,1.0,1.0,0.0,1.0,1.0,0.0,0.14434031438272124,0.3382821118732559,0.19394179749053467,1,0,0.08,0.08,0.0,1.0,1.0,0.0,1.0,1.0,0.0,0.2763743756690167,0.3382821118732559,0.06190773620423923,1,0,0.06666666666666667,0.06666666666666667,0.0,1.0,1.0,0.0,1.0,1.0,0.0,0.2763743756690167,0.3382821118732559,0.06190773620423923,1,0,0.05714285714285714,0.05714285714285714,0.0,1.0,1.0,0.0,1.0,1.0,0.0,0.2763743756690167,0.3382821118732559,0.06190773620423923,1,0,0.05,0.05,0.0,1.0,1.0,0.0,1.0,1.0,0.0,0.2763743756690167,0.3382821118732559,0.06190773620423923,1,0,0.044444444444444446,0.044444444444444446,0.0,1.0,1.0,0.0,1.0,1.0,0.0,0.2763743756690167,0.3382821118732559,0.06190773620423923,1,0,0.04,0.04,0.0,1.0,1.0,0.0,1.0,1.0,0.0,0.2763743756690167,0.3382821118732559,0.06190773620423923,1,0,0.03636363636363636,0.03636363636363636,0.0,1.0,1.0,0.0,1.0,1.0,0.0,0.2763743756690167,0.3382821118732559,0.06190773620423923,1,0,0.03333333333333333,0.03333333333333333,0.0,1.0,1.0,0.0,1.0,1.0,0.0,0.2763743756690167,0.3382821118732559,0.06190773620423923,1,0
chunker-generic-sliding-window,Sliding-window chunker,Q-019,troubleshooting_diagnostics,LM1200,0.0,0.0,0.0,0.0,0.0,0.0,0.0,0.0,0.0,0.0,0.0,0.0,0,0,0.0,0.0,0.0,0.0,0.0,0.0,0.0,0.0,0.0,0.0,0.0,0.0,0,0,0.06666666666666667,0.0,-0.06666666666666667,1.0,0.0,-1.0,1.0,0.0,-1.0,0.25,0.0,-0.25,0,1,0.05,0.0,-0.05,1.0,0.0,-1.0,1.0,0.0,-1.0,0.25,0.0,-0.25,0,1,0.04,0.0,-0.04,1.0,0.0,-1.0,1.0,0.0,-1.0,0.25,0.0,-0.25,0,1,0.03333333333333333,0.0,-0.03333333333333333,1.0,0.0,-1.0,1.0,0.0,-1.0,0.25,0.0,-0.25,0,1,0.02857142857142857,0.0,-0.02857142857142857,1.0,0.0,-1.0,1.0,0.0,-1.0,0.25,0.0,-0.25,0,1,0.025,0.0,-0.025,1.0,0.0,-1.0,1.0,0.0,-1.0,0.25,0.0,-0.25,0,1,0.022222222222222223,0.0,-0.022222222222222223,1.0,0.0,-1.0,1.0,0.0,-1.0,0.25,0.0,-0.25,0,1,0.02,0.0,-0.02,1.0,0.0,-1.0,1.0,0.0,-1.0,0.25,0.0,-0.25,0,1,0.01818181818181818,0.0,-0.01818181818181818,1.0,0.0,-1.0,1.0,0.0,-1.0,0.25,0.0,-0.25,0,1,0.016666666666666666,0.0,-0.016666666666666666,1.0,0.0,-1.0,1.0,0.0,-1.0,0.25,0.0,-0.25,0,1
chunker-generic-sliding-window,Sliding-window chunker,Q-020,troubleshooting_diagnostics,R6350,0.0,0.0,0.0,0.0,0.0,0.0,0.0,0.0,0.0,0.0,0.0,0.0,0,0,0.0,0.0,0.0,0.0,0.0,0.0,0.0,0.0,0.0,0.0,0.0,0.0,0,0,0.0,0.0,0.0,0.0,0.0,0.0,0.0,0.0,0.0,0.0,0.0,0.0,0,0,0.0,0.0,0.0,0.0,0.0,0.0,0.0,0.0,0.0,0.0,0.0,0.0,0,0,0.0,0.0,0.0,0.0,0.0,0.0,0.0,0.0,0.0,0.0,0.0,0.0,0,0,0.0,0.0,0.0,0.0,0.0,0.0,0.0,0.0,0.0,0.0,0.0,0.0,0,0,0.0,0.0,0.0,0.0,0.0,0.0,0.0,0.0,0.0,0.0,0.0,0.0,0,0,0.0,0.0,0.0,0.0,0.0,0.0,0.0,0.0,0.0,0.0,0.0,0.0,0,0,0.0,0.0,0.0,0.0,0.0,0.0,0.0,0.0,0.0,0.0,0.0,0.0,0,0,0.0,0.0,0.0,0.0,0.0,0.0,0.0,0.0,0.0,0.0,0.0,0.0,0,0,0.0,0.0,0.0,0.0,0.0,0.0,0.0,0.0,0.0,0.0,0.0,0.0,0,0,0.0,0.0,0.0,0.0,0.0,0.0,0.0,0.0,0.0,0.0,0.0,0.0,0,0
chunker-generic-sliding-window,Sliding-window chunker,Q-021,troubleshooting_diagnostics,R6350,0.2,0.2,0.0,1.0,1.0,0.0,1.0,1.0,0.0,0.3903800499921017,0.2640681225725909,-0.1263119274195108,1,0,0.1,0.2,0.1,1.0,1.0,0.0,1.0,1.0,0.0,0.3903800499921017,0.46845052016107697,0.07807047016897528,1,0,0.13333333333333333,0.13333333333333333,0.0,1.0,1.0,0.0,1.0,1.0,0.0,0.49927381106033386,0.46845052016107697,-0.030823290899256894,1,0,0.15,0.1,-0.04999999999999999,1.0,1.0,0.0,1.0,1.0,0.0,0.5928918137479302,0.46845052016107697,-0.12444129358685324,1,0,0.12,0.08,-0.039999999999999994,1.0,1.0,0.0,1.0,1.0,0.0,0.5928918137479302,0.46845052016107697,-0.12444129358685324,1,0,0.13333333333333333,0.06666666666666667,-0.06666666666666667,1.0,1.0,0.0,1.0,1.0,0.0,0.6749926099948402,0.46845052016107697,-0.20654208983376326,1,0,0.11428571428571428,0.05714285714285714,-0.05714285714285714,1.0,1.0,0.0,1.0,1.0,0.0,0.6749926099948402,0.46845052016107697,-0.20654208983376326,1,0,0.1,0.05,-0.05,1.0,1.0,0.0,1.0,1.0,0.0,0.6749926099948402,0.46845052016107697,-0.20654208983376326,1,0,0.08888888888888889,0.044444444444444446,-0.044444444444444446,1.0,1.0,0.0,1.0,1.0,0.0,0.6749926099948402,0.46845052016107697,-0.20654208983376326,1,0,0.08,0.04,-0.04,1.0,1.0,0.0,1.0,1.0,0.0,0.6749926099948402,0.46845052016107697,-0.20654208983376326,1,0,0.07272727272727272,0.03636363636363636,-0.03636363636363636,1.0,1.0,0.0,1.0,1.0,0.0,0.6749926099948402,0.46845052016107697,-0.20654208983376326,1,0,0.06666666666666667,0.03333333333333333,-0.03333333333333333,1.0,1.0,0.0,1.0,1.0,0.0,0.6749926099948402,0.46845052016107697,-0.20654208983376326,1,0
chunker-generic-sliding-window,Sliding-window chunker,Q-022,troubleshooting_diagnostics,R6350,0.2,0.0,-0.2,1.0,0.0,-1.0,1.0,0.0,-1.0,0.5,0.0,-0.5,0,1,0.1,0.1,0.0,1.0,1.0,0.0,1.0,1.0,0.0,0.5,0.3333333333333333,-0.16666666666666669,1,0,0.06666666666666667,0.06666666666666667,0.0,1.0,1.0,0.0,1.0,1.0,0.0,0.5,0.3333333333333333,-0.16666666666666669,1,0,0.05,0.05,0.0,1.0,1.0,0.0,1.0,1.0,0.0,0.5,0.3333333333333333,-0.16666666666666669,1,0,0.04,0.04,0.0,1.0,1.0,0.0,1.0,1.0,0.0,0.5,0.3333333333333333,-0.16666666666666669,1,0,0.03333333333333333,0.03333333333333333,0.0,1.0,1.0,0.0,1.0,1.0,0.0,0.5,0.3333333333333333,-0.16666666666666669,1,0,0.02857142857142857,0.02857142857142857,0.0,1.0,1.0,0.0,1.0,1.0,0.0,0.5,0.3333333333333333,-0.16666666666666669,1,0,0.025,0.025,0.0,1.0,1.0,0.0,1.0,1.0,0.0,0.5,0.3333333333333333,-0.16666666666666669,1,0,0.022222222222222223,0.022222222222222223,0.0,1.0,1.0,0.0,1.0,1.0,0.0,0.5,0.3333333333333333,-0.16666666666666669,1,0,0.02,0.02,0.0,1.0,1.0,0.0,1.0,1.0,0.0,0.5,0.3333333333333333,-0.16666666666666669,1,0,0.01818181818181818,0.01818181818181818,0.0,1.0,1.0,0.0,1.0,1.0,0.0,0.5,0.3333333333333333,-0.16666666666666669,1,0,0.016666666666666666,0.016666666666666666,0.0,1.0,1.0,0.0,1.0,1.0,0.0,0.5,0.3333333333333333,-0.16666666666666669,1,0
chunker-generic-sliding-window,Sliding-window chunker,Q-023,troubleshooting_diagnostics,R6350,0.2,0.0,-0.2,1.0,0.0,-1.0,1.0,0.0,-1.0,1.0,0.0,-1.0,0,1,0.1,0.1,0.0,1.0,1.0,0.0,1.0,1.0,0.0,1.0,0.20438239758848611,-0.7956176024115139,1,0,0.06666666666666667,0.13333333333333333,0.06666666666666667,1.0,1.0,0.0,1.0,1.0,0.0,1.0,0.3576691957798507,-0.6423308042201493,1,0,0.05,0.1,0.05,1.0,1.0,0.0,1.0,1.0,0.0,1.0,0.3576691957798507,-0.6423308042201493,1,0,0.04,0.08,0.04,1.0,1.0,0.0,1.0,1.0,0.0,1.0,0.3576691957798507,-0.6423308042201493,1,0,0.03333333333333333,0.06666666666666667,0.03333333333333333,1.0,1.0,0.0,1.0,1.0,0.0,1.0,0.3576691957798507,-0.6423308042201493,1,0,0.02857142857142857,0.05714285714285714,0.02857142857142857,1.0,1.0,0.0,1.0,1.0,0.0,1.0,0.3576691957798507,-0.6423308042201493,1,0,0.025,0.05,0.025,1.0,1.0,0.0,1.0,1.0,0.0,1.0,0.3576691957798507,-0.6423308042201493,1,0,0.022222222222222223,0.044444444444444446,0.022222222222222223,1.0,1.0,0.0,1.0,1.0,0.0,1.0,0.3576691957798507,-0.6423308042201493,1,0,0.02,0.04,0.02,1.0,1.0,0.0,1.0,1.0,0.0,1.0,0.3576691957798507,-0.6423308042201493,1,0,0.01818181818181818,0.03636363636363636,0.01818181818181818,1.0,1.0,0.0,1.0,1.0,0.0,1.0,0.3576691957798507,-0.6423308042201493,1,0,0.016666666666666666,0.03333333333333333,0.016666666666666666,1.0,1.0,0.0,1.0,1.0,0.0,1.0,0.3576691957798507,-0.6423308042201493,1,0
chunker-generic-sliding-window,Sliding-window chunker,Q-024,setup_configuration,R6350,0.0,0.0,0.0,0.0,0.0,0.0,0.0,0.0,0.0,0.0,0.0,0.0,0,0,0.0,0.0,0.0,0.0,0.0,0.0,0.0,0.0,0.0,0.0,0.0,0.0,0,0,0.0,0.0,0.0,0.0,0.0,0.0,0.0,0.0,0.0,0.0,0.0,0.0,0,0,0.0,0.0,0.0,0.0,0.0,0.0,0.0,0.0,0.0,0.0,0.0,0.0,0,0,0.0,0.0,0.0,0.0,0.0,0.0,0.0,0.0,0.0,0.0,0.0,0.0,0,0,0.0,0.0,0.0,0.0,0.0,0.0,0.0,0.0,0.0,0.0,0.0,0.0,0,0,0.0,0.0,0.0,0.0,0.0,0.0,0.0,0.0,0.0,0.0,0.0,0.0,0,0,0.0,0.0,0.0,0.0,0.0,0.0,0.0,0.0,0.0,0.0,0.0,0.0,0,0,0.0,0.0,0.0,0.0,0.0,0.0,0.0,0.0,0.0,0.0,0.0,0.0,0,0,0.0,0.0,0.0,0.0,0.0,0.0,0.0,0.0,0.0,0.0,0.0,0.0,0,0,0.0,0.0,0.0,0.0,0.0,0.0,0.0,0.0,0.0,0.0,0.0,0.0,0,0,0.0,0.0,0.0,0.0,0.0,0.0,0.0,0.0,0.0,0.0,0.0,0.0,0,0
chunker-generic-sliding-window,Sliding-window chunker,Q-025,setup_configuration,R6350,0.0,0.0,0.0,0.0,0.0,0.0,0.0,0.0,0.0,0.0,0.0,0.0,0,0,0.0,0.1,0.1,0.0,1.0,1.0,0.0,1.0,1.0,0.0,0.3010299956639812,0.3010299956639812,0,1,0.0,0.06666666666666667,0.06666666666666667,0.0,1.0,1.0,0.0,1.0,1.0,0.0,0.3010299956639812,0.3010299956639812,0,1,0.05,0.05,0.0,1.0,1.0,0.0,1.0,1.0,0.0,0.14434031438272124,0.3010299956639812,0.15668968128125996,1,0,0.04,0.04,0.0,1.0,1.0,0.0,1.0,1.0,0.0,0.14434031438272124,0.3010299956639812,0.15668968128125996,1,0,0.06666666666666667,0.03333333333333333,-0.03333333333333333,1.0,1.0,0.0,1.0,1.0,0.0,0.27329125012756844,0.3010299956639812,0.027738745536412757,1,0,0.05714285714285714,0.02857142857142857,-0.02857142857142857,1.0,1.0,0.0,1.0,1.0,0.0,0.27329125012756844,0.3010299956639812,0.027738745536412757,1,0,0.05,0.025,-0.025,1.0,1.0,0.0,1.0,1.0,0.0,0.27329125012756844,0.3010299956639812,0.027738745536412757,1,0,0.044444444444444446,0.022222222222222223,-0.022222222222222223,1.0,1.0,0.0,1.0,1.0,0.0,0.27329125012756844,0.3010299956639812,0.027738745536412757,1,0,0.04,0.02,-0.02,1.0,1.0,0.0,1.0,1.0,0.0,0.27329125012756844,0.3010299956639812,0.027738745536412757,1,0,0.03636363636363636,0.01818181818181818,-0.01818181818181818,1.0,1.0,0.0,1.0,1.0,0.0,0.27329125012756844,0.3010299956639812,0.027738745536412757,1,0,0.03333333333333333,0.016666666666666666,-0.016666666666666666,1.0,1.0,0.0,1.0,1.0,0.0,0.27329125012756844,0.3010299956639812,0.027738745536412757,1,0
chunker-generic-sliding-window,Sliding-window chunker,Q-026,facts_specifications,R6350,0.4,0.4,0.0,1.0,1.0,0.0,1.0,1.0,0.0,0.5307212739772434,0.7039180890341347,0.17319681505689122,1,0,0.3,0.3,0.0,1.0,1.0,0.0,1.0,1.0,0.0,0.6978817289434457,0.8710785440003369,0.17319681505689122,1,0,0.2,0.2,0.0,1.0,1.0,0.0,1.0,1.0,0.0,0.6978817289434457,0.8710785440003369,0.17319681505689122,1,0,0.15,0.15,0.0,1.0,1.0,0.0,1.0,1.0,0.0,0.6978817289434457,0.8710785440003369,0.17319681505689122,1,0,0.12,0.12,0.0,1.0,1.0,0.0,1.0,1.0,0.0,0.6978817289434457,0.8710785440003369,0.17319681505689122,1,0,0.1,0.1,0.0,1.0,1.0,0.0,1.0,1.0,0.0,0.6978817289434457,0.8710785440003369,0.17319681505689122,1,0,0.08571428571428572,0.08571428571428572,0.0,1.0,1.0,0.0,1.0,1.0,0.0,0.6978817289434457,0.8710785440003369,0.17319681505689122,1,0,0.075,0.075,0.0,1.0,1.0,0.0,1.0,1.0,0.0,0.6978817289434457,0.8710785440003369,0.17319681505689122,1,0,0.06666666666666667,0.06666666666666667,0.0,1.0,1.0,0.0,1.0,1.0,0.0,0.6978817289434457,0.8710785440003369,0.17319681505689122,1,0,0.06,0.06,0.0,1.0,1.0,0.0,1.0,1.0,0.0,0.6978817289434457,0.8710785440003369,0.17319681505689122,1,0,0.05454545454545454,0.05454545454545454,0.0,1.0,1.0,0.0,1.0,1.0,0.0,0.6978817289434457,0.8710785440003369,0.17319681505689122,1,0,0.05,0.05,0.0,1.0,1.0,0.0,1.0,1.0,0.0,0.6978817289434457,0.8710785440003369,0.17319681505689122,1,0
chunker-generic-sliding-window,Sliding-window chunker,Q-027,setup_configuration,R6350,0.0,0.0,0.0,0.0,0.0,0.0,0.0,0.0,0.0,0.0,0.0,0.0,0,0,0.1,0.1,0.0,1.0,1.0,0.0,1.0,1.0,0.0,0.18457569677956817,0.20438239758848611,0.019806700808917943,1,0,0.06666666666666667,0.06666666666666667,0.0,1.0,1.0,0.0,1.0,1.0,0.0,0.18457569677956817,0.20438239758848611,0.019806700808917943,1,0,0.1,0.05,-0.05,1.0,1.0,0.0,1.0,1.0,0.0,0.3264445986455623,0.20438239758848611,-0.12206220105707619,1,0,0.08,0.04,-0.04,1.0,1.0,0.0,1.0,1.0,0.0,0.3264445986455623,0.20438239758848611,-0.12206220105707619,1,0,0.06666666666666667,0.03333333333333333,-0.03333333333333333,1.0,1.0,0.0,1.0,1.0,0.0,0.3264445986455623,0.20438239758848611,-0.12206220105707619,1,0,0.05714285714285714,0.05714285714285714,0.0,1.0,1.0,0.0,1.0,1.0,0.0,0.3264445986455623,0.3259326131857239,-0.0005119854598383822,1,0,0.05,0.05,0.0,1.0,1.0,0.0,1.0,1.0,0.0,0.3264445986455623,0.3259326131857239,-0.0005119854598383822,1,0,0.044444444444444446,0.044444444444444446,0.0,1.0,1.0,0.0,1.0,1.0,0.0,0.3264445986455623,0.3259326131857239,-0.0005119854598383822,1,0,0.04,0.04,0.0,1.0,1.0,0.0,1.0,1.0,0.0,0.3264445986455623,0.3259326131857239,-0.0005119854598383822,1,0,0.03636363636363636,0.03636363636363636,0.0,1.0,1.0,0.0,1.0,1.0,0.0,0.3264445986455623,0.3259326131857239,-0.0005119854598383822,1,0,0.03333333333333333,0.03333333333333333,0.0,1.0,1.0,0.0,1.0,1.0,0.0,0.3264445986455623,0.3259326131857239,-0.0005119854598383822,1,0
chunker-generic-sliding-window,Sliding-window chunker,Q-028,troubleshooting_diagnostics,R6350,0.2,0.2,0.0,1.0,1.0,0.0,1.0,1.0,0.0,0.6131471927654584,0.6309297535714575,0.01778256080599916,1,0,0.1,0.1,0.0,1.0,1.0,0.0,1.0,1.0,0.0,0.6131471927654584,0.6309297535714575,0.01778256080599916,1,0,0.06666666666666667,0.06666666666666667,0.0,1.0,1.0,0.0,1.0,1.0,0.0,0.6131471927654584,0.6309297535714575,0.01778256080599916,1,0,0.1,0.05,-0.05,1.0,1.0,0.0,1.0,1.0,0.0,0.7601875334318685,0.6309297535714575,-0.12925777986041098,1,0,0.08,0.04,-0.04,1.0,1.0,0.0,1.0,1.0,0.0,0.7601875334318685,0.6309297535714575,-0.12925777986041098,1,0,0.06666666666666667,0.03333333333333333,-0.03333333333333333,1.0,1.0,0.0,1.0,1.0,0.0,0.7601875334318685,0.6309297535714575,-0.12925777986041098,1,0,0.05714285714285714,0.02857142857142857,-0.02857142857142857,1.0,1.0,0.0,1.0,1.0,0.0,0.7601875334318685,0.6309297535714575,-0.12925777986041098,1,0,0.05,0.025,-0.025,1.0,1.0,0.0,1.0,1.0,0.0,0.7601875334318685,0.6309297535714575,-0.12925777986041098,1,0,0.044444444444444446,0.022222222222222223,-0.022222222222222223,1.0,1.0,0.0,1.0,1.0,0.0,0.7601875334318685,0.6309297535714575,-0.12925777986041098,1,0,0.04,0.02,-0.02,1.0,1.0,0.0,1.0,1.0,0.0,0.7601875334318685,0.6309297535714575,-0.12925777986041098,1,0,0.03636363636363636,0.01818181818181818,-0.01818181818181818,1.0,1.0,0.0,1.0,1.0,0.0,0.7601875334318685,0.6309297535714575,-0.12925777986041098,1,0,0.03333333333333333,0.016666666666666666,-0.016666666666666666,1.0,1.0,0.0,1.0,1.0,0.0,0.7601875334318685,0.6309297535714575,-0.12925777986041098,1,0
chunker-generic-sliding-window,Sliding-window chunker,Q-029,features_security_maintenance_limitations,R6350,0.0,0.0,0.0,0.0,0.0,0.0,0.0,0.0,0.0,0.0,0.0,0.0,0,0,0.1,0.1,0.0,1.0,1.0,0.0,1.0,1.0,0.0,0.19342640361727081,0.3333333333333333,0.1399069297160625,1,0,0.06666666666666667,0.06666666666666667,0.0,1.0,1.0,0.0,1.0,1.0,0.0,0.19342640361727081,0.3333333333333333,0.1399069297160625,1,0,0.1,0.05,-0.05,1.0,1.0,0.0,1.0,1.0,0.0,0.3377667179999921,0.3333333333333333,-0.004433384666658768,1,0,0.08,0.04,-0.04,1.0,1.0,0.0,1.0,1.0,0.0,0.3377667179999921,0.3333333333333333,-0.004433384666658768,1,0,0.06666666666666667,0.03333333333333333,-0.03333333333333333,1.0,1.0,0.0,1.0,1.0,0.0,0.3377667179999921,0.3333333333333333,-0.004433384666658768,1,0,0.05714285714285714,0.02857142857142857,-0.02857142857142857,1.0,1.0,0.0,1.0,1.0,0.0,0.3377667179999921,0.3333333333333333,-0.004433384666658768,1,0,0.05,0.025,-0.025,1.0,1.0,0.0,1.0,1.0,0.0,0.3377667179999921,0.3333333333333333,-0.004433384666658768,1,0,0.044444444444444446,0.022222222222222223,-0.022222222222222223,1.0,1.0,0.0,1.0,1.0,0.0,0.3377667179999921,0.3333333333333333,-0.004433384666658768,1,0,0.04,0.02,-0.02,1.0,1.0,0.0,1.0,1.0,0.0,0.3377667179999921,0.3333333333333333,-0.004433384666658768,1,0,0.03636363636363636,0.01818181818181818,-0.01818181818181818,1.0,1.0,0.0,1.0,1.0,0.0,0.3377667179999921,0.3333333333333333,-0.004433384666658768,1,0,0.03333333333333333,0.016666666666666666,-0.016666666666666666,1.0,1.0,0.0,1.0,1.0,0.0,0.3377667179999921,0.3333333333333333,-0.004433384666658768,1,0
chunker-generic-sliding-window,Sliding-window chunker,Q-030,setup_configuration,R6350,0.0,0.2,0.2,0.0,1.0,1.0,0.0,1.0,1.0,0.0,0.2960819109658652,0.2960819109658652,0,1,0.1,0.1,0.0,1.0,1.0,0.0,1.0,1.0,0.0,0.15642624200758548,0.2960819109658652,0.13965566895827974,1,0,0.06666666666666667,0.06666666666666667,0.0,1.0,1.0,0.0,1.0,1.0,0.0,0.15642624200758548,0.2960819109658652,0.13965566895827974,1,0,0.1,0.05,-0.05,1.0,1.0,0.0,1.0,1.0,0.0,0.26689863696668287,0.2960819109658652,0.029183273999182358,1,0,0.12,0.12,0.0,1.0,1.0,0.0,1.0,1.0,0.0,0.3706396115750656,0.5008765588245218,0.13023694724945617,1,0,0.1,0.1,0.0,1.0,1.0,0.0,1.0,1.0,0.0,0.3706396115750656,0.5008765588245218,0.13023694724945617,1,0,0.08571428571428572,0.08571428571428572,0.0,1.0,1.0,0.0,1.0,1.0,0.0,0.3706396115750656,0.5008765588245218,0.13023694724945617,1,0,0.075,0.075,0.0,1.0,1.0,0.0,1.0,1.0,0.0,0.3706396115750656,0.5008765588245218,0.13023694724945617,1,0,0.06666666666666667,0.06666666666666667,0.0,1.0,1.0,0.0,1.0,1.0,0.0,0.3706396115750656,0.5008765588245218,0.13023694724945617,1,0,0.06,0.06,0.0,1.0,1.0,0.0,1.0,1.0,0.0,0.3706396115750656,0.5008765588245218,0.13023694724945617,1,0,0.05454545454545454,0.05454545454545454,0.0,1.0,1.0,0.0,1.0,1.0,0.0,0.3706396115750656,0.5008765588245218,0.13023694724945617,1,0,0.05,0.05,0.0,1.0,1.0,0.0,1.0,1.0,0.0,0.3706396115750656,0.5008765588245218,0.13023694724945617,1,0
chunker-generic-sliding-window,Sliding-window chunker,Q-031,troubleshooting_diagnostics,R6350,0.0,0.0,0.0,0.0,0.0,0.0,0.0,0.0,0.0,0.0,0.0,0.0,0,0,0.0,0.0,0.0,0.0,0.0,0.0,0.0,0.0,0.0,0.0,0.0,0.0,0,0,0.0,0.0,0.0,0.0,0.0,0.0,0.0,0.0,0.0,0.0,0.0,0.0,0,0,0.0,0.0,0.0,0.0,0.0,0.0,0.0,0.0,0.0,0.0,0.0,0.0,0,0,0.0,0.0,0.0,0.0,0.0,0.0,0.0,0.0,0.0,0.0,0.0,0.0,0,0,0.0,0.0,0.0,0.0,0.0,0.0,0.0,0.0,0.0,0.0,0.0,0.0,0,0,0.0,0.0,0.0,0.0,0.0,0.0,0.0,0.0,0.0,0.0,0.0,0.0,0,0,0.0,0.0,0.0,0.0,0.0,0.0,0.0,0.0,0.0,0.0,0.0,0.0,0,0,0.0,0.0,0.0,0.0,0.0,0.0,0.0,0.0,0.0,0.0,0.0,0.0,0,0,0.0,0.0,0.0,0.0,0.0,0.0,0.0,0.0,0.0,0.0,0.0,0.0,0,0,0.0,0.0,0.0,0.0,0.0,0.0,0.0,0.0,0.0,0.0,0.0,0.0,0,0,0.0,0.0,0.0,0.0,0.0,0.0,0.0,0.0,0.0,0.0,0.0,0.0,0,0
chunker-generic-sliding-window,Sliding-window chunker,Q-032,facts_specifications,R7000,0.0,0.0,0.0,0.0,0.0,0.0,0.0,0.0,0.0,0.0,0.0,0.0,0,0,0.0,0.0,0.0,0.0,0.0,0.0,0.0,0.0,0.0,0.0,0.0,0.0,0,0,0.06666666666666667,0.0,-0.06666666666666667,1.0,0.0,-1.0,1.0,0.0,-1.0,0.15693994437792994,0.0,-0.15693994437792994,0,1,0.1,0.0,-0.1,1.0,0.0,-1.0,1.0,0.0,-1.0,0.3069467374862678,0.0,-0.3069467374862678,0,1,0.08,0.0,-0.08,1.0,0.0,-1.0,1.0,0.0,-1.0,0.3069467374862678,0.0,-0.3069467374862678,0,1,0.06666666666666667,0.0,-0.06666666666666667,1.0,0.0,-1.0,1.0,0.0,-1.0,0.3069467374862678,0.0,-0.3069467374862678,0,1,0.05714285714285714,0.0,-0.05714285714285714,1.0,0.0,-1.0,1.0,0.0,-1.0,0.3069467374862678,0.0,-0.3069467374862678,0,1,0.05,0.0,-0.05,1.0,0.0,-1.0,1.0,0.0,-1.0,0.3069467374862678,0.0,-0.3069467374862678,0,1,0.044444444444444446,0.0,-0.044444444444444446,1.0,0.0,-1.0,1.0,0.0,-1.0,0.3069467374862678,0.0,-0.3069467374862678,0,1,0.04,0.0,-0.04,1.0,0.0,-1.0,1.0,0.0,-1.0,0.3069467374862678,0.0,-0.3069467374862678,0,1,0.03636363636363636,0.0,-0.03636363636363636,1.0,0.0,-1.0,1.0,0.0,-1.0,0.3069467374862678,0.0,-0.3069467374862678,0,1,0.03333333333333333,0.0,-0.03333333333333333,1.0,0.0,-1.0,1.0,0.0,-1.0,0.3069467374862678,0.0,-0.3069467374862678,0,1
chunker-generic-sliding-window,Sliding-window chunker,Q-033,setup_configuration,R7000,0.2,0.2,0.0,1.0,1.0,0.0,1.0,1.0,0.0,0.23719771276929622,0.6131471927654584,0.37594947999616213,1,0,0.1,0.2,0.1,1.0,1.0,0.0,1.0,1.0,0.0,0.23719771276929622,0.7903864795495061,0.5531887667802099,1,0,0.06666666666666667,0.13333333333333333,0.06666666666666667,1.0,1.0,0.0,1.0,1.0,0.0,0.23719771276929622,0.7903864795495061,0.5531887667802099,1,0,0.05,0.1,0.05,1.0,1.0,0.0,1.0,1.0,0.0,0.23719771276929622,0.7903864795495061,0.5531887667802099,1,0,0.08,0.08,0.0,1.0,1.0,0.0,1.0,1.0,0.0,0.3709277471303228,0.7903864795495061,0.41945873241918336,1,0,0.06666666666666667,0.06666666666666667,0.0,1.0,1.0,0.0,1.0,1.0,0.0,0.3709277471303228,0.7903864795495061,0.41945873241918336,1,0,0.05714285714285714,0.05714285714285714,0.0,1.0,1.0,0.0,1.0,1.0,0.0,0.3709277471303228,0.7903864795495061,0.41945873241918336,1,0,0.05,0.05,0.0,1.0,1.0,0.0,1.0,1.0,0.0,0.3709277471303228,0.7903864795495061,0.41945873241918336,1,0,0.044444444444444446,0.044444444444444446,0.0,1.0,1.0,0.0,1.0,1.0,0.0,0.3709277471303228,0.7903864795495061,0.41945873241918336,1,0,0.04,0.04,0.0,1.0,1.0,0.0,1.0,1.0,0.0,0.3709277471303228,0.7903864795495061,0.41945873241918336,1,0,0.03636363636363636,0.03636363636363636,0.0,1.0,1.0,0.0,1.0,1.0,0.0,0.3709277471303228,0.7903864795495061,0.41945873241918336,1,0,0.03333333333333333,0.03333333333333333,0.0,1.0,1.0,0.0,1.0,1.0,0.0,0.3709277471303228,0.7903864795495061,0.41945873241918336,1,0
chunker-generic-sliding-window,Sliding-window chunker,Q-034,setup_configuration,R7000,0.0,0.0,0.0,0.0,0.0,0.0,0.0,0.0,0.0,0.0,0.0,0.0,0,0,0.0,0.0,0.0,0.0,0.0,0.0,0.0,0.0,0.0,0.0,0.0,0.0,0,0,0.0,0.0,0.0,0.0,0.0,0.0,0.0,0.0,0.0,0.0,0.0,0.0,0,0,0.0,0.0,0.0,0.0,0.0,0.0,0.0,0.0,0.0,0.0,0.0,0.0,0,0,0.0,0.0,0.0,0.0,0.0,0.0,0.0,0.0,0.0,0.0,0.0,0.0,0,0,0.0,0.0,0.0,0.0,0.0,0.0,0.0,0.0,0.0,0.0,0.0,0.0,0,0,0.0,0.0,0.0,0.0,0.0,0.0,0.0,0.0,0.0,0.0,0.0,0.0,0,0,0.0,0.0,0.0,0.0,0.0,0.0,0.0,0.0,0.0,0.0,0.0,0.0,0,0,0.0,0.0,0.0,0.0,0.0,0.0,0.0,0.0,0.0,0.0,0.0,0.0,0,0,0.0,0.0,0.0,0.0,0.0,0.0,0.0,0.0,0.0,0.0,0.0,0.0,0,0,0.0,0.0,0.0,0.0,0.0,0.0,0.0,0.0,0.0,0.0,0.0,0.0,0,0,0.0,0.0,0.0,0.0,0.0,0.0,0.0,0.0,0.0,0.0,0.0,0.0,0,0
chunker-generic-sliding-window,Sliding-window chunker,Q-035,facts_specifications,R7000,0.0,0.0,0.0,0.0,0.0,0.0,0.0,0.0,0.0,0.0,0.0,0.0,0,0,0.1,0.2,0.1,1.0,1.0,0.0,1.0,1.0,0.0,0.123151194370365,0.2188505885308512,0.09569939416048621,1,0,0.13333333333333333,0.13333333333333333,0.0,1.0,1.0,0.0,1.0,1.0,0.0,0.2230721008915004,0.2188505885308512,-0.004221512360649188,1,0,0.15,0.1,-0.04999999999999999,1.0,1.0,0.0,1.0,1.0,0.0,0.3185787917542082,0.2188505885308512,-0.09972820322335701,1,0,0.12,0.12,0.0,1.0,1.0,0.0,1.0,1.0,0.0,0.3185787917542082,0.2928228849717208,-0.025755906782487403,1,0,0.13333333333333333,0.13333333333333333,0.0,1.0,1.0,0.0,1.0,1.0,0.0,0.3973766482649884,0.36415163988323,-0.0332250083817584,1,0,0.11428571428571428,0.14285714285714285,0.028571428571428567,1.0,1.0,0.0,1.0,1.0,0.0,0.3973766482649884,0.43198368093795325,0.03460703267296483,1,0,0.1,0.125,0.024999999999999994,1.0,1.0,0.0,1.0,1.0,0.0,0.3973766482649884,0.43198368093795325,0.03460703267296483,1,0,0.08888888888888889,0.1111111111111111,0.022222222222222213,1.0,1.0,0.0,1.0,1.0,0.0,0.3973766482649884,0.43198368093795325,0.03460703267296483,1,0,0.08,0.1,0.020000000000000004,1.0,1.0,0.0,1.0,1.0,0.0,0.3973766482649884,0.43198368093795325,0.03460703267296483,1,0,0.07272727272727272,0.09090909090909091,0.018181818181818188,1.0,1.0,0.0,1.0,1.0,0.0,0.3973766482649884,0.43198368093795325,0.03460703267296483,1,0,0.06666666666666667,0.08333333333333333,0.016666666666666663,1.0,1.0,0.0,1.0,1.0,0.0,0.3973766482649884,0.43198368093795325,0.03460703267296483,1,0
chunker-generic-sliding-window,Sliding-window chunker,Q-036,facts_specifications,R7000,0.0,0.0,0.0,0.0,0.0,0.0,0.0,0.0,0.0,0.0,0.0,0.0,0,0,0.0,0.0,0.0,0.0,0.0,0.0,0.0,0.0,0.0,0.0,0.0,0.0,0,0,0.0,0.0,0.0,0.0,0.0,0.0,0.0,0.0,0.0,0.0,0.0,0.0,0,0,0.0,0.0,0.0,0.0,0.0,0.0,0.0,0.0,0.0,0.0,0.0,0.0,0,0,0.0,0.0,0.0,0.0,0.0,0.0,0.0,0.0,0.0,0.0,0.0,0.0,0,0,0.0,0.0,0.0,0.0,0.0,0.0,0.0,0.0,0.0,0.0,0.0,0.0,0,0,0.0,0.0,0.0,0.0,0.0,0.0,0.0,0.0,0.0,0.0,0.0,0.0,0,0,0.0,0.0,0.0,0.0,0.0,0.0,0.0,0.0,0.0,0.0,0.0,0.0,0,0,0.0,0.0,0.0,0.0,0.0,0.0,0.0,0.0,0.0,0.0,0.0,0.0,0,0,0.0,0.0,0.0,0.0,0.0,0.0,0.0,0.0,0.0,0.0,0.0,0.0,0,0,0.0,0.0,0.0,0.0,0.0,0.0,0.0,0.0,0.0,0.0,0.0,0.0,0,0,0.0,0.0,0.0,0.0,0.0,0.0,0.0,0.0,0.0,0.0,0.0,0.0,0,0
chunker-generic-sliding-window,Sliding-window chunker,Q-037,features_security_maintenance_limitations,R7000,0.0,0.0,0.0,0.0,0.0,0.0,0.0,0.0,0.0,0.0,0.0,0.0,0,0,0.0,0.0,0.0,0.0,0.0,0.0,0.0,0.0,0.0,0.0,0.0,0.0,0,0,0.0,0.0,0.0,0.0,0.0,0.0,0.0,0.0,0.0,0.0,0.0,0.0,0,0,0.0,0.0,0.0,0.0,0.0,0.0,0.0,0.0,0.0,0.0,0.0,0.0,0,0,0.0,0.0,0.0,0.0,0.0,0.0,0.0,0.0,0.0,0.0,0.0,0.0,0,0,0.0,0.0,0.0,0.0,0.0,0.0,0.0,0.0,0.0,0.0,0.0,0.0,0,0,0.0,0.0,0.0,0.0,0.0,0.0,0.0,0.0,0.0,0.0,0.0,0.0,0,0,0.0,0.0,0.0,0.0,0.0,0.0,0.0,0.0,0.0,0.0,0.0,0.0,0,0,0.0,0.0,0.0,0.0,0.0,0.0,0.0,0.0,0.0,0.0,0.0,0.0,0,0,0.0,0.0,0.0,0.0,0.0,0.0,0.0,0.0,0.0,0.0,0.0,0.0,0,0,0.0,0.0,0.0,0.0,0.0,0.0,0.0,0.0,0.0,0.0,0.0,0.0,0,0,0.0,0.0,0.0,0.0,0.0,0.0,0.0,0.0,0.0,0.0,0.0,0.0,0,0
chunker-generic-sliding-window,Sliding-window chunker,Q-038,setup_configuration,R7000,0.2,0.2,0.0,1.0,1.0,0.0,1.0,1.0,0.0,0.6309297535714575,1.0,0.36907024642854247,1,0,0.1,0.1,0.0,1.0,1.0,0.0,1.0,1.0,0.0,0.6309297535714575,1.0,0.36907024642854247,1,0,0.06666666666666667,0.06666666666666667,0.0,1.0,1.0,0.0,1.0,1.0,0.0,0.6309297535714575,1.0,0.36907024642854247,1,0,0.05,0.05,0.0,1.0,1.0,0.0,1.0,1.0,0.0,0.6309297535714575,1.0,0.36907024642854247,1,0,0.04,0.04,0.0,1.0,1.0,0.0,1.0,1.0,0.0,0.6309297535714575,1.0,0.36907024642854247,1,0,0.03333333333333333,0.03333333333333333,0.0,1.0,1.0,0.0,1.0,1.0,0.0,0.6309297535714575,1.0,0.36907024642854247,1,0,0.02857142857142857,0.02857142857142857,0.0,1.0,1.0,0.0,1.0,1.0,0.0,0.6309297535714575,1.0,0.36907024642854247,1,0,0.025,0.025,0.0,1.0,1.0,0.0,1.0,1.0,0.0,0.6309297535714575,1.0,0.36907024642854247,1,0,0.022222222222222223,0.022222222222222223,0.0,1.0,1.0,0.0,1.0,1.0,0.0,0.6309297535714575,1.0,0.36907024642854247,1,0,0.02,0.02,0.0,1.0,1.0,0.0,1.0,1.0,0.0,0.6309297535714575,1.0,0.36907024642854247,1,0,0.01818181818181818,0.01818181818181818,0.0,1.0,1.0,0.0,1.0,1.0,0.0,0.6309297535714575,1.0,0.36907024642854247,1,0,0.016666666666666666,0.016666666666666666,0.0,1.0,1.0,0.0,1.0,1.0,0.0,0.6309297535714575,1.0,0.36907024642854247,1,0
chunker-generic-sliding-window,Sliding-window chunker,Q-039,features_security_maintenance_limitations,R7000,0.2,0.0,-0.2,1.0,0.0,-1.0,1.0,0.0,-1.0,1.0,0.0,-1.0,0,1,0.1,0.0,-0.1,1.0,0.0,-1.0,1.0,0.0,-1.0,1.0,0.0,-1.0,0,1,0.06666666666666667,0.0,-0.06666666666666667,1.0,0.0,-1.0,1.0,0.0,-1.0,1.0,0.0,-1.0,0,1,0.05,0.05,0.0,1.0,1.0,0.0,1.0,1.0,0.0,1.0,0.227670248696953,-0.772329751303047,1,0,0.04,0.04,0.0,1.0,1.0,0.0,1.0,1.0,0.0,1.0,0.227670248696953,-0.772329751303047,1,0,0.03333333333333333,0.03333333333333333,0.0,1.0,1.0,0.0,1.0,1.0,0.0,1.0,0.227670248696953,-0.772329751303047,1,0,0.02857142857142857,0.02857142857142857,0.0,1.0,1.0,0.0,1.0,1.0,0.0,1.0,0.227670248696953,-0.772329751303047,1,0,0.025,0.025,0.0,1.0,1.0,0.0,1.0,1.0,0.0,1.0,0.227670248696953,-0.772329751303047,1,0,0.022222222222222223,0.022222222222222223,0.0,1.0,1.0,0.0,1.0,1.0,0.0,1.0,0.227670248696953,-0.772329751303047,1,0,0.02,0.02,0.0,1.0,1.0,0.0,1.0,1.0,0.0,1.0,0.227670248696953,-0.772329751303047,1,0,0.01818181818181818,0.01818181818181818,0.0,1.0,1.0,0.0,1.0,1.0,0.0,1.0,0.227670248696953,-0.772329751303047,1,0,0.016666666666666666,0.016666666666666666,0.0,1.0,1.0,0.0,1.0,1.0,0.0,1.0,0.227670248696953,-0.772329751303047,1,0
chunker-generic-sliding-window,Sliding-window chunker,Q-040,setup_configuration,R7000,0.4,0.2,-0.2,1.0,1.0,0.0,1.0,1.0,0.0,0.9197207891481876,0.2640681225725909,-0.6556526665755966,1,0,0.2,0.2,0.0,1.0,1.0,0.0,1.0,1.0,0.0,0.9197207891481876,0.48247555939075504,-0.4372452297574325,1,0,0.13333333333333333,0.13333333333333333,0.0,1.0,1.0,0.0,1.0,1.0,0.0,0.9197207891481876,0.48247555939075504,-0.4372452297574325,1,0,0.1,0.1,0.0,1.0,1.0,0.0,1.0,1.0,0.0,0.9197207891481876,0.48247555939075504,-0.4372452297574325,1,0,0.08,0.08,0.0,1.0,1.0,0.0,1.0,1.0,0.0,0.9197207891481876,0.48247555939075504,-0.4372452297574325,1,0,0.06666666666666667,0.06666666666666667,0.0,1.0,1.0,0.0,1.0,1.0,0.0,0.9197207891481876,0.48247555939075504,-0.4372452297574325,1,0,0.05714285714285714,0.05714285714285714,0.0,1.0,1.0,0.0,1.0,1.0,0.0,0.9197207891481876,0.48247555939075504,-0.4372452297574325,1,0,0.05,0.05,0.0,1.0,1.0,0.0,1.0,1.0,0.0,0.9197207891481876,0.48247555939075504,-0.4372452297574325,1,0,0.044444444444444446,0.044444444444444446,0.0,1.0,1.0,0.0,1.0,1.0,0.0,0.9197207891481876,0.48247555939075504,-0.4372452297574325,1,0,0.04,0.04,0.0,1.0,1.0,0.0,1.0,1.0,0.0,0.9197207891481876,0.48247555939075504,-0.4372452297574325,1,0,0.03636363636363636,0.03636363636363636,0.0,1.0,1.0,0.0,1.0,1.0,0.0,0.9197207891481876,0.48247555939075504,-0.4372452297574325,1,0,0.03333333333333333,0.03333333333333333,0.0,1.0,1.0,0.0,1.0,1.0,0.0,0.9197207891481876,0.48247555939075504,-0.4372452297574325,1,0
chunker-generic-sliding-window,Sliding-window chunker,Q-041,setup_configuration,R7000,0.0,0.0,0.0,0.0,0.0,0.0,0.0,0.0,0.0,0.0,0.0,0.0,0,0,0.0,0.0,0.0,0.0,0.0,0.0,0.0,0.0,0.0,0.0,0.0,0.0,0,0,0.0,0.0,0.0,0.0,0.0,0.0,0.0,0.0,0.0,0.0,0.0,0.0,0,0,0.0,0.0,0.0,0.0,0.0,0.0,0.0,0.0,0.0,0.0,0.0,0.0,0,0,0.04,0.0,-0.04,1.0,0.0,-1.0,1.0,0.0,-1.0,0.13203406128629544,0.0,-0.13203406128629544,0,1,0.06666666666666667,0.0,-0.06666666666666667,1.0,0.0,-1.0,1.0,0.0,-1.0,0.25957762790588346,0.0,-0.25957762790588346,0,1,0.05714285714285714,0.0,-0.05714285714285714,1.0,0.0,-1.0,1.0,0.0,-1.0,0.25957762790588346,0.0,-0.25957762790588346,0,1,0.05,0.0,-0.05,1.0,0.0,-1.0,1.0,0.0,-1.0,0.25957762790588346,0.0,-0.25957762790588346,0,1,0.044444444444444446,0.0,-0.044444444444444446,1.0,0.0,-1.0,1.0,0.0,-1.0,0.25957762790588346,0.0,-0.25957762790588346,0,1,0.04,0.0,-0.04,1.0,0.0,-1.0,1.0,0.0,-1.0,0.25957762790588346,0.0,-0.25957762790588346,0,1,0.03636363636363636,0.0,-0.03636363636363636,1.0,0.0,-1.0,1.0,0.0,-1.0,0.25957762790588346,0.0,-0.25957762790588346,0,1,0.03333333333333333,0.0,-0.03333333333333333,1.0,0.0,-1.0,1.0,0.0,-1.0,0.25957762790588346,0.0,-0.25957762790588346,0,1
chunker-generic-sliding-window,Sliding-window chunker,Q-042,troubleshooting_diagnostics,R7000,0.0,0.0,0.0,0.0,0.0,0.0,0.0,0.0,0.0,0.0,0.0,0.0,0,0,0.0,0.0,0.0,0.0,0.0,0.0,0.0,0.0,0.0,0.0,0.0,0.0,0,0,0.06666666666666667,0.0,-0.06666666666666667,1.0,0.0,-1.0,1.0,0.0,-1.0,0.25,0.0,-0.25,0,1,0.05,0.0,-0.05,1.0,0.0,-1.0,1.0,0.0,-1.0,0.25,0.0,-0.25,0,1,0.04,0.04,0.0,1.0,1.0,0.0,1.0,1.0,0.0,0.25,0.21274605355336318,-0.03725394644663682,1,0,0.03333333333333333,0.03333333333333333,0.0,1.0,1.0,0.0,1.0,1.0,0.0,0.25,0.21274605355336318,-0.03725394644663682,1,0,0.02857142857142857,0.02857142857142857,0.0,1.0,1.0,0.0,1.0,1.0,0.0,0.25,0.21274605355336318,-0.03725394644663682,1,0,0.025,0.025,0.0,1.0,1.0,0.0,1.0,1.0,0.0,0.25,0.21274605355336318,-0.03725394644663682,1,0,0.022222222222222223,0.022222222222222223,0.0,1.0,1.0,0.0,1.0,1.0,0.0,0.25,0.21274605355336318,-0.03725394644663682,1,0,0.02,0.02,0.0,1.0,1.0,0.0,1.0,1.0,0.0,0.25,0.21274605355336318,-0.03725394644663682,1,0,0.01818181818181818,0.01818181818181818,0.0,1.0,1.0,0.0,1.0,1.0,0.0,0.25,0.21274605355336318,-0.03725394644663682,1,0,0.016666666666666666,0.016666666666666666,0.0,1.0,1.0,0.0,1.0,1.0,0.0,0.25,0.21274605355336318,-0.03725394644663682,1,0
chunker-generic-sliding-window,Sliding-window chunker,Q-043,troubleshooting_diagnostics,R7000,0.2,0.0,-0.2,1.0,0.0,-1.0,1.0,0.0,-1.0,0.38685280723454163,0.0,-0.38685280723454163,0,1,0.1,0.0,-0.1,1.0,0.0,-1.0,1.0,0.0,-1.0,0.38685280723454163,0.0,-0.38685280723454163,0,1,0.06666666666666667,0.0,-0.06666666666666667,1.0,0.0,-1.0,1.0,0.0,-1.0,0.38685280723454163,0.0,-0.38685280723454163,0,1,0.05,0.0,-0.05,1.0,0.0,-1.0,1.0,0.0,-1.0,0.38685280723454163,0.0,-0.38685280723454163,0,1,0.04,0.0,-0.04,1.0,0.0,-1.0,1.0,0.0,-1.0,0.38685280723454163,0.0,-0.38685280723454163,0,1,0.03333333333333333,0.0,-0.03333333333333333,1.0,0.0,-1.0,1.0,0.0,-1.0,0.38685280723454163,0.0,-0.38685280723454163,0,1,0.02857142857142857,0.0,-0.02857142857142857,1.0,0.0,-1.0,1.0,0.0,-1.0,0.38685280723454163,0.0,-0.38685280723454163,0,1,0.025,0.0,-0.025,1.0,0.0,-1.0,1.0,0.0,-1.0,0.38685280723454163,0.0,-0.38685280723454163,0,1,0.022222222222222223,0.0,-0.022222222222222223,1.0,0.0,-1.0,1.0,0.0,-1.0,0.38685280723454163,0.0,-0.38685280723454163,0,1,0.02,0.0,-0.02,1.0,0.0,-1.0,1.0,0.0,-1.0,0.38685280723454163,0.0,-0.38685280723454163,0,1,0.01818181818181818,0.0,-0.01818181818181818,1.0,0.0,-1.0,1.0,0.0,-1.0,0.38685280723454163,0.0,-0.38685280723454163,0,1,0.016666666666666666,0.0,-0.016666666666666666,1.0,0.0,-1.0,1.0,0.0,-1.0,0.38685280723454163,0.0,-0.38685280723454163,0,1
chunker-generic-sliding-window,Sliding-window chunker,Q-044,facts_specifications,RAX120,0.0,0.0,0.0,0.0,0.0,0.0,0.0,0.0,0.0,0.0,0.0,0.0,0,0,0.0,0.0,0.0,0.0,0.0,0.0,0.0,0.0,0.0,0.0,0.0,0.0,0,0,0.0,0.0,0.0,0.0,0.0,0.0,0.0,0.0,0.0,0.0,0.0,0.0,0,0,0.0,0.0,0.0,0.0,0.0,0.0,0.0,0.0,0.0,0.0,0.0,0.0,0,0,0.0,0.0,0.0,0.0,0.0,0.0,0.0,0.0,0.0,0.0,0.0,0.0,0,0,0.0,0.0,0.0,0.0,0.0,0.0,0.0,0.0,0.0,0.0,0.0,0.0,0,0,0.0,0.0,0.0,0.0,0.0,0.0,0.0,0.0,0.0,0.0,0.0,0.0,0,0,0.0,0.0,0.0,0.0,0.0,0.0,0.0,0.0,0.0,0.0,0.0,0.0,0,0,0.0,0.0,0.0,0.0,0.0,0.0,0.0,0.0,0.0,0.0,0.0,0.0,0,0,0.0,0.0,0.0,0.0,0.0,0.0,0.0,0.0,0.0,0.0,0.0,0.0,0,0,0.0,0.0,0.0,0.0,0.0,0.0,0.0,0.0,0.0,0.0,0.0,0.0,0,0,0.0,0.0,0.0,0.0,0.0,0.0,0.0,0.0,0.0,0.0,0.0,0.0,0,0
chunker-generic-sliding-window,Sliding-window chunker,Q-045,facts_specifications,RAX120,0.2,0.2,0.0,1.0,1.0,0.0,1.0,1.0,0.0,1.0,0.38685280723454163,-0.6131471927654584,1,0,0.1,0.1,0.0,1.0,1.0,0.0,1.0,1.0,0.0,1.0,0.38685280723454163,-0.6131471927654584,1,0,0.06666666666666667,0.06666666666666667,0.0,1.0,1.0,0.0,1.0,1.0,0.0,1.0,0.38685280723454163,-0.6131471927654584,1,0,0.05,0.05,0.0,1.0,1.0,0.0,1.0,1.0,0.0,1.0,0.38685280723454163,-0.6131471927654584,1,0,0.04,0.04,0.0,1.0,1.0,0.0,1.0,1.0,0.0,1.0,0.38685280723454163,-0.6131471927654584,1,0,0.03333333333333333,0.03333333333333333,0.0,1.0,1.0,0.0,1.0,1.0,0.0,1.0,0.38685280723454163,-0.6131471927654584,1,0,0.02857142857142857,0.02857142857142857,0.0,1.0,1.0,0.0,1.0,1.0,0.0,1.0,0.38685280723454163,-0.6131471927654584,1,0,0.025,0.025,0.0,1.0,1.0,0.0,1.0,1.0,0.0,1.0,0.38685280723454163,-0.6131471927654584,1,0,0.022222222222222223,0.022222222222222223,0.0,1.0,1.0,0.0,1.0,1.0,0.0,1.0,0.38685280723454163,-0.6131471927654584,1,0,0.02,0.02,0.0,1.0,1.0,0.0,1.0,1.0,0.0,1.0,0.38685280723454163,-0.6131471927654584,1,0,0.01818181818181818,0.01818181818181818,0.0,1.0,1.0,0.0,1.0,1.0,0.0,1.0,0.38685280723454163,-0.6131471927654584,1,0,0.016666666666666666,0.016666666666666666,0.0,1.0,1.0,0.0,1.0,1.0,0.0,1.0,0.38685280723454163,-0.6131471927654584,1,0
chunker-generic-sliding-window,Sliding-window chunker,Q-046,setup_configuration,RAX120,0.2,0.2,0.0,1.0,1.0,0.0,1.0,1.0,0.0,0.6309297535714575,0.6309297535714575,0.0,1,0,0.1,0.1,0.0,1.0,1.0,0.0,1.0,1.0,0.0,0.6309297535714575,0.6309297535714575,0.0,1,0,0.06666666666666667,0.06666666666666667,0.0,1.0,1.0,0.0,1.0,1.0,0.0,0.6309297535714575,0.6309297535714575,0.0,1,0,0.05,0.05,0.0,1.0,1.0,0.0,1.0,1.0,0.0,0.6309297535714575,0.6309297535714575,0.0,1,0,0.04,0.04,0.0,1.0,1.0,0.0,1.0,1.0,0.0,0.6309297535714575,0.6309297535714575,0.0,1,0,0.03333333333333333,0.03333333333333333,0.0,1.0,1.0,0.0,1.0,1.0,0.0,0.6309297535714575,0.6309297535714575,0.0,1,0,0.02857142857142857,0.02857142857142857,0.0,1.0,1.0,0.0,1.0,1.0,0.0,0.6309297535714575,0.6309297535714575,0.0,1,0,0.025,0.025,0.0,1.0,1.0,0.0,1.0,1.0,0.0,0.6309297535714575,0.6309297535714575,0.0,1,0,0.022222222222222223,0.022222222222222223,0.0,1.0,1.0,0.0,1.0,1.0,0.0,0.6309297535714575,0.6309297535714575,0.0,1,0,0.02,0.02,0.0,1.0,1.0,0.0,1.0,1.0,0.0,0.6309297535714575,0.6309297535714575,0.0,1,0,0.01818181818181818,0.01818181818181818,0.0,1.0,1.0,0.0,1.0,1.0,0.0,0.6309297535714575,0.6309297535714575,0.0,1,0,0.016666666666666666,0.016666666666666666,0.0,1.0,1.0,0.0,1.0,1.0,0.0,0.6309297535714575,0.6309297535714575,0.0,1,0
chunker-generic-sliding-window,Sliding-window chunker,Q-047,facts_specifications,RAX120,0.0,0.0,0.0,0.0,0.0,0.0,0.0,0.0,0.0,0.0,0.0,0.0,0,0,0.0,0.0,0.0,0.0,0.0,0.0,0.0,0.0,0.0,0.0,0.0,0.0,0,0,0.0,0.0,0.0,0.0,0.0,0.0,0.0,0.0,0.0,0.0,0.0,0.0,0,0,0.0,0.0,0.0,0.0,0.0,0.0,0.0,0.0,0.0,0.0,0.0,0.0,0,0,0.0,0.0,0.0,0.0,0.0,0.0,0.0,0.0,0.0,0.0,0.0,0.0,0,0,0.0,0.0,0.0,0.0,0.0,0.0,0.0,0.0,0.0,0.0,0.0,0.0,0,0,0.0,0.0,0.0,0.0,0.0,0.0,0.0,0.0,0.0,0.0,0.0,0.0,0,0,0.0,0.0,0.0,0.0,0.0,0.0,0.0,0.0,0.0,0.0,0.0,0.0,0,0,0.0,0.0,0.0,0.0,0.0,0.0,0.0,0.0,0.0,0.0,0.0,0.0,0,0,0.0,0.0,0.0,0.0,0.0,0.0,0.0,0.0,0.0,0.0,0.0,0.0,0,0,0.0,0.0,0.0,0.0,0.0,0.0,0.0,0.0,0.0,0.0,0.0,0.0,0,0,0.0,0.0,0.0,0.0,0.0,0.0,0.0,0.0,0.0,0.0,0.0,0.0,0,0
chunker-generic-sliding-window,Sliding-window chunker,Q-048,setup_configuration,RAX120,0.0,0.0,0.0,0.0,0.0,0.0,0.0,0.0,0.0,0.0,0.0,0.0,0,0,0.1,0.0,-0.1,1.0,0.0,-1.0,1.0,0.0,-1.0,0.3010299956639812,0.0,-0.3010299956639812,0,1,0.06666666666666667,0.0,-0.06666666666666667,1.0,0.0,-1.0,1.0,0.0,-1.0,0.3010299956639812,0.0,-0.3010299956639812,0,1,0.05,0.0,-0.05,1.0,0.0,-1.0,1.0,0.0,-1.0,0.3010299956639812,0.0,-0.3010299956639812,0,1,0.04,0.0,-0.04,1.0,0.0,-1.0,1.0,0.0,-1.0,0.3010299956639812,0.0,-0.3010299956639812,0,1,0.03333333333333333,0.0,-0.03333333333333333,1.0,0.0,-1.0,1.0,0.0,-1.0,0.3010299956639812,0.0,-0.3010299956639812,0,1,0.02857142857142857,0.0,-0.02857142857142857,1.0,0.0,-1.0,1.0,0.0,-1.0,0.3010299956639812,0.0,-0.3010299956639812,0,1,0.025,0.0,-0.025,1.0,0.0,-1.0,1.0,0.0,-1.0,0.3010299956639812,0.0,-0.3010299956639812,0,1,0.022222222222222223,0.0,-0.022222222222222223,1.0,0.0,-1.0,1.0,0.0,-1.0,0.3010299956639812,0.0,-0.3010299956639812,0,1,0.02,0.0,-0.02,1.0,0.0,-1.0,1.0,0.0,-1.0,0.3010299956639812,0.0,-0.3010299956639812,0,1,0.01818181818181818,0.0,-0.01818181818181818,1.0,0.0,-1.0,1.0,0.0,-1.0,0.3010299956639812,0.0,-0.3010299956639812,0,1,0.016666666666666666,0.0,-0.016666666666666666,1.0,0.0,-1.0,1.0,0.0,-1.0,0.3010299956639812,0.0,-0.3010299956639812,0,1
chunker-generic-sliding-window,Sliding-window chunker,Q-049,features_security_maintenance_limitations,RAX120,0.0,0.0,0.0,0.0,0.0,0.0,0.0,0.0,0.0,0.0,0.0,0.0,0,0,0.0,0.0,0.0,0.0,0.0,0.0,0.0,0.0,0.0,0.0,0.0,0.0,0,0,0.0,0.0,0.0,0.0,0.0,0.0,0.0,0.0,0.0,0.0,0.0,0.0,0,0,0.0,0.0,0.0,0.0,0.0,0.0,0.0,0.0,0.0,0.0,0.0,0.0,0,0,0.0,0.0,0.0,0.0,0.0,0.0,0.0,0.0,0.0,0.0,0.0,0.0,0,0,0.0,0.0,0.0,0.0,0.0,0.0,0.0,0.0,0.0,0.0,0.0,0.0,0,0,0.0,0.0,0.0,0.0,0.0,0.0,0.0,0.0,0.0,0.0,0.0,0.0,0,0,0.0,0.0,0.0,0.0,0.0,0.0,0.0,0.0,0.0,0.0,0.0,0.0,0,0,0.0,0.0,0.0,0.0,0.0,0.0,0.0,0.0,0.0,0.0,0.0,0.0,0,0,0.0,0.0,0.0,0.0,0.0,0.0,0.0,0.0,0.0,0.0,0.0,0.0,0,0,0.0,0.0,0.0,0.0,0.0,0.0,0.0,0.0,0.0,0.0,0.0,0.0,0,0,0.0,0.0,0.0,0.0,0.0,0.0,0.0,0.0,0.0,0.0,0.0,0.0,0,0
chunker-generic-sliding-window,Sliding-window chunker,Q-050,facts_specifications,RAX120,0.0,0.0,0.0,0.0,0.0,0.0,0.0,0.0,0.0,0.0,0.0,0.0,0,0,0.1,0.0,-0.1,1.0,0.0,-1.0,1.0,0.0,-1.0,0.19342640361727081,0.0,-0.19342640361727081,0,1,0.06666666666666667,0.0,-0.06666666666666667,1.0,0.0,-1.0,1.0,0.0,-1.0,0.19342640361727081,0.0,-0.19342640361727081,0,1,0.1,0.05,-0.05,1.0,1.0,0.0,1.0,1.0,0.0,0.3330217774820213,0.24465054211822604,-0.08837123536379524,1,0,0.08,0.04,-0.04,1.0,1.0,0.0,1.0,1.0,0.0,0.3330217774820213,0.24465054211822604,-0.08837123536379524,1,0,0.06666666666666667,0.03333333333333333,-0.03333333333333333,1.0,1.0,0.0,1.0,1.0,0.0,0.3330217774820213,0.24465054211822604,-0.08837123536379524,1,0,0.05714285714285714,0.02857142857142857,-0.02857142857142857,1.0,1.0,0.0,1.0,1.0,0.0,0.3330217774820213,0.24465054211822604,-0.08837123536379524,1,0,0.05,0.025,-0.025,1.0,1.0,0.0,1.0,1.0,0.0,0.3330217774820213,0.24465054211822604,-0.08837123536379524,1,0,0.044444444444444446,0.022222222222222223,-0.022222222222222223,1.0,1.0,0.0,1.0,1.0,0.0,0.3330217774820213,0.24465054211822604,-0.08837123536379524,1,0,0.04,0.02,-0.02,1.0,1.0,0.0,1.0,1.0,0.0,0.3330217774820213,0.24465054211822604,-0.08837123536379524,1,0,0.03636363636363636,0.01818181818181818,-0.01818181818181818,1.0,1.0,0.0,1.0,1.0,0.0,0.3330217774820213,0.24465054211822604,-0.08837123536379524,1,0,0.03333333333333333,0.016666666666666666,-0.016666666666666666,1.0,1.0,0.0,1.0,1.0,0.0,0.3330217774820213,0.24465054211822604,-0.08837123536379524,1,0
chunker-generic-sliding-window,Sliding-window chunker,Q-051,setup_configuration,RAX120,0.0,0.0,0.0,0.0,0.0,0.0,0.0,0.0,0.0,0.0,0.0,0.0,0,0,0.0,0.0,0.0,0.0,0.0,0.0,0.0,0.0,0.0,0.0,0.0,0.0,0,0,0.0,0.06666666666666667,0.06666666666666667,0.0,1.0,1.0,0.0,1.0,1.0,0.0,0.25,0.25,0,1,0.0,0.05,0.05,0.0,1.0,1.0,0.0,1.0,1.0,0.0,0.25,0.25,0,1,0.0,0.04,0.04,0.0,1.0,1.0,0.0,1.0,1.0,0.0,0.25,0.25,0,1,0.0,0.03333333333333333,0.03333333333333333,0.0,1.0,1.0,0.0,1.0,1.0,0.0,0.25,0.25,0,1,0.0,0.02857142857142857,0.02857142857142857,0.0,1.0,1.0,0.0,1.0,1.0,0.0,0.25,0.25,0,1,0.0,0.025,0.025,0.0,1.0,1.0,0.0,1.0,1.0,0.0,0.25,0.25,0,1,0.0,0.022222222222222223,0.022222222222222223,0.0,1.0,1.0,0.0,1.0,1.0,0.0,0.25,0.25,0,1,0.0,0.02,0.02,0.0,1.0,1.0,0.0,1.0,1.0,0.0,0.25,0.25,0,1,0.0,0.01818181818181818,0.01818181818181818,0.0,1.0,1.0,0.0,1.0,1.0,0.0,0.25,0.25,0,1,0.0,0.016666666666666666,0.016666666666666666,0.0,1.0,1.0,0.0,1.0,1.0,0.0,0.25,0.25,0,1
chunker-generic-sliding-window,Sliding-window chunker,Q-052,features_security_maintenance_limitations,RAX120,0.2,0.2,0.0,1.0,1.0,0.0,1.0,1.0,0.0,0.18154179253735267,0.23463936301137822,0.05309757047402555,1,0,0.3,0.1,-0.19999999999999998,1.0,1.0,0.0,1.0,1.0,0.0,0.4736200079773859,0.23463936301137822,-0.23898064496600768,1,0,0.2,0.13333333333333333,-0.06666666666666668,1.0,1.0,0.0,1.0,1.0,0.0,0.4736200079773859,0.3547550188094295,-0.1188649891679564,1,0,0.15,0.1,-0.04999999999999999,1.0,1.0,0.0,1.0,1.0,0.0,0.4736200079773859,0.3547550188094295,-0.1188649891679564,1,0,0.12,0.08,-0.039999999999999994,1.0,1.0,0.0,1.0,1.0,0.0,0.4736200079773859,0.3547550188094295,-0.1188649891679564,1,0,0.1,0.06666666666666667,-0.03333333333333334,1.0,1.0,0.0,1.0,1.0,0.0,0.4736200079773859,0.3547550188094295,-0.1188649891679564,1,0,0.08571428571428572,0.08571428571428572,0.0,1.0,1.0,0.0,1.0,1.0,0.0,0.4736200079773859,0.44552591507810585,-0.028094092899280054,1,0,0.075,0.075,0.0,1.0,1.0,0.0,1.0,1.0,0.0,0.4736200079773859,0.44552591507810585,-0.028094092899280054,1,0,0.06666666666666667,0.06666666666666667,0.0,1.0,1.0,0.0,1.0,1.0,0.0,0.4736200079773859,0.44552591507810585,-0.028094092899280054,1,0,0.06,0.06,0.0,1.0,1.0,0.0,1.0,1.0,0.0,0.4736200079773859,0.44552591507810585,-0.028094092899280054,1,0,0.05454545454545454,0.05454545454545454,0.0,1.0,1.0,0.0,1.0,1.0,0.0,0.4736200079773859,0.44552591507810585,-0.028094092899280054,1,0,0.05,0.05,0.0,1.0,1.0,0.0,1.0,1.0,0.0,0.4736200079773859,0.44552591507810585,-0.028094092899280054,1,0
chunker-generic-sliding-window,Sliding-window chunker,Q-053,facts_specifications,RAX120,0.0,0.0,0.0,0.0,0.0,0.0,0.0,0.0,0.0,0.0,0.0,0.0,0,0,0.0,0.1,0.1,0.0,1.0,1.0,0.0,1.0,1.0,0.0,0.3562071871080222,0.3562071871080222,0,1,0.0,0.06666666666666667,0.06666666666666667,0.0,1.0,1.0,0.0,1.0,1.0,0.0,0.3562071871080222,0.3562071871080222,0,1,0.0,0.05,0.05,0.0,1.0,1.0,0.0,1.0,1.0,0.0,0.3562071871080222,0.3562071871080222,0,1,0.0,0.04,0.04,0.0,1.0,1.0,0.0,1.0,1.0,0.0,0.3562071871080222,0.3562071871080222,0,1,0.0,0.03333333333333333,0.03333333333333333,0.0,1.0,1.0,0.0,1.0,1.0,0.0,0.3562071871080222,0.3562071871080222,0,1,0.0,0.02857142857142857,0.02857142857142857,0.0,1.0,1.0,0.0,1.0,1.0,0.0,0.3562071871080222,0.3562071871080222,0,1,0.0,0.025,0.025,0.0,1.0,1.0,0.0,1.0,1.0,0.0,0.3562071871080222,0.3562071871080222,0,1,0.0,0.022222222222222223,0.022222222222222223,0.0,1.0,1.0,0.0,1.0,1.0,0.0,0.3562071871080222,0.3562071871080222,0,1,0.0,0.02,0.02,0.0,1.0,1.0,0.0,1.0,1.0,0.0,0.3562071871080222,0.3562071871080222,0,1,0.0,0.01818181818181818,0.01818181818181818,0.0,1.0,1.0,0.0,1.0,1.0,0.0,0.3562071871080222,0.3562071871080222,0,1,0.0,0.016666666666666666,0.016666666666666666,0.0,1.0,1.0,0.0,1.0,1.0,0.0,0.3562071871080222,0.3562071871080222,0,1
chunker-generic-sliding-window,Sliding-window chunker,Q-054,troubleshooting_diagnostics,RAX120,0.0,0.0,0.0,0.0,0.0,0.0,0.0,0.0,0.0,0.0,0.0,0.0,0,0,0.0,0.1,0.1,0.0,1.0,1.0,0.0,1.0,1.0,0.0,0.31546487678572877,0.31546487678572877,0,1,0.0,0.06666666666666667,0.06666666666666667,0.0,1.0,1.0,0.0,1.0,1.0,0.0,0.31546487678572877,0.31546487678572877,0,1,0.0,0.05,0.05,0.0,1.0,1.0,0.0,1.0,1.0,0.0,0.31546487678572877,0.31546487678572877,0,1,0.0,0.04,0.04,0.0,1.0,1.0,0.0,1.0,1.0,0.0,0.31546487678572877,0.31546487678572877,0,1,0.0,0.03333333333333333,0.03333333333333333,0.0,1.0,1.0,0.0,1.0,1.0,0.0,0.31546487678572877,0.31546487678572877,0,1,0.0,0.02857142857142857,0.02857142857142857,0.0,1.0,1.0,0.0,1.0,1.0,0.0,0.31546487678572877,0.31546487678572877,0,1,0.0,0.025,0.025,0.0,1.0,1.0,0.0,1.0,1.0,0.0,0.31546487678572877,0.31546487678572877,0,1,0.0,0.022222222222222223,0.022222222222222223,0.0,1.0,1.0,0.0,1.0,1.0,0.0,0.31546487678572877,0.31546487678572877,0,1,0.0,0.02,0.02,0.0,1.0,1.0,0.0,1.0,1.0,0.0,0.31546487678572877,0.31546487678572877,0,1,0.0,0.01818181818181818,0.01818181818181818,0.0,1.0,1.0,0.0,1.0,1.0,0.0,0.31546487678572877,0.31546487678572877,0,1,0.0,0.016666666666666666,0.016666666666666666,0.0,1.0,1.0,0.0,1.0,1.0,0.0,0.31546487678572877,0.31546487678572877,0,1
chunker-generic-sliding-window,Sliding-window chunker,Q-055,facts_specifications,RAX120,0.0,0.0,0.0,0.0,0.0,0.0,0.0,0.0,0.0,0.0,0.0,0.0,0,0,0.1,0.1,0.0,1.0,1.0,0.0,1.0,1.0,0.0,0.3562071871080222,0.3333333333333333,-0.022873853774688868,1,0,0.06666666666666667,0.06666666666666667,0.0,1.0,1.0,0.0,1.0,1.0,0.0,0.3562071871080222,0.3333333333333333,-0.022873853774688868,1,0,0.05,0.05,0.0,1.0,1.0,0.0,1.0,1.0,0.0,0.3562071871080222,0.3333333333333333,-0.022873853774688868,1,0,0.04,0.04,0.0,1.0,1.0,0.0,1.0,1.0,0.0,0.3562071871080222,0.3333333333333333,-0.022873853774688868,1,0,0.03333333333333333,0.03333333333333333,0.0,1.0,1.0,0.0,1.0,1.0,0.0,0.3562071871080222,0.3333333333333333,-0.022873853774688868,1,0,0.02857142857142857,0.02857142857142857,0.0,1.0,1.0,0.0,1.0,1.0,0.0,0.3562071871080222,0.3333333333333333,-0.022873853774688868,1,0,0.025,0.025,0.0,1.0,1.0,0.0,1.0,1.0,0.0,0.3562071871080222,0.3333333333333333,-0.022873853774688868,1,0,0.022222222222222223,0.022222222222222223,0.0,1.0,1.0,0.0,1.0,1.0,0.0,0.3562071871080222,0.3333333333333333,-0.022873853774688868,1,0,0.02,0.02,0.0,1.0,1.0,0.0,1.0,1.0,0.0,0.3562071871080222,0.3333333333333333,-0.022873853774688868,1,0,0.01818181818181818,0.01818181818181818,0.0,1.0,1.0,0.0,1.0,1.0,0.0,0.3562071871080222,0.3333333333333333,-0.022873853774688868,1,0,0.016666666666666666,0.016666666666666666,0.0,1.0,1.0,0.0,1.0,1.0,0.0,0.3562071871080222,0.3333333333333333,-0.022873853774688868,1,0
chunker-generic-sliding-window,Sliding-window chunker,Q-056,troubleshooting_diagnostics,RAX50,0.2,0.0,-0.2,1.0,0.0,-1.0,1.0,0.0,-1.0,0.5,0.0,-0.5,0,1,0.1,0.0,-0.1,1.0,0.0,-1.0,1.0,0.0,-1.0,0.5,0.0,-0.5,0,1,0.06666666666666667,0.0,-0.06666666666666667,1.0,0.0,-1.0,1.0,0.0,-1.0,0.5,0.0,-0.5,0,1,0.05,0.0,-0.05,1.0,0.0,-1.0,1.0,0.0,-1.0,0.5,0.0,-0.5,0,1,0.04,0.04,0.0,1.0,1.0,0.0,1.0,1.0,0.0,0.5,0.22424382421757544,-0.27575617578242456,1,0,0.03333333333333333,0.03333333333333333,0.0,1.0,1.0,0.0,1.0,1.0,0.0,0.5,0.22424382421757544,-0.27575617578242456,1,0,0.02857142857142857,0.02857142857142857,0.0,1.0,1.0,0.0,1.0,1.0,0.0,0.5,0.22424382421757544,-0.27575617578242456,1,0,0.025,0.025,0.0,1.0,1.0,0.0,1.0,1.0,0.0,0.5,0.22424382421757544,-0.27575617578242456,1,0,0.022222222222222223,0.022222222222222223,0.0,1.0,1.0,0.0,1.0,1.0,0.0,0.5,0.22424382421757544,-0.27575617578242456,1,0,0.02,0.02,0.0,1.0,1.0,0.0,1.0,1.0,0.0,0.5,0.22424382421757544,-0.27575617578242456,1,0,0.01818181818181818,0.01818181818181818,0.0,1.0,1.0,0.0,1.0,1.0,0.0,0.5,0.22424382421757544,-0.27575617578242456,1,0,0.016666666666666666,0.016666666666666666,0.0,1.0,1.0,0.0,1.0,1.0,0.0,0.5,0.22424382421757544,-0.27575617578242456,1,0
chunker-generic-sliding-window,Sliding-window chunker,Q-057,setup_configuration,RAX50,0.0,0.0,0.0,0.0,0.0,0.0,0.0,0.0,0.0,0.0,0.0,0.0,0,0,0.0,0.1,0.1,0.0,1.0,1.0,0.0,1.0,1.0,0.0,0.31546487678572877,0.31546487678572877,0,1,0.0,0.06666666666666667,0.06666666666666667,0.0,1.0,1.0,0.0,1.0,1.0,0.0,0.31546487678572877,0.31546487678572877,0,1,0.0,0.05,0.05,0.0,1.0,1.0,0.0,1.0,1.0,0.0,0.31546487678572877,0.31546487678572877,0,1,0.0,0.04,0.04,0.0,1.0,1.0,0.0,1.0,1.0,0.0,0.31546487678572877,0.31546487678572877,0,1,0.0,0.03333333333333333,0.03333333333333333,0.0,1.0,1.0,0.0,1.0,1.0,0.0,0.31546487678572877,0.31546487678572877,0,1,0.0,0.02857142857142857,0.02857142857142857,0.0,1.0,1.0,0.0,1.0,1.0,0.0,0.31546487678572877,0.31546487678572877,0,1,0.0,0.025,0.025,0.0,1.0,1.0,0.0,1.0,1.0,0.0,0.31546487678572877,0.31546487678572877,0,1,0.0,0.022222222222222223,0.022222222222222223,0.0,1.0,1.0,0.0,1.0,1.0,0.0,0.31546487678572877,0.31546487678572877,0,1,0.0,0.02,0.02,0.0,1.0,1.0,0.0,1.0,1.0,0.0,0.31546487678572877,0.31546487678572877,0,1,0.0,0.01818181818181818,0.01818181818181818,0.0,1.0,1.0,0.0,1.0,1.0,0.0,0.31546487678572877,0.31546487678572877,0,1,0.0,0.016666666666666666,0.016666666666666666,0.0,1.0,1.0,0.0,1.0,1.0,0.0,0.31546487678572877,0.31546487678572877,0,1
chunker-generic-sliding-window,Sliding-window chunker,Q-058,facts_specifications,RAX50,0.0,0.0,0.0,0.0,0.0,0.0,0.0,0.0,0.0,0.0,0.0,0.0,0,0,0.0,0.0,0.0,0.0,0.0,0.0,0.0,0.0,0.0,0.0,0.0,0.0,0,0,0.0,0.0,0.0,0.0,0.0,0.0,0.0,0.0,0.0,0.0,0.0,0.0,0,0,0.0,0.0,0.0,0.0,0.0,0.0,0.0,0.0,0.0,0.0,0.0,0.0,0,0,0.0,0.0,0.0,0.0,0.0,0.0,0.0,0.0,0.0,0.0,0.0,0.0,0,0,0.0,0.0,0.0,0.0,0.0,0.0,0.0,0.0,0.0,0.0,0.0,0.0,0,0,0.0,0.0,0.0,0.0,0.0,0.0,0.0,0.0,0.0,0.0,0.0,0.0,0,0,0.0,0.0,0.0,0.0,0.0,0.0,0.0,0.0,0.0,0.0,0.0,0.0,0,0,0.0,0.0,0.0,0.0,0.0,0.0,0.0,0.0,0.0,0.0,0.0,0.0,0,0,0.0,0.0,0.0,0.0,0.0,0.0,0.0,0.0,0.0,0.0,0.0,0.0,0,0,0.0,0.0,0.0,0.0,0.0,0.0,0.0,0.0,0.0,0.0,0.0,0.0,0,0,0.0,0.0,0.0,0.0,0.0,0.0,0.0,0.0,0.0,0.0,0.0,0.0,0,0
chunker-generic-sliding-window,Sliding-window chunker,Q-059,troubleshooting_diagnostics,RAX50,0.0,0.2,0.2,0.0,1.0,1.0,0.0,1.0,1.0,0.0,0.5,0.5,0,1,0.0,0.1,0.1,0.0,1.0,1.0,0.0,1.0,1.0,0.0,0.5,0.5,0,1,0.0,0.06666666666666667,0.06666666666666667,0.0,1.0,1.0,0.0,1.0,1.0,0.0,0.5,0.5,0,1,0.0,0.05,0.05,0.0,1.0,1.0,0.0,1.0,1.0,0.0,0.5,0.5,0,1,0.0,0.04,0.04,0.0,1.0,1.0,0.0,1.0,1.0,0.0,0.5,0.5,0,1,0.03333333333333333,0.03333333333333333,0.0,1.0,1.0,0.0,1.0,1.0,0.0,0.12754356661958802,0.5,0.372456433380412,1,0,0.05714285714285714,0.02857142857142857,-0.02857142857142857,1.0,1.0,0.0,1.0,1.0,0.0,0.24806477962853962,0.5,0.2519352203714604,1,0,0.05,0.025,-0.025,1.0,1.0,0.0,1.0,1.0,0.0,0.24806477962853962,0.5,0.2519352203714604,1,0,0.044444444444444446,0.022222222222222223,-0.022222222222222223,1.0,1.0,0.0,1.0,1.0,0.0,0.24806477962853962,0.5,0.2519352203714604,1,0,0.04,0.02,-0.02,1.0,1.0,0.0,1.0,1.0,0.0,0.24806477962853962,0.5,0.2519352203714604,1,0,0.03636363636363636,0.01818181818181818,-0.01818181818181818,1.0,1.0,0.0,1.0,1.0,0.0,0.24806477962853962,0.5,0.2519352203714604,1,0,0.03333333333333333,0.016666666666666666,-0.016666666666666666,1.0,1.0,0.0,1.0,1.0,0.0,0.24806477962853962,0.5,0.2519352203714604,1,0
chunker-generic-sliding-window,Sliding-window chunker,Q-060,features_security_maintenance_limitations,RAX50,0.0,0.0,0.0,0.0,0.0,0.0,0.0,0.0,0.0,0.0,0.0,0.0,0,0,0.0,0.0,0.0,0.0,0.0,0.0,0.0,0.0,0.0,0.0,0.0,0.0,0,0,0.0,0.0,0.0,0.0,0.0,0.0,0.0,0.0,0.0,0.0,0.0,0.0,0,0,0.0,0.0,0.0,0.0,0.0,0.0,0.0,0.0,0.0,0.0,0.0,0.0,0,0,0.0,0.0,0.0,0.0,0.0,0.0,0.0,0.0,0.0,0.0,0.0,0.0,0,0,0.0,0.0,0.0,0.0,0.0,0.0,0.0,0.0,0.0,0.0,0.0,0.0,0,0,0.0,0.0,0.0,0.0,0.0,0.0,0.0,0.0,0.0,0.0,0.0,0.0,0,0,0.0,0.0,0.0,0.0,0.0,0.0,0.0,0.0,0.0,0.0,0.0,0.0,0,0,0.0,0.0,0.0,0.0,0.0,0.0,0.0,0.0,0.0,0.0,0.0,0.0,0,0,0.0,0.0,0.0,0.0,0.0,0.0,0.0,0.0,0.0,0.0,0.0,0.0,0,0,0.0,0.0,0.0,0.0,0.0,0.0,0.0,0.0,0.0,0.0,0.0,0.0,0,0,0.0,0.0,0.0,0.0,0.0,0.0,0.0,0.0,0.0,0.0,0.0,0.0,0,0
chunker-generic-sliding-window,Sliding-window chunker,Q-061,troubleshooting_diagnostics,RAX50,0.0,0.0,0.0,0.0,0.0,0.0,0.0,0.0,0.0,0.0,0.0,0.0,0,0,0.0,0.0,0.0,0.0,0.0,0.0,0.0,0.0,0.0,0.0,0.0,0.0,0,0,0.0,0.0,0.0,0.0,0.0,0.0,0.0,0.0,0.0,0.0,0.0,0.0,0,0,0.0,0.0,0.0,0.0,0.0,0.0,0.0,0.0,0.0,0.0,0.0,0.0,0,0,0.0,0.0,0.0,0.0,0.0,0.0,0.0,0.0,0.0,0.0,0.0,0.0,0,0,0.0,0.0,0.0,0.0,0.0,0.0,0.0,0.0,0.0,0.0,0.0,0.0,0,0,0.0,0.0,0.0,0.0,0.0,0.0,0.0,0.0,0.0,0.0,0.0,0.0,0,0,0.0,0.0,0.0,0.0,0.0,0.0,0.0,0.0,0.0,0.0,0.0,0.0,0,0,0.0,0.0,0.0,0.0,0.0,0.0,0.0,0.0,0.0,0.0,0.0,0.0,0,0,0.0,0.0,0.0,0.0,0.0,0.0,0.0,0.0,0.0,0.0,0.0,0.0,0,0,0.0,0.0,0.0,0.0,0.0,0.0,0.0,0.0,0.0,0.0,0.0,0.0,0,0,0.0,0.0,0.0,0.0,0.0,0.0,0.0,0.0,0.0,0.0,0.0,0.0,0,0
chunker-generic-sliding-window,Sliding-window chunker,Q-062,troubleshooting_diagnostics,RAX50,0.0,0.0,0.0,0.0,0.0,0.0,0.0,0.0,0.0,0.0,0.0,0.0,0,0,0.0,0.0,0.0,0.0,0.0,0.0,0.0,0.0,0.0,0.0,0.0,0.0,0,0,0.06666666666666667,0.0,-0.06666666666666667,1.0,0.0,-1.0,1.0,0.0,-1.0,0.11731968150568911,0.0,-0.11731968150568911,0,1,0.1,0.0,-0.1,1.0,0.0,-1.0,1.0,0.0,-1.0,0.22985857030115672,0.0,-0.22985857030115672,0,1,0.08,0.0,-0.08,1.0,0.0,-1.0,1.0,0.0,-1.0,0.22985857030115672,0.0,-0.22985857030115672,0,1,0.1,0.0,-0.1,1.0,0.0,-1.0,1.0,0.0,-1.0,0.3274753956929253,0.0,-0.3274753956929253,0,1,0.08571428571428572,0.0,-0.08571428571428572,1.0,0.0,-1.0,1.0,0.0,-1.0,0.3274753956929253,0.0,-0.3274753956929253,0,1,0.075,0.0,-0.075,1.0,0.0,-1.0,1.0,0.0,-1.0,0.3274753956929253,0.0,-0.3274753956929253,0,1,0.06666666666666667,0.0,-0.06666666666666667,1.0,0.0,-1.0,1.0,0.0,-1.0,0.3274753956929253,0.0,-0.3274753956929253,0,1,0.06,0.0,-0.06,1.0,0.0,-1.0,1.0,0.0,-1.0,0.3274753956929253,0.0,-0.3274753956929253,0,1,0.05454545454545454,0.0,-0.05454545454545454,1.0,0.0,-1.0,1.0,0.0,-1.0,0.3274753956929253,0.0,-0.3274753956929253,0,1,0.05,0.0,-0.05,1.0,0.0,-1.0,1.0,0.0,-1.0,0.3274753956929253,0.0,-0.3274753956929253,0,1
chunker-generic-sliding-window,Sliding-window chunker,Q-063,facts_specifications,RAX50,0.0,0.0,0.0,0.0,0.0,0.0,0.0,0.0,0.0,0.0,0.0,0.0,0,0,0.1,0.0,-0.1,1.0,0.0,-1.0,1.0,0.0,-1.0,0.3562071871080222,0.0,-0.3562071871080222,0,1,0.06666666666666667,0.0,-0.06666666666666667,1.0,0.0,-1.0,1.0,0.0,-1.0,0.3562071871080222,0.0,-0.3562071871080222,0,1,0.05,0.0,-0.05,1.0,0.0,-1.0,1.0,0.0,-1.0,0.3562071871080222,0.0,-0.3562071871080222,0,1,0.04,0.04,0.0,1.0,1.0,0.0,1.0,1.0,0.0,0.3562071871080222,0.21274605355336318,-0.143461133554659,1,0,0.03333333333333333,0.03333333333333333,0.0,1.0,1.0,0.0,1.0,1.0,0.0,0.3562071871080222,0.21274605355336318,-0.143461133554659,1,0,0.02857142857142857,0.02857142857142857,0.0,1.0,1.0,0.0,1.0,1.0,0.0,0.3562071871080222,0.21274605355336318,-0.143461133554659,1,0,0.025,0.025,0.0,1.0,1.0,0.0,1.0,1.0,0.0,0.3562071871080222,0.21274605355336318,-0.143461133554659,1,0,0.022222222222222223,0.022222222222222223,0.0,1.0,1.0,0.0,1.0,1.0,0.0,0.3562071871080222,0.21274605355336318,-0.143461133554659,1,0,0.02,0.02,0.0,1.0,1.0,0.0,1.0,1.0,0.0,0.3562071871080222,0.21274605355336318,-0.143461133554659,1,0,0.01818181818181818,0.01818181818181818,0.0,1.0,1.0,0.0,1.0,1.0,0.0,0.3562071871080222,0.21274605355336318,-0.143461133554659,1,0,0.016666666666666666,0.016666666666666666,0.0,1.0,1.0,0.0,1.0,1.0,0.0,0.3562071871080222,0.21274605355336318,-0.143461133554659,1,0
chunker-generic-sliding-window,Sliding-window chunker,Q-064,features_security_maintenance_limitations,RAX50,0.2,0.2,0.0,1.0,1.0,0.0,1.0,1.0,0.0,0.38685280723454163,0.6131471927654584,0.22629438553091674,1,0,0.2,0.1,-0.1,1.0,1.0,0.0,1.0,1.0,0.0,0.5912352048230277,0.6131471927654584,0.021911987942430655,1,0,0.13333333333333333,0.06666666666666667,-0.06666666666666667,1.0,1.0,0.0,1.0,1.0,0.0,0.5912352048230277,0.6131471927654584,0.021911987942430655,1,0,0.1,0.05,-0.05,1.0,1.0,0.0,1.0,1.0,0.0,0.5912352048230277,0.6131471927654584,0.021911987942430655,1,0,0.08,0.08,0.0,1.0,1.0,0.0,1.0,1.0,0.0,0.5912352048230277,0.7451812540517537,0.153946049228726,1,0,0.06666666666666667,0.06666666666666667,0.0,1.0,1.0,0.0,1.0,1.0,0.0,0.5912352048230277,0.7451812540517537,0.153946049228726,1,0,0.05714285714285714,0.05714285714285714,0.0,1.0,1.0,0.0,1.0,1.0,0.0,0.5912352048230277,0.7451812540517537,0.153946049228726,1,0,0.05,0.05,0.0,1.0,1.0,0.0,1.0,1.0,0.0,0.5912352048230277,0.7451812540517537,0.153946049228726,1,0,0.044444444444444446,0.044444444444444446,0.0,1.0,1.0,0.0,1.0,1.0,0.0,0.5912352048230277,0.7451812540517537,0.153946049228726,1,0,0.04,0.04,0.0,1.0,1.0,0.0,1.0,1.0,0.0,0.5912352048230277,0.7451812540517537,0.153946049228726,1,0,0.03636363636363636,0.03636363636363636,0.0,1.0,1.0,0.0,1.0,1.0,0.0,0.5912352048230277,0.7451812540517537,0.153946049228726,1,0,0.03333333333333333,0.03333333333333333,0.0,1.0,1.0,0.0,1.0,1.0,0.0,0.5912352048230277,0.7451812540517537,0.153946049228726,1,0
chunker-generic-sliding-window,Sliding-window chunker,Q-065,troubleshooting_diagnostics,RAX50,0.0,0.0,0.0,0.0,0.0,0.0,0.0,0.0,0.0,0.0,0.0,0.0,0,0,0.0,0.0,0.0,0.0,0.0,0.0,0.0,0.0,0.0,0.0,0.0,0.0,0,0,0.0,0.0,0.0,0.0,0.0,0.0,0.0,0.0,0.0,0.0,0.0,0.0,0,0,0.0,0.0,0.0,0.0,0.0,0.0,0.0,0.0,0.0,0.0,0.0,0.0,0,0,0.0,0.0,0.0,0.0,0.0,0.0,0.0,0.0,0.0,0.0,0.0,0.0,0,0,0.0,0.0,0.0,0.0,0.0,0.0,0.0,0.0,0.0,0.0,0.0,0.0,0,0,0.0,0.0,0.0,0.0,0.0,0.0,0.0,0.0,0.0,0.0,0.0,0.0,0,0,0.0,0.0,0.0,0.0,0.0,0.0,0.0,0.0,0.0,0.0,0.0,0.0,0,0,0.0,0.0,0.0,0.0,0.0,0.0,0.0,0.0,0.0,0.0,0.0,0.0,0,0,0.0,0.0,0.0,0.0,0.0,0.0,0.0,0.0,0.0,0.0,0.0,0.0,0,0,0.0,0.0,0.0,0.0,0.0,0.0,0.0,0.0,0.0,0.0,0.0,0.0,0,0,0.0,0.0,0.0,0.0,0.0,0.0,0.0,0.0,0.0,0.0,0.0,0.0,0,0
chunker-generic-sliding-window,Sliding-window chunker,Q-066,troubleshooting_diagnostics,RAX50,0.0,0.2,0.2,0.0,1.0,1.0,0.0,1.0,1.0,0.0,1.0,1.0,0,1,0.0,0.1,0.1,0.0,1.0,1.0,0.0,1.0,1.0,0.0,1.0,1.0,0,1,0.0,0.06666666666666667,0.06666666666666667,0.0,1.0,1.0,0.0,1.0,1.0,0.0,1.0,1.0,0,1,0.05,0.05,0.0,1.0,1.0,0.0,1.0,1.0,0.0,0.23981246656813146,1.0,0.7601875334318685,1,0,0.04,0.04,0.0,1.0,1.0,0.0,1.0,1.0,0.0,0.23981246656813146,1.0,0.7601875334318685,1,0,0.03333333333333333,0.03333333333333333,0.0,1.0,1.0,0.0,1.0,1.0,0.0,0.23981246656813146,1.0,0.7601875334318685,1,0,0.02857142857142857,0.02857142857142857,0.0,1.0,1.0,0.0,1.0,1.0,0.0,0.23981246656813146,1.0,0.7601875334318685,1,0,0.025,0.025,0.0,1.0,1.0,0.0,1.0,1.0,0.0,0.23981246656813146,1.0,0.7601875334318685,1,0,0.022222222222222223,0.022222222222222223,0.0,1.0,1.0,0.0,1.0,1.0,0.0,0.23981246656813146,1.0,0.7601875334318685,1,0,0.02,0.02,0.0,1.0,1.0,0.0,1.0,1.0,0.0,0.23981246656813146,1.0,0.7601875334318685,1,0,0.01818181818181818,0.01818181818181818,0.0,1.0,1.0,0.0,1.0,1.0,0.0,0.23981246656813146,1.0,0.7601875334318685,1,0,0.016666666666666666,0.016666666666666666,0.0,1.0,1.0,0.0,1.0,1.0,0.0,0.23981246656813146,1.0,0.7601875334318685,1,0
chunker-generic-sliding-window,Sliding-window chunker,Q-067,setup_configuration,RAXE500,0.2,0.0,-0.2,1.0,0.0,-1.0,1.0,0.0,-1.0,1.0,0.0,-1.0,0,1,0.1,0.0,-0.1,1.0,0.0,-1.0,1.0,0.0,-1.0,1.0,0.0,-1.0,0,1,0.06666666666666667,0.0,-0.06666666666666667,1.0,0.0,-1.0,1.0,0.0,-1.0,1.0,0.0,-1.0,0,1,0.05,0.0,-0.05,1.0,0.0,-1.0,1.0,0.0,-1.0,1.0,0.0,-1.0,0,1,0.04,0.0,-0.04,1.0,0.0,-1.0,1.0,0.0,-1.0,1.0,0.0,-1.0,0,1,0.03333333333333333,0.0,-0.03333333333333333,1.0,0.0,-1.0,1.0,0.0,-1.0,1.0,0.0,-1.0,0,1,0.02857142857142857,0.0,-0.02857142857142857,1.0,0.0,-1.0,1.0,0.0,-1.0,1.0,0.0,-1.0,0,1,0.025,0.0,-0.025,1.0,0.0,-1.0,1.0,0.0,-1.0,1.0,0.0,-1.0,0,1,0.022222222222222223,0.0,-0.022222222222222223,1.0,0.0,-1.0,1.0,0.0,-1.0,1.0,0.0,-1.0,0,1,0.02,0.0,-0.02,1.0,0.0,-1.0,1.0,0.0,-1.0,1.0,0.0,-1.0,0,1,0.01818181818181818,0.0,-0.01818181818181818,1.0,0.0,-1.0,1.0,0.0,-1.0,1.0,0.0,-1.0,0,1,0.016666666666666666,0.0,-0.016666666666666666,1.0,0.0,-1.0,1.0,0.0,-1.0,1.0,0.0,-1.0,0,1
chunker-generic-sliding-window,Sliding-window chunker,Q-068,troubleshooting_diagnostics,RAXE500,0.0,0.0,0.0,0.0,0.0,0.0,0.0,0.0,0.0,0.0,0.0,0.0,0,0,0.0,0.0,0.0,0.0,0.0,0.0,0.0,0.0,0.0,0.0,0.0,0.0,0,0,0.0,0.0,0.0,0.0,0.0,0.0,0.0,0.0,0.0,0.0,0.0,0.0,0,0,0.0,0.0,0.0,0.0,0.0,0.0,0.0,0.0,0.0,0.0,0.0,0.0,0,0,0.0,0.0,0.0,0.0,0.0,0.0,0.0,0.0,0.0,0.0,0.0,0.0,0,0,0.0,0.0,0.0,0.0,0.0,0.0,0.0,0.0,0.0,0.0,0.0,0.0,0,0,0.0,0.0,0.0,0.0,0.0,0.0,0.0,0.0,0.0,0.0,0.0,0.0,0,0,0.0,0.0,0.0,0.0,0.0,0.0,0.0,0.0,0.0,0.0,0.0,0.0,0,0,0.0,0.0,0.0,0.0,0.0,0.0,0.0,0.0,0.0,0.0,0.0,0.0,0,0,0.0,0.0,0.0,0.0,0.0,0.0,0.0,0.0,0.0,0.0,0.0,0.0,0,0,0.0,0.0,0.0,0.0,0.0,0.0,0.0,0.0,0.0,0.0,0.0,0.0,0,0,0.0,0.0,0.0,0.0,0.0,0.0,0.0,0.0,0.0,0.0,0.0,0.0,0,0
chunker-generic-sliding-window,Sliding-window chunker,Q-069,facts_specifications,RAXE500,0.0,0.0,0.0,0.0,0.0,0.0,0.0,0.0,0.0,0.0,0.0,0.0,0,0,0.1,0.0,-0.1,1.0,0.0,-1.0,1.0,0.0,-1.0,0.3333333333333333,0.0,-0.3333333333333333,0,1,0.06666666666666667,0.0,-0.06666666666666667,1.0,0.0,-1.0,1.0,0.0,-1.0,0.3333333333333333,0.0,-0.3333333333333333,0,1,0.05,0.05,0.0,1.0,1.0,0.0,1.0,1.0,0.0,0.3333333333333333,0.227670248696953,-0.10566308463638033,1,0,0.04,0.04,0.0,1.0,1.0,0.0,1.0,1.0,0.0,0.3333333333333333,0.227670248696953,-0.10566308463638033,1,0,0.03333333333333333,0.03333333333333333,0.0,1.0,1.0,0.0,1.0,1.0,0.0,0.3333333333333333,0.227670248696953,-0.10566308463638033,1,0,0.02857142857142857,0.02857142857142857,0.0,1.0,1.0,0.0,1.0,1.0,0.0,0.3333333333333333,0.227670248696953,-0.10566308463638033,1,0,0.025,0.025,0.0,1.0,1.0,0.0,1.0,1.0,0.0,0.3333333333333333,0.227670248696953,-0.10566308463638033,1,0,0.022222222222222223,0.022222222222222223,0.0,1.0,1.0,0.0,1.0,1.0,0.0,0.3333333333333333,0.227670248696953,-0.10566308463638033,1,0,0.02,0.02,0.0,1.0,1.0,0.0,1.0,1.0,0.0,0.3333333333333333,0.227670248696953,-0.10566308463638033,1,0,0.01818181818181818,0.01818181818181818,0.0,1.0,1.0,0.0,1.0,1.0,0.0,0.3333333333333333,0.227670248696953,-0.10566308463638033,1,0,0.016666666666666666,0.016666666666666666,0.0,1.0,1.0,0.0,1.0,1.0,0.0,0.3333333333333333,0.227670248696953,-0.10566308463638033,1,0
chunker-generic-sliding-window,Sliding-window chunker,Q-070,setup_configuration,RAXE500,0.0,0.0,0.0,0.0,0.0,0.0,0.0,0.0,0.0,0.0,0.0,0.0,0,0,0.0,0.0,0.0,0.0,0.0,0.0,0.0,0.0,0.0,0.0,0.0,0.0,0,0,0.0,0.0,0.0,0.0,0.0,0.0,0.0,0.0,0.0,0.0,0.0,0.0,0,0,0.0,0.0,0.0,0.0,0.0,0.0,0.0,0.0,0.0,0.0,0.0,0.0,0,0,0.0,0.0,0.0,0.0,0.0,0.0,0.0,0.0,0.0,0.0,0.0,0.0,0,0,0.0,0.0,0.0,0.0,0.0,0.0,0.0,0.0,0.0,0.0,0.0,0.0,0,0,0.0,0.0,0.0,0.0,0.0,0.0,0.0,0.0,0.0,0.0,0.0,0.0,0,0,0.0,0.0,0.0,0.0,0.0,0.0,0.0,0.0,0.0,0.0,0.0,0.0,0,0,0.0,0.0,0.0,0.0,0.0,0.0,0.0,0.0,0.0,0.0,0.0,0.0,0,0,0.0,0.0,0.0,0.0,0.0,0.0,0.0,0.0,0.0,0.0,0.0,0.0,0,0,0.0,0.0,0.0,0.0,0.0,0.0,0.0,0.0,0.0,0.0,0.0,0.0,0,0,0.0,0.0,0.0,0.0,0.0,0.0,0.0,0.0,0.0,0.0,0.0,0.0,0,0
chunker-generic-sliding-window,Sliding-window chunker,Q-071,features_security_maintenance_limitations,RAXE500,0.0,0.0,0.0,0.0,0.0,0.0,0.0,0.0,0.0,0.0,0.0,0.0,0,0,0.0,0.0,0.0,0.0,0.0,0.0,0.0,0.0,0.0,0.0,0.0,0.0,0,0,0.0,0.0,0.0,0.0,0.0,0.0,0.0,0.0,0.0,0.0,0.0,0.0,0,0,0.0,0.0,0.0,0.0,0.0,0.0,0.0,0.0,0.0,0.0,0.0,0.0,0,0,0.0,0.0,0.0,0.0,0.0,0.0,0.0,0.0,0.0,0.0,0.0,0.0,0,0,0.0,0.0,0.0,0.0,0.0,0.0,0.0,0.0,0.0,0.0,0.0,0.0,0,0,0.0,0.0,0.0,0.0,0.0,0.0,0.0,0.0,0.0,0.0,0.0,0.0,0,0,0.0,0.0,0.0,0.0,0.0,0.0,0.0,0.0,0.0,0.0,0.0,0.0,0,0,0.0,0.0,0.0,0.0,0.0,0.0,0.0,0.0,0.0,0.0,0.0,0.0,0,0,0.0,0.0,0.0,0.0,0.0,0.0,0.0,0.0,0.0,0.0,0.0,0.0,0,0,0.0,0.0,0.0,0.0,0.0,0.0,0.0,0.0,0.0,0.0,0.0,0.0,0,0,0.0,0.0,0.0,0.0,0.0,0.0,0.0,0.0,0.0,0.0,0.0,0.0,0,0
chunker-generic-sliding-window,Sliding-window chunker,Q-072,facts_specifications,RAXE500,0.0,0.0,0.0,0.0,0.0,0.0,0.0,0.0,0.0,0.0,0.0,0.0,0,0,0.0,0.0,0.0,0.0,0.0,0.0,0.0,0.0,0.0,0.0,0.0,0.0,0,0,0.0,0.0,0.0,0.0,0.0,0.0,0.0,0.0,0.0,0.0,0.0,0.0,0,0,0.0,0.0,0.0,0.0,0.0,0.0,0.0,0.0,0.0,0.0,0.0,0.0,0,0,0.0,0.0,0.0,0.0,0.0,0.0,0.0,0.0,0.0,0.0,0.0,0.0,0,0,0.0,0.03333333333333333,0.03333333333333333,0.0,1.0,1.0,0.0,1.0,1.0,0.0,0.2037950470905062,0.2037950470905062,0,1,0.0,0.02857142857142857,0.02857142857142857,0.0,1.0,1.0,0.0,1.0,1.0,0.0,0.2037950470905062,0.2037950470905062,0,1,0.0,0.025,0.025,0.0,1.0,1.0,0.0,1.0,1.0,0.0,0.2037950470905062,0.2037950470905062,0,1,0.0,0.022222222222222223,0.022222222222222223,0.0,1.0,1.0,0.0,1.0,1.0,0.0,0.2037950470905062,0.2037950470905062,0,1,0.0,0.02,0.02,0.0,1.0,1.0,0.0,1.0,1.0,0.0,0.2037950470905062,0.2037950470905062,0,1,0.0,0.01818181818181818,0.01818181818181818,0.0,1.0,1.0,0.0,1.0,1.0,0.0,0.2037950470905062,0.2037950470905062,0,1,0.0,0.016666666666666666,0.016666666666666666,0.0,1.0,1.0,0.0,1.0,1.0,0.0,0.2037950470905062,0.2037950470905062,0,1
chunker-generic-sliding-window,Sliding-window chunker,Q-073,facts_specifications,RAXE500,0.0,0.0,0.0,0.0,0.0,0.0,0.0,0.0,0.0,0.0,0.0,0.0,0,0,0.1,0.1,0.0,1.0,1.0,0.0,1.0,1.0,0.0,0.17723928678404774,0.18457569677956817,0.007336409995520432,1,0,0.06666666666666667,0.06666666666666667,0.0,1.0,1.0,0.0,1.0,1.0,0.0,0.17723928678404774,0.18457569677956817,0.007336409995520432,1,0,0.1,0.1,0.0,1.0,1.0,0.0,1.0,1.0,0.0,0.3242796274504579,0.3289160111622894,0.004636383711831504,1,0,0.08,0.08,0.0,1.0,1.0,0.0,1.0,1.0,0.0,0.3242796274504579,0.3289160111622894,0.004636383711831504,1,0,0.06666666666666667,0.06666666666666667,0.0,1.0,1.0,0.0,1.0,1.0,0.0,0.3242796274504579,0.3289160111622894,0.004636383711831504,1,0,0.05714285714285714,0.05714285714285714,0.0,1.0,1.0,0.0,1.0,1.0,0.0,0.3242796274504579,0.3289160111622894,0.004636383711831504,1,0,0.05,0.05,0.0,1.0,1.0,0.0,1.0,1.0,0.0,0.3242796274504579,0.3289160111622894,0.004636383711831504,1,0,0.044444444444444446,0.044444444444444446,0.0,1.0,1.0,0.0,1.0,1.0,0.0,0.3242796274504579,0.3289160111622894,0.004636383711831504,1,0,0.04,0.04,0.0,1.0,1.0,0.0,1.0,1.0,0.0,0.3242796274504579,0.3289160111622894,0.004636383711831504,1,0,0.03636363636363636,0.03636363636363636,0.0,1.0,1.0,0.0,1.0,1.0,0.0,0.3242796274504579,0.3289160111622894,0.004636383711831504,1,0,0.03333333333333333,0.03333333333333333,0.0,1.0,1.0,0.0,1.0,1.0,0.0,0.3242796274504579,0.3289160111622894,0.004636383711831504,1,0
chunker-generic-sliding-window,Sliding-window chunker,Q-074,setup_configuration,RAXE500,0.0,0.2,0.2,0.0,1.0,1.0,0.0,1.0,1.0,0.0,0.23719771276929622,0.23719771276929622,0,1,0.1,0.1,0.0,1.0,1.0,0.0,1.0,1.0,0.0,0.21840743681816419,0.23719771276929622,0.01879027595113203,1,0,0.06666666666666667,0.06666666666666667,0.0,1.0,1.0,0.0,1.0,1.0,0.0,0.21840743681816419,0.23719771276929622,0.01879027595113203,1,0,0.1,0.1,0.0,1.0,1.0,0.0,1.0,1.0,0.0,0.3654477774845743,0.37679308663404665,0.011345309149472349,1,0,0.08,0.08,0.0,1.0,1.0,0.0,1.0,1.0,0.0,0.3654477774845743,0.37679308663404665,0.011345309149472349,1,0,0.06666666666666667,0.06666666666666667,0.0,1.0,1.0,0.0,1.0,1.0,0.0,0.3654477774845743,0.37679308663404665,0.011345309149472349,1,0,0.05714285714285714,0.05714285714285714,0.0,1.0,1.0,0.0,1.0,1.0,0.0,0.3654477774845743,0.37679308663404665,0.011345309149472349,1,0,0.05,0.05,0.0,1.0,1.0,0.0,1.0,1.0,0.0,0.3654477774845743,0.37679308663404665,0.011345309149472349,1,0,0.044444444444444446,0.044444444444444446,0.0,1.0,1.0,0.0,1.0,1.0,0.0,0.3654477774845743,0.37679308663404665,0.011345309149472349,1,0,0.04,0.04,0.0,1.0,1.0,0.0,1.0,1.0,0.0,0.3654477774845743,0.37679308663404665,0.011345309149472349,1,0,0.03636363636363636,0.03636363636363636,0.0,1.0,1.0,0.0,1.0,1.0,0.0,0.3654477774845743,0.37679308663404665,0.011345309149472349,1,0,0.03333333333333333,0.03333333333333333,0.0,1.0,1.0,0.0,1.0,1.0,0.0,0.3654477774845743,0.37679308663404665,0.011345309149472349,1,0
chunker-generic-sliding-window,Sliding-window chunker,Q-075,features_security_maintenance_limitations,RAXE500,0.0,0.0,0.0,0.0,0.0,0.0,0.0,0.0,0.0,0.0,0.0,0.0,0,0,0.1,0.0,-0.1,1.0,0.0,-1.0,1.0,0.0,-1.0,0.3562071871080222,0.0,-0.3562071871080222,0,1,0.06666666666666667,0.06666666666666667,0.0,1.0,1.0,0.0,1.0,1.0,0.0,0.3562071871080222,0.2559580248098155,-0.10024916229820668,1,0,0.05,0.05,0.0,1.0,1.0,0.0,1.0,1.0,0.0,0.3562071871080222,0.2559580248098155,-0.10024916229820668,1,0,0.04,0.04,0.0,1.0,1.0,0.0,1.0,1.0,0.0,0.3562071871080222,0.2559580248098155,-0.10024916229820668,1,0,0.03333333333333333,0.03333333333333333,0.0,1.0,1.0,0.0,1.0,1.0,0.0,0.3562071871080222,0.2559580248098155,-0.10024916229820668,1,0,0.02857142857142857,0.02857142857142857,0.0,1.0,1.0,0.0,1.0,1.0,0.0,0.3562071871080222,0.2559580248098155,-0.10024916229820668,1,0,0.025,0.025,0.0,1.0,1.0,0.0,1.0,1.0,0.0,0.3562071871080222,0.2559580248098155,-0.10024916229820668,1,0,0.022222222222222223,0.022222222222222223,0.0,1.0,1.0,0.0,1.0,1.0,0.0,0.3562071871080222,0.2559580248098155,-0.10024916229820668,1,0,0.02,0.02,0.0,1.0,1.0,0.0,1.0,1.0,0.0,0.3562071871080222,0.2559580248098155,-0.10024916229820668,1,0,0.01818181818181818,0.01818181818181818,0.0,1.0,1.0,0.0,1.0,1.0,0.0,0.3562071871080222,0.2559580248098155,-0.10024916229820668,1,0,0.016666666666666666,0.016666666666666666,0.0,1.0,1.0,0.0,1.0,1.0,0.0,0.3562071871080222,0.2559580248098155,-0.10024916229820668,1,0
chunker-generic-sliding-window,Sliding-window chunker,Q-076,features_security_maintenance_limitations,RAXE500,0.2,0.2,0.0,1.0,1.0,0.0,1.0,1.0,0.0,0.38685280723454163,0.5,0.11314719276545837,1,0,0.1,0.1,0.0,1.0,1.0,0.0,1.0,1.0,0.0,0.38685280723454163,0.5,0.11314719276545837,1,0,0.06666666666666667,0.06666666666666667,0.0,1.0,1.0,0.0,1.0,1.0,0.0,0.38685280723454163,0.5,0.11314719276545837,1,0,0.05,0.05,0.0,1.0,1.0,0.0,1.0,1.0,0.0,0.38685280723454163,0.5,0.11314719276545837,1,0,0.04,0.04,0.0,1.0,1.0,0.0,1.0,1.0,0.0,0.38685280723454163,0.5,0.11314719276545837,1,0,0.03333333333333333,0.03333333333333333,0.0,1.0,1.0,0.0,1.0,1.0,0.0,0.38685280723454163,0.5,0.11314719276545837,1,0,0.02857142857142857,0.02857142857142857,0.0,1.0,1.0,0.0,1.0,1.0,0.0,0.38685280723454163,0.5,0.11314719276545837,1,0,0.025,0.025,0.0,1.0,1.0,0.0,1.0,1.0,0.0,0.38685280723454163,0.5,0.11314719276545837,1,0,0.022222222222222223,0.022222222222222223,0.0,1.0,1.0,0.0,1.0,1.0,0.0,0.38685280723454163,0.5,0.11314719276545837,1,0,0.02,0.02,0.0,1.0,1.0,0.0,1.0,1.0,0.0,0.38685280723454163,0.5,0.11314719276545837,1,0,0.01818181818181818,0.01818181818181818,0.0,1.0,1.0,0.0,1.0,1.0,0.0,0.38685280723454163,0.5,0.11314719276545837,1,0,0.016666666666666666,0.016666666666666666,0.0,1.0,1.0,0.0,1.0,1.0,0.0,0.38685280723454163,0.5,0.11314719276545837,1,0
chunker-generic-sliding-window,Sliding-window chunker,Q-077,troubleshooting_diagnostics,RAXE500,0.0,0.2,0.2,0.0,1.0,1.0,0.0,1.0,1.0,0.0,0.38685280723454163,0.38685280723454163,0,1,0.0,0.1,0.1,0.0,1.0,1.0,0.0,1.0,1.0,0.0,0.38685280723454163,0.38685280723454163,0,1,0.0,0.06666666666666667,0.06666666666666667,0.0,1.0,1.0,0.0,1.0,1.0,0.0,0.38685280723454163,0.38685280723454163,0,1,0.05,0.05,0.0,1.0,1.0,0.0,1.0,1.0,0.0,0.24465054211822604,0.38685280723454163,0.1422022651163156,1,0,0.04,0.04,0.0,1.0,1.0,0.0,1.0,1.0,0.0,0.24465054211822604,0.38685280723454163,0.1422022651163156,1,0,0.03333333333333333,0.03333333333333333,0.0,1.0,1.0,0.0,1.0,1.0,0.0,0.24465054211822604,0.38685280723454163,0.1422022651163156,1,0,0.02857142857142857,0.02857142857142857,0.0,1.0,1.0,0.0,1.0,1.0,0.0,0.24465054211822604,0.38685280723454163,0.1422022651163156,1,0,0.025,0.025,0.0,1.0,1.0,0.0,1.0,1.0,0.0,0.24465054211822604,0.38685280723454163,0.1422022651163156,1,0,0.022222222222222223,0.022222222222222223,0.0,1.0,1.0,0.0,1.0,1.0,0.0,0.24465054211822604,0.38685280723454163,0.1422022651163156,1,0,0.02,0.02,0.0,1.0,1.0,0.0,1.0,1.0,0.0,0.24465054211822604,0.38685280723454163,0.1422022651163156,1,0,0.01818181818181818,0.01818181818181818,0.0,1.0,1.0,0.0,1.0,1.0,0.0,0.24465054211822604,0.38685280723454163,0.1422022651163156,1,0,0.016666666666666666,0.016666666666666666,0.0,1.0,1.0,0.0,1.0,1.0,0.0,0.24465054211822604,0.38685280723454163,0.1422022651163156,1,0
chunker-generic-sliding-window,Sliding-window chunker,Q-078,facts_specifications,RBK852,0.4,0.4,0.0,1.0,1.0,0.0,1.0,1.0,0.0,0.5307212739772434,0.3191471544989227,-0.21157411947832072,1,0,0.2,0.2,0.0,1.0,1.0,0.0,1.0,1.0,0.0,0.5307212739772434,0.3191471544989227,-0.21157411947832072,1,0,0.2,0.13333333333333333,-0.06666666666666668,1.0,1.0,0.0,1.0,1.0,0.0,0.657538290809637,0.3191471544989227,-0.33839113631071427,1,0,0.15,0.1,-0.04999999999999999,1.0,1.0,0.0,1.0,1.0,0.0,0.657538290809637,0.3191471544989227,-0.33839113631071427,1,0,0.12,0.16,0.04000000000000001,1.0,1.0,0.0,1.0,1.0,0.0,0.657538290809637,0.4897392848291841,-0.1677990059804529,1,0,0.1,0.13333333333333333,0.033333333333333326,1.0,1.0,0.0,1.0,1.0,0.0,0.657538290809637,0.4897392848291841,-0.1677990059804529,1,0,0.08571428571428572,0.11428571428571428,0.028571428571428567,1.0,1.0,0.0,1.0,1.0,0.0,0.657538290809637,0.4897392848291841,-0.1677990059804529,1,0,0.075,0.1,0.02500000000000001,1.0,1.0,0.0,1.0,1.0,0.0,0.657538290809637,0.4897392848291841,-0.1677990059804529,1,0,0.06666666666666667,0.08888888888888889,0.022222222222222227,1.0,1.0,0.0,1.0,1.0,0.0,0.657538290809637,0.4897392848291841,-0.1677990059804529,1,0,0.06,0.08,0.020000000000000004,1.0,1.0,0.0,1.0,1.0,0.0,0.657538290809637,0.4897392848291841,-0.1677990059804529,1,0,0.05454545454545454,0.07272727272727272,0.01818181818181818,1.0,1.0,0.0,1.0,1.0,0.0,0.657538290809637,0.4897392848291841,-0.1677990059804529,1,0,0.05,0.06666666666666667,0.016666666666666663,1.0,1.0,0.0,1.0,1.0,0.0,0.657538290809637,0.4897392848291841,-0.1677990059804529,1,0
chunker-generic-sliding-window,Sliding-window chunker,Q-079,facts_specifications,RBK852,0.2,0.0,-0.2,1.0,0.0,-1.0,1.0,0.0,-1.0,0.43067655807339306,0.0,-0.43067655807339306,0,1,0.1,0.1,0.0,1.0,1.0,0.0,1.0,1.0,0.0,0.43067655807339306,0.21840743681816419,-0.21226912125522887,1,0,0.06666666666666667,0.06666666666666667,0.0,1.0,1.0,0.0,1.0,1.0,0.0,0.43067655807339306,0.21840743681816419,-0.21226912125522887,1,0,0.05,0.05,0.0,1.0,1.0,0.0,1.0,1.0,0.0,0.43067655807339306,0.21840743681816419,-0.21226912125522887,1,0,0.04,0.08,0.04,1.0,1.0,0.0,1.0,1.0,0.0,0.43067655807339306,0.35044149810445957,-0.08023505996893349,1,0,0.03333333333333333,0.06666666666666667,0.03333333333333333,1.0,1.0,0.0,1.0,1.0,0.0,0.43067655807339306,0.35044149810445957,-0.08023505996893349,1,0,0.02857142857142857,0.05714285714285714,0.02857142857142857,1.0,1.0,0.0,1.0,1.0,0.0,0.43067655807339306,0.35044149810445957,-0.08023505996893349,1,0,0.025,0.05,0.025,1.0,1.0,0.0,1.0,1.0,0.0,0.43067655807339306,0.35044149810445957,-0.08023505996893349,1,0,0.022222222222222223,0.044444444444444446,0.022222222222222223,1.0,1.0,0.0,1.0,1.0,0.0,0.43067655807339306,0.35044149810445957,-0.08023505996893349,1,0,0.02,0.04,0.02,1.0,1.0,0.0,1.0,1.0,0.0,0.43067655807339306,0.35044149810445957,-0.08023505996893349,1,0,0.01818181818181818,0.03636363636363636,0.01818181818181818,1.0,1.0,0.0,1.0,1.0,0.0,0.43067655807339306,0.35044149810445957,-0.08023505996893349,1,0,0.016666666666666666,0.03333333333333333,0.016666666666666666,1.0,1.0,0.0,1.0,1.0,0.0,0.43067655807339306,0.35044149810445957,-0.08023505996893349,1,0
chunker-generic-sliding-window,Sliding-window chunker,Q-080,setup_configuration,RBK852,0.2,0.0,-0.2,1.0,0.0,-1.0,1.0,0.0,-1.0,0.38685280723454163,0.0,-0.38685280723454163,0,1,0.1,0.0,-0.1,1.0,0.0,-1.0,1.0,0.0,-1.0,0.38685280723454163,0.0,-0.38685280723454163,0,1,0.06666666666666667,0.0,-0.06666666666666667,1.0,0.0,-1.0,1.0,0.0,-1.0,0.38685280723454163,0.0,-0.38685280723454163,0,1,0.05,0.0,-0.05,1.0,0.0,-1.0,1.0,0.0,-1.0,0.38685280723454163,0.0,-0.38685280723454163,0,1,0.04,0.0,-0.04,1.0,0.0,-1.0,1.0,0.0,-1.0,0.38685280723454163,0.0,-0.38685280723454163,0,1,0.03333333333333333,0.0,-0.03333333333333333,1.0,0.0,-1.0,1.0,0.0,-1.0,0.38685280723454163,0.0,-0.38685280723454163,0,1,0.02857142857142857,0.0,-0.02857142857142857,1.0,0.0,-1.0,1.0,0.0,-1.0,0.38685280723454163,0.0,-0.38685280723454163,0,1,0.025,0.0,-0.025,1.0,0.0,-1.0,1.0,0.0,-1.0,0.38685280723454163,0.0,-0.38685280723454163,0,1,0.022222222222222223,0.0,-0.022222222222222223,1.0,0.0,-1.0,1.0,0.0,-1.0,0.38685280723454163,0.0,-0.38685280723454163,0,1,0.02,0.0,-0.02,1.0,0.0,-1.0,1.0,0.0,-1.0,0.38685280723454163,0.0,-0.38685280723454163,0,1,0.01818181818181818,0.0,-0.01818181818181818,1.0,0.0,-1.0,1.0,0.0,-1.0,0.38685280723454163,0.0,-0.38685280723454163,0,1,0.016666666666666666,0.0,-0.016666666666666666,1.0,0.0,-1.0,1.0,0.0,-1.0,0.38685280723454163,0.0,-0.38685280723454163,0,1
chunker-generic-sliding-window,Sliding-window chunker,Q-081,features_security_maintenance_limitations,RBK852,0.0,0.2,0.2,0.0,1.0,1.0,0.0,1.0,1.0,0.0,0.16958010263680806,0.16958010263680806,0,1,0.2,0.1,-0.1,1.0,1.0,0.0,1.0,1.0,0.0,0.29769321486741446,0.16958010263680806,-0.1281131122306064,1,0,0.13333333333333333,0.06666666666666667,-0.06666666666666667,1.0,1.0,0.0,1.0,1.0,0.0,0.29769321486741446,0.16958010263680806,-0.1281131122306064,1,0,0.15,0.15,0.0,1.0,1.0,0.0,1.0,1.0,0.0,0.4081656098265119,0.32977251900468085,-0.07839309082183105,1,0,0.12,0.16,0.04000000000000001,1.0,1.0,0.0,1.0,1.0,0.0,0.4081656098265119,0.40374481544555046,-0.004420794380961435,1,0,0.1,0.13333333333333333,0.033333333333333326,1.0,1.0,0.0,1.0,1.0,0.0,0.4081656098265119,0.40374481544555046,-0.004420794380961435,1,0,0.08571428571428572,0.11428571428571428,0.028571428571428567,1.0,1.0,0.0,1.0,1.0,0.0,0.4081656098265119,0.40374481544555046,-0.004420794380961435,1,0,0.075,0.125,0.05,1.0,1.0,0.0,1.0,1.0,0.0,0.4081656098265119,0.4679140482171341,0.059748438390622216,1,0,0.06666666666666667,0.1111111111111111,0.04444444444444444,1.0,1.0,0.0,1.0,1.0,0.0,0.4081656098265119,0.4679140482171341,0.059748438390622216,1,0,0.06,0.1,0.04000000000000001,1.0,1.0,0.0,1.0,1.0,0.0,0.4081656098265119,0.4679140482171341,0.059748438390622216,1,0,0.05454545454545454,0.09090909090909091,0.03636363636363637,1.0,1.0,0.0,1.0,1.0,0.0,0.4081656098265119,0.4679140482171341,0.059748438390622216,1,0,0.05,0.08333333333333333,0.033333333333333326,1.0,1.0,0.0,1.0,1.0,0.0,0.4081656098265119,0.4679140482171341,0.059748438390622216,1,0
chunker-generic-sliding-window,Sliding-window chunker,Q-082,setup_configuration,RBK852,0.4,0.4,0.0,1.0,1.0,0.0,1.0,1.0,0.0,1.0,0.8772153153380493,-0.1227846846619507,1,0,0.2,0.2,0.0,1.0,1.0,0.0,1.0,1.0,0.0,1.0,0.8772153153380493,-0.1227846846619507,1,0,0.13333333333333333,0.13333333333333333,0.0,1.0,1.0,0.0,1.0,1.0,0.0,1.0,0.8772153153380493,-0.1227846846619507,1,0,0.1,0.1,0.0,1.0,1.0,0.0,1.0,1.0,0.0,1.0,0.8772153153380493,-0.1227846846619507,1,0,0.08,0.08,0.0,1.0,1.0,0.0,1.0,1.0,0.0,1.0,0.8772153153380493,-0.1227846846619507,1,0,0.06666666666666667,0.06666666666666667,0.0,1.0,1.0,0.0,1.0,1.0,0.0,1.0,0.8772153153380493,-0.1227846846619507,1,0,0.05714285714285714,0.05714285714285714,0.0,1.0,1.0,0.0,1.0,1.0,0.0,1.0,0.8772153153380493,-0.1227846846619507,1,0,0.05,0.05,0.0,1.0,1.0,0.0,1.0,1.0,0.0,1.0,0.8772153153380493,-0.1227846846619507,1,0,0.044444444444444446,0.044444444444444446,0.0,1.0,1.0,0.0,1.0,1.0,0.0,1.0,0.8772153153380493,-0.1227846846619507,1,0,0.04,0.04,0.0,1.0,1.0,0.0,1.0,1.0,0.0,1.0,0.8772153153380493,-0.1227846846619507,1,0,0.03636363636363636,0.03636363636363636,0.0,1.0,1.0,0.0,1.0,1.0,0.0,1.0,0.8772153153380493,-0.1227846846619507,1,0,0.03333333333333333,0.03333333333333333,0.0,1.0,1.0,0.0,1.0,1.0,0.0,1.0,0.8772153153380493,-0.1227846846619507,1,0
chunker-generic-sliding-window,Sliding-window chunker,Q-083,features_security_maintenance_limitations,RBK852,0.0,0.0,0.0,0.0,0.0,0.0,0.0,0.0,0.0,0.0,0.0,0.0,0,0,0.0,0.0,0.0,0.0,0.0,0.0,0.0,0.0,0.0,0.0,0.0,0.0,0,0,0.0,0.0,0.0,0.0,0.0,0.0,0.0,0.0,0.0,0.0,0.0,0.0,0,0,0.0,0.0,0.0,0.0,0.0,0.0,0.0,0.0,0.0,0.0,0.0,0.0,0,0,0.0,0.0,0.0,0.0,0.0,0.0,0.0,0.0,0.0,0.0,0.0,0.0,0,0,0.0,0.0,0.0,0.0,0.0,0.0,0.0,0.0,0.0,0.0,0.0,0.0,0,0,0.0,0.0,0.0,0.0,0.0,0.0,0.0,0.0,0.0,0.0,0.0,0.0,0,0,0.0,0.0,0.0,0.0,0.0,0.0,0.0,0.0,0.0,0.0,0.0,0.0,0,0,0.0,0.0,0.0,0.0,0.0,0.0,0.0,0.0,0.0,0.0,0.0,0.0,0,0,0.0,0.0,0.0,0.0,0.0,0.0,0.0,0.0,0.0,0.0,0.0,0.0,0,0,0.0,0.0,0.0,0.0,0.0,0.0,0.0,0.0,0.0,0.0,0.0,0.0,0,0,0.0,0.0,0.0,0.0,0.0,0.0,0.0,0.0,0.0,0.0,0.0,0.0,0,0
chunker-generic-sliding-window,Sliding-window chunker,Q-084,facts_specifications,RBK852,0.0,0.4,0.4,0.0,1.0,1.0,0.0,1.0,1.0,0.0,0.41618115554873086,0.41618115554873086,0,1,0.2,0.2,0.0,1.0,1.0,0.0,1.0,1.0,0.0,0.2836929289153804,0.41618115554873086,0.13248822663335047,1,0,0.13333333333333333,0.13333333333333333,0.0,1.0,1.0,0.0,1.0,1.0,0.0,0.2836929289153804,0.41618115554873086,0.13248822663335047,1,0,0.15,0.15,0.0,1.0,1.0,0.0,1.0,1.0,0.0,0.3905337331771706,0.5230219598105211,0.13248822663335053,1,0,0.12,0.12,0.0,1.0,1.0,0.0,1.0,1.0,0.0,0.3905337331771706,0.5230219598105211,0.13248822663335053,1,0,0.1,0.1,0.0,1.0,1.0,0.0,1.0,1.0,0.0,0.3905337331771706,0.5230219598105211,0.13248822663335053,1,0,0.08571428571428572,0.08571428571428572,0.0,1.0,1.0,0.0,1.0,1.0,0.0,0.3905337331771706,0.5230219598105211,0.13248822663335053,1,0,0.075,0.075,0.0,1.0,1.0,0.0,1.0,1.0,0.0,0.3905337331771706,0.5230219598105211,0.13248822663335053,1,0,0.06666666666666667,0.06666666666666667,0.0,1.0,1.0,0.0,1.0,1.0,0.0,0.3905337331771706,0.5230219598105211,0.13248822663335053,1,0,0.06,0.06,0.0,1.0,1.0,0.0,1.0,1.0,0.0,0.3905337331771706,0.5230219598105211,0.13248822663335053,1,0,0.05454545454545454,0.05454545454545454,0.0,1.0,1.0,0.0,1.0,1.0,0.0,0.3905337331771706,0.5230219598105211,0.13248822663335053,1,0,0.05,0.05,0.0,1.0,1.0,0.0,1.0,1.0,0.0,0.3905337331771706,0.5230219598105211,0.13248822663335053,1,0
chunker-generic-sliding-window,Sliding-window chunker,Q-085,features_security_maintenance_limitations,RBK852,0.4,0.2,-0.2,1.0,1.0,0.0,1.0,1.0,0.0,0.5706417189553201,0.6131471927654584,0.04250547381013825,1,0,0.2,0.1,-0.1,1.0,1.0,0.0,1.0,1.0,0.0,0.5706417189553201,0.6131471927654584,0.04250547381013825,1,0,0.13333333333333333,0.06666666666666667,-0.06666666666666667,1.0,1.0,0.0,1.0,1.0,0.0,0.5706417189553201,0.6131471927654584,0.04250547381013825,1,0,0.1,0.05,-0.05,1.0,1.0,0.0,1.0,1.0,0.0,0.5706417189553201,0.6131471927654584,0.04250547381013825,1,0,0.08,0.04,-0.04,1.0,1.0,0.0,1.0,1.0,0.0,0.5706417189553201,0.6131471927654584,0.04250547381013825,1,0,0.06666666666666667,0.06666666666666667,0.0,1.0,1.0,0.0,1.0,1.0,0.0,0.5706417189553201,0.7393616002282355,0.16871988127291537,1,0,0.05714285714285714,0.05714285714285714,0.0,1.0,1.0,0.0,1.0,1.0,0.0,0.5706417189553201,0.7393616002282355,0.16871988127291537,1,0,0.05,0.05,0.0,1.0,1.0,0.0,1.0,1.0,0.0,0.5706417189553201,0.7393616002282355,0.16871988127291537,1,0,0.044444444444444446,0.044444444444444446,0.0,1.0,1.0,0.0,1.0,1.0,0.0,0.5706417189553201,0.7393616002282355,0.16871988127291537,1,0,0.04,0.04,0.0,1.0,1.0,0.0,1.0,1.0,0.0,0.5706417189553201,0.7393616002282355,0.16871988127291537,1,0,0.03636363636363636,0.03636363636363636,0.0,1.0,1.0,0.0,1.0,1.0,0.0,0.5706417189553201,0.7393616002282355,0.16871988127291537,1,0,0.03333333333333333,0.03333333333333333,0.0,1.0,1.0,0.0,1.0,1.0,0.0,0.5706417189553201,0.7393616002282355,0.16871988127291537,1,0
chunker-generic-sliding-window,Sliding-window chunker,Q-086,features_security_maintenance_limitations,RBK852,0.0,0.0,0.0,0.0,0.0,0.0,0.0,0.0,0.0,0.0,0.0,0.0,0,0,0.0,0.0,0.0,0.0,0.0,0.0,0.0,0.0,0.0,0.0,0.0,0.0,0,0,0.0,0.0,0.0,0.0,0.0,0.0,0.0,0.0,0.0,0.0,0.0,0.0,0,0,0.0,0.0,0.0,0.0,0.0,0.0,0.0,0.0,0.0,0.0,0.0,0.0,0,0,0.0,0.0,0.0,0.0,0.0,0.0,0.0,0.0,0.0,0.0,0.0,0.0,0,0,0.0,0.0,0.0,0.0,0.0,0.0,0.0,0.0,0.0,0.0,0.0,0.0,0,0,0.0,0.0,0.0,0.0,0.0,0.0,0.0,0.0,0.0,0.0,0.0,0.0,0,0,0.0,0.0,0.0,0.0,0.0,0.0,0.0,0.0,0.0,0.0,0.0,0.0,0,0,0.0,0.0,0.0,0.0,0.0,0.0,0.0,0.0,0.0,0.0,0.0,0.0,0,0,0.0,0.0,0.0,0.0,0.0,0.0,0.0,0.0,0.0,0.0,0.0,0.0,0,0,0.0,0.0,0.0,0.0,0.0,0.0,0.0,0.0,0.0,0.0,0.0,0.0,0,0,0.0,0.0,0.0,0.0,0.0,0.0,0.0,0.0,0.0,0.0,0.0,0.0,0,0
chunker-generic-sliding-window,Sliding-window chunker,Q-087,troubleshooting_diagnostics,RBK852,0.0,0.0,0.0,0.0,0.0,0.0,0.0,0.0,0.0,0.0,0.0,0.0,0,0,0.1,0.0,-0.1,1.0,0.0,-1.0,1.0,0.0,-1.0,0.3562071871080222,0.0,-0.3562071871080222,0,1,0.06666666666666667,0.0,-0.06666666666666667,1.0,0.0,-1.0,1.0,0.0,-1.0,0.3562071871080222,0.0,-0.3562071871080222,0,1,0.05,0.0,-0.05,1.0,0.0,-1.0,1.0,0.0,-1.0,0.3562071871080222,0.0,-0.3562071871080222,0,1,0.04,0.0,-0.04,1.0,0.0,-1.0,1.0,0.0,-1.0,0.3562071871080222,0.0,-0.3562071871080222,0,1,0.03333333333333333,0.0,-0.03333333333333333,1.0,0.0,-1.0,1.0,0.0,-1.0,0.3562071871080222,0.0,-0.3562071871080222,0,1,0.02857142857142857,0.0,-0.02857142857142857,1.0,0.0,-1.0,1.0,0.0,-1.0,0.3562071871080222,0.0,-0.3562071871080222,0,1,0.025,0.0,-0.025,1.0,0.0,-1.0,1.0,0.0,-1.0,0.3562071871080222,0.0,-0.3562071871080222,0,1,0.022222222222222223,0.0,-0.022222222222222223,1.0,0.0,-1.0,1.0,0.0,-1.0,0.3562071871080222,0.0,-0.3562071871080222,0,1,0.02,0.0,-0.02,1.0,0.0,-1.0,1.0,0.0,-1.0,0.3562071871080222,0.0,-0.3562071871080222,0,1,0.01818181818181818,0.0,-0.01818181818181818,1.0,0.0,-1.0,1.0,0.0,-1.0,0.3562071871080222,0.0,-0.3562071871080222,0,1,0.016666666666666666,0.0,-0.016666666666666666,1.0,0.0,-1.0,1.0,0.0,-1.0,0.3562071871080222,0.0,-0.3562071871080222,0,1
chunker-generic-sliding-window,Sliding-window chunker,Q-088,troubleshooting_diagnostics,RBK852,0.2,0.0,-0.2,1.0,0.0,-1.0,1.0,0.0,-1.0,0.3065735963827292,0.0,-0.3065735963827292,0,1,0.1,0.1,0.0,1.0,1.0,0.0,1.0,1.0,0.0,0.3065735963827292,0.20438239758848611,-0.10219119879424307,1,0,0.13333333333333333,0.13333333333333333,0.0,1.0,1.0,0.0,1.0,1.0,0.0,0.4722693621479587,0.3754154816562042,-0.09685388049175453,1,0,0.1,0.1,0.0,1.0,1.0,0.0,1.0,1.0,0.0,0.4722693621479587,0.3754154816562042,-0.09685388049175453,1,0,0.08,0.08,0.0,1.0,1.0,0.0,1.0,1.0,0.0,0.4722693621479587,0.3754154816562042,-0.09685388049175453,1,0,0.06666666666666667,0.06666666666666667,0.0,1.0,1.0,0.0,1.0,1.0,0.0,0.4722693621479587,0.3754154816562042,-0.09685388049175453,1,0,0.05714285714285714,0.05714285714285714,0.0,1.0,1.0,0.0,1.0,1.0,0.0,0.4722693621479587,0.3754154816562042,-0.09685388049175453,1,0,0.05,0.05,0.0,1.0,1.0,0.0,1.0,1.0,0.0,0.4722693621479587,0.3754154816562042,-0.09685388049175453,1,0,0.044444444444444446,0.044444444444444446,0.0,1.0,1.0,0.0,1.0,1.0,0.0,0.4722693621479587,0.3754154816562042,-0.09685388049175453,1,0,0.04,0.04,0.0,1.0,1.0,0.0,1.0,1.0,0.0,0.4722693621479587,0.3754154816562042,-0.09685388049175453,1,0,0.03636363636363636,0.03636363636363636,0.0,1.0,1.0,0.0,1.0,1.0,0.0,0.4722693621479587,0.3754154816562042,-0.09685388049175453,1,0,0.03333333333333333,0.03333333333333333,0.0,1.0,1.0,0.0,1.0,1.0,0.0,0.4722693621479587,0.3754154816562042,-0.09685388049175453,1,0
chunker-generic-sliding-window,Sliding-window chunker,Q-089,facts_specifications,XR500,0.0,0.2,0.2,0.0,1.0,1.0,0.0,1.0,1.0,0.0,0.38685280723454163,0.38685280723454163,0,1,0.2,0.1,-0.1,1.0,1.0,0.0,1.0,1.0,0.0,0.3889580943680543,0.38685280723454163,-0.0021052871335126566,1,0,0.13333333333333333,0.06666666666666667,-0.06666666666666667,1.0,1.0,0.0,1.0,1.0,0.0,0.3889580943680543,0.38685280723454163,-0.0021052871335126566,1,0,0.1,0.05,-0.05,1.0,1.0,0.0,1.0,1.0,0.0,0.3889580943680543,0.38685280723454163,-0.0021052871335126566,1,0,0.08,0.04,-0.04,1.0,1.0,0.0,1.0,1.0,0.0,0.3889580943680543,0.38685280723454163,-0.0021052871335126566,1,0,0.06666666666666667,0.03333333333333333,-0.03333333333333333,1.0,1.0,0.0,1.0,1.0,0.0,0.3889580943680543,0.38685280723454163,-0.0021052871335126566,1,0,0.05714285714285714,0.02857142857142857,-0.02857142857142857,1.0,1.0,0.0,1.0,1.0,0.0,0.3889580943680543,0.38685280723454163,-0.0021052871335126566,1,0,0.05,0.025,-0.025,1.0,1.0,0.0,1.0,1.0,0.0,0.3889580943680543,0.38685280723454163,-0.0021052871335126566,1,0,0.044444444444444446,0.022222222222222223,-0.022222222222222223,1.0,1.0,0.0,1.0,1.0,0.0,0.3889580943680543,0.38685280723454163,-0.0021052871335126566,1,0,0.04,0.02,-0.02,1.0,1.0,0.0,1.0,1.0,0.0,0.3889580943680543,0.38685280723454163,-0.0021052871335126566,1,0,0.03636363636363636,0.01818181818181818,-0.01818181818181818,1.0,1.0,0.0,1.0,1.0,0.0,0.3889580943680543,0.38685280723454163,-0.0021052871335126566,1,0,0.03333333333333333,0.016666666666666666,-0.016666666666666666,1.0,1.0,0.0,1.0,1.0,0.0,0.3889580943680543,0.38685280723454163,-0.0021052871335126566,1,0
chunker-generic-sliding-window,Sliding-window chunker,Q-090,setup_configuration,XR500,0.0,0.2,0.2,0.0,1.0,1.0,0.0,1.0,1.0,0.0,0.6309297535714575,0.6309297535714575,0,1,0.0,0.1,0.1,0.0,1.0,1.0,0.0,1.0,1.0,0.0,0.6309297535714575,0.6309297535714575,0,1,0.06666666666666667,0.06666666666666667,0.0,1.0,1.0,0.0,1.0,1.0,0.0,0.27894294565112987,0.6309297535714575,0.35198680792032766,1,0,0.05,0.05,0.0,1.0,1.0,0.0,1.0,1.0,0.0,0.27894294565112987,0.6309297535714575,0.35198680792032766,1,0,0.04,0.04,0.0,1.0,1.0,0.0,1.0,1.0,0.0,0.27894294565112987,0.6309297535714575,0.35198680792032766,1,0,0.03333333333333333,0.03333333333333333,0.0,1.0,1.0,0.0,1.0,1.0,0.0,0.27894294565112987,0.6309297535714575,0.35198680792032766,1,0,0.02857142857142857,0.02857142857142857,0.0,1.0,1.0,0.0,1.0,1.0,0.0,0.27894294565112987,0.6309297535714575,0.35198680792032766,1,0,0.025,0.025,0.0,1.0,1.0,0.0,1.0,1.0,0.0,0.27894294565112987,0.6309297535714575,0.35198680792032766,1,0,0.022222222222222223,0.022222222222222223,0.0,1.0,1.0,0.0,1.0,1.0,0.0,0.27894294565112987,0.6309297535714575,0.35198680792032766,1,0,0.02,0.02,0.0,1.0,1.0,0.0,1.0,1.0,0.0,0.27894294565112987,0.6309297535714575,0.35198680792032766,1,0,0.01818181818181818,0.01818181818181818,0.0,1.0,1.0,0.0,1.0,1.0,0.0,0.27894294565112987,0.6309297535714575,0.35198680792032766,1,0,0.016666666666666666,0.016666666666666666,0.0,1.0,1.0,0.0,1.0,1.0,0.0,0.27894294565112987,0.6309297535714575,0.35198680792032766,1,0
chunker-generic-sliding-window,Sliding-window chunker,Q-091,features_security_maintenance_limitations,XR500,0.0,0.0,0.0,0.0,0.0,0.0,0.0,0.0,0.0,0.0,0.0,0.0,0,0,0.0,0.0,0.0,0.0,0.0,0.0,0.0,0.0,0.0,0.0,0.0,0.0,0,0,0.06666666666666667,0.06666666666666667,0.0,1.0,1.0,0.0,1.0,1.0,0.0,0.2559580248098155,0.25,-0.005958024809815499,1,0,0.05,0.05,0.0,1.0,1.0,0.0,1.0,1.0,0.0,0.2559580248098155,0.25,-0.005958024809815499,1,0,0.04,0.04,0.0,1.0,1.0,0.0,1.0,1.0,0.0,0.2559580248098155,0.25,-0.005958024809815499,1,0,0.03333333333333333,0.03333333333333333,0.0,1.0,1.0,0.0,1.0,1.0,0.0,0.2559580248098155,0.25,-0.005958024809815499,1,0,0.02857142857142857,0.02857142857142857,0.0,1.0,1.0,0.0,1.0,1.0,0.0,0.2559580248098155,0.25,-0.005958024809815499,1,0,0.025,0.025,0.0,1.0,1.0,0.0,1.0,1.0,0.0,0.2559580248098155,0.25,-0.005958024809815499,1,0,0.022222222222222223,0.022222222222222223,0.0,1.0,1.0,0.0,1.0,1.0,0.0,0.2559580248098155,0.25,-0.005958024809815499,1,0,0.02,0.02,0.0,1.0,1.0,0.0,1.0,1.0,0.0,0.2559580248098155,0.25,-0.005958024809815499,1,0,0.01818181818181818,0.01818181818181818,0.0,1.0,1.0,0.0,1.0,1.0,0.0,0.2559580248098155,0.25,-0.005958024809815499,1,0,0.016666666666666666,0.016666666666666666,0.0,1.0,1.0,0.0,1.0,1.0,0.0,0.2559580248098155,0.25,-0.005958024809815499,1,0
chunker-generic-sliding-window,Sliding-window chunker,Q-092,features_security_maintenance_limitations,XR500,0.2,0.2,0.0,1.0,1.0,0.0,1.0,1.0,0.0,1.0,0.6309297535714575,-0.36907024642854247,1,0,0.1,0.1,0.0,1.0,1.0,0.0,1.0,1.0,0.0,1.0,0.6309297535714575,-0.36907024642854247,1,0,0.06666666666666667,0.06666666666666667,0.0,1.0,1.0,0.0,1.0,1.0,0.0,1.0,0.6309297535714575,-0.36907024642854247,1,0,0.05,0.05,0.0,1.0,1.0,0.0,1.0,1.0,0.0,1.0,0.6309297535714575,-0.36907024642854247,1,0,0.04,0.04,0.0,1.0,1.0,0.0,1.0,1.0,0.0,1.0,0.6309297535714575,-0.36907024642854247,1,0,0.03333333333333333,0.03333333333333333,0.0,1.0,1.0,0.0,1.0,1.0,0.0,1.0,0.6309297535714575,-0.36907024642854247,1,0,0.02857142857142857,0.02857142857142857,0.0,1.0,1.0,0.0,1.0,1.0,0.0,1.0,0.6309297535714575,-0.36907024642854247,1,0,0.025,0.025,0.0,1.0,1.0,0.0,1.0,1.0,0.0,1.0,0.6309297535714575,-0.36907024642854247,1,0,0.022222222222222223,0.022222222222222223,0.0,1.0,1.0,0.0,1.0,1.0,0.0,1.0,0.6309297535714575,-0.36907024642854247,1,0,0.02,0.02,0.0,1.0,1.0,0.0,1.0,1.0,0.0,1.0,0.6309297535714575,-0.36907024642854247,1,0,0.01818181818181818,0.01818181818181818,0.0,1.0,1.0,0.0,1.0,1.0,0.0,1.0,0.6309297535714575,-0.36907024642854247,1,0,0.016666666666666666,0.016666666666666666,0.0,1.0,1.0,0.0,1.0,1.0,0.0,1.0,0.6309297535714575,-0.36907024642854247,1,0
chunker-generic-sliding-window,Sliding-window chunker,Q-093,features_security_maintenance_limitations,XR500,0.0,0.0,0.0,0.0,0.0,0.0,0.0,0.0,0.0,0.0,0.0,0.0,0,0,0.2,0.1,-0.1,1.0,1.0,0.0,1.0,1.0,0.0,0.39780880120575696,0.3010299956639812,-0.09677880554177576,1,0,0.13333333333333333,0.06666666666666667,-0.06666666666666667,1.0,1.0,0.0,1.0,1.0,0.0,0.39780880120575696,0.3010299956639812,-0.09677880554177576,1,0,0.1,0.05,-0.05,1.0,1.0,0.0,1.0,1.0,0.0,0.39780880120575696,0.3010299956639812,-0.09677880554177576,1,0,0.08,0.04,-0.04,1.0,1.0,0.0,1.0,1.0,0.0,0.39780880120575696,0.3010299956639812,-0.09677880554177576,1,0,0.06666666666666667,0.03333333333333333,-0.03333333333333333,1.0,1.0,0.0,1.0,1.0,0.0,0.39780880120575696,0.3010299956639812,-0.09677880554177576,1,0,0.05714285714285714,0.02857142857142857,-0.02857142857142857,1.0,1.0,0.0,1.0,1.0,0.0,0.39780880120575696,0.3010299956639812,-0.09677880554177576,1,0,0.05,0.025,-0.025,1.0,1.0,0.0,1.0,1.0,0.0,0.39780880120575696,0.3010299956639812,-0.09677880554177576,1,0,0.044444444444444446,0.022222222222222223,-0.022222222222222223,1.0,1.0,0.0,1.0,1.0,0.0,0.39780880120575696,0.3010299956639812,-0.09677880554177576,1,0,0.04,0.02,-0.02,1.0,1.0,0.0,1.0,1.0,0.0,0.39780880120575696,0.3010299956639812,-0.09677880554177576,1,0,0.03636363636363636,0.01818181818181818,-0.01818181818181818,1.0,1.0,0.0,1.0,1.0,0.0,0.39780880120575696,0.3010299956639812,-0.09677880554177576,1,0,0.03333333333333333,0.016666666666666666,-0.016666666666666666,1.0,1.0,0.0,1.0,1.0,0.0,0.39780880120575696,0.3010299956639812,-0.09677880554177576,1,0
chunker-generic-sliding-window,Sliding-window chunker,Q-094,features_security_maintenance_limitations,XR500,0.0,0.0,0.0,0.0,0.0,0.0,0.0,0.0,0.0,0.0,0.0,0.0,0,0,0.2,0.0,-0.2,1.0,0.0,-1.0,1.0,0.0,-1.0,0.25190132085971084,0.0,-0.25190132085971084,0,1,0.2,0.13333333333333333,-0.06666666666666668,1.0,1.0,0.0,1.0,1.0,0.0,0.35182222738084623,0.3243198822590827,-0.027502345121763527,1,0,0.15,0.1,-0.04999999999999999,1.0,1.0,0.0,1.0,1.0,0.0,0.35182222738084623,0.3243198822590827,-0.027502345121763527,1,0,0.16,0.08,-0.08,1.0,1.0,0.0,1.0,1.0,0.0,0.4393625426893234,0.3243198822590827,-0.1150426604302407,1,0,0.13333333333333333,0.06666666666666667,-0.06666666666666667,1.0,1.0,0.0,1.0,1.0,0.0,0.4393625426893234,0.3243198822590827,-0.1150426604302407,1,0,0.11428571428571428,0.05714285714285714,-0.05714285714285714,1.0,1.0,0.0,1.0,1.0,0.0,0.4393625426893234,0.3243198822590827,-0.1150426604302407,1,0,0.1,0.05,-0.05,1.0,1.0,0.0,1.0,1.0,0.0,0.4393625426893234,0.3243198822590827,-0.1150426604302407,1,0,0.08888888888888889,0.044444444444444446,-0.044444444444444446,1.0,1.0,0.0,1.0,1.0,0.0,0.4393625426893234,0.3243198822590827,-0.1150426604302407,1,0,0.08,0.04,-0.04,1.0,1.0,0.0,1.0,1.0,0.0,0.4393625426893234,0.3243198822590827,-0.1150426604302407,1,0,0.07272727272727272,0.03636363636363636,-0.03636363636363636,1.0,1.0,0.0,1.0,1.0,0.0,0.4393625426893234,0.3243198822590827,-0.1150426604302407,1,0,0.06666666666666667,0.03333333333333333,-0.03333333333333333,1.0,1.0,0.0,1.0,1.0,0.0,0.4393625426893234,0.3243198822590827,-0.1150426604302407,1,0
chunker-generic-sliding-window,Sliding-window chunker,Q-095,features_security_maintenance_limitations,XR500,0.8,0.4,-0.4,1.0,1.0,0.0,1.0,1.0,0.0,0.9828920819566879,0.6366824387328317,-0.34620964322385617,1,0,0.4,0.2,-0.2,1.0,1.0,0.0,1.0,1.0,0.0,0.9828920819566879,0.6366824387328317,-0.34620964322385617,1,0,0.26666666666666666,0.2,-0.06666666666666665,1.0,1.0,0.0,1.0,1.0,0.0,0.9828920819566879,0.7392155773510536,-0.24367650460563428,1,0,0.2,0.2,0.0,1.0,1.0,0.0,1.0,1.0,0.0,0.9828920819566879,0.8311145207197081,-0.15177756123697972,1,0,0.16,0.16,0.0,1.0,1.0,0.0,1.0,1.0,0.0,0.9828920819566879,0.8311145207197081,-0.15177756123697972,1,0,0.13333333333333333,0.13333333333333333,0.0,1.0,1.0,0.0,1.0,1.0,0.0,0.9828920819566879,0.8311145207197081,-0.15177756123697972,1,0,0.11428571428571428,0.11428571428571428,0.0,1.0,1.0,0.0,1.0,1.0,0.0,0.9828920819566879,0.8311145207197081,-0.15177756123697972,1,0,0.1,0.1,0.0,1.0,1.0,0.0,1.0,1.0,0.0,0.9828920819566879,0.8311145207197081,-0.15177756123697972,1,0,0.08888888888888889,0.08888888888888889,0.0,1.0,1.0,0.0,1.0,1.0,0.0,0.9828920819566879,0.8311145207197081,-0.15177756123697972,1,0,0.08,0.08,0.0,1.0,1.0,0.0,1.0,1.0,0.0,0.9828920819566879,0.8311145207197081,-0.15177756123697972,1,0,0.07272727272727272,0.07272727272727272,0.0,1.0,1.0,0.0,1.0,1.0,0.0,0.9828920819566879,0.8311145207197081,-0.15177756123697972,1,0,0.06666666666666667,0.06666666666666667,0.0,1.0,1.0,0.0,1.0,1.0,0.0,0.9828920819566879,0.8311145207197081,-0.15177756123697972,1,0
chunker-generic-sliding-window,Sliding-window chunker,Q-096,features_security_maintenance_limitations,XR500,0.0,0.2,0.2,0.0,1.0,1.0,0.0,1.0,1.0,0.0,0.6309297535714575,0.6309297535714575,0,1,0.0,0.1,0.1,0.0,1.0,1.0,0.0,1.0,1.0,0.0,0.6309297535714575,0.6309297535714575,0,1,0.06666666666666667,0.06666666666666667,0.0,1.0,1.0,0.0,1.0,1.0,0.0,0.27023815442731974,0.6309297535714575,0.3606915991441378,1,0,0.05,0.05,0.0,1.0,1.0,0.0,1.0,1.0,0.0,0.27023815442731974,0.6309297535714575,0.3606915991441378,1,0,0.04,0.04,0.0,1.0,1.0,0.0,1.0,1.0,0.0,0.27023815442731974,0.6309297535714575,0.3606915991441378,1,0,0.03333333333333333,0.03333333333333333,0.0,1.0,1.0,0.0,1.0,1.0,0.0,0.27023815442731974,0.6309297535714575,0.3606915991441378,1,0,0.02857142857142857,0.02857142857142857,0.0,1.0,1.0,0.0,1.0,1.0,0.0,0.27023815442731974,0.6309297535714575,0.3606915991441378,1,0,0.025,0.025,0.0,1.0,1.0,0.0,1.0,1.0,0.0,0.27023815442731974,0.6309297535714575,0.3606915991441378,1,0,0.022222222222222223,0.022222222222222223,0.0,1.0,1.0,0.0,1.0,1.0,0.0,0.27023815442731974,0.6309297535714575,0.3606915991441378,1,0,0.02,0.02,0.0,1.0,1.0,0.0,1.0,1.0,0.0,0.27023815442731974,0.6309297535714575,0.3606915991441378,1,0,0.01818181818181818,0.01818181818181818,0.0,1.0,1.0,0.0,1.0,1.0,0.0,0.27023815442731974,0.6309297535714575,0.3606915991441378,1,0,0.016666666666666666,0.016666666666666666,0.0,1.0,1.0,0.0,1.0,1.0,0.0,0.27023815442731974,0.6309297535714575,0.3606915991441378,1,0
chunker-generic-sliding-window,Sliding-window chunker,Q-097,features_security_maintenance_limitations,XR500,0.0,0.2,0.2,0.0,1.0,1.0,0.0,1.0,1.0,0.0,0.5,0.5,0,1,0.0,0.1,0.1,0.0,1.0,1.0,0.0,1.0,1.0,0.0,0.5,0.5,0,1,0.0,0.06666666666666667,0.06666666666666667,0.0,1.0,1.0,0.0,1.0,1.0,0.0,0.5,0.5,0,1,0.0,0.05,0.05,0.0,1.0,1.0,0.0,1.0,1.0,0.0,0.5,0.5,0,1,0.0,0.04,0.04,0.0,1.0,1.0,0.0,1.0,1.0,0.0,0.5,0.5,0,1,0.0,0.03333333333333333,0.03333333333333333,0.0,1.0,1.0,0.0,1.0,1.0,0.0,0.5,0.5,0,1,0.0,0.02857142857142857,0.02857142857142857,0.0,1.0,1.0,0.0,1.0,1.0,0.0,0.5,0.5,0,1,0.0,0.025,0.025,0.0,1.0,1.0,0.0,1.0,1.0,0.0,0.5,0.5,0,1,0.0,0.022222222222222223,0.022222222222222223,0.0,1.0,1.0,0.0,1.0,1.0,0.0,0.5,0.5,0,1,0.0,0.02,0.02,0.0,1.0,1.0,0.0,1.0,1.0,0.0,0.5,0.5,0,1,0.0,0.01818181818181818,0.01818181818181818,0.0,1.0,1.0,0.0,1.0,1.0,0.0,0.5,0.5,0,1,0.0,0.016666666666666666,0.016666666666666666,0.0,1.0,1.0,0.0,1.0,1.0,0.0,0.5,0.5,0,1
chunker-generic-sliding-window,Sliding-window chunker,Q-098,features_security_maintenance_limitations,XR500,0.2,0.0,-0.2,1.0,0.0,-1.0,1.0,0.0,-1.0,0.23463936301137822,0.0,-0.23463936301137822,0,1,0.2,0.2,0.0,1.0,1.0,0.0,1.0,1.0,0.0,0.37590633587120725,0.2476427880871277,-0.12826354778407956,1,0,0.13333333333333333,0.2,0.06666666666666668,1.0,1.0,0.0,1.0,1.0,0.0,0.37590633587120725,0.3501759267053496,-0.02573040916585767,1,0,0.1,0.15,0.04999999999999999,1.0,1.0,0.0,1.0,1.0,0.0,0.37590633587120725,0.3501759267053496,-0.02573040916585767,1,0,0.12,0.16,0.04000000000000001,1.0,1.0,0.0,1.0,1.0,0.0,0.4782580401542728,0.43771624201382675,-0.04054179814044606,1,0,0.1,0.13333333333333333,0.033333333333333326,1.0,1.0,0.0,1.0,1.0,0.0,0.4782580401542728,0.43771624201382675,-0.04054179814044606,1,0,0.08571428571428572,0.11428571428571428,0.028571428571428567,1.0,1.0,0.0,1.0,1.0,0.0,0.4782580401542728,0.43771624201382675,-0.04054179814044606,1,0,0.075,0.1,0.02500000000000001,1.0,1.0,0.0,1.0,1.0,0.0,0.4782580401542728,0.43771624201382675,-0.04054179814044606,1,0,0.06666666666666667,0.08888888888888889,0.022222222222222227,1.0,1.0,0.0,1.0,1.0,0.0,0.4782580401542728,0.43771624201382675,-0.04054179814044606,1,0,0.06,0.08,0.020000000000000004,1.0,1.0,0.0,1.0,1.0,0.0,0.4782580401542728,0.43771624201382675,-0.04054179814044606,1,0,0.05454545454545454,0.07272727272727272,0.01818181818181818,1.0,1.0,0.0,1.0,1.0,0.0,0.4782580401542728,0.43771624201382675,-0.04054179814044606,1,0,0.05,0.06666666666666667,0.016666666666666663,1.0,1.0,0.0,1.0,1.0,0.0,0.4782580401542728,0.43771624201382675,-0.04054179814044606,1,0
chunker-generic-sliding-window,Sliding-window chunker,Q-099,features_security_maintenance_limitations,XR500,0.2,0.0,-0.2,1.0,0.0,-1.0,1.0,0.0,-1.0,0.2960819109658652,0.0,-0.2960819109658652,0,1,0.1,0.1,0.0,1.0,1.0,0.0,1.0,1.0,0.0,0.2960819109658652,0.20438239758848611,-0.09169951337737911,1,0,0.2,0.13333333333333333,-0.06666666666666668,1.0,1.0,0.0,1.0,1.0,0.0,0.5461547669909823,0.3576691957798507,-0.18848557121113163,1,0,0.15,0.1,-0.04999999999999999,1.0,1.0,0.0,1.0,1.0,0.0,0.5461547669909823,0.3576691957798507,-0.18848557121113163,1,0,0.12,0.08,-0.039999999999999994,1.0,1.0,0.0,1.0,1.0,0.0,0.5461547669909823,0.3576691957798507,-0.18848557121113163,1,0,0.1,0.06666666666666667,-0.03333333333333334,1.0,1.0,0.0,1.0,1.0,0.0,0.5461547669909823,0.3576691957798507,-0.18848557121113163,1,0,0.08571428571428572,0.05714285714285714,-0.028571428571428574,1.0,1.0,0.0,1.0,1.0,0.0,0.5461547669909823,0.3576691957798507,-0.18848557121113163,1,0,0.075,0.05,-0.024999999999999994,1.0,1.0,0.0,1.0,1.0,0.0,0.5461547669909823,0.3576691957798507,-0.18848557121113163,1,0,0.06666666666666667,0.044444444444444446,-0.02222222222222222,1.0,1.0,0.0,1.0,1.0,0.0,0.5461547669909823,0.3576691957798507,-0.18848557121113163,1,0,0.06,0.04,-0.019999999999999997,1.0,1.0,0.0,1.0,1.0,0.0,0.5461547669909823,0.3576691957798507,-0.18848557121113163,1,0,0.05454545454545454,0.03636363636363636,-0.01818181818181818,1.0,1.0,0.0,1.0,1.0,0.0,0.5461547669909823,0.3576691957798507,-0.18848557121113163,1,0,0.05,0.03333333333333333,-0.01666666666666667,1.0,1.0,0.0,1.0,1.0,0.0,0.5461547669909823,0.3576691957798507,-0.18848557121113163,1,0
chunker-generic-sliding-window,Sliding-window chunker,Q-100,features_security_maintenance_limitations,XR500,0.0,0.0,0.0,0.0,0.0,0.0,0.0,0.0,0.0,0.0,0.0,0.0,0,0,0.0,0.0,0.0,0.0,0.0,0.0,0.0,0.0,0.0,0.0,0.0,0.0,0,0,0.0,0.0,0.0,0.0,0.0,0.0,0.0,0.0,0.0,0.0,0.0,0.0,0,0,0.0,0.0,0.0,0.0,0.0,0.0,0.0,0.0,0.0,0.0,0.0,0.0,0,0,0.0,0.0,0.0,0.0,0.0,0.0,0.0,0.0,0.0,0.0,0.0,0.0,0,0,0.0,0.0,0.0,0.0,0.0,0.0,0.0,0.0,0.0,0.0,0.0,0.0,0,0,0.0,0.0,0.0,0.0,0.0,0.0,0.0,0.0,0.0,0.0,0.0,0.0,0,0,0.0,0.0,0.0,0.0,0.0,0.0,0.0,0.0,0.0,0.0,0.0,0.0,0,0,0.0,0.0,0.0,0.0,0.0,0.0,0.0,0.0,0.0,0.0,0.0,0.0,0,0,0.0,0.0,0.0,0.0,0.0,0.0,0.0,0.0,0.0,0.0,0.0,0.0,0,0,0.0,0.0,0.0,0.0,0.0,0.0,0.0,0.0,0.0,0.0,0.0,0.0,0,0,0.0,0.0,0.0,0.0,0.0,0.0,0.0,0.0,0.0,0.0,0.0,0.0,0,0
indexer-generic-dense,Dense indexer,Q-001,facts_specifications,CM2000,0.2,0.2,0.0,1.0,1.0,0.0,1.0,1.0,0.0,0.6131471927654584,0.6131471927654584,0.0,1,0,0.1,0.1,0.0,1.0,1.0,0.0,1.0,1.0,0.0,0.6131471927654584,0.6131471927654584,0.0,1,0,0.06666666666666667,0.06666666666666667,0.0,1.0,1.0,0.0,1.0,1.0,0.0,0.6131471927654584,0.6131471927654584,0.0,1,0,0.05,0.05,0.0,1.0,1.0,0.0,1.0,1.0,0.0,0.6131471927654584,0.6131471927654584,0.0,1,0,0.04,0.04,0.0,1.0,1.0,0.0,1.0,1.0,0.0,0.6131471927654584,0.6131471927654584,0.0,1,0,0.03333333333333333,0.03333333333333333,0.0,1.0,1.0,0.0,1.0,1.0,0.0,0.6131471927654584,0.6131471927654584,0.0,1,0,0.02857142857142857,0.02857142857142857,0.0,1.0,1.0,0.0,1.0,1.0,0.0,0.6131471927654584,0.6131471927654584,0.0,1,0,0.025,0.025,0.0,1.0,1.0,0.0,1.0,1.0,0.0,0.6131471927654584,0.6131471927654584,0.0,1,0,0.044444444444444446,0.022222222222222223,-0.022222222222222223,1.0,1.0,0.0,1.0,1.0,0.0,0.7261433734686096,0.6131471927654584,-0.1129961807031512,1,0,0.04,0.04,0.0,1.0,1.0,0.0,1.0,1.0,0.0,0.7261433734686096,0.7229325660219997,-0.0032108074466098424,1,0,0.03636363636363636,0.03636363636363636,0.0,1.0,1.0,0.0,1.0,1.0,0.0,0.7261433734686096,0.7229325660219997,-0.0032108074466098424,1,0,0.03333333333333333,0.03333333333333333,0.0,1.0,1.0,0.0,1.0,1.0,0.0,0.7261433734686096,0.7229325660219997,-0.0032108074466098424,1,0
indexer-generic-dense,Dense indexer,Q-002,facts_specifications,CM2000,0.0,0.0,0.0,0.0,0.0,0.0,0.0,0.0,0.0,0.0,0.0,0.0,0,0,0.1,0.1,0.0,1.0,1.0,0.0,1.0,1.0,0.0,0.3333333333333333,0.2890648263178879,-0.044268507015445435,1,0,0.06666666666666667,0.06666666666666667,0.0,1.0,1.0,0.0,1.0,1.0,0.0,0.3333333333333333,0.2890648263178879,-0.044268507015445435,1,0,0.05,0.05,0.0,1.0,1.0,0.0,1.0,1.0,0.0,0.3333333333333333,0.2890648263178879,-0.044268507015445435,1,0,0.04,0.04,0.0,1.0,1.0,0.0,1.0,1.0,0.0,0.3333333333333333,0.2890648263178879,-0.044268507015445435,1,0,0.03333333333333333,0.03333333333333333,0.0,1.0,1.0,0.0,1.0,1.0,0.0,0.3333333333333333,0.2890648263178879,-0.044268507015445435,1,0,0.02857142857142857,0.02857142857142857,0.0,1.0,1.0,0.0,1.0,1.0,0.0,0.3333333333333333,0.2890648263178879,-0.044268507015445435,1,0,0.025,0.025,0.0,1.0,1.0,0.0,1.0,1.0,0.0,0.3333333333333333,0.2890648263178879,-0.044268507015445435,1,0,0.022222222222222223,0.022222222222222223,0.0,1.0,1.0,0.0,1.0,1.0,0.0,0.3333333333333333,0.2890648263178879,-0.044268507015445435,1,0,0.02,0.02,0.0,1.0,1.0,0.0,1.0,1.0,0.0,0.3333333333333333,0.2890648263178879,-0.044268507015445435,1,0,0.01818181818181818,0.01818181818181818,0.0,1.0,1.0,0.0,1.0,1.0,0.0,0.3333333333333333,0.2890648263178879,-0.044268507015445435,1,0,0.016666666666666666,0.016666666666666666,0.0,1.0,1.0,0.0,1.0,1.0,0.0,0.3333333333333333,0.2890648263178879,-0.044268507015445435,1,0
indexer-generic-dense,Dense indexer,Q-003,setup_configuration,CM2000,0.6,0.6,0.0,1.0,1.0,0.0,1.0,1.0,0.0,0.9060254355346823,0.9469024295259745,0.04087699399129219,1,0,0.3,0.3,0.0,1.0,1.0,0.0,1.0,1.0,0.0,0.9060254355346823,0.9469024295259745,0.04087699399129219,1,0,0.2,0.2,0.0,1.0,1.0,0.0,1.0,1.0,0.0,0.9060254355346823,0.9469024295259745,0.04087699399129219,1,0,0.15,0.15,0.0,1.0,1.0,0.0,1.0,1.0,0.0,0.9060254355346823,0.9469024295259745,0.04087699399129219,1,0,0.12,0.12,0.0,1.0,1.0,0.0,1.0,1.0,0.0,0.9060254355346823,0.9469024295259745,0.04087699399129219,1,0,0.1,0.1,0.0,1.0,1.0,0.0,1.0,1.0,0.0,0.9060254355346823,0.9469024295259745,0.04087699399129219,1,0,0.08571428571428572,0.08571428571428572,0.0,1.0,1.0,0.0,1.0,1.0,0.0,0.9060254355346823,0.9469024295259745,0.04087699399129219,1,0,0.075,0.075,0.0,1.0,1.0,0.0,1.0,1.0,0.0,0.9060254355346823,0.9469024295259745,0.04087699399129219,1,0,0.06666666666666667,0.06666666666666667,0.0,1.0,1.0,0.0,1.0,1.0,0.0,0.9060254355346823,0.9469024295259745,0.04087699399129219,1,0,0.06,0.06,0.0,1.0,1.0,0.0,1.0,1.0,0.0,0.9060254355346823,0.9469024295259745,0.04087699399129219,1,0,0.05454545454545454,0.05454545454545454,0.0,1.0,1.0,0.0,1.0,1.0,0.0,0.9060254355346823,0.9469024295259745,0.04087699399129219,1,0,0.05,0.05,0.0,1.0,1.0,0.0,1.0,1.0,0.0,0.9060254355346823,0.9469024295259745,0.04087699399129219,1,0
indexer-generic-dense,Dense indexer,Q-004,setup_configuration,CM2000,0.4,0.4,0.0,1.0,1.0,0.0,1.0,1.0,0.0,0.7653606369886217,0.7653606369886217,0.0,1,0,0.3,0.2,-0.09999999999999998,1.0,1.0,0.0,1.0,1.0,0.0,0.9217868789962071,0.7653606369886217,-0.15642624200758548,1,0,0.2,0.2,0.0,1.0,1.0,0.0,1.0,1.0,0.0,0.9217868789962071,0.8886164761813452,-0.03317040281486194,1,0,0.15,0.15,0.0,1.0,1.0,0.0,1.0,1.0,0.0,0.9217868789962071,0.8886164761813452,-0.03317040281486194,1,0,0.12,0.12,0.0,1.0,1.0,0.0,1.0,1.0,0.0,0.9217868789962071,0.8886164761813452,-0.03317040281486194,1,0,0.1,0.1,0.0,1.0,1.0,0.0,1.0,1.0,0.0,0.9217868789962071,0.8886164761813452,-0.03317040281486194,1,0,0.08571428571428572,0.08571428571428572,0.0,1.0,1.0,0.0,1.0,1.0,0.0,0.9217868789962071,0.8886164761813452,-0.03317040281486194,1,0,0.075,0.075,0.0,1.0,1.0,0.0,1.0,1.0,0.0,0.9217868789962071,0.8886164761813452,-0.03317040281486194,1,0,0.06666666666666667,0.06666666666666667,0.0,1.0,1.0,0.0,1.0,1.0,0.0,0.9217868789962071,0.8886164761813452,-0.03317040281486194,1,0,0.06,0.06,0.0,1.0,1.0,0.0,1.0,1.0,0.0,0.9217868789962071,0.8886164761813452,-0.03317040281486194,1,0,0.05454545454545454,0.05454545454545454,0.0,1.0,1.0,0.0,1.0,1.0,0.0,0.9217868789962071,0.8886164761813452,-0.03317040281486194,1,0,0.05,0.05,0.0,1.0,1.0,0.0,1.0,1.0,0.0,0.9217868789962071,0.8886164761813452,-0.03317040281486194,1,0
indexer-generic-dense,Dense indexer,Q-005,facts_specifications,CM2000,0.6,0.0,-0.6,1.0,0.0,-1.0,1.0,0.0,-1.0,0.8529278650606567,0.0,-0.8529278650606567,0,1,0.3,0.0,-0.3,1.0,0.0,-1.0,1.0,0.0,-1.0,0.8529278650606567,0.0,-0.8529278650606567,0,1,0.2,0.0,-0.2,1.0,0.0,-1.0,1.0,0.0,-1.0,0.8529278650606567,0.0,-0.8529278650606567,0,1,0.15,0.05,-0.09999999999999999,1.0,1.0,0.0,1.0,1.0,0.0,0.8529278650606567,0.11047239495909743,-0.7424554701015592,1,0,0.12,0.12,0.0,1.0,1.0,0.0,1.0,1.0,0.0,0.8529278650606567,0.3180569553894577,-0.534870909671199,1,0,0.1,0.1,0.0,1.0,1.0,0.0,1.0,1.0,0.0,0.8529278650606567,0.3180569553894577,-0.534870909671199,1,0,0.08571428571428572,0.08571428571428572,0.0,1.0,1.0,0.0,1.0,1.0,0.0,0.8529278650606567,0.3180569553894577,-0.534870909671199,1,0,0.075,0.075,0.0,1.0,1.0,0.0,1.0,1.0,0.0,0.8529278650606567,0.3180569553894577,-0.534870909671199,1,0,0.06666666666666667,0.06666666666666667,0.0,1.0,1.0,0.0,1.0,1.0,0.0,0.8529278650606567,0.3180569553894577,-0.534870909671199,1,0,0.06,0.06,0.0,1.0,1.0,0.0,1.0,1.0,0.0,0.8529278650606567,0.3180569553894577,-0.534870909671199,1,0,0.05454545454545454,0.05454545454545454,0.0,1.0,1.0,0.0,1.0,1.0,0.0,0.8529278650606567,0.3180569553894577,-0.534870909671199,1,0,0.05,0.05,0.0,1.0,1.0,0.0,1.0,1.0,0.0,0.8529278650606567,0.3180569553894577,-0.534870909671199,1,0
indexer-generic-dense,Dense indexer,Q-006,troubleshooting_diagnostics,CM2000,0.2,0.2,0.0,1.0,1.0,0.0,1.0,1.0,0.0,0.20210734650054757,0.20210734650054757,0.0,1,0,0.1,0.1,0.0,1.0,1.0,0.0,1.0,1.0,0.0,0.20210734650054757,0.20210734650054757,0.0,1,0,0.06666666666666667,0.06666666666666667,0.0,1.0,1.0,0.0,1.0,1.0,0.0,0.20210734650054757,0.20210734650054757,0.0,1,0,0.1,0.05,-0.05,1.0,1.0,0.0,1.0,1.0,0.0,0.312579741459645,0.20210734650054757,-0.11047239495909744,1,0,0.08,0.04,-0.04,1.0,1.0,0.0,1.0,1.0,0.0,0.312579741459645,0.20210734650054757,-0.11047239495909744,1,0,0.06666666666666667,0.06666666666666667,0.0,1.0,1.0,0.0,1.0,1.0,0.0,0.312579741459645,0.29870688579340005,-0.013872855666244965,1,0,0.05714285714285714,0.05714285714285714,0.0,1.0,1.0,0.0,1.0,1.0,0.0,0.312579741459645,0.29870688579340005,-0.013872855666244965,1,0,0.075,0.05,-0.024999999999999994,1.0,1.0,0.0,1.0,1.0,0.0,0.400171747214932,0.29870688579340005,-0.10146486142153194,1,0,0.06666666666666667,0.06666666666666667,0.0,1.0,1.0,0.0,1.0,1.0,0.0,0.400171747214932,0.38466431850869265,-0.015507428706239335,1,0,0.06,0.06,0.0,1.0,1.0,0.0,1.0,1.0,0.0,0.400171747214932,0.38466431850869265,-0.015507428706239335,1,0,0.05454545454545454,0.05454545454545454,0.0,1.0,1.0,0.0,1.0,1.0,0.0,0.400171747214932,0.38466431850869265,-0.015507428706239335,1,0,0.05,0.05,0.0,1.0,1.0,0.0,1.0,1.0,0.0,0.400171747214932,0.38466431850869265,-0.015507428706239335,1,0
indexer-generic-dense,Dense indexer,Q-007,troubleshooting_diagnostics,CM2000,0.2,0.2,0.0,1.0,1.0,0.0,1.0,1.0,0.0,0.38685280723454163,0.38685280723454163,0.0,1,0,0.2,0.1,-0.1,1.0,1.0,0.0,1.0,1.0,0.0,0.5640920940185894,0.38685280723454163,-0.17723928678404777,1,0,0.13333333333333333,0.06666666666666667,-0.06666666666666667,1.0,1.0,0.0,1.0,1.0,0.0,0.5640920940185894,0.38685280723454163,-0.17723928678404777,1,0,0.1,0.05,-0.05,1.0,1.0,0.0,1.0,1.0,0.0,0.5640920940185894,0.38685280723454163,-0.17723928678404777,1,0,0.08,0.04,-0.04,1.0,1.0,0.0,1.0,1.0,0.0,0.5640920940185894,0.38685280723454163,-0.17723928678404777,1,0,0.06666666666666667,0.03333333333333333,-0.03333333333333333,1.0,1.0,0.0,1.0,1.0,0.0,0.5640920940185894,0.38685280723454163,-0.17723928678404777,1,0,0.05714285714285714,0.05714285714285714,0.0,1.0,1.0,0.0,1.0,1.0,0.0,0.5640920940185894,0.5094822457876332,-0.05460984823095616,1,0,0.05,0.05,0.0,1.0,1.0,0.0,1.0,1.0,0.0,0.5640920940185894,0.5094822457876332,-0.05460984823095616,1,0,0.044444444444444446,0.044444444444444446,0.0,1.0,1.0,0.0,1.0,1.0,0.0,0.5640920940185894,0.5094822457876332,-0.05460984823095616,1,0,0.04,0.04,0.0,1.0,1.0,0.0,1.0,1.0,0.0,0.5640920940185894,0.5094822457876332,-0.05460984823095616,1,0,0.03636363636363636,0.03636363636363636,0.0,1.0,1.0,0.0,1.0,1.0,0.0,0.5640920940185894,0.5094822457876332,-0.05460984823095616,1,0,0.03333333333333333,0.03333333333333333,0.0,1.0,1.0,0.0,1.0,1.0,0.0,0.5640920940185894,0.5094822457876332,-0.05460984823095616,1,0
indexer-generic-dense,Dense indexer,Q-008,troubleshooting_diagnostics,CM2000,0.2,0.0,-0.2,1.0,0.0,-1.0,1.0,0.0,-1.0,0.46927872602275644,0.0,-0.46927872602275644,0,1,0.1,0.1,0.0,1.0,1.0,0.0,1.0,1.0,0.0,0.46927872602275644,0.17723928678404774,-0.2920394392387087,1,0,0.06666666666666667,0.06666666666666667,0.0,1.0,1.0,0.0,1.0,1.0,0.0,0.46927872602275644,0.17723928678404774,-0.2920394392387087,1,0,0.05,0.05,0.0,1.0,1.0,0.0,1.0,1.0,0.0,0.46927872602275644,0.17723928678404774,-0.2920394392387087,1,0,0.08,0.08,0.0,1.0,1.0,0.0,1.0,1.0,0.0,0.5691159230006478,0.30768393229222224,-0.2614319907084256,1,0,0.06666666666666667,0.06666666666666667,0.0,1.0,1.0,0.0,1.0,1.0,0.0,0.5691159230006478,0.30768393229222224,-0.2614319907084256,1,0,0.08571428571428572,0.05714285714285714,-0.028571428571428574,1.0,1.0,0.0,1.0,1.0,0.0,0.662145673436254,0.30768393229222224,-0.35446174114403173,1,0,0.075,0.05,-0.024999999999999994,1.0,1.0,0.0,1.0,1.0,0.0,0.662145673436254,0.30768393229222224,-0.35446174114403173,1,0,0.06666666666666667,0.044444444444444446,-0.02222222222222222,1.0,1.0,0.0,1.0,1.0,0.0,0.662145673436254,0.30768393229222224,-0.35446174114403173,1,0,0.06,0.04,-0.019999999999999997,1.0,1.0,0.0,1.0,1.0,0.0,0.662145673436254,0.30768393229222224,-0.35446174114403173,1,0,0.05454545454545454,0.03636363636363636,-0.01818181818181818,1.0,1.0,0.0,1.0,1.0,0.0,0.662145673436254,0.30768393229222224,-0.35446174114403173,1,0,0.05,0.03333333333333333,-0.01666666666666667,1.0,1.0,0.0,1.0,1.0,0.0,0.662145673436254,0.30768393229222224,-0.35446174114403173,1,0
indexer-generic-dense,Dense indexer,Q-009,facts_specifications,CM2000,0.0,0.2,0.2,0.0,1.0,1.0,0.0,1.0,1.0,0.0,0.23719771276929622,0.23719771276929622,0,1,0.1,0.2,0.1,1.0,1.0,0.0,1.0,1.0,0.0,0.21840743681816419,0.41443699955334395,0.19602956273517977,1,0,0.06666666666666667,0.13333333333333333,0.06666666666666667,1.0,1.0,0.0,1.0,1.0,0.0,0.21840743681816419,0.41443699955334395,0.19602956273517977,1,0,0.1,0.1,0.0,1.0,1.0,0.0,1.0,1.0,0.0,0.36274775120088537,0.41443699955334395,0.05168924835245858,1,0,0.08,0.08,0.0,1.0,1.0,0.0,1.0,1.0,0.0,0.36274775120088537,0.41443699955334395,0.05168924835245858,1,0,0.06666666666666667,0.06666666666666667,0.0,1.0,1.0,0.0,1.0,1.0,0.0,0.36274775120088537,0.41443699955334395,0.05168924835245858,1,0,0.05714285714285714,0.05714285714285714,0.0,1.0,1.0,0.0,1.0,1.0,0.0,0.36274775120088537,0.41443699955334395,0.05168924835245858,1,0,0.05,0.05,0.0,1.0,1.0,0.0,1.0,1.0,0.0,0.36274775120088537,0.41443699955334395,0.05168924835245858,1,0,0.044444444444444446,0.044444444444444446,0.0,1.0,1.0,0.0,1.0,1.0,0.0,0.36274775120088537,0.41443699955334395,0.05168924835245858,1,0,0.04,0.04,0.0,1.0,1.0,0.0,1.0,1.0,0.0,0.36274775120088537,0.41443699955334395,0.05168924835245858,1,0,0.03636363636363636,0.03636363636363636,0.0,1.0,1.0,0.0,1.0,1.0,0.0,0.36274775120088537,0.41443699955334395,0.05168924835245858,1,0,0.03333333333333333,0.03333333333333333,0.0,1.0,1.0,0.0,1.0,1.0,0.0,0.36274775120088537,0.41443699955334395,0.05168924835245858,1,0
indexer-generic-dense,Dense indexer,Q-010,setup_configuration,LM1200,0.2,0.2,0.0,1.0,1.0,0.0,1.0,1.0,0.0,1.0,1.0,0.0,1,0,0.1,0.1,0.0,1.0,1.0,0.0,1.0,1.0,0.0,1.0,1.0,0.0,1,0,0.06666666666666667,0.06666666666666667,0.0,1.0,1.0,0.0,1.0,1.0,0.0,1.0,1.0,0.0,1,0,0.05,0.05,0.0,1.0,1.0,0.0,1.0,1.0,0.0,1.0,1.0,0.0,1,0,0.04,0.04,0.0,1.0,1.0,0.0,1.0,1.0,0.0,1.0,1.0,0.0,1,0,0.03333333333333333,0.03333333333333333,0.0,1.0,1.0,0.0,1.0,1.0,0.0,1.0,1.0,0.0,1,0,0.02857142857142857,0.02857142857142857,0.0,1.0,1.0,0.0,1.0,1.0,0.0,1.0,1.0,0.0,1,0,0.025,0.025,0.0,1.0,1.0,0.0,1.0,1.0,0.0,1.0,1.0,0.0,1,0,0.022222222222222223,0.022222222222222223,0.0,1.0,1.0,0.0,1.0,1.0,0.0,1.0,1.0,0.0,1,0,0.02,0.02,0.0,1.0,1.0,0.0,1.0,1.0,0.0,1.0,1.0,0.0,1,0,0.01818181818181818,0.01818181818181818,0.0,1.0,1.0,0.0,1.0,1.0,0.0,1.0,1.0,0.0,1,0,0.016666666666666666,0.016666666666666666,0.0,1.0,1.0,0.0,1.0,1.0,0.0,1.0,1.0,0.0,1,0
indexer-generic-dense,Dense indexer,Q-011,setup_configuration,LM1200,0.0,0.0,0.0,0.0,0.0,0.0,0.0,0.0,0.0,0.0,0.0,0.0,0,0,0.1,0.1,0.0,1.0,1.0,0.0,1.0,1.0,0.0,0.2890648263178879,0.2890648263178879,0.0,1,0,0.06666666666666667,0.06666666666666667,0.0,1.0,1.0,0.0,1.0,1.0,0.0,0.2890648263178879,0.2890648263178879,0.0,1,0,0.05,0.05,0.0,1.0,1.0,0.0,1.0,1.0,0.0,0.2890648263178879,0.2890648263178879,0.0,1,0,0.04,0.04,0.0,1.0,1.0,0.0,1.0,1.0,0.0,0.2890648263178879,0.2890648263178879,0.0,1,0,0.03333333333333333,0.03333333333333333,0.0,1.0,1.0,0.0,1.0,1.0,0.0,0.2890648263178879,0.2890648263178879,0.0,1,0,0.02857142857142857,0.02857142857142857,0.0,1.0,1.0,0.0,1.0,1.0,0.0,0.2890648263178879,0.2890648263178879,0.0,1,0,0.025,0.025,0.0,1.0,1.0,0.0,1.0,1.0,0.0,0.2890648263178879,0.2890648263178879,0.0,1,0,0.022222222222222223,0.022222222222222223,0.0,1.0,1.0,0.0,1.0,1.0,0.0,0.2890648263178879,0.2890648263178879,0.0,1,0,0.02,0.02,0.0,1.0,1.0,0.0,1.0,1.0,0.0,0.2890648263178879,0.2890648263178879,0.0,1,0,0.01818181818181818,0.01818181818181818,0.0,1.0,1.0,0.0,1.0,1.0,0.0,0.2890648263178879,0.2890648263178879,0.0,1,0,0.016666666666666666,0.016666666666666666,0.0,1.0,1.0,0.0,1.0,1.0,0.0,0.2890648263178879,0.2890648263178879,0.0,1,0
indexer-generic-dense,Dense indexer,Q-012,setup_configuration,LM1200,0.0,0.0,0.0,0.0,0.0,0.0,0.0,0.0,0.0,0.0,0.0,0.0,0,0,0.0,0.0,0.0,0.0,0.0,0.0,0.0,0.0,0.0,0.0,0.0,0.0,0,0,0.0,0.0,0.0,0.0,0.0,0.0,0.0,0.0,0.0,0.0,0.0,0.0,0,0,0.0,0.0,0.0,0.0,0.0,0.0,0.0,0.0,0.0,0.0,0.0,0.0,0,0,0.0,0.0,0.0,0.0,0.0,0.0,0.0,0.0,0.0,0.0,0.0,0.0,0,0,0.0,0.0,0.0,0.0,0.0,0.0,0.0,0.0,0.0,0.0,0.0,0.0,0,0,0.0,0.0,0.0,0.0,0.0,0.0,0.0,0.0,0.0,0.0,0.0,0.0,0,0,0.025,0.0,-0.025,1.0,0.0,-1.0,1.0,0.0,-1.0,0.1905514124267734,0.0,-0.1905514124267734,0,1,0.022222222222222223,0.0,-0.022222222222222223,1.0,0.0,-1.0,1.0,0.0,-1.0,0.1905514124267734,0.0,-0.1905514124267734,0,1,0.02,0.0,-0.02,1.0,0.0,-1.0,1.0,0.0,-1.0,0.1905514124267734,0.0,-0.1905514124267734,0,1,0.01818181818181818,0.0,-0.01818181818181818,1.0,0.0,-1.0,1.0,0.0,-1.0,0.1905514124267734,0.0,-0.1905514124267734,0,1,0.016666666666666666,0.0,-0.016666666666666666,1.0,0.0,-1.0,1.0,0.0,-1.0,0.1905514124267734,0.0,-0.1905514124267734,0,1
indexer-generic-dense,Dense indexer,Q-013,setup_configuration,LM1200,0.6,0.4,-0.19999999999999996,1.0,1.0,0.0,1.0,1.0,0.0,0.8048099750039491,0.49818925746641285,-0.3066207175375363,1,0,0.3,0.3,0.0,1.0,1.0,0.0,1.0,1.0,0.0,0.8048099750039491,0.6394562303262419,-0.16535374467770725,1,0,0.2,0.2,0.0,1.0,1.0,0.0,1.0,1.0,0.0,0.8048099750039491,0.6394562303262419,-0.16535374467770725,1,0,0.15,0.15,0.0,1.0,1.0,0.0,1.0,1.0,0.0,0.8048099750039491,0.6394562303262419,-0.16535374467770725,1,0,0.12,0.12,0.0,1.0,1.0,0.0,1.0,1.0,0.0,0.8048099750039491,0.6394562303262419,-0.16535374467770725,1,0,0.13333333333333333,0.1,-0.033333333333333326,1.0,1.0,0.0,1.0,1.0,0.0,0.8836078315147293,0.6394562303262419,-0.24415160118848744,1,0,0.11428571428571428,0.08571428571428572,-0.028571428571428567,1.0,1.0,0.0,1.0,1.0,0.0,0.8836078315147293,0.6394562303262419,-0.24415160118848744,1,0,0.1,0.075,-0.02500000000000001,1.0,1.0,0.0,1.0,1.0,0.0,0.8836078315147293,0.6394562303262419,-0.24415160118848744,1,0,0.08888888888888889,0.06666666666666667,-0.022222222222222227,1.0,1.0,0.0,1.0,1.0,0.0,0.8836078315147293,0.6394562303262419,-0.24415160118848744,1,0,0.08,0.06,-0.020000000000000004,1.0,1.0,0.0,1.0,1.0,0.0,0.8836078315147293,0.6394562303262419,-0.24415160118848744,1,0,0.07272727272727272,0.05454545454545454,-0.01818181818181818,1.0,1.0,0.0,1.0,1.0,0.0,0.8836078315147293,0.6394562303262419,-0.24415160118848744,1,0,0.06666666666666667,0.05,-0.016666666666666663,1.0,1.0,0.0,1.0,1.0,0.0,0.8836078315147293,0.6394562303262419,-0.24415160118848744,1,0
indexer-generic-dense,Dense indexer,Q-014,troubleshooting_diagnostics,LM1200,0.0,0.0,0.0,0.0,0.0,0.0,0.0,0.0,0.0,0.0,0.0,0.0,0,0,0.0,0.0,0.0,0.0,0.0,0.0,0.0,0.0,0.0,0.0,0.0,0.0,0,0,0.0,0.0,0.0,0.0,0.0,0.0,0.0,0.0,0.0,0.0,0.0,0.0,0,0,0.0,0.0,0.0,0.0,0.0,0.0,0.0,0.0,0.0,0.0,0.0,0.0,0,0,0.0,0.0,0.0,0.0,0.0,0.0,0.0,0.0,0.0,0.0,0.0,0.0,0,0,0.0,0.0,0.0,0.0,0.0,0.0,0.0,0.0,0.0,0.0,0.0,0.0,0,0,0.0,0.0,0.0,0.0,0.0,0.0,0.0,0.0,0.0,0.0,0.0,0.0,0,0,0.0,0.0,0.0,0.0,0.0,0.0,0.0,0.0,0.0,0.0,0.0,0.0,0,0,0.0,0.0,0.0,0.0,0.0,0.0,0.0,0.0,0.0,0.0,0.0,0.0,0,0,0.0,0.0,0.0,0.0,0.0,0.0,0.0,0.0,0.0,0.0,0.0,0.0,0,0,0.0,0.0,0.0,0.0,0.0,0.0,0.0,0.0,0.0,0.0,0.0,0.0,0,0,0.0,0.0,0.0,0.0,0.0,0.0,0.0,0.0,0.0,0.0,0.0,0.0,0,0
indexer-generic-dense,Dense indexer,Q-015,features_security_maintenance_limitations,LM1200,0.8,0.6,-0.20000000000000007,1.0,1.0,0.0,1.0,1.0,0.0,0.7860137352654724,0.6164336326286644,-0.169580102636808,1,0,0.4,0.4,0.0,1.0,1.0,0.0,1.0,1.0,0.0,0.7860137352654724,0.7372449353281585,-0.04876879993731387,1,0,0.3333333333333333,0.3333333333333333,0.0,1.0,1.0,0.0,1.0,1.0,0.0,0.8806200819721368,0.831851282034823,-0.04876879993731387,1,0,0.25,0.25,0.0,1.0,1.0,0.0,1.0,1.0,0.0,0.8806200819721368,0.831851282034823,-0.04876879993731387,1,0,0.2,0.2,0.0,1.0,1.0,0.0,1.0,1.0,0.0,0.8806200819721368,0.831851282034823,-0.04876879993731387,1,0,0.16666666666666666,0.16666666666666666,0.0,1.0,1.0,0.0,1.0,1.0,0.0,0.8806200819721368,0.831851282034823,-0.04876879993731387,1,0,0.14285714285714285,0.14285714285714285,0.0,1.0,1.0,0.0,1.0,1.0,0.0,0.8806200819721368,0.831851282034823,-0.04876879993731387,1,0,0.125,0.125,0.0,1.0,1.0,0.0,1.0,1.0,0.0,0.8806200819721368,0.831851282034823,-0.04876879993731387,1,0,0.1111111111111111,0.1111111111111111,0.0,1.0,1.0,0.0,1.0,1.0,0.0,0.8806200819721368,0.831851282034823,-0.04876879993731387,1,0,0.1,0.1,0.0,1.0,1.0,0.0,1.0,1.0,0.0,0.8806200819721368,0.831851282034823,-0.04876879993731387,1,0,0.09090909090909091,0.09090909090909091,0.0,1.0,1.0,0.0,1.0,1.0,0.0,0.8806200819721368,0.831851282034823,-0.04876879993731387,1,0,0.08333333333333333,0.08333333333333333,0.0,1.0,1.0,0.0,1.0,1.0,0.0,0.8806200819721368,0.831851282034823,-0.04876879993731387,1,0
indexer-generic-dense,Dense indexer,Q-016,facts_specifications,LM1200,0.6,0.4,-0.19999999999999996,1.0,1.0,0.0,1.0,1.0,0.0,0.6164336326286644,0.5585075862632192,-0.05792604636544518,1,0,0.4,0.3,-0.10000000000000003,1.0,1.0,0.0,1.0,1.0,0.0,0.7234267649959281,0.6713527276121545,-0.052074037383773586,1,0,0.26666666666666666,0.26666666666666666,0.0,1.0,1.0,0.0,1.0,1.0,0.0,0.7234267649959281,0.7802464886803866,0.056819723684458534,1,0,0.2,0.2,0.0,1.0,1.0,0.0,1.0,1.0,0.0,0.7234267649959281,0.7802464886803866,0.056819723684458534,1,0,0.16,0.16,0.0,1.0,1.0,0.0,1.0,1.0,0.0,0.7234267649959281,0.7802464886803866,0.056819723684458534,1,0,0.13333333333333333,0.13333333333333333,0.0,1.0,1.0,0.0,1.0,1.0,0.0,0.7234267649959281,0.7802464886803866,0.056819723684458534,1,0,0.11428571428571428,0.11428571428571428,0.0,1.0,1.0,0.0,1.0,1.0,0.0,0.7234267649959281,0.7802464886803866,0.056819723684458534,1,0,0.1,0.1,0.0,1.0,1.0,0.0,1.0,1.0,0.0,0.7234267649959281,0.7802464886803866,0.056819723684458534,1,0,0.08888888888888889,0.08888888888888889,0.0,1.0,1.0,0.0,1.0,1.0,0.0,0.7234267649959281,0.7802464886803866,0.056819723684458534,1,0,0.08,0.08,0.0,1.0,1.0,0.0,1.0,1.0,0.0,0.7234267649959281,0.7802464886803866,0.056819723684458534,1,0,0.09090909090909091,0.07272727272727272,-0.018181818181818188,1.0,1.0,0.0,1.0,1.0,0.0,0.7820912007133943,0.7802464886803866,-0.0018447120330077338,1,0,0.08333333333333333,0.06666666666666667,-0.016666666666666663,1.0,1.0,0.0,1.0,1.0,0.0,0.7820912007133943,0.7802464886803866,-0.0018447120330077338,1,0
indexer-generic-dense,Dense indexer,Q-017,facts_specifications,LM1200,0.0,0.0,0.0,0.0,0.0,0.0,0.0,0.0,0.0,0.0,0.0,0.0,0,0,0.0,0.0,0.0,0.0,0.0,0.0,0.0,0.0,0.0,0.0,0.0,0.0,0,0,0.0,0.0,0.0,0.0,0.0,0.0,0.0,0.0,0.0,0.0,0.0,0.0,0,0,0.0,0.0,0.0,0.0,0.0,0.0,0.0,0.0,0.0,0.0,0.0,0.0,0,0,0.0,0.0,0.0,0.0,0.0,0.0,0.0,0.0,0.0,0.0,0.0,0.0,0,0,0.0,0.0,0.0,0.0,0.0,0.0,0.0,0.0,0.0,0.0,0.0,0.0,0,0,0.0,0.0,0.0,0.0,0.0,0.0,0.0,0.0,0.0,0.0,0.0,0.0,0,0,0.0,0.0,0.0,0.0,0.0,0.0,0.0,0.0,0.0,0.0,0.0,0.0,0,0,0.0,0.0,0.0,0.0,0.0,0.0,0.0,0.0,0.0,0.0,0.0,0.0,0,0,0.0,0.0,0.0,0.0,0.0,0.0,0.0,0.0,0.0,0.0,0.0,0.0,0,0,0.0,0.0,0.0,0.0,0.0,0.0,0.0,0.0,0.0,0.0,0.0,0.0,0,0,0.0,0.0,0.0,0.0,0.0,0.0,0.0,0.0,0.0,0.0,0.0,0.0,0,0
indexer-generic-dense,Dense indexer,Q-018,troubleshooting_diagnostics,LM1200,0.0,0.0,0.0,0.0,0.0,0.0,0.0,0.0,0.0,0.0,0.0,0.0,0,0,0.1,0.0,-0.1,1.0,0.0,-1.0,1.0,0.0,-1.0,0.13565197343244778,0.0,-0.13565197343244778,0,1,0.06666666666666667,0.06666666666666667,0.0,1.0,1.0,0.0,1.0,1.0,0.0,0.13565197343244778,0.12681701683239352,-0.008834956600054261,1,0,0.1,0.05,-0.05,1.0,1.0,0.0,1.0,1.0,0.0,0.24423284653348132,0.12681701683239352,-0.1174158297010878,1,0,0.08,0.04,-0.04,1.0,1.0,0.0,1.0,1.0,0.0,0.24423284653348132,0.12681701683239352,-0.1174158297010878,1,0,0.06666666666666667,0.06666666666666667,0.0,1.0,1.0,0.0,1.0,1.0,0.0,0.24423284653348132,0.2224536969007739,-0.021779149632707412,1,0,0.05714285714285714,0.08571428571428572,0.028571428571428574,1.0,1.0,0.0,1.0,1.0,0.0,0.24423284653348132,0.3146958892599465,0.0704630427264652,1,0,0.05,0.075,0.024999999999999994,1.0,1.0,0.0,1.0,1.0,0.0,0.24423284653348132,0.3146958892599465,0.0704630427264652,1,0,0.06666666666666667,0.06666666666666667,0.0,1.0,1.0,0.0,1.0,1.0,0.0,0.33126012798400994,0.3146958892599465,-0.01656423872406343,1,0,0.06,0.06,0.0,1.0,1.0,0.0,1.0,1.0,0.0,0.33126012798400994,0.3146958892599465,-0.01656423872406343,1,0,0.05454545454545454,0.05454545454545454,0.0,1.0,1.0,0.0,1.0,1.0,0.0,0.33126012798400994,0.3146958892599465,-0.01656423872406343,1,0,0.05,0.05,0.0,1.0,1.0,0.0,1.0,1.0,0.0,0.33126012798400994,0.3146958892599465,-0.01656423872406343,1,0
indexer-generic-dense,Dense indexer,Q-019,troubleshooting_diagnostics,LM1200,0.0,0.0,0.0,0.0,0.0,0.0,0.0,0.0,0.0,0.0,0.0,0.0,0,0,0.0,0.0,0.0,0.0,0.0,0.0,0.0,0.0,0.0,0.0,0.0,0.0,0,0,0.0,0.0,0.0,0.0,0.0,0.0,0.0,0.0,0.0,0.0,0.0,0.0,0,0,0.0,0.0,0.0,0.0,0.0,0.0,0.0,0.0,0.0,0.0,0.0,0.0,0,0,0.0,0.0,0.0,0.0,0.0,0.0,0.0,0.0,0.0,0.0,0.0,0.0,0,0,0.0,0.0,0.0,0.0,0.0,0.0,0.0,0.0,0.0,0.0,0.0,0.0,0,0,0.0,0.0,0.0,0.0,0.0,0.0,0.0,0.0,0.0,0.0,0.0,0.0,0,0,0.0,0.0,0.0,0.0,0.0,0.0,0.0,0.0,0.0,0.0,0.0,0.0,0,0,0.0,0.0,0.0,0.0,0.0,0.0,0.0,0.0,0.0,0.0,0.0,0.0,0,0,0.0,0.0,0.0,0.0,0.0,0.0,0.0,0.0,0.0,0.0,0.0,0.0,0,0,0.0,0.0,0.0,0.0,0.0,0.0,0.0,0.0,0.0,0.0,0.0,0.0,0,0,0.0,0.0,0.0,0.0,0.0,0.0,0.0,0.0,0.0,0.0,0.0,0.0,0,0
indexer-generic-dense,Dense indexer,Q-020,troubleshooting_diagnostics,R6350,0.0,0.0,0.0,0.0,0.0,0.0,0.0,0.0,0.0,0.0,0.0,0.0,0,0,0.0,0.0,0.0,0.0,0.0,0.0,0.0,0.0,0.0,0.0,0.0,0.0,0,0,0.0,0.0,0.0,0.0,0.0,0.0,0.0,0.0,0.0,0.0,0.0,0.0,0,0,0.0,0.0,0.0,0.0,0.0,0.0,0.0,0.0,0.0,0.0,0.0,0.0,0,0,0.0,0.0,0.0,0.0,0.0,0.0,0.0,0.0,0.0,0.0,0.0,0.0,0,0,0.0,0.0,0.0,0.0,0.0,0.0,0.0,0.0,0.0,0.0,0.0,0.0,0,0,0.0,0.0,0.0,0.0,0.0,0.0,0.0,0.0,0.0,0.0,0.0,0.0,0,0,0.0,0.025,0.025,0.0,1.0,1.0,0.0,1.0,1.0,0.0,0.1905514124267734,0.1905514124267734,0,1,0.0,0.022222222222222223,0.022222222222222223,0.0,1.0,1.0,0.0,1.0,1.0,0.0,0.1905514124267734,0.1905514124267734,0,1,0.0,0.02,0.02,0.0,1.0,1.0,0.0,1.0,1.0,0.0,0.1905514124267734,0.1905514124267734,0,1,0.01818181818181818,0.01818181818181818,0.0,1.0,1.0,0.0,1.0,1.0,0.0,0.17219543379409813,0.1905514124267734,0.01835597863267527,1,0,0.016666666666666666,0.016666666666666666,0.0,1.0,1.0,0.0,1.0,1.0,0.0,0.17219543379409813,0.1905514124267734,0.01835597863267527,1,0
indexer-generic-dense,Dense indexer,Q-021,troubleshooting_diagnostics,R6350,0.0,0.0,0.0,0.0,0.0,0.0,0.0,0.0,0.0,0.0,0.0,0.0,0,0,0.1,0.0,-0.1,1.0,0.0,-1.0,1.0,0.0,-1.0,0.1208113026994942,0.0,-0.1208113026994942,0,1,0.13333333333333333,0.0,-0.13333333333333333,1.0,0.0,-1.0,1.0,0.0,-1.0,0.20762207893542053,0.0,-0.20762207893542053,0,1,0.1,0.05,-0.05,1.0,1.0,0.0,1.0,1.0,0.0,0.20762207893542053,0.1395953738647505,-0.06802670507067005,1,0,0.08,0.04,-0.04,1.0,1.0,0.0,1.0,1.0,0.0,0.20762207893542053,0.1395953738647505,-0.06802670507067005,1,0,0.06666666666666667,0.03333333333333333,-0.03333333333333333,1.0,1.0,0.0,1.0,1.0,0.0,0.20762207893542053,0.1395953738647505,-0.06802670507067005,1,0,0.05714285714285714,0.02857142857142857,-0.02857142857142857,1.0,1.0,0.0,1.0,1.0,0.0,0.20762207893542053,0.1395953738647505,-0.06802670507067005,1,0,0.075,0.025,-0.049999999999999996,1.0,1.0,0.0,1.0,1.0,0.0,0.2727268378169061,0.1395953738647505,-0.1331314639521556,1,0,0.08888888888888889,0.022222222222222223,-0.06666666666666667,1.0,1.0,0.0,1.0,1.0,0.0,0.3348505585565886,0.1395953738647505,-0.19525518469183809,1,0,0.08,0.02,-0.06,1.0,1.0,0.0,1.0,1.0,0.0,0.3348505585565886,0.1395953738647505,-0.19525518469183809,1,0,0.07272727272727272,0.01818181818181818,-0.05454545454545454,1.0,1.0,0.0,1.0,1.0,0.0,0.3348505585565886,0.1395953738647505,-0.19525518469183809,1,0,0.08333333333333333,0.03333333333333333,-0.049999999999999996,1.0,1.0,0.0,1.0,1.0,0.0,0.39250495003125213,0.24298002198970328,-0.14952492804154885,1,0
indexer-generic-dense,Dense indexer,Q-022,troubleshooting_diagnostics,R6350,0.0,0.0,0.0,0.0,0.0,0.0,0.0,0.0,0.0,0.0,0.0,0.0,0,0,0.1,0.1,0.0,1.0,1.0,0.0,1.0,1.0,0.0,0.31546487678572877,0.31546487678572877,0.0,1,0,0.06666666666666667,0.06666666666666667,0.0,1.0,1.0,0.0,1.0,1.0,0.0,0.31546487678572877,0.31546487678572877,0.0,1,0,0.05,0.05,0.0,1.0,1.0,0.0,1.0,1.0,0.0,0.31546487678572877,0.31546487678572877,0.0,1,0,0.04,0.04,0.0,1.0,1.0,0.0,1.0,1.0,0.0,0.31546487678572877,0.31546487678572877,0.0,1,0,0.03333333333333333,0.03333333333333333,0.0,1.0,1.0,0.0,1.0,1.0,0.0,0.31546487678572877,0.31546487678572877,0.0,1,0,0.02857142857142857,0.02857142857142857,0.0,1.0,1.0,0.0,1.0,1.0,0.0,0.31546487678572877,0.31546487678572877,0.0,1,0,0.025,0.025,0.0,1.0,1.0,0.0,1.0,1.0,0.0,0.31546487678572877,0.31546487678572877,0.0,1,0,0.022222222222222223,0.022222222222222223,0.0,1.0,1.0,0.0,1.0,1.0,0.0,0.31546487678572877,0.31546487678572877,0.0,1,0,0.02,0.02,0.0,1.0,1.0,0.0,1.0,1.0,0.0,0.31546487678572877,0.31546487678572877,0.0,1,0,0.01818181818181818,0.01818181818181818,0.0,1.0,1.0,0.0,1.0,1.0,0.0,0.31546487678572877,0.31546487678572877,0.0,1,0,0.016666666666666666,0.016666666666666666,0.0,1.0,1.0,0.0,1.0,1.0,0.0,0.31546487678572877,0.31546487678572877,0.0,1,0
indexer-generic-dense,Dense indexer,Q-023,troubleshooting_diagnostics,R6350,0.0,0.0,0.0,0.0,0.0,0.0,0.0,0.0,0.0,0.0,0.0,0.0,0,0,0.1,0.1,0.0,1.0,1.0,0.0,1.0,1.0,0.0,0.19342640361727081,0.20438239758848611,0.0109559939712153,1,0,0.06666666666666667,0.06666666666666667,0.0,1.0,1.0,0.0,1.0,1.0,0.0,0.19342640361727081,0.20438239758848611,0.0109559939712153,1,0,0.05,0.05,0.0,1.0,1.0,0.0,1.0,1.0,0.0,0.19342640361727081,0.20438239758848611,0.0109559939712153,1,0,0.04,0.04,0.0,1.0,1.0,0.0,1.0,1.0,0.0,0.19342640361727081,0.20438239758848611,0.0109559939712153,1,0,0.03333333333333333,0.06666666666666667,0.03333333333333333,1.0,1.0,0.0,1.0,1.0,0.0,0.19342640361727081,0.3293387586115344,0.13591235499426357,1,0,0.02857142857142857,0.05714285714285714,0.02857142857142857,1.0,1.0,0.0,1.0,1.0,0.0,0.19342640361727081,0.3293387586115344,0.13591235499426357,1,0,0.05,0.05,0.0,1.0,1.0,0.0,1.0,1.0,0.0,0.3086378799531673,0.3293387586115344,0.02070087865836706,1,0,0.044444444444444446,0.044444444444444446,0.0,1.0,1.0,0.0,1.0,1.0,0.0,0.3086378799531673,0.3293387586115344,0.02070087865836706,1,0,0.04,0.04,0.0,1.0,1.0,0.0,1.0,1.0,0.0,0.3086378799531673,0.3293387586115344,0.02070087865836706,1,0,0.03636363636363636,0.03636363636363636,0.0,1.0,1.0,0.0,1.0,1.0,0.0,0.3086378799531673,0.3293387586115344,0.02070087865836706,1,0,0.03333333333333333,0.03333333333333333,0.0,1.0,1.0,0.0,1.0,1.0,0.0,0.3086378799531673,0.3293387586115344,0.02070087865836706,1,0
indexer-generic-dense,Dense indexer,Q-024,setup_configuration,R6350,0.0,0.0,0.0,0.0,0.0,0.0,0.0,0.0,0.0,0.0,0.0,0.0,0,0,0.0,0.1,0.1,0.0,1.0,1.0,0.0,1.0,1.0,0.0,0.1208113026994942,0.1208113026994942,0,1,0.0,0.2,0.2,0.0,1.0,1.0,0.0,1.0,1.0,0.0,0.29241213025382456,0.29241213025382456,0,1,0.0,0.2,0.2,0.0,1.0,1.0,0.0,1.0,1.0,0.0,0.370886412524931,0.370886412524931,0,1,0.0,0.16,0.16,0.0,1.0,1.0,0.0,1.0,1.0,0.0,0.370886412524931,0.370886412524931,0,1,0.0,0.13333333333333333,0.13333333333333333,0.0,1.0,1.0,0.0,1.0,1.0,0.0,0.370886412524931,0.370886412524931,0,1,0.0,0.11428571428571428,0.11428571428571428,0.0,1.0,1.0,0.0,1.0,1.0,0.0,0.370886412524931,0.370886412524931,0,1,0.0,0.1,0.1,0.0,1.0,1.0,0.0,1.0,1.0,0.0,0.370886412524931,0.370886412524931,0,1,0.0,0.08888888888888889,0.08888888888888889,0.0,1.0,1.0,0.0,1.0,1.0,0.0,0.370886412524931,0.370886412524931,0,1,0.02,0.08,0.06,1.0,1.0,0.0,1.0,1.0,0.0,0.10920371840908209,0.370886412524931,0.2616826941158489,1,0,0.03636363636363636,0.07272727272727272,0.03636363636363636,1.0,1.0,0.0,1.0,1.0,0.0,0.21525959853899146,0.370886412524931,0.15562681398593953,1,0,0.03333333333333333,0.08333333333333333,0.049999999999999996,1.0,1.0,0.0,1.0,1.0,0.0,0.21525959853899146,0.4280732656882827,0.21281366714929123,1,0
indexer-generic-dense,Dense indexer,Q-025,setup_configuration,R6350,0.0,0.0,0.0,0.0,0.0,0.0,0.0,0.0,0.0,0.0,0.0,0.0,0,0,0.2,0.1,-0.1,1.0,1.0,0.0,1.0,1.0,0.0,0.2836929289153804,0.15642624200758548,-0.1272666869077949,1,0,0.13333333333333333,0.13333333333333333,0.0,1.0,1.0,0.0,1.0,1.0,0.0,0.2836929289153804,0.2873282321757826,0.003635303260402234,1,0,0.15,0.15,0.0,1.0,1.0,0.0,1.0,1.0,0.0,0.39623181771084803,0.3959091052768163,-0.00032271243403175776,1,0,0.12,0.12,0.0,1.0,1.0,0.0,1.0,1.0,0.0,0.39623181771084803,0.3959091052768163,-0.00032271243403175776,1,0,0.1,0.1,0.0,1.0,1.0,0.0,1.0,1.0,0.0,0.39623181771084803,0.3959091052768163,-0.00032271243403175776,1,0,0.08571428571428572,0.08571428571428572,0.0,1.0,1.0,0.0,1.0,1.0,0.0,0.39623181771084803,0.3959091052768163,-0.00032271243403175776,1,0,0.075,0.075,0.0,1.0,1.0,0.0,1.0,1.0,0.0,0.39623181771084803,0.3959091052768163,-0.00032271243403175776,1,0,0.06666666666666667,0.06666666666666667,0.0,1.0,1.0,0.0,1.0,1.0,0.0,0.39623181771084803,0.3959091052768163,-0.00032271243403175776,1,0,0.06,0.06,0.0,1.0,1.0,0.0,1.0,1.0,0.0,0.39623181771084803,0.3959091052768163,-0.00032271243403175776,1,0,0.05454545454545454,0.05454545454545454,0.0,1.0,1.0,0.0,1.0,1.0,0.0,0.39623181771084803,0.3959091052768163,-0.00032271243403175776,1,0,0.05,0.05,0.0,1.0,1.0,0.0,1.0,1.0,0.0,0.39623181771084803,0.3959091052768163,-0.00032271243403175776,1,0
indexer-generic-dense,Dense indexer,Q-026,facts_specifications,R6350,0.4,0.4,0.0,1.0,1.0,0.0,1.0,1.0,0.0,0.8503449055347546,0.8503449055347546,0.0,1,0,0.2,0.2,0.0,1.0,1.0,0.0,1.0,1.0,0.0,0.8503449055347546,0.8503449055347546,0.0,1,0,0.13333333333333333,0.13333333333333333,0.0,1.0,1.0,0.0,1.0,1.0,0.0,0.8503449055347546,0.8503449055347546,0.0,1,0,0.1,0.1,0.0,1.0,1.0,0.0,1.0,1.0,0.0,0.8503449055347546,0.8503449055347546,0.0,1,0,0.08,0.08,0.0,1.0,1.0,0.0,1.0,1.0,0.0,0.8503449055347546,0.8503449055347546,0.0,1,0,0.06666666666666667,0.06666666666666667,0.0,1.0,1.0,0.0,1.0,1.0,0.0,0.8503449055347546,0.8503449055347546,0.0,1,0,0.05714285714285714,0.05714285714285714,0.0,1.0,1.0,0.0,1.0,1.0,0.0,0.8503449055347546,0.8503449055347546,0.0,1,0,0.05,0.05,0.0,1.0,1.0,0.0,1.0,1.0,0.0,0.8503449055347546,0.8503449055347546,0.0,1,0,0.044444444444444446,0.044444444444444446,0.0,1.0,1.0,0.0,1.0,1.0,0.0,0.8503449055347546,0.8503449055347546,0.0,1,0,0.04,0.04,0.0,1.0,1.0,0.0,1.0,1.0,0.0,0.8503449055347546,0.8503449055347546,0.0,1,0,0.03636363636363636,0.03636363636363636,0.0,1.0,1.0,0.0,1.0,1.0,0.0,0.8503449055347546,0.8503449055347546,0.0,1,0,0.03333333333333333,0.03333333333333333,0.0,1.0,1.0,0.0,1.0,1.0,0.0,0.8503449055347546,0.8503449055347546,0.0,1,0
indexer-generic-dense,Dense indexer,Q-027,setup_configuration,R6350,0.0,0.0,0.0,0.0,0.0,0.0,0.0,0.0,0.0,0.0,0.0,0.0,0,0,0.0,0.0,0.0,0.0,0.0,0.0,0.0,0.0,0.0,0.0,0.0,0.0,0,0,0.06666666666666667,0.06666666666666667,0.0,1.0,1.0,0.0,1.0,1.0,0.0,0.27023815442731974,0.27023815442731974,0.0,1,0,0.05,0.05,0.0,1.0,1.0,0.0,1.0,1.0,0.0,0.27023815442731974,0.27023815442731974,0.0,1,0,0.04,0.04,0.0,1.0,1.0,0.0,1.0,1.0,0.0,0.27023815442731974,0.27023815442731974,0.0,1,0,0.03333333333333333,0.03333333333333333,0.0,1.0,1.0,0.0,1.0,1.0,0.0,0.27023815442731974,0.27023815442731974,0.0,1,0,0.02857142857142857,0.02857142857142857,0.0,1.0,1.0,0.0,1.0,1.0,0.0,0.27023815442731974,0.27023815442731974,0.0,1,0,0.025,0.025,0.0,1.0,1.0,0.0,1.0,1.0,0.0,0.27023815442731974,0.27023815442731974,0.0,1,0,0.022222222222222223,0.022222222222222223,0.0,1.0,1.0,0.0,1.0,1.0,0.0,0.27023815442731974,0.27023815442731974,0.0,1,0,0.02,0.02,0.0,1.0,1.0,0.0,1.0,1.0,0.0,0.27023815442731974,0.27023815442731974,0.0,1,0,0.01818181818181818,0.01818181818181818,0.0,1.0,1.0,0.0,1.0,1.0,0.0,0.27023815442731974,0.27023815442731974,0.0,1,0,0.016666666666666666,0.016666666666666666,0.0,1.0,1.0,0.0,1.0,1.0,0.0,0.27023815442731974,0.27023815442731974,0.0,1,0
indexer-generic-dense,Dense indexer,Q-028,troubleshooting_diagnostics,R6350,0.0,0.2,0.2,0.0,1.0,1.0,0.0,1.0,1.0,0.0,0.23463936301137822,0.23463936301137822,0,1,0.1,0.1,0.0,1.0,1.0,0.0,1.0,1.0,0.0,0.11751610475642714,0.23463936301137822,0.11712325825495108,1,0,0.06666666666666667,0.06666666666666667,0.0,1.0,1.0,0.0,1.0,1.0,0.0,0.11751610475642714,0.23463936301137822,0.11712325825495108,1,0,0.05,0.1,0.05,1.0,1.0,0.0,1.0,1.0,0.0,0.11751610475642714,0.34944865773739603,0.23193255298096888,1,0,0.08,0.12,0.039999999999999994,1.0,1.0,0.0,1.0,1.0,0.0,0.20265966916523087,0.4518003620204616,0.24914069285523072,1,0,0.1,0.1,0.0,1.0,1.0,0.0,1.0,1.0,0.0,0.28476046541214084,0.4518003620204616,0.16703989660832075,1,0,0.08571428571428572,0.08571428571428572,0.0,1.0,1.0,0.0,1.0,1.0,0.0,0.28476046541214084,0.4518003620204616,0.16703989660832075,1,0,0.075,0.075,0.0,1.0,1.0,0.0,1.0,1.0,0.0,0.28476046541214084,0.4518003620204616,0.16703989660832075,1,0,0.06666666666666667,0.06666666666666667,0.0,1.0,1.0,0.0,1.0,1.0,0.0,0.28476046541214084,0.4518003620204616,0.16703989660832075,1,0,0.08,0.06,-0.020000000000000004,1.0,1.0,0.0,1.0,1.0,0.0,0.35465888459430983,0.4518003620204616,0.09714147742615176,1,0,0.07272727272727272,0.05454545454545454,-0.01818181818181818,1.0,1.0,0.0,1.0,1.0,0.0,0.35465888459430983,0.4518003620204616,0.09714147742615176,1,0,0.06666666666666667,0.05,-0.016666666666666663,1.0,1.0,0.0,1.0,1.0,0.0,0.35465888459430983,0.4518003620204616,0.09714147742615176,1,0
indexer-generic-dense,Dense indexer,Q-029,features_security_maintenance_limitations,R6350,0.2,0.0,-0.2,1.0,0.0,-1.0,1.0,0.0,-1.0,0.2960819109658652,0.0,-0.2960819109658652,0,1,0.1,0.1,0.0,1.0,1.0,0.0,1.0,1.0,0.0,0.2960819109658652,0.13565197343244778,-0.16042993753341744,1,0,0.13333333333333333,0.13333333333333333,0.0,1.0,1.0,0.0,1.0,1.0,0.0,0.4161975667639165,0.25576762923049906,-0.16042993753341744,1,0,0.15,0.1,-0.04999999999999999,1.0,1.0,0.0,1.0,1.0,0.0,0.5287364555593842,0.25576762923049906,-0.27296882632888514,1,0,0.12,0.12,0.0,1.0,1.0,0.0,1.0,1.0,0.0,0.5287364555593842,0.36100048537779383,-0.16773597018159037,1,0,0.1,0.1,0.0,1.0,1.0,0.0,1.0,1.0,0.0,0.5287364555593842,0.36100048537779383,-0.16773597018159037,1,0,0.08571428571428572,0.08571428571428572,0.0,1.0,1.0,0.0,1.0,1.0,0.0,0.5287364555593842,0.36100048537779383,-0.16773597018159037,1,0,0.075,0.075,0.0,1.0,1.0,0.0,1.0,1.0,0.0,0.5287364555593842,0.36100048537779383,-0.16773597018159037,1,0,0.06666666666666667,0.06666666666666667,0.0,1.0,1.0,0.0,1.0,1.0,0.0,0.5287364555593842,0.36100048537779383,-0.16773597018159037,1,0,0.06,0.06,0.0,1.0,1.0,0.0,1.0,1.0,0.0,0.5287364555593842,0.36100048537779383,-0.16773597018159037,1,0,0.05454545454545454,0.05454545454545454,0.0,1.0,1.0,0.0,1.0,1.0,0.0,0.5287364555593842,0.36100048537779383,-0.16773597018159037,1,0,0.05,0.05,0.0,1.0,1.0,0.0,1.0,1.0,0.0,0.5287364555593842,0.36100048537779383,-0.16773597018159037,1,0
indexer-generic-dense,Dense indexer,Q-030,setup_configuration,R6350,0.2,0.2,0.0,1.0,1.0,0.0,1.0,1.0,0.0,0.16812753627111746,0.16812753627111746,0.0,1,0,0.1,0.2,0.1,1.0,1.0,0.0,1.0,1.0,0.0,0.16812753627111746,0.29127873064148246,0.12315119437036501,1,0,0.13333333333333333,0.13333333333333333,0.0,1.0,1.0,0.0,1.0,1.0,0.0,0.27702129733934966,0.29127873064148246,0.014257433302132805,1,0,0.1,0.1,0.0,1.0,1.0,0.0,1.0,1.0,0.0,0.27702129733934966,0.29127873064148246,0.014257433302132805,1,0,0.08,0.12,0.039999999999999994,1.0,1.0,0.0,1.0,1.0,0.0,0.27702129733934966,0.3753424987770412,0.09832120143769152,1,0,0.13333333333333333,0.13333333333333333,0.0,1.0,1.0,0.0,1.0,1.0,0.0,0.44032684262630234,0.45654724781708383,0.016220405190781495,1,0,0.11428571428571428,0.11428571428571428,0.0,1.0,1.0,0.0,1.0,1.0,0.0,0.44032684262630234,0.45654724781708383,0.016220405190781495,1,0,0.1,0.1,0.0,1.0,1.0,0.0,1.0,1.0,0.0,0.44032684262630234,0.45654724781708383,0.016220405190781495,1,0,0.08888888888888889,0.08888888888888889,0.0,1.0,1.0,0.0,1.0,1.0,0.0,0.44032684262630234,0.45654724781708383,0.016220405190781495,1,0,0.08,0.08,0.0,1.0,1.0,0.0,1.0,1.0,0.0,0.44032684262630234,0.45654724781708383,0.016220405190781495,1,0,0.07272727272727272,0.07272727272727272,0.0,1.0,1.0,0.0,1.0,1.0,0.0,0.44032684262630234,0.45654724781708383,0.016220405190781495,1,0,0.06666666666666667,0.06666666666666667,0.0,1.0,1.0,0.0,1.0,1.0,0.0,0.44032684262630234,0.45654724781708383,0.016220405190781495,1,0
indexer-generic-dense,Dense indexer,Q-031,troubleshooting_diagnostics,R6350,0.2,0.0,-0.2,1.0,0.0,-1.0,1.0,0.0,-1.0,0.38685280723454163,0.0,-0.38685280723454163,0,1,0.1,0.1,0.0,1.0,1.0,0.0,1.0,1.0,0.0,0.38685280723454163,0.19342640361727081,-0.19342640361727081,1,0,0.13333333333333333,0.06666666666666667,-0.06666666666666667,1.0,1.0,0.0,1.0,1.0,0.0,0.5578858913022597,0.19342640361727081,-0.3644594876849889,1,0,0.1,0.1,0.0,1.0,1.0,0.0,1.0,1.0,0.0,0.5578858913022597,0.34046674428368096,-0.21741914701857878,1,0,0.08,0.08,0.0,1.0,1.0,0.0,1.0,1.0,0.0,0.5578858913022597,0.34046674428368096,-0.21741914701857878,1,0,0.06666666666666667,0.06666666666666667,0.0,1.0,1.0,0.0,1.0,1.0,0.0,0.5578858913022597,0.34046674428368096,-0.21741914701857878,1,0,0.05714285714285714,0.05714285714285714,0.0,1.0,1.0,0.0,1.0,1.0,0.0,0.5578858913022597,0.34046674428368096,-0.21741914701857878,1,0,0.05,0.05,0.0,1.0,1.0,0.0,1.0,1.0,0.0,0.5578858913022597,0.34046674428368096,-0.21741914701857878,1,0,0.044444444444444446,0.044444444444444446,0.0,1.0,1.0,0.0,1.0,1.0,0.0,0.5578858913022597,0.34046674428368096,-0.21741914701857878,1,0,0.04,0.04,0.0,1.0,1.0,0.0,1.0,1.0,0.0,0.5578858913022597,0.34046674428368096,-0.21741914701857878,1,0,0.03636363636363636,0.03636363636363636,0.0,1.0,1.0,0.0,1.0,1.0,0.0,0.5578858913022597,0.34046674428368096,-0.21741914701857878,1,0,0.03333333333333333,0.03333333333333333,0.0,1.0,1.0,0.0,1.0,1.0,0.0,0.5578858913022597,0.34046674428368096,-0.21741914701857878,1,0
indexer-generic-dense,Dense indexer,Q-032,facts_specifications,R7000,0.2,0.0,-0.2,1.0,0.0,-1.0,1.0,0.0,-1.0,0.38685280723454163,0.0,-0.38685280723454163,0,1,0.1,0.0,-0.1,1.0,0.0,-1.0,1.0,0.0,-1.0,0.38685280723454163,0.0,-0.38685280723454163,0,1,0.06666666666666667,0.0,-0.06666666666666667,1.0,0.0,-1.0,1.0,0.0,-1.0,0.38685280723454163,0.0,-0.38685280723454163,0,1,0.05,0.05,0.0,1.0,1.0,0.0,1.0,1.0,0.0,0.38685280723454163,0.23981246656813146,-0.14704034066641017,1,0,0.04,0.04,0.0,1.0,1.0,0.0,1.0,1.0,0.0,0.38685280723454163,0.23981246656813146,-0.14704034066641017,1,0,0.03333333333333333,0.03333333333333333,0.0,1.0,1.0,0.0,1.0,1.0,0.0,0.38685280723454163,0.23981246656813146,-0.14704034066641017,1,0,0.02857142857142857,0.02857142857142857,0.0,1.0,1.0,0.0,1.0,1.0,0.0,0.38685280723454163,0.23981246656813146,-0.14704034066641017,1,0,0.025,0.025,0.0,1.0,1.0,0.0,1.0,1.0,0.0,0.38685280723454163,0.23981246656813146,-0.14704034066641017,1,0,0.044444444444444446,0.022222222222222223,-0.022222222222222223,1.0,1.0,0.0,1.0,1.0,0.0,0.49916251923318794,0.23981246656813146,-0.2593500526650565,1,0,0.04,0.02,-0.02,1.0,1.0,0.0,1.0,1.0,0.0,0.49916251923318794,0.23981246656813146,-0.2593500526650565,1,0,0.03636363636363636,0.01818181818181818,-0.01818181818181818,1.0,1.0,0.0,1.0,1.0,0.0,0.49916251923318794,0.23981246656813146,-0.2593500526650565,1,0,0.03333333333333333,0.016666666666666666,-0.016666666666666666,1.0,1.0,0.0,1.0,1.0,0.0,0.49916251923318794,0.23981246656813146,-0.2593500526650565,1,0
indexer-generic-dense,Dense indexer,Q-033,setup_configuration,R7000,0.0,0.0,0.0,0.0,0.0,0.0,0.0,0.0,0.0,0.0,0.0,0.0,0,0,0.1,0.0,-0.1,1.0,0.0,-1.0,1.0,0.0,-1.0,0.3562071871080222,0.0,-0.3562071871080222,0,1,0.06666666666666667,0.0,-0.06666666666666667,1.0,0.0,-1.0,1.0,0.0,-1.0,0.3562071871080222,0.0,-0.3562071871080222,0,1,0.05,0.0,-0.05,1.0,0.0,-1.0,1.0,0.0,-1.0,0.3562071871080222,0.0,-0.3562071871080222,0,1,0.04,0.0,-0.04,1.0,0.0,-1.0,1.0,0.0,-1.0,0.3562071871080222,0.0,-0.3562071871080222,0,1,0.03333333333333333,0.03333333333333333,0.0,1.0,1.0,0.0,1.0,1.0,0.0,0.3562071871080222,0.2037950470905062,-0.152412140017516,1,0,0.02857142857142857,0.02857142857142857,0.0,1.0,1.0,0.0,1.0,1.0,0.0,0.3562071871080222,0.2037950470905062,-0.152412140017516,1,0,0.025,0.025,0.0,1.0,1.0,0.0,1.0,1.0,0.0,0.3562071871080222,0.2037950470905062,-0.152412140017516,1,0,0.022222222222222223,0.022222222222222223,0.0,1.0,1.0,0.0,1.0,1.0,0.0,0.3562071871080222,0.2037950470905062,-0.152412140017516,1,0,0.02,0.02,0.0,1.0,1.0,0.0,1.0,1.0,0.0,0.3562071871080222,0.2037950470905062,-0.152412140017516,1,0,0.01818181818181818,0.01818181818181818,0.0,1.0,1.0,0.0,1.0,1.0,0.0,0.3562071871080222,0.2037950470905062,-0.152412140017516,1,0,0.016666666666666666,0.016666666666666666,0.0,1.0,1.0,0.0,1.0,1.0,0.0,0.3562071871080222,0.2037950470905062,-0.152412140017516,1,0
indexer-generic-dense,Dense indexer,Q-034,setup_configuration,R7000,0.0,0.0,0.0,0.0,0.0,0.0,0.0,0.0,0.0,0.0,0.0,0.0,0,0,0.0,0.0,0.0,0.0,0.0,0.0,0.0,0.0,0.0,0.0,0.0,0.0,0,0,0.0,0.0,0.0,0.0,0.0,0.0,0.0,0.0,0.0,0.0,0.0,0.0,0,0,0.0,0.0,0.0,0.0,0.0,0.0,0.0,0.0,0.0,0.0,0.0,0.0,0,0,0.0,0.0,0.0,0.0,0.0,0.0,0.0,0.0,0.0,0.0,0.0,0.0,0,0,0.0,0.0,0.0,0.0,0.0,0.0,0.0,0.0,0.0,0.0,0.0,0.0,0,0,0.0,0.0,0.0,0.0,0.0,0.0,0.0,0.0,0.0,0.0,0.0,0.0,0,0,0.0,0.0,0.0,0.0,0.0,0.0,0.0,0.0,0.0,0.0,0.0,0.0,0,0,0.0,0.0,0.0,0.0,0.0,0.0,0.0,0.0,0.0,0.0,0.0,0.0,0,0,0.0,0.0,0.0,0.0,0.0,0.0,0.0,0.0,0.0,0.0,0.0,0.0,0,0,0.0,0.0,0.0,0.0,0.0,0.0,0.0,0.0,0.0,0.0,0.0,0.0,0,0,0.0,0.0,0.0,0.0,0.0,0.0,0.0,0.0,0.0,0.0,0.0,0.0,0,0
indexer-generic-dense,Dense indexer,Q-035,facts_specifications,R7000,0.2,0.2,0.0,1.0,1.0,0.0,1.0,1.0,0.0,0.13120507751234178,0.14606834984270645,0.014863272330364663,1,0,0.1,0.1,0.0,1.0,1.0,0.0,1.0,1.0,0.0,0.13120507751234178,0.13032376591037065,-0.0008813116019711353,1,0,0.06666666666666667,0.06666666666666667,0.0,1.0,1.0,0.0,1.0,1.0,0.0,0.13120507751234178,0.13032376591037065,-0.0008813116019711353,1,0,0.05,0.05,0.0,1.0,1.0,0.0,1.0,1.0,0.0,0.13120507751234178,0.13032376591037065,-0.0008813116019711353,1,0,0.04,0.08,0.04,1.0,1.0,0.0,1.0,1.0,0.0,0.13120507751234178,0.19548564886555597,0.06428057135321419,1,0,0.03333333333333333,0.1,0.06666666666666668,1.0,1.0,0.0,1.0,1.0,0.0,0.13120507751234178,0.2571545219742475,0.1259494444619057,1,0,0.05714285714285714,0.11428571428571428,0.05714285714285714,1.0,1.0,0.0,1.0,1.0,0.0,0.19787096104934296,0.31663454628916576,0.1187635852398228,1,0,0.075,0.125,0.05,1.0,1.0,0.0,1.0,1.0,0.0,0.26297571993082847,0.3738870317138139,0.11091131178298541,1,0,0.08888888888888889,0.1111111111111111,0.022222222222222213,1.0,1.0,0.0,1.0,1.0,0.0,0.32547915841117886,0.3738870317138139,0.04840787330263502,1,0,0.1,0.1,0.0,1.0,1.0,0.0,1.0,1.0,0.0,0.38620655008656113,0.3738870317138139,-0.012319518372747251,1,0,0.09090909090909091,0.09090909090909091,0.0,1.0,1.0,0.0,1.0,1.0,0.0,0.38620655008656113,0.3738870317138139,-0.012319518372747251,1,0,0.08333333333333333,0.1,0.016666666666666677,1.0,1.0,0.0,1.0,1.0,0.0,0.38620655008656113,0.42532690507679827,0.03912035499023714,1,0
indexer-generic-dense,Dense indexer,Q-036,facts_specifications,R7000,0.4,0.0,-0.4,1.0,0.0,-1.0,1.0,0.0,-1.0,0.6240505200038379,0.0,-0.6240505200038379,0,1,0.2,0.0,-0.2,1.0,0.0,-1.0,1.0,0.0,-1.0,0.6240505200038379,0.0,-0.6240505200038379,0,1,0.13333333333333333,0.06666666666666667,-0.06666666666666667,1.0,1.0,0.0,1.0,1.0,0.0,0.6240505200038379,0.1532867981913646,-0.4707637218124733,1,0,0.1,0.1,0.0,1.0,1.0,0.0,1.0,1.0,0.0,0.6240505200038379,0.29515570005735875,-0.3288948199464791,1,0,0.08,0.08,0.0,1.0,1.0,0.0,1.0,1.0,0.0,0.6240505200038379,0.29515570005735875,-0.3288948199464791,1,0,0.06666666666666667,0.06666666666666667,0.0,1.0,1.0,0.0,1.0,1.0,0.0,0.6240505200038379,0.29515570005735875,-0.3288948199464791,1,0,0.05714285714285714,0.05714285714285714,0.0,1.0,1.0,0.0,1.0,1.0,0.0,0.6240505200038379,0.29515570005735875,-0.3288948199464791,1,0,0.05,0.05,0.0,1.0,1.0,0.0,1.0,1.0,0.0,0.6240505200038379,0.29515570005735875,-0.3288948199464791,1,0,0.044444444444444446,0.044444444444444446,0.0,1.0,1.0,0.0,1.0,1.0,0.0,0.6240505200038379,0.29515570005735875,-0.3288948199464791,1,0,0.04,0.04,0.0,1.0,1.0,0.0,1.0,1.0,0.0,0.6240505200038379,0.29515570005735875,-0.3288948199464791,1,0,0.03636363636363636,0.03636363636363636,0.0,1.0,1.0,0.0,1.0,1.0,0.0,0.6240505200038379,0.29515570005735875,-0.3288948199464791,1,0,0.03333333333333333,0.03333333333333333,0.0,1.0,1.0,0.0,1.0,1.0,0.0,0.6240505200038379,0.29515570005735875,-0.3288948199464791,1,0
indexer-generic-dense,Dense indexer,Q-037,features_security_maintenance_limitations,R7000,0.2,0.2,0.0,1.0,1.0,0.0,1.0,1.0,0.0,0.20210734650054757,0.2960819109658652,0.09397456446531766,1,0,0.3,0.2,-0.09999999999999998,1.0,1.0,0.0,1.0,1.0,0.0,0.49141527484330916,0.4525081529734507,-0.03890712186985845,1,0,0.2,0.2,0.0,1.0,1.0,0.0,1.0,1.0,0.0,0.49141527484330916,0.5793251698058443,0.0879098949625351,1,0,0.15,0.15,0.0,1.0,1.0,0.0,1.0,1.0,0.0,0.49141527484330916,0.5793251698058443,0.0879098949625351,1,0,0.12,0.12,0.0,1.0,1.0,0.0,1.0,1.0,0.0,0.49141527484330916,0.5793251698058443,0.0879098949625351,1,0,0.1,0.1,0.0,1.0,1.0,0.0,1.0,1.0,0.0,0.49141527484330916,0.5793251698058443,0.0879098949625351,1,0,0.08571428571428572,0.08571428571428572,0.0,1.0,1.0,0.0,1.0,1.0,0.0,0.49141527484330916,0.5793251698058443,0.0879098949625351,1,0,0.075,0.075,0.0,1.0,1.0,0.0,1.0,1.0,0.0,0.49141527484330916,0.5793251698058443,0.0879098949625351,1,0,0.06666666666666667,0.06666666666666667,0.0,1.0,1.0,0.0,1.0,1.0,0.0,0.49141527484330916,0.5793251698058443,0.0879098949625351,1,0,0.06,0.06,0.0,1.0,1.0,0.0,1.0,1.0,0.0,0.49141527484330916,0.5793251698058443,0.0879098949625351,1,0,0.05454545454545454,0.05454545454545454,0.0,1.0,1.0,0.0,1.0,1.0,0.0,0.49141527484330916,0.5793251698058443,0.0879098949625351,1,0,0.05,0.05,0.0,1.0,1.0,0.0,1.0,1.0,0.0,0.49141527484330916,0.5793251698058443,0.0879098949625351,1,0
indexer-generic-dense,Dense indexer,Q-038,setup_configuration,R7000,0.2,0.0,-0.2,1.0,0.0,-1.0,1.0,0.0,-1.0,0.23719771276929622,0.0,-0.23719771276929622,0,1,0.1,0.1,0.0,1.0,1.0,0.0,1.0,1.0,0.0,0.23719771276929622,0.21840743681816419,-0.01879027595113203,1,0,0.06666666666666667,0.06666666666666667,0.0,1.0,1.0,0.0,1.0,1.0,0.0,0.23719771276929622,0.21840743681816419,-0.01879027595113203,1,0,0.05,0.05,0.0,1.0,1.0,0.0,1.0,1.0,0.0,0.23719771276929622,0.21840743681816419,-0.01879027595113203,1,0,0.04,0.04,0.0,1.0,1.0,0.0,1.0,1.0,0.0,0.23719771276929622,0.21840743681816419,-0.01879027595113203,1,0,0.03333333333333333,0.06666666666666667,0.03333333333333333,1.0,1.0,0.0,1.0,1.0,0.0,0.23719771276929622,0.3433637978412124,0.10616608507191619,1,0,0.05714285714285714,0.05714285714285714,0.0,1.0,1.0,0.0,1.0,1.0,0.0,0.35874792836653396,0.3433637978412124,-0.01538413052532156,1,0,0.05,0.05,0.0,1.0,1.0,0.0,1.0,1.0,0.0,0.35874792836653396,0.3433637978412124,-0.01538413052532156,1,0,0.044444444444444446,0.044444444444444446,0.0,1.0,1.0,0.0,1.0,1.0,0.0,0.35874792836653396,0.3433637978412124,-0.01538413052532156,1,0,0.04,0.04,0.0,1.0,1.0,0.0,1.0,1.0,0.0,0.35874792836653396,0.3433637978412124,-0.01538413052532156,1,0,0.03636363636363636,0.03636363636363636,0.0,1.0,1.0,0.0,1.0,1.0,0.0,0.35874792836653396,0.3433637978412124,-0.01538413052532156,1,0,0.03333333333333333,0.03333333333333333,0.0,1.0,1.0,0.0,1.0,1.0,0.0,0.35874792836653396,0.3433637978412124,-0.01538413052532156,1,0
indexer-generic-dense,Dense indexer,Q-039,features_security_maintenance_limitations,R7000,0.2,0.0,-0.2,1.0,0.0,-1.0,1.0,0.0,-1.0,0.38685280723454163,0.0,-0.38685280723454163,0,1,0.1,0.0,-0.1,1.0,0.0,-1.0,1.0,0.0,-1.0,0.38685280723454163,0.0,-0.38685280723454163,0,1,0.06666666666666667,0.06666666666666667,0.0,1.0,1.0,0.0,1.0,1.0,0.0,0.38685280723454163,0.27023815442731974,-0.11661465280722189,1,0,0.05,0.05,0.0,1.0,1.0,0.0,1.0,1.0,0.0,0.38685280723454163,0.27023815442731974,-0.11661465280722189,1,0,0.04,0.04,0.0,1.0,1.0,0.0,1.0,1.0,0.0,0.38685280723454163,0.27023815442731974,-0.11661465280722189,1,0,0.03333333333333333,0.03333333333333333,0.0,1.0,1.0,0.0,1.0,1.0,0.0,0.38685280723454163,0.27023815442731974,-0.11661465280722189,1,0,0.02857142857142857,0.02857142857142857,0.0,1.0,1.0,0.0,1.0,1.0,0.0,0.38685280723454163,0.27023815442731974,-0.11661465280722189,1,0,0.025,0.025,0.0,1.0,1.0,0.0,1.0,1.0,0.0,0.38685280723454163,0.27023815442731974,-0.11661465280722189,1,0,0.022222222222222223,0.022222222222222223,0.0,1.0,1.0,0.0,1.0,1.0,0.0,0.38685280723454163,0.27023815442731974,-0.11661465280722189,1,0,0.02,0.02,0.0,1.0,1.0,0.0,1.0,1.0,0.0,0.38685280723454163,0.27023815442731974,-0.11661465280722189,1,0,0.01818181818181818,0.01818181818181818,0.0,1.0,1.0,0.0,1.0,1.0,0.0,0.38685280723454163,0.27023815442731974,-0.11661465280722189,1,0,0.016666666666666666,0.016666666666666666,0.0,1.0,1.0,0.0,1.0,1.0,0.0,0.38685280723454163,0.27023815442731974,-0.11661465280722189,1,0
indexer-generic-dense,Dense indexer,Q-040,setup_configuration,R7000,0.4,0.2,-0.2,1.0,1.0,0.0,1.0,1.0,0.0,0.8503449055347546,0.6131471927654584,-0.23719771276929624,1,0,0.2,0.2,0.0,1.0,1.0,0.0,1.0,1.0,0.0,0.8503449055347546,0.8315546295836225,-0.01879027595113214,1,0,0.13333333333333333,0.13333333333333333,0.0,1.0,1.0,0.0,1.0,1.0,0.0,0.8503449055347546,0.8315546295836225,-0.01879027595113214,1,0,0.1,0.1,0.0,1.0,1.0,0.0,1.0,1.0,0.0,0.8503449055347546,0.8315546295836225,-0.01879027595113214,1,0,0.08,0.08,0.0,1.0,1.0,0.0,1.0,1.0,0.0,0.8503449055347546,0.8315546295836225,-0.01879027595113214,1,0,0.06666666666666667,0.06666666666666667,0.0,1.0,1.0,0.0,1.0,1.0,0.0,0.8503449055347546,0.8315546295836225,-0.01879027595113214,1,0,0.05714285714285714,0.05714285714285714,0.0,1.0,1.0,0.0,1.0,1.0,0.0,0.8503449055347546,0.8315546295836225,-0.01879027595113214,1,0,0.05,0.05,0.0,1.0,1.0,0.0,1.0,1.0,0.0,0.8503449055347546,0.8315546295836225,-0.01879027595113214,1,0,0.044444444444444446,0.044444444444444446,0.0,1.0,1.0,0.0,1.0,1.0,0.0,0.8503449055347546,0.8315546295836225,-0.01879027595113214,1,0,0.04,0.04,0.0,1.0,1.0,0.0,1.0,1.0,0.0,0.8503449055347546,0.8315546295836225,-0.01879027595113214,1,0,0.03636363636363636,0.03636363636363636,0.0,1.0,1.0,0.0,1.0,1.0,0.0,0.8503449055347546,0.8315546295836225,-0.01879027595113214,1,0,0.03333333333333333,0.03333333333333333,0.0,1.0,1.0,0.0,1.0,1.0,0.0,0.8503449055347546,0.8315546295836225,-0.01879027595113214,1,0
indexer-generic-dense,Dense indexer,Q-041,setup_configuration,R7000,0.2,0.0,-0.2,1.0,0.0,-1.0,1.0,0.0,-1.0,0.3903800499921017,0.0,-0.3903800499921017,0,1,0.2,0.0,-0.2,1.0,0.0,-1.0,1.0,0.0,-1.0,0.5205067333228022,0.0,-0.5205067333228022,0,1,0.13333333333333333,0.06666666666666667,-0.06666666666666667,1.0,1.0,0.0,1.0,1.0,0.0,0.5205067333228022,0.09759501249802542,-0.42291172082477674,1,0,0.2,0.05,-0.15000000000000002,1.0,1.0,0.0,1.0,1.0,0.0,0.7048913472535409,0.09759501249802542,-0.6072963347555155,1,0,0.16,0.04,-0.12,1.0,1.0,0.0,1.0,1.0,0.0,0.7048913472535409,0.09759501249802542,-0.6072963347555155,1,0,0.13333333333333333,0.06666666666666667,-0.06666666666666667,1.0,1.0,0.0,1.0,1.0,0.0,0.7048913472535409,0.17715253316935994,-0.5277388140841809,1,0,0.11428571428571428,0.05714285714285714,-0.05714285714285714,1.0,1.0,0.0,1.0,1.0,0.0,0.7048913472535409,0.17715253316935994,-0.5277388140841809,1,0,0.1,0.075,-0.02500000000000001,1.0,1.0,0.0,1.0,1.0,0.0,0.7048913472535409,0.25208938788194074,-0.4528019593716001,1,0,0.08888888888888889,0.06666666666666667,-0.022222222222222227,1.0,1.0,0.0,1.0,1.0,0.0,0.7048913472535409,0.25208938788194074,-0.4528019593716001,1,0,0.08,0.06,-0.020000000000000004,1.0,1.0,0.0,1.0,1.0,0.0,0.7048913472535409,0.25208938788194074,-0.4528019593716001,1,0,0.07272727272727272,0.05454545454545454,-0.01818181818181818,1.0,1.0,0.0,1.0,1.0,0.0,0.7048913472535409,0.25208938788194074,-0.4528019593716001,1,0,0.06666666666666667,0.06666666666666667,0.0,1.0,1.0,0.0,1.0,1.0,0.0,0.7048913472535409,0.319016768484711,-0.38587457876882986,1,0
indexer-generic-dense,Dense indexer,Q-042,troubleshooting_diagnostics,R7000,0.2,0.2,0.0,1.0,1.0,0.0,1.0,1.0,0.0,1.0,1.0,0.0,1,0,0.1,0.1,0.0,1.0,1.0,0.0,1.0,1.0,0.0,1.0,1.0,0.0,1,0,0.06666666666666667,0.06666666666666667,0.0,1.0,1.0,0.0,1.0,1.0,0.0,1.0,1.0,0.0,1,0,0.05,0.05,0.0,1.0,1.0,0.0,1.0,1.0,0.0,1.0,1.0,0.0,1,0,0.04,0.04,0.0,1.0,1.0,0.0,1.0,1.0,0.0,1.0,1.0,0.0,1,0,0.03333333333333333,0.03333333333333333,0.0,1.0,1.0,0.0,1.0,1.0,0.0,1.0,1.0,0.0,1,0,0.02857142857142857,0.02857142857142857,0.0,1.0,1.0,0.0,1.0,1.0,0.0,1.0,1.0,0.0,1,0,0.025,0.025,0.0,1.0,1.0,0.0,1.0,1.0,0.0,1.0,1.0,0.0,1,0,0.022222222222222223,0.022222222222222223,0.0,1.0,1.0,0.0,1.0,1.0,0.0,1.0,1.0,0.0,1,0,0.02,0.02,0.0,1.0,1.0,0.0,1.0,1.0,0.0,1.0,1.0,0.0,1,0,0.01818181818181818,0.01818181818181818,0.0,1.0,1.0,0.0,1.0,1.0,0.0,1.0,1.0,0.0,1,0,0.016666666666666666,0.016666666666666666,0.0,1.0,1.0,0.0,1.0,1.0,0.0,1.0,1.0,0.0,1,0
indexer-generic-dense,Dense indexer,Q-043,troubleshooting_diagnostics,R7000,0.0,0.2,0.2,0.0,1.0,1.0,0.0,1.0,1.0,0.0,0.2640681225725909,0.2640681225725909,0,1,0.1,0.1,0.0,1.0,1.0,0.0,1.0,1.0,0.0,0.21840743681816419,0.2640681225725909,0.045660685754426694,1,0,0.06666666666666667,0.06666666666666667,0.0,1.0,1.0,0.0,1.0,1.0,0.0,0.21840743681816419,0.2640681225725909,0.045660685754426694,1,0,0.1,0.1,0.0,1.0,1.0,0.0,1.0,1.0,0.0,0.3580028106829147,0.4140749156809287,0.056072104998014016,1,0,0.08,0.08,0.0,1.0,1.0,0.0,1.0,1.0,0.0,0.3580028106829147,0.4140749156809287,0.056072104998014016,1,0,0.06666666666666667,0.06666666666666667,0.0,1.0,1.0,0.0,1.0,1.0,0.0,0.3580028106829147,0.4140749156809287,0.056072104998014016,1,0,0.05714285714285714,0.05714285714285714,0.0,1.0,1.0,0.0,1.0,1.0,0.0,0.3580028106829147,0.4140749156809287,0.056072104998014016,1,0,0.05,0.05,0.0,1.0,1.0,0.0,1.0,1.0,0.0,0.3580028106829147,0.4140749156809287,0.056072104998014016,1,0,0.044444444444444446,0.044444444444444446,0.0,1.0,1.0,0.0,1.0,1.0,0.0,0.3580028106829147,0.4140749156809287,0.056072104998014016,1,0,0.04,0.04,0.0,1.0,1.0,0.0,1.0,1.0,0.0,0.3580028106829147,0.4140749156809287,0.056072104998014016,1,0,0.03636363636363636,0.03636363636363636,0.0,1.0,1.0,0.0,1.0,1.0,0.0,0.3580028106829147,0.4140749156809287,0.056072104998014016,1,0,0.03333333333333333,0.03333333333333333,0.0,1.0,1.0,0.0,1.0,1.0,0.0,0.3580028106829147,0.4140749156809287,0.056072104998014016,1,0
indexer-generic-dense,Dense indexer,Q-044,facts_specifications,RAX120,0.0,0.0,0.0,0.0,0.0,0.0,0.0,0.0,0.0,0.0,0.0,0.0,0,0,0.1,0.1,0.0,1.0,1.0,0.0,1.0,1.0,0.0,0.3333333333333333,0.3333333333333333,0.0,1,0,0.06666666666666667,0.06666666666666667,0.0,1.0,1.0,0.0,1.0,1.0,0.0,0.3333333333333333,0.3333333333333333,0.0,1,0,0.05,0.05,0.0,1.0,1.0,0.0,1.0,1.0,0.0,0.3333333333333333,0.3333333333333333,0.0,1,0,0.04,0.04,0.0,1.0,1.0,0.0,1.0,1.0,0.0,0.3333333333333333,0.3333333333333333,0.0,1,0,0.03333333333333333,0.03333333333333333,0.0,1.0,1.0,0.0,1.0,1.0,0.0,0.3333333333333333,0.3333333333333333,0.0,1,0,0.02857142857142857,0.02857142857142857,0.0,1.0,1.0,0.0,1.0,1.0,0.0,0.3333333333333333,0.3333333333333333,0.0,1,0,0.025,0.025,0.0,1.0,1.0,0.0,1.0,1.0,0.0,0.3333333333333333,0.3333333333333333,0.0,1,0,0.022222222222222223,0.022222222222222223,0.0,1.0,1.0,0.0,1.0,1.0,0.0,0.3333333333333333,0.3333333333333333,0.0,1,0,0.02,0.02,0.0,1.0,1.0,0.0,1.0,1.0,0.0,0.3333333333333333,0.3333333333333333,0.0,1,0,0.01818181818181818,0.01818181818181818,0.0,1.0,1.0,0.0,1.0,1.0,0.0,0.3333333333333333,0.3333333333333333,0.0,1,0,0.016666666666666666,0.016666666666666666,0.0,1.0,1.0,0.0,1.0,1.0,0.0,0.3333333333333333,0.3333333333333333,0.0,1,0
indexer-generic-dense,Dense indexer,Q-045,facts_specifications,RAX120,0.0,0.2,0.2,0.0,1.0,1.0,0.0,1.0,1.0,0.0,0.5,0.5,0,1,0.1,0.1,0.0,1.0,1.0,0.0,1.0,1.0,0.0,0.2890648263178879,0.5,0.21093517368211212,1,0,0.06666666666666667,0.06666666666666667,0.0,1.0,1.0,0.0,1.0,1.0,0.0,0.2890648263178879,0.5,0.21093517368211212,1,0,0.05,0.05,0.0,1.0,1.0,0.0,1.0,1.0,0.0,0.2890648263178879,0.5,0.21093517368211212,1,0,0.04,0.04,0.0,1.0,1.0,0.0,1.0,1.0,0.0,0.2890648263178879,0.5,0.21093517368211212,1,0,0.03333333333333333,0.03333333333333333,0.0,1.0,1.0,0.0,1.0,1.0,0.0,0.2890648263178879,0.5,0.21093517368211212,1,0,0.02857142857142857,0.02857142857142857,0.0,1.0,1.0,0.0,1.0,1.0,0.0,0.2890648263178879,0.5,0.21093517368211212,1,0,0.025,0.025,0.0,1.0,1.0,0.0,1.0,1.0,0.0,0.2890648263178879,0.5,0.21093517368211212,1,0,0.022222222222222223,0.022222222222222223,0.0,1.0,1.0,0.0,1.0,1.0,0.0,0.2890648263178879,0.5,0.21093517368211212,1,0,0.02,0.02,0.0,1.0,1.0,0.0,1.0,1.0,0.0,0.2890648263178879,0.5,0.21093517368211212,1,0,0.01818181818181818,0.01818181818181818,0.0,1.0,1.0,0.0,1.0,1.0,0.0,0.2890648263178879,0.5,0.21093517368211212,1,0,0.016666666666666666,0.016666666666666666,0.0,1.0,1.0,0.0,1.0,1.0,0.0,0.2890648263178879,0.5,0.21093517368211212,1,0
indexer-generic-dense,Dense indexer,Q-046,setup_configuration,RAX120,0.2,0.2,0.0,1.0,1.0,0.0,1.0,1.0,0.0,0.3065735963827292,0.20210734650054757,-0.10446624988218162,1,0,0.1,0.1,0.0,1.0,1.0,0.0,1.0,1.0,0.0,0.3065735963827292,0.20210734650054757,-0.10446624988218162,1,0,0.06666666666666667,0.06666666666666667,0.0,1.0,1.0,0.0,1.0,1.0,0.0,0.3065735963827292,0.20210734650054757,-0.10446624988218162,1,0,0.05,0.05,0.0,1.0,1.0,0.0,1.0,1.0,0.0,0.3065735963827292,0.20210734650054757,-0.10446624988218162,1,0,0.04,0.04,0.0,1.0,1.0,0.0,1.0,1.0,0.0,0.3065735963827292,0.20210734650054757,-0.10446624988218162,1,0,0.03333333333333333,0.03333333333333333,0.0,1.0,1.0,0.0,1.0,1.0,0.0,0.3065735963827292,0.20210734650054757,-0.10446624988218162,1,0,0.02857142857142857,0.02857142857142857,0.0,1.0,1.0,0.0,1.0,1.0,0.0,0.3065735963827292,0.20210734650054757,-0.10446624988218162,1,0,0.05,0.025,-0.025,1.0,1.0,0.0,1.0,1.0,0.0,0.4225812656907136,0.20210734650054757,-0.220473919190166,1,0,0.044444444444444446,0.044444444444444446,0.0,1.0,1.0,0.0,1.0,1.0,0.0,0.4225812656907136,0.28859017534079273,-0.13399109034992085,1,0,0.04,0.06,0.019999999999999997,1.0,1.0,0.0,1.0,1.0,0.0,0.4225812656907136,0.3730750469584322,-0.04950621873228139,1,0,0.03636363636363636,0.05454545454545454,0.01818181818181818,1.0,1.0,0.0,1.0,1.0,0.0,0.4225812656907136,0.3730750469584322,-0.04950621873228139,1,0,0.03333333333333333,0.05,0.01666666666666667,1.0,1.0,0.0,1.0,1.0,0.0,0.4225812656907136,0.3730750469584322,-0.04950621873228139,1,0
indexer-generic-dense,Dense indexer,Q-047,facts_specifications,RAX120,0.0,0.0,0.0,0.0,0.0,0.0,0.0,0.0,0.0,0.0,0.0,0.0,0,0,0.0,0.0,0.0,0.0,0.0,0.0,0.0,0.0,0.0,0.0,0.0,0.0,0,0,0.0,0.0,0.0,0.0,0.0,0.0,0.0,0.0,0.0,0.0,0.0,0.0,0,0,0.0,0.0,0.0,0.0,0.0,0.0,0.0,0.0,0.0,0.0,0.0,0.0,0,0,0.04,0.0,-0.04,1.0,0.0,-1.0,1.0,0.0,-1.0,0.21533827903669653,0.0,-0.21533827903669653,0,1,0.03333333333333333,0.0,-0.03333333333333333,1.0,0.0,-1.0,1.0,0.0,-1.0,0.21533827903669653,0.0,-0.21533827903669653,0,1,0.02857142857142857,0.0,-0.02857142857142857,1.0,0.0,-1.0,1.0,0.0,-1.0,0.21533827903669653,0.0,-0.21533827903669653,0,1,0.025,0.025,0.0,1.0,1.0,0.0,1.0,1.0,0.0,0.21533827903669653,0.18790182470910757,-0.027436454327588955,1,0,0.022222222222222223,0.022222222222222223,0.0,1.0,1.0,0.0,1.0,1.0,0.0,0.21533827903669653,0.18790182470910757,-0.027436454327588955,1,0,0.02,0.02,0.0,1.0,1.0,0.0,1.0,1.0,0.0,0.21533827903669653,0.18790182470910757,-0.027436454327588955,1,0,0.01818181818181818,0.01818181818181818,0.0,1.0,1.0,0.0,1.0,1.0,0.0,0.21533827903669653,0.18790182470910757,-0.027436454327588955,1,0,0.016666666666666666,0.016666666666666666,0.0,1.0,1.0,0.0,1.0,1.0,0.0,0.21533827903669653,0.18790182470910757,-0.027436454327588955,1,0
indexer-generic-dense,Dense indexer,Q-048,setup_configuration,RAX120,0.0,0.0,0.0,0.0,0.0,0.0,0.0,0.0,0.0,0.0,0.0,0.0,0,0,0.1,0.0,-0.1,1.0,0.0,-1.0,1.0,0.0,-1.0,0.31546487678572877,0.0,-0.31546487678572877,0,1,0.06666666666666667,0.0,-0.06666666666666667,1.0,0.0,-1.0,1.0,0.0,-1.0,0.31546487678572877,0.0,-0.31546487678572877,0,1,0.05,0.0,-0.05,1.0,0.0,-1.0,1.0,0.0,-1.0,0.31546487678572877,0.0,-0.31546487678572877,0,1,0.04,0.0,-0.04,1.0,0.0,-1.0,1.0,0.0,-1.0,0.31546487678572877,0.0,-0.31546487678572877,0,1,0.03333333333333333,0.0,-0.03333333333333333,1.0,0.0,-1.0,1.0,0.0,-1.0,0.31546487678572877,0.0,-0.31546487678572877,0,1,0.02857142857142857,0.0,-0.02857142857142857,1.0,0.0,-1.0,1.0,0.0,-1.0,0.31546487678572877,0.0,-0.31546487678572877,0,1,0.025,0.0,-0.025,1.0,0.0,-1.0,1.0,0.0,-1.0,0.31546487678572877,0.0,-0.31546487678572877,0,1,0.022222222222222223,0.0,-0.022222222222222223,1.0,0.0,-1.0,1.0,0.0,-1.0,0.31546487678572877,0.0,-0.31546487678572877,0,1,0.02,0.02,0.0,1.0,1.0,0.0,1.0,1.0,0.0,0.31546487678572877,0.18003132665669264,-0.13543355012903613,1,0,0.01818181818181818,0.01818181818181818,0.0,1.0,1.0,0.0,1.0,1.0,0.0,0.31546487678572877,0.18003132665669264,-0.13543355012903613,1,0,0.016666666666666666,0.016666666666666666,0.0,1.0,1.0,0.0,1.0,1.0,0.0,0.31546487678572877,0.18003132665669264,-0.13543355012903613,1,0
indexer-generic-dense,Dense indexer,Q-049,features_security_maintenance_limitations,RAX120,0.0,0.0,0.0,0.0,0.0,0.0,0.0,0.0,0.0,0.0,0.0,0.0,0,0,0.1,0.1,0.0,1.0,1.0,0.0,1.0,1.0,0.0,0.14126697285982898,0.14126697285982898,0.0,1,0,0.06666666666666667,0.06666666666666667,0.0,1.0,1.0,0.0,1.0,1.0,0.0,0.14126697285982898,0.14126697285982898,0.0,1,0,0.05,0.05,0.0,1.0,1.0,0.0,1.0,1.0,0.0,0.14126697285982898,0.14126697285982898,0.0,1,0,0.08,0.04,-0.04,1.0,1.0,0.0,1.0,1.0,0.0,0.2411041698377204,0.14126697285982898,-0.09983719697789142,1,0,0.1,0.03333333333333333,-0.06666666666666668,1.0,1.0,0.0,1.0,1.0,0.0,0.33872099522948895,0.14126697285982898,-0.19745402236965998,1,0,0.08571428571428572,0.02857142857142857,-0.05714285714285715,1.0,1.0,0.0,1.0,1.0,0.0,0.33872099522948895,0.14126697285982898,-0.19745402236965998,1,0,0.075,0.05,-0.024999999999999994,1.0,1.0,0.0,1.0,1.0,0.0,0.33872099522948895,0.22885897861511598,-0.10986201661437298,1,0,0.06666666666666667,0.044444444444444446,-0.02222222222222222,1.0,1.0,0.0,1.0,1.0,0.0,0.33872099522948895,0.22885897861511598,-0.10986201661437298,1,0,0.06,0.06,0.0,1.0,1.0,0.0,1.0,1.0,0.0,0.33872099522948895,0.3115887983538549,-0.027132196875634063,1,0,0.05454545454545454,0.05454545454545454,0.0,1.0,1.0,0.0,1.0,1.0,0.0,0.33872099522948895,0.3115887983538549,-0.027132196875634063,1,0,0.05,0.05,0.0,1.0,1.0,0.0,1.0,1.0,0.0,0.33872099522948895,0.3115887983538549,-0.027132196875634063,1,0
indexer-generic-dense,Dense indexer,Q-050,facts_specifications,RAX120,0.0,0.0,0.0,0.0,0.0,0.0,0.0,0.0,0.0,0.0,0.0,0.0,0,0,0.0,0.0,0.0,0.0,0.0,0.0,0.0,0.0,0.0,0.0,0.0,0.0,0,0,0.06666666666666667,0.06666666666666667,0.0,1.0,1.0,0.0,1.0,1.0,0.0,0.27894294565112987,0.25,-0.02894294565112987,1,0,0.05,0.05,0.0,1.0,1.0,0.0,1.0,1.0,0.0,0.27894294565112987,0.25,-0.02894294565112987,1,0,0.04,0.04,0.0,1.0,1.0,0.0,1.0,1.0,0.0,0.27894294565112987,0.25,-0.02894294565112987,1,0,0.03333333333333333,0.03333333333333333,0.0,1.0,1.0,0.0,1.0,1.0,0.0,0.27894294565112987,0.25,-0.02894294565112987,1,0,0.02857142857142857,0.02857142857142857,0.0,1.0,1.0,0.0,1.0,1.0,0.0,0.27894294565112987,0.25,-0.02894294565112987,1,0,0.025,0.025,0.0,1.0,1.0,0.0,1.0,1.0,0.0,0.27894294565112987,0.25,-0.02894294565112987,1,0,0.022222222222222223,0.022222222222222223,0.0,1.0,1.0,0.0,1.0,1.0,0.0,0.27894294565112987,0.25,-0.02894294565112987,1,0,0.02,0.02,0.0,1.0,1.0,0.0,1.0,1.0,0.0,0.27894294565112987,0.25,-0.02894294565112987,1,0,0.01818181818181818,0.01818181818181818,0.0,1.0,1.0,0.0,1.0,1.0,0.0,0.27894294565112987,0.25,-0.02894294565112987,1,0,0.016666666666666666,0.016666666666666666,0.0,1.0,1.0,0.0,1.0,1.0,0.0,0.27894294565112987,0.25,-0.02894294565112987,1,0
indexer-generic-dense,Dense indexer,Q-051,setup_configuration,RAX120,0.0,0.0,0.0,0.0,0.0,0.0,0.0,0.0,0.0,0.0,0.0,0.0,0,0,0.0,0.0,0.0,0.0,0.0,0.0,0.0,0.0,0.0,0.0,0.0,0.0,0,0,0.06666666666666667,0.06666666666666667,0.0,1.0,1.0,0.0,1.0,1.0,0.0,0.10889376106823218,0.10549558423511038,-0.0033981768331217965,1,0,0.1,0.1,0.0,1.0,1.0,0.0,1.0,1.0,0.0,0.20079270443688677,0.19739452760376494,-0.0033981768331218243,1,0,0.12,0.12,0.0,1.0,1.0,0.0,1.0,1.0,0.0,0.283844519458671,0.2814582957393237,-0.0023862237193473246,1,0,0.1,0.1,0.0,1.0,1.0,0.0,1.0,1.0,0.0,0.283844519458671,0.2814582957393237,-0.0023862237193473246,1,0,0.08571428571428572,0.08571428571428572,0.0,1.0,1.0,0.0,1.0,1.0,0.0,0.283844519458671,0.2814582957393237,-0.0023862237193473246,1,0,0.1,0.075,-0.02500000000000001,1.0,1.0,0.0,1.0,1.0,0.0,0.3571976431822196,0.2814582957393237,-0.0757393474428959,1,0,0.08888888888888889,0.06666666666666667,-0.022222222222222227,1.0,1.0,0.0,1.0,1.0,0.0,0.3571976431822196,0.2814582957393237,-0.0757393474428959,1,0,0.08,0.06,-0.020000000000000004,1.0,1.0,0.0,1.0,1.0,0.0,0.3571976431822196,0.2814582957393237,-0.0757393474428959,1,0,0.07272727272727272,0.07272727272727272,0.0,1.0,1.0,0.0,1.0,1.0,0.0,0.3571976431822196,0.34994074083031473,-0.007256902351904848,1,0,0.06666666666666667,0.06666666666666667,0.0,1.0,1.0,0.0,1.0,1.0,0.0,0.3571976431822196,0.34994074083031473,-0.007256902351904848,1,0
indexer-generic-dense,Dense indexer,Q-052,features_security_maintenance_limitations,RAX120,0.2,0.2,0.0,1.0,1.0,0.0,1.0,1.0,0.0,0.38685280723454163,0.38685280723454163,0.0,1,0,0.1,0.1,0.0,1.0,1.0,0.0,1.0,1.0,0.0,0.38685280723454163,0.38685280723454163,0.0,1,0,0.06666666666666667,0.06666666666666667,0.0,1.0,1.0,0.0,1.0,1.0,0.0,0.38685280723454163,0.38685280723454163,0.0,1,0,0.05,0.1,0.05,1.0,1.0,0.0,1.0,1.0,0.0,0.38685280723454163,0.526448181099292,0.1395953738647504,1,0,0.04,0.08,0.04,1.0,1.0,0.0,1.0,1.0,0.0,0.38685280723454163,0.526448181099292,0.1395953738647504,1,0,0.06666666666666667,0.06666666666666667,0.0,1.0,1.0,0.0,1.0,1.0,0.0,0.5158037429793888,0.526448181099292,0.010644438119903232,1,0,0.05714285714285714,0.05714285714285714,0.0,1.0,1.0,0.0,1.0,1.0,0.0,0.5158037429793888,0.526448181099292,0.010644438119903232,1,0,0.05,0.05,0.0,1.0,1.0,0.0,1.0,1.0,0.0,0.5158037429793888,0.526448181099292,0.010644438119903232,1,0,0.044444444444444446,0.044444444444444446,0.0,1.0,1.0,0.0,1.0,1.0,0.0,0.5158037429793888,0.526448181099292,0.010644438119903232,1,0,0.04,0.04,0.0,1.0,1.0,0.0,1.0,1.0,0.0,0.5158037429793888,0.526448181099292,0.010644438119903232,1,0,0.03636363636363636,0.03636363636363636,0.0,1.0,1.0,0.0,1.0,1.0,0.0,0.5158037429793888,0.526448181099292,0.010644438119903232,1,0,0.03333333333333333,0.03333333333333333,0.0,1.0,1.0,0.0,1.0,1.0,0.0,0.5158037429793888,0.526448181099292,0.010644438119903232,1,0
indexer-generic-dense,Dense indexer,Q-053,facts_specifications,RAX120,0.0,0.0,0.0,0.0,0.0,0.0,0.0,0.0,0.0,0.0,0.0,0.0,0,0,0.0,0.0,0.0,0.0,0.0,0.0,0.0,0.0,0.0,0.0,0.0,0.0,0,0,0.0,0.0,0.0,0.0,0.0,0.0,0.0,0.0,0.0,0.0,0.0,0.0,0,0,0.0,0.0,0.0,0.0,0.0,0.0,0.0,0.0,0.0,0.0,0.0,0.0,0,0,0.0,0.0,0.0,0.0,0.0,0.0,0.0,0.0,0.0,0.0,0.0,0.0,0,0,0.0,0.0,0.0,0.0,0.0,0.0,0.0,0.0,0.0,0.0,0.0,0.0,0,0,0.0,0.0,0.0,0.0,0.0,0.0,0.0,0.0,0.0,0.0,0.0,0.0,0,0,0.025,0.0,-0.025,1.0,0.0,-1.0,1.0,0.0,-1.0,0.1905514124267734,0.0,-0.1905514124267734,0,1,0.022222222222222223,0.0,-0.022222222222222223,1.0,0.0,-1.0,1.0,0.0,-1.0,0.1905514124267734,0.0,-0.1905514124267734,0,1,0.02,0.02,0.0,1.0,1.0,0.0,1.0,1.0,0.0,0.1905514124267734,0.1781035935540111,-0.012447818872762306,1,0,0.01818181818181818,0.01818181818181818,0.0,1.0,1.0,0.0,1.0,1.0,0.0,0.1905514124267734,0.1781035935540111,-0.012447818872762306,1,0,0.016666666666666666,0.016666666666666666,0.0,1.0,1.0,0.0,1.0,1.0,0.0,0.1905514124267734,0.1781035935540111,-0.012447818872762306,1,0
indexer-generic-dense,Dense indexer,Q-054,troubleshooting_diagnostics,RAX120,0.0,0.2,0.2,0.0,1.0,1.0,0.0,1.0,1.0,0.0,0.20210734650054757,0.20210734650054757,0,1,0.0,0.1,0.1,0.0,1.0,1.0,0.0,1.0,1.0,0.0,0.20210734650054757,0.20210734650054757,0,1,0.06666666666666667,0.06666666666666667,0.0,1.0,1.0,0.0,1.0,1.0,0.0,0.12325583919272352,0.20210734650054757,0.07885150730782405,1,0,0.1,0.1,0.0,1.0,1.0,0.0,1.0,1.0,0.0,0.23183671229375707,0.3106882196015811,0.07885150730782403,1,0,0.08,0.08,0.0,1.0,1.0,0.0,1.0,1.0,0.0,0.23183671229375707,0.3106882196015811,0.07885150730782403,1,0,0.1,0.06666666666666667,-0.03333333333333334,1.0,1.0,0.0,1.0,1.0,0.0,0.32843625158660955,0.3106882196015811,-0.017748031985028445,1,0,0.08571428571428572,0.08571428571428572,0.0,1.0,1.0,0.0,1.0,1.0,0.0,0.32843625158660955,0.40371797003718735,0.0752817184505778,1,0,0.075,0.075,0.0,1.0,1.0,0.0,1.0,1.0,0.0,0.32843625158660955,0.40371797003718735,0.0752817184505778,1,0,0.06666666666666667,0.06666666666666667,0.0,1.0,1.0,0.0,1.0,1.0,0.0,0.32843625158660955,0.40371797003718735,0.0752817184505778,1,0,0.06,0.06,0.0,1.0,1.0,0.0,1.0,1.0,0.0,0.32843625158660955,0.40371797003718735,0.0752817184505778,1,0,0.05454545454545454,0.05454545454545454,0.0,1.0,1.0,0.0,1.0,1.0,0.0,0.32843625158660955,0.40371797003718735,0.0752817184505778,1,0,0.05,0.05,0.0,1.0,1.0,0.0,1.0,1.0,0.0,0.32843625158660955,0.40371797003718735,0.0752817184505778,1,0
indexer-generic-dense,Dense indexer,Q-055,facts_specifications,RAX120,0.0,0.2,0.2,0.0,1.0,1.0,0.0,1.0,1.0,0.0,0.43067655807339306,0.43067655807339306,0,1,0.1,0.1,0.0,1.0,1.0,0.0,1.0,1.0,0.0,0.3333333333333333,0.43067655807339306,0.09734322474005974,1,0,0.06666666666666667,0.06666666666666667,0.0,1.0,1.0,0.0,1.0,1.0,0.0,0.3333333333333333,0.43067655807339306,0.09734322474005974,1,0,0.05,0.05,0.0,1.0,1.0,0.0,1.0,1.0,0.0,0.3333333333333333,0.43067655807339306,0.09734322474005974,1,0,0.04,0.04,0.0,1.0,1.0,0.0,1.0,1.0,0.0,0.3333333333333333,0.43067655807339306,0.09734322474005974,1,0,0.03333333333333333,0.03333333333333333,0.0,1.0,1.0,0.0,1.0,1.0,0.0,0.3333333333333333,0.43067655807339306,0.09734322474005974,1,0,0.02857142857142857,0.02857142857142857,0.0,1.0,1.0,0.0,1.0,1.0,0.0,0.3333333333333333,0.43067655807339306,0.09734322474005974,1,0,0.025,0.025,0.0,1.0,1.0,0.0,1.0,1.0,0.0,0.3333333333333333,0.43067655807339306,0.09734322474005974,1,0,0.022222222222222223,0.022222222222222223,0.0,1.0,1.0,0.0,1.0,1.0,0.0,0.3333333333333333,0.43067655807339306,0.09734322474005974,1,0,0.02,0.02,0.0,1.0,1.0,0.0,1.0,1.0,0.0,0.3333333333333333,0.43067655807339306,0.09734322474005974,1,0,0.01818181818181818,0.01818181818181818,0.0,1.0,1.0,0.0,1.0,1.0,0.0,0.3333333333333333,0.43067655807339306,0.09734322474005974,1,0,0.016666666666666666,0.016666666666666666,0.0,1.0,1.0,0.0,1.0,1.0,0.0,0.3333333333333333,0.43067655807339306,0.09734322474005974,1,0
indexer-generic-dense,Dense indexer,Q-056,troubleshooting_diagnostics,RAX50,0.2,0.2,0.0,1.0,1.0,0.0,1.0,1.0,0.0,0.6131471927654584,0.38685280723454163,-0.22629438553091674,1,0,0.1,0.1,0.0,1.0,1.0,0.0,1.0,1.0,0.0,0.6131471927654584,0.38685280723454163,-0.22629438553091674,1,0,0.06666666666666667,0.06666666666666667,0.0,1.0,1.0,0.0,1.0,1.0,0.0,0.6131471927654584,0.38685280723454163,-0.22629438553091674,1,0,0.05,0.05,0.0,1.0,1.0,0.0,1.0,1.0,0.0,0.6131471927654584,0.38685280723454163,-0.22629438553091674,1,0,0.04,0.08,0.04,1.0,1.0,0.0,1.0,1.0,0.0,0.6131471927654584,0.5172974527427161,-0.09584974002274227,1,0,0.03333333333333333,0.06666666666666667,0.03333333333333333,1.0,1.0,0.0,1.0,1.0,0.0,0.6131471927654584,0.5172974527427161,-0.09584974002274227,1,0,0.05714285714285714,0.05714285714285714,0.0,1.0,1.0,0.0,1.0,1.0,0.0,0.734697408362696,0.5172974527427161,-0.21739995561997993,1,0,0.05,0.05,0.0,1.0,1.0,0.0,1.0,1.0,0.0,0.734697408362696,0.5172974527427161,-0.21739995561997993,1,0,0.044444444444444446,0.044444444444444446,0.0,1.0,1.0,0.0,1.0,1.0,0.0,0.734697408362696,0.5172974527427161,-0.21739995561997993,1,0,0.04,0.04,0.0,1.0,1.0,0.0,1.0,1.0,0.0,0.734697408362696,0.5172974527427161,-0.21739995561997993,1,0,0.03636363636363636,0.03636363636363636,0.0,1.0,1.0,0.0,1.0,1.0,0.0,0.734697408362696,0.5172974527427161,-0.21739995561997993,1,0,0.03333333333333333,0.03333333333333333,0.0,1.0,1.0,0.0,1.0,1.0,0.0,0.734697408362696,0.5172974527427161,-0.21739995561997993,1,0
indexer-generic-dense,Dense indexer,Q-057,setup_configuration,RAX50,0.0,0.0,0.0,0.0,0.0,0.0,0.0,0.0,0.0,0.0,0.0,0.0,0,0,0.0,0.0,0.0,0.0,0.0,0.0,0.0,0.0,0.0,0.0,0.0,0.0,0,0,0.0,0.0,0.0,0.0,0.0,0.0,0.0,0.0,0.0,0.0,0.0,0.0,0,0,0.0,0.0,0.0,0.0,0.0,0.0,0.0,0.0,0.0,0.0,0.0,0.0,0,0,0.0,0.0,0.0,0.0,0.0,0.0,0.0,0.0,0.0,0.0,0.0,0.0,0,0,0.0,0.0,0.0,0.0,0.0,0.0,0.0,0.0,0.0,0.0,0.0,0.0,0,0,0.0,0.0,0.0,0.0,0.0,0.0,0.0,0.0,0.0,0.0,0.0,0.0,0,0,0.0,0.0,0.0,0.0,0.0,0.0,0.0,0.0,0.0,0.0,0.0,0.0,0,0,0.0,0.0,0.0,0.0,0.0,0.0,0.0,0.0,0.0,0.0,0.0,0.0,0,0,0.0,0.0,0.0,0.0,0.0,0.0,0.0,0.0,0.0,0.0,0.0,0.0,0,0,0.0,0.0,0.0,0.0,0.0,0.0,0.0,0.0,0.0,0.0,0.0,0.0,0,0,0.0,0.0,0.0,0.0,0.0,0.0,0.0,0.0,0.0,0.0,0.0,0.0,0,0
indexer-generic-dense,Dense indexer,Q-058,facts_specifications,RAX50,0.0,0.2,0.2,0.0,1.0,1.0,0.0,1.0,1.0,0.0,0.16812753627111746,0.16812753627111746,0,1,0.0,0.1,0.1,0.0,1.0,1.0,0.0,1.0,1.0,0.0,0.16812753627111746,0.16812753627111746,0,1,0.06666666666666667,0.06666666666666667,0.0,1.0,1.0,0.0,1.0,1.0,0.0,0.12681701683239352,0.16812753627111746,0.041310519438723936,1,0,0.05,0.1,0.05,1.0,1.0,0.0,1.0,1.0,0.0,0.12681701683239352,0.26002647963977205,0.13320946280737853,1,0,0.04,0.08,0.04,1.0,1.0,0.0,1.0,1.0,0.0,0.12681701683239352,0.26002647963977205,0.13320946280737853,1,0,0.03333333333333333,0.06666666666666667,0.03333333333333333,1.0,1.0,0.0,1.0,1.0,0.0,0.12681701683239352,0.26002647963977205,0.13320946280737853,1,0,0.02857142857142857,0.05714285714285714,0.02857142857142857,1.0,1.0,0.0,1.0,1.0,0.0,0.12681701683239352,0.26002647963977205,0.13320946280737853,1,0,0.025,0.075,0.049999999999999996,1.0,1.0,0.0,1.0,1.0,0.0,0.12681701683239352,0.3338865254464914,0.20706950861409787,1,0,0.022222222222222223,0.06666666666666667,0.04444444444444444,1.0,1.0,0.0,1.0,1.0,0.0,0.12681701683239352,0.3338865254464914,0.20706950861409787,1,0,0.02,0.06,0.039999999999999994,1.0,1.0,0.0,1.0,1.0,0.0,0.12681701683239352,0.3338865254464914,0.20706950861409787,1,0,0.05454545454545454,0.07272727272727272,0.01818181818181818,1.0,1.0,0.0,1.0,1.0,0.0,0.2903112631552105,0.4020404135964397,0.11172915044122922,1,0,0.05,0.06666666666666667,0.016666666666666663,1.0,1.0,0.0,1.0,1.0,0.0,0.2903112631552105,0.4020404135964397,0.11172915044122922,1,0
indexer-generic-dense,Dense indexer,Q-059,troubleshooting_diagnostics,RAX50,0.2,0.2,0.0,1.0,1.0,0.0,1.0,1.0,0.0,0.19519002499605084,0.2960819109658652,0.10089188596981438,1,0,0.1,0.1,0.0,1.0,1.0,0.0,1.0,1.0,0.0,0.19519002499605084,0.2960819109658652,0.10089188596981438,1,0,0.06666666666666667,0.06666666666666667,0.0,1.0,1.0,0.0,1.0,1.0,0.0,0.19519002499605084,0.2960819109658652,0.10089188596981438,1,0,0.05,0.05,0.0,1.0,1.0,0.0,1.0,1.0,0.0,0.19519002499605084,0.2960819109658652,0.10089188596981438,1,0,0.04,0.04,0.0,1.0,1.0,0.0,1.0,1.0,0.0,0.19519002499605084,0.2960819109658652,0.10089188596981438,1,0,0.06666666666666667,0.03333333333333333,-0.03333333333333333,1.0,1.0,0.0,1.0,1.0,0.0,0.275548521742671,0.2960819109658652,0.0205333892231942,1,0,0.05714285714285714,0.02857142857142857,-0.02857142857142857,1.0,1.0,0.0,1.0,1.0,0.0,0.275548521742671,0.2960819109658652,0.0205333892231942,1,0,0.075,0.05,-0.024999999999999994,1.0,1.0,0.0,1.0,1.0,0.0,0.34940856754939037,0.3836739167211522,0.03426534917176183,1,0,0.06666666666666667,0.044444444444444446,-0.02222222222222222,1.0,1.0,0.0,1.0,1.0,0.0,0.34940856754939037,0.3836739167211522,0.03426534917176183,1,0,0.06,0.04,-0.019999999999999997,1.0,1.0,0.0,1.0,1.0,0.0,0.34940856754939037,0.3836739167211522,0.03426534917176183,1,0,0.05454545454545454,0.05454545454545454,0.0,1.0,1.0,0.0,1.0,1.0,0.0,0.34940856754939037,0.4644815705189825,0.11507300296959211,1,0,0.06666666666666667,0.05,-0.016666666666666663,1.0,1.0,0.0,1.0,1.0,0.0,0.41549749262315594,0.4644815705189825,0.04898407789582654,1,0
indexer-generic-dense,Dense indexer,Q-060,features_security_maintenance_limitations,RAX50,0.0,0.0,0.0,0.0,0.0,0.0,0.0,0.0,0.0,0.0,0.0,0.0,0,0,0.0,0.0,0.0,0.0,0.0,0.0,0.0,0.0,0.0,0.0,0.0,0.0,0,0,0.0,0.0,0.0,0.0,0.0,0.0,0.0,0.0,0.0,0.0,0.0,0.0,0,0,0.0,0.0,0.0,0.0,0.0,0.0,0.0,0.0,0.0,0.0,0.0,0.0,0,0,0.0,0.0,0.0,0.0,0.0,0.0,0.0,0.0,0.0,0.0,0.0,0.0,0,0,0.0,0.0,0.0,0.0,0.0,0.0,0.0,0.0,0.0,0.0,0.0,0.0,0,0,0.0,0.0,0.0,0.0,0.0,0.0,0.0,0.0,0.0,0.0,0.0,0.0,0,0,0.0,0.0,0.0,0.0,0.0,0.0,0.0,0.0,0.0,0.0,0.0,0.0,0,0,0.0,0.0,0.0,0.0,0.0,0.0,0.0,0.0,0.0,0.0,0.0,0.0,0,0,0.0,0.0,0.0,0.0,0.0,0.0,0.0,0.0,0.0,0.0,0.0,0.0,0,0,0.0,0.0,0.0,0.0,0.0,0.0,0.0,0.0,0.0,0.0,0.0,0.0,0,0,0.0,0.0,0.0,0.0,0.0,0.0,0.0,0.0,0.0,0.0,0.0,0.0,0,0
indexer-generic-dense,Dense indexer,Q-061,troubleshooting_diagnostics,RAX50,0.0,0.0,0.0,0.0,0.0,0.0,0.0,0.0,0.0,0.0,0.0,0.0,0,0,0.0,0.0,0.0,0.0,0.0,0.0,0.0,0.0,0.0,0.0,0.0,0.0,0,0,0.0,0.0,0.0,0.0,0.0,0.0,0.0,0.0,0.0,0.0,0.0,0.0,0,0,0.0,0.0,0.0,0.0,0.0,0.0,0.0,0.0,0.0,0.0,0.0,0.0,0,0,0.08,0.0,-0.08,1.0,0.0,-1.0,1.0,0.0,-1.0,0.2062865293975685,0.0,-0.2062865293975685,0,1,0.06666666666666667,0.0,-0.06666666666666667,1.0,0.0,-1.0,1.0,0.0,-1.0,0.2062865293975685,0.0,-0.2062865293975685,0,1,0.05714285714285714,0.02857142857142857,-0.02857142857142857,1.0,1.0,0.0,1.0,1.0,0.0,0.2062865293975685,0.0930297504356062,-0.1132567789619623,1,0,0.05,0.05,0.0,1.0,1.0,0.0,1.0,1.0,0.0,0.2062865293975685,0.18120807935244748,-0.02507845004512102,1,0,0.044444444444444446,0.044444444444444446,0.0,1.0,1.0,0.0,1.0,1.0,0.0,0.2062865293975685,0.18120807935244748,-0.02507845004512102,1,0,0.06,0.06,0.0,1.0,1.0,0.0,1.0,1.0,0.0,0.28901634913630747,0.2652334825601075,-0.02378286657619999,1,0,0.05454545454545454,0.05454545454545454,0.0,1.0,1.0,0.0,1.0,1.0,0.0,0.28901634913630747,0.2652334825601075,-0.02378286657619999,1,0,0.05,0.05,0.0,1.0,1.0,0.0,1.0,1.0,0.0,0.28901634913630747,0.2652334825601075,-0.02378286657619999,1,0
indexer-generic-dense,Dense indexer,Q-062,troubleshooting_diagnostics,RAX50,0.0,0.0,0.0,0.0,0.0,0.0,0.0,0.0,0.0,0.0,0.0,0.0,0,0,0.0,0.0,0.0,0.0,0.0,0.0,0.0,0.0,0.0,0.0,0.0,0.0,0,0,0.0,0.0,0.0,0.0,0.0,0.0,0.0,0.0,0.0,0.0,0.0,0.0,0,0,0.1,0.1,0.0,1.0,1.0,0.0,1.0,1.0,0.0,0.22528168968511525,0.21731319922088765,-0.007968490464227596,1,0,0.12,0.08,-0.039999999999999994,1.0,1.0,0.0,1.0,1.0,0.0,0.32902266429349797,0.21731319922088765,-0.11170946507261031,1,0,0.1,0.06666666666666667,-0.03333333333333334,1.0,1.0,0.0,1.0,1.0,0.0,0.32902266429349797,0.21731319922088765,-0.11170946507261031,1,0,0.08571428571428572,0.05714285714285714,-0.028571428571428574,1.0,1.0,0.0,1.0,1.0,0.0,0.32902266429349797,0.21731319922088765,-0.11170946507261031,1,0,0.075,0.05,-0.024999999999999994,1.0,1.0,0.0,1.0,1.0,0.0,0.32902266429349797,0.21731319922088765,-0.11170946507261031,1,0,0.06666666666666667,0.06666666666666667,0.0,1.0,1.0,0.0,1.0,1.0,0.0,0.32902266429349797,0.3022726383936765,-0.02675002589982145,1,0,0.06,0.06,0.0,1.0,1.0,0.0,1.0,1.0,0.0,0.32902266429349797,0.3022726383936765,-0.02675002589982145,1,0,0.05454545454545454,0.05454545454545454,0.0,1.0,1.0,0.0,1.0,1.0,0.0,0.32902266429349797,0.3022726383936765,-0.02675002589982145,1,0,0.05,0.05,0.0,1.0,1.0,0.0,1.0,1.0,0.0,0.32902266429349797,0.3022726383936765,-0.02675002589982145,1,0
indexer-generic-dense,Dense indexer,Q-063,facts_specifications,RAX50,0.0,0.0,0.0,0.0,0.0,0.0,0.0,0.0,0.0,0.0,0.0,0.0,0,0,0.0,0.0,0.0,0.0,0.0,0.0,0.0,0.0,0.0,0.0,0.0,0.0,0,0,0.0,0.0,0.0,0.0,0.0,0.0,0.0,0.0,0.0,0.0,0.0,0.0,0,0,0.05,0.0,-0.05,1.0,0.0,-1.0,1.0,0.0,-1.0,0.14434031438272124,0.0,-0.14434031438272124,0,1,0.04,0.0,-0.04,1.0,0.0,-1.0,1.0,0.0,-1.0,0.14434031438272124,0.0,-0.14434031438272124,0,1,0.03333333333333333,0.0,-0.03333333333333333,1.0,0.0,-1.0,1.0,0.0,-1.0,0.14434031438272124,0.0,-0.14434031438272124,0,1,0.05714285714285714,0.0,-0.05714285714285714,1.0,0.0,-1.0,1.0,0.0,-1.0,0.2669697529358129,0.0,-0.2669697529358129,0,1,0.05,0.0,-0.05,1.0,0.0,-1.0,1.0,0.0,-1.0,0.2669697529358129,0.0,-0.2669697529358129,0,1,0.044444444444444446,0.022222222222222223,-0.022222222222222223,1.0,1.0,0.0,1.0,1.0,0.0,0.2669697529358129,0.18208790046993825,-0.08488185246587462,1,0,0.04,0.02,-0.02,1.0,1.0,0.0,1.0,1.0,0.0,0.2669697529358129,0.18208790046993825,-0.08488185246587462,1,0,0.03636363636363636,0.01818181818181818,-0.01818181818181818,1.0,1.0,0.0,1.0,1.0,0.0,0.2669697529358129,0.18208790046993825,-0.08488185246587462,1,0,0.03333333333333333,0.016666666666666666,-0.016666666666666666,1.0,1.0,0.0,1.0,1.0,0.0,0.2669697529358129,0.18208790046993825,-0.08488185246587462,1,0
indexer-generic-dense,Dense indexer,Q-064,features_security_maintenance_limitations,RAX50,0.2,0.2,0.0,1.0,1.0,0.0,1.0,1.0,0.0,0.24630238874073,0.19519002499605084,-0.051112363744679146,1,0,0.2,0.2,0.0,1.0,1.0,0.0,1.0,1.0,0.0,0.3638184934971571,0.31834121936641585,-0.04547727413074126,1,0,0.13333333333333333,0.13333333333333333,0.0,1.0,1.0,0.0,1.0,1.0,0.0,0.3638184934971571,0.31834121936641585,-0.04547727413074126,1,0,0.1,0.1,0.0,1.0,1.0,0.0,1.0,1.0,0.0,0.3638184934971571,0.31834121936641585,-0.04547727413074126,1,0,0.08,0.12,0.039999999999999994,1.0,1.0,0.0,1.0,1.0,0.0,0.3638184934971571,0.4046404795035266,0.04082198600636949,1,0,0.1,0.13333333333333333,0.033333333333333326,1.0,1.0,0.0,1.0,1.0,0.0,0.44502324253719977,0.4867412757504365,0.04171803321323675,1,0,0.11428571428571428,0.11428571428571428,0.0,1.0,1.0,0.0,1.0,1.0,0.0,0.5217569823547782,0.4867412757504365,-0.03501570660434167,1,0,0.1,0.1,0.0,1.0,1.0,0.0,1.0,1.0,0.0,0.5217569823547782,0.4867412757504365,-0.03501570660434167,1,0,0.08888888888888889,0.08888888888888889,0.0,1.0,1.0,0.0,1.0,1.0,0.0,0.5217569823547782,0.4867412757504365,-0.03501570660434167,1,0,0.08,0.08,0.0,1.0,1.0,0.0,1.0,1.0,0.0,0.5217569823547782,0.4867412757504365,-0.03501570660434167,1,0,0.07272727272727272,0.07272727272727272,0.0,1.0,1.0,0.0,1.0,1.0,0.0,0.5217569823547782,0.4867412757504365,-0.03501570660434167,1,0,0.06666666666666667,0.06666666666666667,0.0,1.0,1.0,0.0,1.0,1.0,0.0,0.5217569823547782,0.4867412757504365,-0.03501570660434167,1,0
indexer-generic-dense,Dense indexer,Q-065,troubleshooting_diagnostics,RAX50,0.0,0.0,0.0,0.0,0.0,0.0,0.0,0.0,0.0,0.0,0.0,0.0,0,0,0.0,0.0,0.0,0.0,0.0,0.0,0.0,0.0,0.0,0.0,0.0,0.0,0,0,0.0,0.0,0.0,0.0,0.0,0.0,0.0,0.0,0.0,0.0,0.0,0.0,0,0,0.0,0.0,0.0,0.0,0.0,0.0,0.0,0.0,0.0,0.0,0.0,0.0,0,0,0.0,0.0,0.0,0.0,0.0,0.0,0.0,0.0,0.0,0.0,0.0,0.0,0,0,0.0,0.0,0.0,0.0,0.0,0.0,0.0,0.0,0.0,0.0,0.0,0.0,0,0,0.0,0.0,0.0,0.0,0.0,0.0,0.0,0.0,0.0,0.0,0.0,0.0,0,0,0.0,0.0,0.0,0.0,0.0,0.0,0.0,0.0,0.0,0.0,0.0,0.0,0,0,0.0,0.0,0.0,0.0,0.0,0.0,0.0,0.0,0.0,0.0,0.0,0.0,0,0,0.0,0.0,0.0,0.0,0.0,0.0,0.0,0.0,0.0,0.0,0.0,0.0,0,0,0.0,0.0,0.0,0.0,0.0,0.0,0.0,0.0,0.0,0.0,0.0,0.0,0,0,0.0,0.0,0.0,0.0,0.0,0.0,0.0,0.0,0.0,0.0,0.0,0.0,0,0
indexer-generic-dense,Dense indexer,Q-066,troubleshooting_diagnostics,RAX50,0.0,0.0,0.0,0.0,0.0,0.0,0.0,0.0,0.0,0.0,0.0,0.0,0,0,0.1,0.1,0.0,1.0,1.0,0.0,1.0,1.0,0.0,0.10209739512291163,0.10699313236726378,0.004895737244352147,1,0,0.13333333333333333,0.13333333333333333,0.0,1.0,1.0,0.0,1.0,1.0,0.0,0.19117766534114605,0.19178318368566782,0.0006055183445217716,1,0,0.1,0.15,0.04999999999999999,1.0,1.0,0.0,1.0,1.0,0.0,0.19117766534114605,0.2716245190663358,0.08044685372518973,1,0,0.12,0.12,0.0,1.0,1.0,0.0,1.0,1.0,0.0,0.2642118402624992,0.2716245190663358,0.007412678803836559,1,0,0.1,0.1,0.0,1.0,1.0,0.0,1.0,1.0,0.0,0.2642118402624992,0.2716245190663358,0.007412678803836559,1,0,0.11428571428571428,0.11428571428571428,0.0,1.0,1.0,0.0,1.0,1.0,0.0,0.33144691294884016,0.33722705782250667,0.005780144873666515,1,0,0.125,0.1,-0.024999999999999994,1.0,1.0,0.0,1.0,1.0,0.0,0.3956161457204237,0.33722705782250667,-0.058389087897917025,1,0,0.1111111111111111,0.08888888888888889,-0.022222222222222213,1.0,1.0,0.0,1.0,1.0,0.0,0.3956161457204237,0.33722705782250667,-0.058389087897917025,1,0,0.1,0.1,0.0,1.0,1.0,0.0,1.0,1.0,0.0,0.3956161457204237,0.3976327091722538,0.0020165634518301,1,0,0.09090909090909091,0.09090909090909091,0.0,1.0,1.0,0.0,1.0,1.0,0.0,0.3956161457204237,0.3976327091722538,0.0020165634518301,1,0,0.08333333333333333,0.08333333333333333,0.0,1.0,1.0,0.0,1.0,1.0,0.0,0.3956161457204237,0.3976327091722538,0.0020165634518301,1,0
indexer-generic-dense,Dense indexer,Q-067,setup_configuration,RAXE500,0.0,0.2,0.2,0.0,1.0,1.0,0.0,1.0,1.0,0.0,0.43067655807339306,0.43067655807339306,0,1,0.1,0.1,0.0,1.0,1.0,0.0,1.0,1.0,0.0,0.3010299956639812,0.43067655807339306,0.12964656240941186,1,0,0.06666666666666667,0.06666666666666667,0.0,1.0,1.0,0.0,1.0,1.0,0.0,0.3010299956639812,0.43067655807339306,0.12964656240941186,1,0,0.05,0.05,0.0,1.0,1.0,0.0,1.0,1.0,0.0,0.3010299956639812,0.43067655807339306,0.12964656240941186,1,0,0.04,0.04,0.0,1.0,1.0,0.0,1.0,1.0,0.0,0.3010299956639812,0.43067655807339306,0.12964656240941186,1,0,0.03333333333333333,0.03333333333333333,0.0,1.0,1.0,0.0,1.0,1.0,0.0,0.3010299956639812,0.43067655807339306,0.12964656240941186,1,0,0.02857142857142857,0.02857142857142857,0.0,1.0,1.0,0.0,1.0,1.0,0.0,0.3010299956639812,0.43067655807339306,0.12964656240941186,1,0,0.025,0.025,0.0,1.0,1.0,0.0,1.0,1.0,0.0,0.3010299956639812,0.43067655807339306,0.12964656240941186,1,0,0.022222222222222223,0.022222222222222223,0.0,1.0,1.0,0.0,1.0,1.0,0.0,0.3010299956639812,0.43067655807339306,0.12964656240941186,1,0,0.02,0.02,0.0,1.0,1.0,0.0,1.0,1.0,0.0,0.3010299956639812,0.43067655807339306,0.12964656240941186,1,0,0.01818181818181818,0.01818181818181818,0.0,1.0,1.0,0.0,1.0,1.0,0.0,0.3010299956639812,0.43067655807339306,0.12964656240941186,1,0,0.016666666666666666,0.016666666666666666,0.0,1.0,1.0,0.0,1.0,1.0,0.0,0.3010299956639812,0.43067655807339306,0.12964656240941186,1,0
indexer-generic-dense,Dense indexer,Q-068,troubleshooting_diagnostics,RAXE500,0.0,0.0,0.0,0.0,0.0,0.0,0.0,0.0,0.0,0.0,0.0,0.0,0,0,0.0,0.0,0.0,0.0,0.0,0.0,0.0,0.0,0.0,0.0,0.0,0.0,0,0,0.0,0.0,0.0,0.0,0.0,0.0,0.0,0.0,0.0,0.0,0.0,0.0,0,0,0.0,0.0,0.0,0.0,0.0,0.0,0.0,0.0,0.0,0.0,0.0,0.0,0,0,0.04,0.0,-0.04,1.0,0.0,-1.0,1.0,0.0,-1.0,0.10235170428306553,0.0,-0.10235170428306553,0,1,0.03333333333333333,0.0,-0.03333333333333333,1.0,0.0,-1.0,1.0,0.0,-1.0,0.10235170428306553,0.0,-0.10235170428306553,0,1,0.02857142857142857,0.0,-0.02857142857142857,1.0,0.0,-1.0,1.0,0.0,-1.0,0.10235170428306553,0.0,-0.10235170428306553,0,1,0.075,0.025,-0.049999999999999996,1.0,1.0,0.0,1.0,1.0,0.0,0.2806121767735444,0.1905514124267734,-0.09006076434677099,1,0,0.06666666666666667,0.022222222222222223,-0.04444444444444444,1.0,1.0,0.0,1.0,1.0,0.0,0.2806121767735444,0.1905514124267734,-0.09006076434677099,1,0,0.06,0.02,-0.039999999999999994,1.0,1.0,0.0,1.0,1.0,0.0,0.2806121767735444,0.1905514124267734,-0.09006076434677099,1,0,0.05454545454545454,0.01818181818181818,-0.03636363636363636,1.0,1.0,0.0,1.0,1.0,0.0,0.2806121767735444,0.1905514124267734,-0.09006076434677099,1,0,0.05,0.016666666666666666,-0.03333333333333334,1.0,1.0,0.0,1.0,1.0,0.0,0.2806121767735444,0.1905514124267734,-0.09006076434677099,1,0
indexer-generic-dense,Dense indexer,Q-069,facts_specifications,RAXE500,0.0,0.0,0.0,0.0,0.0,0.0,0.0,0.0,0.0,0.0,0.0,0.0,0,0,0.1,0.0,-0.1,1.0,0.0,-1.0,1.0,0.0,-1.0,0.13565197343244778,0.0,-0.13565197343244778,0,1,0.06666666666666667,0.0,-0.06666666666666667,1.0,0.0,-1.0,1.0,0.0,-1.0,0.13565197343244778,0.0,-0.13565197343244778,0,1,0.1,0.05,-0.05,1.0,1.0,0.0,1.0,1.0,0.0,0.242492777694238,0.10684080426179023,-0.13565197343244778,1,0,0.08,0.04,-0.04,1.0,1.0,0.0,1.0,1.0,0.0,0.242492777694238,0.10684080426179023,-0.13565197343244778,1,0,0.06666666666666667,0.03333333333333333,-0.03333333333333333,1.0,1.0,0.0,1.0,1.0,0.0,0.242492777694238,0.10684080426179023,-0.13565197343244778,1,0,0.05714285714285714,0.02857142857142857,-0.02857142857142857,1.0,1.0,0.0,1.0,1.0,0.0,0.242492777694238,0.10684080426179023,-0.13565197343244778,1,0,0.05,0.025,-0.025,1.0,1.0,0.0,1.0,1.0,0.0,0.242492777694238,0.10684080426179023,-0.13565197343244778,1,0,0.044444444444444446,0.022222222222222223,-0.022222222222222223,1.0,1.0,0.0,1.0,1.0,0.0,0.242492777694238,0.10684080426179023,-0.13565197343244778,1,0,0.04,0.04,0.0,1.0,1.0,0.0,1.0,1.0,0.0,0.242492777694238,0.19086620746945027,-0.05162657022478773,1,0,0.05454545454545454,0.05454545454545454,0.0,1.0,1.0,0.0,1.0,1.0,0.0,0.32442106733186754,0.27203720344206656,-0.052383863889800986,1,0,0.05,0.05,0.0,1.0,1.0,0.0,1.0,1.0,0.0,0.32442106733186754,0.27203720344206656,-0.052383863889800986,1,0
indexer-generic-dense,Dense indexer,Q-070,setup_configuration,RAXE500,0.0,0.0,0.0,0.0,0.0,0.0,0.0,0.0,0.0,0.0,0.0,0.0,0,0,0.0,0.0,0.0,0.0,0.0,0.0,0.0,0.0,0.0,0.0,0.0,0.0,0,0,0.0,0.0,0.0,0.0,0.0,0.0,0.0,0.0,0.0,0.0,0.0,0.0,0,0,0.0,0.0,0.0,0.0,0.0,0.0,0.0,0.0,0.0,0.0,0.0,0.0,0,0,0.0,0.0,0.0,0.0,0.0,0.0,0.0,0.0,0.0,0.0,0.0,0.0,0,0,0.0,0.0,0.0,0.0,0.0,0.0,0.0,0.0,0.0,0.0,0.0,0.0,0,0,0.0,0.0,0.0,0.0,0.0,0.0,0.0,0.0,0.0,0.0,0.0,0.0,0,0,0.0,0.0,0.0,0.0,0.0,0.0,0.0,0.0,0.0,0.0,0.0,0.0,0,0,0.0,0.0,0.0,0.0,0.0,0.0,0.0,0.0,0.0,0.0,0.0,0.0,0,0,0.0,0.0,0.0,0.0,0.0,0.0,0.0,0.0,0.0,0.0,0.0,0.0,0,0,0.0,0.0,0.0,0.0,0.0,0.0,0.0,0.0,0.0,0.0,0.0,0.0,0,0,0.0,0.0,0.0,0.0,0.0,0.0,0.0,0.0,0.0,0.0,0.0,0.0,0,0
indexer-generic-dense,Dense indexer,Q-071,features_security_maintenance_limitations,RAXE500,0.0,0.0,0.0,0.0,0.0,0.0,0.0,0.0,0.0,0.0,0.0,0.0,0,0,0.0,0.0,0.0,0.0,0.0,0.0,0.0,0.0,0.0,0.0,0.0,0.0,0,0,0.0,0.0,0.0,0.0,0.0,0.0,0.0,0.0,0.0,0.0,0.0,0.0,0,0,0.0,0.0,0.0,0.0,0.0,0.0,0.0,0.0,0.0,0.0,0.0,0.0,0,0,0.0,0.0,0.0,0.0,0.0,0.0,0.0,0.0,0.0,0.0,0.0,0.0,0,0,0.0,0.0,0.0,0.0,0.0,0.0,0.0,0.0,0.0,0.0,0.0,0.0,0,0,0.0,0.0,0.0,0.0,0.0,0.0,0.0,0.0,0.0,0.0,0.0,0.0,0,0,0.0,0.0,0.0,0.0,0.0,0.0,0.0,0.0,0.0,0.0,0.0,0.0,0,0,0.0,0.0,0.0,0.0,0.0,0.0,0.0,0.0,0.0,0.0,0.0,0.0,0,0,0.0,0.0,0.0,0.0,0.0,0.0,0.0,0.0,0.0,0.0,0.0,0.0,0,0,0.01818181818181818,0.0,-0.01818181818181818,1.0,0.0,-1.0,1.0,0.0,-1.0,0.1729696904450771,0.0,-0.1729696904450771,0,1,0.016666666666666666,0.0,-0.016666666666666666,1.0,0.0,-1.0,1.0,0.0,-1.0,0.1729696904450771,0.0,-0.1729696904450771,0,1
indexer-generic-dense,Dense indexer,Q-072,facts_specifications,RAXE500,0.6,0.6,0.0,1.0,1.0,0.0,1.0,1.0,0.0,0.5147714448836774,0.5147714448836774,0.0,1,0,0.3,0.3,0.0,1.0,1.0,0.0,1.0,1.0,0.0,0.4172025044756148,0.4172025044756148,0.0,1,0,0.2,0.26666666666666666,0.06666666666666665,1.0,1.0,0.0,1.0,1.0,0.0,0.4172025044756148,0.4875593077153219,0.07035680323970711,1,0,0.2,0.2,0.0,1.0,1.0,0.0,1.0,1.0,0.0,0.48191084331717426,0.4875593077153219,0.005648464398147646,1,0,0.16,0.16,0.0,1.0,1.0,0.0,1.0,1.0,0.0,0.48191084331717426,0.4875593077153219,0.005648464398147646,1,0,0.13333333333333333,0.16666666666666666,0.033333333333333326,1.0,1.0,0.0,1.0,1.0,0.0,0.48191084331717426,0.5441417301640686,0.06223088684689437,1,0,0.14285714285714285,0.14285714285714285,0.0,1.0,1.0,0.0,1.0,1.0,0.0,0.5350791838322893,0.5441417301640686,0.009062546331779386,1,0,0.125,0.15,0.024999999999999994,1.0,1.0,0.0,1.0,1.0,0.0,0.5350791838322893,0.5954480604950395,0.06036887666275026,1,0,0.1111111111111111,0.13333333333333333,0.022222222222222227,1.0,1.0,0.0,1.0,1.0,0.0,0.5350791838322893,0.5954480604950395,0.06036887666275026,1,0,0.1,0.12,0.01999999999999999,1.0,1.0,0.0,1.0,1.0,0.0,0.5350791838322893,0.5954480604950395,0.06036887666275026,1,0,0.12727272727272726,0.12727272727272726,0.0,1.0,1.0,0.0,1.0,1.0,0.0,0.6301756134542924,0.6434369135342447,0.013261300079952298,1,0,0.11666666666666667,0.11666666666666667,0.0,1.0,1.0,0.0,1.0,1.0,0.0,0.6301756134542924,0.6434369135342447,0.013261300079952298,1,0
indexer-generic-dense,Dense indexer,Q-073,facts_specifications,RAXE500,0.2,0.2,0.0,1.0,1.0,0.0,1.0,1.0,0.0,0.23463936301137822,0.20210734650054757,-0.03253201651083065,1,0,0.1,0.1,0.0,1.0,1.0,0.0,1.0,1.0,0.0,0.23463936301137822,0.20210734650054757,-0.03253201651083065,1,0,0.06666666666666667,0.06666666666666667,0.0,1.0,1.0,0.0,1.0,1.0,0.0,0.23463936301137822,0.20210734650054757,-0.03253201651083065,1,0,0.05,0.1,0.05,1.0,1.0,0.0,1.0,1.0,0.0,0.23463936301137822,0.3106882196015811,0.07604885659020288,1,0,0.08,0.12,0.039999999999999994,1.0,1.0,0.0,1.0,1.0,0.0,0.3383803376197609,0.41303992388464666,0.07465958626488578,1,0,0.06666666666666667,0.1,0.03333333333333334,1.0,1.0,0.0,1.0,1.0,0.0,0.3383803376197609,0.41303992388464666,0.07465958626488578,1,0,0.08571428571428572,0.08571428571428572,0.0,1.0,1.0,0.0,1.0,1.0,0.0,0.42915123388843723,0.41303992388464666,-0.01611131000379057,1,0,0.075,0.075,0.0,1.0,1.0,0.0,1.0,1.0,0.0,0.42915123388843723,0.41303992388464666,-0.01611131000379057,1,0,0.06666666666666667,0.06666666666666667,0.0,1.0,1.0,0.0,1.0,1.0,0.0,0.42915123388843723,0.41303992388464666,-0.01611131000379057,1,0,0.06,0.06,0.0,1.0,1.0,0.0,1.0,1.0,0.0,0.42915123388843723,0.41303992388464666,-0.01611131000379057,1,0,0.05454545454545454,0.05454545454545454,0.0,1.0,1.0,0.0,1.0,1.0,0.0,0.42915123388843723,0.41303992388464666,-0.01611131000379057,1,0,0.05,0.05,0.0,1.0,1.0,0.0,1.0,1.0,0.0,0.42915123388843723,0.41303992388464666,-0.01611131000379057,1,0
indexer-generic-dense,Dense indexer,Q-074,setup_configuration,RAXE500,0.2,0.2,0.0,1.0,1.0,0.0,1.0,1.0,0.0,0.3065735963827292,0.2640681225725909,-0.042505473810138306,1,0,0.1,0.2,0.1,1.0,1.0,0.0,1.0,1.0,0.0,0.3065735963827292,0.44130740935663865,0.13473381297390946,1,0,0.13333333333333333,0.13333333333333333,0.0,1.0,1.0,0.0,1.0,1.0,0.0,0.4598603945740938,0.44130740935663865,-0.01855298521745513,1,0,0.1,0.1,0.0,1.0,1.0,0.0,1.0,1.0,0.0,0.4598603945740938,0.44130740935663865,-0.01855298521745513,1,0,0.08,0.08,0.0,1.0,1.0,0.0,1.0,1.0,0.0,0.4598603945740938,0.44130740935663865,-0.01855298521745513,1,0,0.06666666666666667,0.06666666666666667,0.0,1.0,1.0,0.0,1.0,1.0,0.0,0.4598603945740938,0.44130740935663865,-0.01855298521745513,1,0,0.05714285714285714,0.05714285714285714,0.0,1.0,1.0,0.0,1.0,1.0,0.0,0.4598603945740938,0.44130740935663865,-0.01855298521745513,1,0,0.05,0.05,0.0,1.0,1.0,0.0,1.0,1.0,0.0,0.4598603945740938,0.44130740935663865,-0.01855298521745513,1,0,0.044444444444444446,0.044444444444444446,0.0,1.0,1.0,0.0,1.0,1.0,0.0,0.4598603945740938,0.44130740935663865,-0.01855298521745513,1,0,0.04,0.04,0.0,1.0,1.0,0.0,1.0,1.0,0.0,0.4598603945740938,0.44130740935663865,-0.01855298521745513,1,0,0.03636363636363636,0.03636363636363636,0.0,1.0,1.0,0.0,1.0,1.0,0.0,0.4598603945740938,0.44130740935663865,-0.01855298521745513,1,0,0.03333333333333333,0.03333333333333333,0.0,1.0,1.0,0.0,1.0,1.0,0.0,0.4598603945740938,0.44130740935663865,-0.01855298521745513,1,0
indexer-generic-dense,Dense indexer,Q-075,features_security_maintenance_limitations,RAXE500,0.0,0.0,0.0,0.0,0.0,0.0,0.0,0.0,0.0,0.0,0.0,0.0,0,0,0.0,0.0,0.0,0.0,0.0,0.0,0.0,0.0,0.0,0.0,0.0,0.0,0,0,0.06666666666666667,0.06666666666666667,0.0,1.0,1.0,0.0,1.0,1.0,0.0,0.08681077623592635,0.09759501249802542,0.010784236262099067,1,0,0.05,0.05,0.0,1.0,1.0,0.0,1.0,1.0,0.0,0.08681077623592635,0.09759501249802542,0.010784236262099067,1,0,0.04,0.04,0.0,1.0,1.0,0.0,1.0,1.0,0.0,0.08681077623592635,0.09759501249802542,0.010784236262099067,1,0,0.06666666666666667,0.03333333333333333,-0.03333333333333333,1.0,1.0,0.0,1.0,1.0,0.0,0.15736104988379998,0.09759501249802542,-0.05976603738577456,1,0,0.08571428571428572,0.05714285714285714,-0.028571428571428574,1.0,1.0,0.0,1.0,1.0,0.0,0.22296358863997087,0.17432875231560382,-0.04863483632436705,1,0,0.075,0.05,-0.024999999999999994,1.0,1.0,0.0,1.0,1.0,0.0,0.22296358863997087,0.17432875231560382,-0.04863483632436705,1,0,0.06666666666666667,0.044444444444444446,-0.02222222222222222,1.0,1.0,0.0,1.0,1.0,0.0,0.22296358863997087,0.17432875231560382,-0.04863483632436705,1,0,0.08,0.04,-0.04,1.0,1.0,0.0,1.0,1.0,0.0,0.28305728944831016,0.17432875231560382,-0.10872853713270633,1,0,0.07272727272727272,0.05454545454545454,-0.01818181818181818,1.0,1.0,0.0,1.0,1.0,0.0,0.28305728944831016,0.24185266871867137,-0.04120462072963879,1,0,0.08333333333333333,0.06666666666666667,-0.016666666666666663,1.0,1.0,0.0,1.0,1.0,0.0,0.3407116809229737,0.3084933850878101,-0.03221829583516361,1,0
indexer-generic-dense,Dense indexer,Q-076,features_security_maintenance_limitations,RAXE500,0.0,0.0,0.0,0.0,0.0,0.0,0.0,0.0,0.0,0.0,0.0,0.0,0,0,0.0,0.0,0.0,0.0,0.0,0.0,0.0,0.0,0.0,0.0,0.0,0.0,0,0,0.06666666666666667,0.06666666666666667,0.0,1.0,1.0,0.0,1.0,1.0,0.0,0.16104282508920814,0.12681701683239352,-0.03422580825681462,1,0,0.05,0.05,0.0,1.0,1.0,0.0,1.0,1.0,0.0,0.16104282508920814,0.12681701683239352,-0.03422580825681462,1,0,0.04,0.04,0.0,1.0,1.0,0.0,1.0,1.0,0.0,0.16104282508920814,0.12681701683239352,-0.03422580825681462,1,0,0.03333333333333333,0.03333333333333333,0.0,1.0,1.0,0.0,1.0,1.0,0.0,0.16104282508920814,0.12681701683239352,-0.03422580825681462,1,0,0.02857142857142857,0.02857142857142857,0.0,1.0,1.0,0.0,1.0,1.0,0.0,0.16104282508920814,0.12681701683239352,-0.03422580825681462,1,0,0.025,0.05,0.025,1.0,1.0,0.0,1.0,1.0,0.0,0.16104282508920814,0.2144090225876805,0.05336619749847235,1,0,0.044444444444444446,0.06666666666666667,0.02222222222222222,1.0,1.0,0.0,1.0,1.0,0.0,0.27403900579235924,0.2998590005443716,0.025819994752012354,1,0,0.04,0.06,0.019999999999999997,1.0,1.0,0.0,1.0,1.0,0.0,0.27403900579235924,0.2998590005443716,0.025819994752012354,1,0,0.03636363636363636,0.05454545454545454,0.01818181818181818,1.0,1.0,0.0,1.0,1.0,0.0,0.27403900579235924,0.2998590005443716,0.025819994752012354,1,0,0.03333333333333333,0.05,0.01666666666666667,1.0,1.0,0.0,1.0,1.0,0.0,0.27403900579235924,0.2998590005443716,0.025819994752012354,1,0
indexer-generic-dense,Dense indexer,Q-077,troubleshooting_diagnostics,RAXE500,0.2,0.2,0.0,1.0,1.0,0.0,1.0,1.0,0.0,0.5,0.5,0.0,1,0,0.1,0.1,0.0,1.0,1.0,0.0,1.0,1.0,0.0,0.5,0.5,0.0,1,0,0.06666666666666667,0.06666666666666667,0.0,1.0,1.0,0.0,1.0,1.0,0.0,0.5,0.5,0.0,1,0,0.05,0.05,0.0,1.0,1.0,0.0,1.0,1.0,0.0,0.5,0.5,0.0,1,0,0.04,0.04,0.0,1.0,1.0,0.0,1.0,1.0,0.0,0.5,0.5,0.0,1,0,0.03333333333333333,0.03333333333333333,0.0,1.0,1.0,0.0,1.0,1.0,0.0,0.5,0.5,0.0,1,0,0.02857142857142857,0.02857142857142857,0.0,1.0,1.0,0.0,1.0,1.0,0.0,0.5,0.5,0.0,1,0,0.025,0.025,0.0,1.0,1.0,0.0,1.0,1.0,0.0,0.5,0.5,0.0,1,0,0.022222222222222223,0.022222222222222223,0.0,1.0,1.0,0.0,1.0,1.0,0.0,0.5,0.5,0.0,1,0,0.02,0.02,0.0,1.0,1.0,0.0,1.0,1.0,0.0,0.5,0.5,0.0,1,0,0.01818181818181818,0.01818181818181818,0.0,1.0,1.0,0.0,1.0,1.0,0.0,0.5,0.5,0.0,1,0,0.016666666666666666,0.016666666666666666,0.0,1.0,1.0,0.0,1.0,1.0,0.0,0.5,0.5,0.0,1,0
indexer-generic-dense,Dense indexer,Q-078,facts_specifications,RBK852,0.2,0.4,0.2,1.0,1.0,0.0,1.0,1.0,0.0,0.6131471927654584,0.6240505200038379,0.010903327238379501,1,0,0.2,0.2,0.0,1.0,1.0,0.0,1.0,1.0,0.0,0.7977228895450266,0.6240505200038379,-0.1736723695411887,1,0,0.13333333333333333,0.13333333333333333,0.0,1.0,1.0,0.0,1.0,1.0,0.0,0.7977228895450266,0.6240505200038379,-0.1736723695411887,1,0,0.1,0.1,0.0,1.0,1.0,0.0,1.0,1.0,0.0,0.7977228895450266,0.6240505200038379,-0.1736723695411887,1,0,0.08,0.08,0.0,1.0,1.0,0.0,1.0,1.0,0.0,0.7977228895450266,0.6240505200038379,-0.1736723695411887,1,0,0.06666666666666667,0.06666666666666667,0.0,1.0,1.0,0.0,1.0,1.0,0.0,0.7977228895450266,0.6240505200038379,-0.1736723695411887,1,0,0.05714285714285714,0.05714285714285714,0.0,1.0,1.0,0.0,1.0,1.0,0.0,0.7977228895450266,0.6240505200038379,-0.1736723695411887,1,0,0.05,0.05,0.0,1.0,1.0,0.0,1.0,1.0,0.0,0.7977228895450266,0.6240505200038379,-0.1736723695411887,1,0,0.044444444444444446,0.044444444444444446,0.0,1.0,1.0,0.0,1.0,1.0,0.0,0.7977228895450266,0.6240505200038379,-0.1736723695411887,1,0,0.04,0.04,0.0,1.0,1.0,0.0,1.0,1.0,0.0,0.7977228895450266,0.6240505200038379,-0.1736723695411887,1,0,0.03636363636363636,0.03636363636363636,0.0,1.0,1.0,0.0,1.0,1.0,0.0,0.7977228895450266,0.6240505200038379,-0.1736723695411887,1,0,0.03333333333333333,0.03333333333333333,0.0,1.0,1.0,0.0,1.0,1.0,0.0,0.7977228895450266,0.6240505200038379,-0.1736723695411887,1,0
indexer-generic-dense,Dense indexer,Q-079,facts_specifications,RBK852,0.0,0.0,0.0,0.0,0.0,0.0,0.0,0.0,0.0,0.0,0.0,0.0,0,0,0.0,0.0,0.0,0.0,0.0,0.0,0.0,0.0,0.0,0.0,0.0,0.0,0,0,0.0,0.0,0.0,0.0,0.0,0.0,0.0,0.0,0.0,0.0,0.0,0.0,0,0,0.05,0.05,0.0,1.0,1.0,0.0,1.0,1.0,0.0,0.24465054211822604,0.23540891336663824,-0.009241628751587794,1,0,0.04,0.04,0.0,1.0,1.0,0.0,1.0,1.0,0.0,0.24465054211822604,0.23540891336663824,-0.009241628751587794,1,0,0.03333333333333333,0.03333333333333333,0.0,1.0,1.0,0.0,1.0,1.0,0.0,0.24465054211822604,0.23540891336663824,-0.009241628751587794,1,0,0.02857142857142857,0.02857142857142857,0.0,1.0,1.0,0.0,1.0,1.0,0.0,0.24465054211822604,0.23540891336663824,-0.009241628751587794,1,0,0.025,0.025,0.0,1.0,1.0,0.0,1.0,1.0,0.0,0.24465054211822604,0.23540891336663824,-0.009241628751587794,1,0,0.022222222222222223,0.022222222222222223,0.0,1.0,1.0,0.0,1.0,1.0,0.0,0.24465054211822604,0.23540891336663824,-0.009241628751587794,1,0,0.02,0.02,0.0,1.0,1.0,0.0,1.0,1.0,0.0,0.24465054211822604,0.23540891336663824,-0.009241628751587794,1,0,0.01818181818181818,0.01818181818181818,0.0,1.0,1.0,0.0,1.0,1.0,0.0,0.24465054211822604,0.23540891336663824,-0.009241628751587794,1,0,0.016666666666666666,0.016666666666666666,0.0,1.0,1.0,0.0,1.0,1.0,0.0,0.24465054211822604,0.23540891336663824,-0.009241628751587794,1,0
indexer-generic-dense,Dense indexer,Q-080,setup_configuration,RBK852,0.0,0.0,0.0,0.0,0.0,0.0,0.0,0.0,0.0,0.0,0.0,0.0,0,0,0.0,0.0,0.0,0.0,0.0,0.0,0.0,0.0,0.0,0.0,0.0,0.0,0,0,0.0,0.0,0.0,0.0,0.0,0.0,0.0,0.0,0.0,0.0,0.0,0.0,0,0,0.0,0.0,0.0,0.0,0.0,0.0,0.0,0.0,0.0,0.0,0.0,0.0,0,0,0.0,0.0,0.0,0.0,0.0,0.0,0.0,0.0,0.0,0.0,0.0,0.0,0,0,0.0,0.0,0.0,0.0,0.0,0.0,0.0,0.0,0.0,0.0,0.0,0.0,0,0,0.0,0.0,0.0,0.0,0.0,0.0,0.0,0.0,0.0,0.0,0.0,0.0,0,0,0.0,0.0,0.0,0.0,0.0,0.0,0.0,0.0,0.0,0.0,0.0,0.0,0,0,0.0,0.0,0.0,0.0,0.0,0.0,0.0,0.0,0.0,0.0,0.0,0.0,0,0,0.0,0.0,0.0,0.0,0.0,0.0,0.0,0.0,0.0,0.0,0.0,0.0,0,0,0.0,0.0,0.0,0.0,0.0,0.0,0.0,0.0,0.0,0.0,0.0,0.0,0,0,0.0,0.0,0.0,0.0,0.0,0.0,0.0,0.0,0.0,0.0,0.0,0.0,0,0
indexer-generic-dense,Dense indexer,Q-081,features_security_maintenance_limitations,RBK852,0.2,0.2,0.0,1.0,1.0,0.0,1.0,1.0,0.0,0.3391602052736161,0.3391602052736161,0.0,1,0,0.1,0.1,0.0,1.0,1.0,0.0,1.0,1.0,0.0,0.3391602052736161,0.3026024134988135,-0.03655779177480262,1,0,0.06666666666666667,0.06666666666666667,0.0,1.0,1.0,0.0,1.0,1.0,0.0,0.3391602052736161,0.3026024134988135,-0.03655779177480262,1,0,0.05,0.05,0.0,1.0,1.0,0.0,1.0,1.0,0.0,0.3391602052736161,0.3026024134988135,-0.03655779177480262,1,0,0.04,0.08,0.04,1.0,1.0,0.0,1.0,1.0,0.0,0.3391602052736161,0.3694971341721163,0.030336928898500204,1,0,0.03333333333333333,0.1,0.06666666666666668,1.0,1.0,0.0,1.0,1.0,0.0,0.3391602052736161,0.43057715493439075,0.09141694966077463,1,0,0.08571428571428572,0.08571428571428572,0.0,1.0,1.0,0.0,1.0,1.0,0.0,0.4719484306960573,0.43057715493439075,-0.04137127576166655,1,0,0.075,0.075,0.0,1.0,1.0,0.0,1.0,1.0,0.0,0.4719484306960573,0.43057715493439075,-0.04137127576166655,1,0,0.06666666666666667,0.06666666666666667,0.0,1.0,1.0,0.0,1.0,1.0,0.0,0.4719484306960573,0.43057715493439075,-0.04137127576166655,1,0,0.06,0.06,0.0,1.0,1.0,0.0,1.0,1.0,0.0,0.4719484306960573,0.43057715493439075,-0.04137127576166655,1,0,0.05454545454545454,0.09090909090909091,0.03636363636363637,1.0,1.0,0.0,1.0,1.0,0.0,0.4719484306960573,0.5352657209293066,0.06331729023324928,1,0,0.08333333333333333,0.1,0.016666666666666677,1.0,1.0,0.0,1.0,1.0,0.0,0.58726326924526,0.5864944356991016,-0.0007688335461583096,1,0
indexer-generic-dense,Dense indexer,Q-082,setup_configuration,RBK852,0.8,0.4,-0.4,1.0,1.0,0.0,1.0,1.0,0.0,0.830419897363192,0.5531464700081437,-0.27727342735504834,1,0,0.4,0.3,-0.10000000000000003,1.0,1.0,0.0,1.0,1.0,0.0,0.830419897363192,0.6601396023754075,-0.17028029498778452,1,0,0.26666666666666666,0.26666666666666666,0.0,1.0,1.0,0.0,1.0,1.0,0.0,0.830419897363192,0.7469503786113338,-0.08346951875185815,1,0,0.25,0.2,-0.04999999999999999,1.0,1.0,0.0,1.0,1.0,0.0,0.9133956254483109,0.7469503786113338,-0.16644524683697703,1,0,0.2,0.2,0.0,1.0,1.0,0.0,1.0,1.0,0.0,0.9133956254483109,0.8209226750522034,-0.09247295039610748,1,0,0.16666666666666666,0.16666666666666666,0.0,1.0,1.0,0.0,1.0,1.0,0.0,0.9133956254483109,0.8209226750522034,-0.09247295039610748,1,0,0.14285714285714285,0.14285714285714285,0.0,1.0,1.0,0.0,1.0,1.0,0.0,0.9133956254483109,0.8209226750522034,-0.09247295039610748,1,0,0.125,0.125,0.0,1.0,1.0,0.0,1.0,1.0,0.0,0.9133956254483109,0.8209226750522034,-0.09247295039610748,1,0,0.1111111111111111,0.1111111111111111,0.0,1.0,1.0,0.0,1.0,1.0,0.0,0.9133956254483109,0.8209226750522034,-0.09247295039610748,1,0,0.1,0.1,0.0,1.0,1.0,0.0,1.0,1.0,0.0,0.9133956254483109,0.8209226750522034,-0.09247295039610748,1,0,0.09090909090909091,0.09090909090909091,0.0,1.0,1.0,0.0,1.0,1.0,0.0,0.9133956254483109,0.8209226750522034,-0.09247295039610748,1,0,0.08333333333333333,0.08333333333333333,0.0,1.0,1.0,0.0,1.0,1.0,0.0,0.9133956254483109,0.8209226750522034,-0.09247295039610748,1,0
indexer-generic-dense,Dense indexer,Q-083,features_security_maintenance_limitations,RBK852,0.0,0.0,0.0,0.0,0.0,0.0,0.0,0.0,0.0,0.0,0.0,0.0,0,0,0.0,0.0,0.0,0.0,0.0,0.0,0.0,0.0,0.0,0.0,0.0,0.0,0,0,0.0,0.0,0.0,0.0,0.0,0.0,0.0,0.0,0.0,0.0,0.0,0.0,0,0,0.0,0.0,0.0,0.0,0.0,0.0,0.0,0.0,0.0,0.0,0.0,0.0,0,0,0.0,0.0,0.0,0.0,0.0,0.0,0.0,0.0,0.0,0.0,0.0,0.0,0,0,0.0,0.0,0.0,0.0,0.0,0.0,0.0,0.0,0.0,0.0,0.0,0.0,0,0,0.0,0.0,0.0,0.0,0.0,0.0,0.0,0.0,0.0,0.0,0.0,0.0,0,0,0.025,0.0,-0.025,1.0,0.0,-1.0,1.0,0.0,-1.0,0.18920035951687003,0.0,-0.18920035951687003,0,1,0.022222222222222223,0.0,-0.022222222222222223,1.0,0.0,-1.0,1.0,0.0,-1.0,0.18920035951687003,0.0,-0.18920035951687003,0,1,0.02,0.0,-0.02,1.0,0.0,-1.0,1.0,0.0,-1.0,0.18920035951687003,0.0,-0.18920035951687003,0,1,0.01818181818181818,0.0,-0.01818181818181818,1.0,0.0,-1.0,1.0,0.0,-1.0,0.18920035951687003,0.0,-0.18920035951687003,0,1,0.016666666666666666,0.0,-0.016666666666666666,1.0,0.0,-1.0,1.0,0.0,-1.0,0.18920035951687003,0.0,-0.18920035951687003,0,1
indexer-generic-dense,Dense indexer,Q-084,facts_specifications,RBK852,0.2,0.2,0.0,1.0,1.0,0.0,1.0,1.0,0.0,0.6131471927654584,0.6131471927654584,0.0,1,0,0.2,0.2,0.0,1.0,1.0,0.0,1.0,1.0,0.0,0.8315546295836225,0.8315546295836225,0.0,1,0,0.13333333333333333,0.13333333333333333,0.0,1.0,1.0,0.0,1.0,1.0,0.0,0.8315546295836225,0.8315546295836225,0.0,1,0,0.1,0.1,0.0,1.0,1.0,0.0,1.0,1.0,0.0,0.8315546295836225,0.8315546295836225,0.0,1,0,0.08,0.08,0.0,1.0,1.0,0.0,1.0,1.0,0.0,0.8315546295836225,0.8315546295836225,0.0,1,0,0.06666666666666667,0.06666666666666667,0.0,1.0,1.0,0.0,1.0,1.0,0.0,0.8315546295836225,0.8315546295836225,0.0,1,0,0.05714285714285714,0.05714285714285714,0.0,1.0,1.0,0.0,1.0,1.0,0.0,0.8315546295836225,0.8315546295836225,0.0,1,0,0.05,0.05,0.0,1.0,1.0,0.0,1.0,1.0,0.0,0.8315546295836225,0.8315546295836225,0.0,1,0,0.044444444444444446,0.044444444444444446,0.0,1.0,1.0,0.0,1.0,1.0,0.0,0.8315546295836225,0.8315546295836225,0.0,1,0,0.04,0.04,0.0,1.0,1.0,0.0,1.0,1.0,0.0,0.8315546295836225,0.8315546295836225,0.0,1,0,0.03636363636363636,0.03636363636363636,0.0,1.0,1.0,0.0,1.0,1.0,0.0,0.8315546295836225,0.8315546295836225,0.0,1,0,0.03333333333333333,0.03333333333333333,0.0,1.0,1.0,0.0,1.0,1.0,0.0,0.8315546295836225,0.8315546295836225,0.0,1,0
indexer-generic-dense,Dense indexer,Q-085,features_security_maintenance_limitations,RBK852,0.2,0.2,0.0,1.0,1.0,0.0,1.0,1.0,0.0,0.3903800499921017,0.3903800499921017,0.0,1,0,0.3,0.3,0.0,1.0,1.0,0.0,1.0,1.0,0.0,0.6436579276931672,0.6436579276931672,0.0,1,0,0.2,0.26666666666666666,0.06666666666666665,1.0,1.0,0.0,1.0,1.0,0.0,0.6436579276931672,0.7461910663113891,0.10253313861822189,1,0,0.2,0.2,0.0,1.0,1.0,0.0,1.0,1.0,0.0,0.7372759303807636,0.7461910663113891,0.00891513593062554,1,0,0.16,0.16,0.0,1.0,1.0,0.0,1.0,1.0,0.0,0.7372759303807636,0.7461910663113891,0.00891513593062554,1,0,0.13333333333333333,0.13333333333333333,0.0,1.0,1.0,0.0,1.0,1.0,0.0,0.7372759303807636,0.7461910663113891,0.00891513593062554,1,0,0.11428571428571428,0.11428571428571428,0.0,1.0,1.0,0.0,1.0,1.0,0.0,0.7372759303807636,0.7461910663113891,0.00891513593062554,1,0,0.1,0.1,0.0,1.0,1.0,0.0,1.0,1.0,0.0,0.7372759303807636,0.7461910663113891,0.00891513593062554,1,0,0.08888888888888889,0.08888888888888889,0.0,1.0,1.0,0.0,1.0,1.0,0.0,0.7372759303807636,0.7461910663113891,0.00891513593062554,1,0,0.08,0.08,0.0,1.0,1.0,0.0,1.0,1.0,0.0,0.7372759303807636,0.7461910663113891,0.00891513593062554,1,0,0.07272727272727272,0.07272727272727272,0.0,1.0,1.0,0.0,1.0,1.0,0.0,0.7372759303807636,0.7461910663113891,0.00891513593062554,1,0,0.06666666666666667,0.06666666666666667,0.0,1.0,1.0,0.0,1.0,1.0,0.0,0.7372759303807636,0.7461910663113891,0.00891513593062554,1,0
indexer-generic-dense,Dense indexer,Q-086,features_security_maintenance_limitations,RBK852,0.0,0.0,0.0,0.0,0.0,0.0,0.0,0.0,0.0,0.0,0.0,0.0,0,0,0.0,0.0,0.0,0.0,0.0,0.0,0.0,0.0,0.0,0.0,0.0,0.0,0,0,0.0,0.0,0.0,0.0,0.0,0.0,0.0,0.0,0.0,0.0,0.0,0.0,0,0,0.0,0.0,0.0,0.0,0.0,0.0,0.0,0.0,0.0,0.0,0.0,0.0,0,0,0.0,0.0,0.0,0.0,0.0,0.0,0.0,0.0,0.0,0.0,0.0,0.0,0,0,0.0,0.0,0.0,0.0,0.0,0.0,0.0,0.0,0.0,0.0,0.0,0.0,0,0,0.0,0.0,0.0,0.0,0.0,0.0,0.0,0.0,0.0,0.0,0.0,0.0,0,0,0.0,0.0,0.0,0.0,0.0,0.0,0.0,0.0,0.0,0.0,0.0,0.0,0,0,0.0,0.0,0.0,0.0,0.0,0.0,0.0,0.0,0.0,0.0,0.0,0.0,0,0,0.0,0.0,0.0,0.0,0.0,0.0,0.0,0.0,0.0,0.0,0.0,0.0,0,0,0.0,0.0,0.0,0.0,0.0,0.0,0.0,0.0,0.0,0.0,0.0,0.0,0,0,0.0,0.0,0.0,0.0,0.0,0.0,0.0,0.0,0.0,0.0,0.0,0.0,0,0
indexer-generic-dense,Dense indexer,Q-087,troubleshooting_diagnostics,RBK852,0.0,0.0,0.0,0.0,0.0,0.0,0.0,0.0,0.0,0.0,0.0,0.0,0,0,0.1,0.1,0.0,1.0,1.0,0.0,1.0,1.0,0.0,0.3333333333333333,0.3333333333333333,0.0,1,0,0.06666666666666667,0.06666666666666667,0.0,1.0,1.0,0.0,1.0,1.0,0.0,0.3333333333333333,0.3333333333333333,0.0,1,0,0.05,0.05,0.0,1.0,1.0,0.0,1.0,1.0,0.0,0.3333333333333333,0.3333333333333333,0.0,1,0,0.04,0.04,0.0,1.0,1.0,0.0,1.0,1.0,0.0,0.3333333333333333,0.3333333333333333,0.0,1,0,0.03333333333333333,0.03333333333333333,0.0,1.0,1.0,0.0,1.0,1.0,0.0,0.3333333333333333,0.3333333333333333,0.0,1,0,0.02857142857142857,0.02857142857142857,0.0,1.0,1.0,0.0,1.0,1.0,0.0,0.3333333333333333,0.3333333333333333,0.0,1,0,0.025,0.025,0.0,1.0,1.0,0.0,1.0,1.0,0.0,0.3333333333333333,0.3333333333333333,0.0,1,0,0.022222222222222223,0.022222222222222223,0.0,1.0,1.0,0.0,1.0,1.0,0.0,0.3333333333333333,0.3333333333333333,0.0,1,0,0.02,0.02,0.0,1.0,1.0,0.0,1.0,1.0,0.0,0.3333333333333333,0.3333333333333333,0.0,1,0,0.01818181818181818,0.01818181818181818,0.0,1.0,1.0,0.0,1.0,1.0,0.0,0.3333333333333333,0.3333333333333333,0.0,1,0,0.016666666666666666,0.016666666666666666,0.0,1.0,1.0,0.0,1.0,1.0,0.0,0.3333333333333333,0.3333333333333333,0.0,1,0
indexer-generic-dense,Dense indexer,Q-088,troubleshooting_diagnostics,RBK852,0.2,0.2,0.0,1.0,1.0,0.0,1.0,1.0,0.0,0.21398626473452756,0.21398626473452756,0.0,1,0,0.1,0.1,0.0,1.0,1.0,0.0,1.0,1.0,0.0,0.21398626473452756,0.21398626473452756,0.0,1,0,0.06666666666666667,0.06666666666666667,0.0,1.0,1.0,0.0,1.0,1.0,0.0,0.21398626473452756,0.21398626473452756,0.0,1,0,0.1,0.1,0.0,1.0,1.0,0.0,1.0,1.0,0.0,0.2912029530172814,0.29532111012294726,0.004118157105665876,1,0,0.08,0.08,0.0,1.0,1.0,0.0,1.0,1.0,0.0,0.2912029530172814,0.29532111012294726,0.004118157105665876,1,0,0.06666666666666667,0.1,0.03333333333333334,1.0,1.0,0.0,1.0,1.0,0.0,0.2912029530172814,0.36513616407515187,0.07393321105787048,1,0,0.05714285714285714,0.08571428571428572,0.028571428571428574,1.0,1.0,0.0,1.0,1.0,0.0,0.2912029530172814,0.36513616407515187,0.07393321105787048,1,0,0.075,0.075,0.0,1.0,1.0,0.0,1.0,1.0,0.0,0.3563077118987669,0.36513616407515187,0.008828452176384949,1,0,0.08888888888888889,0.06666666666666667,-0.022222222222222227,1.0,1.0,0.0,1.0,1.0,0.0,0.41843143263844945,0.36513616407515187,-0.05329526856329758,1,0,0.1,0.08,-0.020000000000000004,1.0,1.0,0.0,1.0,1.0,0.0,0.47883708398819647,0.4258635557505342,-0.05297352823766227,1,0,0.09090909090909091,0.09090909090909091,0.0,1.0,1.0,0.0,1.0,1.0,0.0,0.47883708398819647,0.484797845108252,0.005960761120055558,1,0,0.08333333333333333,0.08333333333333333,0.0,1.0,1.0,0.0,1.0,1.0,0.0,0.47883708398819647,0.484797845108252,0.005960761120055558,1,0
indexer-generic-dense,Dense indexer,Q-089,facts_specifications,XR500,0.0,0.0,0.0,0.0,0.0,0.0,0.0,0.0,0.0,0.0,0.0,0.0,0,0,0.1,0.1,0.0,1.0,1.0,0.0,1.0,1.0,0.0,0.3333333333333333,0.3333333333333333,0.0,1,0,0.06666666666666667,0.06666666666666667,0.0,1.0,1.0,0.0,1.0,1.0,0.0,0.3333333333333333,0.3333333333333333,0.0,1,0,0.05,0.05,0.0,1.0,1.0,0.0,1.0,1.0,0.0,0.3333333333333333,0.3333333333333333,0.0,1,0,0.04,0.04,0.0,1.0,1.0,0.0,1.0,1.0,0.0,0.3333333333333333,0.3333333333333333,0.0,1,0,0.03333333333333333,0.03333333333333333,0.0,1.0,1.0,0.0,1.0,1.0,0.0,0.3333333333333333,0.3333333333333333,0.0,1,0,0.02857142857142857,0.02857142857142857,0.0,1.0,1.0,0.0,1.0,1.0,0.0,0.3333333333333333,0.3333333333333333,0.0,1,0,0.025,0.025,0.0,1.0,1.0,0.0,1.0,1.0,0.0,0.3333333333333333,0.3333333333333333,0.0,1,0,0.022222222222222223,0.022222222222222223,0.0,1.0,1.0,0.0,1.0,1.0,0.0,0.3333333333333333,0.3333333333333333,0.0,1,0,0.02,0.02,0.0,1.0,1.0,0.0,1.0,1.0,0.0,0.3333333333333333,0.3333333333333333,0.0,1,0,0.01818181818181818,0.01818181818181818,0.0,1.0,1.0,0.0,1.0,1.0,0.0,0.3333333333333333,0.3333333333333333,0.0,1,0,0.016666666666666666,0.016666666666666666,0.0,1.0,1.0,0.0,1.0,1.0,0.0,0.3333333333333333,0.3333333333333333,0.0,1,0
indexer-generic-dense,Dense indexer,Q-090,setup_configuration,XR500,0.2,0.2,0.0,1.0,1.0,0.0,1.0,1.0,0.0,0.15101961822780524,0.23719771276929622,0.08617809454149097,1,0,0.2,0.1,-0.1,1.0,1.0,0.0,1.0,1.0,0.0,0.2811463015585058,0.23719771276929622,-0.04394858878920957,1,0,0.13333333333333333,0.13333333333333333,0.0,1.0,1.0,0.0,1.0,1.0,0.0,0.2811463015585058,0.39824053785850433,0.11709423629999854,1,0,0.1,0.1,0.0,1.0,1.0,0.0,1.0,1.0,0.0,0.2811463015585058,0.39824053785850433,0.11709423629999854,1,0,0.08,0.08,0.0,1.0,1.0,0.0,1.0,1.0,0.0,0.2811463015585058,0.39824053785850433,0.11709423629999854,1,0,0.1,0.06666666666666667,-0.03333333333333334,1.0,1.0,0.0,1.0,1.0,0.0,0.361504798305126,0.39824053785850433,0.03673573955337833,1,0,0.11428571428571428,0.05714285714285714,-0.05714285714285714,1.0,1.0,0.0,1.0,1.0,0.0,0.4370146074190286,0.39824053785850433,-0.03877406956052426,1,0,0.1,0.05,-0.05,1.0,1.0,0.0,1.0,1.0,0.0,0.4370146074190286,0.39824053785850433,-0.03877406956052426,1,0,0.08888888888888889,0.044444444444444446,-0.044444444444444446,1.0,1.0,0.0,1.0,1.0,0.0,0.4370146074190286,0.39824053785850433,-0.03877406956052426,1,0,0.08,0.04,-0.04,1.0,1.0,0.0,1.0,1.0,0.0,0.4370146074190286,0.39824053785850433,-0.03877406956052426,1,0,0.07272727272727272,0.03636363636363636,-0.03636363636363636,1.0,1.0,0.0,1.0,1.0,0.0,0.4370146074190286,0.39824053785850433,-0.03877406956052426,1,0,0.06666666666666667,0.03333333333333333,-0.03333333333333333,1.0,1.0,0.0,1.0,1.0,0.0,0.4370146074190286,0.39824053785850433,-0.03877406956052426,1,0
indexer-generic-dense,Dense indexer,Q-091,features_security_maintenance_limitations,XR500,0.0,0.0,0.0,0.0,0.0,0.0,0.0,0.0,0.0,0.0,0.0,0.0,0,0,0.0,0.0,0.0,0.0,0.0,0.0,0.0,0.0,0.0,0.0,0.0,0.0,0,0,0.06666666666666667,0.0,-0.06666666666666667,1.0,0.0,-1.0,1.0,0.0,-1.0,0.16569576576522954,0.0,-0.16569576576522954,0,1,0.05,0.0,-0.05,1.0,0.0,-1.0,1.0,0.0,-1.0,0.16569576576522954,0.0,-0.16569576576522954,0,1,0.08,0.0,-0.08,1.0,0.0,-1.0,1.0,0.0,-1.0,0.2994258001262561,0.0,-0.2994258001262561,0,1,0.06666666666666667,0.0,-0.06666666666666667,1.0,0.0,-1.0,1.0,0.0,-1.0,0.2994258001262561,0.0,-0.2994258001262561,0,1,0.05714285714285714,0.02857142857142857,-0.02857142857142857,1.0,1.0,0.0,1.0,1.0,0.0,0.2994258001262561,0.12155021559723776,-0.1778755845290183,1,0,0.05,0.025,-0.025,1.0,1.0,0.0,1.0,1.0,0.0,0.2994258001262561,0.12155021559723776,-0.1778755845290183,1,0,0.044444444444444446,0.022222222222222223,-0.022222222222222223,1.0,1.0,0.0,1.0,1.0,0.0,0.2994258001262561,0.12155021559723776,-0.1778755845290183,1,0,0.04,0.02,-0.02,1.0,1.0,0.0,1.0,1.0,0.0,0.2994258001262561,0.12155021559723776,-0.1778755845290183,1,0,0.03636363636363636,0.03636363636363636,0.0,1.0,1.0,0.0,1.0,1.0,0.0,0.2994258001262561,0.22760609572714713,-0.07181970439910895,1,0,0.03333333333333333,0.03333333333333333,0.0,1.0,1.0,0.0,1.0,1.0,0.0,0.2994258001262561,0.22760609572714713,-0.07181970439910895,1,0
indexer-generic-dense,Dense indexer,Q-092,features_security_maintenance_limitations,XR500,0.2,0.2,0.0,1.0,1.0,0.0,1.0,1.0,0.0,0.38685280723454163,0.6309297535714575,0.2440769463369159,1,0,0.1,0.1,0.0,1.0,1.0,0.0,1.0,1.0,0.0,0.38685280723454163,0.6309297535714575,0.2440769463369159,1,0,0.06666666666666667,0.06666666666666667,0.0,1.0,1.0,0.0,1.0,1.0,0.0,0.38685280723454163,0.6309297535714575,0.2440769463369159,1,0,0.05,0.05,0.0,1.0,1.0,0.0,1.0,1.0,0.0,0.38685280723454163,0.6309297535714575,0.2440769463369159,1,0,0.04,0.04,0.0,1.0,1.0,0.0,1.0,1.0,0.0,0.38685280723454163,0.6309297535714575,0.2440769463369159,1,0,0.03333333333333333,0.03333333333333333,0.0,1.0,1.0,0.0,1.0,1.0,0.0,0.38685280723454163,0.6309297535714575,0.2440769463369159,1,0,0.02857142857142857,0.02857142857142857,0.0,1.0,1.0,0.0,1.0,1.0,0.0,0.38685280723454163,0.6309297535714575,0.2440769463369159,1,0,0.025,0.025,0.0,1.0,1.0,0.0,1.0,1.0,0.0,0.38685280723454163,0.6309297535714575,0.2440769463369159,1,0,0.022222222222222223,0.022222222222222223,0.0,1.0,1.0,0.0,1.0,1.0,0.0,0.38685280723454163,0.6309297535714575,0.2440769463369159,1,0,0.02,0.02,0.0,1.0,1.0,0.0,1.0,1.0,0.0,0.38685280723454163,0.6309297535714575,0.2440769463369159,1,0,0.03636363636363636,0.01818181818181818,-0.01818181818181818,1.0,1.0,0.0,1.0,1.0,0.0,0.4938981472718651,0.6309297535714575,0.13703160629959243,1,0,0.03333333333333333,0.016666666666666666,-0.016666666666666666,1.0,1.0,0.0,1.0,1.0,0.0,0.4938981472718651,0.6309297535714575,0.13703160629959243,1,0
indexer-generic-dense,Dense indexer,Q-093,features_security_maintenance_limitations,XR500,0.4,0.2,-0.2,1.0,1.0,0.0,1.0,1.0,0.0,0.6508205185601091,0.23463936301137822,-0.4161811555487309,1,0,0.3,0.3,0.0,1.0,1.0,0.0,1.0,1.0,0.0,0.7864724919925569,0.5239472913541398,-0.2625252006384171,1,0,0.2,0.2,0.0,1.0,1.0,0.0,1.0,1.0,0.0,0.7864724919925569,0.5239472913541398,-0.2625252006384171,1,0,0.15,0.15,0.0,1.0,1.0,0.0,1.0,1.0,0.0,0.7864724919925569,0.5239472913541398,-0.2625252006384171,1,0,0.12,0.12,0.0,1.0,1.0,0.0,1.0,1.0,0.0,0.7864724919925569,0.5239472913541398,-0.2625252006384171,1,0,0.1,0.1,0.0,1.0,1.0,0.0,1.0,1.0,0.0,0.7864724919925569,0.5239472913541398,-0.2625252006384171,1,0,0.08571428571428572,0.08571428571428572,0.0,1.0,1.0,0.0,1.0,1.0,0.0,0.7864724919925569,0.5239472913541398,-0.2625252006384171,1,0,0.075,0.075,0.0,1.0,1.0,0.0,1.0,1.0,0.0,0.7864724919925569,0.5239472913541398,-0.2625252006384171,1,0,0.06666666666666667,0.06666666666666667,0.0,1.0,1.0,0.0,1.0,1.0,0.0,0.7864724919925569,0.5239472913541398,-0.2625252006384171,1,0,0.06,0.06,0.0,1.0,1.0,0.0,1.0,1.0,0.0,0.7864724919925569,0.5239472913541398,-0.2625252006384171,1,0,0.05454545454545454,0.05454545454545454,0.0,1.0,1.0,0.0,1.0,1.0,0.0,0.7864724919925569,0.5239472913541398,-0.2625252006384171,1,0,0.05,0.05,0.0,1.0,1.0,0.0,1.0,1.0,0.0,0.7864724919925569,0.5239472913541398,-0.2625252006384171,1,0
indexer-generic-dense,Dense indexer,Q-094,features_security_maintenance_limitations,XR500,0.4,0.2,-0.2,1.0,1.0,0.0,1.0,1.0,0.0,0.34519134224686937,0.16958010263680806,-0.1756112396100613,1,0,0.4,0.2,-0.2,1.0,1.0,0.0,1.0,1.0,0.0,0.4206575188563344,0.2716774977597197,-0.14898002109661468,1,0,0.26666666666666666,0.2,-0.06666666666666665,1.0,1.0,0.0,1.0,1.0,0.0,0.4206575188563344,0.3607577679779541,-0.05989975087838029,1,0,0.25,0.2,-0.04999999999999999,1.0,1.0,0.0,1.0,1.0,0.0,0.481316332307456,0.440599103358622,-0.040717228948834006,1,0,0.2,0.16,-0.04000000000000001,1.0,1.0,0.0,1.0,1.0,0.0,0.481316332307456,0.440599103358622,-0.040717228948834006,1,0,0.2,0.13333333333333333,-0.06666666666666668,1.0,1.0,0.0,1.0,1.0,0.0,0.5345126913490882,0.440599103358622,-0.09391358799046617,1,0,0.2,0.11428571428571428,-0.08571428571428573,1.0,1.0,0.0,1.0,1.0,0.0,0.5834384886666684,0.440599103358622,-0.14283938530804635,1,0,0.175,0.1,-0.07499999999999998,1.0,1.0,0.0,1.0,1.0,0.0,0.5834384886666684,0.440599103358622,-0.14283938530804635,1,0,0.17777777777777778,0.08888888888888889,-0.08888888888888889,1.0,1.0,0.0,1.0,1.0,0.0,0.6294962943528227,0.440599103358622,-0.18889719099420071,1,0,0.16,0.08,-0.08,1.0,1.0,0.0,1.0,1.0,0.0,0.6294962943528227,0.440599103358622,-0.18889719099420071,1,0,0.14545454545454545,0.07272727272727272,-0.07272727272727272,1.0,1.0,0.0,1.0,1.0,0.0,0.6294962943528227,0.440599103358622,-0.18889719099420071,1,0,0.13333333333333333,0.08333333333333333,-0.05,1.0,1.0,0.0,1.0,1.0,0.0,0.6294962943528227,0.4984962193710699,-0.1310000749817528,1,0
indexer-generic-dense,Dense indexer,Q-095,features_security_maintenance_limitations,XR500,0.6,0.6,0.0,1.0,1.0,0.0,1.0,1.0,0.0,0.8318724637288826,0.8318724637288826,0.0,1,0,0.3,0.3,0.0,1.0,1.0,0.0,1.0,1.0,0.0,0.8318724637288826,0.8318724637288826,0.0,1,0,0.2,0.2,0.0,1.0,1.0,0.0,1.0,1.0,0.0,0.8318724637288826,0.8318724637288826,0.0,1,0,0.15,0.15,0.0,1.0,1.0,0.0,1.0,1.0,0.0,0.8318724637288826,0.8318724637288826,0.0,1,0,0.12,0.12,0.0,1.0,1.0,0.0,1.0,1.0,0.0,0.8318724637288826,0.8318724637288826,0.0,1,0,0.1,0.1,0.0,1.0,1.0,0.0,1.0,1.0,0.0,0.8318724637288826,0.8318724637288826,0.0,1,0,0.08571428571428572,0.08571428571428572,0.0,1.0,1.0,0.0,1.0,1.0,0.0,0.8318724637288826,0.8318724637288826,0.0,1,0,0.075,0.075,0.0,1.0,1.0,0.0,1.0,1.0,0.0,0.8318724637288826,0.8318724637288826,0.0,1,0,0.06666666666666667,0.06666666666666667,0.0,1.0,1.0,0.0,1.0,1.0,0.0,0.8318724637288826,0.8318724637288826,0.0,1,0,0.08,0.08,0.0,1.0,1.0,0.0,1.0,1.0,0.0,0.9006931226987935,0.9021531020292666,0.001459979330473038,1,0,0.07272727272727272,0.07272727272727272,0.0,1.0,1.0,0.0,1.0,1.0,0.0,0.9006931226987935,0.9021531020292666,0.001459979330473038,1,0,0.06666666666666667,0.06666666666666667,0.0,1.0,1.0,0.0,1.0,1.0,0.0,0.9006931226987935,0.9021531020292666,0.001459979330473038,1,0
indexer-generic-dense,Dense indexer,Q-096,features_security_maintenance_limitations,XR500,0.0,0.0,0.0,0.0,0.0,0.0,0.0,0.0,0.0,0.0,0.0,0.0,0,0,0.0,0.0,0.0,0.0,0.0,0.0,0.0,0.0,0.0,0.0,0.0,0.0,0,0,0.0,0.0,0.0,0.0,0.0,0.0,0.0,0.0,0.0,0.0,0.0,0.0,0,0,0.0,0.0,0.0,0.0,0.0,0.0,0.0,0.0,0.0,0.0,0.0,0.0,0,0,0.0,0.0,0.0,0.0,0.0,0.0,0.0,0.0,0.0,0.0,0.0,0.0,0,0,0.0,0.0,0.0,0.0,0.0,0.0,0.0,0.0,0.0,0.0,0.0,0.0,0,0,0.0,0.0,0.0,0.0,0.0,0.0,0.0,0.0,0.0,0.0,0.0,0.0,0,0,0.0,0.0,0.0,0.0,0.0,0.0,0.0,0.0,0.0,0.0,0.0,0.0,0,0,0.0,0.0,0.0,0.0,0.0,0.0,0.0,0.0,0.0,0.0,0.0,0.0,0,0,0.0,0.0,0.0,0.0,0.0,0.0,0.0,0.0,0.0,0.0,0.0,0.0,0,0,0.0,0.0,0.0,0.0,0.0,0.0,0.0,0.0,0.0,0.0,0.0,0.0,0,0,0.0,0.0,0.0,0.0,0.0,0.0,0.0,0.0,0.0,0.0,0.0,0.0,0,0
indexer-generic-dense,Dense indexer,Q-097,features_security_maintenance_limitations,XR500,0.0,0.0,0.0,0.0,0.0,0.0,0.0,0.0,0.0,0.0,0.0,0.0,0,0,0.0,0.0,0.0,0.0,0.0,0.0,0.0,0.0,0.0,0.0,0.0,0.0,0,0,0.0,0.0,0.0,0.0,0.0,0.0,0.0,0.0,0.0,0.0,0.0,0.0,0,0,0.0,0.0,0.0,0.0,0.0,0.0,0.0,0.0,0.0,0.0,0.0,0.0,0,0,0.0,0.0,0.0,0.0,0.0,0.0,0.0,0.0,0.0,0.0,0.0,0.0,0,0,0.0,0.0,0.0,0.0,0.0,0.0,0.0,0.0,0.0,0.0,0.0,0.0,0,0,0.02857142857142857,0.0,-0.02857142857142857,1.0,0.0,-1.0,1.0,0.0,-1.0,0.1949590218937863,0.0,-0.1949590218937863,0,1,0.025,0.0,-0.025,1.0,0.0,-1.0,1.0,0.0,-1.0,0.1949590218937863,0.0,-0.1949590218937863,0,1,0.022222222222222223,0.0,-0.022222222222222223,1.0,0.0,-1.0,1.0,0.0,-1.0,0.1949590218937863,0.0,-0.1949590218937863,0,1,0.02,0.0,-0.02,1.0,0.0,-1.0,1.0,0.0,-1.0,0.1949590218937863,0.0,-0.1949590218937863,0,1,0.01818181818181818,0.0,-0.01818181818181818,1.0,0.0,-1.0,1.0,0.0,-1.0,0.1949590218937863,0.0,-0.1949590218937863,0,1,0.016666666666666666,0.0,-0.016666666666666666,1.0,0.0,-1.0,1.0,0.0,-1.0,0.1949590218937863,0.0,-0.1949590218937863,0,1
indexer-generic-dense,Dense indexer,Q-098,features_security_maintenance_limitations,XR500,0.0,0.0,0.0,0.0,0.0,0.0,0.0,0.0,0.0,0.0,0.0,0.0,0,0,0.0,0.0,0.0,0.0,0.0,0.0,0.0,0.0,0.0,0.0,0.0,0.0,0,0,0.13333333333333333,0.13333333333333333,0.0,1.0,1.0,0.0,1.0,1.0,0.0,0.18368661692489877,0.1814171229425907,-0.0022694939823080795,1,0,0.1,0.1,0.0,1.0,1.0,0.0,1.0,1.0,0.0,0.18368661692489877,0.1814171229425907,-0.0022694939823080795,1,0,0.16,0.16,0.0,1.0,1.0,0.0,1.0,1.0,0.0,0.33169715086781537,0.3303657784050237,-0.0013313724627916912,1,0,0.16666666666666666,0.16666666666666666,0.0,1.0,1.0,0.0,1.0,1.0,0.0,0.4015122048200199,0.4009160520528973,-0.0005961527671226041,1,0,0.14285714285714285,0.14285714285714285,0.0,1.0,1.0,0.0,1.0,1.0,0.0,0.4015122048200199,0.4009160520528973,-0.0005961527671226041,1,0,0.125,0.125,0.0,1.0,1.0,0.0,1.0,1.0,0.0,0.4015122048200199,0.4009160520528973,-0.0005961527671226041,1,0,0.1111111111111111,0.1111111111111111,0.0,1.0,1.0,0.0,1.0,1.0,0.0,0.4015122048200199,0.4009160520528973,-0.0005961527671226041,1,0,0.1,0.1,0.0,1.0,1.0,0.0,1.0,1.0,0.0,0.4015122048200199,0.4009160520528973,-0.0005961527671226041,1,0,0.09090909090909091,0.09090909090909091,0.0,1.0,1.0,0.0,1.0,1.0,0.0,0.4015122048200199,0.4009160520528973,-0.0005961527671226041,1,0,0.08333333333333333,0.08333333333333333,0.0,1.0,1.0,0.0,1.0,1.0,0.0,0.4015122048200199,0.4009160520528973,-0.0005961527671226041,1,0
indexer-generic-dense,Dense indexer,Q-099,features_security_maintenance_limitations,XR500,0.2,0.2,0.0,1.0,1.0,0.0,1.0,1.0,0.0,0.3391602052736161,0.3391602052736161,0.0,1,0,0.2,0.2,0.0,1.0,1.0,0.0,1.0,1.0,0.0,0.3936948167222716,0.4599715079731103,0.06627669125083874,1,0,0.26666666666666666,0.13333333333333333,-0.13333333333333333,1.0,1.0,0.0,1.0,1.0,0.0,0.551120137846147,0.4599715079731103,-0.09114862987303668,1,0,0.2,0.15,-0.05000000000000002,1.0,1.0,0.0,1.0,1.0,0.0,0.551120137846147,0.5371881962558641,-0.013931941590282881,1,0,0.16,0.12,-0.04000000000000001,1.0,1.0,0.0,1.0,1.0,0.0,0.551120137846147,0.5371881962558641,-0.013931941590282881,1,0,0.16666666666666666,0.1,-0.06666666666666665,1.0,1.0,0.0,1.0,1.0,0.0,0.6122001586084214,0.5371881962558641,-0.07501196235255725,1,0,0.14285714285714285,0.11428571428571428,-0.028571428571428567,1.0,1.0,0.0,1.0,1.0,0.0,0.6122001586084214,0.6038540797928652,-0.008346078815556157,1,0,0.125,0.1,-0.024999999999999994,1.0,1.0,0.0,1.0,1.0,0.0,0.6122001586084214,0.6038540797928652,-0.008346078815556157,1,0,0.13333333333333333,0.08888888888888889,-0.04444444444444444,1.0,1.0,0.0,1.0,1.0,0.0,0.66831748067491,0.6038540797928652,-0.06446340088204483,1,0,0.12,0.08,-0.039999999999999994,1.0,1.0,0.0,1.0,1.0,0.0,0.66831748067491,0.6038540797928652,-0.06446340088204483,1,0,0.10909090909090909,0.07272727272727272,-0.03636363636363636,1.0,1.0,0.0,1.0,1.0,0.0,0.66831748067491,0.6038540797928652,-0.06446340088204483,1,0,0.1,0.08333333333333333,-0.016666666666666677,1.0,1.0,0.0,1.0,1.0,0.0,0.66831748067491,0.6610409329562169,-0.007276547718693127,1,0
indexer-generic-dense,Dense indexer,Q-100,features_security_maintenance_limitations,XR500,0.0,0.0,0.0,0.0,0.0,0.0,0.0,0.0,0.0,0.0,0.0,0.0,0,0,0.0,0.0,0.0,0.0,0.0,0.0,0.0,0.0,0.0,0.0,0.0,0.0,0,0,0.0,0.0,0.0,0.0,0.0,0.0,0.0,0.0,0.0,0.0,0.0,0.0,0,0,0.0,0.0,0.0,0.0,0.0,0.0,0.0,0.0,0.0,0.0,0.0,0.0,0,0,0.0,0.0,0.0,0.0,0.0,0.0,0.0,0.0,0.0,0.0,0.0,0.0,0,0,0.0,0.0,0.0,0.0,0.0,0.0,0.0,0.0,0.0,0.0,0.0,0.0,0,0,0.0,0.0,0.0,0.0,0.0,0.0,0.0,0.0,0.0,0.0,0.0,0.0,0,0,0.0,0.0,0.0,0.0,0.0,0.0,0.0,0.0,0.0,0.0,0.0,0.0,0,0,0.0,0.0,0.0,0.0,0.0,0.0,0.0,0.0,0.0,0.0,0.0,0.0,0,0,0.0,0.0,0.0,0.0,0.0,0.0,0.0,0.0,0.0,0.0,0.0,0.0,0,0,0.0,0.0,0.0,0.0,0.0,0.0,0.0,0.0,0.0,0.0,0.0,0.0,0,0,0.0,0.0,0.0,0.0,0.0,0.0,0.0,0.0,0.0,0.0,0.0,0.0,0,0
indexer-generic-sparse,Sparse indexer,Q-001,facts_specifications,CM2000,0.0,0.0,0.0,0.0,0.0,0.0,0.0,0.0,0.0,0.0,0.0,0.0,0,0,0.1,0.0,-0.1,1.0,0.0,-1.0,1.0,0.0,-1.0,0.3562071871080222,0.0,-0.3562071871080222,0,1,0.06666666666666667,0.0,-0.06666666666666667,1.0,0.0,-1.0,1.0,0.0,-1.0,0.3562071871080222,0.0,-0.3562071871080222,0,1,0.05,0.0,-0.05,1.0,0.0,-1.0,1.0,0.0,-1.0,0.3562071871080222,0.0,-0.3562071871080222,0,1,0.04,0.0,-0.04,1.0,0.0,-1.0,1.0,0.0,-1.0,0.3562071871080222,0.0,-0.3562071871080222,0,1,0.03333333333333333,0.03333333333333333,0.0,1.0,1.0,0.0,1.0,1.0,0.0,0.3562071871080222,0.20801459767650948,-0.1481925894315127,1,0,0.02857142857142857,0.02857142857142857,0.0,1.0,1.0,0.0,1.0,1.0,0.0,0.3562071871080222,0.20801459767650948,-0.1481925894315127,1,0,0.025,0.025,0.0,1.0,1.0,0.0,1.0,1.0,0.0,0.3562071871080222,0.20801459767650948,-0.1481925894315127,1,0,0.022222222222222223,0.022222222222222223,0.0,1.0,1.0,0.0,1.0,1.0,0.0,0.3562071871080222,0.20801459767650948,-0.1481925894315127,1,0,0.02,0.02,0.0,1.0,1.0,0.0,1.0,1.0,0.0,0.3562071871080222,0.20801459767650948,-0.1481925894315127,1,0,0.01818181818181818,0.01818181818181818,0.0,1.0,1.0,0.0,1.0,1.0,0.0,0.3562071871080222,0.20801459767650948,-0.1481925894315127,1,0,0.016666666666666666,0.016666666666666666,0.0,1.0,1.0,0.0,1.0,1.0,0.0,0.3562071871080222,0.20801459767650948,-0.1481925894315127,1,0
indexer-generic-sparse,Sparse indexer,Q-002,facts_specifications,CM2000,0.0,0.0,0.0,0.0,0.0,0.0,0.0,0.0,0.0,0.0,0.0,0.0,0,0,0.1,0.0,-0.1,1.0,0.0,-1.0,1.0,0.0,-1.0,0.3562071871080222,0.0,-0.3562071871080222,0,1,0.06666666666666667,0.0,-0.06666666666666667,1.0,0.0,-1.0,1.0,0.0,-1.0,0.3562071871080222,0.0,-0.3562071871080222,0,1,0.05,0.0,-0.05,1.0,0.0,-1.0,1.0,0.0,-1.0,0.3562071871080222,0.0,-0.3562071871080222,0,1,0.04,0.0,-0.04,1.0,0.0,-1.0,1.0,0.0,-1.0,0.3562071871080222,0.0,-0.3562071871080222,0,1,0.03333333333333333,0.0,-0.03333333333333333,1.0,0.0,-1.0,1.0,0.0,-1.0,0.3562071871080222,0.0,-0.3562071871080222,0,1,0.02857142857142857,0.0,-0.02857142857142857,1.0,0.0,-1.0,1.0,0.0,-1.0,0.3562071871080222,0.0,-0.3562071871080222,0,1,0.025,0.0,-0.025,1.0,0.0,-1.0,1.0,0.0,-1.0,0.3562071871080222,0.0,-0.3562071871080222,0,1,0.022222222222222223,0.022222222222222223,0.0,1.0,1.0,0.0,1.0,1.0,0.0,0.3562071871080222,0.18428883314870617,-0.171918353959316,1,0,0.02,0.02,0.0,1.0,1.0,0.0,1.0,1.0,0.0,0.3562071871080222,0.18428883314870617,-0.171918353959316,1,0,0.01818181818181818,0.01818181818181818,0.0,1.0,1.0,0.0,1.0,1.0,0.0,0.3562071871080222,0.18428883314870617,-0.171918353959316,1,0,0.016666666666666666,0.016666666666666666,0.0,1.0,1.0,0.0,1.0,1.0,0.0,0.3562071871080222,0.18428883314870617,-0.171918353959316,1,0
indexer-generic-sparse,Sparse indexer,Q-003,setup_configuration,CM2000,0.0,0.0,0.0,0.0,0.0,0.0,0.0,0.0,0.0,0.0,0.0,0.0,0,0,0.0,0.0,0.0,0.0,0.0,0.0,0.0,0.0,0.0,0.0,0.0,0.0,0,0,0.13333333333333333,0.0,-0.13333333333333333,1.0,0.0,-1.0,1.0,0.0,-1.0,0.3102267425692945,0.0,-0.3102267425692945,0,1,0.1,0.0,-0.1,1.0,0.0,-1.0,1.0,0.0,-1.0,0.3102267425692945,0.0,-0.3102267425692945,0,1,0.08,0.0,-0.08,1.0,0.0,-1.0,1.0,0.0,-1.0,0.3102267425692945,0.0,-0.3102267425692945,0,1,0.06666666666666667,0.0,-0.06666666666666667,1.0,0.0,-1.0,1.0,0.0,-1.0,0.3102267425692945,0.0,-0.3102267425692945,0,1,0.05714285714285714,0.0,-0.05714285714285714,1.0,0.0,-1.0,1.0,0.0,-1.0,0.3102267425692945,0.0,-0.3102267425692945,0,1,0.05,0.0,-0.05,1.0,0.0,-1.0,1.0,0.0,-1.0,0.3102267425692945,0.0,-0.3102267425692945,0,1,0.044444444444444446,0.0,-0.044444444444444446,1.0,0.0,-1.0,1.0,0.0,-1.0,0.3102267425692945,0.0,-0.3102267425692945,0,1,0.04,0.0,-0.04,1.0,0.0,-1.0,1.0,0.0,-1.0,0.3102267425692945,0.0,-0.3102267425692945,0,1,0.03636363636363636,0.0,-0.03636363636363636,1.0,0.0,-1.0,1.0,0.0,-1.0,0.3102267425692945,0.0,-0.3102267425692945,0,1,0.03333333333333333,0.0,-0.03333333333333333,1.0,0.0,-1.0,1.0,0.0,-1.0,0.3102267425692945,0.0,-0.3102267425692945,0,1
indexer-generic-sparse,Sparse indexer,Q-004,setup_configuration,CM2000,0.0,0.0,0.0,0.0,0.0,0.0,0.0,0.0,0.0,0.0,0.0,0.0,0,0,0.0,0.0,0.0,0.0,0.0,0.0,0.0,0.0,0.0,0.0,0.0,0.0,0,0,0.06666666666666667,0.0,-0.06666666666666667,1.0,0.0,-1.0,1.0,0.0,-1.0,0.26264953503719357,0.0,-0.26264953503719357,0,1,0.05,0.0,-0.05,1.0,0.0,-1.0,1.0,0.0,-1.0,0.26264953503719357,0.0,-0.26264953503719357,0,1,0.04,0.0,-0.04,1.0,0.0,-1.0,1.0,0.0,-1.0,0.26264953503719357,0.0,-0.26264953503719357,0,1,0.03333333333333333,0.0,-0.03333333333333333,1.0,0.0,-1.0,1.0,0.0,-1.0,0.26264953503719357,0.0,-0.26264953503719357,0,1,0.02857142857142857,0.0,-0.02857142857142857,1.0,0.0,-1.0,1.0,0.0,-1.0,0.26264953503719357,0.0,-0.26264953503719357,0,1,0.025,0.0,-0.025,1.0,0.0,-1.0,1.0,0.0,-1.0,0.26264953503719357,0.0,-0.26264953503719357,0,1,0.022222222222222223,0.0,-0.022222222222222223,1.0,0.0,-1.0,1.0,0.0,-1.0,0.26264953503719357,0.0,-0.26264953503719357,0,1,0.02,0.0,-0.02,1.0,0.0,-1.0,1.0,0.0,-1.0,0.26264953503719357,0.0,-0.26264953503719357,0,1,0.01818181818181818,0.0,-0.01818181818181818,1.0,0.0,-1.0,1.0,0.0,-1.0,0.26264953503719357,0.0,-0.26264953503719357,0,1,0.016666666666666666,0.0,-0.016666666666666666,1.0,0.0,-1.0,1.0,0.0,-1.0,0.26264953503719357,0.0,-0.26264953503719357,0,1
indexer-generic-sparse,Sparse indexer,Q-005,facts_specifications,CM2000,0.0,0.0,0.0,0.0,0.0,0.0,0.0,0.0,0.0,0.0,0.0,0.0,0,0,0.0,0.0,0.0,0.0,0.0,0.0,0.0,0.0,0.0,0.0,0.0,0.0,0,0,0.0,0.0,0.0,0.0,0.0,0.0,0.0,0.0,0.0,0.0,0.0,0.0,0,0,0.0,0.0,0.0,0.0,0.0,0.0,0.0,0.0,0.0,0.0,0.0,0.0,0,0,0.0,0.0,0.0,0.0,0.0,0.0,0.0,0.0,0.0,0.0,0.0,0.0,0,0,0.0,0.0,0.0,0.0,0.0,0.0,0.0,0.0,0.0,0.0,0.0,0.0,0,0,0.0,0.0,0.0,0.0,0.0,0.0,0.0,0.0,0.0,0.0,0.0,0.0,0,0,0.0,0.0,0.0,0.0,0.0,0.0,0.0,0.0,0.0,0.0,0.0,0.0,0,0,0.0,0.0,0.0,0.0,0.0,0.0,0.0,0.0,0.0,0.0,0.0,0.0,0,0,0.0,0.0,0.0,0.0,0.0,0.0,0.0,0.0,0.0,0.0,0.0,0.0,0,0,0.0,0.0,0.0,0.0,0.0,0.0,0.0,0.0,0.0,0.0,0.0,0.0,0,0,0.0,0.0,0.0,0.0,0.0,0.0,0.0,0.0,0.0,0.0,0.0,0.0,0,0
indexer-generic-sparse,Sparse indexer,Q-006,troubleshooting_diagnostics,CM2000,0.0,0.0,0.0,0.0,0.0,0.0,0.0,0.0,0.0,0.0,0.0,0.0,0,0,0.0,0.0,0.0,0.0,0.0,0.0,0.0,0.0,0.0,0.0,0.0,0.0,0,0,0.0,0.0,0.0,0.0,0.0,0.0,0.0,0.0,0.0,0.0,0.0,0.0,0,0,0.0,0.0,0.0,0.0,0.0,0.0,0.0,0.0,0.0,0.0,0.0,0.0,0,0,0.0,0.0,0.0,0.0,0.0,0.0,0.0,0.0,0.0,0.0,0.0,0.0,0,0,0.0,0.0,0.0,0.0,0.0,0.0,0.0,0.0,0.0,0.0,0.0,0.0,0,0,0.0,0.0,0.0,0.0,0.0,0.0,0.0,0.0,0.0,0.0,0.0,0.0,0,0,0.0,0.0,0.0,0.0,0.0,0.0,0.0,0.0,0.0,0.0,0.0,0.0,0,0,0.0,0.0,0.0,0.0,0.0,0.0,0.0,0.0,0.0,0.0,0.0,0.0,0,0,0.0,0.0,0.0,0.0,0.0,0.0,0.0,0.0,0.0,0.0,0.0,0.0,0,0,0.0,0.0,0.0,0.0,0.0,0.0,0.0,0.0,0.0,0.0,0.0,0.0,0,0,0.0,0.0,0.0,0.0,0.0,0.0,0.0,0.0,0.0,0.0,0.0,0.0,0,0
indexer-generic-sparse,Sparse indexer,Q-007,troubleshooting_diagnostics,CM2000,0.2,0.0,-0.2,1.0,0.0,-1.0,1.0,0.0,-1.0,0.6131471927654584,0.0,-0.6131471927654584,0,1,0.1,0.0,-0.1,1.0,0.0,-1.0,1.0,0.0,-1.0,0.6131471927654584,0.0,-0.6131471927654584,0,1,0.06666666666666667,0.0,-0.06666666666666667,1.0,0.0,-1.0,1.0,0.0,-1.0,0.6131471927654584,0.0,-0.6131471927654584,0,1,0.05,0.0,-0.05,1.0,0.0,-1.0,1.0,0.0,-1.0,0.6131471927654584,0.0,-0.6131471927654584,0,1,0.04,0.0,-0.04,1.0,0.0,-1.0,1.0,0.0,-1.0,0.6131471927654584,0.0,-0.6131471927654584,0,1,0.06666666666666667,0.0,-0.06666666666666667,1.0,0.0,-1.0,1.0,0.0,-1.0,0.7406907593850465,0.0,-0.7406907593850465,0,1,0.05714285714285714,0.0,-0.05714285714285714,1.0,0.0,-1.0,1.0,0.0,-1.0,0.7406907593850465,0.0,-0.7406907593850465,0,1,0.05,0.0,-0.05,1.0,0.0,-1.0,1.0,0.0,-1.0,0.7406907593850465,0.0,-0.7406907593850465,0,1,0.044444444444444446,0.0,-0.044444444444444446,1.0,0.0,-1.0,1.0,0.0,-1.0,0.7406907593850465,0.0,-0.7406907593850465,0,1,0.04,0.0,-0.04,1.0,0.0,-1.0,1.0,0.0,-1.0,0.7406907593850465,0.0,-0.7406907593850465,0,1,0.03636363636363636,0.0,-0.03636363636363636,1.0,0.0,-1.0,1.0,0.0,-1.0,0.7406907593850465,0.0,-0.7406907593850465,0,1,0.03333333333333333,0.0,-0.03333333333333333,1.0,0.0,-1.0,1.0,0.0,-1.0,0.7406907593850465,0.0,-0.7406907593850465,0,1
indexer-generic-sparse,Sparse indexer,Q-008,troubleshooting_diagnostics,CM2000,0.0,0.0,0.0,0.0,0.0,0.0,0.0,0.0,0.0,0.0,0.0,0.0,0,0,0.0,0.0,0.0,0.0,0.0,0.0,0.0,0.0,0.0,0.0,0.0,0.0,0,0,0.06666666666666667,0.0,-0.06666666666666667,1.0,0.0,-1.0,1.0,0.0,-1.0,0.26264953503719357,0.0,-0.26264953503719357,0,1,0.05,0.0,-0.05,1.0,0.0,-1.0,1.0,0.0,-1.0,0.26264953503719357,0.0,-0.26264953503719357,0,1,0.04,0.0,-0.04,1.0,0.0,-1.0,1.0,0.0,-1.0,0.26264953503719357,0.0,-0.26264953503719357,0,1,0.03333333333333333,0.0,-0.03333333333333333,1.0,0.0,-1.0,1.0,0.0,-1.0,0.26264953503719357,0.0,-0.26264953503719357,0,1,0.02857142857142857,0.0,-0.02857142857142857,1.0,0.0,-1.0,1.0,0.0,-1.0,0.26264953503719357,0.0,-0.26264953503719357,0,1,0.025,0.0,-0.025,1.0,0.0,-1.0,1.0,0.0,-1.0,0.26264953503719357,0.0,-0.26264953503719357,0,1,0.022222222222222223,0.0,-0.022222222222222223,1.0,0.0,-1.0,1.0,0.0,-1.0,0.26264953503719357,0.0,-0.26264953503719357,0,1,0.02,0.0,-0.02,1.0,0.0,-1.0,1.0,0.0,-1.0,0.26264953503719357,0.0,-0.26264953503719357,0,1,0.01818181818181818,0.0,-0.01818181818181818,1.0,0.0,-1.0,1.0,0.0,-1.0,0.26264953503719357,0.0,-0.26264953503719357,0,1,0.016666666666666666,0.0,-0.016666666666666666,1.0,0.0,-1.0,1.0,0.0,-1.0,0.26264953503719357,0.0,-0.26264953503719357,0,1
indexer-generic-sparse,Sparse indexer,Q-009,facts_specifications,CM2000,0.0,0.0,0.0,0.0,0.0,0.0,0.0,0.0,0.0,0.0,0.0,0.0,0,0,0.0,0.0,0.0,0.0,0.0,0.0,0.0,0.0,0.0,0.0,0.0,0.0,0,0,0.0,0.0,0.0,0.0,0.0,0.0,0.0,0.0,0.0,0.0,0.0,0.0,0,0,0.0,0.0,0.0,0.0,0.0,0.0,0.0,0.0,0.0,0.0,0.0,0.0,0,0,0.0,0.0,0.0,0.0,0.0,0.0,0.0,0.0,0.0,0.0,0.0,0.0,0,0,0.0,0.0,0.0,0.0,0.0,0.0,0.0,0.0,0.0,0.0,0.0,0.0,0,0,0.0,0.0,0.0,0.0,0.0,0.0,0.0,0.0,0.0,0.0,0.0,0.0,0,0,0.0,0.0,0.0,0.0,0.0,0.0,0.0,0.0,0.0,0.0,0.0,0.0,0,0,0.0,0.0,0.0,0.0,0.0,0.0,0.0,0.0,0.0,0.0,0.0,0.0,0,0,0.0,0.0,0.0,0.0,0.0,0.0,0.0,0.0,0.0,0.0,0.0,0.0,0,0,0.0,0.0,0.0,0.0,0.0,0.0,0.0,0.0,0.0,0.0,0.0,0.0,0,0,0.0,0.0,0.0,0.0,0.0,0.0,0.0,0.0,0.0,0.0,0.0,0.0,0,0
indexer-generic-sparse,Sparse indexer,Q-010,setup_configuration,LM1200,0.2,0.2,0.0,1.0,1.0,0.0,1.0,1.0,0.0,1.0,0.38685280723454163,-0.6131471927654584,1,0,0.1,0.1,0.0,1.0,1.0,0.0,1.0,1.0,0.0,1.0,0.38685280723454163,-0.6131471927654584,1,0,0.06666666666666667,0.06666666666666667,0.0,1.0,1.0,0.0,1.0,1.0,0.0,1.0,0.38685280723454163,-0.6131471927654584,1,0,0.05,0.05,0.0,1.0,1.0,0.0,1.0,1.0,0.0,1.0,0.38685280723454163,-0.6131471927654584,1,0,0.04,0.04,0.0,1.0,1.0,0.0,1.0,1.0,0.0,1.0,0.38685280723454163,-0.6131471927654584,1,0,0.03333333333333333,0.03333333333333333,0.0,1.0,1.0,0.0,1.0,1.0,0.0,1.0,0.38685280723454163,-0.6131471927654584,1,0,0.02857142857142857,0.02857142857142857,0.0,1.0,1.0,0.0,1.0,1.0,0.0,1.0,0.38685280723454163,-0.6131471927654584,1,0,0.025,0.025,0.0,1.0,1.0,0.0,1.0,1.0,0.0,1.0,0.38685280723454163,-0.6131471927654584,1,0,0.022222222222222223,0.022222222222222223,0.0,1.0,1.0,0.0,1.0,1.0,0.0,1.0,0.38685280723454163,-0.6131471927654584,1,0,0.02,0.02,0.0,1.0,1.0,0.0,1.0,1.0,0.0,1.0,0.38685280723454163,-0.6131471927654584,1,0,0.01818181818181818,0.01818181818181818,0.0,1.0,1.0,0.0,1.0,1.0,0.0,1.0,0.38685280723454163,-0.6131471927654584,1,0,0.016666666666666666,0.016666666666666666,0.0,1.0,1.0,0.0,1.0,1.0,0.0,1.0,0.38685280723454163,-0.6131471927654584,1,0
indexer-generic-sparse,Sparse indexer,Q-011,setup_configuration,LM1200,0.0,0.0,0.0,0.0,0.0,0.0,0.0,0.0,0.0,0.0,0.0,0.0,0,0,0.1,0.0,-0.1,1.0,0.0,-1.0,1.0,0.0,-1.0,0.2890648263178879,0.0,-0.2890648263178879,0,1,0.06666666666666667,0.0,-0.06666666666666667,1.0,0.0,-1.0,1.0,0.0,-1.0,0.2890648263178879,0.0,-0.2890648263178879,0,1,0.05,0.0,-0.05,1.0,0.0,-1.0,1.0,0.0,-1.0,0.2890648263178879,0.0,-0.2890648263178879,0,1,0.04,0.0,-0.04,1.0,0.0,-1.0,1.0,0.0,-1.0,0.2890648263178879,0.0,-0.2890648263178879,0,1,0.03333333333333333,0.0,-0.03333333333333333,1.0,0.0,-1.0,1.0,0.0,-1.0,0.2890648263178879,0.0,-0.2890648263178879,0,1,0.02857142857142857,0.0,-0.02857142857142857,1.0,0.0,-1.0,1.0,0.0,-1.0,0.2890648263178879,0.0,-0.2890648263178879,0,1,0.025,0.0,-0.025,1.0,0.0,-1.0,1.0,0.0,-1.0,0.2890648263178879,0.0,-0.2890648263178879,0,1,0.022222222222222223,0.0,-0.022222222222222223,1.0,0.0,-1.0,1.0,0.0,-1.0,0.2890648263178879,0.0,-0.2890648263178879,0,1,0.02,0.0,-0.02,1.0,0.0,-1.0,1.0,0.0,-1.0,0.2890648263178879,0.0,-0.2890648263178879,0,1,0.01818181818181818,0.0,-0.01818181818181818,1.0,0.0,-1.0,1.0,0.0,-1.0,0.2890648263178879,0.0,-0.2890648263178879,0,1,0.016666666666666666,0.0,-0.016666666666666666,1.0,0.0,-1.0,1.0,0.0,-1.0,0.2890648263178879,0.0,-0.2890648263178879,0,1
indexer-generic-sparse,Sparse indexer,Q-012,setup_configuration,LM1200,0.0,0.0,0.0,0.0,0.0,0.0,0.0,0.0,0.0,0.0,0.0,0.0,0,0,0.0,0.0,0.0,0.0,0.0,0.0,0.0,0.0,0.0,0.0,0.0,0.0,0,0,0.0,0.0,0.0,0.0,0.0,0.0,0.0,0.0,0.0,0.0,0.0,0.0,0,0,0.0,0.0,0.0,0.0,0.0,0.0,0.0,0.0,0.0,0.0,0.0,0.0,0,0,0.0,0.0,0.0,0.0,0.0,0.0,0.0,0.0,0.0,0.0,0.0,0.0,0,0,0.0,0.0,0.0,0.0,0.0,0.0,0.0,0.0,0.0,0.0,0.0,0.0,0,0,0.0,0.0,0.0,0.0,0.0,0.0,0.0,0.0,0.0,0.0,0.0,0.0,0,0,0.0,0.0,0.0,0.0,0.0,0.0,0.0,0.0,0.0,0.0,0.0,0.0,0,0,0.0,0.0,0.0,0.0,0.0,0.0,0.0,0.0,0.0,0.0,0.0,0.0,0,0,0.0,0.0,0.0,0.0,0.0,0.0,0.0,0.0,0.0,0.0,0.0,0.0,0,0,0.0,0.0,0.0,0.0,0.0,0.0,0.0,0.0,0.0,0.0,0.0,0.0,0,0,0.0,0.0,0.0,0.0,0.0,0.0,0.0,0.0,0.0,0.0,0.0,0.0,0,0
indexer-generic-sparse,Sparse indexer,Q-013,setup_configuration,LM1200,0.4,0.0,-0.4,1.0,0.0,-1.0,1.0,0.0,-1.0,0.5855700749881525,0.0,-0.5855700749881525,0,1,0.4,0.0,-0.4,1.0,0.0,-1.0,1.0,0.0,-1.0,0.8215664107074527,0.0,-0.8215664107074527,0,1,0.26666666666666666,0.0,-0.26666666666666666,1.0,0.0,-1.0,1.0,0.0,-1.0,0.8215664107074527,0.0,-0.8215664107074527,0,1,0.2,0.0,-0.2,1.0,0.0,-1.0,1.0,0.0,-1.0,0.8215664107074527,0.0,-0.8215664107074527,0,1,0.16,0.0,-0.16,1.0,0.0,-1.0,1.0,0.0,-1.0,0.8215664107074527,0.0,-0.8215664107074527,0,1,0.13333333333333333,0.0,-0.13333333333333333,1.0,0.0,-1.0,1.0,0.0,-1.0,0.8215664107074527,0.0,-0.8215664107074527,0,1,0.11428571428571428,0.0,-0.11428571428571428,1.0,0.0,-1.0,1.0,0.0,-1.0,0.8215664107074527,0.0,-0.8215664107074527,0,1,0.1,0.0,-0.1,1.0,0.0,-1.0,1.0,0.0,-1.0,0.8215664107074527,0.0,-0.8215664107074527,0,1,0.08888888888888889,0.0,-0.08888888888888889,1.0,0.0,-1.0,1.0,0.0,-1.0,0.8215664107074527,0.0,-0.8215664107074527,0,1,0.08,0.0,-0.08,1.0,0.0,-1.0,1.0,0.0,-1.0,0.8215664107074527,0.0,-0.8215664107074527,0,1,0.07272727272727272,0.0,-0.07272727272727272,1.0,0.0,-1.0,1.0,0.0,-1.0,0.8215664107074527,0.0,-0.8215664107074527,0,1,0.06666666666666667,0.0,-0.06666666666666667,1.0,0.0,-1.0,1.0,0.0,-1.0,0.8215664107074527,0.0,-0.8215664107074527,0,1
indexer-generic-sparse,Sparse indexer,Q-014,troubleshooting_diagnostics,LM1200,0.0,0.0,0.0,0.0,0.0,0.0,0.0,0.0,0.0,0.0,0.0,0.0,0,0,0.1,0.0,-0.1,1.0,0.0,-1.0,1.0,0.0,-1.0,0.3010299956639812,0.0,-0.3010299956639812,0,1,0.06666666666666667,0.0,-0.06666666666666667,1.0,0.0,-1.0,1.0,0.0,-1.0,0.3010299956639812,0.0,-0.3010299956639812,0,1,0.05,0.0,-0.05,1.0,0.0,-1.0,1.0,0.0,-1.0,0.3010299956639812,0.0,-0.3010299956639812,0,1,0.04,0.0,-0.04,1.0,0.0,-1.0,1.0,0.0,-1.0,0.3010299956639812,0.0,-0.3010299956639812,0,1,0.03333333333333333,0.0,-0.03333333333333333,1.0,0.0,-1.0,1.0,0.0,-1.0,0.3010299956639812,0.0,-0.3010299956639812,0,1,0.02857142857142857,0.0,-0.02857142857142857,1.0,0.0,-1.0,1.0,0.0,-1.0,0.3010299956639812,0.0,-0.3010299956639812,0,1,0.025,0.0,-0.025,1.0,0.0,-1.0,1.0,0.0,-1.0,0.3010299956639812,0.0,-0.3010299956639812,0,1,0.022222222222222223,0.0,-0.022222222222222223,1.0,0.0,-1.0,1.0,0.0,-1.0,0.3010299956639812,0.0,-0.3010299956639812,0,1,0.02,0.0,-0.02,1.0,0.0,-1.0,1.0,0.0,-1.0,0.3010299956639812,0.0,-0.3010299956639812,0,1,0.01818181818181818,0.0,-0.01818181818181818,1.0,0.0,-1.0,1.0,0.0,-1.0,0.3010299956639812,0.0,-0.3010299956639812,0,1,0.016666666666666666,0.0,-0.016666666666666666,1.0,0.0,-1.0,1.0,0.0,-1.0,0.3010299956639812,0.0,-0.3010299956639812,0,1
indexer-generic-sparse,Sparse indexer,Q-015,features_security_maintenance_limitations,LM1200,0.0,0.0,0.0,0.0,0.0,0.0,0.0,0.0,0.0,0.0,0.0,0.0,0,0,0.2,0.2,0.0,1.0,1.0,0.0,1.0,1.0,0.0,0.21515079688078367,0.227804435066758,0.012653638185974314,1,0,0.13333333333333333,0.13333333333333333,0.0,1.0,1.0,0.0,1.0,1.0,0.0,0.21515079688078367,0.227804435066758,0.012653638185974314,1,0,0.2,0.1,-0.1,1.0,1.0,0.0,1.0,1.0,0.0,0.37495992454030974,0.227804435066758,-0.14715548947355175,1,0,0.2,0.16,-0.04000000000000001,1.0,1.0,0.0,1.0,1.0,0.0,0.44893222098117935,0.3749357892826317,-0.07399643169854764,1,0,0.16666666666666666,0.16666666666666666,0.0,1.0,1.0,0.0,1.0,1.0,0.0,0.44893222098117935,0.44405495928759403,-0.004877261693585322,1,0,0.14285714285714285,0.14285714285714285,0.0,1.0,1.0,0.0,1.0,1.0,0.0,0.44893222098117935,0.44405495928759403,-0.004877261693585322,1,0,0.125,0.125,0.0,1.0,1.0,0.0,1.0,1.0,0.0,0.44893222098117935,0.44405495928759403,-0.004877261693585322,1,0,0.1111111111111111,0.1111111111111111,0.0,1.0,1.0,0.0,1.0,1.0,0.0,0.44893222098117935,0.44405495928759403,-0.004877261693585322,1,0,0.1,0.1,0.0,1.0,1.0,0.0,1.0,1.0,0.0,0.44893222098117935,0.44405495928759403,-0.004877261693585322,1,0,0.09090909090909091,0.09090909090909091,0.0,1.0,1.0,0.0,1.0,1.0,0.0,0.44893222098117935,0.44405495928759403,-0.004877261693585322,1,0,0.08333333333333333,0.08333333333333333,0.0,1.0,1.0,0.0,1.0,1.0,0.0,0.44893222098117935,0.44405495928759403,-0.004877261693585322,1,0
indexer-generic-sparse,Sparse indexer,Q-016,facts_specifications,LM1200,0.8,0.0,-0.8,1.0,0.0,-1.0,1.0,0.0,-1.0,0.8539316501572937,0.0,-0.8539316501572937,0,1,0.4,0.1,-0.30000000000000004,1.0,1.0,0.0,1.0,1.0,0.0,0.8539316501572937,0.11751610475642714,-0.7364155454008665,1,0,0.3333333333333333,0.13333333333333333,-0.19999999999999998,1.0,1.0,0.0,1.0,1.0,0.0,0.9407424263932199,0.2230116889915375,-0.7177307374016824,1,0,0.25,0.15,-0.1,1.0,1.0,0.0,1.0,1.0,0.0,0.9407424263932199,0.31851837985424536,-0.6222240465389746,1,0,0.2,0.16,-0.04000000000000001,1.0,1.0,0.0,1.0,1.0,0.0,0.9407424263932199,0.4025821479898041,-0.5381602784034158,1,0,0.16666666666666666,0.13333333333333333,-0.033333333333333326,1.0,1.0,0.0,1.0,1.0,0.0,0.9407424263932199,0.4025821479898041,-0.5381602784034158,1,0,0.14285714285714285,0.11428571428571428,-0.028571428571428567,1.0,1.0,0.0,1.0,1.0,0.0,0.9407424263932199,0.4025821479898041,-0.5381602784034158,1,0,0.125,0.1,-0.024999999999999994,1.0,1.0,0.0,1.0,1.0,0.0,0.9407424263932199,0.4025821479898041,-0.5381602784034158,1,0,0.1111111111111111,0.08888888888888889,-0.022222222222222213,1.0,1.0,0.0,1.0,1.0,0.0,0.9407424263932199,0.4025821479898041,-0.5381602784034158,1,0,0.1,0.08,-0.020000000000000004,1.0,1.0,0.0,1.0,1.0,0.0,0.9407424263932199,0.4025821479898041,-0.5381602784034158,1,0,0.09090909090909091,0.07272727272727272,-0.018181818181818188,1.0,1.0,0.0,1.0,1.0,0.0,0.9407424263932199,0.4025821479898041,-0.5381602784034158,1,0,0.08333333333333333,0.06666666666666667,-0.016666666666666663,1.0,1.0,0.0,1.0,1.0,0.0,0.9407424263932199,0.4025821479898041,-0.5381602784034158,1,0
indexer-generic-sparse,Sparse indexer,Q-017,facts_specifications,LM1200,0.0,0.0,0.0,0.0,0.0,0.0,0.0,0.0,0.0,0.0,0.0,0.0,0,0,0.0,0.0,0.0,0.0,0.0,0.0,0.0,0.0,0.0,0.0,0.0,0.0,0,0,0.0,0.0,0.0,0.0,0.0,0.0,0.0,0.0,0.0,0.0,0.0,0.0,0,0,0.0,0.0,0.0,0.0,0.0,0.0,0.0,0.0,0.0,0.0,0.0,0.0,0,0,0.0,0.0,0.0,0.0,0.0,0.0,0.0,0.0,0.0,0.0,0.0,0.0,0,0,0.0,0.0,0.0,0.0,0.0,0.0,0.0,0.0,0.0,0.0,0.0,0.0,0,0,0.0,0.0,0.0,0.0,0.0,0.0,0.0,0.0,0.0,0.0,0.0,0.0,0,0,0.0,0.0,0.0,0.0,0.0,0.0,0.0,0.0,0.0,0.0,0.0,0.0,0,0,0.0,0.0,0.0,0.0,0.0,0.0,0.0,0.0,0.0,0.0,0.0,0.0,0,0,0.0,0.0,0.0,0.0,0.0,0.0,0.0,0.0,0.0,0.0,0.0,0.0,0,0,0.0,0.0,0.0,0.0,0.0,0.0,0.0,0.0,0.0,0.0,0.0,0.0,0,0,0.0,0.0,0.0,0.0,0.0,0.0,0.0,0.0,0.0,0.0,0.0,0.0,0,0
indexer-generic-sparse,Sparse indexer,Q-018,troubleshooting_diagnostics,LM1200,0.0,0.0,0.0,0.0,0.0,0.0,0.0,0.0,0.0,0.0,0.0,0.0,0,0,0.0,0.0,0.0,0.0,0.0,0.0,0.0,0.0,0.0,0.0,0.0,0.0,0,0,0.0,0.0,0.0,0.0,0.0,0.0,0.0,0.0,0.0,0.0,0.0,0.0,0,0,0.0,0.0,0.0,0.0,0.0,0.0,0.0,0.0,0.0,0.0,0.0,0.0,0,0,0.0,0.0,0.0,0.0,0.0,0.0,0.0,0.0,0.0,0.0,0.0,0.0,0,0,0.0,0.0,0.0,0.0,0.0,0.0,0.0,0.0,0.0,0.0,0.0,0.0,0,0,0.0,0.0,0.0,0.0,0.0,0.0,0.0,0.0,0.0,0.0,0.0,0.0,0,0,0.0,0.0,0.0,0.0,0.0,0.0,0.0,0.0,0.0,0.0,0.0,0.0,0,0,0.022222222222222223,0.0,-0.022222222222222223,1.0,0.0,-1.0,1.0,0.0,-1.0,0.11230971199864632,0.0,-0.11230971199864632,0,1,0.04,0.0,-0.04,1.0,0.0,-1.0,1.0,0.0,-1.0,0.22209508525518765,0.0,-0.22209508525518765,0,1,0.03636363636363636,0.0,-0.03636363636363636,1.0,0.0,-1.0,1.0,0.0,-1.0,0.22209508525518765,0.0,-0.22209508525518765,0,1,0.03333333333333333,0.0,-0.03333333333333333,1.0,0.0,-1.0,1.0,0.0,-1.0,0.22209508525518765,0.0,-0.22209508525518765,0,1
indexer-generic-sparse,Sparse indexer,Q-019,troubleshooting_diagnostics,LM1200,0.0,0.0,0.0,0.0,0.0,0.0,0.0,0.0,0.0,0.0,0.0,0.0,0,0,0.0,0.0,0.0,0.0,0.0,0.0,0.0,0.0,0.0,0.0,0.0,0.0,0,0,0.0,0.0,0.0,0.0,0.0,0.0,0.0,0.0,0.0,0.0,0.0,0.0,0,0,0.0,0.0,0.0,0.0,0.0,0.0,0.0,0.0,0.0,0.0,0.0,0.0,0,0,0.0,0.0,0.0,0.0,0.0,0.0,0.0,0.0,0.0,0.0,0.0,0.0,0,0,0.0,0.0,0.0,0.0,0.0,0.0,0.0,0.0,0.0,0.0,0.0,0.0,0,0,0.0,0.0,0.0,0.0,0.0,0.0,0.0,0.0,0.0,0.0,0.0,0.0,0,0,0.0,0.0,0.0,0.0,0.0,0.0,0.0,0.0,0.0,0.0,0.0,0.0,0,0,0.0,0.0,0.0,0.0,0.0,0.0,0.0,0.0,0.0,0.0,0.0,0.0,0,0,0.0,0.0,0.0,0.0,0.0,0.0,0.0,0.0,0.0,0.0,0.0,0.0,0,0,0.0,0.0,0.0,0.0,0.0,0.0,0.0,0.0,0.0,0.0,0.0,0.0,0,0,0.0,0.0,0.0,0.0,0.0,0.0,0.0,0.0,0.0,0.0,0.0,0.0,0,0
indexer-generic-sparse,Sparse indexer,Q-020,troubleshooting_diagnostics,R6350,0.2,0.0,-0.2,1.0,0.0,-1.0,1.0,0.0,-1.0,0.3903800499921017,0.0,-0.3903800499921017,0,1,0.1,0.0,-0.1,1.0,0.0,-1.0,1.0,0.0,-1.0,0.3903800499921017,0.0,-0.3903800499921017,0,1,0.06666666666666667,0.0,-0.06666666666666667,1.0,0.0,-1.0,1.0,0.0,-1.0,0.3903800499921017,0.0,-0.3903800499921017,0,1,0.05,0.0,-0.05,1.0,0.0,-1.0,1.0,0.0,-1.0,0.3903800499921017,0.0,-0.3903800499921017,0,1,0.04,0.04,0.0,1.0,1.0,0.0,1.0,1.0,0.0,0.3903800499921017,0.13203406128629544,-0.2583459887058063,1,0,0.03333333333333333,0.03333333333333333,0.0,1.0,1.0,0.0,1.0,1.0,0.0,0.3903800499921017,0.13203406128629544,-0.2583459887058063,1,0,0.02857142857142857,0.05714285714285714,0.02857142857142857,1.0,1.0,0.0,1.0,1.0,0.0,0.3903800499921017,0.2546634998393871,-0.1357165501527146,1,0,0.025,0.05,0.025,1.0,1.0,0.0,1.0,1.0,0.0,0.3903800499921017,0.2546634998393871,-0.1357165501527146,1,0,0.044444444444444446,0.044444444444444446,0.0,1.0,1.0,0.0,1.0,1.0,0.0,0.4618856713207818,0.2546634998393871,-0.2072221714813947,1,0,0.08,0.04,-0.04,1.0,1.0,0.0,1.0,1.0,0.0,0.6013121802583385,0.2546634998393871,-0.34664868041895147,1,0,0.07272727272727272,0.03636363636363636,-0.03636363636363636,1.0,1.0,0.0,1.0,1.0,0.0,0.6013121802583385,0.2546634998393871,-0.34664868041895147,1,0,0.06666666666666667,0.03333333333333333,-0.03333333333333333,1.0,1.0,0.0,1.0,1.0,0.0,0.6013121802583385,0.2546634998393871,-0.34664868041895147,1,0
indexer-generic-sparse,Sparse indexer,Q-021,troubleshooting_diagnostics,R6350,0.2,0.0,-0.2,1.0,0.0,-1.0,1.0,0.0,-1.0,0.23719771276929622,0.0,-0.23719771276929622,0,1,0.1,0.0,-0.1,1.0,0.0,-1.0,1.0,0.0,-1.0,0.23719771276929622,0.0,-0.23719771276929622,0,1,0.06666666666666667,0.0,-0.06666666666666667,1.0,0.0,-1.0,1.0,0.0,-1.0,0.23719771276929622,0.0,-0.23719771276929622,0,1,0.1,0.0,-0.1,1.0,0.0,-1.0,1.0,0.0,-1.0,0.38153802715201746,0.0,-0.38153802715201746,0,1,0.08,0.0,-0.08,1.0,0.0,-1.0,1.0,0.0,-1.0,0.38153802715201746,0.0,-0.38153802715201746,0,1,0.06666666666666667,0.0,-0.06666666666666667,1.0,0.0,-1.0,1.0,0.0,-1.0,0.38153802715201746,0.0,-0.38153802715201746,0,1,0.05714285714285714,0.0,-0.05714285714285714,1.0,0.0,-1.0,1.0,0.0,-1.0,0.38153802715201746,0.0,-0.38153802715201746,0,1,0.05,0.0,-0.05,1.0,0.0,-1.0,1.0,0.0,-1.0,0.38153802715201746,0.0,-0.38153802715201746,0,1,0.044444444444444446,0.0,-0.044444444444444446,1.0,0.0,-1.0,1.0,0.0,-1.0,0.38153802715201746,0.0,-0.38153802715201746,0,1,0.04,0.0,-0.04,1.0,0.0,-1.0,1.0,0.0,-1.0,0.38153802715201746,0.0,-0.38153802715201746,0,1,0.03636363636363636,0.0,-0.03636363636363636,1.0,0.0,-1.0,1.0,0.0,-1.0,0.38153802715201746,0.0,-0.38153802715201746,0,1,0.03333333333333333,0.0,-0.03333333333333333,1.0,0.0,-1.0,1.0,0.0,-1.0,0.38153802715201746,0.0,-0.38153802715201746,0,1
indexer-generic-sparse,Sparse indexer,Q-022,troubleshooting_diagnostics,R6350,0.2,0.0,-0.2,1.0,0.0,-1.0,1.0,0.0,-1.0,1.0,0.0,-1.0,0,1,0.1,0.0,-0.1,1.0,0.0,-1.0,1.0,0.0,-1.0,1.0,0.0,-1.0,0,1,0.06666666666666667,0.0,-0.06666666666666667,1.0,0.0,-1.0,1.0,0.0,-1.0,1.0,0.0,-1.0,0,1,0.05,0.0,-0.05,1.0,0.0,-1.0,1.0,0.0,-1.0,1.0,0.0,-1.0,0,1,0.04,0.0,-0.04,1.0,0.0,-1.0,1.0,0.0,-1.0,1.0,0.0,-1.0,0,1,0.03333333333333333,0.0,-0.03333333333333333,1.0,0.0,-1.0,1.0,0.0,-1.0,1.0,0.0,-1.0,0,1,0.02857142857142857,0.0,-0.02857142857142857,1.0,0.0,-1.0,1.0,0.0,-1.0,1.0,0.0,-1.0,0,1,0.025,0.0,-0.025,1.0,0.0,-1.0,1.0,0.0,-1.0,1.0,0.0,-1.0,0,1,0.022222222222222223,0.0,-0.022222222222222223,1.0,0.0,-1.0,1.0,0.0,-1.0,1.0,0.0,-1.0,0,1,0.02,0.0,-0.02,1.0,0.0,-1.0,1.0,0.0,-1.0,1.0,0.0,-1.0,0,1,0.01818181818181818,0.0,-0.01818181818181818,1.0,0.0,-1.0,1.0,0.0,-1.0,1.0,0.0,-1.0,0,1,0.016666666666666666,0.0,-0.016666666666666666,1.0,0.0,-1.0,1.0,0.0,-1.0,1.0,0.0,-1.0,0,1
indexer-generic-sparse,Sparse indexer,Q-023,troubleshooting_diagnostics,R6350,0.0,0.0,0.0,0.0,0.0,0.0,0.0,0.0,0.0,0.0,0.0,0.0,0,0,0.1,0.0,-0.1,1.0,0.0,-1.0,1.0,0.0,-1.0,0.2890648263178879,0.0,-0.2890648263178879,0,1,0.06666666666666667,0.0,-0.06666666666666667,1.0,0.0,-1.0,1.0,0.0,-1.0,0.2890648263178879,0.0,-0.2890648263178879,0,1,0.05,0.0,-0.05,1.0,0.0,-1.0,1.0,0.0,-1.0,0.2890648263178879,0.0,-0.2890648263178879,0,1,0.04,0.0,-0.04,1.0,0.0,-1.0,1.0,0.0,-1.0,0.2890648263178879,0.0,-0.2890648263178879,0,1,0.03333333333333333,0.0,-0.03333333333333333,1.0,0.0,-1.0,1.0,0.0,-1.0,0.2890648263178879,0.0,-0.2890648263178879,0,1,0.02857142857142857,0.0,-0.02857142857142857,1.0,0.0,-1.0,1.0,0.0,-1.0,0.2890648263178879,0.0,-0.2890648263178879,0,1,0.025,0.0,-0.025,1.0,0.0,-1.0,1.0,0.0,-1.0,0.2890648263178879,0.0,-0.2890648263178879,0,1,0.022222222222222223,0.0,-0.022222222222222223,1.0,0.0,-1.0,1.0,0.0,-1.0,0.2890648263178879,0.0,-0.2890648263178879,0,1,0.02,0.0,-0.02,1.0,0.0,-1.0,1.0,0.0,-1.0,0.2890648263178879,0.0,-0.2890648263178879,0,1,0.01818181818181818,0.0,-0.01818181818181818,1.0,0.0,-1.0,1.0,0.0,-1.0,0.2890648263178879,0.0,-0.2890648263178879,0,1,0.016666666666666666,0.0,-0.016666666666666666,1.0,0.0,-1.0,1.0,0.0,-1.0,0.2890648263178879,0.0,-0.2890648263178879,0,1
indexer-generic-sparse,Sparse indexer,Q-024,setup_configuration,R6350,0.0,0.0,0.0,0.0,0.0,0.0,0.0,0.0,0.0,0.0,0.0,0.0,0,0,0.0,0.0,0.0,0.0,0.0,0.0,0.0,0.0,0.0,0.0,0.0,0.0,0,0,0.0,0.0,0.0,0.0,0.0,0.0,0.0,0.0,0.0,0.0,0.0,0.0,0,0,0.0,0.0,0.0,0.0,0.0,0.0,0.0,0.0,0.0,0.0,0.0,0.0,0,0,0.0,0.0,0.0,0.0,0.0,0.0,0.0,0.0,0.0,0.0,0.0,0.0,0,0,0.0,0.0,0.0,0.0,0.0,0.0,0.0,0.0,0.0,0.0,0.0,0.0,0,0,0.0,0.0,0.0,0.0,0.0,0.0,0.0,0.0,0.0,0.0,0.0,0.0,0,0,0.0,0.0,0.0,0.0,0.0,0.0,0.0,0.0,0.0,0.0,0.0,0.0,0,0,0.0,0.0,0.0,0.0,0.0,0.0,0.0,0.0,0.0,0.0,0.0,0.0,0,0,0.0,0.0,0.0,0.0,0.0,0.0,0.0,0.0,0.0,0.0,0.0,0.0,0,0,0.0,0.0,0.0,0.0,0.0,0.0,0.0,0.0,0.0,0.0,0.0,0.0,0,0,0.0,0.0,0.0,0.0,0.0,0.0,0.0,0.0,0.0,0.0,0.0,0.0,0,0
indexer-generic-sparse,Sparse indexer,Q-025,setup_configuration,R6350,0.0,0.0,0.0,0.0,0.0,0.0,0.0,0.0,0.0,0.0,0.0,0.0,0,0,0.0,0.0,0.0,0.0,0.0,0.0,0.0,0.0,0.0,0.0,0.0,0.0,0,0,0.0,0.0,0.0,0.0,0.0,0.0,0.0,0.0,0.0,0.0,0.0,0.0,0,0,0.0,0.0,0.0,0.0,0.0,0.0,0.0,0.0,0.0,0.0,0.0,0.0,0,0,0.0,0.0,0.0,0.0,0.0,0.0,0.0,0.0,0.0,0.0,0.0,0.0,0,0,0.03333333333333333,0.03333333333333333,0.0,1.0,1.0,0.0,1.0,1.0,0.0,0.12376320080008647,0.12621440746277704,0.0024512066626905665,1,0,0.05714285714285714,0.02857142857142857,-0.02857142857142857,1.0,1.0,0.0,1.0,1.0,0.0,0.2423620571847346,0.12621440746277704,-0.11614764972195757,1,0,0.05,0.025,-0.025,1.0,1.0,0.0,1.0,1.0,0.0,0.2423620571847346,0.12621440746277704,-0.11614764972195757,1,0,0.044444444444444446,0.022222222222222223,-0.022222222222222223,1.0,1.0,0.0,1.0,1.0,0.0,0.2423620571847346,0.12621440746277704,-0.11614764972195757,1,0,0.04,0.04,0.0,1.0,1.0,0.0,1.0,1.0,0.0,0.2423620571847346,0.23660011001216935,-0.005761947172565257,1,0,0.03636363636363636,0.03636363636363636,0.0,1.0,1.0,0.0,1.0,1.0,0.0,0.2423620571847346,0.23660011001216935,-0.005761947172565257,1,0,0.03333333333333333,0.03333333333333333,0.0,1.0,1.0,0.0,1.0,1.0,0.0,0.2423620571847346,0.23660011001216935,-0.005761947172565257,1,0
indexer-generic-sparse,Sparse indexer,Q-026,facts_specifications,R6350,0.4,0.4,0.0,1.0,1.0,0.0,1.0,1.0,0.0,0.4776237035032179,0.7039180890341347,0.22629438553091674,1,0,0.2,0.2,0.0,1.0,1.0,0.0,1.0,1.0,0.0,0.4776237035032179,0.7039180890341347,0.22629438553091674,1,0,0.13333333333333333,0.13333333333333333,0.0,1.0,1.0,0.0,1.0,1.0,0.0,0.4776237035032179,0.7039180890341347,0.22629438553091674,1,0,0.1,0.1,0.0,1.0,1.0,0.0,1.0,1.0,0.0,0.4776237035032179,0.7039180890341347,0.22629438553091674,1,0,0.08,0.12,0.039999999999999994,1.0,1.0,0.0,1.0,1.0,0.0,0.4776237035032179,0.8049717622844084,0.32734805878119044,1,0,0.06666666666666667,0.1,0.03333333333333334,1.0,1.0,0.0,1.0,1.0,0.0,0.4776237035032179,0.8049717622844084,0.32734805878119044,1,0,0.05714285714285714,0.08571428571428572,0.028571428571428574,1.0,1.0,0.0,1.0,1.0,0.0,0.4776237035032179,0.8049717622844084,0.32734805878119044,1,0,0.05,0.075,0.024999999999999994,1.0,1.0,0.0,1.0,1.0,0.0,0.4776237035032179,0.8049717622844084,0.32734805878119044,1,0,0.06666666666666667,0.06666666666666667,0.0,1.0,1.0,0.0,1.0,1.0,0.0,0.5646509849537465,0.8049717622844084,0.24032077733066182,1,0,0.06,0.06,0.0,1.0,1.0,0.0,1.0,1.0,0.0,0.5646509849537465,0.8049717622844084,0.24032077733066182,1,0,0.05454545454545454,0.05454545454545454,0.0,1.0,1.0,0.0,1.0,1.0,0.0,0.5646509849537465,0.8049717622844084,0.24032077733066182,1,0,0.05,0.05,0.0,1.0,1.0,0.0,1.0,1.0,0.0,0.5646509849537465,0.8049717622844084,0.24032077733066182,1,0
indexer-generic-sparse,Sparse indexer,Q-027,setup_configuration,R6350,0.0,0.0,0.0,0.0,0.0,0.0,0.0,0.0,0.0,0.0,0.0,0.0,0,0,0.0,0.0,0.0,0.0,0.0,0.0,0.0,0.0,0.0,0.0,0.0,0.0,0,0,0.0,0.0,0.0,0.0,0.0,0.0,0.0,0.0,0.0,0.0,0.0,0.0,0,0,0.0,0.0,0.0,0.0,0.0,0.0,0.0,0.0,0.0,0.0,0.0,0.0,0,0,0.04,0.04,0.0,1.0,1.0,0.0,1.0,1.0,0.0,0.1304446455081745,0.13749447131399728,0.007049825805822779,1,0,0.03333333333333333,0.03333333333333333,0.0,1.0,1.0,0.0,1.0,1.0,0.0,0.1304446455081745,0.13749447131399728,0.007049825805822779,1,0,0.02857142857142857,0.02857142857142857,0.0,1.0,1.0,0.0,1.0,1.0,0.0,0.1304446455081745,0.13749447131399728,0.007049825805822779,1,0,0.025,0.025,0.0,1.0,1.0,0.0,1.0,1.0,0.0,0.1304446455081745,0.13749447131399728,0.007049825805822779,1,0,0.044444444444444446,0.022222222222222223,-0.022222222222222223,1.0,1.0,0.0,1.0,1.0,0.0,0.2441521936164037,0.13749447131399728,-0.10665772230240642,1,0,0.04,0.04,0.0,1.0,1.0,0.0,1.0,1.0,0.0,0.2441521936164037,0.24788017386338962,0.0037279802469859236,1,0,0.03636363636363636,0.03636363636363636,0.0,1.0,1.0,0.0,1.0,1.0,0.0,0.2441521936164037,0.24788017386338962,0.0037279802469859236,1,0,0.03333333333333333,0.03333333333333333,0.0,1.0,1.0,0.0,1.0,1.0,0.0,0.2441521936164037,0.24788017386338962,0.0037279802469859236,1,0
indexer-generic-sparse,Sparse indexer,Q-028,troubleshooting_diagnostics,R6350,0.0,0.0,0.0,0.0,0.0,0.0,0.0,0.0,0.0,0.0,0.0,0.0,0,0,0.0,0.0,0.0,0.0,0.0,0.0,0.0,0.0,0.0,0.0,0.0,0.0,0,0,0.0,0.0,0.0,0.0,0.0,0.0,0.0,0.0,0.0,0.0,0.0,0.0,0,0,0.0,0.0,0.0,0.0,0.0,0.0,0.0,0.0,0.0,0.0,0.0,0.0,0,0,0.0,0.0,0.0,0.0,0.0,0.0,0.0,0.0,0.0,0.0,0.0,0.0,0,0,0.0,0.0,0.0,0.0,0.0,0.0,0.0,0.0,0.0,0.0,0.0,0.0,0,0,0.0,0.0,0.0,0.0,0.0,0.0,0.0,0.0,0.0,0.0,0.0,0.0,0,0,0.0,0.0,0.0,0.0,0.0,0.0,0.0,0.0,0.0,0.0,0.0,0.0,0,0,0.0,0.0,0.0,0.0,0.0,0.0,0.0,0.0,0.0,0.0,0.0,0.0,0,0,0.0,0.0,0.0,0.0,0.0,0.0,0.0,0.0,0.0,0.0,0.0,0.0,0,0,0.0,0.0,0.0,0.0,0.0,0.0,0.0,0.0,0.0,0.0,0.0,0.0,0,0,0.0,0.0,0.0,0.0,0.0,0.0,0.0,0.0,0.0,0.0,0.0,0.0,0,0
indexer-generic-sparse,Sparse indexer,Q-029,features_security_maintenance_limitations,R6350,0.0,0.0,0.0,0.0,0.0,0.0,0.0,0.0,0.0,0.0,0.0,0.0,0,0,0.0,0.0,0.0,0.0,0.0,0.0,0.0,0.0,0.0,0.0,0.0,0.0,0,0,0.0,0.0,0.0,0.0,0.0,0.0,0.0,0.0,0.0,0.0,0.0,0.0,0,0,0.0,0.0,0.0,0.0,0.0,0.0,0.0,0.0,0.0,0.0,0.0,0.0,0,0,0.0,0.0,0.0,0.0,0.0,0.0,0.0,0.0,0.0,0.0,0.0,0.0,0,0,0.0,0.0,0.0,0.0,0.0,0.0,0.0,0.0,0.0,0.0,0.0,0.0,0,0,0.0,0.0,0.0,0.0,0.0,0.0,0.0,0.0,0.0,0.0,0.0,0.0,0,0,0.0,0.0,0.0,0.0,0.0,0.0,0.0,0.0,0.0,0.0,0.0,0.0,0,0,0.0,0.0,0.0,0.0,0.0,0.0,0.0,0.0,0.0,0.0,0.0,0.0,0,0,0.0,0.0,0.0,0.0,0.0,0.0,0.0,0.0,0.0,0.0,0.0,0.0,0,0,0.0,0.0,0.0,0.0,0.0,0.0,0.0,0.0,0.0,0.0,0.0,0.0,0,0,0.0,0.0,0.0,0.0,0.0,0.0,0.0,0.0,0.0,0.0,0.0,0.0,0,0
indexer-generic-sparse,Sparse indexer,Q-030,setup_configuration,R6350,0.2,0.0,-0.2,1.0,0.0,-1.0,1.0,0.0,-1.0,0.24630238874073,0.0,-0.24630238874073,0,1,0.1,0.2,0.1,1.0,1.0,0.0,1.0,1.0,0.0,0.24630238874073,0.2691828628414762,0.0228804741007462,1,0,0.13333333333333333,0.13333333333333333,0.0,1.0,1.0,0.0,1.0,1.0,0.0,0.3488355273589519,0.2691828628414762,-0.07965266451747571,1,0,0.1,0.15,0.04999999999999999,1.0,1.0,0.0,1.0,1.0,0.0,0.3488355273589519,0.3595083012618661,0.010672773902914212,1,0,0.12,0.12,0.0,1.0,1.0,0.0,1.0,1.0,0.0,0.4318873423807361,0.3595083012618661,-0.07237904111887,1,0,0.13333333333333333,0.13333333333333333,0.0,1.0,1.0,0.0,1.0,1.0,0.0,0.5139881386276461,0.4390658219332006,-0.07492231669444555,1,0,0.11428571428571428,0.11428571428571428,0.0,1.0,1.0,0.0,1.0,1.0,0.0,0.5139881386276461,0.4390658219332006,-0.07492231669444555,1,0,0.1,0.1,0.0,1.0,1.0,0.0,1.0,1.0,0.0,0.5139881386276461,0.4390658219332006,-0.07492231669444555,1,0,0.08888888888888889,0.08888888888888889,0.0,1.0,1.0,0.0,1.0,1.0,0.0,0.5139881386276461,0.4390658219332006,-0.07492231669444555,1,0,0.08,0.08,0.0,1.0,1.0,0.0,1.0,1.0,0.0,0.5139881386276461,0.4390658219332006,-0.07492231669444555,1,0,0.07272727272727272,0.07272727272727272,0.0,1.0,1.0,0.0,1.0,1.0,0.0,0.5139881386276461,0.4390658219332006,-0.07492231669444555,1,0,0.06666666666666667,0.06666666666666667,0.0,1.0,1.0,0.0,1.0,1.0,0.0,0.5139881386276461,0.4390658219332006,-0.07492231669444555,1,0
indexer-generic-sparse,Sparse indexer,Q-031,troubleshooting_diagnostics,R6350,0.0,0.0,0.0,0.0,0.0,0.0,0.0,0.0,0.0,0.0,0.0,0.0,0,0,0.0,0.0,0.0,0.0,0.0,0.0,0.0,0.0,0.0,0.0,0.0,0.0,0,0,0.0,0.0,0.0,0.0,0.0,0.0,0.0,0.0,0.0,0.0,0.0,0.0,0,0,0.0,0.0,0.0,0.0,0.0,0.0,0.0,0.0,0.0,0.0,0.0,0.0,0,0,0.0,0.0,0.0,0.0,0.0,0.0,0.0,0.0,0.0,0.0,0.0,0.0,0,0,0.0,0.0,0.0,0.0,0.0,0.0,0.0,0.0,0.0,0.0,0.0,0.0,0,0,0.0,0.0,0.0,0.0,0.0,0.0,0.0,0.0,0.0,0.0,0.0,0.0,0,0,0.0,0.0,0.0,0.0,0.0,0.0,0.0,0.0,0.0,0.0,0.0,0.0,0,0,0.0,0.0,0.0,0.0,0.0,0.0,0.0,0.0,0.0,0.0,0.0,0.0,0,0,0.0,0.0,0.0,0.0,0.0,0.0,0.0,0.0,0.0,0.0,0.0,0.0,0,0,0.0,0.0,0.0,0.0,0.0,0.0,0.0,0.0,0.0,0.0,0.0,0.0,0,0,0.0,0.0,0.0,0.0,0.0,0.0,0.0,0.0,0.0,0.0,0.0,0.0,0,0
indexer-generic-sparse,Sparse indexer,Q-032,facts_specifications,R7000,0.0,0.0,0.0,0.0,0.0,0.0,0.0,0.0,0.0,0.0,0.0,0.0,0,0,0.0,0.0,0.0,0.0,0.0,0.0,0.0,0.0,0.0,0.0,0.0,0.0,0,0,0.0,0.0,0.0,0.0,0.0,0.0,0.0,0.0,0.0,0.0,0.0,0.0,0,0,0.0,0.0,0.0,0.0,0.0,0.0,0.0,0.0,0.0,0.0,0.0,0.0,0,0,0.0,0.0,0.0,0.0,0.0,0.0,0.0,0.0,0.0,0.0,0.0,0.0,0,0,0.0,0.0,0.0,0.0,0.0,0.0,0.0,0.0,0.0,0.0,0.0,0.0,0,0,0.0,0.0,0.0,0.0,0.0,0.0,0.0,0.0,0.0,0.0,0.0,0.0,0,0,0.0,0.0,0.0,0.0,0.0,0.0,0.0,0.0,0.0,0.0,0.0,0.0,0,0,0.0,0.0,0.0,0.0,0.0,0.0,0.0,0.0,0.0,0.0,0.0,0.0,0,0,0.0,0.0,0.0,0.0,0.0,0.0,0.0,0.0,0.0,0.0,0.0,0.0,0,0,0.0,0.0,0.0,0.0,0.0,0.0,0.0,0.0,0.0,0.0,0.0,0.0,0,0,0.016666666666666666,0.0,-0.016666666666666666,1.0,0.0,-1.0,1.0,0.0,-1.0,0.16929380759878143,0.0,-0.16929380759878143,0,1
indexer-generic-sparse,Sparse indexer,Q-033,setup_configuration,R7000,0.0,0.0,0.0,0.0,0.0,0.0,0.0,0.0,0.0,0.0,0.0,0.0,0,0,0.0,0.0,0.0,0.0,0.0,0.0,0.0,0.0,0.0,0.0,0.0,0.0,0,0,0.0,0.0,0.0,0.0,0.0,0.0,0.0,0.0,0.0,0.0,0.0,0.0,0,0,0.0,0.05,0.05,0.0,1.0,1.0,0.0,1.0,1.0,0.0,0.24465054211822604,0.24465054211822604,0,1,0.0,0.04,0.04,0.0,1.0,1.0,0.0,1.0,1.0,0.0,0.24465054211822604,0.24465054211822604,0,1,0.0,0.03333333333333333,0.03333333333333333,0.0,1.0,1.0,0.0,1.0,1.0,0.0,0.24465054211822604,0.24465054211822604,0,1,0.0,0.02857142857142857,0.02857142857142857,0.0,1.0,1.0,0.0,1.0,1.0,0.0,0.24465054211822604,0.24465054211822604,0,1,0.0,0.025,0.025,0.0,1.0,1.0,0.0,1.0,1.0,0.0,0.24465054211822604,0.24465054211822604,0,1,0.0,0.022222222222222223,0.022222222222222223,0.0,1.0,1.0,0.0,1.0,1.0,0.0,0.24465054211822604,0.24465054211822604,0,1,0.0,0.02,0.02,0.0,1.0,1.0,0.0,1.0,1.0,0.0,0.24465054211822604,0.24465054211822604,0,1,0.0,0.01818181818181818,0.01818181818181818,0.0,1.0,1.0,0.0,1.0,1.0,0.0,0.24465054211822604,0.24465054211822604,0,1,0.0,0.016666666666666666,0.016666666666666666,0.0,1.0,1.0,0.0,1.0,1.0,0.0,0.24465054211822604,0.24465054211822604,0,1
indexer-generic-sparse,Sparse indexer,Q-034,setup_configuration,R7000,0.0,0.0,0.0,0.0,0.0,0.0,0.0,0.0,0.0,0.0,0.0,0.0,0,0,0.0,0.0,0.0,0.0,0.0,0.0,0.0,0.0,0.0,0.0,0.0,0.0,0,0,0.0,0.0,0.0,0.0,0.0,0.0,0.0,0.0,0.0,0.0,0.0,0.0,0,0,0.0,0.0,0.0,0.0,0.0,0.0,0.0,0.0,0.0,0.0,0.0,0.0,0,0,0.0,0.0,0.0,0.0,0.0,0.0,0.0,0.0,0.0,0.0,0.0,0.0,0,0,0.0,0.0,0.0,0.0,0.0,0.0,0.0,0.0,0.0,0.0,0.0,0.0,0,0,0.0,0.0,0.0,0.0,0.0,0.0,0.0,0.0,0.0,0.0,0.0,0.0,0,0,0.0,0.0,0.0,0.0,0.0,0.0,0.0,0.0,0.0,0.0,0.0,0.0,0,0,0.0,0.0,0.0,0.0,0.0,0.0,0.0,0.0,0.0,0.0,0.0,0.0,0,0,0.0,0.0,0.0,0.0,0.0,0.0,0.0,0.0,0.0,0.0,0.0,0.0,0,0,0.0,0.0,0.0,0.0,0.0,0.0,0.0,0.0,0.0,0.0,0.0,0.0,0,0,0.0,0.0,0.0,0.0,0.0,0.0,0.0,0.0,0.0,0.0,0.0,0.0,0,0
indexer-generic-sparse,Sparse indexer,Q-035,facts_specifications,R7000,0.0,0.0,0.0,0.0,0.0,0.0,0.0,0.0,0.0,0.0,0.0,0.0,0,0,0.1,0.0,-0.1,1.0,0.0,-1.0,1.0,0.0,-1.0,0.13565197343244778,0.0,-0.13565197343244778,0,1,0.06666666666666667,0.2,0.13333333333333336,1.0,1.0,0.0,1.0,1.0,0.0,0.13565197343244778,0.31692248392156447,0.1812705104891167,1,0,0.1,0.15,0.04999999999999999,1.0,1.0,0.0,1.0,1.0,0.0,0.24612436839154522,0.31692248392156447,0.07079811553001925,1,0,0.12,0.12,0.0,1.0,1.0,0.0,1.0,1.0,0.0,0.34717804164181904,0.31692248392156447,-0.030255557720254567,1,0,0.1,0.13333333333333333,0.033333333333333326,1.0,1.0,0.0,1.0,1.0,0.0,0.34717804164181904,0.3981272329616072,0.050949191319788145,1,0,0.08571428571428572,0.11428571428571428,0.028571428571428567,1.0,1.0,0.0,1.0,1.0,0.0,0.34717804164181904,0.3981272329616072,0.050949191319788145,1,0,0.075,0.1,0.02500000000000001,1.0,1.0,0.0,1.0,1.0,0.0,0.34717804164181904,0.3981272329616072,0.050949191319788145,1,0,0.06666666666666667,0.08888888888888889,0.022222222222222227,1.0,1.0,0.0,1.0,1.0,0.0,0.34717804164181904,0.3981272329616072,0.050949191319788145,1,0,0.06,0.08,0.020000000000000004,1.0,1.0,0.0,1.0,1.0,0.0,0.34717804164181904,0.3981272329616072,0.050949191319788145,1,0,0.05454545454545454,0.07272727272727272,0.01818181818181818,1.0,1.0,0.0,1.0,1.0,0.0,0.34717804164181904,0.3981272329616072,0.050949191319788145,1,0,0.05,0.06666666666666667,0.016666666666666663,1.0,1.0,0.0,1.0,1.0,0.0,0.34717804164181904,0.3981272329616072,0.050949191319788145,1,0
indexer-generic-sparse,Sparse indexer,Q-036,facts_specifications,R7000,0.0,0.0,0.0,0.0,0.0,0.0,0.0,0.0,0.0,0.0,0.0,0.0,0,0,0.0,0.0,0.0,0.0,0.0,0.0,0.0,0.0,0.0,0.0,0.0,0.0,0,0,0.0,0.0,0.0,0.0,0.0,0.0,0.0,0.0,0.0,0.0,0.0,0.0,0,0,0.0,0.0,0.0,0.0,0.0,0.0,0.0,0.0,0.0,0.0,0.0,0.0,0,0,0.0,0.0,0.0,0.0,0.0,0.0,0.0,0.0,0.0,0.0,0.0,0.0,0,0,0.0,0.0,0.0,0.0,0.0,0.0,0.0,0.0,0.0,0.0,0.0,0.0,0,0,0.0,0.0,0.0,0.0,0.0,0.0,0.0,0.0,0.0,0.0,0.0,0.0,0,0,0.0,0.0,0.0,0.0,0.0,0.0,0.0,0.0,0.0,0.0,0.0,0.0,0,0,0.0,0.0,0.0,0.0,0.0,0.0,0.0,0.0,0.0,0.0,0.0,0.0,0,0,0.0,0.0,0.0,0.0,0.0,0.0,0.0,0.0,0.0,0.0,0.0,0.0,0,0,0.0,0.0,0.0,0.0,0.0,0.0,0.0,0.0,0.0,0.0,0.0,0.0,0,0,0.0,0.0,0.0,0.0,0.0,0.0,0.0,0.0,0.0,0.0,0.0,0.0,0,0
indexer-generic-sparse,Sparse indexer,Q-037,features_security_maintenance_limitations,R7000,0.0,0.0,0.0,0.0,0.0,0.0,0.0,0.0,0.0,0.0,0.0,0.0,0,0,0.0,0.0,0.0,0.0,0.0,0.0,0.0,0.0,0.0,0.0,0.0,0.0,0,0,0.0,0.0,0.0,0.0,0.0,0.0,0.0,0.0,0.0,0.0,0.0,0.0,0,0,0.0,0.0,0.0,0.0,0.0,0.0,0.0,0.0,0.0,0.0,0.0,0.0,0,0,0.0,0.0,0.0,0.0,0.0,0.0,0.0,0.0,0.0,0.0,0.0,0.0,0,0,0.0,0.0,0.0,0.0,0.0,0.0,0.0,0.0,0.0,0.0,0.0,0.0,0,0,0.0,0.0,0.0,0.0,0.0,0.0,0.0,0.0,0.0,0.0,0.0,0.0,0,0,0.0,0.0,0.0,0.0,0.0,0.0,0.0,0.0,0.0,0.0,0.0,0.0,0,0,0.0,0.0,0.0,0.0,0.0,0.0,0.0,0.0,0.0,0.0,0.0,0.0,0,0,0.0,0.0,0.0,0.0,0.0,0.0,0.0,0.0,0.0,0.0,0.0,0.0,0,0,0.0,0.0,0.0,0.0,0.0,0.0,0.0,0.0,0.0,0.0,0.0,0.0,0,0,0.0,0.0,0.0,0.0,0.0,0.0,0.0,0.0,0.0,0.0,0.0,0.0,0,0
indexer-generic-sparse,Sparse indexer,Q-038,setup_configuration,R7000,0.0,0.0,0.0,0.0,0.0,0.0,0.0,0.0,0.0,0.0,0.0,0.0,0,0,0.0,0.0,0.0,0.0,0.0,0.0,0.0,0.0,0.0,0.0,0.0,0.0,0,0,0.0,0.0,0.0,0.0,0.0,0.0,0.0,0.0,0.0,0.0,0.0,0.0,0,0,0.05,0.0,-0.05,1.0,0.0,-1.0,1.0,0.0,-1.0,0.23137821315975915,0.0,-0.23137821315975915,0,1,0.04,0.0,-0.04,1.0,0.0,-1.0,1.0,0.0,-1.0,0.23137821315975915,0.0,-0.23137821315975915,0,1,0.03333333333333333,0.0,-0.03333333333333333,1.0,0.0,-1.0,1.0,0.0,-1.0,0.23137821315975915,0.0,-0.23137821315975915,0,1,0.02857142857142857,0.0,-0.02857142857142857,1.0,0.0,-1.0,1.0,0.0,-1.0,0.23137821315975915,0.0,-0.23137821315975915,0,1,0.025,0.0,-0.025,1.0,0.0,-1.0,1.0,0.0,-1.0,0.23137821315975915,0.0,-0.23137821315975915,0,1,0.022222222222222223,0.0,-0.022222222222222223,1.0,0.0,-1.0,1.0,0.0,-1.0,0.23137821315975915,0.0,-0.23137821315975915,0,1,0.02,0.0,-0.02,1.0,0.0,-1.0,1.0,0.0,-1.0,0.23137821315975915,0.0,-0.23137821315975915,0,1,0.01818181818181818,0.0,-0.01818181818181818,1.0,0.0,-1.0,1.0,0.0,-1.0,0.23137821315975915,0.0,-0.23137821315975915,0,1,0.016666666666666666,0.0,-0.016666666666666666,1.0,0.0,-1.0,1.0,0.0,-1.0,0.23137821315975915,0.0,-0.23137821315975915,0,1
indexer-generic-sparse,Sparse indexer,Q-039,features_security_maintenance_limitations,R7000,0.0,0.0,0.0,0.0,0.0,0.0,0.0,0.0,0.0,0.0,0.0,0.0,0,0,0.1,0.0,-0.1,1.0,0.0,-1.0,1.0,0.0,-1.0,0.20438239758848611,0.0,-0.20438239758848611,0,1,0.06666666666666667,0.0,-0.06666666666666667,1.0,0.0,-1.0,1.0,0.0,-1.0,0.20438239758848611,0.0,-0.20438239758848611,0,1,0.05,0.0,-0.05,1.0,0.0,-1.0,1.0,0.0,-1.0,0.20438239758848611,0.0,-0.20438239758848611,0,1,0.04,0.0,-0.04,1.0,0.0,-1.0,1.0,0.0,-1.0,0.20438239758848611,0.0,-0.20438239758848611,0,1,0.03333333333333333,0.0,-0.03333333333333333,1.0,0.0,-1.0,1.0,0.0,-1.0,0.20438239758848611,0.0,-0.20438239758848611,0,1,0.02857142857142857,0.0,-0.02857142857142857,1.0,0.0,-1.0,1.0,0.0,-1.0,0.20438239758848611,0.0,-0.20438239758848611,0,1,0.025,0.0,-0.025,1.0,0.0,-1.0,1.0,0.0,-1.0,0.20438239758848611,0.0,-0.20438239758848611,0,1,0.044444444444444446,0.0,-0.044444444444444446,1.0,0.0,-1.0,1.0,0.0,-1.0,0.31538815757513655,0.0,-0.31538815757513655,0,1,0.04,0.0,-0.04,1.0,0.0,-1.0,1.0,0.0,-1.0,0.31538815757513655,0.0,-0.31538815757513655,0,1,0.03636363636363636,0.0,-0.03636363636363636,1.0,0.0,-1.0,1.0,0.0,-1.0,0.31538815757513655,0.0,-0.31538815757513655,0,1,0.03333333333333333,0.0,-0.03333333333333333,1.0,0.0,-1.0,1.0,0.0,-1.0,0.31538815757513655,0.0,-0.31538815757513655,0,1
indexer-generic-sparse,Sparse indexer,Q-040,setup_configuration,R7000,0.4,0.0,-0.4,1.0,0.0,-1.0,1.0,0.0,-1.0,0.6509209298071326,0.0,-0.6509209298071326,0,1,0.2,0.0,-0.2,1.0,0.0,-1.0,1.0,0.0,-1.0,0.6509209298071326,0.0,-0.6509209298071326,0,1,0.13333333333333333,0.0,-0.13333333333333333,1.0,0.0,-1.0,1.0,0.0,-1.0,0.6509209298071326,0.0,-0.6509209298071326,0,1,0.1,0.0,-0.1,1.0,0.0,-1.0,1.0,0.0,-1.0,0.6509209298071326,0.0,-0.6509209298071326,0,1,0.08,0.0,-0.08,1.0,0.0,-1.0,1.0,0.0,-1.0,0.6509209298071326,0.0,-0.6509209298071326,0,1,0.06666666666666667,0.0,-0.06666666666666667,1.0,0.0,-1.0,1.0,0.0,-1.0,0.6509209298071326,0.0,-0.6509209298071326,0,1,0.05714285714285714,0.0,-0.05714285714285714,1.0,0.0,-1.0,1.0,0.0,-1.0,0.6509209298071326,0.0,-0.6509209298071326,0,1,0.05,0.0,-0.05,1.0,0.0,-1.0,1.0,0.0,-1.0,0.6509209298071326,0.0,-0.6509209298071326,0,1,0.044444444444444446,0.0,-0.044444444444444446,1.0,0.0,-1.0,1.0,0.0,-1.0,0.6509209298071326,0.0,-0.6509209298071326,0,1,0.04,0.0,-0.04,1.0,0.0,-1.0,1.0,0.0,-1.0,0.6509209298071326,0.0,-0.6509209298071326,0,1,0.03636363636363636,0.0,-0.03636363636363636,1.0,0.0,-1.0,1.0,0.0,-1.0,0.6509209298071326,0.0,-0.6509209298071326,0,1,0.03333333333333333,0.0,-0.03333333333333333,1.0,0.0,-1.0,1.0,0.0,-1.0,0.6509209298071326,0.0,-0.6509209298071326,0,1
indexer-generic-sparse,Sparse indexer,Q-041,setup_configuration,R7000,0.0,0.0,0.0,0.0,0.0,0.0,0.0,0.0,0.0,0.0,0.0,0.0,0,0,0.0,0.0,0.0,0.0,0.0,0.0,0.0,0.0,0.0,0.0,0.0,0.0,0,0,0.0,0.0,0.0,0.0,0.0,0.0,0.0,0.0,0.0,0.0,0.0,0.0,0,0,0.0,0.0,0.0,0.0,0.0,0.0,0.0,0.0,0.0,0.0,0.0,0.0,0,0,0.0,0.0,0.0,0.0,0.0,0.0,0.0,0.0,0.0,0.0,0.0,0.0,0,0,0.0,0.0,0.0,0.0,0.0,0.0,0.0,0.0,0.0,0.0,0.0,0.0,0,0,0.0,0.0,0.0,0.0,0.0,0.0,0.0,0.0,0.0,0.0,0.0,0.0,0,0,0.0,0.0,0.0,0.0,0.0,0.0,0.0,0.0,0.0,0.0,0.0,0.0,0,0,0.0,0.0,0.0,0.0,0.0,0.0,0.0,0.0,0.0,0.0,0.0,0.0,0,0,0.02,0.0,-0.02,1.0,0.0,-1.0,1.0,0.0,-1.0,0.1781035935540111,0.0,-0.1781035935540111,0,1,0.01818181818181818,0.0,-0.01818181818181818,1.0,0.0,-1.0,1.0,0.0,-1.0,0.1781035935540111,0.0,-0.1781035935540111,0,1,0.016666666666666666,0.0,-0.016666666666666666,1.0,0.0,-1.0,1.0,0.0,-1.0,0.1781035935540111,0.0,-0.1781035935540111,0,1
indexer-generic-sparse,Sparse indexer,Q-042,troubleshooting_diagnostics,R7000,0.0,0.0,0.0,0.0,0.0,0.0,0.0,0.0,0.0,0.0,0.0,0.0,0,0,0.0,0.0,0.0,0.0,0.0,0.0,0.0,0.0,0.0,0.0,0.0,0.0,0,0,0.0,0.0,0.0,0.0,0.0,0.0,0.0,0.0,0.0,0.0,0.0,0.0,0,0,0.0,0.0,0.0,0.0,0.0,0.0,0.0,0.0,0.0,0.0,0.0,0.0,0,0,0.0,0.0,0.0,0.0,0.0,0.0,0.0,0.0,0.0,0.0,0.0,0.0,0,0,0.0,0.0,0.0,0.0,0.0,0.0,0.0,0.0,0.0,0.0,0.0,0.0,0,0,0.0,0.0,0.0,0.0,0.0,0.0,0.0,0.0,0.0,0.0,0.0,0.0,0,0,0.0,0.0,0.0,0.0,0.0,0.0,0.0,0.0,0.0,0.0,0.0,0.0,0,0,0.0,0.0,0.0,0.0,0.0,0.0,0.0,0.0,0.0,0.0,0.0,0.0,0,0,0.0,0.0,0.0,0.0,0.0,0.0,0.0,0.0,0.0,0.0,0.0,0.0,0,0,0.0,0.0,0.0,0.0,0.0,0.0,0.0,0.0,0.0,0.0,0.0,0.0,0,0,0.0,0.0,0.0,0.0,0.0,0.0,0.0,0.0,0.0,0.0,0.0,0.0,0,0
indexer-generic-sparse,Sparse indexer,Q-043,troubleshooting_diagnostics,R7000,0.0,0.0,0.0,0.0,0.0,0.0,0.0,0.0,0.0,0.0,0.0,0.0,0,0,0.0,0.0,0.0,0.0,0.0,0.0,0.0,0.0,0.0,0.0,0.0,0.0,0,0,0.0,0.0,0.0,0.0,0.0,0.0,0.0,0.0,0.0,0.0,0.0,0.0,0,0,0.0,0.0,0.0,0.0,0.0,0.0,0.0,0.0,0.0,0.0,0.0,0.0,0,0,0.0,0.0,0.0,0.0,0.0,0.0,0.0,0.0,0.0,0.0,0.0,0.0,0,0,0.0,0.0,0.0,0.0,0.0,0.0,0.0,0.0,0.0,0.0,0.0,0.0,0,0,0.0,0.0,0.0,0.0,0.0,0.0,0.0,0.0,0.0,0.0,0.0,0.0,0,0,0.0,0.0,0.0,0.0,0.0,0.0,0.0,0.0,0.0,0.0,0.0,0.0,0,0,0.022222222222222223,0.0,-0.022222222222222223,1.0,0.0,-1.0,1.0,0.0,-1.0,0.1810425967800402,0.0,-0.1810425967800402,0,1,0.02,0.0,-0.02,1.0,0.0,-1.0,1.0,0.0,-1.0,0.1810425967800402,0.0,-0.1810425967800402,0,1,0.01818181818181818,0.0,-0.01818181818181818,1.0,0.0,-1.0,1.0,0.0,-1.0,0.1810425967800402,0.0,-0.1810425967800402,0,1,0.016666666666666666,0.0,-0.016666666666666666,1.0,0.0,-1.0,1.0,0.0,-1.0,0.1810425967800402,0.0,-0.1810425967800402,0,1
indexer-generic-sparse,Sparse indexer,Q-044,facts_specifications,RAX120,0.0,0.0,0.0,0.0,0.0,0.0,0.0,0.0,0.0,0.0,0.0,0.0,0,0,0.0,0.0,0.0,0.0,0.0,0.0,0.0,0.0,0.0,0.0,0.0,0.0,0,0,0.0,0.0,0.0,0.0,0.0,0.0,0.0,0.0,0.0,0.0,0.0,0.0,0,0,0.0,0.0,0.0,0.0,0.0,0.0,0.0,0.0,0.0,0.0,0.0,0.0,0,0,0.0,0.0,0.0,0.0,0.0,0.0,0.0,0.0,0.0,0.0,0.0,0.0,0,0,0.0,0.0,0.0,0.0,0.0,0.0,0.0,0.0,0.0,0.0,0.0,0.0,0,0,0.0,0.0,0.0,0.0,0.0,0.0,0.0,0.0,0.0,0.0,0.0,0.0,0,0,0.0,0.0,0.0,0.0,0.0,0.0,0.0,0.0,0.0,0.0,0.0,0.0,0,0,0.0,0.0,0.0,0.0,0.0,0.0,0.0,0.0,0.0,0.0,0.0,0.0,0,0,0.0,0.0,0.0,0.0,0.0,0.0,0.0,0.0,0.0,0.0,0.0,0.0,0,0,0.0,0.0,0.0,0.0,0.0,0.0,0.0,0.0,0.0,0.0,0.0,0.0,0,0,0.0,0.0,0.0,0.0,0.0,0.0,0.0,0.0,0.0,0.0,0.0,0.0,0,0
indexer-generic-sparse,Sparse indexer,Q-045,facts_specifications,RAX120,0.2,0.0,-0.2,1.0,0.0,-1.0,1.0,0.0,-1.0,0.5,0.0,-0.5,0,1,0.1,0.0,-0.1,1.0,0.0,-1.0,1.0,0.0,-1.0,0.5,0.0,-0.5,0,1,0.06666666666666667,0.0,-0.06666666666666667,1.0,0.0,-1.0,1.0,0.0,-1.0,0.5,0.0,-0.5,0,1,0.05,0.0,-0.05,1.0,0.0,-1.0,1.0,0.0,-1.0,0.5,0.0,-0.5,0,1,0.04,0.0,-0.04,1.0,0.0,-1.0,1.0,0.0,-1.0,0.5,0.0,-0.5,0,1,0.03333333333333333,0.0,-0.03333333333333333,1.0,0.0,-1.0,1.0,0.0,-1.0,0.5,0.0,-0.5,0,1,0.02857142857142857,0.0,-0.02857142857142857,1.0,0.0,-1.0,1.0,0.0,-1.0,0.5,0.0,-0.5,0,1,0.025,0.0,-0.025,1.0,0.0,-1.0,1.0,0.0,-1.0,0.5,0.0,-0.5,0,1,0.022222222222222223,0.0,-0.022222222222222223,1.0,0.0,-1.0,1.0,0.0,-1.0,0.5,0.0,-0.5,0,1,0.02,0.0,-0.02,1.0,0.0,-1.0,1.0,0.0,-1.0,0.5,0.0,-0.5,0,1,0.01818181818181818,0.0,-0.01818181818181818,1.0,0.0,-1.0,1.0,0.0,-1.0,0.5,0.0,-0.5,0,1,0.016666666666666666,0.0,-0.016666666666666666,1.0,0.0,-1.0,1.0,0.0,-1.0,0.5,0.0,-0.5,0,1
indexer-generic-sparse,Sparse indexer,Q-046,setup_configuration,RAX120,0.2,0.2,0.0,1.0,1.0,0.0,1.0,1.0,0.0,0.2960819109658652,0.2960819109658652,0.0,1,0,0.2,0.2,0.0,1.0,1.0,0.0,1.0,1.0,0.0,0.43734888382569426,0.43734888382569426,0.0,1,0,0.13333333333333333,0.13333333333333333,0.0,1.0,1.0,0.0,1.0,1.0,0.0,0.43734888382569426,0.43734888382569426,0.0,1,0,0.1,0.1,0.0,1.0,1.0,0.0,1.0,1.0,0.0,0.43734888382569426,0.43734888382569426,0.0,1,0,0.12,0.12,0.0,1.0,1.0,0.0,1.0,1.0,0.0,0.5371860808035857,0.542581739972989,0.005395659169403322,1,0,0.1,0.1,0.0,1.0,1.0,0.0,1.0,1.0,0.0,0.5371860808035857,0.542581739972989,0.005395659169403322,1,0,0.08571428571428572,0.08571428571428572,0.0,1.0,1.0,0.0,1.0,1.0,0.0,0.5371860808035857,0.542581739972989,0.005395659169403322,1,0,0.075,0.075,0.0,1.0,1.0,0.0,1.0,1.0,0.0,0.5371860808035857,0.542581739972989,0.005395659169403322,1,0,0.06666666666666667,0.06666666666666667,0.0,1.0,1.0,0.0,1.0,1.0,0.0,0.5371860808035857,0.542581739972989,0.005395659169403322,1,0,0.06,0.06,0.0,1.0,1.0,0.0,1.0,1.0,0.0,0.5371860808035857,0.542581739972989,0.005395659169403322,1,0,0.05454545454545454,0.05454545454545454,0.0,1.0,1.0,0.0,1.0,1.0,0.0,0.5371860808035857,0.542581739972989,0.005395659169403322,1,0,0.05,0.05,0.0,1.0,1.0,0.0,1.0,1.0,0.0,0.5371860808035857,0.542581739972989,0.005395659169403322,1,0
indexer-generic-sparse,Sparse indexer,Q-047,facts_specifications,RAX120,0.0,0.0,0.0,0.0,0.0,0.0,0.0,0.0,0.0,0.0,0.0,0.0,0,0,0.0,0.0,0.0,0.0,0.0,0.0,0.0,0.0,0.0,0.0,0.0,0.0,0,0,0.0,0.0,0.0,0.0,0.0,0.0,0.0,0.0,0.0,0.0,0.0,0.0,0,0,0.0,0.0,0.0,0.0,0.0,0.0,0.0,0.0,0.0,0.0,0.0,0.0,0,0,0.0,0.0,0.0,0.0,0.0,0.0,0.0,0.0,0.0,0.0,0.0,0.0,0,0,0.0,0.0,0.0,0.0,0.0,0.0,0.0,0.0,0.0,0.0,0.0,0.0,0,0,0.0,0.0,0.0,0.0,0.0,0.0,0.0,0.0,0.0,0.0,0.0,0.0,0,0,0.0,0.0,0.0,0.0,0.0,0.0,0.0,0.0,0.0,0.0,0.0,0.0,0,0,0.0,0.0,0.0,0.0,0.0,0.0,0.0,0.0,0.0,0.0,0.0,0.0,0,0,0.0,0.0,0.0,0.0,0.0,0.0,0.0,0.0,0.0,0.0,0.0,0.0,0,0,0.0,0.0,0.0,0.0,0.0,0.0,0.0,0.0,0.0,0.0,0.0,0.0,0,0,0.0,0.0,0.0,0.0,0.0,0.0,0.0,0.0,0.0,0.0,0.0,0.0,0,0
indexer-generic-sparse,Sparse indexer,Q-048,setup_configuration,RAX120,0.0,0.0,0.0,0.0,0.0,0.0,0.0,0.0,0.0,0.0,0.0,0.0,0,0,0.0,0.0,0.0,0.0,0.0,0.0,0.0,0.0,0.0,0.0,0.0,0.0,0,0,0.0,0.0,0.0,0.0,0.0,0.0,0.0,0.0,0.0,0.0,0.0,0.0,0,0,0.0,0.0,0.0,0.0,0.0,0.0,0.0,0.0,0.0,0.0,0.0,0.0,0,0,0.0,0.0,0.0,0.0,0.0,0.0,0.0,0.0,0.0,0.0,0.0,0.0,0,0,0.0,0.0,0.0,0.0,0.0,0.0,0.0,0.0,0.0,0.0,0.0,0.0,0,0,0.0,0.0,0.0,0.0,0.0,0.0,0.0,0.0,0.0,0.0,0.0,0.0,0,0,0.0,0.0,0.0,0.0,0.0,0.0,0.0,0.0,0.0,0.0,0.0,0.0,0,0,0.0,0.0,0.0,0.0,0.0,0.0,0.0,0.0,0.0,0.0,0.0,0.0,0,0,0.0,0.0,0.0,0.0,0.0,0.0,0.0,0.0,0.0,0.0,0.0,0.0,0,0,0.0,0.0,0.0,0.0,0.0,0.0,0.0,0.0,0.0,0.0,0.0,0.0,0,0,0.0,0.0,0.0,0.0,0.0,0.0,0.0,0.0,0.0,0.0,0.0,0.0,0,0
indexer-generic-sparse,Sparse indexer,Q-049,features_security_maintenance_limitations,RAX120,0.0,0.0,0.0,0.0,0.0,0.0,0.0,0.0,0.0,0.0,0.0,0.0,0,0,0.0,0.0,0.0,0.0,0.0,0.0,0.0,0.0,0.0,0.0,0.0,0.0,0,0,0.0,0.0,0.0,0.0,0.0,0.0,0.0,0.0,0.0,0.0,0.0,0.0,0,0,0.0,0.0,0.0,0.0,0.0,0.0,0.0,0.0,0.0,0.0,0.0,0.0,0,0,0.0,0.0,0.0,0.0,0.0,0.0,0.0,0.0,0.0,0.0,0.0,0.0,0,0,0.0,0.0,0.0,0.0,0.0,0.0,0.0,0.0,0.0,0.0,0.0,0.0,0,0,0.0,0.0,0.0,0.0,0.0,0.0,0.0,0.0,0.0,0.0,0.0,0.0,0,0,0.0,0.0,0.0,0.0,0.0,0.0,0.0,0.0,0.0,0.0,0.0,0.0,0,0,0.0,0.0,0.0,0.0,0.0,0.0,0.0,0.0,0.0,0.0,0.0,0.0,0,0,0.0,0.0,0.0,0.0,0.0,0.0,0.0,0.0,0.0,0.0,0.0,0.0,0,0,0.01818181818181818,0.0,-0.01818181818181818,1.0,0.0,-1.0,1.0,0.0,-1.0,0.17219543379409813,0.0,-0.17219543379409813,0,1,0.016666666666666666,0.0,-0.016666666666666666,1.0,0.0,-1.0,1.0,0.0,-1.0,0.17219543379409813,0.0,-0.17219543379409813,0,1
indexer-generic-sparse,Sparse indexer,Q-050,facts_specifications,RAX120,0.0,0.0,0.0,0.0,0.0,0.0,0.0,0.0,0.0,0.0,0.0,0.0,0,0,0.0,0.0,0.0,0.0,0.0,0.0,0.0,0.0,0.0,0.0,0.0,0.0,0,0,0.0,0.0,0.0,0.0,0.0,0.0,0.0,0.0,0.0,0.0,0.0,0.0,0,0,0.0,0.0,0.0,0.0,0.0,0.0,0.0,0.0,0.0,0.0,0.0,0.0,0,0,0.0,0.0,0.0,0.0,0.0,0.0,0.0,0.0,0.0,0.0,0.0,0.0,0,0,0.0,0.0,0.0,0.0,0.0,0.0,0.0,0.0,0.0,0.0,0.0,0.0,0,0,0.0,0.0,0.0,0.0,0.0,0.0,0.0,0.0,0.0,0.0,0.0,0.0,0,0,0.0,0.0,0.0,0.0,0.0,0.0,0.0,0.0,0.0,0.0,0.0,0.0,0,0,0.022222222222222223,0.0,-0.022222222222222223,1.0,0.0,-1.0,1.0,0.0,-1.0,0.18208790046993825,0.0,-0.18208790046993825,0,1,0.02,0.0,-0.02,1.0,0.0,-1.0,1.0,0.0,-1.0,0.18208790046993825,0.0,-0.18208790046993825,0,1,0.01818181818181818,0.0,-0.01818181818181818,1.0,0.0,-1.0,1.0,0.0,-1.0,0.18208790046993825,0.0,-0.18208790046993825,0,1,0.016666666666666666,0.016666666666666666,0.0,1.0,1.0,0.0,1.0,1.0,0.0,0.18208790046993825,0.17070727966372012,-0.011380620806218128,1,0
indexer-generic-sparse,Sparse indexer,Q-051,setup_configuration,RAX120,0.2,0.0,-0.2,1.0,0.0,-1.0,1.0,0.0,-1.0,0.3903800499921017,0.0,-0.3903800499921017,0,1,0.1,0.0,-0.1,1.0,0.0,-1.0,1.0,0.0,-1.0,0.3903800499921017,0.0,-0.3903800499921017,0,1,0.06666666666666667,0.0,-0.06666666666666667,1.0,0.0,-1.0,1.0,0.0,-1.0,0.3903800499921017,0.0,-0.3903800499921017,0,1,0.1,0.05,-0.05,1.0,1.0,0.0,1.0,1.0,0.0,0.48227899336075625,0.09189894336865458,-0.3903800499921017,1,0,0.08,0.04,-0.04,1.0,1.0,0.0,1.0,1.0,0.0,0.48227899336075625,0.09189894336865458,-0.3903800499921017,1,0,0.06666666666666667,0.03333333333333333,-0.03333333333333333,1.0,1.0,0.0,1.0,1.0,0.0,0.48227899336075625,0.09189894336865458,-0.3903800499921017,1,0,0.05714285714285714,0.05714285714285714,0.0,1.0,1.0,0.0,1.0,1.0,0.0,0.48227899336075625,0.1699749533670749,-0.31230403999368134,1,0,0.05,0.075,0.024999999999999994,1.0,1.0,0.0,1.0,1.0,0.0,0.48227899336075625,0.24491180807965568,-0.23736718528110057,1,0,0.06666666666666667,0.06666666666666667,0.0,1.0,1.0,0.0,1.0,1.0,0.0,0.5546745923926344,0.24491180807965568,-0.3097627843129787,1,0,0.06,0.06,0.0,1.0,1.0,0.0,1.0,1.0,0.0,0.5546745923926344,0.24491180807965568,-0.3097627843129787,1,0,0.07272727272727272,0.05454545454545454,-0.01818181818181818,1.0,1.0,0.0,1.0,1.0,0.0,0.6221985087957019,0.24491180807965568,-0.37728670071604625,1,0,0.06666666666666667,0.06666666666666667,0.0,1.0,1.0,0.0,1.0,1.0,0.0,0.6221985087957019,0.311839188682426,-0.31035932011327594,1,0
indexer-generic-sparse,Sparse indexer,Q-052,features_security_maintenance_limitations,RAX120,0.2,0.0,-0.2,1.0,0.0,-1.0,1.0,0.0,-1.0,0.3065735963827292,0.0,-0.3065735963827292,0,1,0.2,0.0,-0.2,1.0,0.0,-1.0,1.0,0.0,-1.0,0.4911492931622974,0.0,-0.4911492931622974,0,1,0.13333333333333333,0.0,-0.13333333333333333,1.0,0.0,-1.0,1.0,0.0,-1.0,0.4911492931622974,0.0,-0.4911492931622974,0,1,0.1,0.0,-0.1,1.0,0.0,-1.0,1.0,0.0,-1.0,0.4911492931622974,0.0,-0.4911492931622974,0,1,0.08,0.04,-0.04,1.0,1.0,0.0,1.0,1.0,0.0,0.4911492931622974,0.13203406128629544,-0.3591152318760019,1,0,0.06666666666666667,0.03333333333333333,-0.03333333333333333,1.0,1.0,0.0,1.0,1.0,0.0,0.4911492931622974,0.13203406128629544,-0.3591152318760019,1,0,0.05714285714285714,0.02857142857142857,-0.02857142857142857,1.0,1.0,0.0,1.0,1.0,0.0,0.4911492931622974,0.13203406128629544,-0.3591152318760019,1,0,0.05,0.05,0.0,1.0,1.0,0.0,1.0,1.0,0.0,0.4911492931622974,0.24973301158516842,-0.24141628157712897,1,0,0.044444444444444446,0.044444444444444446,0.0,1.0,1.0,0.0,1.0,1.0,0.0,0.4911492931622974,0.24973301158516842,-0.24141628157712897,1,0,0.04,0.04,0.0,1.0,1.0,0.0,1.0,1.0,0.0,0.4911492931622974,0.24973301158516842,-0.24141628157712897,1,0,0.03636363636363636,0.03636363636363636,0.0,1.0,1.0,0.0,1.0,1.0,0.0,0.4911492931622974,0.24973301158516842,-0.24141628157712897,1,0,0.03333333333333333,0.03333333333333333,0.0,1.0,1.0,0.0,1.0,1.0,0.0,0.4911492931622974,0.24973301158516842,-0.24141628157712897,1,0
indexer-generic-sparse,Sparse indexer,Q-053,facts_specifications,RAX120,0.0,0.0,0.0,0.0,0.0,0.0,0.0,0.0,0.0,0.0,0.0,0.0,0,0,0.0,0.0,0.0,0.0,0.0,0.0,0.0,0.0,0.0,0.0,0.0,0.0,0,0,0.06666666666666667,0.0,-0.06666666666666667,1.0,0.0,-1.0,1.0,0.0,-1.0,0.16569576576522954,0.0,-0.16569576576522954,0,1,0.05,0.0,-0.05,1.0,0.0,-1.0,1.0,0.0,-1.0,0.16569576576522954,0.0,-0.16569576576522954,0,1,0.04,0.0,-0.04,1.0,0.0,-1.0,1.0,0.0,-1.0,0.16569576576522954,0.0,-0.16569576576522954,0,1,0.06666666666666667,0.0,-0.06666666666666667,1.0,0.0,-1.0,1.0,0.0,-1.0,0.2906521267882778,0.0,-0.2906521267882778,0,1,0.05714285714285714,0.0,-0.05714285714285714,1.0,0.0,-1.0,1.0,0.0,-1.0,0.2906521267882778,0.0,-0.2906521267882778,0,1,0.05,0.0,-0.05,1.0,0.0,-1.0,1.0,0.0,-1.0,0.2906521267882778,0.0,-0.2906521267882778,0,1,0.044444444444444446,0.0,-0.044444444444444446,1.0,0.0,-1.0,1.0,0.0,-1.0,0.2906521267882778,0.0,-0.2906521267882778,0,1,0.04,0.0,-0.04,1.0,0.0,-1.0,1.0,0.0,-1.0,0.2906521267882778,0.0,-0.2906521267882778,0,1,0.03636363636363636,0.0,-0.03636363636363636,1.0,0.0,-1.0,1.0,0.0,-1.0,0.2906521267882778,0.0,-0.2906521267882778,0,1,0.03333333333333333,0.0,-0.03333333333333333,1.0,0.0,-1.0,1.0,0.0,-1.0,0.2906521267882778,0.0,-0.2906521267882778,0,1
indexer-generic-sparse,Sparse indexer,Q-054,troubleshooting_diagnostics,RAX120,0.0,0.0,0.0,0.0,0.0,0.0,0.0,0.0,0.0,0.0,0.0,0.0,0,0,0.0,0.0,0.0,0.0,0.0,0.0,0.0,0.0,0.0,0.0,0.0,0.0,0,0,0.0,0.0,0.0,0.0,0.0,0.0,0.0,0.0,0.0,0.0,0.0,0.0,0,0,0.0,0.0,0.0,0.0,0.0,0.0,0.0,0.0,0.0,0.0,0.0,0.0,0,0,0.0,0.0,0.0,0.0,0.0,0.0,0.0,0.0,0.0,0.0,0.0,0.0,0,0,0.0,0.0,0.0,0.0,0.0,0.0,0.0,0.0,0.0,0.0,0.0,0.0,0,0,0.0,0.0,0.0,0.0,0.0,0.0,0.0,0.0,0.0,0.0,0.0,0.0,0,0,0.0,0.0,0.0,0.0,0.0,0.0,0.0,0.0,0.0,0.0,0.0,0.0,0,0,0.0,0.0,0.0,0.0,0.0,0.0,0.0,0.0,0.0,0.0,0.0,0.0,0,0,0.0,0.0,0.0,0.0,0.0,0.0,0.0,0.0,0.0,0.0,0.0,0.0,0,0,0.0,0.0,0.0,0.0,0.0,0.0,0.0,0.0,0.0,0.0,0.0,0.0,0,0,0.0,0.0,0.0,0.0,0.0,0.0,0.0,0.0,0.0,0.0,0.0,0.0,0,0
indexer-generic-sparse,Sparse indexer,Q-055,facts_specifications,RAX120,0.0,0.0,0.0,0.0,0.0,0.0,0.0,0.0,0.0,0.0,0.0,0.0,0,0,0.0,0.0,0.0,0.0,0.0,0.0,0.0,0.0,0.0,0.0,0.0,0.0,0,0,0.0,0.0,0.0,0.0,0.0,0.0,0.0,0.0,0.0,0.0,0.0,0.0,0,0,0.0,0.0,0.0,0.0,0.0,0.0,0.0,0.0,0.0,0.0,0.0,0.0,0,0,0.0,0.0,0.0,0.0,0.0,0.0,0.0,0.0,0.0,0.0,0.0,0.0,0,0,0.03333333333333333,0.0,-0.03333333333333333,1.0,0.0,-1.0,1.0,0.0,-1.0,0.20584683246043448,0.0,-0.20584683246043448,0,1,0.02857142857142857,0.0,-0.02857142857142857,1.0,0.0,-1.0,1.0,0.0,-1.0,0.20584683246043448,0.0,-0.20584683246043448,0,1,0.025,0.0,-0.025,1.0,0.0,-1.0,1.0,0.0,-1.0,0.20584683246043448,0.0,-0.20584683246043448,0,1,0.022222222222222223,0.0,-0.022222222222222223,1.0,0.0,-1.0,1.0,0.0,-1.0,0.20584683246043448,0.0,-0.20584683246043448,0,1,0.02,0.0,-0.02,1.0,0.0,-1.0,1.0,0.0,-1.0,0.20584683246043448,0.0,-0.20584683246043448,0,1,0.01818181818181818,0.0,-0.01818181818181818,1.0,0.0,-1.0,1.0,0.0,-1.0,0.20584683246043448,0.0,-0.20584683246043448,0,1,0.016666666666666666,0.0,-0.016666666666666666,1.0,0.0,-1.0,1.0,0.0,-1.0,0.20584683246043448,0.0,-0.20584683246043448,0,1
indexer-generic-sparse,Sparse indexer,Q-056,troubleshooting_diagnostics,RAX50,0.0,0.0,0.0,0.0,0.0,0.0,0.0,0.0,0.0,0.0,0.0,0.0,0,0,0.0,0.0,0.0,0.0,0.0,0.0,0.0,0.0,0.0,0.0,0.0,0.0,0,0,0.0,0.0,0.0,0.0,0.0,0.0,0.0,0.0,0.0,0.0,0.0,0.0,0,0,0.0,0.0,0.0,0.0,0.0,0.0,0.0,0.0,0.0,0.0,0.0,0.0,0,0,0.0,0.0,0.0,0.0,0.0,0.0,0.0,0.0,0.0,0.0,0.0,0.0,0,0,0.03333333333333333,0.0,-0.03333333333333333,1.0,0.0,-1.0,1.0,0.0,-1.0,0.2103099178571525,0.0,-0.2103099178571525,0,1,0.02857142857142857,0.0,-0.02857142857142857,1.0,0.0,-1.0,1.0,0.0,-1.0,0.2103099178571525,0.0,-0.2103099178571525,0,1,0.025,0.0,-0.025,1.0,0.0,-1.0,1.0,0.0,-1.0,0.2103099178571525,0.0,-0.2103099178571525,0,1,0.022222222222222223,0.0,-0.022222222222222223,1.0,0.0,-1.0,1.0,0.0,-1.0,0.2103099178571525,0.0,-0.2103099178571525,0,1,0.02,0.0,-0.02,1.0,0.0,-1.0,1.0,0.0,-1.0,0.2103099178571525,0.0,-0.2103099178571525,0,1,0.01818181818181818,0.0,-0.01818181818181818,1.0,0.0,-1.0,1.0,0.0,-1.0,0.2103099178571525,0.0,-0.2103099178571525,0,1,0.016666666666666666,0.0,-0.016666666666666666,1.0,0.0,-1.0,1.0,0.0,-1.0,0.2103099178571525,0.0,-0.2103099178571525,0,1
indexer-generic-sparse,Sparse indexer,Q-057,setup_configuration,RAX50,0.0,0.0,0.0,0.0,0.0,0.0,0.0,0.0,0.0,0.0,0.0,0.0,0,0,0.0,0.0,0.0,0.0,0.0,0.0,0.0,0.0,0.0,0.0,0.0,0.0,0,0,0.0,0.0,0.0,0.0,0.0,0.0,0.0,0.0,0.0,0.0,0.0,0.0,0,0,0.0,0.0,0.0,0.0,0.0,0.0,0.0,0.0,0.0,0.0,0.0,0.0,0,0,0.0,0.0,0.0,0.0,0.0,0.0,0.0,0.0,0.0,0.0,0.0,0.0,0,0,0.0,0.0,0.0,0.0,0.0,0.0,0.0,0.0,0.0,0.0,0.0,0.0,0,0,0.0,0.0,0.0,0.0,0.0,0.0,0.0,0.0,0.0,0.0,0.0,0.0,0,0,0.0,0.0,0.0,0.0,0.0,0.0,0.0,0.0,0.0,0.0,0.0,0.0,0,0,0.0,0.0,0.0,0.0,0.0,0.0,0.0,0.0,0.0,0.0,0.0,0.0,0,0,0.0,0.0,0.0,0.0,0.0,0.0,0.0,0.0,0.0,0.0,0.0,0.0,0,0,0.0,0.0,0.0,0.0,0.0,0.0,0.0,0.0,0.0,0.0,0.0,0.0,0,0,0.0,0.0,0.0,0.0,0.0,0.0,0.0,0.0,0.0,0.0,0.0,0.0,0,0
indexer-generic-sparse,Sparse indexer,Q-058,facts_specifications,RAX50,0.0,0.0,0.0,0.0,0.0,0.0,0.0,0.0,0.0,0.0,0.0,0.0,0,0,0.0,0.0,0.0,0.0,0.0,0.0,0.0,0.0,0.0,0.0,0.0,0.0,0,0,0.0,0.0,0.0,0.0,0.0,0.0,0.0,0.0,0.0,0.0,0.0,0.0,0,0,0.0,0.0,0.0,0.0,0.0,0.0,0.0,0.0,0.0,0.0,0.0,0.0,0,0,0.0,0.0,0.0,0.0,0.0,0.0,0.0,0.0,0.0,0.0,0.0,0.0,0,0,0.0,0.0,0.0,0.0,0.0,0.0,0.0,0.0,0.0,0.0,0.0,0.0,0,0,0.0,0.0,0.0,0.0,0.0,0.0,0.0,0.0,0.0,0.0,0.0,0.0,0,0,0.0,0.0,0.0,0.0,0.0,0.0,0.0,0.0,0.0,0.0,0.0,0.0,0,0,0.0,0.0,0.0,0.0,0.0,0.0,0.0,0.0,0.0,0.0,0.0,0.0,0,0,0.0,0.0,0.0,0.0,0.0,0.0,0.0,0.0,0.0,0.0,0.0,0.0,0,0,0.0,0.0,0.0,0.0,0.0,0.0,0.0,0.0,0.0,0.0,0.0,0.0,0,0,0.0,0.016666666666666666,0.016666666666666666,0.0,1.0,1.0,0.0,1.0,1.0,0.0,0.16999161628691403,0.16999161628691403,0,1
indexer-generic-sparse,Sparse indexer,Q-059,troubleshooting_diagnostics,RAX50,0.0,0.0,0.0,0.0,0.0,0.0,0.0,0.0,0.0,0.0,0.0,0.0,0,0,0.0,0.0,0.0,0.0,0.0,0.0,0.0,0.0,0.0,0.0,0.0,0.0,0,0,0.0,0.0,0.0,0.0,0.0,0.0,0.0,0.0,0.0,0.0,0.0,0.0,0,0,0.0,0.0,0.0,0.0,0.0,0.0,0.0,0.0,0.0,0.0,0.0,0.0,0,0,0.0,0.0,0.0,0.0,0.0,0.0,0.0,0.0,0.0,0.0,0.0,0.0,0,0,0.0,0.0,0.0,0.0,0.0,0.0,0.0,0.0,0.0,0.0,0.0,0.0,0,0,0.0,0.0,0.0,0.0,0.0,0.0,0.0,0.0,0.0,0.0,0.0,0.0,0,0,0.0,0.0,0.0,0.0,0.0,0.0,0.0,0.0,0.0,0.0,0.0,0.0,0,0,0.0,0.0,0.0,0.0,0.0,0.0,0.0,0.0,0.0,0.0,0.0,0.0,0,0,0.0,0.0,0.0,0.0,0.0,0.0,0.0,0.0,0.0,0.0,0.0,0.0,0,0,0.0,0.0,0.0,0.0,0.0,0.0,0.0,0.0,0.0,0.0,0.0,0.0,0,0,0.0,0.0,0.0,0.0,0.0,0.0,0.0,0.0,0.0,0.0,0.0,0.0,0,0
indexer-generic-sparse,Sparse indexer,Q-060,features_security_maintenance_limitations,RAX50,0.0,0.0,0.0,0.0,0.0,0.0,0.0,0.0,0.0,0.0,0.0,0.0,0,0,0.0,0.0,0.0,0.0,0.0,0.0,0.0,0.0,0.0,0.0,0.0,0.0,0,0,0.0,0.0,0.0,0.0,0.0,0.0,0.0,0.0,0.0,0.0,0.0,0.0,0,0,0.0,0.0,0.0,0.0,0.0,0.0,0.0,0.0,0.0,0.0,0.0,0.0,0,0,0.0,0.0,0.0,0.0,0.0,0.0,0.0,0.0,0.0,0.0,0.0,0.0,0,0,0.0,0.0,0.0,0.0,0.0,0.0,0.0,0.0,0.0,0.0,0.0,0.0,0,0,0.0,0.0,0.0,0.0,0.0,0.0,0.0,0.0,0.0,0.0,0.0,0.0,0,0,0.0,0.0,0.0,0.0,0.0,0.0,0.0,0.0,0.0,0.0,0.0,0.0,0,0,0.0,0.0,0.0,0.0,0.0,0.0,0.0,0.0,0.0,0.0,0.0,0.0,0,0,0.0,0.0,0.0,0.0,0.0,0.0,0.0,0.0,0.0,0.0,0.0,0.0,0,0,0.0,0.0,0.0,0.0,0.0,0.0,0.0,0.0,0.0,0.0,0.0,0.0,0,0,0.0,0.0,0.0,0.0,0.0,0.0,0.0,0.0,0.0,0.0,0.0,0.0,0,0
indexer-generic-sparse,Sparse indexer,Q-061,troubleshooting_diagnostics,RAX50,0.0,0.0,0.0,0.0,0.0,0.0,0.0,0.0,0.0,0.0,0.0,0.0,0,0,0.0,0.0,0.0,0.0,0.0,0.0,0.0,0.0,0.0,0.0,0.0,0.0,0,0,0.0,0.0,0.0,0.0,0.0,0.0,0.0,0.0,0.0,0.0,0.0,0.0,0,0,0.0,0.0,0.0,0.0,0.0,0.0,0.0,0.0,0.0,0.0,0.0,0.0,0,0,0.0,0.0,0.0,0.0,0.0,0.0,0.0,0.0,0.0,0.0,0.0,0.0,0,0,0.0,0.0,0.0,0.0,0.0,0.0,0.0,0.0,0.0,0.0,0.0,0.0,0,0,0.0,0.0,0.0,0.0,0.0,0.0,0.0,0.0,0.0,0.0,0.0,0.0,0,0,0.025,0.0,-0.025,1.0,0.0,-1.0,1.0,0.0,-1.0,0.18920035951687003,0.0,-0.18920035951687003,0,1,0.022222222222222223,0.0,-0.022222222222222223,1.0,0.0,-1.0,1.0,0.0,-1.0,0.18920035951687003,0.0,-0.18920035951687003,0,1,0.02,0.0,-0.02,1.0,0.0,-1.0,1.0,0.0,-1.0,0.18920035951687003,0.0,-0.18920035951687003,0,1,0.01818181818181818,0.0,-0.01818181818181818,1.0,0.0,-1.0,1.0,0.0,-1.0,0.18920035951687003,0.0,-0.18920035951687003,0,1,0.016666666666666666,0.0,-0.016666666666666666,1.0,0.0,-1.0,1.0,0.0,-1.0,0.18920035951687003,0.0,-0.18920035951687003,0,1
indexer-generic-sparse,Sparse indexer,Q-062,troubleshooting_diagnostics,RAX50,0.0,0.0,0.0,0.0,0.0,0.0,0.0,0.0,0.0,0.0,0.0,0.0,0,0,0.0,0.0,0.0,0.0,0.0,0.0,0.0,0.0,0.0,0.0,0.0,0.0,0,0,0.0,0.0,0.0,0.0,0.0,0.0,0.0,0.0,0.0,0.0,0.0,0.0,0,0,0.05,0.0,-0.05,1.0,0.0,-1.0,1.0,0.0,-1.0,0.11047239495909743,0.0,-0.11047239495909743,0,1,0.04,0.0,-0.04,1.0,0.0,-1.0,1.0,0.0,-1.0,0.11047239495909743,0.0,-0.11047239495909743,0,1,0.03333333333333333,0.0,-0.03333333333333333,1.0,0.0,-1.0,1.0,0.0,-1.0,0.11047239495909743,0.0,-0.11047239495909743,0,1,0.05714285714285714,0.0,-0.05714285714285714,1.0,0.0,-1.0,1.0,0.0,-1.0,0.2012432912277738,0.0,-0.2012432912277738,0,1,0.05,0.0,-0.05,1.0,0.0,-1.0,1.0,0.0,-1.0,0.2012432912277738,0.0,-0.2012432912277738,0,1,0.044444444444444446,0.0,-0.044444444444444446,1.0,0.0,-1.0,1.0,0.0,-1.0,0.2012432912277738,0.0,-0.2012432912277738,0,1,0.04,0.0,-0.04,1.0,0.0,-1.0,1.0,0.0,-1.0,0.2012432912277738,0.0,-0.2012432912277738,0,1,0.03636363636363636,0.0,-0.03636363636363636,1.0,0.0,-1.0,1.0,0.0,-1.0,0.2012432912277738,0.0,-0.2012432912277738,0,1,0.05,0.0,-0.05,1.0,0.0,-1.0,1.0,0.0,-1.0,0.28169718713240216,0.0,-0.28169718713240216,0,1
indexer-generic-sparse,Sparse indexer,Q-063,facts_specifications,RAX50,0.0,0.0,0.0,0.0,0.0,0.0,0.0,0.0,0.0,0.0,0.0,0.0,0,0,0.1,0.0,-0.1,1.0,0.0,-1.0,1.0,0.0,-1.0,0.31546487678572877,0.0,-0.31546487678572877,0,1,0.06666666666666667,0.0,-0.06666666666666667,1.0,0.0,-1.0,1.0,0.0,-1.0,0.31546487678572877,0.0,-0.31546487678572877,0,1,0.05,0.0,-0.05,1.0,0.0,-1.0,1.0,0.0,-1.0,0.31546487678572877,0.0,-0.31546487678572877,0,1,0.04,0.0,-0.04,1.0,0.0,-1.0,1.0,0.0,-1.0,0.31546487678572877,0.0,-0.31546487678572877,0,1,0.03333333333333333,0.0,-0.03333333333333333,1.0,0.0,-1.0,1.0,0.0,-1.0,0.31546487678572877,0.0,-0.31546487678572877,0,1,0.02857142857142857,0.0,-0.02857142857142857,1.0,0.0,-1.0,1.0,0.0,-1.0,0.31546487678572877,0.0,-0.31546487678572877,0,1,0.025,0.025,0.0,1.0,1.0,0.0,1.0,1.0,0.0,0.31546487678572877,0.19195872000656014,-0.12350615677916862,1,0,0.022222222222222223,0.022222222222222223,0.0,1.0,1.0,0.0,1.0,1.0,0.0,0.31546487678572877,0.19195872000656014,-0.12350615677916862,1,0,0.02,0.02,0.0,1.0,1.0,0.0,1.0,1.0,0.0,0.31546487678572877,0.19195872000656014,-0.12350615677916862,1,0,0.01818181818181818,0.01818181818181818,0.0,1.0,1.0,0.0,1.0,1.0,0.0,0.31546487678572877,0.19195872000656014,-0.12350615677916862,1,0,0.016666666666666666,0.016666666666666666,0.0,1.0,1.0,0.0,1.0,1.0,0.0,0.31546487678572877,0.19195872000656014,-0.12350615677916862,1,0
indexer-generic-sparse,Sparse indexer,Q-064,features_security_maintenance_limitations,RAX50,0.0,0.0,0.0,0.0,0.0,0.0,0.0,0.0,0.0,0.0,0.0,0.0,0,0,0.1,0.0,-0.1,1.0,0.0,-1.0,1.0,0.0,-1.0,0.19342640361727081,0.0,-0.19342640361727081,0,1,0.13333333333333333,0.0,-0.13333333333333333,1.0,0.0,-1.0,1.0,0.0,-1.0,0.3591221693825003,0.0,-0.3591221693825003,0,1,0.1,0.0,-0.1,1.0,0.0,-1.0,1.0,0.0,-1.0,0.3591221693825003,0.0,-0.3591221693825003,0,1,0.08,0.0,-0.08,1.0,0.0,-1.0,1.0,0.0,-1.0,0.3591221693825003,0.0,-0.3591221693825003,0,1,0.06666666666666667,0.03333333333333333,-0.03333333333333333,1.0,1.0,0.0,1.0,1.0,0.0,0.3591221693825003,0.20584683246043448,-0.15327533692206582,1,0,0.05714285714285714,0.02857142857142857,-0.02857142857142857,1.0,1.0,0.0,1.0,1.0,0.0,0.3591221693825003,0.20584683246043448,-0.15327533692206582,1,0,0.05,0.025,-0.025,1.0,1.0,0.0,1.0,1.0,0.0,0.3591221693825003,0.20584683246043448,-0.15327533692206582,1,0,0.044444444444444446,0.022222222222222223,-0.022222222222222223,1.0,1.0,0.0,1.0,1.0,0.0,0.3591221693825003,0.20584683246043448,-0.15327533692206582,1,0,0.04,0.02,-0.02,1.0,1.0,0.0,1.0,1.0,0.0,0.3591221693825003,0.20584683246043448,-0.15327533692206582,1,0,0.03636363636363636,0.01818181818181818,-0.01818181818181818,1.0,1.0,0.0,1.0,1.0,0.0,0.3591221693825003,0.20584683246043448,-0.15327533692206582,1,0,0.03333333333333333,0.016666666666666666,-0.016666666666666666,1.0,1.0,0.0,1.0,1.0,0.0,0.3591221693825003,0.20584683246043448,-0.15327533692206582,1,0
indexer-generic-sparse,Sparse indexer,Q-065,troubleshooting_diagnostics,RAX50,0.0,0.0,0.0,0.0,0.0,0.0,0.0,0.0,0.0,0.0,0.0,0.0,0,0,0.0,0.0,0.0,0.0,0.0,0.0,0.0,0.0,0.0,0.0,0.0,0.0,0,0,0.0,0.0,0.0,0.0,0.0,0.0,0.0,0.0,0.0,0.0,0.0,0.0,0,0,0.0,0.0,0.0,0.0,0.0,0.0,0.0,0.0,0.0,0.0,0.0,0.0,0,0,0.0,0.0,0.0,0.0,0.0,0.0,0.0,0.0,0.0,0.0,0.0,0.0,0,0,0.0,0.0,0.0,0.0,0.0,0.0,0.0,0.0,0.0,0.0,0.0,0.0,0,0,0.0,0.0,0.0,0.0,0.0,0.0,0.0,0.0,0.0,0.0,0.0,0.0,0,0,0.0,0.0,0.0,0.0,0.0,0.0,0.0,0.0,0.0,0.0,0.0,0.0,0,0,0.0,0.0,0.0,0.0,0.0,0.0,0.0,0.0,0.0,0.0,0.0,0.0,0,0,0.0,0.0,0.0,0.0,0.0,0.0,0.0,0.0,0.0,0.0,0.0,0.0,0,0,0.0,0.0,0.0,0.0,0.0,0.0,0.0,0.0,0.0,0.0,0.0,0.0,0,0,0.0,0.0,0.0,0.0,0.0,0.0,0.0,0.0,0.0,0.0,0.0,0.0,0,0
indexer-generic-sparse,Sparse indexer,Q-066,troubleshooting_diagnostics,RAX50,0.0,0.0,0.0,0.0,0.0,0.0,0.0,0.0,0.0,0.0,0.0,0.0,0,0,0.0,0.0,0.0,0.0,0.0,0.0,0.0,0.0,0.0,0.0,0.0,0.0,0,0,0.0,0.0,0.0,0.0,0.0,0.0,0.0,0.0,0.0,0.0,0.0,0.0,0,0,0.0,0.0,0.0,0.0,0.0,0.0,0.0,0.0,0.0,0.0,0.0,0.0,0,0,0.0,0.0,0.0,0.0,0.0,0.0,0.0,0.0,0.0,0.0,0.0,0.0,0,0,0.0,0.0,0.0,0.0,0.0,0.0,0.0,0.0,0.0,0.0,0.0,0.0,0,0,0.0,0.0,0.0,0.0,0.0,0.0,0.0,0.0,0.0,0.0,0.0,0.0,0,0,0.0,0.0,0.0,0.0,0.0,0.0,0.0,0.0,0.0,0.0,0.0,0.0,0,0,0.0,0.0,0.0,0.0,0.0,0.0,0.0,0.0,0.0,0.0,0.0,0.0,0,0,0.0,0.0,0.0,0.0,0.0,0.0,0.0,0.0,0.0,0.0,0.0,0.0,0,0,0.0,0.0,0.0,0.0,0.0,0.0,0.0,0.0,0.0,0.0,0.0,0.0,0,0,0.0,0.0,0.0,0.0,0.0,0.0,0.0,0.0,0.0,0.0,0.0,0.0,0,0
indexer-generic-sparse,Sparse indexer,Q-067,setup_configuration,RAXE500,0.0,0.0,0.0,0.0,0.0,0.0,0.0,0.0,0.0,0.0,0.0,0.0,0,0,0.0,0.0,0.0,0.0,0.0,0.0,0.0,0.0,0.0,0.0,0.0,0.0,0,0,0.0,0.0,0.0,0.0,0.0,0.0,0.0,0.0,0.0,0.0,0.0,0.0,0,0,0.0,0.0,0.0,0.0,0.0,0.0,0.0,0.0,0.0,0.0,0.0,0.0,0,0,0.0,0.0,0.0,0.0,0.0,0.0,0.0,0.0,0.0,0.0,0.0,0.0,0,0,0.0,0.0,0.0,0.0,0.0,0.0,0.0,0.0,0.0,0.0,0.0,0.0,0,0,0.0,0.0,0.0,0.0,0.0,0.0,0.0,0.0,0.0,0.0,0.0,0.0,0,0,0.0,0.0,0.0,0.0,0.0,0.0,0.0,0.0,0.0,0.0,0.0,0.0,0,0,0.0,0.0,0.0,0.0,0.0,0.0,0.0,0.0,0.0,0.0,0.0,0.0,0,0,0.0,0.0,0.0,0.0,0.0,0.0,0.0,0.0,0.0,0.0,0.0,0.0,0,0,0.01818181818181818,0.0,-0.01818181818181818,1.0,0.0,-1.0,1.0,0.0,-1.0,0.17376534287144002,0.0,-0.17376534287144002,0,1,0.016666666666666666,0.0,-0.016666666666666666,1.0,0.0,-1.0,1.0,0.0,-1.0,0.17376534287144002,0.0,-0.17376534287144002,0,1
indexer-generic-sparse,Sparse indexer,Q-068,troubleshooting_diagnostics,RAXE500,0.0,0.0,0.0,0.0,0.0,0.0,0.0,0.0,0.0,0.0,0.0,0.0,0,0,0.0,0.0,0.0,0.0,0.0,0.0,0.0,0.0,0.0,0.0,0.0,0.0,0,0,0.0,0.0,0.0,0.0,0.0,0.0,0.0,0.0,0.0,0.0,0.0,0.0,0,0,0.05,0.0,-0.05,1.0,0.0,-1.0,1.0,0.0,-1.0,0.14704034066641014,0.0,-0.14704034066641014,0,1,0.08,0.0,-0.08,1.0,0.0,-1.0,1.0,0.0,-1.0,0.27907440195270555,0.0,-0.27907440195270555,0,1,0.06666666666666667,0.0,-0.06666666666666667,1.0,0.0,-1.0,1.0,0.0,-1.0,0.27907440195270555,0.0,-0.27907440195270555,0,1,0.05714285714285714,0.0,-0.05714285714285714,1.0,0.0,-1.0,1.0,0.0,-1.0,0.27907440195270555,0.0,-0.27907440195270555,0,1,0.05,0.0,-0.05,1.0,0.0,-1.0,1.0,0.0,-1.0,0.27907440195270555,0.0,-0.27907440195270555,0,1,0.044444444444444446,0.0,-0.044444444444444446,1.0,0.0,-1.0,1.0,0.0,-1.0,0.27907440195270555,0.0,-0.27907440195270555,0,1,0.04,0.0,-0.04,1.0,0.0,-1.0,1.0,0.0,-1.0,0.27907440195270555,0.0,-0.27907440195270555,0,1,0.03636363636363636,0.0,-0.03636363636363636,1.0,0.0,-1.0,1.0,0.0,-1.0,0.27907440195270555,0.0,-0.27907440195270555,0,1,0.03333333333333333,0.0,-0.03333333333333333,1.0,0.0,-1.0,1.0,0.0,-1.0,0.27907440195270555,0.0,-0.27907440195270555,0,1
indexer-generic-sparse,Sparse indexer,Q-069,facts_specifications,RAXE500,0.0,0.0,0.0,0.0,0.0,0.0,0.0,0.0,0.0,0.0,0.0,0.0,0,0,0.1,0.0,-0.1,1.0,0.0,-1.0,1.0,0.0,-1.0,0.13565197343244778,0.0,-0.13565197343244778,0,1,0.06666666666666667,0.0,-0.06666666666666667,1.0,0.0,-1.0,1.0,0.0,-1.0,0.13565197343244778,0.0,-0.13565197343244778,0,1,0.05,0.0,-0.05,1.0,0.0,-1.0,1.0,0.0,-1.0,0.13565197343244778,0.0,-0.13565197343244778,0,1,0.04,0.0,-0.04,1.0,0.0,-1.0,1.0,0.0,-1.0,0.13565197343244778,0.0,-0.13565197343244778,0,1,0.06666666666666667,0.0,-0.06666666666666667,1.0,0.0,-1.0,1.0,0.0,-1.0,0.2332687988242164,0.0,-0.2332687988242164,0,1,0.05714285714285714,0.0,-0.05714285714285714,1.0,0.0,-1.0,1.0,0.0,-1.0,0.2332687988242164,0.0,-0.2332687988242164,0,1,0.075,0.0,-0.075,1.0,0.0,-1.0,1.0,0.0,-1.0,0.32335094239785395,0.0,-0.32335094239785395,0,1,0.06666666666666667,0.0,-0.06666666666666667,1.0,0.0,-1.0,1.0,0.0,-1.0,0.32335094239785395,0.0,-0.32335094239785395,0,1,0.06,0.0,-0.06,1.0,0.0,-1.0,1.0,0.0,-1.0,0.32335094239785395,0.0,-0.32335094239785395,0,1,0.05454545454545454,0.0,-0.05454545454545454,1.0,0.0,-1.0,1.0,0.0,-1.0,0.32335094239785395,0.0,-0.32335094239785395,0,1,0.05,0.0,-0.05,1.0,0.0,-1.0,1.0,0.0,-1.0,0.32335094239785395,0.0,-0.32335094239785395,0,1
indexer-generic-sparse,Sparse indexer,Q-070,setup_configuration,RAXE500,0.0,0.0,0.0,0.0,0.0,0.0,0.0,0.0,0.0,0.0,0.0,0.0,0,0,0.0,0.0,0.0,0.0,0.0,0.0,0.0,0.0,0.0,0.0,0.0,0.0,0,0,0.0,0.0,0.0,0.0,0.0,0.0,0.0,0.0,0.0,0.0,0.0,0.0,0,0,0.0,0.0,0.0,0.0,0.0,0.0,0.0,0.0,0.0,0.0,0.0,0.0,0,0,0.0,0.0,0.0,0.0,0.0,0.0,0.0,0.0,0.0,0.0,0.0,0.0,0,0,0.0,0.0,0.0,0.0,0.0,0.0,0.0,0.0,0.0,0.0,0.0,0.0,0,0,0.0,0.0,0.0,0.0,0.0,0.0,0.0,0.0,0.0,0.0,0.0,0.0,0,0,0.0,0.0,0.0,0.0,0.0,0.0,0.0,0.0,0.0,0.0,0.0,0.0,0,0,0.0,0.0,0.0,0.0,0.0,0.0,0.0,0.0,0.0,0.0,0.0,0.0,0,0,0.0,0.0,0.0,0.0,0.0,0.0,0.0,0.0,0.0,0.0,0.0,0.0,0,0,0.0,0.0,0.0,0.0,0.0,0.0,0.0,0.0,0.0,0.0,0.0,0.0,0,0,0.0,0.0,0.0,0.0,0.0,0.0,0.0,0.0,0.0,0.0,0.0,0.0,0,0
indexer-generic-sparse,Sparse indexer,Q-071,features_security_maintenance_limitations,RAXE500,0.0,0.0,0.0,0.0,0.0,0.0,0.0,0.0,0.0,0.0,0.0,0.0,0,0,0.0,0.0,0.0,0.0,0.0,0.0,0.0,0.0,0.0,0.0,0.0,0.0,0,0,0.0,0.0,0.0,0.0,0.0,0.0,0.0,0.0,0.0,0.0,0.0,0.0,0,0,0.0,0.0,0.0,0.0,0.0,0.0,0.0,0.0,0.0,0.0,0.0,0.0,0,0,0.0,0.0,0.0,0.0,0.0,0.0,0.0,0.0,0.0,0.0,0.0,0.0,0,0,0.0,0.0,0.0,0.0,0.0,0.0,0.0,0.0,0.0,0.0,0.0,0.0,0,0,0.0,0.0,0.0,0.0,0.0,0.0,0.0,0.0,0.0,0.0,0.0,0.0,0,0,0.0,0.0,0.0,0.0,0.0,0.0,0.0,0.0,0.0,0.0,0.0,0.0,0,0,0.0,0.0,0.0,0.0,0.0,0.0,0.0,0.0,0.0,0.0,0.0,0.0,0,0,0.0,0.0,0.0,0.0,0.0,0.0,0.0,0.0,0.0,0.0,0.0,0.0,0,0,0.0,0.0,0.0,0.0,0.0,0.0,0.0,0.0,0.0,0.0,0.0,0.0,0,0,0.0,0.0,0.0,0.0,0.0,0.0,0.0,0.0,0.0,0.0,0.0,0.0,0,0
indexer-generic-sparse,Sparse indexer,Q-072,facts_specifications,RAXE500,0.0,0.0,0.0,0.0,0.0,0.0,0.0,0.0,0.0,0.0,0.0,0.0,0,0,0.0,0.0,0.0,0.0,0.0,0.0,0.0,0.0,0.0,0.0,0.0,0.0,0,0,0.0,0.0,0.0,0.0,0.0,0.0,0.0,0.0,0.0,0.0,0.0,0.0,0,0,0.0,0.0,0.0,0.0,0.0,0.0,0.0,0.0,0.0,0.0,0.0,0.0,0,0,0.0,0.0,0.0,0.0,0.0,0.0,0.0,0.0,0.0,0.0,0.0,0.0,0,0,0.0,0.0,0.0,0.0,0.0,0.0,0.0,0.0,0.0,0.0,0.0,0.0,0,0,0.0,0.0,0.0,0.0,0.0,0.0,0.0,0.0,0.0,0.0,0.0,0.0,0,0,0.0,0.0,0.0,0.0,0.0,0.0,0.0,0.0,0.0,0.0,0.0,0.0,0,0,0.0,0.0,0.0,0.0,0.0,0.0,0.0,0.0,0.0,0.0,0.0,0.0,0,0,0.0,0.0,0.0,0.0,0.0,0.0,0.0,0.0,0.0,0.0,0.0,0.0,0,0,0.0,0.0,0.0,0.0,0.0,0.0,0.0,0.0,0.0,0.0,0.0,0.0,0,0,0.0,0.0,0.0,0.0,0.0,0.0,0.0,0.0,0.0,0.0,0.0,0.0,0,0
indexer-generic-sparse,Sparse indexer,Q-073,facts_specifications,RAXE500,0.0,0.0,0.0,0.0,0.0,0.0,0.0,0.0,0.0,0.0,0.0,0.0,0,0,0.1,0.0,-0.1,1.0,0.0,-1.0,1.0,0.0,-1.0,0.31546487678572877,0.0,-0.31546487678572877,0,1,0.06666666666666667,0.0,-0.06666666666666667,1.0,0.0,-1.0,1.0,0.0,-1.0,0.31546487678572877,0.0,-0.31546487678572877,0,1,0.05,0.0,-0.05,1.0,0.0,-1.0,1.0,0.0,-1.0,0.31546487678572877,0.0,-0.31546487678572877,0,1,0.04,0.04,0.0,1.0,1.0,0.0,1.0,1.0,0.0,0.31546487678572877,0.13373003436102654,-0.18173484242470223,1,0,0.03333333333333333,0.03333333333333333,0.0,1.0,1.0,0.0,1.0,1.0,0.0,0.31546487678572877,0.13373003436102654,-0.18173484242470223,1,0,0.02857142857142857,0.02857142857142857,0.0,1.0,1.0,0.0,1.0,1.0,0.0,0.31546487678572877,0.13373003436102654,-0.18173484242470223,1,0,0.025,0.05,0.025,1.0,1.0,0.0,1.0,1.0,0.0,0.31546487678572877,0.24973770366901088,-0.06572717311671789,1,0,0.022222222222222223,0.044444444444444446,0.022222222222222223,1.0,1.0,0.0,1.0,1.0,0.0,0.31546487678572877,0.24973770366901088,-0.06572717311671789,1,0,0.02,0.04,0.02,1.0,1.0,0.0,1.0,1.0,0.0,0.31546487678572877,0.24973770366901088,-0.06572717311671789,1,0,0.01818181818181818,0.03636363636363636,0.01818181818181818,1.0,1.0,0.0,1.0,1.0,0.0,0.31546487678572877,0.24973770366901088,-0.06572717311671789,1,0,0.016666666666666666,0.03333333333333333,0.016666666666666666,1.0,1.0,0.0,1.0,1.0,0.0,0.31546487678572877,0.24973770366901088,-0.06572717311671789,1,0
indexer-generic-sparse,Sparse indexer,Q-074,setup_configuration,RAXE500,0.2,0.2,0.0,1.0,1.0,0.0,1.0,1.0,0.0,0.23719771276929622,0.6309297535714575,0.3937320408021613,1,0,0.1,0.1,0.0,1.0,1.0,0.0,1.0,1.0,0.0,0.23719771276929622,0.6309297535714575,0.3937320408021613,1,0,0.06666666666666667,0.06666666666666667,0.0,1.0,1.0,0.0,1.0,1.0,0.0,0.23719771276929622,0.6309297535714575,0.3937320408021613,1,0,0.05,0.05,0.0,1.0,1.0,0.0,1.0,1.0,0.0,0.23719771276929622,0.6309297535714575,0.3937320408021613,1,0,0.08,0.04,-0.04,1.0,1.0,0.0,1.0,1.0,0.0,0.3709277471303228,0.6309297535714575,0.26000200644113475,1,0,0.06666666666666667,0.03333333333333333,-0.03333333333333333,1.0,1.0,0.0,1.0,1.0,0.0,0.3709277471303228,0.6309297535714575,0.26000200644113475,1,0,0.05714285714285714,0.02857142857142857,-0.02857142857142857,1.0,1.0,0.0,1.0,1.0,0.0,0.3709277471303228,0.6309297535714575,0.26000200644113475,1,0,0.05,0.025,-0.025,1.0,1.0,0.0,1.0,1.0,0.0,0.3709277471303228,0.6309297535714575,0.26000200644113475,1,0,0.044444444444444446,0.022222222222222223,-0.022222222222222223,1.0,1.0,0.0,1.0,1.0,0.0,0.3709277471303228,0.6309297535714575,0.26000200644113475,1,0,0.04,0.02,-0.02,1.0,1.0,0.0,1.0,1.0,0.0,0.3709277471303228,0.6309297535714575,0.26000200644113475,1,0,0.03636363636363636,0.01818181818181818,-0.01818181818181818,1.0,1.0,0.0,1.0,1.0,0.0,0.3709277471303228,0.6309297535714575,0.26000200644113475,1,0,0.03333333333333333,0.016666666666666666,-0.016666666666666666,1.0,1.0,0.0,1.0,1.0,0.0,0.3709277471303228,0.6309297535714575,0.26000200644113475,1,0
indexer-generic-sparse,Sparse indexer,Q-075,features_security_maintenance_limitations,RAXE500,0.2,0.0,-0.2,1.0,0.0,-1.0,1.0,0.0,-1.0,0.16812753627111746,0.0,-0.16812753627111746,0,1,0.1,0.0,-0.1,1.0,0.0,-1.0,1.0,0.0,-1.0,0.16812753627111746,0.0,-0.16812753627111746,0,1,0.06666666666666667,0.0,-0.06666666666666667,1.0,0.0,-1.0,1.0,0.0,-1.0,0.16812753627111746,0.0,-0.16812753627111746,0,1,0.05,0.0,-0.05,1.0,0.0,-1.0,1.0,0.0,-1.0,0.16812753627111746,0.0,-0.16812753627111746,0,1,0.08,0.04,-0.04,1.0,1.0,0.0,1.0,1.0,0.0,0.25566785157959465,0.08754031530847717,-0.16812753627111748,1,0,0.06666666666666667,0.03333333333333333,-0.03333333333333333,1.0,1.0,0.0,1.0,1.0,0.0,0.25566785157959465,0.08754031530847717,-0.16812753627111748,1,0,0.05714285714285714,0.05714285714285714,0.0,1.0,1.0,0.0,1.0,1.0,0.0,0.25566785157959465,0.1636484280217847,-0.09201942355780995,1,0,0.05,0.075,0.024999999999999994,1.0,1.0,0.0,1.0,1.0,0.0,0.25566785157959465,0.23700155174533322,-0.018666299834261435,1,0,0.06666666666666667,0.06666666666666667,0.0,1.0,1.0,0.0,1.0,1.0,0.0,0.326751335268006,0.23700155174533322,-0.08974978352267277,1,0,0.06,0.06,0.0,1.0,1.0,0.0,1.0,1.0,0.0,0.326751335268006,0.23700155174533322,-0.08974978352267277,1,0,0.05454545454545454,0.05454545454545454,0.0,1.0,1.0,0.0,1.0,1.0,0.0,0.326751335268006,0.23700155174533322,-0.08974978352267277,1,0,0.06666666666666667,0.06666666666666667,0.0,1.0,1.0,0.0,1.0,1.0,0.0,0.3933920516371447,0.3030904768190988,-0.0903015748180459,1,0
indexer-generic-sparse,Sparse indexer,Q-076,features_security_maintenance_limitations,RAXE500,0.0,0.2,0.2,0.0,1.0,1.0,0.0,1.0,1.0,0.0,0.24630238874073,0.24630238874073,0,1,0.0,0.1,0.1,0.0,1.0,1.0,0.0,1.0,1.0,0.0,0.24630238874073,0.24630238874073,0,1,0.06666666666666667,0.2,0.13333333333333336,1.0,1.0,0.0,1.0,1.0,0.0,0.10549558423511038,0.4577292884271841,0.35223370419207367,1,0,0.05,0.15,0.09999999999999999,1.0,1.0,0.0,1.0,1.0,0.0,0.10549558423511038,0.4577292884271841,0.35223370419207367,1,0,0.08,0.12,0.039999999999999994,1.0,1.0,0.0,1.0,1.0,0.0,0.1917948443722211,0.4577292884271841,0.26593444405496297,1,0,0.06666666666666667,0.1,0.03333333333333334,1.0,1.0,0.0,1.0,1.0,0.0,0.1917948443722211,0.4577292884271841,0.26593444405496297,1,0,0.05714285714285714,0.08571428571428572,0.028571428571428574,1.0,1.0,0.0,1.0,1.0,0.0,0.1917948443722211,0.4577292884271841,0.26593444405496297,1,0,0.05,0.1,0.05,1.0,1.0,0.0,1.0,1.0,0.0,0.1917948443722211,0.530594666057789,0.33879982168556794,1,0,0.044444444444444446,0.08888888888888889,0.044444444444444446,1.0,1.0,0.0,1.0,1.0,0.0,0.1917948443722211,0.530594666057789,0.33879982168556794,1,0,0.04,0.08,0.04,1.0,1.0,0.0,1.0,1.0,0.0,0.1917948443722211,0.530594666057789,0.33879982168556794,1,0,0.07272727272727272,0.07272727272727272,0.0,1.0,1.0,0.0,1.0,1.0,0.0,0.32685102966222024,0.530594666057789,0.2037436363955688,1,0,0.06666666666666667,0.06666666666666667,0.0,1.0,1.0,0.0,1.0,1.0,0.0,0.32685102966222024,0.530594666057789,0.2037436363955688,1,0
indexer-generic-sparse,Sparse indexer,Q-077,troubleshooting_diagnostics,RAXE500,0.0,0.0,0.0,0.0,0.0,0.0,0.0,0.0,0.0,0.0,0.0,0.0,0,0,0.0,0.0,0.0,0.0,0.0,0.0,0.0,0.0,0.0,0.0,0.0,0.0,0,0,0.0,0.0,0.0,0.0,0.0,0.0,0.0,0.0,0.0,0.0,0.0,0.0,0,0,0.0,0.0,0.0,0.0,0.0,0.0,0.0,0.0,0.0,0.0,0.0,0.0,0,0,0.0,0.0,0.0,0.0,0.0,0.0,0.0,0.0,0.0,0.0,0.0,0.0,0,0,0.0,0.0,0.0,0.0,0.0,0.0,0.0,0.0,0.0,0.0,0.0,0.0,0,0,0.0,0.0,0.0,0.0,0.0,0.0,0.0,0.0,0.0,0.0,0.0,0.0,0,0,0.0,0.0,0.0,0.0,0.0,0.0,0.0,0.0,0.0,0.0,0.0,0.0,0,0,0.0,0.0,0.0,0.0,0.0,0.0,0.0,0.0,0.0,0.0,0.0,0.0,0,0,0.0,0.0,0.0,0.0,0.0,0.0,0.0,0.0,0.0,0.0,0.0,0.0,0,0,0.0,0.0,0.0,0.0,0.0,0.0,0.0,0.0,0.0,0.0,0.0,0.0,0,0,0.0,0.0,0.0,0.0,0.0,0.0,0.0,0.0,0.0,0.0,0.0,0.0,0,0
indexer-generic-sparse,Sparse indexer,Q-078,facts_specifications,RBK852,0.2,0.4,0.2,1.0,1.0,0.0,1.0,1.0,0.0,0.2960819109658652,0.4367467095119258,0.14066479854606057,1,0,0.2,0.2,0.0,1.0,1.0,0.0,1.0,1.0,0.0,0.4632423659320675,0.4367467095119258,-0.026495656420141733,1,0,0.13333333333333333,0.13333333333333333,0.0,1.0,1.0,0.0,1.0,1.0,0.0,0.4632423659320675,0.4367467095119258,-0.026495656420141733,1,0,0.1,0.1,0.0,1.0,1.0,0.0,1.0,1.0,0.0,0.4632423659320675,0.4367467095119258,-0.026495656420141733,1,0,0.08,0.12,0.039999999999999994,1.0,1.0,0.0,1.0,1.0,0.0,0.4632423659320675,0.5404876841203085,0.07724531818824093,1,0,0.1,0.1,0.0,1.0,1.0,0.0,1.0,1.0,0.0,0.5619363362540226,0.5404876841203085,-0.021448652133714163,1,0,0.08571428571428572,0.08571428571428572,0.0,1.0,1.0,0.0,1.0,1.0,0.0,0.5619363362540226,0.5404876841203085,-0.021448652133714163,1,0,0.075,0.075,0.0,1.0,1.0,0.0,1.0,1.0,0.0,0.5619363362540226,0.5404876841203085,-0.021448652133714163,1,0,0.06666666666666667,0.06666666666666667,0.0,1.0,1.0,0.0,1.0,1.0,0.0,0.5619363362540226,0.5404876841203085,-0.021448652133714163,1,0,0.06,0.06,0.0,1.0,1.0,0.0,1.0,1.0,0.0,0.5619363362540226,0.5404876841203085,-0.021448652133714163,1,0,0.05454545454545454,0.05454545454545454,0.0,1.0,1.0,0.0,1.0,1.0,0.0,0.5619363362540226,0.5404876841203085,-0.021448652133714163,1,0,0.05,0.05,0.0,1.0,1.0,0.0,1.0,1.0,0.0,0.5619363362540226,0.5404876841203085,-0.021448652133714163,1,0
indexer-generic-sparse,Sparse indexer,Q-079,facts_specifications,RBK852,0.0,0.0,0.0,0.0,0.0,0.0,0.0,0.0,0.0,0.0,0.0,0.0,0,0,0.0,0.1,0.1,0.0,1.0,1.0,0.0,1.0,1.0,0.0,0.19342640361727081,0.19342640361727081,0,1,0.0,0.06666666666666667,0.06666666666666667,0.0,1.0,1.0,0.0,1.0,1.0,0.0,0.19342640361727081,0.19342640361727081,0,1,0.05,0.05,0.0,1.0,1.0,0.0,1.0,1.0,0.0,0.14434031438272124,0.19342640361727081,0.049086089234549574,1,0,0.08,0.04,-0.04,1.0,1.0,0.0,1.0,1.0,0.0,0.27807034874374775,0.19342640361727081,-0.08464394512647694,1,0,0.06666666666666667,0.03333333333333333,-0.03333333333333333,1.0,1.0,0.0,1.0,1.0,0.0,0.27807034874374775,0.19342640361727081,-0.08464394512647694,1,0,0.05714285714285714,0.05714285714285714,0.0,1.0,1.0,0.0,1.0,1.0,0.0,0.27807034874374775,0.31605584217036253,0.03798549342661478,1,0,0.05,0.05,0.0,1.0,1.0,0.0,1.0,1.0,0.0,0.27807034874374775,0.31605584217036253,0.03798549342661478,1,0,0.044444444444444446,0.044444444444444446,0.0,1.0,1.0,0.0,1.0,1.0,0.0,0.27807034874374775,0.31605584217036253,0.03798549342661478,1,0,0.04,0.04,0.0,1.0,1.0,0.0,1.0,1.0,0.0,0.27807034874374775,0.31605584217036253,0.03798549342661478,1,0,0.03636363636363636,0.03636363636363636,0.0,1.0,1.0,0.0,1.0,1.0,0.0,0.27807034874374775,0.31605584217036253,0.03798549342661478,1,0,0.03333333333333333,0.03333333333333333,0.0,1.0,1.0,0.0,1.0,1.0,0.0,0.27807034874374775,0.31605584217036253,0.03798549342661478,1,0
indexer-generic-sparse,Sparse indexer,Q-080,setup_configuration,RBK852,0.0,0.0,0.0,0.0,0.0,0.0,0.0,0.0,0.0,0.0,0.0,0.0,0,0,0.0,0.0,0.0,0.0,0.0,0.0,0.0,0.0,0.0,0.0,0.0,0.0,0,0,0.0,0.0,0.0,0.0,0.0,0.0,0.0,0.0,0.0,0.0,0.0,0.0,0,0,0.05,0.0,-0.05,1.0,0.0,-1.0,1.0,0.0,-1.0,0.14186890186599416,0.0,-0.14186890186599416,0,1,0.04,0.04,0.0,1.0,1.0,0.0,1.0,1.0,0.0,0.14186890186599416,0.22106472945750374,0.07919582759150959,1,0,0.03333333333333333,0.03333333333333333,0.0,1.0,1.0,0.0,1.0,1.0,0.0,0.14186890186599416,0.22106472945750374,0.07919582759150959,1,0,0.02857142857142857,0.02857142857142857,0.0,1.0,1.0,0.0,1.0,1.0,0.0,0.14186890186599416,0.22106472945750374,0.07919582759150959,1,0,0.025,0.025,0.0,1.0,1.0,0.0,1.0,1.0,0.0,0.14186890186599416,0.22106472945750374,0.07919582759150959,1,0,0.022222222222222223,0.022222222222222223,0.0,1.0,1.0,0.0,1.0,1.0,0.0,0.14186890186599416,0.22106472945750374,0.07919582759150959,1,0,0.02,0.02,0.0,1.0,1.0,0.0,1.0,1.0,0.0,0.14186890186599416,0.22106472945750374,0.07919582759150959,1,0,0.01818181818181818,0.01818181818181818,0.0,1.0,1.0,0.0,1.0,1.0,0.0,0.14186890186599416,0.22106472945750374,0.07919582759150959,1,0,0.03333333333333333,0.016666666666666666,-0.016666666666666666,1.0,1.0,0.0,1.0,1.0,0.0,0.24525354999094698,0.22106472945750374,-0.024188820533443234,1,0
indexer-generic-sparse,Sparse indexer,Q-081,features_security_maintenance_limitations,RBK852,0.0,0.2,0.2,0.0,1.0,1.0,0.0,1.0,1.0,0.0,0.3391602052736161,0.3391602052736161,0,1,0.1,0.1,0.0,1.0,1.0,0.0,1.0,1.0,0.0,0.15642624200758548,0.3026024134988135,0.14617617149122802,1,0,0.06666666666666667,0.06666666666666667,0.0,1.0,1.0,0.0,1.0,1.0,0.0,0.15642624200758548,0.3026024134988135,0.14617617149122802,1,0,0.05,0.05,0.0,1.0,1.0,0.0,1.0,1.0,0.0,0.15642624200758548,0.3026024134988135,0.14617617149122802,1,0,0.04,0.04,0.0,1.0,1.0,0.0,1.0,1.0,0.0,0.15642624200758548,0.3026024134988135,0.14617617149122802,1,0,0.06666666666666667,0.06666666666666667,0.0,1.0,1.0,0.0,1.0,1.0,0.0,0.25206292207596587,0.36427128660750496,0.1122083645315391,1,0,0.08571428571428572,0.05714285714285714,-0.028571428571428574,1.0,1.0,0.0,1.0,1.0,0.0,0.3428338183446422,0.36427128660750496,0.021437468262862747,1,0,0.075,0.075,0.0,1.0,1.0,0.0,1.0,1.0,0.0,0.3428338183446422,0.42193260390345444,0.07909878555881222,1,0,0.06666666666666667,0.08888888888888889,0.022222222222222227,1.0,1.0,0.0,1.0,1.0,0.0,0.3428338183446422,0.47671653063518715,0.13388271229054494,1,0,0.06,0.1,0.04000000000000001,1.0,1.0,0.0,1.0,1.0,0.0,0.3428338183446422,0.5311944445868956,0.18836062624225336,1,0,0.05454545454545454,0.09090909090909091,0.03636363636363637,1.0,1.0,0.0,1.0,1.0,0.0,0.3428338183446422,0.5311944445868956,0.18836062624225336,1,0,0.05,0.1,0.05,1.0,1.0,0.0,1.0,1.0,0.0,0.3428338183446422,0.5824231593566906,0.23958934101204843,1,0
indexer-generic-sparse,Sparse indexer,Q-082,setup_configuration,RBK852,0.0,0.6,0.6,0.0,1.0,1.0,0.0,1.0,1.0,0.0,0.7227265726449519,0.7227265726449519,0,1,0.1,0.4,0.30000000000000004,1.0,1.0,0.0,1.0,1.0,0.0,0.15642624200758548,0.8435378753444459,0.6871116333368604,1,0,0.13333333333333333,0.3333333333333333,0.19999999999999998,1.0,1.0,0.0,1.0,1.0,0.0,0.27968208120030896,0.9303486515803723,0.6506665703800634,1,0,0.1,0.25,0.15,1.0,1.0,0.0,1.0,1.0,0.0,0.27968208120030896,0.9303486515803723,0.6506665703800634,1,0,0.08,0.2,0.12000000000000001,1.0,1.0,0.0,1.0,1.0,0.0,0.27968208120030896,0.9303486515803723,0.6506665703800634,1,0,0.1,0.16666666666666666,0.06666666666666665,1.0,1.0,0.0,1.0,1.0,0.0,0.3753187612686894,0.9303486515803723,0.5550298903116828,1,0,0.08571428571428572,0.14285714285714285,0.057142857142857134,1.0,1.0,0.0,1.0,1.0,0.0,0.3753187612686894,0.9303486515803723,0.5550298903116828,1,0,0.075,0.125,0.05,1.0,1.0,0.0,1.0,1.0,0.0,0.3753187612686894,0.9303486515803723,0.5550298903116828,1,0,0.06666666666666667,0.1111111111111111,0.04444444444444444,1.0,1.0,0.0,1.0,1.0,0.0,0.3753187612686894,0.9303486515803723,0.5550298903116828,1,0,0.06,0.1,0.04000000000000001,1.0,1.0,0.0,1.0,1.0,0.0,0.3753187612686894,0.9303486515803723,0.5550298903116828,1,0,0.05454545454545454,0.09090909090909091,0.03636363636363637,1.0,1.0,0.0,1.0,1.0,0.0,0.3753187612686894,0.9303486515803723,0.5550298903116828,1,0,0.05,0.08333333333333333,0.033333333333333326,1.0,1.0,0.0,1.0,1.0,0.0,0.3753187612686894,0.9303486515803723,0.5550298903116828,1,0
indexer-generic-sparse,Sparse indexer,Q-083,features_security_maintenance_limitations,RBK852,0.0,0.0,0.0,0.0,0.0,0.0,0.0,0.0,0.0,0.0,0.0,0.0,0,0,0.0,0.0,0.0,0.0,0.0,0.0,0.0,0.0,0.0,0.0,0.0,0.0,0,0,0.0,0.0,0.0,0.0,0.0,0.0,0.0,0.0,0.0,0.0,0.0,0.0,0,0,0.0,0.0,0.0,0.0,0.0,0.0,0.0,0.0,0.0,0.0,0.0,0.0,0,0,0.0,0.0,0.0,0.0,0.0,0.0,0.0,0.0,0.0,0.0,0.0,0.0,0,0,0.0,0.0,0.0,0.0,0.0,0.0,0.0,0.0,0.0,0.0,0.0,0.0,0,0,0.0,0.0,0.0,0.0,0.0,0.0,0.0,0.0,0.0,0.0,0.0,0.0,0,0,0.0,0.0,0.0,0.0,0.0,0.0,0.0,0.0,0.0,0.0,0.0,0.0,0,0,0.0,0.0,0.0,0.0,0.0,0.0,0.0,0.0,0.0,0.0,0.0,0.0,0,0,0.0,0.0,0.0,0.0,0.0,0.0,0.0,0.0,0.0,0.0,0.0,0.0,0,0,0.0,0.0,0.0,0.0,0.0,0.0,0.0,0.0,0.0,0.0,0.0,0.0,0,0,0.0,0.0,0.0,0.0,0.0,0.0,0.0,0.0,0.0,0.0,0.0,0.0,0,0
indexer-generic-sparse,Sparse indexer,Q-084,facts_specifications,RBK852,0.0,0.0,0.0,0.0,0.0,0.0,0.0,0.0,0.0,0.0,0.0,0.0,0,0,0.0,0.0,0.0,0.0,0.0,0.0,0.0,0.0,0.0,0.0,0.0,0.0,0,0,0.0,0.0,0.0,0.0,0.0,0.0,0.0,0.0,0.0,0.0,0.0,0.0,0,0,0.0,0.0,0.0,0.0,0.0,0.0,0.0,0.0,0.0,0.0,0.0,0.0,0,0,0.0,0.0,0.0,0.0,0.0,0.0,0.0,0.0,0.0,0.0,0.0,0.0,0,0,0.0,0.0,0.0,0.0,0.0,0.0,0.0,0.0,0.0,0.0,0.0,0.0,0,0,0.0,0.0,0.0,0.0,0.0,0.0,0.0,0.0,0.0,0.0,0.0,0.0,0,0,0.0,0.0,0.0,0.0,0.0,0.0,0.0,0.0,0.0,0.0,0.0,0.0,0,0,0.0,0.0,0.0,0.0,0.0,0.0,0.0,0.0,0.0,0.0,0.0,0.0,0,0,0.0,0.0,0.0,0.0,0.0,0.0,0.0,0.0,0.0,0.0,0.0,0.0,0,0,0.0,0.0,0.0,0.0,0.0,0.0,0.0,0.0,0.0,0.0,0.0,0.0,0,0,0.0,0.0,0.0,0.0,0.0,0.0,0.0,0.0,0.0,0.0,0.0,0.0,0,0
indexer-generic-sparse,Sparse indexer,Q-085,features_security_maintenance_limitations,RBK852,0.0,0.0,0.0,0.0,0.0,0.0,0.0,0.0,0.0,0.0,0.0,0.0,0,0,0.0,0.0,0.0,0.0,0.0,0.0,0.0,0.0,0.0,0.0,0.0,0.0,0,0,0.0,0.0,0.0,0.0,0.0,0.0,0.0,0.0,0.0,0.0,0.0,0.0,0,0,0.0,0.0,0.0,0.0,0.0,0.0,0.0,0.0,0.0,0.0,0.0,0.0,0,0,0.0,0.0,0.0,0.0,0.0,0.0,0.0,0.0,0.0,0.0,0.0,0.0,0,0,0.03333333333333333,0.0,-0.03333333333333333,1.0,0.0,-1.0,1.0,0.0,-1.0,0.12754356661958802,0.0,-0.12754356661958802,0,1,0.05714285714285714,0.02857142857142857,-0.02857142857142857,1.0,1.0,0.0,1.0,1.0,0.0,0.24708214359806263,0.09224219235917257,-0.15483995123889005,1,0,0.05,0.025,-0.025,1.0,1.0,0.0,1.0,1.0,0.0,0.24708214359806263,0.09224219235917257,-0.15483995123889005,1,0,0.044444444444444446,0.06666666666666667,0.02222222222222222,1.0,1.0,0.0,1.0,1.0,0.0,0.24708214359806263,0.2646824539147103,0.01760031031664766,1,0,0.04,0.06,0.019999999999999997,1.0,1.0,0.0,1.0,1.0,0.0,0.24708214359806263,0.2646824539147103,0.01760031031664766,1,0,0.03636363636363636,0.05454545454545454,0.01818181818181818,1.0,1.0,0.0,1.0,1.0,0.0,0.24708214359806263,0.2646824539147103,0.01760031031664766,1,0,0.03333333333333333,0.05,0.01666666666666667,1.0,1.0,0.0,1.0,1.0,0.0,0.24708214359806263,0.2646824539147103,0.01760031031664766,1,0
indexer-generic-sparse,Sparse indexer,Q-086,features_security_maintenance_limitations,RBK852,0.0,0.0,0.0,0.0,0.0,0.0,0.0,0.0,0.0,0.0,0.0,0.0,0,0,0.0,0.0,0.0,0.0,0.0,0.0,0.0,0.0,0.0,0.0,0.0,0.0,0,0,0.0,0.0,0.0,0.0,0.0,0.0,0.0,0.0,0.0,0.0,0.0,0.0,0,0,0.0,0.0,0.0,0.0,0.0,0.0,0.0,0.0,0.0,0.0,0.0,0.0,0,0,0.0,0.0,0.0,0.0,0.0,0.0,0.0,0.0,0.0,0.0,0.0,0.0,0,0,0.0,0.0,0.0,0.0,0.0,0.0,0.0,0.0,0.0,0.0,0.0,0.0,0,0,0.0,0.0,0.0,0.0,0.0,0.0,0.0,0.0,0.0,0.0,0.0,0.0,0,0,0.0,0.0,0.0,0.0,0.0,0.0,0.0,0.0,0.0,0.0,0.0,0.0,0,0,0.0,0.0,0.0,0.0,0.0,0.0,0.0,0.0,0.0,0.0,0.0,0.0,0,0,0.0,0.0,0.0,0.0,0.0,0.0,0.0,0.0,0.0,0.0,0.0,0.0,0,0,0.0,0.0,0.0,0.0,0.0,0.0,0.0,0.0,0.0,0.0,0.0,0.0,0,0,0.0,0.0,0.0,0.0,0.0,0.0,0.0,0.0,0.0,0.0,0.0,0.0,0,0
indexer-generic-sparse,Sparse indexer,Q-087,troubleshooting_diagnostics,RBK852,0.0,0.0,0.0,0.0,0.0,0.0,0.0,0.0,0.0,0.0,0.0,0.0,0,0,0.0,0.0,0.0,0.0,0.0,0.0,0.0,0.0,0.0,0.0,0.0,0.0,0,0,0.0,0.0,0.0,0.0,0.0,0.0,0.0,0.0,0.0,0.0,0.0,0.0,0,0,0.0,0.0,0.0,0.0,0.0,0.0,0.0,0.0,0.0,0.0,0.0,0.0,0,0,0.0,0.0,0.0,0.0,0.0,0.0,0.0,0.0,0.0,0.0,0.0,0.0,0,0,0.0,0.0,0.0,0.0,0.0,0.0,0.0,0.0,0.0,0.0,0.0,0.0,0,0,0.0,0.0,0.0,0.0,0.0,0.0,0.0,0.0,0.0,0.0,0.0,0.0,0,0,0.0,0.0,0.0,0.0,0.0,0.0,0.0,0.0,0.0,0.0,0.0,0.0,0,0,0.0,0.0,0.0,0.0,0.0,0.0,0.0,0.0,0.0,0.0,0.0,0.0,0,0,0.0,0.0,0.0,0.0,0.0,0.0,0.0,0.0,0.0,0.0,0.0,0.0,0,0,0.0,0.0,0.0,0.0,0.0,0.0,0.0,0.0,0.0,0.0,0.0,0.0,0,0,0.0,0.0,0.0,0.0,0.0,0.0,0.0,0.0,0.0,0.0,0.0,0.0,0,0
indexer-generic-sparse,Sparse indexer,Q-088,troubleshooting_diagnostics,RBK852,0.2,0.0,-0.2,1.0,0.0,-1.0,1.0,0.0,-1.0,0.21398626473452756,0.0,-0.21398626473452756,0,1,0.1,0.0,-0.1,1.0,0.0,-1.0,1.0,0.0,-1.0,0.21398626473452756,0.0,-0.21398626473452756,0,1,0.06666666666666667,0.0,-0.06666666666666667,1.0,0.0,-1.0,1.0,0.0,-1.0,0.21398626473452756,0.0,-0.21398626473452756,0,1,0.1,0.0,-0.1,1.0,0.0,-1.0,1.0,0.0,-1.0,0.29382760011519554,0.0,-0.29382760011519554,0,1,0.08,0.0,-0.08,1.0,0.0,-1.0,1.0,0.0,-1.0,0.29382760011519554,0.0,-0.29382760011519554,0,1,0.1,0.0,-0.1,1.0,0.0,-1.0,1.0,0.0,-1.0,0.3651563550267047,0.0,-0.3651563550267047,0,1,0.08571428571428572,0.0,-0.08571428571428572,1.0,0.0,-1.0,1.0,0.0,-1.0,0.3651563550267047,0.0,-0.3651563550267047,0,1,0.1,0.0,-0.1,1.0,0.0,-1.0,1.0,0.0,-1.0,0.4288851764663327,0.0,-0.4288851764663327,0,1,0.1111111111111111,0.0,-0.1111111111111111,1.0,0.0,-1.0,1.0,0.0,-1.0,0.4902876207535196,0.0,-0.4902876207535196,0,1,0.1,0.0,-0.1,1.0,0.0,-1.0,1.0,0.0,-1.0,0.4902876207535196,0.0,-0.4902876207535196,0,1,0.09090909090909091,0.0,-0.09090909090909091,1.0,0.0,-1.0,1.0,0.0,-1.0,0.4902876207535196,0.0,-0.4902876207535196,0,1,0.08333333333333333,0.0,-0.08333333333333333,1.0,0.0,-1.0,1.0,0.0,-1.0,0.4902876207535196,0.0,-0.4902876207535196,0,1
indexer-generic-sparse,Sparse indexer,Q-089,facts_specifications,XR500,0.0,0.0,0.0,0.0,0.0,0.0,0.0,0.0,0.0,0.0,0.0,0.0,0,0,0.0,0.0,0.0,0.0,0.0,0.0,0.0,0.0,0.0,0.0,0.0,0.0,0,0,0.06666666666666667,0.0,-0.06666666666666667,1.0,0.0,-1.0,1.0,0.0,-1.0,0.27023815442731974,0.0,-0.27023815442731974,0,1,0.05,0.0,-0.05,1.0,0.0,-1.0,1.0,0.0,-1.0,0.27023815442731974,0.0,-0.27023815442731974,0,1,0.04,0.0,-0.04,1.0,0.0,-1.0,1.0,0.0,-1.0,0.27023815442731974,0.0,-0.27023815442731974,0,1,0.03333333333333333,0.0,-0.03333333333333333,1.0,0.0,-1.0,1.0,0.0,-1.0,0.27023815442731974,0.0,-0.27023815442731974,0,1,0.02857142857142857,0.0,-0.02857142857142857,1.0,0.0,-1.0,1.0,0.0,-1.0,0.27023815442731974,0.0,-0.27023815442731974,0,1,0.025,0.0,-0.025,1.0,0.0,-1.0,1.0,0.0,-1.0,0.27023815442731974,0.0,-0.27023815442731974,0,1,0.022222222222222223,0.0,-0.022222222222222223,1.0,0.0,-1.0,1.0,0.0,-1.0,0.27023815442731974,0.0,-0.27023815442731974,0,1,0.02,0.0,-0.02,1.0,0.0,-1.0,1.0,0.0,-1.0,0.27023815442731974,0.0,-0.27023815442731974,0,1,0.01818181818181818,0.0,-0.01818181818181818,1.0,0.0,-1.0,1.0,0.0,-1.0,0.27023815442731974,0.0,-0.27023815442731974,0,1,0.016666666666666666,0.0,-0.016666666666666666,1.0,0.0,-1.0,1.0,0.0,-1.0,0.27023815442731974,0.0,-0.27023815442731974,0,1
indexer-generic-sparse,Sparse indexer,Q-090,setup_configuration,XR500,0.0,0.0,0.0,0.0,0.0,0.0,0.0,0.0,0.0,0.0,0.0,0.0,0,0,0.0,0.0,0.0,0.0,0.0,0.0,0.0,0.0,0.0,0.0,0.0,0.0,0,0,0.0,0.0,0.0,0.0,0.0,0.0,0.0,0.0,0.0,0.0,0.0,0.0,0,0,0.0,0.0,0.0,0.0,0.0,0.0,0.0,0.0,0.0,0.0,0.0,0.0,0,0,0.0,0.0,0.0,0.0,0.0,0.0,0.0,0.0,0.0,0.0,0.0,0.0,0,0,0.0,0.0,0.0,0.0,0.0,0.0,0.0,0.0,0.0,0.0,0.0,0.0,0,0,0.0,0.0,0.0,0.0,0.0,0.0,0.0,0.0,0.0,0.0,0.0,0.0,0,0,0.025,0.0,-0.025,1.0,0.0,-1.0,1.0,0.0,-1.0,0.11769895029887298,0.0,-0.11769895029887298,0,1,0.044444444444444446,0.0,-0.044444444444444446,1.0,0.0,-1.0,1.0,0.0,-1.0,0.23000866229751932,0.0,-0.23000866229751932,0,1,0.04,0.0,-0.04,1.0,0.0,-1.0,1.0,0.0,-1.0,0.23000866229751932,0.0,-0.23000866229751932,0,1,0.03636363636363636,0.0,-0.03636363636363636,1.0,0.0,-1.0,1.0,0.0,-1.0,0.23000866229751932,0.0,-0.23000866229751932,0,1,0.03333333333333333,0.0,-0.03333333333333333,1.0,0.0,-1.0,1.0,0.0,-1.0,0.23000866229751932,0.0,-0.23000866229751932,0,1
indexer-generic-sparse,Sparse indexer,Q-091,features_security_maintenance_limitations,XR500,0.0,0.0,0.0,0.0,0.0,0.0,0.0,0.0,0.0,0.0,0.0,0.0,0,0,0.0,0.0,0.0,0.0,0.0,0.0,0.0,0.0,0.0,0.0,0.0,0.0,0,0,0.0,0.0,0.0,0.0,0.0,0.0,0.0,0.0,0.0,0.0,0.0,0.0,0,0,0.0,0.0,0.0,0.0,0.0,0.0,0.0,0.0,0.0,0.0,0.0,0.0,0,0,0.0,0.0,0.0,0.0,0.0,0.0,0.0,0.0,0.0,0.0,0.0,0.0,0,0,0.0,0.0,0.0,0.0,0.0,0.0,0.0,0.0,0.0,0.0,0.0,0.0,0,0,0.0,0.0,0.0,0.0,0.0,0.0,0.0,0.0,0.0,0.0,0.0,0.0,0,0,0.0,0.0,0.0,0.0,0.0,0.0,0.0,0.0,0.0,0.0,0.0,0.0,0,0,0.0,0.0,0.0,0.0,0.0,0.0,0.0,0.0,0.0,0.0,0.0,0.0,0,0,0.0,0.0,0.0,0.0,0.0,0.0,0.0,0.0,0.0,0.0,0.0,0.0,0,0,0.0,0.0,0.0,0.0,0.0,0.0,0.0,0.0,0.0,0.0,0.0,0.0,0,0,0.0,0.0,0.0,0.0,0.0,0.0,0.0,0.0,0.0,0.0,0.0,0.0,0,0
indexer-generic-sparse,Sparse indexer,Q-092,features_security_maintenance_limitations,XR500,0.0,0.0,0.0,0.0,0.0,0.0,0.0,0.0,0.0,0.0,0.0,0.0,0,0,0.0,0.0,0.0,0.0,0.0,0.0,0.0,0.0,0.0,0.0,0.0,0.0,0,0,0.0,0.06666666666666667,0.06666666666666667,0.0,1.0,1.0,0.0,1.0,1.0,0.0,0.27023815442731974,0.27023815442731974,0,1,0.0,0.05,0.05,0.0,1.0,1.0,0.0,1.0,1.0,0.0,0.27023815442731974,0.27023815442731974,0,1,0.0,0.04,0.04,0.0,1.0,1.0,0.0,1.0,1.0,0.0,0.27023815442731974,0.27023815442731974,0,1,0.0,0.03333333333333333,0.03333333333333333,0.0,1.0,1.0,0.0,1.0,1.0,0.0,0.27023815442731974,0.27023815442731974,0,1,0.0,0.02857142857142857,0.02857142857142857,0.0,1.0,1.0,0.0,1.0,1.0,0.0,0.27023815442731974,0.27023815442731974,0,1,0.0,0.025,0.025,0.0,1.0,1.0,0.0,1.0,1.0,0.0,0.27023815442731974,0.27023815442731974,0,1,0.022222222222222223,0.022222222222222223,0.0,1.0,1.0,0.0,1.0,1.0,0.0,0.1810425967800402,0.27023815442731974,0.08919555764727954,1,0,0.02,0.02,0.0,1.0,1.0,0.0,1.0,1.0,0.0,0.1810425967800402,0.27023815442731974,0.08919555764727954,1,0,0.01818181818181818,0.01818181818181818,0.0,1.0,1.0,0.0,1.0,1.0,0.0,0.1810425967800402,0.27023815442731974,0.08919555764727954,1,0,0.016666666666666666,0.016666666666666666,0.0,1.0,1.0,0.0,1.0,1.0,0.0,0.1810425967800402,0.27023815442731974,0.08919555764727954,1,0
indexer-generic-sparse,Sparse indexer,Q-093,features_security_maintenance_limitations,XR500,0.0,0.0,0.0,0.0,0.0,0.0,0.0,0.0,0.0,0.0,0.0,0.0,0,0,0.1,0.0,-0.1,1.0,0.0,-1.0,1.0,0.0,-1.0,0.16716045496620227,0.0,-0.16716045496620227,0,1,0.06666666666666667,0.0,-0.06666666666666667,1.0,0.0,-1.0,1.0,0.0,-1.0,0.16716045496620227,0.0,-0.16716045496620227,0,1,0.1,0.0,-0.1,1.0,0.0,-1.0,1.0,0.0,-1.0,0.2740012592279925,0.0,-0.2740012592279925,0,1,0.08,0.0,-0.08,1.0,0.0,-1.0,1.0,0.0,-1.0,0.2740012592279925,0.0,-0.2740012592279925,0,1,0.06666666666666667,0.0,-0.06666666666666667,1.0,0.0,-1.0,1.0,0.0,-1.0,0.2740012592279925,0.0,-0.2740012592279925,0,1,0.08571428571428572,0.0,-0.08571428571428572,1.0,0.0,-1.0,1.0,0.0,-1.0,0.36785700443254377,0.0,-0.36785700443254377,0,1,0.075,0.0,-0.075,1.0,0.0,-1.0,1.0,0.0,-1.0,0.36785700443254377,0.0,-0.36785700443254377,0,1,0.06666666666666667,0.0,-0.06666666666666667,1.0,0.0,-1.0,1.0,0.0,-1.0,0.36785700443254377,0.0,-0.36785700443254377,0,1,0.06,0.0,-0.06,1.0,0.0,-1.0,1.0,0.0,-1.0,0.36785700443254377,0.0,-0.36785700443254377,0,1,0.05454545454545454,0.0,-0.05454545454545454,1.0,0.0,-1.0,1.0,0.0,-1.0,0.36785700443254377,0.0,-0.36785700443254377,0,1,0.05,0.0,-0.05,1.0,0.0,-1.0,1.0,0.0,-1.0,0.36785700443254377,0.0,-0.36785700443254377,0,1
indexer-generic-sparse,Sparse indexer,Q-094,features_security_maintenance_limitations,XR500,0.0,0.0,0.0,0.0,0.0,0.0,0.0,0.0,0.0,0.0,0.0,0.0,0,0,0.0,0.0,0.0,0.0,0.0,0.0,0.0,0.0,0.0,0.0,0.0,0.0,0,0,0.0,0.0,0.0,0.0,0.0,0.0,0.0,0.0,0.0,0.0,0.0,0.0,0,0,0.0,0.0,0.0,0.0,0.0,0.0,0.0,0.0,0.0,0.0,0.0,0.0,0,0,0.0,0.0,0.0,0.0,0.0,0.0,0.0,0.0,0.0,0.0,0.0,0.0,0,0,0.0,0.0,0.0,0.0,0.0,0.0,0.0,0.0,0.0,0.0,0.0,0.0,0,0,0.0,0.0,0.0,0.0,0.0,0.0,0.0,0.0,0.0,0.0,0.0,0.0,0,0,0.0,0.0,0.0,0.0,0.0,0.0,0.0,0.0,0.0,0.0,0.0,0.0,0,0,0.0,0.0,0.0,0.0,0.0,0.0,0.0,0.0,0.0,0.0,0.0,0.0,0,0,0.0,0.0,0.0,0.0,0.0,0.0,0.0,0.0,0.0,0.0,0.0,0.0,0,0,0.0,0.0,0.0,0.0,0.0,0.0,0.0,0.0,0.0,0.0,0.0,0.0,0,0,0.0,0.0,0.0,0.0,0.0,0.0,0.0,0.0,0.0,0.0,0.0,0.0,0,0
indexer-generic-sparse,Sparse indexer,Q-095,features_security_maintenance_limitations,XR500,0.4,0.2,-0.2,1.0,1.0,0.0,1.0,1.0,0.0,0.8772153153380493,0.3065735963827292,-0.5706417189553201,1,0,0.2,0.2,0.0,1.0,1.0,0.0,1.0,1.0,0.0,0.8772153153380493,0.4911492931622974,-0.3860660221757519,1,0,0.13333333333333333,0.13333333333333333,0.0,1.0,1.0,0.0,1.0,1.0,0.0,0.8772153153380493,0.4911492931622974,-0.3860660221757519,1,0,0.1,0.1,0.0,1.0,1.0,0.0,1.0,1.0,0.0,0.8772153153380493,0.4911492931622974,-0.3860660221757519,1,0,0.08,0.08,0.0,1.0,1.0,0.0,1.0,1.0,0.0,0.8772153153380493,0.4911492931622974,-0.3860660221757519,1,0,0.06666666666666667,0.06666666666666667,0.0,1.0,1.0,0.0,1.0,1.0,0.0,0.8772153153380493,0.4911492931622974,-0.3860660221757519,1,0,0.05714285714285714,0.05714285714285714,0.0,1.0,1.0,0.0,1.0,1.0,0.0,0.8772153153380493,0.4911492931622974,-0.3860660221757519,1,0,0.05,0.05,0.0,1.0,1.0,0.0,1.0,1.0,0.0,0.8772153153380493,0.4911492931622974,-0.3860660221757519,1,0,0.044444444444444446,0.044444444444444446,0.0,1.0,1.0,0.0,1.0,1.0,0.0,0.8772153153380493,0.4911492931622974,-0.3860660221757519,1,0,0.04,0.04,0.0,1.0,1.0,0.0,1.0,1.0,0.0,0.8772153153380493,0.4911492931622974,-0.3860660221757519,1,0,0.03636363636363636,0.03636363636363636,0.0,1.0,1.0,0.0,1.0,1.0,0.0,0.8772153153380493,0.4911492931622974,-0.3860660221757519,1,0,0.03333333333333333,0.03333333333333333,0.0,1.0,1.0,0.0,1.0,1.0,0.0,0.8772153153380493,0.4911492931622974,-0.3860660221757519,1,0
indexer-generic-sparse,Sparse indexer,Q-096,features_security_maintenance_limitations,XR500,0.0,0.0,0.0,0.0,0.0,0.0,0.0,0.0,0.0,0.0,0.0,0.0,0,0,0.0,0.1,0.1,0.0,1.0,1.0,0.0,1.0,1.0,0.0,0.123151194370365,0.123151194370365,0,1,0.0,0.13333333333333333,0.13333333333333333,0.0,1.0,1.0,0.0,1.0,1.0,0.0,0.2256843329885869,0.2256843329885869,0,1,0.0,0.1,0.1,0.0,1.0,1.0,0.0,1.0,1.0,0.0,0.2256843329885869,0.2256843329885869,0,1,0.04,0.08,0.04,1.0,1.0,0.0,1.0,1.0,0.0,0.22424382421757544,0.2256843329885869,0.0014405087710114561,1,0,0.03333333333333333,0.06666666666666667,0.03333333333333333,1.0,1.0,0.0,1.0,1.0,0.0,0.22424382421757544,0.2256843329885869,0.0014405087710114561,1,0,0.02857142857142857,0.08571428571428572,0.05714285714285715,1.0,1.0,0.0,1.0,1.0,0.0,0.22424382421757544,0.3030732206835377,0.07882939646596226,1,0,0.025,0.075,0.049999999999999996,1.0,1.0,0.0,1.0,1.0,0.0,0.22424382421757544,0.3030732206835377,0.07882939646596226,1,0,0.022222222222222223,0.06666666666666667,0.04444444444444444,1.0,1.0,0.0,1.0,1.0,0.0,0.22424382421757544,0.3030732206835377,0.07882939646596226,1,0,0.02,0.06,0.039999999999999994,1.0,1.0,0.0,1.0,1.0,0.0,0.22424382421757544,0.3030732206835377,0.07882939646596226,1,0,0.01818181818181818,0.07272727272727272,0.05454545454545454,1.0,1.0,0.0,1.0,1.0,0.0,0.22424382421757544,0.37059713708660524,0.1463533128690298,1,0,0.016666666666666666,0.06666666666666667,0.05,1.0,1.0,0.0,1.0,1.0,0.0,0.22424382421757544,0.37059713708660524,0.1463533128690298,1,0
indexer-generic-sparse,Sparse indexer,Q-097,features_security_maintenance_limitations,XR500,0.0,0.0,0.0,0.0,0.0,0.0,0.0,0.0,0.0,0.0,0.0,0.0,0,0,0.0,0.2,0.2,0.0,1.0,1.0,0.0,1.0,1.0,0.0,0.2893079283427616,0.2893079283427616,0,1,0.0,0.13333333333333333,0.13333333333333333,0.0,1.0,1.0,0.0,1.0,1.0,0.0,0.2893079283427616,0.2893079283427616,0,1,0.05,0.1,0.05,1.0,1.0,0.0,1.0,1.0,0.0,0.14434031438272124,0.2893079283427616,0.14496761396004035,1,0,0.04,0.12,0.07999999999999999,1.0,1.0,0.0,1.0,1.0,0.0,0.14434031438272124,0.39304890295114425,0.248708588568423,1,0,0.03333333333333333,0.1,0.06666666666666668,1.0,1.0,0.0,1.0,1.0,0.0,0.14434031438272124,0.39304890295114425,0.248708588568423,1,0,0.02857142857142857,0.08571428571428572,0.05714285714285715,1.0,1.0,0.0,1.0,1.0,0.0,0.14434031438272124,0.39304890295114425,0.248708588568423,1,0,0.025,0.075,0.049999999999999996,1.0,1.0,0.0,1.0,1.0,0.0,0.14434031438272124,0.39304890295114425,0.248708588568423,1,0,0.022222222222222223,0.06666666666666667,0.04444444444444444,1.0,1.0,0.0,1.0,1.0,0.0,0.14434031438272124,0.39304890295114425,0.248708588568423,1,0,0.02,0.06,0.039999999999999994,1.0,1.0,0.0,1.0,1.0,0.0,0.14434031438272124,0.39304890295114425,0.248708588568423,1,0,0.01818181818181818,0.05454545454545454,0.03636363636363636,1.0,1.0,0.0,1.0,1.0,0.0,0.14434031438272124,0.39304890295114425,0.248708588568423,1,0,0.03333333333333333,0.05,0.01666666666666667,1.0,1.0,0.0,1.0,1.0,0.0,0.24900900369315926,0.39304890295114425,0.144039899257985,1,0
indexer-generic-sparse,Sparse indexer,Q-098,features_security_maintenance_limitations,XR500,0.0,0.2,0.2,0.0,1.0,1.0,0.0,1.0,1.0,0.0,0.14606834984270645,0.14606834984270645,0,1,0.1,0.1,0.0,1.0,1.0,0.0,1.0,1.0,0.0,0.123151194370365,0.14606834984270645,0.022917155472341452,1,0,0.06666666666666667,0.13333333333333333,0.06666666666666667,1.0,1.0,0.0,1.0,1.0,0.0,0.123151194370365,0.2308584011611105,0.10770720679074551,1,0,0.05,0.15,0.09999999999999999,1.0,1.0,0.0,1.0,1.0,0.0,0.123151194370365,0.3106997365417784,0.18754854217141342,1,0,0.12,0.12,0.0,1.0,1.0,0.0,1.0,1.0,0.0,0.2937433247006264,0.3106997365417784,0.016956411841151986,1,0,0.1,0.13333333333333333,0.033333333333333326,1.0,1.0,0.0,1.0,1.0,0.0,0.2937433247006264,0.38125001018965204,0.08750668548902563,1,0,0.08571428571428572,0.11428571428571428,0.028571428571428567,1.0,1.0,0.0,1.0,1.0,0.0,0.2937433247006264,0.38125001018965204,0.08750668548902563,1,0,0.075,0.125,0.05,1.0,1.0,0.0,1.0,1.0,0.0,0.2937433247006264,0.4454192429612357,0.15167591826060928,1,0,0.06666666666666667,0.1111111111111111,0.04444444444444444,1.0,1.0,0.0,1.0,1.0,0.0,0.2937433247006264,0.4454192429612357,0.15167591826060928,1,0,0.06,0.1,0.04000000000000001,1.0,1.0,0.0,1.0,1.0,0.0,0.2937433247006264,0.4454192429612357,0.15167591826060928,1,0,0.07272727272727272,0.09090909090909091,0.018181818181818188,1.0,1.0,0.0,1.0,1.0,0.0,0.3622257697916174,0.4454192429612357,0.08319347316961828,1,0,0.06666666666666667,0.08333333333333333,0.016666666666666663,1.0,1.0,0.0,1.0,1.0,0.0,0.3622257697916174,0.4454192429612357,0.08319347316961828,1,0
indexer-generic-sparse,Sparse indexer,Q-099,features_security_maintenance_limitations,XR500,0.2,0.4,0.2,1.0,1.0,0.0,1.0,1.0,0.0,0.46927872602275644,0.38356636737133565,-0.0857123586514208,1,0,0.1,0.3,0.19999999999999998,1.0,1.0,0.0,1.0,1.0,0.0,0.46927872602275644,0.42969378702974964,-0.0395849389930068,1,0,0.06666666666666667,0.2,0.13333333333333336,1.0,1.0,0.0,1.0,1.0,0.0,0.46927872602275644,0.42969378702974964,-0.0395849389930068,1,0,0.05,0.2,0.15000000000000002,1.0,1.0,0.0,1.0,1.0,0.0,0.46927872602275644,0.49970939276293563,0.03043066674017919,1,0,0.08,0.2,0.12000000000000001,1.0,1.0,0.0,1.0,1.0,0.0,0.571630430305822,0.564871275718121,-0.006759154587700933,1,0,0.06666666666666667,0.16666666666666666,0.09999999999999999,1.0,1.0,0.0,1.0,1.0,0.0,0.571630430305822,0.564871275718121,-0.006759154587700933,1,0,0.05714285714285714,0.17142857142857143,0.1142857142857143,1.0,1.0,0.0,1.0,1.0,0.0,0.571630430305822,0.6243513000330394,0.052720869727217456,1,0,0.05,0.15,0.09999999999999999,1.0,1.0,0.0,1.0,1.0,0.0,0.571630430305822,0.6243513000330394,0.052720869727217456,1,0,0.044444444444444446,0.13333333333333333,0.08888888888888888,1.0,1.0,0.0,1.0,1.0,0.0,0.571630430305822,0.6243513000330394,0.052720869727217456,1,0,0.04,0.12,0.07999999999999999,1.0,1.0,0.0,1.0,1.0,0.0,0.571630430305822,0.6243513000330394,0.052720869727217456,1,0,0.03636363636363636,0.10909090909090909,0.07272727272727272,1.0,1.0,0.0,1.0,1.0,0.0,0.571630430305822,0.6243513000330394,0.052720869727217456,1,0,0.05,0.1,0.05,1.0,1.0,0.0,1.0,1.0,0.0,0.6520843262104503,0.6243513000330394,-0.027733026177410913,1,0
indexer-generic-sparse,Sparse indexer,Q-100,features_security_maintenance_limitations,XR500,0.0,0.0,0.0,0.0,0.0,0.0,0.0,0.0,0.0,0.0,0.0,0.0,0,0,0.0,0.0,0.0,0.0,0.0,0.0,0.0,0.0,0.0,0.0,0.0,0.0,0,0,0.0,0.0,0.0,0.0,0.0,0.0,0.0,0.0,0.0,0.0,0.0,0.0,0,0,0.0,0.0,0.0,0.0,0.0,0.0,0.0,0.0,0.0,0.0,0.0,0.0,0,0,0.0,0.0,0.0,0.0,0.0,0.0,0.0,0.0,0.0,0.0,0.0,0.0,0,0,0.0,0.0,0.0,0.0,0.0,0.0,0.0,0.0,0.0,0.0,0.0,0.0,0,0,0.0,0.0,0.0,0.0,0.0,0.0,0.0,0.0,0.0,0.0,0.0,0.0,0,0,0.0,0.0,0.0,0.0,0.0,0.0,0.0,0.0,0.0,0.0,0.0,0.0,0,0,0.0,0.0,0.0,0.0,0.0,0.0,0.0,0.0,0.0,0.0,0.0,0.0,0,0,0.0,0.0,0.0,0.0,0.0,0.0,0.0,0.0,0.0,0.0,0.0,0.0,0,0,0.0,0.0,0.0,0.0,0.0,0.0,0.0,0.0,0.0,0.0,0.0,0.0,0,0,0.0,0.0,0.0,0.0,0.0,0.0,0.0,0.0,0.0,0.0,0.0,0.0,0,0
