question_id,question_pair_id,language,question_family,product_model,retrieved_count,retrieval_empty,elapsed_ms,answer_generation_provider,intent_provider,use_reranker,kg_mode,chunk_precision@5,chunk_success@5,gold_block_recall@5,chunk_ndcg@5,chunk_precision@10,chunk_success@10,gold_block_recall@10,chunk_ndcg@10,chunk_precision@15,chunk_success@15,gold_block_recall@15,chunk_ndcg@15,chunk_precision@20,chunk_success@20,gold_block_recall@20,chunk_ndcg@20,chunk_precision@25,chunk_success@25,gold_block_recall@25,chunk_ndcg@25,chunk_precision@30,chunk_success@30,gold_block_recall@30,chunk_ndcg@30,chunk_precision@35,chunk_success@35,gold_block_recall@35,chunk_ndcg@35,chunk_precision@40,chunk_success@40,gold_block_recall@40,chunk_ndcg@40,chunk_precision@45,chunk_success@45,gold_block_recall@45,chunk_ndcg@45,chunk_precision@50,chunk_success@50,gold_block_recall@50,chunk_ndcg@50,chunk_precision@55,chunk_success@55,gold_block_recall@55,chunk_ndcg@55,chunk_precision@60,chunk_success@60,gold_block_recall@60,chunk_ndcg@60,gold_evidence_block_ids,condition_id,hit_chunk_count@5,hit_chunk_count@10,hit_chunk_count@15,hit_chunk_count@20,hit_chunk_count@25,hit_chunk_count@30,hit_chunk_count@35,hit_chunk_count@40,hit_chunk_count@45,hit_chunk_count@50,hit_chunk_count@55,hit_chunk_count@60,first_hit_rank,first_hit_reciprocal_rank,first_hit_cutoff
Q-001,Q-001,en,facts_specifications,CM2000,29,False,24135.849,deterministic,passthrough,False,none,0.2,True,1.0,1.0,0.1,True,1.0,1.0,0.06666666666666667,True,1.0,1.0,0.05,True,1.0,1.0,0.04,True,1.0,1.0,0.03333333333333333,True,1.0,1.0,0.02857142857142857,True,1.0,1.0,0.025,True,1.0,1.0,0.022222222222222223,True,1.0,1.0,0.02,True,1.0,1.0,0.01818181818181818,True,1.0,1.0,0.016666666666666666,True,1.0,1.0,['724d26e2-ed75-5043-b025-de4c01da0714'],baseline-generic-hybrid,1,1,1,1,1,1,1,1,1,1,1,1,1,1.0,5
Q-002,Q-002,en,facts_specifications,CM2000,26,False,24046.268,deterministic,passthrough,False,none,0.2,True,1.0,0.5,0.1,True,1.0,0.5,0.06666666666666667,True,1.0,0.5,0.05,True,1.0,0.5,0.04,True,1.0,0.5,0.03333333333333333,True,1.0,0.5,0.02857142857142857,True,1.0,0.5,0.025,True,1.0,0.5,0.022222222222222223,True,1.0,0.5,0.02,True,1.0,0.5,0.01818181818181818,True,1.0,0.5,0.016666666666666666,True,1.0,0.5,['b9899548-cfa5-5bb4-8284-7d82e663abd1'],baseline-generic-hybrid,1,1,1,1,1,1,1,1,1,1,1,1,3,0.3333333333333333,5
Q-003,Q-003,en,setup_configuration,CM2000,23,False,24125.776,deterministic,passthrough,False,none,0.4,True,1.0,0.5307212739772434,0.3,True,1.0,0.6978817289434457,0.2,True,1.0,0.6978817289434457,0.15,True,1.0,0.6978817289434457,0.12,True,1.0,0.6978817289434457,0.1,True,1.0,0.6978817289434457,0.08571428571428572,True,1.0,0.6978817289434457,0.075,True,1.0,0.6978817289434457,0.06666666666666667,True,1.0,0.6978817289434457,0.06,True,1.0,0.6978817289434457,0.05454545454545454,True,1.0,0.6978817289434457,0.05,True,1.0,0.6978817289434457,['8fd1b794-0507-59d3-88fa-2209736ef6da'],baseline-generic-hybrid,2,3,3,3,3,3,3,3,3,3,3,3,2,0.5,5
Q-004,Q-004,en,setup_configuration,CM2000,23,False,21142.67,deterministic,passthrough,False,none,0.2,True,1.0,0.46927872602275644,0.1,True,1.0,0.46927872602275644,0.13333333333333333,True,1.0,0.6001807161909536,0.15,True,1.0,0.7070215204527439,0.12,True,1.0,0.7070215204527439,0.1,True,1.0,0.7070215204527439,0.08571428571428572,True,1.0,0.7070215204527439,0.075,True,1.0,0.7070215204527439,0.06666666666666667,True,1.0,0.7070215204527439,0.06,True,1.0,0.7070215204527439,0.05454545454545454,True,1.0,0.7070215204527439,0.05,True,1.0,0.7070215204527439,['0de5a970-8b6a-5e57-ba98-6f57671a841c'],baseline-generic-hybrid,1,1,2,3,3,3,3,3,3,3,3,3,1,1.0,5
Q-005,Q-005,en,facts_specifications,CM2000,28,False,13089.133,deterministic,passthrough,False,none,0.0,False,0.0,0.0,0.1,True,1.0,0.15642624200758548,0.2,True,1.0,0.3970017627059981,0.15,True,1.0,0.3970017627059981,0.12,True,1.0,0.3970017627059981,0.1,True,1.0,0.3970017627059981,0.08571428571428572,True,1.0,0.3970017627059981,0.075,True,1.0,0.3970017627059981,0.06666666666666667,True,1.0,0.3970017627059981,0.06,True,1.0,0.3970017627059981,0.05454545454545454,True,1.0,0.3970017627059981,0.05,True,1.0,0.3970017627059981,['eb2ebf98-481f-54be-b4a3-56ea1bdf5749'],baseline-generic-hybrid,0,1,3,3,3,3,3,3,3,3,3,3,7,0.14285714285714285,10
Q-006,Q-006,en,troubleshooting_diagnostics,CM2000,45,False,10454.97,deterministic,passthrough,False,none,0.0,False,0.0,0.0,0.0,False,0.0,0.0,0.0,False,0.0,0.0,0.0,False,0.0,0.0,0.0,False,0.0,0.0,0.0,False,0.0,0.0,0.0,False,0.0,0.0,0.0,False,0.0,0.0,0.022222222222222223,True,1.0,0.1854490234153689,0.02,True,1.0,0.1854490234153689,0.01818181818181818,True,1.0,0.1854490234153689,0.016666666666666666,True,1.0,0.1854490234153689,['62f9a09d-d5a8-5805-8b92-4d0be62383ce'],baseline-generic-hybrid,0,0,0,0,0,0,0,0,1,1,1,1,41,0.024390243902439025,45
Q-007,Q-007,en,troubleshooting_diagnostics,CM2000,23,False,10440.749,deterministic,passthrough,False,none,0.2,True,1.0,0.6131471927654584,0.1,True,1.0,0.6131471927654584,0.13333333333333333,True,1.0,0.778842958530688,0.1,True,1.0,0.778842958530688,0.08,True,1.0,0.778842958530688,0.06666666666666667,True,1.0,0.778842958530688,0.05714285714285714,True,1.0,0.778842958530688,0.05,True,1.0,0.778842958530688,0.044444444444444446,True,1.0,0.778842958530688,0.04,True,1.0,0.778842958530688,0.03636363636363636,True,1.0,0.778842958530688,0.03333333333333333,True,1.0,0.778842958530688,['c5c4c17f-c329-5b9c-837f-7d33e641682f'],baseline-generic-hybrid,1,1,2,2,2,2,2,2,2,2,2,2,1,1.0,5
Q-008,Q-008,en,troubleshooting_diagnostics,CM2000,35,False,10371.972,deterministic,passthrough,False,none,0.0,False,0.0,0.0,0.1,True,1.0,0.17723928678404774,0.06666666666666667,True,1.0,0.17723928678404774,0.05,True,1.0,0.17723928678404774,0.08,True,1.0,0.3127845050703717,0.06666666666666667,True,1.0,0.3127845050703717,0.05714285714285714,True,1.0,0.3127845050703717,0.05,True,1.0,0.3127845050703717,0.044444444444444446,True,1.0,0.3127845050703717,0.04,True,1.0,0.3127845050703717,0.03636363636363636,True,1.0,0.3127845050703717,0.03333333333333333,True,1.0,0.3127845050703717,['85bd9c8e-a264-5649-acbc-73648b7ce861'],baseline-generic-hybrid,0,1,1,1,2,2,2,2,2,2,2,2,10,0.1,10
Q-009,Q-009,en,facts_specifications,CM2000,26,False,12498.226,deterministic,passthrough,False,none,0.0,False,0.0,0.0,0.0,False,0.0,0.0,0.0,False,0.0,0.0,0.05,True,1.0,0.24465054211822604,0.04,True,1.0,0.24465054211822604,0.03333333333333333,True,1.0,0.24465054211822604,0.02857142857142857,True,1.0,0.24465054211822604,0.025,True,1.0,0.24465054211822604,0.022222222222222223,True,1.0,0.24465054211822604,0.02,True,1.0,0.24465054211822604,0.01818181818181818,True,1.0,0.24465054211822604,0.016666666666666666,True,1.0,0.24465054211822604,['88695618-cf2a-5bf0-9a58-da1167d8f0c6'],baseline-generic-hybrid,0,0,0,1,1,1,1,1,1,1,1,1,16,0.0625,20
Q-010,Q-010,en,setup_configuration,LM1200,42,False,12010.177,deterministic,passthrough,False,none,0.2,True,1.0,1.0,0.1,True,1.0,1.0,0.06666666666666667,True,1.0,1.0,0.05,True,1.0,1.0,0.04,True,1.0,1.0,0.03333333333333333,True,1.0,1.0,0.02857142857142857,True,1.0,1.0,0.025,True,1.0,1.0,0.022222222222222223,True,1.0,1.0,0.02,True,1.0,1.0,0.01818181818181818,True,1.0,1.0,0.016666666666666666,True,1.0,1.0,['37f50132-32d9-5fb0-a62d-366e401ac417'],baseline-generic-hybrid,1,1,1,1,1,1,1,1,1,1,1,1,1,1.0,5
Q-011,Q-011,en,setup_configuration,LM1200,23,False,12270.793,deterministic,passthrough,False,none,0.0,False,0.0,0.0,0.1,True,1.0,0.3010299956639812,0.06666666666666667,True,1.0,0.3010299956639812,0.05,True,1.0,0.3010299956639812,0.04,True,1.0,0.3010299956639812,0.03333333333333333,True,1.0,0.3010299956639812,0.02857142857142857,True,1.0,0.3010299956639812,0.025,True,1.0,0.3010299956639812,0.022222222222222223,True,1.0,0.3010299956639812,0.02,True,1.0,0.3010299956639812,0.01818181818181818,True,1.0,0.3010299956639812,0.016666666666666666,True,1.0,0.3010299956639812,['36789817-932f-55f7-9c50-bb45d2df0cbe'],baseline-generic-hybrid,0,1,1,1,1,1,1,1,1,1,1,1,9,0.1111111111111111,10
Q-012,Q-012,en,setup_configuration,LM1200,27,False,12349.659,deterministic,passthrough,False,none,0.0,False,0.0,0.0,0.0,False,0.0,0.0,0.0,False,0.0,0.0,0.0,False,0.0,0.0,0.0,False,0.0,0.0,0.0,False,0.0,0.0,0.0,False,0.0,0.0,0.0,False,0.0,0.0,0.0,False,0.0,0.0,0.0,False,0.0,0.0,0.0,False,0.0,0.0,0.0,False,0.0,0.0,['fa675707-eec3-5dae-b80f-46a21238adcf'],baseline-generic-hybrid,0,0,0,0,0,0,0,0,0,0,0,0,,0.0,
Q-013,Q-013,en,setup_configuration,LM1200,16,False,12251.211,deterministic,passthrough,False,none,0.4,True,1.0,0.6366824387328317,0.3,True,1.0,0.7757386182436072,0.26666666666666666,True,1.0,0.8846323793118396,0.2,True,1.0,0.8846323793118396,0.16,True,1.0,0.8846323793118396,0.13333333333333333,True,1.0,0.8846323793118396,0.11428571428571428,True,1.0,0.8846323793118396,0.1,True,1.0,0.8846323793118396,0.08888888888888889,True,1.0,0.8846323793118396,0.08,True,1.0,0.8846323793118396,0.07272727272727272,True,1.0,0.8846323793118396,0.06666666666666667,True,1.0,0.8846323793118396,['cf1f57e0-473a-57f3-8d91-a52b0070e80b'],baseline-generic-hybrid,2,3,4,4,4,4,4,4,4,4,4,4,1,1.0,5
Q-014,Q-014,en,troubleshooting_diagnostics,LM1200,21,False,12033.676,deterministic,passthrough,False,none,0.0,False,0.0,0.0,0.0,False,0.0,0.0,0.0,False,0.0,0.0,0.05,True,1.0,0.23540891336663824,0.04,True,1.0,0.23540891336663824,0.03333333333333333,True,1.0,0.23540891336663824,0.02857142857142857,True,1.0,0.23540891336663824,0.025,True,1.0,0.23540891336663824,0.022222222222222223,True,1.0,0.23540891336663824,0.02,True,1.0,0.23540891336663824,0.01818181818181818,True,1.0,0.23540891336663824,0.016666666666666666,True,1.0,0.23540891336663824,['72dd6f50-8da8-5970-b90b-3a0719762e64'],baseline-generic-hybrid,0,0,0,1,1,1,1,1,1,1,1,1,18,0.05555555555555555,20
Q-015,Q-015,en,features_security_maintenance_limitations,LM1200,36,False,11980.793,deterministic,passthrough,False,none,0.4,True,1.0,0.3156484524795145,0.4,True,1.0,0.5247389799696899,0.3333333333333333,True,1.0,0.6115497562056162,0.25,True,1.0,0.6115497562056162,0.2,True,1.0,0.6115497562056162,0.16666666666666666,True,1.0,0.6115497562056162,0.14285714285714285,True,1.0,0.6115497562056162,0.125,True,1.0,0.6115497562056162,0.1111111111111111,True,1.0,0.6115497562056162,0.1,True,1.0,0.6115497562056162,0.09090909090909091,True,1.0,0.6115497562056162,0.08333333333333333,True,1.0,0.6115497562056162,['eb06abbc-3f74-5ddc-bfd6-17572beb2155'],baseline-generic-hybrid,2,4,5,5,5,5,5,5,5,5,5,5,3,0.3333333333333333,5
Q-016,Q-016,en,facts_specifications,LM1200,36,False,12062.993,deterministic,passthrough,False,none,0.8,True,1.0,0.8687949224876582,0.4,True,1.0,0.8687949224876582,0.26666666666666666,True,1.0,0.8687949224876582,0.25,True,1.0,0.9460116107704121,0.2,True,1.0,0.9460116107704121,0.16666666666666666,True,1.0,0.9460116107704121,0.14285714285714285,True,1.0,0.9460116107704121,0.125,True,1.0,0.9460116107704121,0.1111111111111111,True,1.0,0.9460116107704121,0.1,True,1.0,0.9460116107704121,0.09090909090909091,True,1.0,0.9460116107704121,0.08333333333333333,True,1.0,0.9460116107704121,['7e1a62c7-f256-5d08-a456-a62949c30491'],baseline-generic-hybrid,4,4,4,5,5,5,5,5,5,5,5,5,1,1.0,5
Q-017,Q-017,en,facts_specifications,LM1200,20,False,14407.808,deterministic,passthrough,False,none,0.0,False,0.0,0.0,0.0,False,0.0,0.0,0.0,False,0.0,0.0,0.0,False,0.0,0.0,0.0,False,0.0,0.0,0.0,False,0.0,0.0,0.0,False,0.0,0.0,0.0,False,0.0,0.0,0.0,False,0.0,0.0,0.0,False,0.0,0.0,0.0,False,0.0,0.0,0.0,False,0.0,0.0,['43434cb0-0be2-5d97-be19-dfb7256b7c44'],baseline-generic-hybrid,0,0,0,0,0,0,0,0,0,0,0,0,,0.0,
Q-018,Q-018,en,troubleshooting_diagnostics,LM1200,24,False,14530.18,deterministic,passthrough,False,none,0.0,False,0.0,0.0,0.0,False,0.0,0.0,0.06666666666666667,True,1.0,0.1710330840677181,0.1,True,1.0,0.3210398771760559,0.08,True,1.0,0.3210398771760559,0.06666666666666667,True,1.0,0.3210398771760559,0.05714285714285714,True,1.0,0.3210398771760559,0.05,True,1.0,0.3210398771760559,0.044444444444444446,True,1.0,0.3210398771760559,0.04,True,1.0,0.3210398771760559,0.03636363636363636,True,1.0,0.3210398771760559,0.03333333333333333,True,1.0,0.3210398771760559,['82ef2627-a58c-55ae-ab74-3f865a33e979'],baseline-generic-hybrid,0,0,1,2,2,2,2,2,2,2,2,2,11,0.09090909090909091,15
Q-019,Q-019,en,troubleshooting_diagnostics,LM1200,22,False,14528.962,deterministic,passthrough,False,none,0.0,False,0.0,0.0,0.0,False,0.0,0.0,0.0,False,0.0,0.0,0.0,False,0.0,0.0,0.0,False,0.0,0.0,0.0,False,0.0,0.0,0.0,False,0.0,0.0,0.0,False,0.0,0.0,0.0,False,0.0,0.0,0.0,False,0.0,0.0,0.0,False,0.0,0.0,0.0,False,0.0,0.0,['6f442d4b-b8ba-5fe7-b4e9-9e90463dc194'],baseline-generic-hybrid,0,0,0,0,0,0,0,0,0,0,0,0,,0.0,
Q-020,Q-020,en,troubleshooting_diagnostics,R6350,38,False,14318.858,deterministic,passthrough,False,none,0.0,False,0.0,0.0,0.0,False,0.0,0.0,0.0,False,0.0,0.0,0.0,False,0.0,0.0,0.04,True,1.0,0.21533827903669653,0.03333333333333333,True,1.0,0.21533827903669653,0.02857142857142857,True,1.0,0.21533827903669653,0.025,True,1.0,0.21533827903669653,0.022222222222222223,True,1.0,0.21533827903669653,0.02,True,1.0,0.21533827903669653,0.01818181818181818,True,1.0,0.21533827903669653,0.016666666666666666,True,1.0,0.21533827903669653,['1190a45f-877b-5cd2-a8d9-5ab1c390c374'],baseline-generic-hybrid,0,0,0,0,1,1,1,1,1,1,1,1,24,0.041666666666666664,25
Q-021,Q-021,en,troubleshooting_diagnostics,R6350,29,False,11302.539,deterministic,passthrough,False,none,0.2,True,1.0,0.38685280723454163,0.1,True,1.0,0.38685280723454163,0.06666666666666667,True,1.0,0.38685280723454163,0.05,True,1.0,0.38685280723454163,0.04,True,1.0,0.38685280723454163,0.06666666666666667,True,1.0,0.5130672146973186,0.05714285714285714,True,1.0,0.5130672146973186,0.05,True,1.0,0.5130672146973186,0.044444444444444446,True,1.0,0.5130672146973186,0.04,True,1.0,0.5130672146973186,0.03636363636363636,True,1.0,0.5130672146973186,0.03333333333333333,True,1.0,0.5130672146973186,['ad49e55f-a53b-5c41-8bf1-a36c022c9b3b'],baseline-generic-hybrid,1,1,1,1,1,2,2,2,2,2,2,2,2,0.5,5
Q-022,Q-022,en,troubleshooting_diagnostics,R6350,22,False,11182.199,deterministic,passthrough,False,none,0.2,True,1.0,0.6309297535714575,0.1,True,1.0,0.6309297535714575,0.06666666666666667,True,1.0,0.6309297535714575,0.05,True,1.0,0.6309297535714575,0.04,True,1.0,0.6309297535714575,0.03333333333333333,True,1.0,0.6309297535714575,0.02857142857142857,True,1.0,0.6309297535714575,0.025,True,1.0,0.6309297535714575,0.022222222222222223,True,1.0,0.6309297535714575,0.02,True,1.0,0.6309297535714575,0.01818181818181818,True,1.0,0.6309297535714575,0.016666666666666666,True,1.0,0.6309297535714575,['d4e1d4fc-7655-51fc-8d81-af75a4b11734'],baseline-generic-hybrid,1,1,1,1,1,1,1,1,1,1,1,1,2,0.5,5
Q-023,Q-023,en,troubleshooting_diagnostics,R6350,33,False,11080.579,deterministic,passthrough,False,none,0.2,True,1.0,0.5,0.1,True,1.0,0.5,0.06666666666666667,True,1.0,0.5,0.05,True,1.0,0.5,0.04,True,1.0,0.5,0.03333333333333333,True,1.0,0.5,0.02857142857142857,True,1.0,0.5,0.025,True,1.0,0.5,0.022222222222222223,True,1.0,0.5,0.02,True,1.0,0.5,0.01818181818181818,True,1.0,0.5,0.016666666666666666,True,1.0,0.5,['31b5dd16-326a-5e79-817f-c2585e0248a2'],baseline-generic-hybrid,1,1,1,1,1,1,1,1,1,1,1,1,3,0.3333333333333333,5
Q-024,Q-024,en,setup_configuration,R6350,24,False,11176.646,deterministic,passthrough,False,none,0.0,False,0.0,0.0,0.0,False,0.0,0.0,0.0,False,0.0,0.0,0.0,False,0.0,0.0,0.0,False,0.0,0.0,0.0,False,0.0,0.0,0.0,False,0.0,0.0,0.0,False,0.0,0.0,0.0,False,0.0,0.0,0.0,False,0.0,0.0,0.0,False,0.0,0.0,0.0,False,0.0,0.0,['0528f0b9-15e5-5482-9a68-0f02d2d61d68'],baseline-generic-hybrid,0,0,0,0,0,0,0,0,0,0,0,0,,0.0,
Q-025,Q-025,en,setup_configuration,R6350,46,False,12748.93,deterministic,passthrough,False,none,0.2,True,1.0,0.18154179253735267,0.1,True,1.0,0.18154179253735267,0.06666666666666667,True,1.0,0.18154179253735267,0.05,True,1.0,0.18154179253735267,0.08,True,1.0,0.2867746486846474,0.06666666666666667,True,1.0,0.2867746486846474,0.05714285714285714,True,1.0,0.2867746486846474,0.05,True,1.0,0.2867746486846474,0.06666666666666667,True,1.0,0.3717340878574363,0.06,True,1.0,0.3717340878574363,0.05454545454545454,True,1.0,0.3717340878574363,0.05,True,1.0,0.3717340878574363,['12d6aaad-d982-5f95-8b7d-63ba7706aba5'],baseline-generic-hybrid,1,1,1,1,2,2,2,2,3,3,3,3,5,0.2,5
Q-026,Q-026,en,facts_specifications,R6350,22,False,12503.247,deterministic,passthrough,False,none,0.4,True,1.0,0.8503449055347546,0.2,True,1.0,0.8503449055347546,0.13333333333333333,True,1.0,0.8503449055347546,0.1,True,1.0,0.8503449055347546,0.08,True,1.0,0.8503449055347546,0.06666666666666667,True,1.0,0.8503449055347546,0.05714285714285714,True,1.0,0.8503449055347546,0.05,True,1.0,0.8503449055347546,0.044444444444444446,True,1.0,0.8503449055347546,0.04,True,1.0,0.8503449055347546,0.03636363636363636,True,1.0,0.8503449055347546,0.03333333333333333,True,1.0,0.8503449055347546,['3fbed70d-f242-5a78-90cc-f0f2674fe5f7'],baseline-generic-hybrid,2,2,2,2,2,2,2,2,2,2,2,2,1,1.0,5
Q-027,Q-027,en,setup_configuration,R6350,37,False,12762.251,deterministic,passthrough,False,none,0.0,False,0.0,0.0,0.0,False,0.0,0.0,0.06666666666666667,True,1.0,0.26264953503719357,0.05,True,1.0,0.26264953503719357,0.04,True,1.0,0.26264953503719357,0.03333333333333333,True,1.0,0.26264953503719357,0.02857142857142857,True,1.0,0.26264953503719357,0.025,True,1.0,0.26264953503719357,0.022222222222222223,True,1.0,0.26264953503719357,0.02,True,1.0,0.26264953503719357,0.01818181818181818,True,1.0,0.26264953503719357,0.016666666666666666,True,1.0,0.26264953503719357,['92de127d-5c3f-5d2a-a801-234fc3e5b014'],baseline-generic-hybrid,0,0,1,1,1,1,1,1,1,1,1,1,13,0.07692307692307693,15
Q-028,Q-028,en,troubleshooting_diagnostics,R6350,25,False,12763.663,deterministic,passthrough,False,none,0.0,False,0.0,0.0,0.0,False,0.0,0.0,0.0,False,0.0,0.0,0.05,True,1.0,0.227670248696953,0.04,True,1.0,0.227670248696953,0.03333333333333333,True,1.0,0.227670248696953,0.02857142857142857,True,1.0,0.227670248696953,0.025,True,1.0,0.227670248696953,0.022222222222222223,True,1.0,0.227670248696953,0.02,True,1.0,0.227670248696953,0.01818181818181818,True,1.0,0.227670248696953,0.016666666666666666,True,1.0,0.227670248696953,['2a3ade55-f893-5d78-8ead-3ff6b3d197c7'],baseline-generic-hybrid,0,0,0,1,1,1,1,1,1,1,1,1,20,0.05,20
Q-029,Q-029,en,features_security_maintenance_limitations,R6350,23,False,11779.895,deterministic,passthrough,False,none,0.2,True,1.0,0.43067655807339306,0.1,True,1.0,0.43067655807339306,0.06666666666666667,True,1.0,0.43067655807339306,0.05,True,1.0,0.43067655807339306,0.04,True,1.0,0.43067655807339306,0.03333333333333333,True,1.0,0.43067655807339306,0.02857142857142857,True,1.0,0.43067655807339306,0.025,True,1.0,0.43067655807339306,0.022222222222222223,True,1.0,0.43067655807339306,0.02,True,1.0,0.43067655807339306,0.01818181818181818,True,1.0,0.43067655807339306,0.016666666666666666,True,1.0,0.43067655807339306,['5a7fc3bd-5bd0-57b2-944d-5a981598dcf7'],baseline-generic-hybrid,1,1,1,1,1,1,1,1,1,1,1,1,4,0.25,5
Q-030,Q-030,en,setup_configuration,R6350,38,False,11909.903,deterministic,passthrough,False,none,0.2,True,1.0,0.19519002499605084,0.1,True,1.0,0.19519002499605084,0.06666666666666667,True,1.0,0.19519002499605084,0.15,True,1.0,0.38102215427914865,0.12,True,1.0,0.38102215427914865,0.13333333333333333,True,1.0,0.4605796749504832,0.11428571428571428,True,1.0,0.4605796749504832,0.1,True,1.0,0.4605796749504832,0.08888888888888889,True,1.0,0.4605796749504832,0.08,True,1.0,0.4605796749504832,0.07272727272727272,True,1.0,0.4605796749504832,0.06666666666666667,True,1.0,0.4605796749504832,['006d8e6b-77f6-54fa-826b-6d417979808f'],baseline-generic-hybrid,1,1,1,3,3,4,4,4,4,4,4,4,3,0.3333333333333333,5
Q-031,Q-031,en,troubleshooting_diagnostics,R6350,25,False,11903.299,deterministic,passthrough,False,none,0.0,False,0.0,0.0,0.1,True,1.0,0.21840743681816419,0.06666666666666667,True,1.0,0.21840743681816419,0.05,True,1.0,0.21840743681816419,0.08,True,1.0,0.35044149810445957,0.06666666666666667,True,1.0,0.35044149810445957,0.05714285714285714,True,1.0,0.35044149810445957,0.05,True,1.0,0.35044149810445957,0.044444444444444446,True,1.0,0.35044149810445957,0.04,True,1.0,0.35044149810445957,0.03636363636363636,True,1.0,0.35044149810445957,0.03333333333333333,True,1.0,0.35044149810445957,['818e0932-f3ff-5602-b5b9-5f1d94d353ed'],baseline-generic-hybrid,0,1,1,1,2,2,2,2,2,2,2,2,6,0.16666666666666666,10
Q-032,Q-032,en,facts_specifications,R7000,21,False,12010.28,deterministic,passthrough,False,none,0.0,False,0.0,0.0,0.0,False,0.0,0.0,0.06666666666666667,True,1.0,0.27894294565112987,0.05,True,1.0,0.27894294565112987,0.04,True,1.0,0.27894294565112987,0.03333333333333333,True,1.0,0.27894294565112987,0.02857142857142857,True,1.0,0.27894294565112987,0.025,True,1.0,0.27894294565112987,0.022222222222222223,True,1.0,0.27894294565112987,0.02,True,1.0,0.27894294565112987,0.01818181818181818,True,1.0,0.27894294565112987,0.016666666666666666,True,1.0,0.27894294565112987,['cf6a9c70-f40a-521b-8ee5-c0a7ff8c1279'],baseline-generic-hybrid,0,0,1,1,1,1,1,1,1,1,1,1,11,0.09090909090909091,15
Q-033,Q-033,en,setup_configuration,R7000,26,False,11421.88,deterministic,passthrough,False,none,0.0,False,0.0,0.0,0.0,False,0.0,0.0,0.0,False,0.0,0.0,0.0,False,0.0,0.0,0.04,True,1.0,0.22106472945750374,0.03333333333333333,True,1.0,0.22106472945750374,0.02857142857142857,True,1.0,0.22106472945750374,0.025,True,1.0,0.22106472945750374,0.022222222222222223,True,1.0,0.22106472945750374,0.02,True,1.0,0.22106472945750374,0.01818181818181818,True,1.0,0.22106472945750374,0.016666666666666666,True,1.0,0.22106472945750374,['9213a4bb-497e-56d3-be43-8791bb53a54e'],baseline-generic-hybrid,0,0,0,0,1,1,1,1,1,1,1,1,22,0.045454545454545456,25
Q-034,Q-034,en,setup_configuration,R7000,21,False,11339.081,deterministic,passthrough,False,none,0.0,False,0.0,0.0,0.0,False,0.0,0.0,0.0,False,0.0,0.0,0.0,False,0.0,0.0,0.0,False,0.0,0.0,0.0,False,0.0,0.0,0.0,False,0.0,0.0,0.0,False,0.0,0.0,0.0,False,0.0,0.0,0.0,False,0.0,0.0,0.0,False,0.0,0.0,0.0,False,0.0,0.0,['8aecb252-6293-553d-8e28-ef7b756f0c82'],baseline-generic-hybrid,0,0,0,0,0,0,0,0,0,0,0,0,,0.0,
Q-035,Q-035,en,facts_specifications,R7000,26,False,11230.554,deterministic,passthrough,False,none,0.0,False,0.0,0.0,0.1,True,1.0,0.15642624200758548,0.06666666666666667,True,1.0,0.15642624200758548,0.1,True,1.0,0.2632670462693757,0.12,True,1.0,0.3656187505524412,0.1,True,1.0,0.3656187505524412,0.08571428571428572,True,1.0,0.3656187505524412,0.075,True,1.0,0.3656187505524412,0.06666666666666667,True,1.0,0.3656187505524412,0.06,True,1.0,0.3656187505524412,0.05454545454545454,True,1.0,0.3656187505524412,0.05,True,1.0,0.3656187505524412,['54a5ae0e-dabe-533f-8906-cd65b27661ec'],baseline-generic-hybrid,0,1,1,2,3,3,3,3,3,3,3,3,7,0.14285714285714285,10
Q-036,Q-036,en,facts_specifications,R7000,24,False,11017.896,deterministic,passthrough,False,none,0.0,False,0.0,0.0,0.1,True,1.0,0.20438239758848611,0.13333333333333333,True,1.0,0.37007816335371563,0.1,True,1.0,0.37007816335371563,0.08,True,1.0,0.37007816335371563,0.06666666666666667,True,1.0,0.37007816335371563,0.05714285714285714,True,1.0,0.37007816335371563,0.05,True,1.0,0.37007816335371563,0.044444444444444446,True,1.0,0.37007816335371563,0.04,True,1.0,0.37007816335371563,0.03636363636363636,True,1.0,0.37007816335371563,0.03333333333333333,True,1.0,0.37007816335371563,['537310b8-39d1-57ca-81f0-ddddc2ad9916'],baseline-generic-hybrid,0,1,2,2,2,2,2,2,2,2,2,2,7,0.14285714285714285,10
Q-037,Q-037,en,features_security_maintenance_limitations,R7000,23,False,12794.759,deterministic,passthrough,False,none,0.0,False,0.0,0.0,0.0,False,0.0,0.0,0.06666666666666667,True,1.0,0.12681701683239352,0.15,True,1.0,0.3520987065175088,0.12,True,1.0,0.3520987065175088,0.1,True,1.0,0.3520987065175088,0.08571428571428572,True,1.0,0.3520987065175088,0.075,True,1.0,0.3520987065175088,0.06666666666666667,True,1.0,0.3520987065175088,0.06,True,1.0,0.3520987065175088,0.05454545454545454,True,1.0,0.3520987065175088,0.05,True,1.0,0.3520987065175088,['79d677ad-2fef-50d3-92dd-c07a6df0f14e'],baseline-generic-hybrid,0,0,1,3,3,3,3,3,3,3,3,3,12,0.08333333333333333,15
Q-038,Q-038,en,setup_configuration,R7000,28,False,12564.11,deterministic,passthrough,False,none,0.2,True,1.0,0.6309297535714575,0.1,True,1.0,0.6309297535714575,0.06666666666666667,True,1.0,0.6309297535714575,0.05,True,1.0,0.6309297535714575,0.04,True,1.0,0.6309297535714575,0.03333333333333333,True,1.0,0.6309297535714575,0.02857142857142857,True,1.0,0.6309297535714575,0.025,True,1.0,0.6309297535714575,0.022222222222222223,True,1.0,0.6309297535714575,0.02,True,1.0,0.6309297535714575,0.01818181818181818,True,1.0,0.6309297535714575,0.016666666666666666,True,1.0,0.6309297535714575,['d4980606-c8d1-5aca-adbe-96e35254c9e1'],baseline-generic-hybrid,1,1,1,1,1,1,1,1,1,1,1,1,2,0.5,5
Q-039,Q-039,en,features_security_maintenance_limitations,R7000,32,False,12600.758,deterministic,passthrough,False,none,0.0,False,0.0,0.0,0.1,True,1.0,0.20438239758848611,0.06666666666666667,True,1.0,0.20438239758848611,0.05,True,1.0,0.20438239758848611,0.08,True,1.0,0.33482704309666056,0.06666666666666667,True,1.0,0.33482704309666056,0.05714285714285714,True,1.0,0.33482704309666056,0.05,True,1.0,0.33482704309666056,0.044444444444444446,True,1.0,0.33482704309666056,0.04,True,1.0,0.33482704309666056,0.03636363636363636,True,1.0,0.33482704309666056,0.03333333333333333,True,1.0,0.33482704309666056,['af255485-98d7-59f8-94db-806fd6280e64'],baseline-generic-hybrid,0,1,1,1,2,2,2,2,2,2,2,2,7,0.14285714285714285,10
Q-040,Q-040,en,setup_configuration,R7000,17,False,12384.065,deterministic,passthrough,False,none,0.4,True,1.0,0.9197207891481876,0.2,True,1.0,0.9197207891481876,0.13333333333333333,True,1.0,0.9197207891481876,0.1,True,1.0,0.9197207891481876,0.08,True,1.0,0.9197207891481876,0.06666666666666667,True,1.0,0.9197207891481876,0.05714285714285714,True,1.0,0.9197207891481876,0.05,True,1.0,0.9197207891481876,0.044444444444444446,True,1.0,0.9197207891481876,0.04,True,1.0,0.9197207891481876,0.03636363636363636,True,1.0,0.9197207891481876,0.03333333333333333,True,1.0,0.9197207891481876,['89cf7641-ad76-514d-a38e-ff036b200250'],baseline-generic-hybrid,2,2,2,2,2,2,2,2,2,2,2,2,1,1.0,5
Q-041,Q-041,en,setup_configuration,R7000,34,False,10711.727,deterministic,passthrough,False,none,0.0,False,0.0,0.0,0.0,False,0.0,0.0,0.0,False,0.0,0.0,0.05,True,1.0,0.10858087310103355,0.08,True,1.0,0.21232184770941623,0.1,True,1.0,0.30993867310118484,0.08571428571428572,True,1.0,0.30993867310118484,0.075,True,1.0,0.30993867310118484,0.06666666666666667,True,1.0,0.30993867310118484,0.06,True,1.0,0.30993867310118484,0.05454545454545454,True,1.0,0.30993867310118484,0.05,True,1.0,0.30993867310118484,['0cff8f5c-96b8-5d33-9c11-37f93f8300fb'],baseline-generic-hybrid,0,0,0,1,2,3,3,3,3,3,3,3,19,0.05263157894736842,20
Q-042,Q-042,en,troubleshooting_diagnostics,R7000,23,False,10633.431,deterministic,passthrough,False,none,0.2,True,1.0,0.5,0.1,True,1.0,0.5,0.06666666666666667,True,1.0,0.5,0.05,True,1.0,0.5,0.04,True,1.0,0.5,0.03333333333333333,True,1.0,0.5,0.02857142857142857,True,1.0,0.5,0.025,True,1.0,0.5,0.022222222222222223,True,1.0,0.5,0.02,True,1.0,0.5,0.01818181818181818,True,1.0,0.5,0.016666666666666666,True,1.0,0.5,['f2289449-f54e-5af6-8243-762118ef305b'],baseline-generic-hybrid,1,1,1,1,1,1,1,1,1,1,1,1,3,0.3333333333333333,5
Q-043,Q-043,en,troubleshooting_diagnostics,R7000,23,False,10547.308,deterministic,passthrough,False,none,0.0,False,0.0,0.0,0.1,True,1.0,0.3562071871080222,0.06666666666666667,True,1.0,0.3562071871080222,0.05,True,1.0,0.3562071871080222,0.04,True,1.0,0.3562071871080222,0.03333333333333333,True,1.0,0.3562071871080222,0.02857142857142857,True,1.0,0.3562071871080222,0.025,True,1.0,0.3562071871080222,0.022222222222222223,True,1.0,0.3562071871080222,0.02,True,1.0,0.3562071871080222,0.01818181818181818,True,1.0,0.3562071871080222,0.016666666666666666,True,1.0,0.3562071871080222,['65aa662f-9473-5c74-b996-74e7f545f09c'],baseline-generic-hybrid,0,1,1,1,1,1,1,1,1,1,1,1,6,0.16666666666666666,10
Q-044,Q-044,en,facts_specifications,RAX120,21,False,10413.319,deterministic,passthrough,False,none,0.0,False,0.0,0.0,0.0,False,0.0,0.0,0.06666666666666667,True,1.0,0.27023815442731974,0.05,True,1.0,0.27023815442731974,0.04,True,1.0,0.27023815442731974,0.03333333333333333,True,1.0,0.27023815442731974,0.02857142857142857,True,1.0,0.27023815442731974,0.025,True,1.0,0.27023815442731974,0.022222222222222223,True,1.0,0.27023815442731974,0.02,True,1.0,0.27023815442731974,0.01818181818181818,True,1.0,0.27023815442731974,0.016666666666666666,True,1.0,0.27023815442731974,['89d399fa-1c1b-5d37-b35a-194ce673ec69'],baseline-generic-hybrid,0,0,1,1,1,1,1,1,1,1,1,1,12,0.08333333333333333,15
Q-045,Q-045,en,facts_specifications,RAX120,21,False,11897.103,deterministic,passthrough,False,none,0.2,True,1.0,0.43067655807339306,0.1,True,1.0,0.43067655807339306,0.06666666666666667,True,1.0,0.43067655807339306,0.05,True,1.0,0.43067655807339306,0.04,True,1.0,0.43067655807339306,0.03333333333333333,True,1.0,0.43067655807339306,0.02857142857142857,True,1.0,0.43067655807339306,0.025,True,1.0,0.43067655807339306,0.022222222222222223,True,1.0,0.43067655807339306,0.02,True,1.0,0.43067655807339306,0.01818181818181818,True,1.0,0.43067655807339306,0.016666666666666666,True,1.0,0.43067655807339306,['6af6a140-458c-5188-b116-2f8430c69437'],baseline-generic-hybrid,1,1,1,1,1,1,1,1,1,1,1,1,4,0.25,5
Q-046,Q-046,en,setup_configuration,RAX120,18,False,11610.368,deterministic,passthrough,False,none,0.0,False,0.0,0.0,0.1,True,1.0,0.21840743681816419,0.13333333333333333,True,1.0,0.3841032025833937,0.1,True,1.0,0.3841032025833937,0.08,True,1.0,0.3841032025833937,0.06666666666666667,True,1.0,0.3841032025833937,0.05714285714285714,True,1.0,0.3841032025833937,0.05,True,1.0,0.3841032025833937,0.044444444444444446,True,1.0,0.3841032025833937,0.04,True,1.0,0.3841032025833937,0.03636363636363636,True,1.0,0.3841032025833937,0.03333333333333333,True,1.0,0.3841032025833937,['f02b327f-e424-5fbd-884a-afa982cfba97'],baseline-generic-hybrid,0,1,2,2,2,2,2,2,2,2,2,2,6,0.16666666666666666,10
Q-047,Q-047,en,facts_specifications,RAX120,22,False,11698.772,deterministic,passthrough,False,none,0.0,False,0.0,0.0,0.0,False,0.0,0.0,0.0,False,0.0,0.0,0.0,False,0.0,0.0,0.0,False,0.0,0.0,0.0,False,0.0,0.0,0.0,False,0.0,0.0,0.0,False,0.0,0.0,0.0,False,0.0,0.0,0.0,False,0.0,0.0,0.0,False,0.0,0.0,0.0,False,0.0,0.0,['304579c0-2505-541b-9272-41a33abdc404'],baseline-generic-hybrid,0,0,0,0,0,0,0,0,0,0,0,0,,0.0,
Q-048,Q-048,en,setup_configuration,RAX120,28,False,12408.369,deterministic,passthrough,False,none,0.0,False,0.0,0.0,0.0,False,0.0,0.0,0.0,False,0.0,0.0,0.0,False,0.0,0.0,0.04,True,1.0,0.22424382421757544,0.03333333333333333,True,1.0,0.22424382421757544,0.02857142857142857,True,1.0,0.22424382421757544,0.025,True,1.0,0.22424382421757544,0.022222222222222223,True,1.0,0.22424382421757544,0.02,True,1.0,0.22424382421757544,0.01818181818181818,True,1.0,0.22424382421757544,0.016666666666666666,True,1.0,0.22424382421757544,['ebd82415-b17d-5082-8472-3811a168faaf'],baseline-generic-hybrid,0,0,0,0,1,1,1,1,1,1,1,1,21,0.047619047619047616,25
Q-049,Q-049,en,features_security_maintenance_limitations,RAX120,24,False,11584.736,deterministic,passthrough,False,none,0.0,False,0.0,0.0,0.0,False,0.0,0.0,0.0,False,0.0,0.0,0.05,True,1.0,0.23137821315975915,0.04,True,1.0,0.23137821315975915,0.03333333333333333,True,1.0,0.23137821315975915,0.02857142857142857,True,1.0,0.23137821315975915,0.025,True,1.0,0.23137821315975915,0.022222222222222223,True,1.0,0.23137821315975915,0.02,True,1.0,0.23137821315975915,0.01818181818181818,True,1.0,0.23137821315975915,0.016666666666666666,True,1.0,0.23137821315975915,['0f01b620-ac86-5a3e-bacb-6893a15e210e'],baseline-generic-hybrid,0,0,0,1,1,1,1,1,1,1,1,1,19,0.05263157894736842,20
Q-050,Q-050,en,facts_specifications,RAX120,34,False,11952.078,deterministic,passthrough,False,none,0.0,False,0.0,0.0,0.1,True,1.0,0.31546487678572877,0.06666666666666667,True,1.0,0.31546487678572877,0.05,True,1.0,0.31546487678572877,0.04,True,1.0,0.31546487678572877,0.03333333333333333,True,1.0,0.31546487678572877,0.02857142857142857,True,1.0,0.31546487678572877,0.025,True,1.0,0.31546487678572877,0.022222222222222223,True,1.0,0.31546487678572877,0.02,True,1.0,0.31546487678572877,0.01818181818181818,True,1.0,0.31546487678572877,0.016666666666666666,True,1.0,0.31546487678572877,['bb9735df-2bc3-50f1-9fb8-2235613d714e'],baseline-generic-hybrid,0,1,1,1,1,1,1,1,1,1,1,1,8,0.125,10
Q-051,Q-051,en,setup_configuration,RAX120,41,False,11843.16,deterministic,passthrough,False,none,0.2,True,1.0,0.16812753627111746,0.2,True,1.0,0.2856436410275446,0.13333333333333333,True,1.0,0.2856436410275446,0.2,True,1.0,0.4648470025159653,0.16,True,1.0,0.4648470025159653,0.13333333333333333,True,1.0,0.4648470025159653,0.11428571428571428,True,1.0,0.4648470025159653,0.1,True,1.0,0.4648470025159653,0.08888888888888889,True,1.0,0.4648470025159653,0.08,True,1.0,0.4648470025159653,0.07272727272727272,True,1.0,0.4648470025159653,0.06666666666666667,True,1.0,0.4648470025159653,['9d1e53fd-0a2d-51bd-bb64-2521b239e8f3'],baseline-generic-hybrid,1,2,2,4,4,4,4,4,4,4,4,4,4,0.25,5
Q-052,Q-052,en,features_security_maintenance_limitations,RAX120,38,False,11191.971,deterministic,passthrough,False,none,0.2,True,1.0,0.3065735963827292,0.1,True,1.0,0.3065735963827292,0.13333333333333333,True,1.0,0.4635135407606591,0.1,True,1.0,0.4635135407606591,0.08,True,1.0,0.4635135407606591,0.06666666666666667,True,1.0,0.4635135407606591,0.05714285714285714,True,1.0,0.4635135407606591,0.05,True,1.0,0.4635135407606591,0.044444444444444446,True,1.0,0.4635135407606591,0.04,True,1.0,0.4635135407606591,0.03636363636363636,True,1.0,0.4635135407606591,0.03333333333333333,True,1.0,0.4635135407606591,['d7d2bc93-72bb-53d6-945c-0708fde2888b'],baseline-generic-hybrid,1,1,2,2,2,2,2,2,2,2,2,2,3,0.3333333333333333,5
Q-053,Q-053,en,facts_specifications,RAX120,25,False,11430.453,deterministic,passthrough,False,none,0.0,False,0.0,0.0,0.1,True,1.0,0.3562071871080222,0.06666666666666667,True,1.0,0.3562071871080222,0.05,True,1.0,0.3562071871080222,0.04,True,1.0,0.3562071871080222,0.03333333333333333,True,1.0,0.3562071871080222,0.02857142857142857,True,1.0,0.3562071871080222,0.025,True,1.0,0.3562071871080222,0.022222222222222223,True,1.0,0.3562071871080222,0.02,True,1.0,0.3562071871080222,0.01818181818181818,True,1.0,0.3562071871080222,0.016666666666666666,True,1.0,0.3562071871080222,['cf516841-9648-5ad0-aaaa-b65b9c5d85aa'],baseline-generic-hybrid,0,1,1,1,1,1,1,1,1,1,1,1,6,0.16666666666666666,10
Q-054,Q-054,en,troubleshooting_diagnostics,RAX120,23,False,10882.486,deterministic,passthrough,False,none,0.0,False,0.0,0.0,0.0,False,0.0,0.0,0.0,False,0.0,0.0,0.0,False,0.0,0.0,0.0,False,0.0,0.0,0.0,False,0.0,0.0,0.0,False,0.0,0.0,0.0,False,0.0,0.0,0.0,False,0.0,0.0,0.0,False,0.0,0.0,0.0,False,0.0,0.0,0.0,False,0.0,0.0,['48b55cf6-5b08-527e-bd26-f4183bca41e2'],baseline-generic-hybrid,0,0,0,0,0,0,0,0,0,0,0,0,,0.0,
Q-055,Q-055,en,facts_specifications,RAX120,41,False,10974.379,deterministic,passthrough,False,none,0.0,False,0.0,0.0,0.0,False,0.0,0.0,0.06666666666666667,True,1.0,0.27894294565112987,0.05,True,1.0,0.27894294565112987,0.04,True,1.0,0.27894294565112987,0.03333333333333333,True,1.0,0.27894294565112987,0.02857142857142857,True,1.0,0.27894294565112987,0.025,True,1.0,0.27894294565112987,0.022222222222222223,True,1.0,0.27894294565112987,0.02,True,1.0,0.27894294565112987,0.01818181818181818,True,1.0,0.27894294565112987,0.016666666666666666,True,1.0,0.27894294565112987,['7059c14f-c840-5863-9050-2518f69aa8d5'],baseline-generic-hybrid,0,0,1,1,1,1,1,1,1,1,1,1,11,0.09090909090909091,15
Q-056,Q-056,en,troubleshooting_diagnostics,RAX50,22,False,10874.031,deterministic,passthrough,False,none,0.2,True,1.0,1.0,0.1,True,1.0,1.0,0.06666666666666667,True,1.0,1.0,0.05,True,1.0,1.0,0.04,True,1.0,1.0,0.03333333333333333,True,1.0,1.0,0.02857142857142857,True,1.0,1.0,0.025,True,1.0,1.0,0.022222222222222223,True,1.0,1.0,0.02,True,1.0,1.0,0.01818181818181818,True,1.0,1.0,0.016666666666666666,True,1.0,1.0,['f42f57b0-65cd-5982-935c-289c54636287'],baseline-generic-hybrid,1,1,1,1,1,1,1,1,1,1,1,1,1,1.0,5
Q-057,Q-057,en,setup_configuration,RAX50,26,False,10816.593,deterministic,passthrough,False,none,0.0,False,0.0,0.0,0.0,False,0.0,0.0,0.0,False,0.0,0.0,0.0,False,0.0,0.0,0.0,False,0.0,0.0,0.0,False,0.0,0.0,0.0,False,0.0,0.0,0.0,False,0.0,0.0,0.0,False,0.0,0.0,0.0,False,0.0,0.0,0.0,False,0.0,0.0,0.0,False,0.0,0.0,['e00425b6-15d6-5234-b2e5-d0f194e4e777'],baseline-generic-hybrid,0,0,0,0,0,0,0,0,0,0,0,0,,0.0,
Q-058,Q-058,en,facts_specifications,RAX50,31,False,10577.778,deterministic,passthrough,False,none,0.0,False,0.0,0.0,0.0,False,0.0,0.0,0.0,False,0.0,0.0,0.0,False,0.0,0.0,0.0,False,0.0,0.0,0.0,False,0.0,0.0,0.0,False,0.0,0.0,0.0,False,0.0,0.0,0.0,False,0.0,0.0,0.0,False,0.0,0.0,0.0,False,0.0,0.0,0.0,False,0.0,0.0,['e87e22a2-a89c-58a7-9ff2-ff82463e19a7'],baseline-generic-hybrid,0,0,0,0,0,0,0,0,0,0,0,0,,0.0,
Q-059,Q-059,en,troubleshooting_diagnostics,RAX50,33,False,10718.55,deterministic,passthrough,False,none,0.0,False,0.0,0.0,0.0,False,0.0,0.0,0.0,False,0.0,0.0,0.0,False,0.0,0.0,0.04,True,1.0,0.21533827903669653,0.03333333333333333,True,1.0,0.21533827903669653,0.02857142857142857,True,1.0,0.21533827903669653,0.025,True,1.0,0.21533827903669653,0.022222222222222223,True,1.0,0.21533827903669653,0.02,True,1.0,0.21533827903669653,0.01818181818181818,True,1.0,0.21533827903669653,0.016666666666666666,True,1.0,0.21533827903669653,['03914fcb-62c9-5345-8ab2-2475379fe1be'],baseline-generic-hybrid,0,0,0,0,1,1,1,1,1,1,1,1,24,0.041666666666666664,25
Q-060,Q-060,en,features_security_maintenance_limitations,RAX50,22,False,11435.877,deterministic,passthrough,False,none,0.0,False,0.0,0.0,0.0,False,0.0,0.0,0.0,False,0.0,0.0,0.0,False,0.0,0.0,0.0,False,0.0,0.0,0.0,False,0.0,0.0,0.0,False,0.0,0.0,0.0,False,0.0,0.0,0.0,False,0.0,0.0,0.0,False,0.0,0.0,0.0,False,0.0,0.0,0.0,False,0.0,0.0,['d2849132-6a3d-520c-8f2c-bd5e904e522d'],baseline-generic-hybrid,0,0,0,0,0,0,0,0,0,0,0,0,,0.0,
Q-061,Q-061,en,troubleshooting_diagnostics,RAX50,24,False,9971.154,deterministic,passthrough,False,none,0.0,False,0.0,0.0,0.0,False,0.0,0.0,0.06666666666666667,True,1.0,0.27023815442731974,0.05,True,1.0,0.27023815442731974,0.04,True,1.0,0.27023815442731974,0.03333333333333333,True,1.0,0.27023815442731974,0.02857142857142857,True,1.0,0.27023815442731974,0.025,True,1.0,0.27023815442731974,0.022222222222222223,True,1.0,0.27023815442731974,0.02,True,1.0,0.27023815442731974,0.01818181818181818,True,1.0,0.27023815442731974,0.016666666666666666,True,1.0,0.27023815442731974,['93ffa849-c75e-5120-be9a-d99bb0eed70b'],baseline-generic-hybrid,0,0,1,1,1,1,1,1,1,1,1,1,12,0.08333333333333333,15
Q-062,Q-062,en,troubleshooting_diagnostics,RAX50,44,False,9441.614,deterministic,passthrough,False,none,0.0,False,0.0,0.0,0.0,False,0.0,0.0,0.06666666666666667,True,1.0,0.12681701683239352,0.05,True,1.0,0.12681701683239352,0.08,True,1.0,0.22916872111545905,0.1,True,1.0,0.3257682604083115,0.08571428571428572,True,1.0,0.3257682604083115,0.075,True,1.0,0.3257682604083115,0.06666666666666667,True,1.0,0.3257682604083115,0.06,True,1.0,0.3257682604083115,0.05454545454545454,True,1.0,0.3257682604083115,0.05,True,1.0,0.3257682604083115,['03a4fccb-bb0c-56ec-b67b-eee79c190813'],baseline-generic-hybrid,0,0,1,1,2,3,3,3,3,3,3,3,12,0.08333333333333333,15
Q-063,Q-063,en,facts_specifications,RAX50,30,False,13057.939,deterministic,passthrough,False,none,0.2,True,1.0,0.5,0.1,True,1.0,0.5,0.06666666666666667,True,1.0,0.5,0.05,True,1.0,0.5,0.04,True,1.0,0.5,0.03333333333333333,True,1.0,0.5,0.02857142857142857,True,1.0,0.5,0.025,True,1.0,0.5,0.022222222222222223,True,1.0,0.5,0.02,True,1.0,0.5,0.01818181818181818,True,1.0,0.5,0.016666666666666666,True,1.0,0.5,['a13c3553-78f9-5ede-9cd9-390daad977b6'],baseline-generic-hybrid,1,1,1,1,1,1,1,1,1,1,1,1,3,0.3333333333333333,5
Q-064,Q-064,en,features_security_maintenance_limitations,RAX50,28,False,12778.134,deterministic,passthrough,False,none,0.4,True,1.0,0.5437713091520254,0.2,True,1.0,0.5437713091520254,0.13333333333333333,True,1.0,0.5437713091520254,0.1,True,1.0,0.5437713091520254,0.08,True,1.0,0.5437713091520254,0.06666666666666667,True,1.0,0.5437713091520254,0.05714285714285714,True,1.0,0.5437713091520254,0.05,True,1.0,0.5437713091520254,0.044444444444444446,True,1.0,0.5437713091520254,0.04,True,1.0,0.5437713091520254,0.03636363636363636,True,1.0,0.5437713091520254,0.03333333333333333,True,1.0,0.5437713091520254,['01143d51-a727-543c-b607-948530c2902c'],baseline-generic-hybrid,2,2,2,2,2,2,2,2,2,2,2,2,3,0.3333333333333333,5
Q-065,Q-065,en,troubleshooting_diagnostics,RAX50,21,False,8922.742,deterministic,passthrough,False,none,0.0,False,0.0,0.0,0.0,False,0.0,0.0,0.0,False,0.0,0.0,0.0,False,0.0,0.0,0.0,False,0.0,0.0,0.0,False,0.0,0.0,0.0,False,0.0,0.0,0.0,False,0.0,0.0,0.0,False,0.0,0.0,0.0,False,0.0,0.0,0.0,False,0.0,0.0,0.0,False,0.0,0.0,['af31b6ec-73a8-5529-8fa5-da1f467d1bef'],baseline-generic-hybrid,0,0,0,0,0,0,0,0,0,0,0,0,,0.0,
Q-066,Q-066,en,troubleshooting_diagnostics,RAX50,30,False,13268.73,deterministic,passthrough,False,none,0.0,False,0.0,0.0,0.0,False,0.0,0.0,0.0,False,0.0,0.0,0.0,False,0.0,0.0,0.04,True,1.0,0.21810429198553155,0.03333333333333333,True,1.0,0.21810429198553155,0.02857142857142857,True,1.0,0.21810429198553155,0.025,True,1.0,0.21810429198553155,0.022222222222222223,True,1.0,0.21810429198553155,0.02,True,1.0,0.21810429198553155,0.01818181818181818,True,1.0,0.21810429198553155,0.016666666666666666,True,1.0,0.21810429198553155,['d6a2438e-ce2e-5744-b23d-64355bb7f3b2'],baseline-generic-hybrid,0,0,0,0,1,1,1,1,1,1,1,1,23,0.043478260869565216,25
Q-067,Q-067,en,setup_configuration,RAXE500,24,False,10088.191,deterministic,passthrough,False,none,0.2,True,1.0,0.43067655807339306,0.1,True,1.0,0.43067655807339306,0.06666666666666667,True,1.0,0.43067655807339306,0.05,True,1.0,0.43067655807339306,0.04,True,1.0,0.43067655807339306,0.03333333333333333,True,1.0,0.43067655807339306,0.02857142857142857,True,1.0,0.43067655807339306,0.025,True,1.0,0.43067655807339306,0.022222222222222223,True,1.0,0.43067655807339306,0.02,True,1.0,0.43067655807339306,0.01818181818181818,True,1.0,0.43067655807339306,0.016666666666666666,True,1.0,0.43067655807339306,['a3662689-f8b9-5c28-8c0a-b2185487bec9'],baseline-generic-hybrid,1,1,1,1,1,1,1,1,1,1,1,1,4,0.25,5
Q-068,Q-068,en,troubleshooting_diagnostics,RAXE500,29,False,13215.744,deterministic,passthrough,False,none,0.2,True,1.0,0.2640681225725909,0.1,True,1.0,0.2640681225725909,0.06666666666666667,True,1.0,0.2640681225725909,0.05,True,1.0,0.2640681225725909,0.04,True,1.0,0.2640681225725909,0.06666666666666667,True,1.0,0.3902825300353679,0.05714285714285714,True,1.0,0.3902825300353679,0.05,True,1.0,0.3902825300353679,0.044444444444444446,True,1.0,0.3902825300353679,0.04,True,1.0,0.3902825300353679,0.03636363636363636,True,1.0,0.3902825300353679,0.03333333333333333,True,1.0,0.3902825300353679,['feb09c00-0fd2-5b2c-ae97-969bd349df0e'],baseline-generic-hybrid,1,1,1,1,1,2,2,2,2,2,2,2,4,0.25,5
Q-069,Q-069,en,facts_specifications,RAXE500,29,False,8340.853,deterministic,passthrough,False,none,0.0,False,0.0,0.0,0.1,True,1.0,0.1480409554829326,0.06666666666666667,True,1.0,0.1480409554829326,0.1,True,1.0,0.25851335044203005,0.08,True,1.0,0.25851335044203005,0.1,True,1.0,0.35511288973488253,0.08571428571428572,True,1.0,0.35511288973488253,0.075,True,1.0,0.35511288973488253,0.06666666666666667,True,1.0,0.35511288973488253,0.06,True,1.0,0.35511288973488253,0.05454545454545454,True,1.0,0.35511288973488253,0.05,True,1.0,0.35511288973488253,['eae4f314-abe4-5229-ac3e-d9cc4c571b27'],baseline-generic-hybrid,0,1,1,2,2,3,3,3,3,3,3,3,8,0.125,10
Q-070,Q-070,en,setup_configuration,RAXE500,23,False,14734.93,deterministic,passthrough,False,none,0.0,False,0.0,0.0,0.0,False,0.0,0.0,0.0,False,0.0,0.0,0.0,False,0.0,0.0,0.0,False,0.0,0.0,0.0,False,0.0,0.0,0.0,False,0.0,0.0,0.0,False,0.0,0.0,0.0,False,0.0,0.0,0.0,False,0.0,0.0,0.0,False,0.0,0.0,0.0,False,0.0,0.0,['8dba79ed-9bf8-5cb2-833b-a493317e765e'],baseline-generic-hybrid,0,0,0,0,0,0,0,0,0,0,0,0,,0.0,
Q-071,Q-071,en,features_security_maintenance_limitations,RAXE500,27,False,14587.443,deterministic,passthrough,False,none,0.0,False,0.0,0.0,0.0,False,0.0,0.0,0.0,False,0.0,0.0,0.0,False,0.0,0.0,0.0,False,0.0,0.0,0.0,False,0.0,0.0,0.0,False,0.0,0.0,0.0,False,0.0,0.0,0.0,False,0.0,0.0,0.0,False,0.0,0.0,0.0,False,0.0,0.0,0.0,False,0.0,0.0,['33088b55-3bd9-50bd-8652-c3cd7fd2d88f'],baseline-generic-hybrid,0,0,0,0,0,0,0,0,0,0,0,0,,0.0,
Q-072,Q-072,en,facts_specifications,RAXE500,22,False,11032.78,deterministic,passthrough,False,none,0.0,False,0.0,0.0,0.1,True,1.0,0.14126697285982898,0.2,True,1.0,0.3922846188260775,0.15,True,1.0,0.3922846188260775,0.12,True,1.0,0.3922846188260775,0.1,True,1.0,0.3922846188260775,0.08571428571428572,True,1.0,0.3922846188260775,0.075,True,1.0,0.3922846188260775,0.06666666666666667,True,1.0,0.3922846188260775,0.06,True,1.0,0.3922846188260775,0.05454545454545454,True,1.0,0.3922846188260775,0.05,True,1.0,0.3922846188260775,['09ef238c-cabe-5ea4-9616-24e57ee8f002'],baseline-generic-hybrid,0,1,3,3,3,3,3,3,3,3,3,3,9,0.1111111111111111,10
Q-073,Q-073,en,facts_specifications,RAXE500,23,False,11638.448,deterministic,passthrough,False,none,0.0,False,0.0,0.0,0.1,True,1.0,0.3562071871080222,0.06666666666666667,True,1.0,0.3562071871080222,0.05,True,1.0,0.3562071871080222,0.04,True,1.0,0.3562071871080222,0.03333333333333333,True,1.0,0.3562071871080222,0.02857142857142857,True,1.0,0.3562071871080222,0.025,True,1.0,0.3562071871080222,0.022222222222222223,True,1.0,0.3562071871080222,0.02,True,1.0,0.3562071871080222,0.01818181818181818,True,1.0,0.3562071871080222,0.016666666666666666,True,1.0,0.3562071871080222,['04f1b52b-9f18-591e-ac0a-b16ee4a34dad'],baseline-generic-hybrid,0,1,1,1,1,1,1,1,1,1,1,1,6,0.16666666666666666,10
Q-074,Q-074,en,setup_configuration,RAXE500,27,False,12540.506,deterministic,passthrough,False,none,0.2,True,1.0,0.3065735963827292,0.1,True,1.0,0.3065735963827292,0.06666666666666667,True,1.0,0.3065735963827292,0.1,True,1.0,0.44844249824872334,0.08,True,1.0,0.44844249824872334,0.06666666666666667,True,1.0,0.44844249824872334,0.05714285714285714,True,1.0,0.44844249824872334,0.05,True,1.0,0.44844249824872334,0.044444444444444446,True,1.0,0.44844249824872334,0.04,True,1.0,0.44844249824872334,0.03636363636363636,True,1.0,0.44844249824872334,0.03333333333333333,True,1.0,0.44844249824872334,['8533530e-9001-5a31-a453-6077909ff031'],baseline-generic-hybrid,1,1,1,2,2,2,2,2,2,2,2,2,3,0.3333333333333333,5
Q-075,Q-075,en,features_security_maintenance_limitations,RAXE500,39,False,12436.829,deterministic,passthrough,False,none,0.0,False,0.0,0.0,0.2,True,1.0,0.25657228426720274,0.13333333333333333,True,1.0,0.25657228426720274,0.1,True,1.0,0.25657228426720274,0.12,True,1.0,0.3441125995756799,0.13333333333333333,True,1.0,0.42531734861572257,0.11428571428571428,True,1.0,0.42531734861572257,0.1,True,1.0,0.42531734861572257,0.08888888888888889,True,1.0,0.42531734861572257,0.08,True,1.0,0.42531734861572257,0.07272727272727272,True,1.0,0.42531734861572257,0.06666666666666667,True,1.0,0.42531734861572257,['b2cee766-ed4f-59bb-8d66-703a2aecba75'],baseline-generic-hybrid,0,2,2,2,3,4,4,4,4,4,4,4,6,0.16666666666666666,10
Q-076,Q-076,en,features_security_maintenance_limitations,RAXE500,33,False,12541.03,deterministic,passthrough,False,none,0.0,False,0.0,0.0,0.1,True,1.0,0.18457569677956817,0.06666666666666667,True,1.0,0.18457569677956817,0.05,True,1.0,0.18457569677956817,0.04,True,1.0,0.18457569677956817,0.06666666666666667,True,1.0,0.3121192633991562,0.05714285714285714,True,1.0,0.3121192633991562,0.05,True,1.0,0.3121192633991562,0.044444444444444446,True,1.0,0.3121192633991562,0.04,True,1.0,0.3121192633991562,0.03636363636363636,True,1.0,0.3121192633991562,0.03333333333333333,True,1.0,0.3121192633991562,['0fc19ad4-a3f3-5128-a97a-000311ce8919'],baseline-generic-hybrid,0,1,1,1,1,2,2,2,2,2,2,2,9,0.1111111111111111,10
Q-077,Q-077,en,troubleshooting_diagnostics,RAXE500,22,False,11769.725,deterministic,passthrough,False,none,0.2,True,1.0,0.38685280723454163,0.1,True,1.0,0.38685280723454163,0.06666666666666667,True,1.0,0.38685280723454163,0.05,True,1.0,0.38685280723454163,0.04,True,1.0,0.38685280723454163,0.03333333333333333,True,1.0,0.38685280723454163,0.02857142857142857,True,1.0,0.38685280723454163,0.025,True,1.0,0.38685280723454163,0.022222222222222223,True,1.0,0.38685280723454163,0.02,True,1.0,0.38685280723454163,0.01818181818181818,True,1.0,0.38685280723454163,0.016666666666666666,True,1.0,0.38685280723454163,['494eba00-b9d1-5fec-898e-b212c6f28baf'],baseline-generic-hybrid,1,1,1,1,1,1,1,1,1,1,1,1,5,0.2,5
Q-078,Q-078,en,facts_specifications,RBK852,20,False,13158.287,deterministic,passthrough,False,none,0.4,True,1.0,0.8772153153380493,0.2,True,1.0,0.8772153153380493,0.13333333333333333,True,1.0,0.8772153153380493,0.1,True,1.0,0.8772153153380493,0.08,True,1.0,0.8772153153380493,0.06666666666666667,True,1.0,0.8772153153380493,0.05714285714285714,True,1.0,0.8772153153380493,0.05,True,1.0,0.8772153153380493,0.044444444444444446,True,1.0,0.8772153153380493,0.04,True,1.0,0.8772153153380493,0.03636363636363636,True,1.0,0.8772153153380493,0.03333333333333333,True,1.0,0.8772153153380493,['fd0ce992-9b7f-58e2-9140-f25a95a0b95b'],baseline-generic-hybrid,2,2,2,2,2,2,2,2,2,2,2,2,1,1.0,5
Q-079,Q-079,en,facts_specifications,RBK852,33,False,13841.026,deterministic,passthrough,False,none,0.0,False,0.0,0.0,0.1,True,1.0,0.3562071871080222,0.06666666666666667,True,1.0,0.3562071871080222,0.05,True,1.0,0.3562071871080222,0.04,True,1.0,0.3562071871080222,0.03333333333333333,True,1.0,0.3562071871080222,0.02857142857142857,True,1.0,0.3562071871080222,0.025,True,1.0,0.3562071871080222,0.022222222222222223,True,1.0,0.3562071871080222,0.02,True,1.0,0.3562071871080222,0.01818181818181818,True,1.0,0.3562071871080222,0.016666666666666666,True,1.0,0.3562071871080222,['bafbe93c-5d33-537b-82ee-2c89ca1550eb'],baseline-generic-hybrid,0,1,1,1,1,1,1,1,1,1,1,1,6,0.16666666666666666,10
Q-080,Q-080,en,setup_configuration,RBK852,24,False,14273.628,deterministic,passthrough,False,none,0.0,False,0.0,0.0,0.0,False,0.0,0.0,0.0,False,0.0,0.0,0.0,False,0.0,0.0,0.0,False,0.0,0.0,0.0,False,0.0,0.0,0.0,False,0.0,0.0,0.0,False,0.0,0.0,0.0,False,0.0,0.0,0.0,False,0.0,0.0,0.0,False,0.0,0.0,0.0,False,0.0,0.0,['acfcfc10-9010-5a5e-9f6c-e4bbbf310479'],baseline-generic-hybrid,0,0,0,0,0,0,0,0,0,0,0,0,,0.0,
Q-081,Q-081,en,features_security_maintenance_limitations,RBK852,38,False,13004.311,deterministic,passthrough,False,none,0.2,True,1.0,0.20210734650054757,0.1,True,1.0,0.20210734650054757,0.06666666666666667,True,1.0,0.20210734650054757,0.05,True,1.0,0.20210734650054757,0.04,True,1.0,0.20210734650054757,0.03333333333333333,True,1.0,0.20210734650054757,0.08571428571428572,True,1.0,0.38899284214070506,0.075,True,1.0,0.38899284214070506,0.06666666666666667,True,1.0,0.38899284214070506,0.06,True,1.0,0.38899284214070506,0.05454545454545454,True,1.0,0.38899284214070506,0.05,True,1.0,0.38899284214070506,['aee81160-3f45-597d-97ea-c7a1ad45d30a'],baseline-generic-hybrid,1,1,1,1,1,1,3,3,3,3,3,3,4,0.25,5
Q-082,Q-082,en,setup_configuration,RBK852,24,False,12759.8,deterministic,passthrough,False,none,0.6,True,1.0,0.8318724637288826,0.3,True,1.0,0.8318724637288826,0.2,True,1.0,0.8318724637288826,0.2,True,1.0,0.9221979021492724,0.16,True,1.0,0.9221979021492724,0.13333333333333333,True,1.0,0.9221979021492724,0.11428571428571428,True,1.0,0.9221979021492724,0.1,True,1.0,0.9221979021492724,0.08888888888888889,True,1.0,0.9221979021492724,0.08,True,1.0,0.9221979021492724,0.07272727272727272,True,1.0,0.9221979021492724,0.06666666666666667,True,1.0,0.9221979021492724,['a6546993-1d1a-5eb2-b616-d7c4995490a6'],baseline-generic-hybrid,3,3,3,4,4,4,4,4,4,4,4,4,1,1.0,5
Q-083,Q-083,en,features_security_maintenance_limitations,RBK852,32,False,12743.233,deterministic,passthrough,False,none,0.0,False,0.0,0.0,0.0,False,0.0,0.0,0.0,False,0.0,0.0,0.0,False,0.0,0.0,0.0,False,0.0,0.0,0.0,False,0.0,0.0,0.0,False,0.0,0.0,0.0,False,0.0,0.0,0.0,False,0.0,0.0,0.0,False,0.0,0.0,0.0,False,0.0,0.0,0.0,False,0.0,0.0,['83b0f8da-6afa-5070-9d44-c12b3b247e8b'],baseline-generic-hybrid,0,0,0,0,0,0,0,0,0,0,0,0,,0.0,
Q-084,Q-084,en,facts_specifications,RBK852,22,False,11730.451,deterministic,passthrough,False,none,0.0,False,0.0,0.0,0.1,True,1.0,0.20438239758848611,0.13333333333333333,True,1.0,0.36542522267769423,0.1,True,1.0,0.36542522267769423,0.08,True,1.0,0.36542522267769423,0.06666666666666667,True,1.0,0.36542522267769423,0.05714285714285714,True,1.0,0.36542522267769423,0.05,True,1.0,0.36542522267769423,0.044444444444444446,True,1.0,0.36542522267769423,0.04,True,1.0,0.36542522267769423,0.03636363636363636,True,1.0,0.36542522267769423,0.03333333333333333,True,1.0,0.36542522267769423,['0121bbc3-46f8-588c-b9d6-e7e69974a9fe'],baseline-generic-hybrid,0,1,2,2,2,2,2,2,2,2,2,2,7,0.14285714285714285,10
Q-085,Q-085,en,features_security_maintenance_limitations,RBK852,34,False,13519.046,deterministic,passthrough,False,none,0.2,True,1.0,0.46927872602275644,0.2,True,1.0,0.6364391809889587,0.13333333333333333,True,1.0,0.6364391809889587,0.1,True,1.0,0.6364391809889587,0.08,True,1.0,0.6364391809889587,0.1,True,1.0,0.7330387202818112,0.08571428571428572,True,1.0,0.7330387202818112,0.075,True,1.0,0.7330387202818112,0.06666666666666667,True,1.0,0.7330387202818112,0.06,True,1.0,0.7330387202818112,0.05454545454545454,True,1.0,0.7330387202818112,0.05,True,1.0,0.7330387202818112,['e8fbf22f-7fac-51cc-8b76-ef68177b1407'],baseline-generic-hybrid,1,2,2,2,2,3,3,3,3,3,3,3,1,1.0,5
Q-086,Q-086,en,features_security_maintenance_limitations,RBK852,24,False,11532.098,deterministic,passthrough,False,none,0.0,False,0.0,0.0,0.0,False,0.0,0.0,0.0,False,0.0,0.0,0.0,False,0.0,0.0,0.0,False,0.0,0.0,0.0,False,0.0,0.0,0.0,False,0.0,0.0,0.0,False,0.0,0.0,0.0,False,0.0,0.0,0.0,False,0.0,0.0,0.0,False,0.0,0.0,0.0,False,0.0,0.0,['64c7ce15-7a5a-580d-adbe-160bed89ad0b'],baseline-generic-hybrid,0,0,0,0,0,0,0,0,0,0,0,0,,0.0,
Q-087,Q-087,en,troubleshooting_diagnostics,RBK852,21,False,10890.612,deterministic,passthrough,False,none,0.0,False,0.0,0.0,0.0,False,0.0,0.0,0.06666666666666667,True,1.0,0.2559580248098155,0.05,True,1.0,0.2559580248098155,0.04,True,1.0,0.2559580248098155,0.03333333333333333,True,1.0,0.2559580248098155,0.02857142857142857,True,1.0,0.2559580248098155,0.025,True,1.0,0.2559580248098155,0.022222222222222223,True,1.0,0.2559580248098155,0.02,True,1.0,0.2559580248098155,0.01818181818181818,True,1.0,0.2559580248098155,0.016666666666666666,True,1.0,0.2559580248098155,['594cc248-162e-5180-b1f6-243ea1c30a9e'],baseline-generic-hybrid,0,0,1,1,1,1,1,1,1,1,1,1,14,0.07142857142857142,15
Q-088,Q-088,en,troubleshooting_diagnostics,RBK852,53,False,12943.059,deterministic,passthrough,False,none,0.2,True,1.0,0.21398626473452756,0.1,True,1.0,0.21398626473452756,0.06666666666666667,True,1.0,0.21398626473452756,0.1,True,1.0,0.29382760011519554,0.08,True,1.0,0.29382760011519554,0.06666666666666667,True,1.0,0.29382760011519554,0.08571428571428572,True,1.0,0.3604934836521967,0.1,True,1.0,0.4237985537628121,0.1111111111111111,True,1.0,0.48520099804999905,0.1,True,1.0,0.48520099804999905,0.09090909090909091,True,1.0,0.48520099804999905,0.08333333333333333,True,1.0,0.48520099804999905,['8989f72f-c45f-5a19-b2ce-b190765e7b28'],baseline-generic-hybrid,1,1,1,2,2,2,3,4,5,5,5,5,2,0.5,5
Q-089,Q-089,en,facts_specifications,XR500,17,False,10968.037,deterministic,passthrough,False,none,0.0,False,0.0,0.0,0.1,True,1.0,0.31546487678572877,0.06666666666666667,True,1.0,0.31546487678572877,0.05,True,1.0,0.31546487678572877,0.04,True,1.0,0.31546487678572877,0.03333333333333333,True,1.0,0.31546487678572877,0.02857142857142857,True,1.0,0.31546487678572877,0.025,True,1.0,0.31546487678572877,0.022222222222222223,True,1.0,0.31546487678572877,0.02,True,1.0,0.31546487678572877,0.01818181818181818,True,1.0,0.31546487678572877,0.016666666666666666,True,1.0,0.31546487678572877,['3252b308-2ca3-5fec-b98f-6d89b53b5bb2'],baseline-generic-hybrid,0,1,1,1,1,1,1,1,1,1,1,1,8,0.125,10
Q-090,Q-090,en,setup_configuration,XR500,32,False,13739.915,deterministic,passthrough,False,none,0.2,True,1.0,0.2640681225725909,0.1,True,1.0,0.2640681225725909,0.06666666666666667,True,1.0,0.2640681225725909,0.05,True,1.0,0.2640681225725909,0.08,True,1.0,0.3996133408589148,0.06666666666666667,True,1.0,0.3996133408589148,0.05714285714285714,True,1.0,0.3996133408589148,0.05,True,1.0,0.3996133408589148,0.044444444444444446,True,1.0,0.3996133408589148,0.04,True,1.0,0.3996133408589148,0.03636363636363636,True,1.0,0.3996133408589148,0.03333333333333333,True,1.0,0.3996133408589148,['cb248990-463a-5428-8ee2-082f71f0484e'],baseline-generic-hybrid,1,1,1,1,2,2,2,2,2,2,2,2,4,0.25,5
Q-091,Q-091,en,features_security_maintenance_limitations,XR500,27,False,13373.897,deterministic,passthrough,False,none,0.0,False,0.0,0.0,0.0,False,0.0,0.0,0.0,False,0.0,0.0,0.0,False,0.0,0.0,0.0,False,0.0,0.0,0.0,False,0.0,0.0,0.0,False,0.0,0.0,0.0,False,0.0,0.0,0.0,False,0.0,0.0,0.0,False,0.0,0.0,0.0,False,0.0,0.0,0.0,False,0.0,0.0,['44b909e7-8fcd-5a49-bae0-e2be984df636'],baseline-generic-hybrid,0,0,0,0,0,0,0,0,0,0,0,0,,0.0,
Q-092,Q-092,en,features_security_maintenance_limitations,XR500,21,False,12012.259,deterministic,passthrough,False,none,0.2,True,1.0,0.5,0.1,True,1.0,0.5,0.06666666666666667,True,1.0,0.5,0.05,True,1.0,0.5,0.04,True,1.0,0.5,0.03333333333333333,True,1.0,0.5,0.02857142857142857,True,1.0,0.5,0.025,True,1.0,0.5,0.022222222222222223,True,1.0,0.5,0.02,True,1.0,0.5,0.01818181818181818,True,1.0,0.5,0.016666666666666666,True,1.0,0.5,['d9934c94-0789-5258-8d3c-3482e84637b0'],baseline-generic-hybrid,1,1,1,1,1,1,1,1,1,1,1,1,3,0.3333333333333333,5
Q-093,Q-093,en,features_security_maintenance_limitations,XR500,36,False,12016.413,deterministic,passthrough,False,none,0.6,True,1.0,1.0,0.3,True,1.0,1.0,0.2,True,1.0,1.0,0.15,True,1.0,1.0,0.12,True,1.0,1.0,0.1,True,1.0,1.0,0.08571428571428572,True,1.0,1.0,0.075,True,1.0,1.0,0.06666666666666667,True,1.0,1.0,0.06,True,1.0,1.0,0.05454545454545454,True,1.0,1.0,0.05,True,1.0,1.0,['e3bace6b-5d07-5dcc-8041-f1933c6cd04f'],baseline-generic-hybrid,3,3,3,3,3,3,3,3,3,3,3,3,1,1.0,5
Q-094,Q-094,en,features_security_maintenance_limitations,XR500,23,False,12254.192,deterministic,passthrough,False,none,0.2,True,1.0,0.16812753627111746,0.2,True,1.0,0.28097267762005274,0.2,True,1.0,0.3864682618551631,0.2,True,1.0,0.4753461849231938,0.16,True,1.0,0.4753461849231938,0.13333333333333333,True,1.0,0.4753461849231938,0.11428571428571428,True,1.0,0.4753461849231938,0.1,True,1.0,0.4753461849231938,0.08888888888888889,True,1.0,0.4753461849231938,0.08,True,1.0,0.4753461849231938,0.07272727272727272,True,1.0,0.4753461849231938,0.06666666666666667,True,1.0,0.4753461849231938,['e8550a88-ca9e-5dc2-8bb3-4dd7ff222c8d'],baseline-generic-hybrid,1,2,3,4,4,4,4,4,4,4,4,4,4,0.25,5
Q-095,Q-095,en,features_security_maintenance_limitations,XR500,22,False,12272.297,deterministic,passthrough,False,none,0.4,True,1.0,0.7653606369886217,0.3,True,1.0,0.9217868789962071,0.2,True,1.0,0.9217868789962071,0.15,True,1.0,0.9217868789962071,0.12,True,1.0,0.9217868789962071,0.1,True,1.0,0.9217868789962071,0.08571428571428572,True,1.0,0.9217868789962071,0.075,True,1.0,0.9217868789962071,0.06666666666666667,True,1.0,0.9217868789962071,0.06,True,1.0,0.9217868789962071,0.05454545454545454,True,1.0,0.9217868789962071,0.05,True,1.0,0.9217868789962071,['dee55ef8-729a-51e5-9b1c-29cce4910ea6'],baseline-generic-hybrid,2,3,3,3,3,3,3,3,3,3,3,3,1,1.0,5
Q-096,Q-096,en,features_security_maintenance_limitations,XR500,28,False,11932.894,deterministic,passthrough,False,none,0.0,False,0.0,0.0,0.0,False,0.0,0.0,0.0,False,0.0,0.0,0.0,False,0.0,0.0,0.0,False,0.0,0.0,0.0,False,0.0,0.0,0.0,False,0.0,0.0,0.0,False,0.0,0.0,0.0,False,0.0,0.0,0.0,False,0.0,0.0,0.0,False,0.0,0.0,0.0,False,0.0,0.0,['1d4788df-374d-52e0-a31b-c406a91abfcc'],baseline-generic-hybrid,0,0,0,0,0,0,0,0,0,0,0,0,,0.0,
Q-097,Q-097,en,features_security_maintenance_limitations,XR500,29,False,11779.185,deterministic,passthrough,False,none,0.0,False,0.0,0.0,0.0,False,0.0,0.0,0.06666666666666667,True,1.0,0.25,0.05,True,1.0,0.25,0.04,True,1.0,0.25,0.03333333333333333,True,1.0,0.25,0.02857142857142857,True,1.0,0.25,0.025,True,1.0,0.25,0.022222222222222223,True,1.0,0.25,0.02,True,1.0,0.25,0.01818181818181818,True,1.0,0.25,0.016666666666666666,True,1.0,0.25,['9c7f8f5e-dadb-5ed0-b8be-baa2f11349a8'],baseline-generic-hybrid,0,0,1,1,1,1,1,1,1,1,1,1,15,0.06666666666666667,15
Q-098,Q-098,en,features_security_maintenance_limitations,XR500,40,False,12107.945,deterministic,passthrough,False,none,0.0,False,0.0,0.0,0.1,True,1.0,0.13905617951077562,0.13333333333333333,True,1.0,0.24158931812899748,0.15,True,1.0,0.33046724119702825,0.12,True,1.0,0.33046724119702825,0.13333333333333333,True,1.0,0.41167199023707096,0.11428571428571428,True,1.0,0.41167199023707096,0.1,True,1.0,0.41167199023707096,0.08888888888888889,True,1.0,0.41167199023707096,0.08,True,1.0,0.41167199023707096,0.07272727272727272,True,1.0,0.41167199023707096,0.06666666666666667,True,1.0,0.41167199023707096,['65a39d84-6b18-50df-b32a-a7d46fbe2cfc'],baseline-generic-hybrid,0,1,2,3,3,4,4,4,4,4,4,4,6,0.16666666666666666,10
Q-099,Q-099,en,features_security_maintenance_limitations,XR500,24,False,12135.613,deterministic,passthrough,False,none,0.4,True,1.0,0.7039180890341347,0.2,True,1.0,0.7039180890341347,0.2,True,1.0,0.8271739282268582,0.15,True,1.0,0.8271739282268582,0.12,True,1.0,0.8271739282268582,0.1,True,1.0,0.8271739282268582,0.08571428571428572,True,1.0,0.8271739282268582,0.075,True,1.0,0.8271739282268582,0.06666666666666667,True,1.0,0.8271739282268582,0.06,True,1.0,0.8271739282268582,0.05454545454545454,True,1.0,0.8271739282268582,0.05,True,1.0,0.8271739282268582,['36995834-66ad-5975-9724-aa9f228f5502'],baseline-generic-hybrid,2,2,3,3,3,3,3,3,3,3,3,3,1,1.0,5
Q-100,Q-100,en,features_security_maintenance_limitations,XR500,24,False,12508.753,deterministic,passthrough,False,none,0.0,False,0.0,0.0,0.0,False,0.0,0.0,0.0,False,0.0,0.0,0.0,False,0.0,0.0,0.0,False,0.0,0.0,0.0,False,0.0,0.0,0.0,False,0.0,0.0,0.0,False,0.0,0.0,0.0,False,0.0,0.0,0.0,False,0.0,0.0,0.0,False,0.0,0.0,0.0,False,0.0,0.0,['75118c37-2376-50c5-b907-2ae6d10da16e'],baseline-generic-hybrid,0,0,0,0,0,0,0,0,0,0,0,0,,0.0,
Q-101,Q-001,id,facts_specifications,CM2000,29,False,12512.913,deterministic,passthrough,False,none,0.2,True,1.0,0.43067655807339306,0.1,True,1.0,0.43067655807339306,0.06666666666666667,True,1.0,0.43067655807339306,0.05,True,1.0,0.43067655807339306,0.04,True,1.0,0.43067655807339306,0.03333333333333333,True,1.0,0.43067655807339306,0.02857142857142857,True,1.0,0.43067655807339306,0.025,True,1.0,0.43067655807339306,0.022222222222222223,True,1.0,0.43067655807339306,0.02,True,1.0,0.43067655807339306,0.01818181818181818,True,1.0,0.43067655807339306,0.016666666666666666,True,1.0,0.43067655807339306,['724d26e2-ed75-5043-b025-de4c01da0714'],baseline-generic-hybrid,1,1,1,1,1,1,1,1,1,1,1,1,4,0.25,5
Q-102,Q-002,id,facts_specifications,CM2000,21,False,9249.891,deterministic,passthrough,False,none,0.2,True,1.0,0.38685280723454163,0.1,True,1.0,0.38685280723454163,0.06666666666666667,True,1.0,0.38685280723454163,0.05,True,1.0,0.38685280723454163,0.04,True,1.0,0.38685280723454163,0.03333333333333333,True,1.0,0.38685280723454163,0.02857142857142857,True,1.0,0.38685280723454163,0.025,True,1.0,0.38685280723454163,0.022222222222222223,True,1.0,0.38685280723454163,0.02,True,1.0,0.38685280723454163,0.01818181818181818,True,1.0,0.38685280723454163,0.016666666666666666,True,1.0,0.38685280723454163,['b9899548-cfa5-5bb4-8284-7d82e663abd1'],baseline-generic-hybrid,1,1,1,1,1,1,1,1,1,1,1,1,5,0.2,5
Q-103,Q-003,id,setup_configuration,CM2000,21,False,8779.812,deterministic,passthrough,False,none,0.4,True,1.0,0.4367467095119258,0.3,True,1.0,0.5780136823717548,0.2,True,1.0,0.5780136823717548,0.15,True,1.0,0.5780136823717548,0.12,True,1.0,0.5780136823717548,0.1,True,1.0,0.5780136823717548,0.08571428571428572,True,1.0,0.5780136823717548,0.075,True,1.0,0.5780136823717548,0.06666666666666667,True,1.0,0.5780136823717548,0.06,True,1.0,0.5780136823717548,0.05454545454545454,True,1.0,0.5780136823717548,0.05,True,1.0,0.5780136823717548,['8fd1b794-0507-59d3-88fa-2209736ef6da'],baseline-generic-hybrid,2,3,3,3,3,3,3,3,3,3,3,3,3,0.3333333333333333,5
Q-104,Q-004,id,setup_configuration,CM2000,18,False,8398.126,deterministic,passthrough,False,none,0.4,True,1.0,0.9197207891481876,0.2,True,1.0,0.9197207891481876,0.13333333333333333,True,1.0,0.9197207891481876,0.1,True,1.0,0.9197207891481876,0.08,True,1.0,0.9197207891481876,0.06666666666666667,True,1.0,0.9197207891481876,0.05714285714285714,True,1.0,0.9197207891481876,0.05,True,1.0,0.9197207891481876,0.044444444444444446,True,1.0,0.9197207891481876,0.04,True,1.0,0.9197207891481876,0.03636363636363636,True,1.0,0.9197207891481876,0.03333333333333333,True,1.0,0.9197207891481876,['0de5a970-8b6a-5e57-ba98-6f57671a841c'],baseline-generic-hybrid,2,2,2,2,2,2,2,2,2,2,2,2,1,1.0,5
Q-105,Q-005,id,facts_specifications,CM2000,12,False,8387.05,deterministic,passthrough,False,none,0.0,False,0.0,0.0,0.0,False,0.0,0.0,0.0,False,0.0,0.0,0.0,False,0.0,0.0,0.0,False,0.0,0.0,0.0,False,0.0,0.0,0.0,False,0.0,0.0,0.0,False,0.0,0.0,0.0,False,0.0,0.0,0.0,False,0.0,0.0,0.0,False,0.0,0.0,0.0,False,0.0,0.0,['eb2ebf98-481f-54be-b4a3-56ea1bdf5749'],baseline-generic-hybrid,0,0,0,0,0,0,0,0,0,0,0,0,,0.0,
Q-106,Q-006,id,troubleshooting_diagnostics,CM2000,13,False,9030.028,deterministic,passthrough,False,none,0.0,False,0.0,0.0,0.1,True,1.0,0.3562071871080222,0.06666666666666667,True,1.0,0.3562071871080222,0.05,True,1.0,0.3562071871080222,0.04,True,1.0,0.3562071871080222,0.03333333333333333,True,1.0,0.3562071871080222,0.02857142857142857,True,1.0,0.3562071871080222,0.025,True,1.0,0.3562071871080222,0.022222222222222223,True,1.0,0.3562071871080222,0.02,True,1.0,0.3562071871080222,0.01818181818181818,True,1.0,0.3562071871080222,0.016666666666666666,True,1.0,0.3562071871080222,['62f9a09d-d5a8-5805-8b92-4d0be62383ce'],baseline-generic-hybrid,0,1,1,1,1,1,1,1,1,1,1,1,6,0.16666666666666666,10
Q-107,Q-007,id,troubleshooting_diagnostics,CM2000,13,False,9021.753,deterministic,passthrough,False,none,0.2,True,1.0,0.5,0.1,True,1.0,0.5,0.06666666666666667,True,1.0,0.5,0.05,True,1.0,0.5,0.04,True,1.0,0.5,0.03333333333333333,True,1.0,0.5,0.02857142857142857,True,1.0,0.5,0.025,True,1.0,0.5,0.022222222222222223,True,1.0,0.5,0.02,True,1.0,0.5,0.01818181818181818,True,1.0,0.5,0.016666666666666666,True,1.0,0.5,['c5c4c17f-c329-5b9c-837f-7d33e641682f'],baseline-generic-hybrid,1,1,1,1,1,1,1,1,1,1,1,1,3,0.3333333333333333,5
Q-108,Q-008,id,troubleshooting_diagnostics,CM2000,13,False,9246.775,deterministic,passthrough,False,none,0.0,False,0.0,0.0,0.0,False,0.0,0.0,0.06666666666666667,True,1.0,0.27023815442731974,0.05,True,1.0,0.27023815442731974,0.04,True,1.0,0.27023815442731974,0.03333333333333333,True,1.0,0.27023815442731974,0.02857142857142857,True,1.0,0.27023815442731974,0.025,True,1.0,0.27023815442731974,0.022222222222222223,True,1.0,0.27023815442731974,0.02,True,1.0,0.27023815442731974,0.01818181818181818,True,1.0,0.27023815442731974,0.016666666666666666,True,1.0,0.27023815442731974,['85bd9c8e-a264-5649-acbc-73648b7ce861'],baseline-generic-hybrid,0,0,1,1,1,1,1,1,1,1,1,1,12,0.08333333333333333,15
Q-109,Q-009,id,facts_specifications,CM2000,21,False,8676.14,deterministic,passthrough,False,none,0.0,False,0.0,0.0,0.1,True,1.0,0.19342640361727081,0.06666666666666667,True,1.0,0.19342640361727081,0.1,True,1.0,0.3377667179999921,0.08,True,1.0,0.3377667179999921,0.06666666666666667,True,1.0,0.3377667179999921,0.05714285714285714,True,1.0,0.3377667179999921,0.05,True,1.0,0.3377667179999921,0.044444444444444446,True,1.0,0.3377667179999921,0.04,True,1.0,0.3377667179999921,0.03636363636363636,True,1.0,0.3377667179999921,0.03333333333333333,True,1.0,0.3377667179999921,['88695618-cf2a-5bf0-9a58-da1167d8f0c6'],baseline-generic-hybrid,0,1,1,2,2,2,2,2,2,2,2,2,8,0.125,10
Q-110,Q-010,id,setup_configuration,LM1200,50,False,9627.066,deterministic,passthrough,False,none,0.2,True,1.0,0.6309297535714575,0.1,True,1.0,0.6309297535714575,0.06666666666666667,True,1.0,0.6309297535714575,0.05,True,1.0,0.6309297535714575,0.04,True,1.0,0.6309297535714575,0.03333333333333333,True,1.0,0.6309297535714575,0.02857142857142857,True,1.0,0.6309297535714575,0.025,True,1.0,0.6309297535714575,0.022222222222222223,True,1.0,0.6309297535714575,0.02,True,1.0,0.6309297535714575,0.01818181818181818,True,1.0,0.6309297535714575,0.016666666666666666,True,1.0,0.6309297535714575,['37f50132-32d9-5fb0-a62d-366e401ac417'],baseline-generic-hybrid,1,1,1,1,1,1,1,1,1,1,1,1,2,0.5,5
Q-111,Q-011,id,setup_configuration,LM1200,19,False,9702.054,deterministic,passthrough,False,none,0.0,False,0.0,0.0,0.0,False,0.0,0.0,0.0,False,0.0,0.0,0.05,True,1.0,0.23540891336663824,0.04,True,1.0,0.23540891336663824,0.03333333333333333,True,1.0,0.23540891336663824,0.02857142857142857,True,1.0,0.23540891336663824,0.025,True,1.0,0.23540891336663824,0.022222222222222223,True,1.0,0.23540891336663824,0.02,True,1.0,0.23540891336663824,0.01818181818181818,True,1.0,0.23540891336663824,0.016666666666666666,True,1.0,0.23540891336663824,['36789817-932f-55f7-9c50-bb45d2df0cbe'],baseline-generic-hybrid,0,0,0,1,1,1,1,1,1,1,1,1,18,0.05555555555555555,20
Q-112,Q-012,id,setup_configuration,LM1200,13,False,9694.058,deterministic,passthrough,False,none,0.0,False,0.0,0.0,0.0,False,0.0,0.0,0.0,False,0.0,0.0,0.0,False,0.0,0.0,0.0,False,0.0,0.0,0.0,False,0.0,0.0,0.0,False,0.0,0.0,0.0,False,0.0,0.0,0.0,False,0.0,0.0,0.0,False,0.0,0.0,0.0,False,0.0,0.0,0.0,False,0.0,0.0,['fa675707-eec3-5dae-b80f-46a21238adcf'],baseline-generic-hybrid,0,0,0,0,0,0,0,0,0,0,0,0,,0.0,
Q-113,Q-013,id,setup_configuration,LM1200,19,False,9719.788,deterministic,passthrough,False,none,0.2,True,1.0,0.18154179253735267,0.2,True,1.0,0.34870224750355494,0.2,True,1.0,0.4688179033016062,0.15,True,1.0,0.4688179033016062,0.12,True,1.0,0.4688179033016062,0.1,True,1.0,0.4688179033016062,0.08571428571428572,True,1.0,0.4688179033016062,0.075,True,1.0,0.4688179033016062,0.06666666666666667,True,1.0,0.4688179033016062,0.06,True,1.0,0.4688179033016062,0.05454545454545454,True,1.0,0.4688179033016062,0.05,True,1.0,0.4688179033016062,['cf1f57e0-473a-57f3-8d91-a52b0070e80b'],baseline-generic-hybrid,1,2,3,3,3,3,3,3,3,3,3,3,5,0.2,5
Q-114,Q-014,id,troubleshooting_diagnostics,LM1200,19,False,11574.42,deterministic,passthrough,False,none,0.0,False,0.0,0.0,0.0,False,0.0,0.0,0.0,False,0.0,0.0,0.0,False,0.0,0.0,0.0,False,0.0,0.0,0.0,False,0.0,0.0,0.0,False,0.0,0.0,0.0,False,0.0,0.0,0.0,False,0.0,0.0,0.0,False,0.0,0.0,0.0,False,0.0,0.0,0.0,False,0.0,0.0,['72dd6f50-8da8-5970-b90b-3a0719762e64'],baseline-generic-hybrid,0,0,0,0,0,0,0,0,0,0,0,0,,0.0,
Q-115,Q-015,id,features_security_maintenance_limitations,LM1200,43,False,11739.015,deterministic,passthrough,False,none,0.4,True,1.0,0.34519134224686937,0.2,True,1.0,0.34519134224686937,0.26666666666666666,True,1.0,0.52660846518946,0.25,True,1.0,0.6079433105778798,0.2,True,1.0,0.6079433105778798,0.16666666666666666,True,1.0,0.6079433105778798,0.14285714285714285,True,1.0,0.6079433105778798,0.125,True,1.0,0.6079433105778798,0.1111111111111111,True,1.0,0.6079433105778798,0.1,True,1.0,0.6079433105778798,0.09090909090909091,True,1.0,0.6079433105778798,0.08333333333333333,True,1.0,0.6079433105778798,['eb06abbc-3f74-5ddc-bfd6-17572beb2155'],baseline-generic-hybrid,2,2,4,5,5,5,5,5,5,5,5,5,2,0.5,5
Q-116,Q-016,id,facts_specifications,LM1200,28,False,11795.62,deterministic,passthrough,False,none,0.2,True,1.0,0.16812753627111746,0.4,True,1.0,0.5501555404615289,0.26666666666666666,True,1.0,0.5501555404615289,0.2,True,1.0,0.5501555404615289,0.16,True,1.0,0.5501555404615289,0.13333333333333333,True,1.0,0.5501555404615289,0.11428571428571428,True,1.0,0.5501555404615289,0.1,True,1.0,0.5501555404615289,0.08888888888888889,True,1.0,0.5501555404615289,0.08,True,1.0,0.5501555404615289,0.07272727272727272,True,1.0,0.5501555404615289,0.06666666666666667,True,1.0,0.5501555404615289,['7e1a62c7-f256-5d08-a456-a62949c30491'],baseline-generic-hybrid,1,4,4,4,4,4,4,4,4,4,4,4,4,0.25,5
Q-117,Q-017,id,facts_specifications,LM1200,13,False,11164.663,deterministic,passthrough,False,none,0.0,False,0.0,0.0,0.0,False,0.0,0.0,0.0,False,0.0,0.0,0.0,False,0.0,0.0,0.0,False,0.0,0.0,0.0,False,0.0,0.0,0.0,False,0.0,0.0,0.0,False,0.0,0.0,0.0,False,0.0,0.0,0.0,False,0.0,0.0,0.0,False,0.0,0.0,0.0,False,0.0,0.0,['43434cb0-0be2-5d97-be19-dfb7256b7c44'],baseline-generic-hybrid,0,0,0,0,0,0,0,0,0,0,0,0,,0.0,
Q-118,Q-018,id,troubleshooting_diagnostics,LM1200,16,False,12044.227,deterministic,passthrough,False,none,0.0,False,0.0,0.0,0.0,False,0.0,0.0,0.0,False,0.0,0.0,0.0,False,0.0,0.0,0.0,False,0.0,0.0,0.0,False,0.0,0.0,0.0,False,0.0,0.0,0.0,False,0.0,0.0,0.0,False,0.0,0.0,0.0,False,0.0,0.0,0.0,False,0.0,0.0,0.0,False,0.0,0.0,['82ef2627-a58c-55ae-ab74-3f865a33e979'],baseline-generic-hybrid,0,0,0,0,0,0,0,0,0,0,0,0,,0.0,
Q-119,Q-019,id,troubleshooting_diagnostics,LM1200,22,False,12041.389,deterministic,passthrough,False,none,0.0,False,0.0,0.0,0.0,False,0.0,0.0,0.0,False,0.0,0.0,0.0,False,0.0,0.0,0.0,False,0.0,0.0,0.0,False,0.0,0.0,0.0,False,0.0,0.0,0.0,False,0.0,0.0,0.0,False,0.0,0.0,0.0,False,0.0,0.0,0.0,False,0.0,0.0,0.0,False,0.0,0.0,['6f442d4b-b8ba-5fe7-b4e9-9e90463dc194'],baseline-generic-hybrid,0,0,0,0,0,0,0,0,0,0,0,0,,0.0,
Q-120,Q-020,id,troubleshooting_diagnostics,R6350,22,False,11849.157,deterministic,passthrough,False,none,0.0,False,0.0,0.0,0.0,False,0.0,0.0,0.0,False,0.0,0.0,0.0,False,0.0,0.0,0.0,False,0.0,0.0,0.0,False,0.0,0.0,0.0,False,0.0,0.0,0.0,False,0.0,0.0,0.0,False,0.0,0.0,0.0,False,0.0,0.0,0.0,False,0.0,0.0,0.0,False,0.0,0.0,['1190a45f-877b-5cd2-a8d9-5ab1c390c374'],baseline-generic-hybrid,0,0,0,0,0,0,0,0,0,0,0,0,,0.0,
Q-121,Q-021,id,troubleshooting_diagnostics,R6350,32,False,11462.722,deterministic,passthrough,False,none,0.0,False,0.0,0.0,0.0,False,0.0,0.0,0.0,False,0.0,0.0,0.0,False,0.0,0.0,0.0,False,0.0,0.0,0.0,False,0.0,0.0,0.0,False,0.0,0.0,0.0,False,0.0,0.0,0.0,False,0.0,0.0,0.0,False,0.0,0.0,0.0,False,0.0,0.0,0.0,False,0.0,0.0,['ad49e55f-a53b-5c41-8bf1-a36c022c9b3b'],baseline-generic-hybrid,0,0,0,0,0,0,0,0,0,0,0,0,,0.0,
Q-122,Q-022,id,troubleshooting_diagnostics,R6350,12,False,10777.934,deterministic,passthrough,False,none,0.0,False,0.0,0.0,0.1,True,1.0,0.3010299956639812,0.06666666666666667,True,1.0,0.3010299956639812,0.05,True,1.0,0.3010299956639812,0.04,True,1.0,0.3010299956639812,0.03333333333333333,True,1.0,0.3010299956639812,0.02857142857142857,True,1.0,0.3010299956639812,0.025,True,1.0,0.3010299956639812,0.022222222222222223,True,1.0,0.3010299956639812,0.02,True,1.0,0.3010299956639812,0.01818181818181818,True,1.0,0.3010299956639812,0.016666666666666666,True,1.0,0.3010299956639812,['d4e1d4fc-7655-51fc-8d81-af75a4b11734'],baseline-generic-hybrid,0,1,1,1,1,1,1,1,1,1,1,1,9,0.1111111111111111,10
Q-123,Q-023,id,troubleshooting_diagnostics,R6350,12,False,10483.194,deterministic,passthrough,False,none,0.0,False,0.0,0.0,0.1,True,1.0,0.31546487678572877,0.06666666666666667,True,1.0,0.31546487678572877,0.05,True,1.0,0.31546487678572877,0.04,True,1.0,0.31546487678572877,0.03333333333333333,True,1.0,0.31546487678572877,0.02857142857142857,True,1.0,0.31546487678572877,0.025,True,1.0,0.31546487678572877,0.022222222222222223,True,1.0,0.31546487678572877,0.02,True,1.0,0.31546487678572877,0.01818181818181818,True,1.0,0.31546487678572877,0.016666666666666666,True,1.0,0.31546487678572877,['31b5dd16-326a-5e79-817f-c2585e0248a2'],baseline-generic-hybrid,0,1,1,1,1,1,1,1,1,1,1,1,8,0.125,10
Q-124,Q-024,id,setup_configuration,R6350,26,False,11245.085,deterministic,passthrough,False,none,0.0,False,0.0,0.0,0.0,False,0.0,0.0,0.0,False,0.0,0.0,0.0,False,0.0,0.0,0.04,True,1.0,0.21810429198553155,0.03333333333333333,True,1.0,0.21810429198553155,0.02857142857142857,True,1.0,0.21810429198553155,0.025,True,1.0,0.21810429198553155,0.022222222222222223,True,1.0,0.21810429198553155,0.02,True,1.0,0.21810429198553155,0.01818181818181818,True,1.0,0.21810429198553155,0.016666666666666666,True,1.0,0.21810429198553155,['0528f0b9-15e5-5482-9a68-0f02d2d61d68'],baseline-generic-hybrid,0,0,0,0,1,1,1,1,1,1,1,1,23,0.043478260869565216,25
Q-125,Q-025,id,setup_configuration,R6350,42,False,10357.109,deterministic,passthrough,False,none,0.2,True,1.0,0.20210734650054757,0.1,True,1.0,0.20210734650054757,0.13333333333333333,True,1.0,0.32222300229859885,0.1,True,1.0,0.32222300229859885,0.08,True,1.0,0.32222300229859885,0.06666666666666667,True,1.0,0.32222300229859885,0.05714285714285714,True,1.0,0.32222300229859885,0.05,True,1.0,0.32222300229859885,0.06666666666666667,True,1.0,0.40925028374912753,0.06,True,1.0,0.40925028374912753,0.05454545454545454,True,1.0,0.40925028374912753,0.05,True,1.0,0.40925028374912753,['12d6aaad-d982-5f95-8b7d-63ba7706aba5'],baseline-generic-hybrid,1,1,2,2,2,2,2,2,3,3,3,3,4,0.25,5
Q-126,Q-026,id,facts_specifications,R6350,19,False,9096.005,deterministic,passthrough,False,none,0.4,True,1.0,0.8503449055347546,0.2,True,1.0,0.8503449055347546,0.13333333333333333,True,1.0,0.8503449055347546,0.1,True,1.0,0.8503449055347546,0.08,True,1.0,0.8503449055347546,0.06666666666666667,True,1.0,0.8503449055347546,0.05714285714285714,True,1.0,0.8503449055347546,0.05,True,1.0,0.8503449055347546,0.044444444444444446,True,1.0,0.8503449055347546,0.04,True,1.0,0.8503449055347546,0.03636363636363636,True,1.0,0.8503449055347546,0.03333333333333333,True,1.0,0.8503449055347546,['3fbed70d-f242-5a78-90cc-f0f2674fe5f7'],baseline-generic-hybrid,2,2,2,2,2,2,2,2,2,2,2,2,1,1.0,5
Q-127,Q-027,id,setup_configuration,R6350,44,False,9466.814,deterministic,passthrough,False,none,0.0,False,0.0,0.0,0.0,False,0.0,0.0,0.0,False,0.0,0.0,0.05,True,1.0,0.23981246656813146,0.04,True,1.0,0.23981246656813146,0.03333333333333333,True,1.0,0.23981246656813146,0.02857142857142857,True,1.0,0.23981246656813146,0.025,True,1.0,0.23981246656813146,0.022222222222222223,True,1.0,0.23981246656813146,0.02,True,1.0,0.23981246656813146,0.01818181818181818,True,1.0,0.23981246656813146,0.016666666666666666,True,1.0,0.23981246656813146,['92de127d-5c3f-5d2a-a801-234fc3e5b014'],baseline-generic-hybrid,0,0,0,1,1,1,1,1,1,1,1,1,17,0.058823529411764705,20
Q-128,Q-028,id,troubleshooting_diagnostics,R6350,12,False,8998.598,deterministic,passthrough,False,none,0.2,True,1.0,0.43067655807339306,0.1,True,1.0,0.43067655807339306,0.06666666666666667,True,1.0,0.43067655807339306,0.05,True,1.0,0.43067655807339306,0.04,True,1.0,0.43067655807339306,0.03333333333333333,True,1.0,0.43067655807339306,0.02857142857142857,True,1.0,0.43067655807339306,0.025,True,1.0,0.43067655807339306,0.022222222222222223,True,1.0,0.43067655807339306,0.02,True,1.0,0.43067655807339306,0.01818181818181818,True,1.0,0.43067655807339306,0.016666666666666666,True,1.0,0.43067655807339306,['2a3ade55-f893-5d78-8ead-3ff6b3d197c7'],baseline-generic-hybrid,1,1,1,1,1,1,1,1,1,1,1,1,4,0.25,5
Q-129,Q-029,id,features_security_maintenance_limitations,R6350,12,False,8253.142,deterministic,passthrough,False,none,0.0,False,0.0,0.0,0.0,False,0.0,0.0,0.06666666666666667,True,1.0,0.27894294565112987,0.05,True,1.0,0.27894294565112987,0.04,True,1.0,0.27894294565112987,0.03333333333333333,True,1.0,0.27894294565112987,0.02857142857142857,True,1.0,0.27894294565112987,0.025,True,1.0,0.27894294565112987,0.022222222222222223,True,1.0,0.27894294565112987,0.02,True,1.0,0.27894294565112987,0.01818181818181818,True,1.0,0.27894294565112987,0.016666666666666666,True,1.0,0.27894294565112987,['5a7fc3bd-5bd0-57b2-944d-5a981598dcf7'],baseline-generic-hybrid,0,0,1,1,1,1,1,1,1,1,1,1,11,0.09090909090909091,15
Q-130,Q-030,id,setup_configuration,R6350,37,False,10141.522,deterministic,passthrough,False,none,0.2,True,1.0,0.19519002499605084,0.2,True,1.0,0.3080351663449861,0.13333333333333333,True,1.0,0.3080351663449861,0.1,True,1.0,0.3080351663449861,0.12,True,1.0,0.3943344264820968,0.13333333333333333,True,1.0,0.47553917552213953,0.11428571428571428,True,1.0,0.47553917552213953,0.1,True,1.0,0.47553917552213953,0.08888888888888889,True,1.0,0.47553917552213953,0.08,True,1.0,0.47553917552213953,0.07272727272727272,True,1.0,0.47553917552213953,0.06666666666666667,True,1.0,0.47553917552213953,['006d8e6b-77f6-54fa-826b-6d417979808f'],baseline-generic-hybrid,1,2,2,2,3,4,4,4,4,4,4,4,3,0.3333333333333333,5
Q-131,Q-031,id,troubleshooting_diagnostics,R6350,21,False,11770.406,deterministic,passthrough,False,none,0.0,False,0.0,0.0,0.0,False,0.0,0.0,0.06666666666666667,True,1.0,0.2559580248098155,0.05,True,1.0,0.2559580248098155,0.04,True,1.0,0.2559580248098155,0.03333333333333333,True,1.0,0.2559580248098155,0.02857142857142857,True,1.0,0.2559580248098155,0.025,True,1.0,0.2559580248098155,0.022222222222222223,True,1.0,0.2559580248098155,0.02,True,1.0,0.2559580248098155,0.01818181818181818,True,1.0,0.2559580248098155,0.016666666666666666,True,1.0,0.2559580248098155,['818e0932-f3ff-5602-b5b9-5f1d94d353ed'],baseline-generic-hybrid,0,0,1,1,1,1,1,1,1,1,1,1,14,0.07142857142857142,15
Q-132,Q-032,id,facts_specifications,R7000,12,False,10154.55,deterministic,passthrough,False,none,0.0,False,0.0,0.0,0.0,False,0.0,0.0,0.0,False,0.0,0.0,0.0,False,0.0,0.0,0.0,False,0.0,0.0,0.0,False,0.0,0.0,0.0,False,0.0,0.0,0.0,False,0.0,0.0,0.0,False,0.0,0.0,0.0,False,0.0,0.0,0.0,False,0.0,0.0,0.0,False,0.0,0.0,['cf6a9c70-f40a-521b-8ee5-c0a7ff8c1279'],baseline-generic-hybrid,0,0,0,0,0,0,0,0,0,0,0,0,,0.0,
Q-133,Q-033,id,setup_configuration,R7000,24,False,9696.912,deterministic,passthrough,False,none,0.0,False,0.0,0.0,0.0,False,0.0,0.0,0.0,False,0.0,0.0,0.0,False,0.0,0.0,0.0,False,0.0,0.0,0.0,False,0.0,0.0,0.0,False,0.0,0.0,0.0,False,0.0,0.0,0.0,False,0.0,0.0,0.0,False,0.0,0.0,0.0,False,0.0,0.0,0.0,False,0.0,0.0,['9213a4bb-497e-56d3-be43-8791bb53a54e'],baseline-generic-hybrid,0,0,0,0,0,0,0,0,0,0,0,0,,0.0,
Q-134,Q-034,id,setup_configuration,R7000,11,False,11464.907,deterministic,passthrough,False,none,0.0,False,0.0,0.0,0.0,False,0.0,0.0,0.0,False,0.0,0.0,0.0,False,0.0,0.0,0.0,False,0.0,0.0,0.0,False,0.0,0.0,0.0,False,0.0,0.0,0.0,False,0.0,0.0,0.0,False,0.0,0.0,0.0,False,0.0,0.0,0.0,False,0.0,0.0,0.0,False,0.0,0.0,['8aecb252-6293-553d-8e28-ef7b756f0c82'],baseline-generic-hybrid,0,0,0,0,0,0,0,0,0,0,0,0,,0.0,
Q-135,Q-035,id,facts_specifications,R7000,35,False,11319.422,deterministic,passthrough,False,none,0.2,True,1.0,0.19519002499605084,0.1,True,1.0,0.19519002499605084,0.06666666666666667,True,1.0,0.19519002499605084,0.1,True,1.0,0.2888080276836472,0.16,True,1.0,0.4591710559563167,0.13333333333333333,True,1.0,0.4591710559563167,0.11428571428571428,True,1.0,0.4591710559563167,0.1,True,1.0,0.4591710559563167,0.08888888888888889,True,1.0,0.4591710559563167,0.08,True,1.0,0.4591710559563167,0.07272727272727272,True,1.0,0.4591710559563167,0.06666666666666667,True,1.0,0.4591710559563167,['54a5ae0e-dabe-533f-8906-cd65b27661ec'],baseline-generic-hybrid,1,1,1,2,4,4,4,4,4,4,4,4,3,0.3333333333333333,5
Q-136,Q-036,id,facts_specifications,R7000,22,False,11509.642,deterministic,passthrough,False,none,0.0,False,0.0,0.0,0.0,False,0.0,0.0,0.0,False,0.0,0.0,0.0,False,0.0,0.0,0.0,False,0.0,0.0,0.0,False,0.0,0.0,0.0,False,0.0,0.0,0.0,False,0.0,0.0,0.0,False,0.0,0.0,0.0,False,0.0,0.0,0.0,False,0.0,0.0,0.0,False,0.0,0.0,['537310b8-39d1-57ca-81f0-ddddc2ad9916'],baseline-generic-hybrid,0,0,0,0,0,0,0,0,0,0,0,0,,0.0,
Q-137,Q-037,id,features_security_maintenance_limitations,R7000,12,False,9928.911,deterministic,passthrough,False,none,0.2,True,1.0,0.3065735963827292,0.2,True,1.0,0.5,0.13333333333333333,True,1.0,0.5,0.1,True,1.0,0.5,0.08,True,1.0,0.5,0.06666666666666667,True,1.0,0.5,0.05714285714285714,True,1.0,0.5,0.05,True,1.0,0.5,0.044444444444444446,True,1.0,0.5,0.04,True,1.0,0.5,0.03636363636363636,True,1.0,0.5,0.03333333333333333,True,1.0,0.5,['79d677ad-2fef-50d3-92dd-c07a6df0f14e'],baseline-generic-hybrid,1,2,2,2,2,2,2,2,2,2,2,2,3,0.3333333333333333,5
Q-138,Q-038,id,setup_configuration,R7000,12,False,8975.074,deterministic,passthrough,False,none,0.0,False,0.0,0.0,0.1,True,1.0,0.3333333333333333,0.06666666666666667,True,1.0,0.3333333333333333,0.05,True,1.0,0.3333333333333333,0.04,True,1.0,0.3333333333333333,0.03333333333333333,True,1.0,0.3333333333333333,0.02857142857142857,True,1.0,0.3333333333333333,0.025,True,1.0,0.3333333333333333,0.022222222222222223,True,1.0,0.3333333333333333,0.02,True,1.0,0.3333333333333333,0.01818181818181818,True,1.0,0.3333333333333333,0.016666666666666666,True,1.0,0.3333333333333333,['d4980606-c8d1-5aca-adbe-96e35254c9e1'],baseline-generic-hybrid,0,1,1,1,1,1,1,1,1,1,1,1,7,0.14285714285714285,10
Q-139,Q-039,id,features_security_maintenance_limitations,R7000,24,False,8991.506,deterministic,passthrough,False,none,0.0,False,0.0,0.0,0.0,False,0.0,0.0,0.0,False,0.0,0.0,0.0,False,0.0,0.0,0.0,False,0.0,0.0,0.0,False,0.0,0.0,0.0,False,0.0,0.0,0.0,False,0.0,0.0,0.0,False,0.0,0.0,0.0,False,0.0,0.0,0.0,False,0.0,0.0,0.0,False,0.0,0.0,['af255485-98d7-59f8-94db-806fd6280e64'],baseline-generic-hybrid,0,0,0,0,0,0,0,0,0,0,0,0,,0.0,
Q-140,Q-040,id,setup_configuration,R7000,11,False,8867.146,deterministic,passthrough,False,none,0.2,True,1.0,0.38685280723454163,0.2,True,1.0,0.5802792108518124,0.13333333333333333,True,1.0,0.5802792108518124,0.1,True,1.0,0.5802792108518124,0.08,True,1.0,0.5802792108518124,0.06666666666666667,True,1.0,0.5802792108518124,0.05714285714285714,True,1.0,0.5802792108518124,0.05,True,1.0,0.5802792108518124,0.044444444444444446,True,1.0,0.5802792108518124,0.04,True,1.0,0.5802792108518124,0.03636363636363636,True,1.0,0.5802792108518124,0.03333333333333333,True,1.0,0.5802792108518124,['89cf7641-ad76-514d-a38e-ff036b200250'],baseline-generic-hybrid,1,2,2,2,2,2,2,2,2,2,2,2,2,0.5,5
Q-141,Q-041,id,setup_configuration,R7000,12,False,8825.621,deterministic,passthrough,False,none,0.0,False,0.0,0.0,0.0,False,0.0,0.0,0.0,False,0.0,0.0,0.0,False,0.0,0.0,0.0,False,0.0,0.0,0.0,False,0.0,0.0,0.0,False,0.0,0.0,0.0,False,0.0,0.0,0.0,False,0.0,0.0,0.0,False,0.0,0.0,0.0,False,0.0,0.0,0.0,False,0.0,0.0,['0cff8f5c-96b8-5d33-9c11-37f93f8300fb'],baseline-generic-hybrid,0,0,0,0,0,0,0,0,0,0,0,0,,0.0,
Q-142,Q-042,id,troubleshooting_diagnostics,R7000,35,False,9668.282,deterministic,passthrough,False,none,0.0,False,0.0,0.0,0.0,False,0.0,0.0,0.0,False,0.0,0.0,0.05,True,1.0,0.23137821315975915,0.04,True,1.0,0.23137821315975915,0.03333333333333333,True,1.0,0.23137821315975915,0.02857142857142857,True,1.0,0.23137821315975915,0.025,True,1.0,0.23137821315975915,0.022222222222222223,True,1.0,0.23137821315975915,0.02,True,1.0,0.23137821315975915,0.01818181818181818,True,1.0,0.23137821315975915,0.016666666666666666,True,1.0,0.23137821315975915,['f2289449-f54e-5af6-8243-762118ef305b'],baseline-generic-hybrid,0,0,0,1,1,1,1,1,1,1,1,1,19,0.05263157894736842,20
Q-143,Q-043,id,troubleshooting_diagnostics,R7000,22,False,9594.783,deterministic,passthrough,False,none,0.0,False,0.0,0.0,0.1,True,1.0,0.3333333333333333,0.06666666666666667,True,1.0,0.3333333333333333,0.05,True,1.0,0.3333333333333333,0.04,True,1.0,0.3333333333333333,0.03333333333333333,True,1.0,0.3333333333333333,0.02857142857142857,True,1.0,0.3333333333333333,0.025,True,1.0,0.3333333333333333,0.022222222222222223,True,1.0,0.3333333333333333,0.02,True,1.0,0.3333333333333333,0.01818181818181818,True,1.0,0.3333333333333333,0.016666666666666666,True,1.0,0.3333333333333333,['65aa662f-9473-5c74-b996-74e7f545f09c'],baseline-generic-hybrid,0,1,1,1,1,1,1,1,1,1,1,1,7,0.14285714285714285,10
Q-144,Q-044,id,facts_specifications,RAX120,11,False,9587.439,deterministic,passthrough,False,none,0.0,False,0.0,0.0,0.1,True,1.0,0.3333333333333333,0.06666666666666667,True,1.0,0.3333333333333333,0.05,True,1.0,0.3333333333333333,0.04,True,1.0,0.3333333333333333,0.03333333333333333,True,1.0,0.3333333333333333,0.02857142857142857,True,1.0,0.3333333333333333,0.025,True,1.0,0.3333333333333333,0.022222222222222223,True,1.0,0.3333333333333333,0.02,True,1.0,0.3333333333333333,0.01818181818181818,True,1.0,0.3333333333333333,0.016666666666666666,True,1.0,0.3333333333333333,['89d399fa-1c1b-5d37-b35a-194ce673ec69'],baseline-generic-hybrid,0,1,1,1,1,1,1,1,1,1,1,1,7,0.14285714285714285,10
Q-145,Q-045,id,facts_specifications,RAX120,22,False,10390.126,deterministic,passthrough,False,none,0.0,False,0.0,0.0,0.1,True,1.0,0.3333333333333333,0.06666666666666667,True,1.0,0.3333333333333333,0.05,True,1.0,0.3333333333333333,0.04,True,1.0,0.3333333333333333,0.03333333333333333,True,1.0,0.3333333333333333,0.02857142857142857,True,1.0,0.3333333333333333,0.025,True,1.0,0.3333333333333333,0.022222222222222223,True,1.0,0.3333333333333333,0.02,True,1.0,0.3333333333333333,0.01818181818181818,True,1.0,0.3333333333333333,0.016666666666666666,True,1.0,0.3333333333333333,['6af6a140-458c-5188-b116-2f8430c69437'],baseline-generic-hybrid,0,1,1,1,1,1,1,1,1,1,1,1,7,0.14285714285714285,10
Q-146,Q-046,id,setup_configuration,RAX120,23,False,8859.762,deterministic,passthrough,False,none,0.0,False,0.0,0.0,0.1,True,1.0,0.16716045496620227,0.13333333333333333,True,1.0,0.2939774717985958,0.15,True,1.0,0.40255834489962933,0.12,True,1.0,0.40255834489962933,0.1,True,1.0,0.40255834489962933,0.08571428571428572,True,1.0,0.40255834489962933,0.075,True,1.0,0.40255834489962933,0.06666666666666667,True,1.0,0.40255834489962933,0.06,True,1.0,0.40255834489962933,0.05454545454545454,True,1.0,0.40255834489962933,0.05,True,1.0,0.40255834489962933,['f02b327f-e424-5fbd-884a-afa982cfba97'],baseline-generic-hybrid,0,1,2,3,3,3,3,3,3,3,3,3,6,0.16666666666666666,10
Q-147,Q-047,id,facts_specifications,RAX120,22,False,11105.508,deterministic,passthrough,False,none,0.0,False,0.0,0.0,0.0,False,0.0,0.0,0.0,False,0.0,0.0,0.0,False,0.0,0.0,0.0,False,0.0,0.0,0.0,False,0.0,0.0,0.0,False,0.0,0.0,0.0,False,0.0,0.0,0.0,False,0.0,0.0,0.0,False,0.0,0.0,0.0,False,0.0,0.0,0.0,False,0.0,0.0,['304579c0-2505-541b-9272-41a33abdc404'],baseline-generic-hybrid,0,0,0,0,0,0,0,0,0,0,0,0,,0.0,
Q-148,Q-048,id,setup_configuration,RAX120,12,False,11099.379,deterministic,passthrough,False,none,0.0,False,0.0,0.0,0.0,False,0.0,0.0,0.0,False,0.0,0.0,0.0,False,0.0,0.0,0.0,False,0.0,0.0,0.0,False,0.0,0.0,0.0,False,0.0,0.0,0.0,False,0.0,0.0,0.0,False,0.0,0.0,0.0,False,0.0,0.0,0.0,False,0.0,0.0,0.0,False,0.0,0.0,['ebd82415-b17d-5082-8472-3811a168faaf'],baseline-generic-hybrid,0,0,0,0,0,0,0,0,0,0,0,0,,0.0,
Q-149,Q-049,id,features_security_maintenance_limitations,RAX120,22,False,10400.953,deterministic,passthrough,False,none,0.0,False,0.0,0.0,0.0,False,0.0,0.0,0.0,False,0.0,0.0,0.05,True,1.0,0.23981246656813146,0.04,True,1.0,0.23981246656813146,0.03333333333333333,True,1.0,0.23981246656813146,0.02857142857142857,True,1.0,0.23981246656813146,0.025,True,1.0,0.23981246656813146,0.022222222222222223,True,1.0,0.23981246656813146,0.02,True,1.0,0.23981246656813146,0.01818181818181818,True,1.0,0.23981246656813146,0.016666666666666666,True,1.0,0.23981246656813146,['0f01b620-ac86-5a3e-bacb-6893a15e210e'],baseline-generic-hybrid,0,0,0,1,1,1,1,1,1,1,1,1,17,0.058823529411764705,20
Q-150,Q-050,id,facts_specifications,RAX120,31,False,13622.917,deterministic,passthrough,False,none,0.0,False,0.0,0.0,0.0,False,0.0,0.0,0.06666666666666667,True,1.0,0.2559580248098155,0.05,True,1.0,0.2559580248098155,0.04,True,1.0,0.2559580248098155,0.03333333333333333,True,1.0,0.2559580248098155,0.02857142857142857,True,1.0,0.2559580248098155,0.025,True,1.0,0.2559580248098155,0.022222222222222223,True,1.0,0.2559580248098155,0.02,True,1.0,0.2559580248098155,0.01818181818181818,True,1.0,0.2559580248098155,0.016666666666666666,True,1.0,0.2559580248098155,['bb9735df-2bc3-50f1-9fb8-2235613d714e'],baseline-generic-hybrid,0,0,1,1,1,1,1,1,1,1,1,1,14,0.07142857142857142,15
Q-151,Q-051,id,setup_configuration,RAX120,46,False,11379.662,deterministic,passthrough,False,none,0.2,True,1.0,0.19519002499605084,0.2,True,1.0,0.31834121936641585,0.2,True,1.0,0.4159362318644413,0.2,True,1.0,0.5062616702848312,0.16,True,1.0,0.5062616702848312,0.13333333333333333,True,1.0,0.5062616702848312,0.11428571428571428,True,1.0,0.5062616702848312,0.1,True,1.0,0.5062616702848312,0.08888888888888889,True,1.0,0.5062616702848312,0.08,True,1.0,0.5062616702848312,0.07272727272727272,True,1.0,0.5062616702848312,0.06666666666666667,True,1.0,0.5062616702848312,['9d1e53fd-0a2d-51bd-bb64-2521b239e8f3'],baseline-generic-hybrid,1,2,3,4,4,4,4,4,4,4,4,4,3,0.3333333333333333,5
Q-152,Q-052,id,features_security_maintenance_limitations,RAX120,42,False,11369.85,deterministic,passthrough,False,none,0.0,False,0.0,0.0,0.1,True,1.0,0.21840743681816419,0.13333333333333333,True,1.0,0.38944052088588227,0.1,True,1.0,0.38944052088588227,0.08,True,1.0,0.38944052088588227,0.06666666666666667,True,1.0,0.38944052088588227,0.05714285714285714,True,1.0,0.38944052088588227,0.05,True,1.0,0.38944052088588227,0.044444444444444446,True,1.0,0.38944052088588227,0.04,True,1.0,0.38944052088588227,0.03636363636363636,True,1.0,0.38944052088588227,0.03333333333333333,True,1.0,0.38944052088588227,['d7d2bc93-72bb-53d6-945c-0708fde2888b'],baseline-generic-hybrid,0,1,2,2,2,2,2,2,2,2,2,2,6,0.16666666666666666,10
Q-153,Q-053,id,facts_specifications,RAX120,23,False,11460.009,deterministic,passthrough,False,none,0.0,False,0.0,0.0,0.0,False,0.0,0.0,0.0,False,0.0,0.0,0.0,False,0.0,0.0,0.0,False,0.0,0.0,0.0,False,0.0,0.0,0.0,False,0.0,0.0,0.0,False,0.0,0.0,0.0,False,0.0,0.0,0.0,False,0.0,0.0,0.0,False,0.0,0.0,0.0,False,0.0,0.0,['cf516841-9648-5ad0-aaaa-b65b9c5d85aa'],baseline-generic-hybrid,0,0,0,0,0,0,0,0,0,0,0,0,,0.0,
Q-154,Q-054,id,troubleshooting_diagnostics,RAX120,22,False,9368.9,deterministic,passthrough,False,none,0.0,False,0.0,0.0,0.1,True,1.0,0.3010299956639812,0.06666666666666667,True,1.0,0.3010299956639812,0.05,True,1.0,0.3010299956639812,0.04,True,1.0,0.3010299956639812,0.03333333333333333,True,1.0,0.3010299956639812,0.02857142857142857,True,1.0,0.3010299956639812,0.025,True,1.0,0.3010299956639812,0.022222222222222223,True,1.0,0.3010299956639812,0.02,True,1.0,0.3010299956639812,0.01818181818181818,True,1.0,0.3010299956639812,0.016666666666666666,True,1.0,0.3010299956639812,['48b55cf6-5b08-527e-bd26-f4183bca41e2'],baseline-generic-hybrid,0,1,1,1,1,1,1,1,1,1,1,1,9,0.1111111111111111,10
Q-155,Q-055,id,facts_specifications,RAX120,12,False,9018.901,deterministic,passthrough,False,none,0.2,True,1.0,0.38685280723454163,0.1,True,1.0,0.38685280723454163,0.06666666666666667,True,1.0,0.38685280723454163,0.05,True,1.0,0.38685280723454163,0.04,True,1.0,0.38685280723454163,0.03333333333333333,True,1.0,0.38685280723454163,0.02857142857142857,True,1.0,0.38685280723454163,0.025,True,1.0,0.38685280723454163,0.022222222222222223,True,1.0,0.38685280723454163,0.02,True,1.0,0.38685280723454163,0.01818181818181818,True,1.0,0.38685280723454163,0.016666666666666666,True,1.0,0.38685280723454163,['7059c14f-c840-5863-9050-2518f69aa8d5'],baseline-generic-hybrid,1,1,1,1,1,1,1,1,1,1,1,1,5,0.2,5
Q-156,Q-056,id,troubleshooting_diagnostics,RAX50,22,False,9043.574,deterministic,passthrough,False,none,0.2,True,1.0,0.43067655807339306,0.1,True,1.0,0.43067655807339306,0.06666666666666667,True,1.0,0.43067655807339306,0.05,True,1.0,0.43067655807339306,0.04,True,1.0,0.43067655807339306,0.03333333333333333,True,1.0,0.43067655807339306,0.02857142857142857,True,1.0,0.43067655807339306,0.025,True,1.0,0.43067655807339306,0.022222222222222223,True,1.0,0.43067655807339306,0.02,True,1.0,0.43067655807339306,0.01818181818181818,True,1.0,0.43067655807339306,0.016666666666666666,True,1.0,0.43067655807339306,['f42f57b0-65cd-5982-935c-289c54636287'],baseline-generic-hybrid,1,1,1,1,1,1,1,1,1,1,1,1,4,0.25,5
Q-157,Q-057,id,setup_configuration,RAX50,28,False,8862.929,deterministic,passthrough,False,none,0.0,False,0.0,0.0,0.0,False,0.0,0.0,0.0,False,0.0,0.0,0.0,False,0.0,0.0,0.0,False,0.0,0.0,0.0,False,0.0,0.0,0.0,False,0.0,0.0,0.0,False,0.0,0.0,0.0,False,0.0,0.0,0.0,False,0.0,0.0,0.0,False,0.0,0.0,0.0,False,0.0,0.0,['e00425b6-15d6-5234-b2e5-d0f194e4e777'],baseline-generic-hybrid,0,0,0,0,0,0,0,0,0,0,0,0,,0.0,
Q-158,Q-058,id,facts_specifications,RAX50,23,False,8836.472,deterministic,passthrough,False,none,0.0,False,0.0,0.0,0.1,True,1.0,0.3010299956639812,0.06666666666666667,True,1.0,0.3010299956639812,0.05,True,1.0,0.3010299956639812,0.04,True,1.0,0.3010299956639812,0.03333333333333333,True,1.0,0.3010299956639812,0.02857142857142857,True,1.0,0.3010299956639812,0.025,True,1.0,0.3010299956639812,0.022222222222222223,True,1.0,0.3010299956639812,0.02,True,1.0,0.3010299956639812,0.01818181818181818,True,1.0,0.3010299956639812,0.016666666666666666,True,1.0,0.3010299956639812,['e87e22a2-a89c-58a7-9ff2-ff82463e19a7'],baseline-generic-hybrid,0,1,1,1,1,1,1,1,1,1,1,1,9,0.1111111111111111,10
Q-159,Q-059,id,troubleshooting_diagnostics,RAX50,12,False,8809.101,deterministic,passthrough,False,none,0.2,True,1.0,0.5,0.1,True,1.0,0.5,0.06666666666666667,True,1.0,0.5,0.05,True,1.0,0.5,0.04,True,1.0,0.5,0.03333333333333333,True,1.0,0.5,0.02857142857142857,True,1.0,0.5,0.025,True,1.0,0.5,0.022222222222222223,True,1.0,0.5,0.02,True,1.0,0.5,0.01818181818181818,True,1.0,0.5,0.016666666666666666,True,1.0,0.5,['03914fcb-62c9-5345-8ab2-2475379fe1be'],baseline-generic-hybrid,1,1,1,1,1,1,1,1,1,1,1,1,3,0.3333333333333333,5
Q-160,Q-060,id,features_security_maintenance_limitations,RAX50,24,False,10385.853,deterministic,passthrough,False,none,0.0,False,0.0,0.0,0.0,False,0.0,0.0,0.0,False,0.0,0.0,0.0,False,0.0,0.0,0.0,False,0.0,0.0,0.0,False,0.0,0.0,0.0,False,0.0,0.0,0.0,False,0.0,0.0,0.0,False,0.0,0.0,0.0,False,0.0,0.0,0.0,False,0.0,0.0,0.0,False,0.0,0.0,['d2849132-6a3d-520c-8f2c-bd5e904e522d'],baseline-generic-hybrid,0,0,0,0,0,0,0,0,0,0,0,0,,0.0,
Q-161,Q-061,id,troubleshooting_diagnostics,RAX50,12,False,8487.972,deterministic,passthrough,False,none,0.0,False,0.0,0.0,0.0,False,0.0,0.0,0.0,False,0.0,0.0,0.0,False,0.0,0.0,0.0,False,0.0,0.0,0.0,False,0.0,0.0,0.0,False,0.0,0.0,0.0,False,0.0,0.0,0.0,False,0.0,0.0,0.0,False,0.0,0.0,0.0,False,0.0,0.0,0.0,False,0.0,0.0,['93ffa849-c75e-5120-be9a-d99bb0eed70b'],baseline-generic-hybrid,0,0,0,0,0,0,0,0,0,0,0,0,,0.0,
Q-162,Q-062,id,troubleshooting_diagnostics,RAX50,12,False,8791.17,deterministic,passthrough,False,none,0.0,False,0.0,0.0,0.0,False,0.0,0.0,0.0,False,0.0,0.0,0.0,False,0.0,0.0,0.0,False,0.0,0.0,0.0,False,0.0,0.0,0.0,False,0.0,0.0,0.0,False,0.0,0.0,0.0,False,0.0,0.0,0.0,False,0.0,0.0,0.0,False,0.0,0.0,0.0,False,0.0,0.0,['03a4fccb-bb0c-56ec-b67b-eee79c190813'],baseline-generic-hybrid,0,0,0,0,0,0,0,0,0,0,0,0,,0.0,
Q-163,Q-063,id,facts_specifications,RAX50,35,False,8810.089,deterministic,passthrough,False,none,0.0,False,0.0,0.0,0.0,False,0.0,0.0,0.0,False,0.0,0.0,0.0,False,0.0,0.0,0.0,False,0.0,0.0,0.0,False,0.0,0.0,0.0,False,0.0,0.0,0.0,False,0.0,0.0,0.0,False,0.0,0.0,0.0,False,0.0,0.0,0.0,False,0.0,0.0,0.0,False,0.0,0.0,['a13c3553-78f9-5ede-9cd9-390daad977b6'],baseline-generic-hybrid,0,0,0,0,0,0,0,0,0,0,0,0,,0.0,
Q-164,Q-064,id,features_security_maintenance_limitations,RAX50,33,False,10254.974,deterministic,passthrough,False,none,0.2,True,1.0,0.18154179253735267,0.1,True,1.0,0.18154179253735267,0.13333333333333333,True,1.0,0.29886147404304175,0.1,True,1.0,0.29886147404304175,0.12,True,1.0,0.39991514729331556,0.1,True,1.0,0.39991514729331556,0.08571428571428572,True,1.0,0.39991514729331556,0.075,True,1.0,0.39991514729331556,0.06666666666666667,True,1.0,0.39991514729331556,0.06,True,1.0,0.39991514729331556,0.05454545454545454,True,1.0,0.39991514729331556,0.05,True,1.0,0.39991514729331556,['01143d51-a727-543c-b607-948530c2902c'],baseline-generic-hybrid,1,1,2,2,3,3,3,3,3,3,3,3,5,0.2,5
Q-165,Q-065,id,troubleshooting_diagnostics,RAX50,12,False,9887.491,deterministic,passthrough,False,none,0.0,False,0.0,0.0,0.0,False,0.0,0.0,0.0,False,0.0,0.0,0.0,False,0.0,0.0,0.0,False,0.0,0.0,0.0,False,0.0,0.0,0.0,False,0.0,0.0,0.0,False,0.0,0.0,0.0,False,0.0,0.0,0.0,False,0.0,0.0,0.0,False,0.0,0.0,0.0,False,0.0,0.0,['af31b6ec-73a8-5529-8fa5-da1f467d1bef'],baseline-generic-hybrid,0,0,0,0,0,0,0,0,0,0,0,0,,0.0,
Q-166,Q-066,id,troubleshooting_diagnostics,RAX50,12,False,7384.481,deterministic,passthrough,False,none,0.0,False,0.0,0.0,0.1,True,1.0,0.31546487678572877,0.06666666666666667,True,1.0,0.31546487678572877,0.05,True,1.0,0.31546487678572877,0.04,True,1.0,0.31546487678572877,0.03333333333333333,True,1.0,0.31546487678572877,0.02857142857142857,True,1.0,0.31546487678572877,0.025,True,1.0,0.31546487678572877,0.022222222222222223,True,1.0,0.31546487678572877,0.02,True,1.0,0.31546487678572877,0.01818181818181818,True,1.0,0.31546487678572877,0.016666666666666666,True,1.0,0.31546487678572877,['d6a2438e-ce2e-5744-b23d-64355bb7f3b2'],baseline-generic-hybrid,0,1,1,1,1,1,1,1,1,1,1,1,8,0.125,10
Q-167,Q-067,id,setup_configuration,RAXE500,25,False,7366.755,deterministic,passthrough,False,none,0.0,False,0.0,0.0,0.1,True,1.0,0.2890648263178879,0.06666666666666667,True,1.0,0.2890648263178879,0.05,True,1.0,0.2890648263178879,0.04,True,1.0,0.2890648263178879,0.03333333333333333,True,1.0,0.2890648263178879,0.02857142857142857,True,1.0,0.2890648263178879,0.025,True,1.0,0.2890648263178879,0.022222222222222223,True,1.0,0.2890648263178879,0.02,True,1.0,0.2890648263178879,0.01818181818181818,True,1.0,0.2890648263178879,0.016666666666666666,True,1.0,0.2890648263178879,['a3662689-f8b9-5c28-8c0a-b2185487bec9'],baseline-generic-hybrid,0,1,1,1,1,1,1,1,1,1,1,1,10,0.1,10
Q-168,Q-068,id,troubleshooting_diagnostics,RAXE500,11,False,16548.522,deterministic,passthrough,False,none,0.0,False,0.0,0.0,0.0,False,0.0,0.0,0.0,False,0.0,0.0,0.0,False,0.0,0.0,0.0,False,0.0,0.0,0.0,False,0.0,0.0,0.0,False,0.0,0.0,0.0,False,0.0,0.0,0.0,False,0.0,0.0,0.0,False,0.0,0.0,0.0,False,0.0,0.0,0.0,False,0.0,0.0,['feb09c00-0fd2-5b2c-ae97-969bd349df0e'],baseline-generic-hybrid,0,0,0,0,0,0,0,0,0,0,0,0,,0.0,
Q-169,Q-069,id,facts_specifications,RAXE500,11,False,8686.695,deterministic,passthrough,False,none,0.0,False,0.0,0.0,0.0,False,0.0,0.0,0.0,False,0.0,0.0,0.0,False,0.0,0.0,0.0,False,0.0,0.0,0.0,False,0.0,0.0,0.0,False,0.0,0.0,0.0,False,0.0,0.0,0.0,False,0.0,0.0,0.0,False,0.0,0.0,0.0,False,0.0,0.0,0.0,False,0.0,0.0,['eae4f314-abe4-5229-ac3e-d9cc4c571b27'],baseline-generic-hybrid,0,0,0,0,0,0,0,0,0,0,0,0,,0.0,
Q-170,Q-070,id,setup_configuration,RAXE500,12,False,13240.093,deterministic,passthrough,False,none,0.0,False,0.0,0.0,0.0,False,0.0,0.0,0.0,False,0.0,0.0,0.0,False,0.0,0.0,0.0,False,0.0,0.0,0.0,False,0.0,0.0,0.0,False,0.0,0.0,0.0,False,0.0,0.0,0.0,False,0.0,0.0,0.0,False,0.0,0.0,0.0,False,0.0,0.0,0.0,False,0.0,0.0,['8dba79ed-9bf8-5cb2-833b-a493317e765e'],baseline-generic-hybrid,0,0,0,0,0,0,0,0,0,0,0,0,,0.0,
Q-171,Q-071,id,features_security_maintenance_limitations,RAXE500,22,False,13234.96,deterministic,passthrough,False,none,0.0,False,0.0,0.0,0.0,False,0.0,0.0,0.0,False,0.0,0.0,0.0,False,0.0,0.0,0.0,False,0.0,0.0,0.0,False,0.0,0.0,0.0,False,0.0,0.0,0.0,False,0.0,0.0,0.0,False,0.0,0.0,0.0,False,0.0,0.0,0.0,False,0.0,0.0,0.0,False,0.0,0.0,['33088b55-3bd9-50bd-8652-c3cd7fd2d88f'],baseline-generic-hybrid,0,0,0,0,0,0,0,0,0,0,0,0,,0.0,
Q-172,Q-072,id,facts_specifications,RAXE500,22,False,9269.961,deterministic,passthrough,False,none,0.4,True,1.0,0.41618115554873086,0.3,True,1.0,0.55744812840856,0.2,True,1.0,0.55744812840856,0.15,True,1.0,0.55744812840856,0.12,True,1.0,0.55744812840856,0.1,True,1.0,0.55744812840856,0.08571428571428572,True,1.0,0.55744812840856,0.075,True,1.0,0.55744812840856,0.06666666666666667,True,1.0,0.55744812840856,0.06,True,1.0,0.55744812840856,0.05454545454545454,True,1.0,0.55744812840856,0.05,True,1.0,0.55744812840856,['09ef238c-cabe-5ea4-9616-24e57ee8f002'],baseline-generic-hybrid,2,3,3,3,3,3,3,3,3,3,3,3,3,0.3333333333333333,5
Q-173,Q-073,id,facts_specifications,RAXE500,27,False,7327.8,deterministic,passthrough,False,none,0.0,False,0.0,0.0,0.0,False,0.0,0.0,0.06666666666666667,True,1.0,0.16104282508920814,0.1,True,1.0,0.31104961819754595,0.08,True,1.0,0.31104961819754595,0.06666666666666667,True,1.0,0.31104961819754595,0.05714285714285714,True,1.0,0.31104961819754595,0.05,True,1.0,0.31104961819754595,0.044444444444444446,True,1.0,0.31104961819754595,0.04,True,1.0,0.31104961819754595,0.03636363636363636,True,1.0,0.31104961819754595,0.03333333333333333,True,1.0,0.31104961819754595,['04f1b52b-9f18-591e-ac0a-b16ee4a34dad'],baseline-generic-hybrid,0,0,1,2,2,2,2,2,2,2,2,2,13,0.07692307692307693,15
Q-174,Q-074,id,setup_configuration,RAXE500,21,False,11535.675,deterministic,passthrough,False,none,0.2,True,1.0,0.3065735963827292,0.1,True,1.0,0.3065735963827292,0.06666666666666667,True,1.0,0.3065735963827292,0.1,True,1.0,0.44616897024747965,0.08,True,1.0,0.44616897024747965,0.06666666666666667,True,1.0,0.44616897024747965,0.05714285714285714,True,1.0,0.44616897024747965,0.05,True,1.0,0.44616897024747965,0.044444444444444446,True,1.0,0.44616897024747965,0.04,True,1.0,0.44616897024747965,0.03636363636363636,True,1.0,0.44616897024747965,0.03333333333333333,True,1.0,0.44616897024747965,['8533530e-9001-5a31-a453-6077909ff031'],baseline-generic-hybrid,1,1,1,2,2,2,2,2,2,2,2,2,3,0.3333333333333333,5
Q-175,Q-075,id,features_security_maintenance_limitations,RAXE500,42,False,11163.456,deterministic,passthrough,False,none,0.0,False,0.0,0.0,0.1,True,1.0,0.15642624200758548,0.06666666666666667,True,1.0,0.15642624200758548,0.15,True,1.0,0.37184791937040923,0.12,True,1.0,0.37184791937040923,0.1,True,1.0,0.37184791937040923,0.08571428571428572,True,1.0,0.37184791937040923,0.075,True,1.0,0.37184791937040923,0.06666666666666667,True,1.0,0.37184791937040923,0.06,True,1.0,0.37184791937040923,0.05454545454545454,True,1.0,0.37184791937040923,0.05,True,1.0,0.37184791937040923,['b2cee766-ed4f-59bb-8d66-703a2aecba75'],baseline-generic-hybrid,0,1,1,3,3,3,3,3,3,3,3,3,7,0.14285714285714285,10
Q-176,Q-076,id,features_security_maintenance_limitations,RAXE500,40,False,11150.369,deterministic,passthrough,False,none,0.0,False,0.0,0.0,0.1,True,1.0,0.15642624200758548,0.06666666666666667,True,1.0,0.15642624200758548,0.05,True,1.0,0.15642624200758548,0.08,True,1.0,0.2616590981548802,0.06666666666666667,True,1.0,0.2616590981548802,0.05714285714285714,True,1.0,0.2616590981548802,0.075,True,1.0,0.34925110391016717,0.06666666666666667,True,1.0,0.34925110391016717,0.06,True,1.0,0.34925110391016717,0.05454545454545454,True,1.0,0.34925110391016717,0.05,True,1.0,0.34925110391016717,['0fc19ad4-a3f3-5128-a97a-000311ce8919'],baseline-generic-hybrid,0,1,1,1,2,2,2,3,3,3,3,3,7,0.14285714285714285,10
Q-177,Q-077,id,troubleshooting_diagnostics,RAXE500,12,False,9293.955,deterministic,passthrough,False,none,0.2,True,1.0,0.43067655807339306,0.1,True,1.0,0.43067655807339306,0.06666666666666667,True,1.0,0.43067655807339306,0.05,True,1.0,0.43067655807339306,0.04,True,1.0,0.43067655807339306,0.03333333333333333,True,1.0,0.43067655807339306,0.02857142857142857,True,1.0,0.43067655807339306,0.025,True,1.0,0.43067655807339306,0.022222222222222223,True,1.0,0.43067655807339306,0.02,True,1.0,0.43067655807339306,0.01818181818181818,True,1.0,0.43067655807339306,0.016666666666666666,True,1.0,0.43067655807339306,['494eba00-b9d1-5fec-898e-b212c6f28baf'],baseline-generic-hybrid,1,1,1,1,1,1,1,1,1,1,1,1,4,0.25,5
Q-178,Q-078,id,facts_specifications,RBK852,26,False,6854.019,deterministic,passthrough,False,none,0.2,True,1.0,0.2960819109658652,0.2,True,1.0,0.4525081529734507,0.13333333333333333,True,1.0,0.4525081529734507,0.15,True,1.0,0.5610890260744843,0.12,True,1.0,0.5610890260744843,0.1,True,1.0,0.5610890260744843,0.08571428571428572,True,1.0,0.5610890260744843,0.075,True,1.0,0.5610890260744843,0.06666666666666667,True,1.0,0.5610890260744843,0.06,True,1.0,0.5610890260744843,0.05454545454545454,True,1.0,0.5610890260744843,0.05,True,1.0,0.5610890260744843,['fd0ce992-9b7f-58e2-9140-f25a95a0b95b'],baseline-generic-hybrid,1,2,2,3,3,3,3,3,3,3,3,3,2,0.5,5
Q-179,Q-079,id,facts_specifications,RBK852,25,False,6854.51,deterministic,passthrough,False,none,0.0,False,0.0,0.0,0.1,True,1.0,0.20438239758848611,0.13333333333333333,True,1.0,0.3754154816562042,0.1,True,1.0,0.3754154816562042,0.08,True,1.0,0.3754154816562042,0.06666666666666667,True,1.0,0.3754154816562042,0.05714285714285714,True,1.0,0.3754154816562042,0.05,True,1.0,0.3754154816562042,0.044444444444444446,True,1.0,0.3754154816562042,0.04,True,1.0,0.3754154816562042,0.03636363636363636,True,1.0,0.3754154816562042,0.03333333333333333,True,1.0,0.3754154816562042,['bafbe93c-5d33-537b-82ee-2c89ca1550eb'],baseline-generic-hybrid,0,1,2,2,2,2,2,2,2,2,2,2,7,0.14285714285714285,10
Q-180,Q-080,id,setup_configuration,RBK852,33,False,13179.913,deterministic,passthrough,False,none,0.0,False,0.0,0.0,0.0,False,0.0,0.0,0.0,False,0.0,0.0,0.0,False,0.0,0.0,0.0,False,0.0,0.0,0.0,False,0.0,0.0,0.0,False,0.0,0.0,0.0,False,0.0,0.0,0.0,False,0.0,0.0,0.0,False,0.0,0.0,0.0,False,0.0,0.0,0.0,False,0.0,0.0,['acfcfc10-9010-5a5e-9f6c-e4bbbf310479'],baseline-generic-hybrid,0,0,0,0,0,0,0,0,0,0,0,0,,0.0,
Q-181,Q-081,id,features_security_maintenance_limitations,RBK852,42,False,8996.161,deterministic,passthrough,False,none,0.2,True,1.0,0.16958010263680806,0.1,True,1.0,0.15130120674940675,0.06666666666666667,True,1.0,0.15130120674940675,0.05,True,1.0,0.15130120674940675,0.12,True,1.0,0.28515681431912054,0.1,True,1.0,0.28515681431912054,0.11428571428571428,True,1.0,0.3446368386340388,0.15,True,1.0,0.45997649602481494,0.13333333333333333,True,1.0,0.45997649602481494,0.12,True,1.0,0.45997649602481494,0.10909090909090909,True,1.0,0.45997649602481494,0.1,True,1.0,0.45997649602481494,['aee81160-3f45-597d-97ea-c7a1ad45d30a'],baseline-generic-hybrid,1,1,1,1,3,3,4,6,6,6,6,6,3,0.3333333333333333,5
Q-182,Q-082,id,setup_configuration,RBK852,22,False,11324.924,deterministic,passthrough,False,none,0.6,True,1.0,0.6843515475204855,0.5,True,1.0,0.9032021360513368,0.3333333333333333,True,1.0,0.9032021360513368,0.25,True,1.0,0.9032021360513368,0.2,True,1.0,0.9032021360513368,0.16666666666666666,True,1.0,0.9032021360513368,0.14285714285714285,True,1.0,0.9032021360513368,0.125,True,1.0,0.9032021360513368,0.1111111111111111,True,1.0,0.9032021360513368,0.1,True,1.0,0.9032021360513368,0.09090909090909091,True,1.0,0.9032021360513368,0.08333333333333333,True,1.0,0.9032021360513368,['a6546993-1d1a-5eb2-b616-d7c4995490a6'],baseline-generic-hybrid,3,5,5,5,5,5,5,5,5,5,5,5,1,1.0,5
Q-183,Q-083,id,features_security_maintenance_limitations,RBK852,22,False,12170.25,deterministic,passthrough,False,none,0.0,False,0.0,0.0,0.0,False,0.0,0.0,0.0,False,0.0,0.0,0.0,False,0.0,0.0,0.0,False,0.0,0.0,0.0,False,0.0,0.0,0.0,False,0.0,0.0,0.0,False,0.0,0.0,0.0,False,0.0,0.0,0.0,False,0.0,0.0,0.0,False,0.0,0.0,0.0,False,0.0,0.0,['83b0f8da-6afa-5070-9d44-c12b3b247e8b'],baseline-generic-hybrid,0,0,0,0,0,0,0,0,0,0,0,0,,0.0,
Q-184,Q-084,id,facts_specifications,RBK852,22,False,7192.843,deterministic,passthrough,False,none,0.2,True,1.0,0.38685280723454163,0.1,True,1.0,0.38685280723454163,0.13333333333333333,True,1.0,0.5525485729997712,0.1,True,1.0,0.5525485729997712,0.08,True,1.0,0.5525485729997712,0.06666666666666667,True,1.0,0.5525485729997712,0.05714285714285714,True,1.0,0.5525485729997712,0.05,True,1.0,0.5525485729997712,0.044444444444444446,True,1.0,0.5525485729997712,0.04,True,1.0,0.5525485729997712,0.03636363636363636,True,1.0,0.5525485729997712,0.03333333333333333,True,1.0,0.5525485729997712,['0121bbc3-46f8-588c-b9d6-e7e69974a9fe'],baseline-generic-hybrid,1,1,2,2,2,2,2,2,2,2,2,2,2,0.5,5
Q-185,Q-085,id,features_security_maintenance_limitations,RBK852,37,False,9623.399,deterministic,passthrough,False,none,0.2,True,1.0,0.15101961822780524,0.1,True,1.0,0.15101961822780524,0.06666666666666667,True,1.0,0.15101961822780524,0.15,True,1.0,0.336851747510903,0.12,True,1.0,0.336851747510903,0.1,True,1.0,0.336851747510903,0.11428571428571428,True,1.0,0.4123615566248056,0.1,True,1.0,0.4123615566248056,0.08888888888888889,True,1.0,0.4123615566248056,0.08,True,1.0,0.4123615566248056,0.07272727272727272,True,1.0,0.4123615566248056,0.06666666666666667,True,1.0,0.4123615566248056,['e8fbf22f-7fac-51cc-8b76-ef68177b1407'],baseline-generic-hybrid,1,1,1,3,3,3,4,4,4,4,4,4,5,0.2,5
Q-186,Q-086,id,features_security_maintenance_limitations,RBK852,24,False,12200.212,deterministic,passthrough,False,none,0.0,False,0.0,0.0,0.0,False,0.0,0.0,0.0,False,0.0,0.0,0.0,False,0.0,0.0,0.0,False,0.0,0.0,0.0,False,0.0,0.0,0.0,False,0.0,0.0,0.0,False,0.0,0.0,0.0,False,0.0,0.0,0.0,False,0.0,0.0,0.0,False,0.0,0.0,0.0,False,0.0,0.0,['64c7ce15-7a5a-580d-adbe-160bed89ad0b'],baseline-generic-hybrid,0,0,0,0,0,0,0,0,0,0,0,0,,0.0,
Q-187,Q-087,id,troubleshooting_diagnostics,RBK852,11,False,9642.795,deterministic,passthrough,False,none,0.0,False,0.0,0.0,0.1,True,1.0,0.3333333333333333,0.06666666666666667,True,1.0,0.3333333333333333,0.05,True,1.0,0.3333333333333333,0.04,True,1.0,0.3333333333333333,0.03333333333333333,True,1.0,0.3333333333333333,0.02857142857142857,True,1.0,0.3333333333333333,0.025,True,1.0,0.3333333333333333,0.022222222222222223,True,1.0,0.3333333333333333,0.02,True,1.0,0.3333333333333333,0.01818181818181818,True,1.0,0.3333333333333333,0.016666666666666666,True,1.0,0.3333333333333333,['594cc248-162e-5180-b1f6-243ea1c30a9e'],baseline-generic-hybrid,0,1,1,1,1,1,1,1,1,1,1,1,7,0.14285714285714285,10
Q-188,Q-088,id,troubleshooting_diagnostics,RBK852,11,False,10753.624,deterministic,passthrough,False,none,0.2,True,1.0,0.6309297535714575,0.1,True,1.0,0.6309297535714575,0.06666666666666667,True,1.0,0.6309297535714575,0.05,True,1.0,0.6309297535714575,0.04,True,1.0,0.6309297535714575,0.03333333333333333,True,1.0,0.6309297535714575,0.02857142857142857,True,1.0,0.6309297535714575,0.025,True,1.0,0.6309297535714575,0.022222222222222223,True,1.0,0.6309297535714575,0.02,True,1.0,0.6309297535714575,0.01818181818181818,True,1.0,0.6309297535714575,0.016666666666666666,True,1.0,0.6309297535714575,['8989f72f-c45f-5a19-b2ce-b190765e7b28'],baseline-generic-hybrid,1,1,1,1,1,1,1,1,1,1,1,1,2,0.5,5
Q-189,Q-089,id,facts_specifications,XR500,12,False,7201.429,deterministic,passthrough,False,none,0.0,False,0.0,0.0,0.1,True,1.0,0.31546487678572877,0.06666666666666667,True,1.0,0.31546487678572877,0.05,True,1.0,0.31546487678572877,0.04,True,1.0,0.31546487678572877,0.03333333333333333,True,1.0,0.31546487678572877,0.02857142857142857,True,1.0,0.31546487678572877,0.025,True,1.0,0.31546487678572877,0.022222222222222223,True,1.0,0.31546487678572877,0.02,True,1.0,0.31546487678572877,0.01818181818181818,True,1.0,0.31546487678572877,0.016666666666666666,True,1.0,0.31546487678572877,['3252b308-2ca3-5fec-b98f-6d89b53b5bb2'],baseline-generic-hybrid,0,1,1,1,1,1,1,1,1,1,1,1,8,0.125,10
Q-190,Q-090,id,setup_configuration,XR500,26,False,9279.05,deterministic,passthrough,False,none,0.0,False,0.0,0.0,0.0,False,0.0,0.0,0.06666666666666667,True,1.0,0.26264953503719357,0.05,True,1.0,0.26264953503719357,0.04,True,1.0,0.26264953503719357,0.03333333333333333,True,1.0,0.26264953503719357,0.02857142857142857,True,1.0,0.26264953503719357,0.025,True,1.0,0.26264953503719357,0.022222222222222223,True,1.0,0.26264953503719357,0.02,True,1.0,0.26264953503719357,0.01818181818181818,True,1.0,0.26264953503719357,0.016666666666666666,True,1.0,0.26264953503719357,['cb248990-463a-5428-8ee2-082f71f0484e'],baseline-generic-hybrid,0,0,1,1,1,1,1,1,1,1,1,1,13,0.07692307692307693,15
Q-191,Q-091,id,features_security_maintenance_limitations,XR500,22,False,8216.944,deterministic,passthrough,False,none,0.0,False,0.0,0.0,0.0,False,0.0,0.0,0.0,False,0.0,0.0,0.0,False,0.0,0.0,0.0,False,0.0,0.0,0.0,False,0.0,0.0,0.0,False,0.0,0.0,0.0,False,0.0,0.0,0.0,False,0.0,0.0,0.0,False,0.0,0.0,0.0,False,0.0,0.0,0.0,False,0.0,0.0,['44b909e7-8fcd-5a49-bae0-e2be984df636'],baseline-generic-hybrid,0,0,0,0,0,0,0,0,0,0,0,0,,0.0,
Q-192,Q-092,id,features_security_maintenance_limitations,XR500,20,False,11694.418,deterministic,passthrough,False,none,0.2,True,1.0,1.0,0.1,True,1.0,1.0,0.06666666666666667,True,1.0,1.0,0.05,True,1.0,1.0,0.04,True,1.0,1.0,0.03333333333333333,True,1.0,1.0,0.02857142857142857,True,1.0,1.0,0.025,True,1.0,1.0,0.022222222222222223,True,1.0,1.0,0.02,True,1.0,1.0,0.01818181818181818,True,1.0,1.0,0.016666666666666666,True,1.0,1.0,['d9934c94-0789-5258-8d3c-3482e84637b0'],baseline-generic-hybrid,1,1,1,1,1,1,1,1,1,1,1,1,1,1.0,5
Q-193,Q-093,id,features_security_maintenance_limitations,XR500,12,False,11684.844,deterministic,passthrough,False,none,0.2,True,1.0,0.20210734650054757,0.3,True,1.0,0.4790262927928244,0.2,True,1.0,0.4790262927928244,0.15,True,1.0,0.4790262927928244,0.12,True,1.0,0.4790262927928244,0.1,True,1.0,0.4790262927928244,0.08571428571428572,True,1.0,0.4790262927928244,0.075,True,1.0,0.4790262927928244,0.06666666666666667,True,1.0,0.4790262927928244,0.06,True,1.0,0.4790262927928244,0.05454545454545454,True,1.0,0.4790262927928244,0.05,True,1.0,0.4790262927928244,['e3bace6b-5d07-5dcc-8041-f1933c6cd04f'],baseline-generic-hybrid,1,3,3,3,3,3,3,3,3,3,3,3,4,0.25,5
Q-194,Q-094,id,features_security_maintenance_limitations,XR500,22,False,9696.881,deterministic,passthrough,False,none,0.2,True,1.0,0.23719771276929622,0.1,True,1.0,0.23719771276929622,0.06666666666666667,True,1.0,0.23719771276929622,0.1,True,1.0,0.3842380534357064,0.08,True,1.0,0.3842380534357064,0.06666666666666667,True,1.0,0.3842380534357064,0.05714285714285714,True,1.0,0.3842380534357064,0.05,True,1.0,0.3842380534357064,0.044444444444444446,True,1.0,0.3842380534357064,0.04,True,1.0,0.3842380534357064,0.03636363636363636,True,1.0,0.3842380534357064,0.03333333333333333,True,1.0,0.3842380534357064,['e8550a88-ca9e-5dc2-8bb3-4dd7ff222c8d'],baseline-generic-hybrid,1,1,1,2,2,2,2,2,2,2,2,2,5,0.2,5
Q-195,Q-095,id,features_security_maintenance_limitations,XR500,26,False,9635.478,deterministic,passthrough,False,none,0.4,True,1.0,0.7653606369886217,0.3,True,1.0,0.9066276098484507,0.2,True,1.0,0.9066276098484507,0.15,True,1.0,0.9066276098484507,0.12,True,1.0,0.9066276098484507,0.1,True,1.0,0.9066276098484507,0.08571428571428572,True,1.0,0.9066276098484507,0.075,True,1.0,0.9066276098484507,0.06666666666666667,True,1.0,0.9066276098484507,0.06,True,1.0,0.9066276098484507,0.05454545454545454,True,1.0,0.9066276098484507,0.05,True,1.0,0.9066276098484507,['dee55ef8-729a-51e5-9b1c-29cce4910ea6'],baseline-generic-hybrid,2,3,3,3,3,3,3,3,3,3,3,3,1,1.0,5
Q-196,Q-096,id,features_security_maintenance_limitations,XR500,23,False,10738.837,deterministic,passthrough,False,none,0.0,False,0.0,0.0,0.0,False,0.0,0.0,0.0,False,0.0,0.0,0.05,True,1.0,0.23540891336663824,0.04,True,1.0,0.23540891336663824,0.03333333333333333,True,1.0,0.23540891336663824,0.02857142857142857,True,1.0,0.23540891336663824,0.025,True,1.0,0.23540891336663824,0.022222222222222223,True,1.0,0.23540891336663824,0.02,True,1.0,0.23540891336663824,0.01818181818181818,True,1.0,0.23540891336663824,0.016666666666666666,True,1.0,0.23540891336663824,['1d4788df-374d-52e0-a31b-c406a91abfcc'],baseline-generic-hybrid,0,0,0,1,1,1,1,1,1,1,1,1,18,0.05555555555555555,20
Q-197,Q-097,id,features_security_maintenance_limitations,XR500,26,False,10738.298,deterministic,passthrough,False,none,0.0,False,0.0,0.0,0.0,False,0.0,0.0,0.0,False,0.0,0.0,0.0,False,0.0,0.0,0.08,True,1.0,0.26927525264735047,0.06666666666666667,True,1.0,0.26927525264735047,0.05714285714285714,True,1.0,0.26927525264735047,0.05,True,1.0,0.26927525264735047,0.044444444444444446,True,1.0,0.26927525264735047,0.04,True,1.0,0.26927525264735047,0.03636363636363636,True,1.0,0.26927525264735047,0.03333333333333333,True,1.0,0.26927525264735047,['9c7f8f5e-dadb-5ed0-b8be-baa2f11349a8'],baseline-generic-hybrid,0,0,0,0,2,2,2,2,2,2,2,2,22,0.045454545454545456,25
Q-198,Q-098,id,features_security_maintenance_limitations,XR500,37,False,8542.196,deterministic,passthrough,False,none,0.0,False,0.0,0.0,0.1,True,1.0,0.10699313236726378,0.13333333333333333,True,1.0,0.20159947907392814,0.1,True,1.0,0.20159947907392814,0.16,True,1.0,0.35054813453636113,0.16666666666666666,True,1.0,0.41966730454132345,0.14285714285714285,True,1.0,0.41966730454132345,0.125,True,1.0,0.41966730454132345,0.1111111111111111,True,1.0,0.41966730454132345,0.1,True,1.0,0.41966730454132345,0.09090909090909091,True,1.0,0.41966730454132345,0.08333333333333333,True,1.0,0.41966730454132345,['65a39d84-6b18-50df-b32a-a7d46fbe2cfc'],baseline-generic-hybrid,0,1,2,2,4,5,5,5,5,5,5,5,8,0.125,10
Q-199,Q-099,id,features_security_maintenance_limitations,XR500,23,False,8555.479,deterministic,passthrough,False,none,0.4,True,1.0,0.6366824387328317,0.3,True,1.0,0.7598336331031966,0.2,True,1.0,0.7598336331031966,0.15,True,1.0,0.7598336331031966,0.16,True,1.0,0.8449771975120004,0.13333333333333333,True,1.0,0.8449771975120004,0.11428571428571428,True,1.0,0.8449771975120004,0.1,True,1.0,0.8449771975120004,0.08888888888888889,True,1.0,0.8449771975120004,0.08,True,1.0,0.8449771975120004,0.07272727272727272,True,1.0,0.8449771975120004,0.06666666666666667,True,1.0,0.8449771975120004,['36995834-66ad-5975-9724-aa9f228f5502'],baseline-generic-hybrid,2,3,3,3,4,4,4,4,4,4,4,4,1,1.0,5
Q-200,Q-100,id,features_security_maintenance_limitations,XR500,20,False,5737.852,deterministic,passthrough,False,none,0.0,False,0.0,0.0,0.0,False,0.0,0.0,0.0,False,0.0,0.0,0.0,False,0.0,0.0,0.0,False,0.0,0.0,0.0,False,0.0,0.0,0.0,False,0.0,0.0,0.0,False,0.0,0.0,0.0,False,0.0,0.0,0.0,False,0.0,0.0,0.0,False,0.0,0.0,0.0,False,0.0,0.0,['75118c37-2376-50c5-b907-2ae6d10da16e'],baseline-generic-hybrid,0,0,0,0,0,0,0,0,0,0,0,0,,0.0,
Q-001,Q-001,en,facts_specifications,CM2000,20,False,6643.292,deterministic,passthrough,False,none,0.2,True,1.0,1.0,0.1,True,1.0,1.0,0.06666666666666667,True,1.0,1.0,0.05,True,1.0,1.0,0.04,True,1.0,1.0,0.03333333333333333,True,1.0,1.0,0.02857142857142857,True,1.0,1.0,0.025,True,1.0,1.0,0.022222222222222223,True,1.0,1.0,0.02,True,1.0,1.0,0.01818181818181818,True,1.0,1.0,0.016666666666666666,True,1.0,1.0,['724d26e2-ed75-5043-b025-de4c01da0714'],chunker-generic-recursive,1,1,1,1,1,1,1,1,1,1,1,1,1,1.0,5
Q-002,Q-002,en,facts_specifications,CM2000,22,False,6644.99,deterministic,passthrough,False,none,0.0,False,0.0,0.0,0.0,False,0.0,0.0,0.0,False,0.0,0.0,0.0,False,0.0,0.0,0.0,False,0.0,0.0,0.0,False,0.0,0.0,0.0,False,0.0,0.0,0.0,False,0.0,0.0,0.0,False,0.0,0.0,0.0,False,0.0,0.0,0.0,False,0.0,0.0,0.0,False,0.0,0.0,['b9899548-cfa5-5bb4-8284-7d82e663abd1'],chunker-generic-recursive,0,0,0,0,0,0,0,0,0,0,0,0,,0.0,
Q-003,Q-003,en,setup_configuration,CM2000,23,False,6715.086,deterministic,passthrough,False,none,0.4,True,1.0,0.8772153153380493,0.2,True,1.0,0.8772153153380493,0.13333333333333333,True,1.0,0.8772153153380493,0.1,True,1.0,0.8772153153380493,0.08,True,1.0,0.8772153153380493,0.06666666666666667,True,1.0,0.8772153153380493,0.05714285714285714,True,1.0,0.8772153153380493,0.05,True,1.0,0.8772153153380493,0.044444444444444446,True,1.0,0.8772153153380493,0.04,True,1.0,0.8772153153380493,0.03636363636363636,True,1.0,0.8772153153380493,0.03333333333333333,True,1.0,0.8772153153380493,['8fd1b794-0507-59d3-88fa-2209736ef6da'],chunker-generic-recursive,2,2,2,2,2,2,2,2,2,2,2,2,1,1.0,5
Q-004,Q-004,en,setup_configuration,CM2000,31,False,6302.532,deterministic,passthrough,False,none,0.0,False,0.0,0.0,0.1,True,1.0,0.3333333333333333,0.06666666666666667,True,1.0,0.3333333333333333,0.05,True,1.0,0.3333333333333333,0.04,True,1.0,0.3333333333333333,0.03333333333333333,True,1.0,0.3333333333333333,0.02857142857142857,True,1.0,0.3333333333333333,0.025,True,1.0,0.3333333333333333,0.022222222222222223,True,1.0,0.3333333333333333,0.02,True,1.0,0.3333333333333333,0.01818181818181818,True,1.0,0.3333333333333333,0.016666666666666666,True,1.0,0.3333333333333333,['0de5a970-8b6a-5e57-ba98-6f57671a841c'],chunker-generic-recursive,0,1,1,1,1,1,1,1,1,1,1,1,7,0.14285714285714285,10
Q-005,Q-005,en,facts_specifications,CM2000,25,False,6231.372,deterministic,passthrough,False,none,0.2,True,1.0,0.2640681225725909,0.2,True,1.0,0.48247555939075504,0.13333333333333333,True,1.0,0.48247555939075504,0.1,True,1.0,0.48247555939075504,0.08,True,1.0,0.48247555939075504,0.06666666666666667,True,1.0,0.48247555939075504,0.05714285714285714,True,1.0,0.48247555939075504,0.05,True,1.0,0.48247555939075504,0.044444444444444446,True,1.0,0.48247555939075504,0.04,True,1.0,0.48247555939075504,0.03636363636363636,True,1.0,0.48247555939075504,0.03333333333333333,True,1.0,0.48247555939075504,['eb2ebf98-481f-54be-b4a3-56ea1bdf5749'],chunker-generic-recursive,1,2,2,2,2,2,2,2,2,2,2,2,4,0.25,5
Q-006,Q-006,en,troubleshooting_diagnostics,CM2000,38,False,7259.195,deterministic,passthrough,False,none,0.0,False,0.0,0.0,0.0,False,0.0,0.0,0.06666666666666667,True,1.0,0.27894294565112987,0.05,True,1.0,0.27894294565112987,0.04,True,1.0,0.27894294565112987,0.03333333333333333,True,1.0,0.27894294565112987,0.02857142857142857,True,1.0,0.27894294565112987,0.025,True,1.0,0.27894294565112987,0.022222222222222223,True,1.0,0.27894294565112987,0.02,True,1.0,0.27894294565112987,0.01818181818181818,True,1.0,0.27894294565112987,0.016666666666666666,True,1.0,0.27894294565112987,['62f9a09d-d5a8-5805-8b92-4d0be62383ce'],chunker-generic-recursive,0,0,1,1,1,1,1,1,1,1,1,1,11,0.09090909090909091,15
Q-007,Q-007,en,troubleshooting_diagnostics,CM2000,22,False,7260.55,deterministic,passthrough,False,none,0.2,True,1.0,1.0,0.1,True,1.0,1.0,0.06666666666666667,True,1.0,1.0,0.05,True,1.0,1.0,0.04,True,1.0,1.0,0.03333333333333333,True,1.0,1.0,0.02857142857142857,True,1.0,1.0,0.025,True,1.0,1.0,0.022222222222222223,True,1.0,1.0,0.02,True,1.0,1.0,0.01818181818181818,True,1.0,1.0,0.016666666666666666,True,1.0,1.0,['c5c4c17f-c329-5b9c-837f-7d33e641682f'],chunker-generic-recursive,1,1,1,1,1,1,1,1,1,1,1,1,1,1.0,5
Q-008,Q-008,en,troubleshooting_diagnostics,CM2000,30,False,7479.708,deterministic,passthrough,False,none,0.0,False,0.0,0.0,0.0,False,0.0,0.0,0.0,False,0.0,0.0,0.0,False,0.0,0.0,0.0,False,0.0,0.0,0.0,False,0.0,0.0,0.0,False,0.0,0.0,0.0,False,0.0,0.0,0.0,False,0.0,0.0,0.0,False,0.0,0.0,0.0,False,0.0,0.0,0.0,False,0.0,0.0,['85bd9c8e-a264-5649-acbc-73648b7ce861'],chunker-generic-recursive,0,0,0,0,0,0,0,0,0,0,0,0,,0.0,
Q-009,Q-009,en,facts_specifications,CM2000,23,False,6989.367,deterministic,passthrough,False,none,0.0,False,0.0,0.0,0.0,False,0.0,0.0,0.06666666666666667,True,1.0,0.27023815442731974,0.05,True,1.0,0.27023815442731974,0.04,True,1.0,0.27023815442731974,0.03333333333333333,True,1.0,0.27023815442731974,0.02857142857142857,True,1.0,0.27023815442731974,0.025,True,1.0,0.27023815442731974,0.022222222222222223,True,1.0,0.27023815442731974,0.02,True,1.0,0.27023815442731974,0.01818181818181818,True,1.0,0.27023815442731974,0.016666666666666666,True,1.0,0.27023815442731974,['88695618-cf2a-5bf0-9a58-da1167d8f0c6'],chunker-generic-recursive,0,0,1,1,1,1,1,1,1,1,1,1,12,0.08333333333333333,15
Q-010,Q-010,en,setup_configuration,LM1200,41,False,7555.711,deterministic,passthrough,False,none,0.2,True,1.0,1.0,0.1,True,1.0,1.0,0.06666666666666667,True,1.0,1.0,0.05,True,1.0,1.0,0.04,True,1.0,1.0,0.03333333333333333,True,1.0,1.0,0.02857142857142857,True,1.0,1.0,0.025,True,1.0,1.0,0.022222222222222223,True,1.0,1.0,0.02,True,1.0,1.0,0.01818181818181818,True,1.0,1.0,0.016666666666666666,True,1.0,1.0,['37f50132-32d9-5fb0-a62d-366e401ac417'],chunker-generic-recursive,1,1,1,1,1,1,1,1,1,1,1,1,1,1.0,5
Q-011,Q-011,en,setup_configuration,LM1200,30,False,7986.391,deterministic,passthrough,False,none,0.0,False,0.0,0.0,0.1,True,1.0,0.31546487678572877,0.06666666666666667,True,1.0,0.31546487678572877,0.05,True,1.0,0.31546487678572877,0.04,True,1.0,0.31546487678572877,0.03333333333333333,True,1.0,0.31546487678572877,0.02857142857142857,True,1.0,0.31546487678572877,0.025,True,1.0,0.31546487678572877,0.022222222222222223,True,1.0,0.31546487678572877,0.02,True,1.0,0.31546487678572877,0.01818181818181818,True,1.0,0.31546487678572877,0.016666666666666666,True,1.0,0.31546487678572877,['36789817-932f-55f7-9c50-bb45d2df0cbe'],chunker-generic-recursive,0,1,1,1,1,1,1,1,1,1,1,1,8,0.125,10
Q-012,Q-012,en,setup_configuration,LM1200,28,False,8235.96,deterministic,passthrough,False,none,0.0,False,0.0,0.0,0.0,False,0.0,0.0,0.0,False,0.0,0.0,0.0,False,0.0,0.0,0.0,False,0.0,0.0,0.0,False,0.0,0.0,0.0,False,0.0,0.0,0.0,False,0.0,0.0,0.0,False,0.0,0.0,0.0,False,0.0,0.0,0.0,False,0.0,0.0,0.0,False,0.0,0.0,['fa675707-eec3-5dae-b80f-46a21238adcf'],chunker-generic-recursive,0,0,0,0,0,0,0,0,0,0,0,0,,0.0,
Q-013,Q-013,en,setup_configuration,LM1200,19,False,6057.608,deterministic,passthrough,False,none,0.4,True,1.0,0.6240505200038379,0.2,True,1.0,0.6240505200038379,0.13333333333333333,True,1.0,0.6240505200038379,0.1,True,1.0,0.6240505200038379,0.08,True,1.0,0.6240505200038379,0.06666666666666667,True,1.0,0.6240505200038379,0.05714285714285714,True,1.0,0.6240505200038379,0.05,True,1.0,0.6240505200038379,0.044444444444444446,True,1.0,0.6240505200038379,0.04,True,1.0,0.6240505200038379,0.03636363636363636,True,1.0,0.6240505200038379,0.03333333333333333,True,1.0,0.6240505200038379,['cf1f57e0-473a-57f3-8d91-a52b0070e80b'],chunker-generic-recursive,2,2,2,2,2,2,2,2,2,2,2,2,2,0.5,5
Q-014,Q-014,en,troubleshooting_diagnostics,LM1200,26,False,6100.391,deterministic,passthrough,False,none,0.0,False,0.0,0.0,0.0,False,0.0,0.0,0.0,False,0.0,0.0,0.0,False,0.0,0.0,0.0,False,0.0,0.0,0.03333333333333333,True,1.0,0.2103099178571525,0.02857142857142857,True,1.0,0.2103099178571525,0.025,True,1.0,0.2103099178571525,0.022222222222222223,True,1.0,0.2103099178571525,0.02,True,1.0,0.2103099178571525,0.01818181818181818,True,1.0,0.2103099178571525,0.016666666666666666,True,1.0,0.2103099178571525,['72dd6f50-8da8-5970-b90b-3a0719762e64'],chunker-generic-recursive,0,0,0,0,0,1,1,1,1,1,1,1,26,0.038461538461538464,30
Q-015,Q-015,en,features_security_maintenance_limitations,LM1200,27,False,6265.604,deterministic,passthrough,False,none,0.2,True,1.0,0.2960819109658652,0.3,True,1.0,0.5730008572581421,0.2,True,1.0,0.5730008572581421,0.15,True,1.0,0.5730008572581421,0.12,True,1.0,0.5730008572581421,0.1,True,1.0,0.5730008572581421,0.08571428571428572,True,1.0,0.5730008572581421,0.075,True,1.0,0.5730008572581421,0.06666666666666667,True,1.0,0.5730008572581421,0.06,True,1.0,0.5730008572581421,0.05454545454545454,True,1.0,0.5730008572581421,0.05,True,1.0,0.5730008572581421,['eb06abbc-3f74-5ddc-bfd6-17572beb2155'],chunker-generic-recursive,1,3,3,3,3,3,3,3,3,3,3,3,2,0.5,5
Q-016,Q-016,en,facts_specifications,LM1200,34,False,7030.543,deterministic,passthrough,False,none,0.6,True,1.0,0.9674679834891693,0.3,True,1.0,0.9674679834891693,0.2,True,1.0,0.9674679834891693,0.15,True,1.0,0.9674679834891693,0.12,True,1.0,0.9674679834891693,0.1,True,1.0,0.9674679834891693,0.08571428571428572,True,1.0,0.9674679834891693,0.075,True,1.0,0.9674679834891693,0.06666666666666667,True,1.0,0.9674679834891693,0.06,True,1.0,0.9674679834891693,0.05454545454545454,True,1.0,0.9674679834891693,0.05,True,1.0,0.9674679834891693,['7e1a62c7-f256-5d08-a456-a62949c30491'],chunker-generic-recursive,3,3,3,3,3,3,3,3,3,3,3,3,1,1.0,5
Q-017,Q-017,en,facts_specifications,LM1200,23,False,5624.588,deterministic,passthrough,False,none,0.0,False,0.0,0.0,0.0,False,0.0,0.0,0.0,False,0.0,0.0,0.0,False,0.0,0.0,0.0,False,0.0,0.0,0.0,False,0.0,0.0,0.0,False,0.0,0.0,0.0,False,0.0,0.0,0.0,False,0.0,0.0,0.0,False,0.0,0.0,0.0,False,0.0,0.0,0.0,False,0.0,0.0,['43434cb0-0be2-5d97-be19-dfb7256b7c44'],chunker-generic-recursive,0,0,0,0,0,0,0,0,0,0,0,0,,0.0,
Q-018,Q-018,en,troubleshooting_diagnostics,LM1200,26,False,6430.482,deterministic,passthrough,False,none,0.0,False,0.0,0.0,0.0,False,0.0,0.0,0.0,False,0.0,0.0,0.0,False,0.0,0.0,0.0,False,0.0,0.0,0.0,False,0.0,0.0,0.0,False,0.0,0.0,0.0,False,0.0,0.0,0.0,False,0.0,0.0,0.0,False,0.0,0.0,0.0,False,0.0,0.0,0.0,False,0.0,0.0,['82ef2627-a58c-55ae-ab74-3f865a33e979'],chunker-generic-recursive,0,0,0,0,0,0,0,0,0,0,0,0,,0.0,
Q-019,Q-019,en,troubleshooting_diagnostics,LM1200,27,False,7899.627,deterministic,passthrough,False,none,0.0,False,0.0,0.0,0.0,False,0.0,0.0,0.0,False,0.0,0.0,0.0,False,0.0,0.0,0.0,False,0.0,0.0,0.0,False,0.0,0.0,0.0,False,0.0,0.0,0.0,False,0.0,0.0,0.0,False,0.0,0.0,0.0,False,0.0,0.0,0.0,False,0.0,0.0,0.0,False,0.0,0.0,['6f442d4b-b8ba-5fe7-b4e9-9e90463dc194'],chunker-generic-recursive,0,0,0,0,0,0,0,0,0,0,0,0,,0.0,
Q-020,Q-020,en,troubleshooting_diagnostics,R6350,23,False,7013.992,deterministic,passthrough,False,none,0.0,False,0.0,0.0,0.0,False,0.0,0.0,0.0,False,0.0,0.0,0.0,False,0.0,0.0,0.0,False,0.0,0.0,0.0,False,0.0,0.0,0.0,False,0.0,0.0,0.0,False,0.0,0.0,0.0,False,0.0,0.0,0.0,False,0.0,0.0,0.0,False,0.0,0.0,0.0,False,0.0,0.0,['1190a45f-877b-5cd2-a8d9-5ab1c390c374'],chunker-generic-recursive,0,0,0,0,0,0,0,0,0,0,0,0,,0.0,
Q-021,Q-021,en,troubleshooting_diagnostics,R6350,23,False,6405.938,deterministic,passthrough,False,none,0.2,True,1.0,0.43067655807339306,0.1,True,1.0,0.43067655807339306,0.06666666666666667,True,1.0,0.43067655807339306,0.05,True,1.0,0.43067655807339306,0.04,True,1.0,0.43067655807339306,0.03333333333333333,True,1.0,0.43067655807339306,0.02857142857142857,True,1.0,0.43067655807339306,0.025,True,1.0,0.43067655807339306,0.022222222222222223,True,1.0,0.43067655807339306,0.02,True,1.0,0.43067655807339306,0.01818181818181818,True,1.0,0.43067655807339306,0.016666666666666666,True,1.0,0.43067655807339306,['ad49e55f-a53b-5c41-8bf1-a36c022c9b3b'],chunker-generic-recursive,1,1,1,1,1,1,1,1,1,1,1,1,4,0.25,5
Q-022,Q-022,en,troubleshooting_diagnostics,R6350,24,False,5248.086,deterministic,passthrough,False,none,0.2,True,1.0,1.0,0.1,True,1.0,1.0,0.06666666666666667,True,1.0,1.0,0.05,True,1.0,1.0,0.04,True,1.0,1.0,0.03333333333333333,True,1.0,1.0,0.02857142857142857,True,1.0,1.0,0.025,True,1.0,1.0,0.022222222222222223,True,1.0,1.0,0.02,True,1.0,1.0,0.01818181818181818,True,1.0,1.0,0.016666666666666666,True,1.0,1.0,['d4e1d4fc-7655-51fc-8d81-af75a4b11734'],chunker-generic-recursive,1,1,1,1,1,1,1,1,1,1,1,1,1,1.0,5
Q-023,Q-023,en,troubleshooting_diagnostics,R6350,28,False,5343.544,deterministic,passthrough,False,none,0.0,False,0.0,0.0,0.1,True,1.0,0.3010299956639812,0.06666666666666667,True,1.0,0.3010299956639812,0.05,True,1.0,0.3010299956639812,0.04,True,1.0,0.3010299956639812,0.03333333333333333,True,1.0,0.3010299956639812,0.02857142857142857,True,1.0,0.3010299956639812,0.025,True,1.0,0.3010299956639812,0.022222222222222223,True,1.0,0.3010299956639812,0.02,True,1.0,0.3010299956639812,0.01818181818181818,True,1.0,0.3010299956639812,0.016666666666666666,True,1.0,0.3010299956639812,['31b5dd16-326a-5e79-817f-c2585e0248a2'],chunker-generic-recursive,0,1,1,1,1,1,1,1,1,1,1,1,9,0.1111111111111111,10
Q-024,Q-024,en,setup_configuration,R6350,28,False,6505.393,deterministic,passthrough,False,none,0.0,False,0.0,0.0,0.0,False,0.0,0.0,0.0,False,0.0,0.0,0.0,False,0.0,0.0,0.0,False,0.0,0.0,0.0,False,0.0,0.0,0.0,False,0.0,0.0,0.0,False,0.0,0.0,0.0,False,0.0,0.0,0.0,False,0.0,0.0,0.0,False,0.0,0.0,0.0,False,0.0,0.0,['0528f0b9-15e5-5482-9a68-0f02d2d61d68'],chunker-generic-recursive,0,0,0,0,0,0,0,0,0,0,0,0,,0.0,
Q-025,Q-025,en,setup_configuration,R6350,36,False,5884.495,deterministic,passthrough,False,none,0.0,False,0.0,0.0,0.0,False,0.0,0.0,0.0,False,0.0,0.0,0.0,False,0.0,0.0,0.0,False,0.0,0.0,0.0,False,0.0,0.0,0.0,False,0.0,0.0,0.0,False,0.0,0.0,0.0,False,0.0,0.0,0.0,False,0.0,0.0,0.0,False,0.0,0.0,0.0,False,0.0,0.0,['12d6aaad-d982-5f95-8b7d-63ba7706aba5'],chunker-generic-recursive,0,0,0,0,0,0,0,0,0,0,0,0,,0.0,
Q-026,Q-026,en,facts_specifications,R6350,22,False,4920.118,deterministic,passthrough,False,none,0.2,True,1.0,0.6131471927654584,0.2,True,1.0,0.7903864795495061,0.13333333333333333,True,1.0,0.7903864795495061,0.1,True,1.0,0.7903864795495061,0.08,True,1.0,0.7903864795495061,0.06666666666666667,True,1.0,0.7903864795495061,0.05714285714285714,True,1.0,0.7903864795495061,0.05,True,1.0,0.7903864795495061,0.044444444444444446,True,1.0,0.7903864795495061,0.04,True,1.0,0.7903864795495061,0.03636363636363636,True,1.0,0.7903864795495061,0.03333333333333333,True,1.0,0.7903864795495061,['3fbed70d-f242-5a78-90cc-f0f2674fe5f7'],chunker-generic-recursive,1,2,2,2,2,2,2,2,2,2,2,2,1,1.0,5
Q-027,Q-027,en,setup_configuration,R6350,34,False,5452.182,deterministic,passthrough,False,none,0.0,False,0.0,0.0,0.0,False,0.0,0.0,0.06666666666666667,True,1.0,0.15693994437792994,0.05,True,1.0,0.15693994437792994,0.04,True,1.0,0.15693994437792994,0.06666666666666667,True,1.0,0.28189630540097815,0.05714285714285714,True,1.0,0.28189630540097815,0.05,True,1.0,0.28189630540097815,0.044444444444444446,True,1.0,0.28189630540097815,0.04,True,1.0,0.28189630540097815,0.03636363636363636,True,1.0,0.28189630540097815,0.03333333333333333,True,1.0,0.28189630540097815,['92de127d-5c3f-5d2a-a801-234fc3e5b014'],chunker-generic-recursive,0,0,1,1,1,2,2,2,2,2,2,2,14,0.07142857142857142,15
Q-028,Q-028,en,troubleshooting_diagnostics,R6350,23,False,6338.504,deterministic,passthrough,False,none,0.0,False,0.0,0.0,0.0,False,0.0,0.0,0.0,False,0.0,0.0,0.05,True,1.0,0.23540891336663824,0.04,True,1.0,0.23540891336663824,0.03333333333333333,True,1.0,0.23540891336663824,0.02857142857142857,True,1.0,0.23540891336663824,0.025,True,1.0,0.23540891336663824,0.022222222222222223,True,1.0,0.23540891336663824,0.02,True,1.0,0.23540891336663824,0.01818181818181818,True,1.0,0.23540891336663824,0.016666666666666666,True,1.0,0.23540891336663824,['2a3ade55-f893-5d78-8ead-3ff6b3d197c7'],chunker-generic-recursive,0,0,0,1,1,1,1,1,1,1,1,1,18,0.05555555555555555,20
Q-029,Q-029,en,features_security_maintenance_limitations,R6350,22,False,6204.609,deterministic,passthrough,False,none,0.0,False,0.0,0.0,0.1,True,1.0,0.3333333333333333,0.06666666666666667,True,1.0,0.3333333333333333,0.05,True,1.0,0.3333333333333333,0.04,True,1.0,0.3333333333333333,0.03333333333333333,True,1.0,0.3333333333333333,0.02857142857142857,True,1.0,0.3333333333333333,0.025,True,1.0,0.3333333333333333,0.022222222222222223,True,1.0,0.3333333333333333,0.02,True,1.0,0.3333333333333333,0.01818181818181818,True,1.0,0.3333333333333333,0.016666666666666666,True,1.0,0.3333333333333333,['5a7fc3bd-5bd0-57b2-944d-5a981598dcf7'],chunker-generic-recursive,0,1,1,1,1,1,1,1,1,1,1,1,7,0.14285714285714285,10
Q-030,Q-030,en,setup_configuration,R6350,43,False,7785.279,deterministic,passthrough,False,none,0.0,False,0.0,0.0,0.1,True,1.0,0.16716045496620227,0.06666666666666667,True,1.0,0.16716045496620227,0.05,True,1.0,0.16716045496620227,0.12,True,1.0,0.3707386265524763,0.1,True,1.0,0.3707386265524763,0.08571428571428572,True,1.0,0.3707386265524763,0.075,True,1.0,0.3707386265524763,0.06666666666666667,True,1.0,0.3707386265524763,0.06,True,1.0,0.3707386265524763,0.05454545454545454,True,1.0,0.3707386265524763,0.05,True,1.0,0.3707386265524763,['006d8e6b-77f6-54fa-826b-6d417979808f'],chunker-generic-recursive,0,1,1,1,3,3,3,3,3,3,3,3,6,0.16666666666666666,10
Q-031,Q-031,en,troubleshooting_diagnostics,R6350,23,False,8801.371,deterministic,passthrough,False,none,0.0,False,0.0,0.0,0.0,False,0.0,0.0,0.0,False,0.0,0.0,0.0,False,0.0,0.0,0.0,False,0.0,0.0,0.0,False,0.0,0.0,0.0,False,0.0,0.0,0.0,False,0.0,0.0,0.0,False,0.0,0.0,0.0,False,0.0,0.0,0.0,False,0.0,0.0,0.0,False,0.0,0.0,['818e0932-f3ff-5602-b5b9-5f1d94d353ed'],chunker-generic-recursive,0,0,0,0,0,0,0,0,0,0,0,0,,0.0,
Q-032,Q-032,en,facts_specifications,R7000,27,False,7897.639,deterministic,passthrough,False,none,0.0,False,0.0,0.0,0.1,True,1.0,0.2890648263178879,0.06666666666666667,True,1.0,0.2890648263178879,0.05,True,1.0,0.2890648263178879,0.04,True,1.0,0.2890648263178879,0.03333333333333333,True,1.0,0.2890648263178879,0.02857142857142857,True,1.0,0.2890648263178879,0.025,True,1.0,0.2890648263178879,0.022222222222222223,True,1.0,0.2890648263178879,0.02,True,1.0,0.2890648263178879,0.01818181818181818,True,1.0,0.2890648263178879,0.016666666666666666,True,1.0,0.2890648263178879,['cf6a9c70-f40a-521b-8ee5-c0a7ff8c1279'],chunker-generic-recursive,0,1,1,1,1,1,1,1,1,1,1,1,10,0.1,10
Q-033,Q-033,en,setup_configuration,R7000,40,False,7812.724,deterministic,passthrough,False,none,0.0,False,0.0,0.0,0.0,False,0.0,0.0,0.0,False,0.0,0.0,0.0,False,0.0,0.0,0.0,False,0.0,0.0,0.0,False,0.0,0.0,0.0,False,0.0,0.0,0.025,True,1.0,0.18790182470910757,0.022222222222222223,True,1.0,0.18790182470910757,0.02,True,1.0,0.18790182470910757,0.01818181818181818,True,1.0,0.18790182470910757,0.016666666666666666,True,1.0,0.18790182470910757,['9213a4bb-497e-56d3-be43-8791bb53a54e'],chunker-generic-recursive,0,0,0,0,0,0,0,1,1,1,1,1,39,0.02564102564102564,40
Q-034,Q-034,en,setup_configuration,R7000,24,False,6494.41,deterministic,passthrough,False,none,0.0,False,0.0,0.0,0.0,False,0.0,0.0,0.0,False,0.0,0.0,0.0,False,0.0,0.0,0.0,False,0.0,0.0,0.0,False,0.0,0.0,0.0,False,0.0,0.0,0.0,False,0.0,0.0,0.0,False,0.0,0.0,0.0,False,0.0,0.0,0.0,False,0.0,0.0,0.0,False,0.0,0.0,['8aecb252-6293-553d-8e28-ef7b756f0c82'],chunker-generic-recursive,0,0,0,0,0,0,0,0,0,0,0,0,,0.0,
Q-035,Q-035,en,facts_specifications,R7000,34,False,5634.773,deterministic,passthrough,False,none,0.2,True,1.0,0.16812753627111746,0.2,True,1.0,0.29127873064148246,0.13333333333333333,True,1.0,0.29127873064148246,0.1,True,1.0,0.29127873064148246,0.12,True,1.0,0.3764222950502862,0.13333333333333333,True,1.0,0.4576270440903289,0.11428571428571428,True,1.0,0.4576270440903289,0.1,True,1.0,0.4576270440903289,0.08888888888888889,True,1.0,0.4576270440903289,0.08,True,1.0,0.4576270440903289,0.07272727272727272,True,1.0,0.4576270440903289,0.06666666666666667,True,1.0,0.4576270440903289,['54a5ae0e-dabe-533f-8906-cd65b27661ec'],chunker-generic-recursive,1,2,2,2,3,4,4,4,4,4,4,4,4,0.25,5
Q-036,Q-036,en,facts_specifications,R7000,27,False,6345.007,deterministic,passthrough,False,none,0.0,False,0.0,0.0,0.0,False,0.0,0.0,0.0,False,0.0,0.0,0.05,True,1.0,0.1395953738647505,0.04,True,1.0,0.1395953738647505,0.06666666666666667,True,1.0,0.2685463096095977,0.05714285714285714,True,1.0,0.2685463096095977,0.05,True,1.0,0.2685463096095977,0.044444444444444446,True,1.0,0.2685463096095977,0.04,True,1.0,0.2685463096095977,0.03636363636363636,True,1.0,0.2685463096095977,0.03333333333333333,True,1.0,0.2685463096095977,['537310b8-39d1-57ca-81f0-ddddc2ad9916'],chunker-generic-recursive,0,0,0,1,1,2,2,2,2,2,2,2,20,0.05,20
Q-037,Q-037,en,features_security_maintenance_limitations,R7000,25,False,6872.995,deterministic,passthrough,False,none,0.0,False,0.0,0.0,0.0,False,0.0,0.0,0.0,False,0.0,0.0,0.0,False,0.0,0.0,0.0,False,0.0,0.0,0.0,False,0.0,0.0,0.0,False,0.0,0.0,0.0,False,0.0,0.0,0.0,False,0.0,0.0,0.0,False,0.0,0.0,0.0,False,0.0,0.0,0.0,False,0.0,0.0,['79d677ad-2fef-50d3-92dd-c07a6df0f14e'],chunker-generic-recursive,0,0,0,0,0,0,0,0,0,0,0,0,,0.0,
Q-038,Q-038,en,setup_configuration,R7000,27,False,7158.713,deterministic,passthrough,False,none,0.2,True,1.0,0.43067655807339306,0.1,True,1.0,0.43067655807339306,0.06666666666666667,True,1.0,0.43067655807339306,0.05,True,1.0,0.43067655807339306,0.04,True,1.0,0.43067655807339306,0.03333333333333333,True,1.0,0.43067655807339306,0.02857142857142857,True,1.0,0.43067655807339306,0.025,True,1.0,0.43067655807339306,0.022222222222222223,True,1.0,0.43067655807339306,0.02,True,1.0,0.43067655807339306,0.01818181818181818,True,1.0,0.43067655807339306,0.016666666666666666,True,1.0,0.43067655807339306,['d4980606-c8d1-5aca-adbe-96e35254c9e1'],chunker-generic-recursive,1,1,1,1,1,1,1,1,1,1,1,1,4,0.25,5
Q-039,Q-039,en,features_security_maintenance_limitations,R7000,27,False,6642.563,deterministic,passthrough,False,none,0.0,False,0.0,0.0,0.0,False,0.0,0.0,0.06666666666666667,True,1.0,0.1532867981913646,0.05,True,1.0,0.1532867981913646,0.04,True,1.0,0.1532867981913646,0.06666666666666667,True,1.0,0.28223773393621177,0.05714285714285714,True,1.0,0.28223773393621177,0.05,True,1.0,0.28223773393621177,0.044444444444444446,True,1.0,0.28223773393621177,0.04,True,1.0,0.28223773393621177,0.03636363636363636,True,1.0,0.28223773393621177,0.03333333333333333,True,1.0,0.28223773393621177,['af255485-98d7-59f8-94db-806fd6280e64'],chunker-generic-recursive,0,0,1,1,1,2,2,2,2,2,2,2,15,0.06666666666666667,15
Q-040,Q-040,en,setup_configuration,R7000,16,False,5763.009,deterministic,passthrough,False,none,0.2,True,1.0,0.38685280723454163,0.1,True,1.0,0.38685280723454163,0.13333333333333333,True,1.0,0.5525485729997712,0.1,True,1.0,0.5525485729997712,0.08,True,1.0,0.5525485729997712,0.06666666666666667,True,1.0,0.5525485729997712,0.05714285714285714,True,1.0,0.5525485729997712,0.05,True,1.0,0.5525485729997712,0.044444444444444446,True,1.0,0.5525485729997712,0.04,True,1.0,0.5525485729997712,0.03636363636363636,True,1.0,0.5525485729997712,0.03333333333333333,True,1.0,0.5525485729997712,['89cf7641-ad76-514d-a38e-ff036b200250'],chunker-generic-recursive,1,1,2,2,2,2,2,2,2,2,2,2,2,0.5,5
Q-041,Q-041,en,setup_configuration,R7000,31,False,5967.905,deterministic,passthrough,False,none,0.0,False,0.0,0.0,0.0,False,0.0,0.0,0.0,False,0.0,0.0,0.0,False,0.0,0.0,0.04,True,1.0,0.22424382421757544,0.03333333333333333,True,1.0,0.22424382421757544,0.02857142857142857,True,1.0,0.22424382421757544,0.025,True,1.0,0.22424382421757544,0.022222222222222223,True,1.0,0.22424382421757544,0.02,True,1.0,0.22424382421757544,0.01818181818181818,True,1.0,0.22424382421757544,0.016666666666666666,True,1.0,0.22424382421757544,['0cff8f5c-96b8-5d33-9c11-37f93f8300fb'],chunker-generic-recursive,0,0,0,0,1,1,1,1,1,1,1,1,21,0.047619047619047616,25
Q-042,Q-042,en,troubleshooting_diagnostics,R7000,23,False,5900.778,deterministic,passthrough,False,none,0.0,False,0.0,0.0,0.0,False,0.0,0.0,0.06666666666666667,True,1.0,0.2559580248098155,0.05,True,1.0,0.2559580248098155,0.04,True,1.0,0.2559580248098155,0.03333333333333333,True,1.0,0.2559580248098155,0.02857142857142857,True,1.0,0.2559580248098155,0.025,True,1.0,0.2559580248098155,0.022222222222222223,True,1.0,0.2559580248098155,0.02,True,1.0,0.2559580248098155,0.01818181818181818,True,1.0,0.2559580248098155,0.016666666666666666,True,1.0,0.2559580248098155,['f2289449-f54e-5af6-8243-762118ef305b'],chunker-generic-recursive,0,0,1,1,1,1,1,1,1,1,1,1,14,0.07142857142857142,15
Q-043,Q-043,en,troubleshooting_diagnostics,R7000,23,False,5864.103,deterministic,passthrough,False,none,0.0,False,0.0,0.0,0.1,True,1.0,0.21840743681816419,0.13333333333333333,True,1.0,0.38944052088588227,0.1,True,1.0,0.38944052088588227,0.08,True,1.0,0.38944052088588227,0.06666666666666667,True,1.0,0.38944052088588227,0.05714285714285714,True,1.0,0.38944052088588227,0.05,True,1.0,0.38944052088588227,0.044444444444444446,True,1.0,0.38944052088588227,0.04,True,1.0,0.38944052088588227,0.03636363636363636,True,1.0,0.38944052088588227,0.03333333333333333,True,1.0,0.38944052088588227,['65aa662f-9473-5c74-b996-74e7f545f09c'],chunker-generic-recursive,0,1,2,2,2,2,2,2,2,2,2,2,6,0.16666666666666666,10
Q-044,Q-044,en,facts_specifications,RAX120,22,False,4974.467,deterministic,passthrough,False,none,0.0,False,0.0,0.0,0.1,True,1.0,0.3010299956639812,0.06666666666666667,True,1.0,0.3010299956639812,0.05,True,1.0,0.3010299956639812,0.04,True,1.0,0.3010299956639812,0.03333333333333333,True,1.0,0.3010299956639812,0.02857142857142857,True,1.0,0.3010299956639812,0.025,True,1.0,0.3010299956639812,0.022222222222222223,True,1.0,0.3010299956639812,0.02,True,1.0,0.3010299956639812,0.01818181818181818,True,1.0,0.3010299956639812,0.016666666666666666,True,1.0,0.3010299956639812,['89d399fa-1c1b-5d37-b35a-194ce673ec69'],chunker-generic-recursive,0,1,1,1,1,1,1,1,1,1,1,1,9,0.1111111111111111,10
Q-045,Q-045,en,facts_specifications,RAX120,20,False,6179.839,deterministic,passthrough,False,none,0.2,True,1.0,0.43067655807339306,0.1,True,1.0,0.43067655807339306,0.06666666666666667,True,1.0,0.43067655807339306,0.05,True,1.0,0.43067655807339306,0.04,True,1.0,0.43067655807339306,0.03333333333333333,True,1.0,0.43067655807339306,0.02857142857142857,True,1.0,0.43067655807339306,0.025,True,1.0,0.43067655807339306,0.022222222222222223,True,1.0,0.43067655807339306,0.02,True,1.0,0.43067655807339306,0.01818181818181818,True,1.0,0.43067655807339306,0.016666666666666666,True,1.0,0.43067655807339306,['6af6a140-458c-5188-b116-2f8430c69437'],chunker-generic-recursive,1,1,1,1,1,1,1,1,1,1,1,1,4,0.25,5
Q-046,Q-046,en,setup_configuration,RAX120,26,False,5366.798,deterministic,passthrough,False,none,0.0,False,0.0,0.0,0.1,True,1.0,0.3333333333333333,0.06666666666666667,True,1.0,0.3333333333333333,0.05,True,1.0,0.3333333333333333,0.04,True,1.0,0.3333333333333333,0.03333333333333333,True,1.0,0.3333333333333333,0.02857142857142857,True,1.0,0.3333333333333333,0.025,True,1.0,0.3333333333333333,0.022222222222222223,True,1.0,0.3333333333333333,0.02,True,1.0,0.3333333333333333,0.01818181818181818,True,1.0,0.3333333333333333,0.016666666666666666,True,1.0,0.3333333333333333,['f02b327f-e424-5fbd-884a-afa982cfba97'],chunker-generic-recursive,0,1,1,1,1,1,1,1,1,1,1,1,7,0.14285714285714285,10
Q-047,Q-047,en,facts_specifications,RAX120,23,False,5506.034,deterministic,passthrough,False,none,0.0,False,0.0,0.0,0.0,False,0.0,0.0,0.0,False,0.0,0.0,0.0,False,0.0,0.0,0.0,False,0.0,0.0,0.0,False,0.0,0.0,0.0,False,0.0,0.0,0.0,False,0.0,0.0,0.0,False,0.0,0.0,0.0,False,0.0,0.0,0.0,False,0.0,0.0,0.0,False,0.0,0.0,['304579c0-2505-541b-9272-41a33abdc404'],chunker-generic-recursive,0,0,0,0,0,0,0,0,0,0,0,0,,0.0,
Q-048,Q-048,en,setup_configuration,RAX120,25,False,7207.347,deterministic,passthrough,False,none,0.0,False,0.0,0.0,0.0,False,0.0,0.0,0.0,False,0.0,0.0,0.0,False,0.0,0.0,0.0,False,0.0,0.0,0.0,False,0.0,0.0,0.0,False,0.0,0.0,0.0,False,0.0,0.0,0.0,False,0.0,0.0,0.0,False,0.0,0.0,0.0,False,0.0,0.0,0.0,False,0.0,0.0,['ebd82415-b17d-5082-8472-3811a168faaf'],chunker-generic-recursive,0,0,0,0,0,0,0,0,0,0,0,0,,0.0,
Q-049,Q-049,en,features_security_maintenance_limitations,RAX120,28,False,7521.343,deterministic,passthrough,False,none,0.0,False,0.0,0.0,0.1,True,1.0,0.20438239758848611,0.06666666666666667,True,1.0,0.20438239758848611,0.1,True,1.0,0.3514227382548962,0.08,True,1.0,0.3514227382548962,0.06666666666666667,True,1.0,0.3514227382548962,0.05714285714285714,True,1.0,0.3514227382548962,0.05,True,1.0,0.3514227382548962,0.044444444444444446,True,1.0,0.3514227382548962,0.04,True,1.0,0.3514227382548962,0.03636363636363636,True,1.0,0.3514227382548962,0.03333333333333333,True,1.0,0.3514227382548962,['0f01b620-ac86-5a3e-bacb-6893a15e210e'],chunker-generic-recursive,0,1,1,2,2,2,2,2,2,2,2,2,7,0.14285714285714285,10
Q-050,Q-050,en,facts_specifications,RAX120,30,False,7189.3,deterministic,passthrough,False,none,0.0,False,0.0,0.0,0.0,False,0.0,0.0,0.0,False,0.0,0.0,0.05,True,1.0,0.24465054211822604,0.04,True,1.0,0.24465054211822604,0.03333333333333333,True,1.0,0.24465054211822604,0.02857142857142857,True,1.0,0.24465054211822604,0.025,True,1.0,0.24465054211822604,0.022222222222222223,True,1.0,0.24465054211822604,0.02,True,1.0,0.24465054211822604,0.01818181818181818,True,1.0,0.24465054211822604,0.016666666666666666,True,1.0,0.24465054211822604,['bb9735df-2bc3-50f1-9fb8-2235613d714e'],chunker-generic-recursive,0,0,0,1,1,1,1,1,1,1,1,1,16,0.0625,20
Q-051,Q-051,en,setup_configuration,RAX120,40,False,6199.169,deterministic,passthrough,False,none,0.0,False,0.0,0.0,0.1,True,1.0,0.19342640361727081,0.06666666666666667,True,1.0,0.19342640361727081,0.05,True,1.0,0.19342640361727081,0.08,True,1.0,0.3289716219035948,0.06666666666666667,True,1.0,0.3289716219035948,0.05714285714285714,True,1.0,0.3289716219035948,0.05,True,1.0,0.3289716219035948,0.044444444444444446,True,1.0,0.3289716219035948,0.04,True,1.0,0.3289716219035948,0.03636363636363636,True,1.0,0.3289716219035948,0.03333333333333333,True,1.0,0.3289716219035948,['9d1e53fd-0a2d-51bd-bb64-2521b239e8f3'],chunker-generic-recursive,0,1,1,1,2,2,2,2,2,2,2,2,8,0.125,10
Q-052,Q-052,en,features_security_maintenance_limitations,RAX120,41,False,5518.73,deterministic,passthrough,False,none,0.0,False,0.0,0.0,0.1,True,1.0,0.20438239758848611,0.13333333333333333,True,1.0,0.36542522267769423,0.1,True,1.0,0.36542522267769423,0.08,True,1.0,0.36542522267769423,0.06666666666666667,True,1.0,0.36542522267769423,0.05714285714285714,True,1.0,0.36542522267769423,0.05,True,1.0,0.36542522267769423,0.044444444444444446,True,1.0,0.36542522267769423,0.04,True,1.0,0.36542522267769423,0.03636363636363636,True,1.0,0.36542522267769423,0.03333333333333333,True,1.0,0.36542522267769423,['d7d2bc93-72bb-53d6-945c-0708fde2888b'],chunker-generic-recursive,0,1,2,2,2,2,2,2,2,2,2,2,7,0.14285714285714285,10
Q-053,Q-053,en,facts_specifications,RAX120,26,False,6300.283,deterministic,passthrough,False,none,0.0,False,0.0,0.0,0.0,False,0.0,0.0,0.0,False,0.0,0.0,0.0,False,0.0,0.0,0.0,False,0.0,0.0,0.0,False,0.0,0.0,0.0,False,0.0,0.0,0.0,False,0.0,0.0,0.0,False,0.0,0.0,0.0,False,0.0,0.0,0.0,False,0.0,0.0,0.0,False,0.0,0.0,['cf516841-9648-5ad0-aaaa-b65b9c5d85aa'],chunker-generic-recursive,0,0,0,0,0,0,0,0,0,0,0,0,,0.0,
Q-054,Q-054,en,troubleshooting_diagnostics,RAX120,25,False,6108.276,deterministic,passthrough,False,none,0.0,False,0.0,0.0,0.0,False,0.0,0.0,0.0,False,0.0,0.0,0.0,False,0.0,0.0,0.0,False,0.0,0.0,0.0,False,0.0,0.0,0.0,False,0.0,0.0,0.0,False,0.0,0.0,0.0,False,0.0,0.0,0.0,False,0.0,0.0,0.0,False,0.0,0.0,0.0,False,0.0,0.0,['48b55cf6-5b08-527e-bd26-f4183bca41e2'],chunker-generic-recursive,0,0,0,0,0,0,0,0,0,0,0,0,,0.0,
Q-055,Q-055,en,facts_specifications,RAX120,32,False,6623.244,deterministic,passthrough,False,none,0.0,False,0.0,0.0,0.0,False,0.0,0.0,0.06666666666666667,True,1.0,0.27023815442731974,0.05,True,1.0,0.27023815442731974,0.04,True,1.0,0.27023815442731974,0.03333333333333333,True,1.0,0.27023815442731974,0.02857142857142857,True,1.0,0.27023815442731974,0.025,True,1.0,0.27023815442731974,0.022222222222222223,True,1.0,0.27023815442731974,0.02,True,1.0,0.27023815442731974,0.01818181818181818,True,1.0,0.27023815442731974,0.016666666666666666,True,1.0,0.27023815442731974,['7059c14f-c840-5863-9050-2518f69aa8d5'],chunker-generic-recursive,0,0,1,1,1,1,1,1,1,1,1,1,12,0.08333333333333333,15
Q-056,Q-056,en,troubleshooting_diagnostics,RAX50,22,False,5095.695,deterministic,passthrough,False,none,0.2,True,1.0,1.0,0.1,True,1.0,1.0,0.06666666666666667,True,1.0,1.0,0.05,True,1.0,1.0,0.04,True,1.0,1.0,0.03333333333333333,True,1.0,1.0,0.02857142857142857,True,1.0,1.0,0.025,True,1.0,1.0,0.022222222222222223,True,1.0,1.0,0.02,True,1.0,1.0,0.01818181818181818,True,1.0,1.0,0.016666666666666666,True,1.0,1.0,['f42f57b0-65cd-5982-935c-289c54636287'],chunker-generic-recursive,1,1,1,1,1,1,1,1,1,1,1,1,1,1.0,5
Q-057,Q-057,en,setup_configuration,RAX50,25,False,5506.558,deterministic,passthrough,False,none,0.0,False,0.0,0.0,0.0,False,0.0,0.0,0.0,False,0.0,0.0,0.0,False,0.0,0.0,0.0,False,0.0,0.0,0.0,False,0.0,0.0,0.0,False,0.0,0.0,0.0,False,0.0,0.0,0.0,False,0.0,0.0,0.0,False,0.0,0.0,0.0,False,0.0,0.0,0.0,False,0.0,0.0,['e00425b6-15d6-5234-b2e5-d0f194e4e777'],chunker-generic-recursive,0,0,0,0,0,0,0,0,0,0,0,0,,0.0,
Q-058,Q-058,en,facts_specifications,RAX50,31,False,5431.567,deterministic,passthrough,False,none,0.0,False,0.0,0.0,0.0,False,0.0,0.0,0.0,False,0.0,0.0,0.0,False,0.0,0.0,0.0,False,0.0,0.0,0.0,False,0.0,0.0,0.0,False,0.0,0.0,0.0,False,0.0,0.0,0.0,False,0.0,0.0,0.0,False,0.0,0.0,0.0,False,0.0,0.0,0.0,False,0.0,0.0,['e87e22a2-a89c-58a7-9ff2-ff82463e19a7'],chunker-generic-recursive,0,0,0,0,0,0,0,0,0,0,0,0,,0.0,
Q-059,Q-059,en,troubleshooting_diagnostics,RAX50,32,False,6207.551,deterministic,passthrough,False,none,0.0,False,0.0,0.0,0.0,False,0.0,0.0,0.0,False,0.0,0.0,0.0,False,0.0,0.0,0.0,False,0.0,0.0,0.0,False,0.0,0.0,0.0,False,0.0,0.0,0.0,False,0.0,0.0,0.0,False,0.0,0.0,0.0,False,0.0,0.0,0.0,False,0.0,0.0,0.0,False,0.0,0.0,['03914fcb-62c9-5345-8ab2-2475379fe1be'],chunker-generic-recursive,0,0,0,0,0,0,0,0,0,0,0,0,,0.0,
Q-060,Q-060,en,features_security_maintenance_limitations,RAX50,22,False,6507.519,deterministic,passthrough,False,none,0.0,False,0.0,0.0,0.0,False,0.0,0.0,0.0,False,0.0,0.0,0.0,False,0.0,0.0,0.0,False,0.0,0.0,0.0,False,0.0,0.0,0.0,False,0.0,0.0,0.0,False,0.0,0.0,0.0,False,0.0,0.0,0.0,False,0.0,0.0,0.0,False,0.0,0.0,0.0,False,0.0,0.0,['d2849132-6a3d-520c-8f2c-bd5e904e522d'],chunker-generic-recursive,0,0,0,0,0,0,0,0,0,0,0,0,,0.0,
Q-061,Q-061,en,troubleshooting_diagnostics,RAX50,31,False,6050.069,deterministic,passthrough,False,none,0.0,False,0.0,0.0,0.0,False,0.0,0.0,0.0,False,0.0,0.0,0.0,False,0.0,0.0,0.0,False,0.0,0.0,0.0,False,0.0,0.0,0.0,False,0.0,0.0,0.0,False,0.0,0.0,0.0,False,0.0,0.0,0.0,False,0.0,0.0,0.0,False,0.0,0.0,0.0,False,0.0,0.0,['93ffa849-c75e-5120-be9a-d99bb0eed70b'],chunker-generic-recursive,0,0,0,0,0,0,0,0,0,0,0,0,,0.0,
Q-062,Q-062,en,troubleshooting_diagnostics,RAX50,30,False,5832.855,deterministic,passthrough,False,none,0.0,False,0.0,0.0,0.1,True,1.0,0.18457569677956817,0.06666666666666667,True,1.0,0.18457569677956817,0.1,True,1.0,0.334582489887906,0.08,True,1.0,0.334582489887906,0.06666666666666667,True,1.0,0.334582489887906,0.05714285714285714,True,1.0,0.334582489887906,0.05,True,1.0,0.334582489887906,0.044444444444444446,True,1.0,0.334582489887906,0.04,True,1.0,0.334582489887906,0.03636363636363636,True,1.0,0.334582489887906,0.03333333333333333,True,1.0,0.334582489887906,['03a4fccb-bb0c-56ec-b67b-eee79c190813'],chunker-generic-recursive,0,1,1,2,2,2,2,2,2,2,2,2,9,0.1111111111111111,10
Q-063,Q-063,en,facts_specifications,RAX50,32,False,5734.934,deterministic,passthrough,False,none,0.2,True,1.0,0.6309297535714575,0.1,True,1.0,0.6309297535714575,0.06666666666666667,True,1.0,0.6309297535714575,0.05,True,1.0,0.6309297535714575,0.04,True,1.0,0.6309297535714575,0.03333333333333333,True,1.0,0.6309297535714575,0.02857142857142857,True,1.0,0.6309297535714575,0.025,True,1.0,0.6309297535714575,0.022222222222222223,True,1.0,0.6309297535714575,0.02,True,1.0,0.6309297535714575,0.01818181818181818,True,1.0,0.6309297535714575,0.016666666666666666,True,1.0,0.6309297535714575,['a13c3553-78f9-5ede-9cd9-390daad977b6'],chunker-generic-recursive,1,1,1,1,1,1,1,1,1,1,1,1,2,0.5,5
Q-064,Q-064,en,features_security_maintenance_limitations,RAX50,36,False,5850.642,deterministic,passthrough,False,none,0.2,True,1.0,0.38685280723454163,0.2,True,1.0,0.6052602440527057,0.13333333333333333,True,1.0,0.6052602440527057,0.1,True,1.0,0.6052602440527057,0.08,True,1.0,0.6052602440527057,0.06666666666666667,True,1.0,0.6052602440527057,0.05714285714285714,True,1.0,0.6052602440527057,0.05,True,1.0,0.6052602440527057,0.044444444444444446,True,1.0,0.6052602440527057,0.04,True,1.0,0.6052602440527057,0.03636363636363636,True,1.0,0.6052602440527057,0.03333333333333333,True,1.0,0.6052602440527057,['01143d51-a727-543c-b607-948530c2902c'],chunker-generic-recursive,1,2,2,2,2,2,2,2,2,2,2,2,2,0.5,5
Q-065,Q-065,en,troubleshooting_diagnostics,RAX50,18,False,5784.757,deterministic,passthrough,False,none,0.0,False,0.0,0.0,0.0,False,0.0,0.0,0.0,False,0.0,0.0,0.0,False,0.0,0.0,0.0,False,0.0,0.0,0.0,False,0.0,0.0,0.0,False,0.0,0.0,0.0,False,0.0,0.0,0.0,False,0.0,0.0,0.0,False,0.0,0.0,0.0,False,0.0,0.0,0.0,False,0.0,0.0,['af31b6ec-73a8-5529-8fa5-da1f467d1bef'],chunker-generic-recursive,0,0,0,0,0,0,0,0,0,0,0,0,,0.0,
Q-066,Q-066,en,troubleshooting_diagnostics,RAX50,31,False,5775.617,deterministic,passthrough,False,none,0.0,False,0.0,0.0,0.0,False,0.0,0.0,0.0,False,0.0,0.0,0.0,False,0.0,0.0,0.04,True,1.0,0.21533827903669653,0.03333333333333333,True,1.0,0.21533827903669653,0.02857142857142857,True,1.0,0.21533827903669653,0.025,True,1.0,0.21533827903669653,0.022222222222222223,True,1.0,0.21533827903669653,0.02,True,1.0,0.21533827903669653,0.01818181818181818,True,1.0,0.21533827903669653,0.016666666666666666,True,1.0,0.21533827903669653,['d6a2438e-ce2e-5744-b23d-64355bb7f3b2'],chunker-generic-recursive,0,0,0,0,1,1,1,1,1,1,1,1,24,0.041666666666666664,25
Q-067,Q-067,en,setup_configuration,RAXE500,23,False,4218.844,deterministic,passthrough,False,none,0.0,False,0.0,0.0,0.1,True,1.0,0.3562071871080222,0.06666666666666667,True,1.0,0.3562071871080222,0.05,True,1.0,0.3562071871080222,0.04,True,1.0,0.3562071871080222,0.03333333333333333,True,1.0,0.3562071871080222,0.02857142857142857,True,1.0,0.3562071871080222,0.025,True,1.0,0.3562071871080222,0.022222222222222223,True,1.0,0.3562071871080222,0.02,True,1.0,0.3562071871080222,0.01818181818181818,True,1.0,0.3562071871080222,0.016666666666666666,True,1.0,0.3562071871080222,['a3662689-f8b9-5c28-8c0a-b2185487bec9'],chunker-generic-recursive,0,1,1,1,1,1,1,1,1,1,1,1,6,0.16666666666666666,10
Q-068,Q-068,en,troubleshooting_diagnostics,RAXE500,28,False,5728.588,deterministic,passthrough,False,none,0.0,False,0.0,0.0,0.0,False,0.0,0.0,0.0,False,0.0,0.0,0.05,True,1.0,0.23981246656813146,0.04,True,1.0,0.23981246656813146,0.03333333333333333,True,1.0,0.23981246656813146,0.02857142857142857,True,1.0,0.23981246656813146,0.025,True,1.0,0.23981246656813146,0.022222222222222223,True,1.0,0.23981246656813146,0.02,True,1.0,0.23981246656813146,0.01818181818181818,True,1.0,0.23981246656813146,0.016666666666666666,True,1.0,0.23981246656813146,['feb09c00-0fd2-5b2c-ae97-969bd349df0e'],chunker-generic-recursive,0,0,0,1,1,1,1,1,1,1,1,1,17,0.058823529411764705,20
Q-069,Q-069,en,facts_specifications,RAXE500,26,False,6989.385,deterministic,passthrough,False,none,0.2,True,1.0,0.38685280723454163,0.1,True,1.0,0.38685280723454163,0.06666666666666667,True,1.0,0.38685280723454163,0.05,True,1.0,0.38685280723454163,0.04,True,1.0,0.38685280723454163,0.03333333333333333,True,1.0,0.38685280723454163,0.02857142857142857,True,1.0,0.38685280723454163,0.025,True,1.0,0.38685280723454163,0.022222222222222223,True,1.0,0.38685280723454163,0.02,True,1.0,0.38685280723454163,0.01818181818181818,True,1.0,0.38685280723454163,0.016666666666666666,True,1.0,0.38685280723454163,['eae4f314-abe4-5229-ac3e-d9cc4c571b27'],chunker-generic-recursive,1,1,1,1,1,1,1,1,1,1,1,1,5,0.2,5
Q-070,Q-070,en,setup_configuration,RAXE500,23,False,7203.774,deterministic,passthrough,False,none,0.0,False,0.0,0.0,0.0,False,0.0,0.0,0.0,False,0.0,0.0,0.0,False,0.0,0.0,0.0,False,0.0,0.0,0.0,False,0.0,0.0,0.0,False,0.0,0.0,0.0,False,0.0,0.0,0.0,False,0.0,0.0,0.0,False,0.0,0.0,0.0,False,0.0,0.0,0.0,False,0.0,0.0,['8dba79ed-9bf8-5cb2-833b-a493317e765e'],chunker-generic-recursive,0,0,0,0,0,0,0,0,0,0,0,0,,0.0,
Q-071,Q-071,en,features_security_maintenance_limitations,RAXE500,24,False,7641.427,deterministic,passthrough,False,none,0.0,False,0.0,0.0,0.0,False,0.0,0.0,0.0,False,0.0,0.0,0.0,False,0.0,0.0,0.0,False,0.0,0.0,0.0,False,0.0,0.0,0.0,False,0.0,0.0,0.0,False,0.0,0.0,0.0,False,0.0,0.0,0.0,False,0.0,0.0,0.0,False,0.0,0.0,0.0,False,0.0,0.0,['33088b55-3bd9-50bd-8652-c3cd7fd2d88f'],chunker-generic-recursive,0,0,0,0,0,0,0,0,0,0,0,0,,0.0,
Q-072,Q-072,en,facts_specifications,RAXE500,23,False,6375.656,deterministic,passthrough,False,none,0.0,False,0.0,0.0,0.0,False,0.0,0.0,0.06666666666666667,True,1.0,0.27894294565112987,0.05,True,1.0,0.27894294565112987,0.04,True,1.0,0.27894294565112987,0.03333333333333333,True,1.0,0.27894294565112987,0.02857142857142857,True,1.0,0.27894294565112987,0.025,True,1.0,0.27894294565112987,0.022222222222222223,True,1.0,0.27894294565112987,0.02,True,1.0,0.27894294565112987,0.01818181818181818,True,1.0,0.27894294565112987,0.016666666666666666,True,1.0,0.27894294565112987,['09ef238c-cabe-5ea4-9616-24e57ee8f002'],chunker-generic-recursive,0,0,1,1,1,1,1,1,1,1,1,1,11,0.09090909090909091,15
Q-073,Q-073,en,facts_specifications,RAXE500,21,False,6036.56,deterministic,passthrough,False,none,0.0,False,0.0,0.0,0.1,True,1.0,0.3562071871080222,0.06666666666666667,True,1.0,0.3562071871080222,0.05,True,1.0,0.3562071871080222,0.04,True,1.0,0.3562071871080222,0.03333333333333333,True,1.0,0.3562071871080222,0.02857142857142857,True,1.0,0.3562071871080222,0.025,True,1.0,0.3562071871080222,0.022222222222222223,True,1.0,0.3562071871080222,0.02,True,1.0,0.3562071871080222,0.01818181818181818,True,1.0,0.3562071871080222,0.016666666666666666,True,1.0,0.3562071871080222,['04f1b52b-9f18-591e-ac0a-b16ee4a34dad'],chunker-generic-recursive,0,1,1,1,1,1,1,1,1,1,1,1,6,0.16666666666666666,10
Q-074,Q-074,en,setup_configuration,RAXE500,27,False,6276.044,deterministic,passthrough,False,none,0.2,True,1.0,0.6131471927654584,0.1,True,1.0,0.6131471927654584,0.06666666666666667,True,1.0,0.6131471927654584,0.05,True,1.0,0.6131471927654584,0.08,True,1.0,0.746877227126485,0.06666666666666667,True,1.0,0.746877227126485,0.05714285714285714,True,1.0,0.746877227126485,0.05,True,1.0,0.746877227126485,0.044444444444444446,True,1.0,0.746877227126485,0.04,True,1.0,0.746877227126485,0.03636363636363636,True,1.0,0.746877227126485,0.03333333333333333,True,1.0,0.746877227126485,['8533530e-9001-5a31-a453-6077909ff031'],chunker-generic-recursive,1,1,1,1,2,2,2,2,2,2,2,2,1,1.0,5
Q-075,Q-075,en,features_security_maintenance_limitations,RAXE500,34,False,6786.784,deterministic,passthrough,False,none,0.0,False,0.0,0.0,0.1,True,1.0,0.3010299956639812,0.06666666666666667,True,1.0,0.3010299956639812,0.05,True,1.0,0.3010299956639812,0.04,True,1.0,0.3010299956639812,0.03333333333333333,True,1.0,0.3010299956639812,0.02857142857142857,True,1.0,0.3010299956639812,0.025,True,1.0,0.3010299956639812,0.022222222222222223,True,1.0,0.3010299956639812,0.02,True,1.0,0.3010299956639812,0.01818181818181818,True,1.0,0.3010299956639812,0.016666666666666666,True,1.0,0.3010299956639812,['b2cee766-ed4f-59bb-8d66-703a2aecba75'],chunker-generic-recursive,0,1,1,1,1,1,1,1,1,1,1,1,9,0.1111111111111111,10
Q-076,Q-076,en,features_security_maintenance_limitations,RAXE500,48,False,6727.119,deterministic,passthrough,False,none,0.2,True,1.0,0.43067655807339306,0.1,True,1.0,0.43067655807339306,0.06666666666666667,True,1.0,0.43067655807339306,0.05,True,1.0,0.43067655807339306,0.04,True,1.0,0.43067655807339306,0.03333333333333333,True,1.0,0.43067655807339306,0.02857142857142857,True,1.0,0.43067655807339306,0.025,True,1.0,0.43067655807339306,0.022222222222222223,True,1.0,0.43067655807339306,0.02,True,1.0,0.43067655807339306,0.01818181818181818,True,1.0,0.43067655807339306,0.016666666666666666,True,1.0,0.43067655807339306,['0fc19ad4-a3f3-5128-a97a-000311ce8919'],chunker-generic-recursive,1,1,1,1,1,1,1,1,1,1,1,1,4,0.25,5
Q-077,Q-077,en,troubleshooting_diagnostics,RAXE500,28,False,4328.793,deterministic,passthrough,False,none,0.0,False,0.0,0.0,0.0,False,0.0,0.0,0.0,False,0.0,0.0,0.0,False,0.0,0.0,0.04,True,1.0,0.21810429198553155,0.03333333333333333,True,1.0,0.21810429198553155,0.02857142857142857,True,1.0,0.21810429198553155,0.025,True,1.0,0.21810429198553155,0.022222222222222223,True,1.0,0.21810429198553155,0.02,True,1.0,0.21810429198553155,0.01818181818181818,True,1.0,0.21810429198553155,0.016666666666666666,True,1.0,0.21810429198553155,['494eba00-b9d1-5fec-898e-b212c6f28baf'],chunker-generic-recursive,0,0,0,0,1,1,1,1,1,1,1,1,23,0.043478260869565216,25
Q-078,Q-078,en,facts_specifications,RBK852,21,False,5849.975,deterministic,passthrough,False,none,0.6,True,1.0,0.9060254355346823,0.3,True,1.0,0.9060254355346823,0.2,True,1.0,0.9060254355346823,0.15,True,1.0,0.9060254355346823,0.12,True,1.0,0.9060254355346823,0.1,True,1.0,0.9060254355346823,0.08571428571428572,True,1.0,0.9060254355346823,0.075,True,1.0,0.9060254355346823,0.06666666666666667,True,1.0,0.9060254355346823,0.06,True,1.0,0.9060254355346823,0.05454545454545454,True,1.0,0.9060254355346823,0.05,True,1.0,0.9060254355346823,['fd0ce992-9b7f-58e2-9140-f25a95a0b95b'],chunker-generic-recursive,3,3,3,3,3,3,3,3,3,3,3,3,1,1.0,5
Q-079,Q-079,en,facts_specifications,RBK852,21,False,6591.707,deterministic,passthrough,False,none,0.2,True,1.0,0.5,0.1,True,1.0,0.5,0.06666666666666667,True,1.0,0.5,0.05,True,1.0,0.5,0.04,True,1.0,0.5,0.03333333333333333,True,1.0,0.5,0.02857142857142857,True,1.0,0.5,0.025,True,1.0,0.5,0.022222222222222223,True,1.0,0.5,0.02,True,1.0,0.5,0.01818181818181818,True,1.0,0.5,0.016666666666666666,True,1.0,0.5,['bafbe93c-5d33-537b-82ee-2c89ca1550eb'],chunker-generic-recursive,1,1,1,1,1,1,1,1,1,1,1,1,3,0.3333333333333333,5
Q-080,Q-080,en,setup_configuration,RBK852,42,False,6347.581,deterministic,passthrough,False,none,0.0,False,0.0,0.0,0.0,False,0.0,0.0,0.0,False,0.0,0.0,0.0,False,0.0,0.0,0.0,False,0.0,0.0,0.0,False,0.0,0.0,0.0,False,0.0,0.0,0.0,False,0.0,0.0,0.0,False,0.0,0.0,0.0,False,0.0,0.0,0.0,False,0.0,0.0,0.0,False,0.0,0.0,['acfcfc10-9010-5a5e-9f6c-e4bbbf310479'],chunker-generic-recursive,0,0,0,0,0,0,0,0,0,0,0,0,,0.0,
Q-081,Q-081,en,features_security_maintenance_limitations,RBK852,26,False,5093.551,deterministic,passthrough,False,none,0.2,True,1.0,0.38685280723454163,0.1,True,1.0,0.38685280723454163,0.06666666666666667,True,1.0,0.38685280723454163,0.05,True,1.0,0.38685280723454163,0.08,True,1.0,0.5172974527427161,0.06666666666666667,True,1.0,0.5172974527427161,0.05714285714285714,True,1.0,0.5172974527427161,0.05,True,1.0,0.5172974527427161,0.044444444444444446,True,1.0,0.5172974527427161,0.04,True,1.0,0.5172974527427161,0.03636363636363636,True,1.0,0.5172974527427161,0.03333333333333333,True,1.0,0.5172974527427161,['aee81160-3f45-597d-97ea-c7a1ad45d30a'],chunker-generic-recursive,1,1,1,1,2,2,2,2,2,2,2,2,2,0.5,5
Q-082,Q-082,en,setup_configuration,RBK852,27,False,6255.934,deterministic,passthrough,False,none,0.2,True,1.0,1.0,0.1,True,1.0,1.0,0.06666666666666667,True,1.0,1.0,0.05,True,1.0,1.0,0.04,True,1.0,1.0,0.03333333333333333,True,1.0,1.0,0.02857142857142857,True,1.0,1.0,0.025,True,1.0,1.0,0.022222222222222223,True,1.0,1.0,0.02,True,1.0,1.0,0.01818181818181818,True,1.0,1.0,0.016666666666666666,True,1.0,1.0,['a6546993-1d1a-5eb2-b616-d7c4995490a6'],chunker-generic-recursive,1,1,1,1,1,1,1,1,1,1,1,1,1,1.0,5
Q-083,Q-083,en,features_security_maintenance_limitations,RBK852,27,False,6583.203,deterministic,passthrough,False,none,0.0,False,0.0,0.0,0.0,False,0.0,0.0,0.0,False,0.0,0.0,0.0,False,0.0,0.0,0.0,False,0.0,0.0,0.0,False,0.0,0.0,0.0,False,0.0,0.0,0.0,False,0.0,0.0,0.0,False,0.0,0.0,0.0,False,0.0,0.0,0.0,False,0.0,0.0,0.0,False,0.0,0.0,['83b0f8da-6afa-5070-9d44-c12b3b247e8b'],chunker-generic-recursive,0,0,0,0,0,0,0,0,0,0,0,0,,0.0,
Q-084,Q-084,en,facts_specifications,RBK852,19,False,6223.905,deterministic,passthrough,False,none,0.0,False,0.0,0.0,0.1,True,1.0,0.19342640361727081,0.13333333333333333,True,1.0,0.35446922870647896,0.1,True,1.0,0.35446922870647896,0.08,True,1.0,0.35446922870647896,0.06666666666666667,True,1.0,0.35446922870647896,0.05714285714285714,True,1.0,0.35446922870647896,0.05,True,1.0,0.35446922870647896,0.044444444444444446,True,1.0,0.35446922870647896,0.04,True,1.0,0.35446922870647896,0.03636363636363636,True,1.0,0.35446922870647896,0.03333333333333333,True,1.0,0.35446922870647896,['0121bbc3-46f8-588c-b9d6-e7e69974a9fe'],chunker-generic-recursive,0,1,2,2,2,2,2,2,2,2,2,2,8,0.125,10
Q-085,Q-085,en,features_security_maintenance_limitations,RBK852,29,False,6452.805,deterministic,passthrough,False,none,0.2,True,1.0,0.38685280723454163,0.1,True,1.0,0.38685280723454163,0.06666666666666667,True,1.0,0.38685280723454163,0.05,True,1.0,0.38685280723454163,0.04,True,1.0,0.38685280723454163,0.03333333333333333,True,1.0,0.38685280723454163,0.02857142857142857,True,1.0,0.38685280723454163,0.025,True,1.0,0.38685280723454163,0.022222222222222223,True,1.0,0.38685280723454163,0.02,True,1.0,0.38685280723454163,0.01818181818181818,True,1.0,0.38685280723454163,0.016666666666666666,True,1.0,0.38685280723454163,['e8fbf22f-7fac-51cc-8b76-ef68177b1407'],chunker-generic-recursive,1,1,1,1,1,1,1,1,1,1,1,1,5,0.2,5
Q-086,Q-086,en,features_security_maintenance_limitations,RBK852,28,False,6082.469,deterministic,passthrough,False,none,0.0,False,0.0,0.0,0.0,False,0.0,0.0,0.0,False,0.0,0.0,0.0,False,0.0,0.0,0.0,False,0.0,0.0,0.0,False,0.0,0.0,0.0,False,0.0,0.0,0.0,False,0.0,0.0,0.0,False,0.0,0.0,0.0,False,0.0,0.0,0.0,False,0.0,0.0,0.0,False,0.0,0.0,['64c7ce15-7a5a-580d-adbe-160bed89ad0b'],chunker-generic-recursive,0,0,0,0,0,0,0,0,0,0,0,0,,0.0,
Q-087,Q-087,en,troubleshooting_diagnostics,RBK852,33,False,6834.734,deterministic,passthrough,False,none,0.2,True,1.0,0.6309297535714575,0.1,True,1.0,0.6309297535714575,0.06666666666666667,True,1.0,0.6309297535714575,0.05,True,1.0,0.6309297535714575,0.04,True,1.0,0.6309297535714575,0.03333333333333333,True,1.0,0.6309297535714575,0.02857142857142857,True,1.0,0.6309297535714575,0.025,True,1.0,0.6309297535714575,0.022222222222222223,True,1.0,0.6309297535714575,0.02,True,1.0,0.6309297535714575,0.01818181818181818,True,1.0,0.6309297535714575,0.016666666666666666,True,1.0,0.6309297535714575,['594cc248-162e-5180-b1f6-243ea1c30a9e'],chunker-generic-recursive,1,1,1,1,1,1,1,1,1,1,1,1,2,0.5,5
Q-088,Q-088,en,troubleshooting_diagnostics,RBK852,32,False,7025.824,deterministic,passthrough,False,none,0.2,True,1.0,0.38685280723454163,0.1,True,1.0,0.38685280723454163,0.06666666666666667,True,1.0,0.38685280723454163,0.05,True,1.0,0.38685280723454163,0.08,True,1.0,0.5172974527427161,0.06666666666666667,True,1.0,0.5172974527427161,0.05714285714285714,True,1.0,0.5172974527427161,0.05,True,1.0,0.5172974527427161,0.044444444444444446,True,1.0,0.5172974527427161,0.04,True,1.0,0.5172974527427161,0.03636363636363636,True,1.0,0.5172974527427161,0.03333333333333333,True,1.0,0.5172974527427161,['8989f72f-c45f-5a19-b2ce-b190765e7b28'],chunker-generic-recursive,1,1,1,1,2,2,2,2,2,2,2,2,2,0.5,5
Q-089,Q-089,en,facts_specifications,XR500,15,False,6673.618,deterministic,passthrough,False,none,0.2,True,1.0,0.5,0.1,True,1.0,0.5,0.06666666666666667,True,1.0,0.5,0.05,True,1.0,0.5,0.04,True,1.0,0.5,0.03333333333333333,True,1.0,0.5,0.02857142857142857,True,1.0,0.5,0.025,True,1.0,0.5,0.022222222222222223,True,1.0,0.5,0.02,True,1.0,0.5,0.01818181818181818,True,1.0,0.5,0.016666666666666666,True,1.0,0.5,['3252b308-2ca3-5fec-b98f-6d89b53b5bb2'],chunker-generic-recursive,1,1,1,1,1,1,1,1,1,1,1,1,3,0.3333333333333333,5
Q-090,Q-090,en,setup_configuration,XR500,28,False,7037.642,deterministic,passthrough,False,none,0.0,False,0.0,0.0,0.1,True,1.0,0.31546487678572877,0.06666666666666667,True,1.0,0.31546487678572877,0.05,True,1.0,0.31546487678572877,0.04,True,1.0,0.31546487678572877,0.03333333333333333,True,1.0,0.31546487678572877,0.02857142857142857,True,1.0,0.31546487678572877,0.025,True,1.0,0.31546487678572877,0.022222222222222223,True,1.0,0.31546487678572877,0.02,True,1.0,0.31546487678572877,0.01818181818181818,True,1.0,0.31546487678572877,0.016666666666666666,True,1.0,0.31546487678572877,['cb248990-463a-5428-8ee2-082f71f0484e'],chunker-generic-recursive,0,1,1,1,1,1,1,1,1,1,1,1,8,0.125,10
Q-091,Q-091,en,features_security_maintenance_limitations,XR500,25,False,5830.839,deterministic,passthrough,False,none,0.0,False,0.0,0.0,0.0,False,0.0,0.0,0.0,False,0.0,0.0,0.05,True,1.0,0.23540891336663824,0.04,True,1.0,0.23540891336663824,0.03333333333333333,True,1.0,0.23540891336663824,0.02857142857142857,True,1.0,0.23540891336663824,0.025,True,1.0,0.23540891336663824,0.022222222222222223,True,1.0,0.23540891336663824,0.02,True,1.0,0.23540891336663824,0.01818181818181818,True,1.0,0.23540891336663824,0.016666666666666666,True,1.0,0.23540891336663824,['44b909e7-8fcd-5a49-bae0-e2be984df636'],chunker-generic-recursive,0,0,0,1,1,1,1,1,1,1,1,1,18,0.05555555555555555,20
Q-092,Q-092,en,features_security_maintenance_limitations,XR500,22,False,5803.182,deterministic,passthrough,False,none,0.4,True,1.0,1.0,0.2,True,1.0,1.0,0.13333333333333333,True,1.0,1.0,0.1,True,1.0,1.0,0.08,True,1.0,1.0,0.06666666666666667,True,1.0,1.0,0.05714285714285714,True,1.0,1.0,0.05,True,1.0,1.0,0.044444444444444446,True,1.0,1.0,0.04,True,1.0,1.0,0.03636363636363636,True,1.0,1.0,0.03333333333333333,True,1.0,1.0,['d9934c94-0789-5258-8d3c-3482e84637b0'],chunker-generic-recursive,2,2,2,2,2,2,2,2,2,2,2,2,1,1.0,5
Q-093,Q-093,en,features_security_maintenance_limitations,XR500,37,False,5742.725,deterministic,passthrough,False,none,0.2,True,1.0,0.38685280723454163,0.1,True,1.0,0.38685280723454163,0.06666666666666667,True,1.0,0.38685280723454163,0.05,True,1.0,0.38685280723454163,0.08,True,1.0,0.5243472785485389,0.06666666666666667,True,1.0,0.5243472785485389,0.05714285714285714,True,1.0,0.5243472785485389,0.05,True,1.0,0.5243472785485389,0.044444444444444446,True,1.0,0.5243472785485389,0.04,True,1.0,0.5243472785485389,0.03636363636363636,True,1.0,0.5243472785485389,0.03333333333333333,True,1.0,0.5243472785485389,['e3bace6b-5d07-5dcc-8041-f1933c6cd04f'],chunker-generic-recursive,1,1,1,1,2,2,2,2,2,2,2,2,2,0.5,5
Q-094,Q-094,en,features_security_maintenance_limitations,XR500,25,False,3945.245,deterministic,passthrough,False,none,0.0,False,0.0,0.0,0.1,True,1.0,0.14126697285982898,0.13333333333333333,True,1.0,0.25858665436551814,0.1,True,1.0,0.25858665436551814,0.12,True,1.0,0.36093835864858365,0.1,True,1.0,0.36093835864858365,0.08571428571428572,True,1.0,0.36093835864858365,0.075,True,1.0,0.36093835864858365,0.06666666666666667,True,1.0,0.36093835864858365,0.06,True,1.0,0.36093835864858365,0.05454545454545454,True,1.0,0.36093835864858365,0.05,True,1.0,0.36093835864858365,['e8550a88-ca9e-5dc2-8bb3-4dd7ff222c8d'],chunker-generic-recursive,0,1,2,2,3,3,3,3,3,3,3,3,9,0.1111111111111111,10
Q-095,Q-095,en,features_security_maintenance_limitations,XR500,22,False,5725.246,deterministic,passthrough,False,none,0.6,True,1.0,1.0,0.3,True,1.0,1.0,0.2,True,1.0,1.0,0.15,True,1.0,1.0,0.12,True,1.0,1.0,0.1,True,1.0,1.0,0.08571428571428572,True,1.0,1.0,0.075,True,1.0,1.0,0.06666666666666667,True,1.0,1.0,0.06,True,1.0,1.0,0.05454545454545454,True,1.0,1.0,0.05,True,1.0,1.0,['dee55ef8-729a-51e5-9b1c-29cce4910ea6'],chunker-generic-recursive,3,3,3,3,3,3,3,3,3,3,3,3,1,1.0,5
Q-096,Q-096,en,features_security_maintenance_limitations,XR500,29,False,5792.885,deterministic,passthrough,False,none,0.0,False,0.0,0.0,0.0,False,0.0,0.0,0.0,False,0.0,0.0,0.0,False,0.0,0.0,0.0,False,0.0,0.0,0.0,False,0.0,0.0,0.0,False,0.0,0.0,0.0,False,0.0,0.0,0.0,False,0.0,0.0,0.0,False,0.0,0.0,0.0,False,0.0,0.0,0.0,False,0.0,0.0,['1d4788df-374d-52e0-a31b-c406a91abfcc'],chunker-generic-recursive,0,0,0,0,0,0,0,0,0,0,0,0,,0.0,
Q-097,Q-097,en,features_security_maintenance_limitations,XR500,21,False,5586.954,deterministic,passthrough,False,none,0.0,False,0.0,0.0,0.0,False,0.0,0.0,0.0,False,0.0,0.0,0.0,False,0.0,0.0,0.0,False,0.0,0.0,0.0,False,0.0,0.0,0.0,False,0.0,0.0,0.0,False,0.0,0.0,0.0,False,0.0,0.0,0.0,False,0.0,0.0,0.0,False,0.0,0.0,0.0,False,0.0,0.0,['9c7f8f5e-dadb-5ed0-b8be-baa2f11349a8'],chunker-generic-recursive,0,0,0,0,0,0,0,0,0,0,0,0,,0.0,
Q-098,Q-098,en,features_security_maintenance_limitations,XR500,40,False,4618.53,deterministic,passthrough,False,none,0.4,True,1.0,0.49818925746641285,0.2,True,1.0,0.49818925746641285,0.13333333333333333,True,1.0,0.49818925746641285,0.1,True,1.0,0.49818925746641285,0.08,True,1.0,0.49818925746641285,0.06666666666666667,True,1.0,0.49818925746641285,0.05714285714285714,True,1.0,0.49818925746641285,0.075,True,1.0,0.5876109815318858,0.06666666666666667,True,1.0,0.5876109815318858,0.06,True,1.0,0.5876109815318858,0.05454545454545454,True,1.0,0.5876109815318858,0.05,True,1.0,0.5876109815318858,['65a39d84-6b18-50df-b32a-a7d46fbe2cfc'],chunker-generic-recursive,2,2,2,2,2,2,2,3,3,3,3,3,2,0.5,5
Q-099,Q-099,en,features_security_maintenance_limitations,XR500,29,False,6441.133,deterministic,passthrough,False,none,0.4,True,1.0,0.8503449055347546,0.2,True,1.0,0.8503449055347546,0.13333333333333333,True,1.0,0.8503449055347546,0.1,True,1.0,0.8503449055347546,0.08,True,1.0,0.8503449055347546,0.06666666666666667,True,1.0,0.8503449055347546,0.05714285714285714,True,1.0,0.8503449055347546,0.05,True,1.0,0.8503449055347546,0.044444444444444446,True,1.0,0.8503449055347546,0.04,True,1.0,0.8503449055347546,0.03636363636363636,True,1.0,0.8503449055347546,0.03333333333333333,True,1.0,0.8503449055347546,['36995834-66ad-5975-9724-aa9f228f5502'],chunker-generic-recursive,2,2,2,2,2,2,2,2,2,2,2,2,1,1.0,5
Q-100,Q-100,en,features_security_maintenance_limitations,XR500,26,False,6530.082,deterministic,passthrough,False,none,0.0,False,0.0,0.0,0.0,False,0.0,0.0,0.0,False,0.0,0.0,0.0,False,0.0,0.0,0.0,False,0.0,0.0,0.0,False,0.0,0.0,0.0,False,0.0,0.0,0.0,False,0.0,0.0,0.0,False,0.0,0.0,0.0,False,0.0,0.0,0.0,False,0.0,0.0,0.0,False,0.0,0.0,['75118c37-2376-50c5-b907-2ae6d10da16e'],chunker-generic-recursive,0,0,0,0,0,0,0,0,0,0,0,0,,0.0,
Q-101,Q-001,id,facts_specifications,CM2000,23,False,6586.436,deterministic,passthrough,False,none,0.0,False,0.0,0.0,0.1,True,1.0,0.31546487678572877,0.06666666666666667,True,1.0,0.31546487678572877,0.05,True,1.0,0.31546487678572877,0.04,True,1.0,0.31546487678572877,0.03333333333333333,True,1.0,0.31546487678572877,0.02857142857142857,True,1.0,0.31546487678572877,0.025,True,1.0,0.31546487678572877,0.022222222222222223,True,1.0,0.31546487678572877,0.02,True,1.0,0.31546487678572877,0.01818181818181818,True,1.0,0.31546487678572877,0.016666666666666666,True,1.0,0.31546487678572877,['724d26e2-ed75-5043-b025-de4c01da0714'],chunker-generic-recursive,0,1,1,1,1,1,1,1,1,1,1,1,8,0.125,10
Q-102,Q-002,id,facts_specifications,CM2000,21,False,7223.481,deterministic,passthrough,False,none,0.0,False,0.0,0.0,0.0,False,0.0,0.0,0.0,False,0.0,0.0,0.0,False,0.0,0.0,0.0,False,0.0,0.0,0.0,False,0.0,0.0,0.0,False,0.0,0.0,0.0,False,0.0,0.0,0.0,False,0.0,0.0,0.0,False,0.0,0.0,0.0,False,0.0,0.0,0.0,False,0.0,0.0,['b9899548-cfa5-5bb4-8284-7d82e663abd1'],chunker-generic-recursive,0,0,0,0,0,0,0,0,0,0,0,0,,0.0,
Q-103,Q-003,id,setup_configuration,CM2000,25,False,4887.123,deterministic,passthrough,False,none,0.2,True,1.0,0.6131471927654584,0.1,True,1.0,0.6131471927654584,0.13333333333333333,True,1.0,0.7741900178546666,0.1,True,1.0,0.7741900178546666,0.08,True,1.0,0.7741900178546666,0.06666666666666667,True,1.0,0.7741900178546666,0.05714285714285714,True,1.0,0.7741900178546666,0.05,True,1.0,0.7741900178546666,0.044444444444444446,True,1.0,0.7741900178546666,0.04,True,1.0,0.7741900178546666,0.03636363636363636,True,1.0,0.7741900178546666,0.03333333333333333,True,1.0,0.7741900178546666,['8fd1b794-0507-59d3-88fa-2209736ef6da'],chunker-generic-recursive,1,1,2,2,2,2,2,2,2,2,2,2,1,1.0,5
Q-104,Q-004,id,setup_configuration,CM2000,19,False,5024.56,deterministic,passthrough,False,none,0.0,False,0.0,0.0,0.0,False,0.0,0.0,0.0,False,0.0,0.0,0.0,False,0.0,0.0,0.0,False,0.0,0.0,0.0,False,0.0,0.0,0.0,False,0.0,0.0,0.0,False,0.0,0.0,0.0,False,0.0,0.0,0.0,False,0.0,0.0,0.0,False,0.0,0.0,0.0,False,0.0,0.0,['0de5a970-8b6a-5e57-ba98-6f57671a841c'],chunker-generic-recursive,0,0,0,0,0,0,0,0,0,0,0,0,,0.0,
Q-105,Q-005,id,facts_specifications,CM2000,13,False,5734.298,deterministic,passthrough,False,none,0.0,False,0.0,0.0,0.0,False,0.0,0.0,0.0,False,0.0,0.0,0.0,False,0.0,0.0,0.0,False,0.0,0.0,0.0,False,0.0,0.0,0.0,False,0.0,0.0,0.0,False,0.0,0.0,0.0,False,0.0,0.0,0.0,False,0.0,0.0,0.0,False,0.0,0.0,0.0,False,0.0,0.0,['eb2ebf98-481f-54be-b4a3-56ea1bdf5749'],chunker-generic-recursive,0,0,0,0,0,0,0,0,0,0,0,0,,0.0,
Q-106,Q-006,id,troubleshooting_diagnostics,CM2000,15,False,4996.972,deterministic,passthrough,False,none,0.0,False,0.0,0.0,0.0,False,0.0,0.0,0.0,False,0.0,0.0,0.0,False,0.0,0.0,0.0,False,0.0,0.0,0.0,False,0.0,0.0,0.0,False,0.0,0.0,0.0,False,0.0,0.0,0.0,False,0.0,0.0,0.0,False,0.0,0.0,0.0,False,0.0,0.0,0.0,False,0.0,0.0,['62f9a09d-d5a8-5805-8b92-4d0be62383ce'],chunker-generic-recursive,0,0,0,0,0,0,0,0,0,0,0,0,,0.0,
Q-107,Q-007,id,troubleshooting_diagnostics,CM2000,13,False,5693.904,deterministic,passthrough,False,none,0.2,True,1.0,0.5,0.1,True,1.0,0.5,0.06666666666666667,True,1.0,0.5,0.05,True,1.0,0.5,0.04,True,1.0,0.5,0.03333333333333333,True,1.0,0.5,0.02857142857142857,True,1.0,0.5,0.025,True,1.0,0.5,0.022222222222222223,True,1.0,0.5,0.02,True,1.0,0.5,0.01818181818181818,True,1.0,0.5,0.016666666666666666,True,1.0,0.5,['c5c4c17f-c329-5b9c-837f-7d33e641682f'],chunker-generic-recursive,1,1,1,1,1,1,1,1,1,1,1,1,3,0.3333333333333333,5
Q-108,Q-008,id,troubleshooting_diagnostics,CM2000,15,False,6884.341,deterministic,passthrough,False,none,0.0,False,0.0,0.0,0.0,False,0.0,0.0,0.0,False,0.0,0.0,0.0,False,0.0,0.0,0.0,False,0.0,0.0,0.0,False,0.0,0.0,0.0,False,0.0,0.0,0.0,False,0.0,0.0,0.0,False,0.0,0.0,0.0,False,0.0,0.0,0.0,False,0.0,0.0,0.0,False,0.0,0.0,['85bd9c8e-a264-5649-acbc-73648b7ce861'],chunker-generic-recursive,0,0,0,0,0,0,0,0,0,0,0,0,,0.0,
Q-109,Q-009,id,facts_specifications,CM2000,21,False,5921.509,deterministic,passthrough,False,none,0.0,False,0.0,0.0,0.1,True,1.0,0.2890648263178879,0.06666666666666667,True,1.0,0.2890648263178879,0.05,True,1.0,0.2890648263178879,0.04,True,1.0,0.2890648263178879,0.03333333333333333,True,1.0,0.2890648263178879,0.02857142857142857,True,1.0,0.2890648263178879,0.025,True,1.0,0.2890648263178879,0.022222222222222223,True,1.0,0.2890648263178879,0.02,True,1.0,0.2890648263178879,0.01818181818181818,True,1.0,0.2890648263178879,0.016666666666666666,True,1.0,0.2890648263178879,['88695618-cf2a-5bf0-9a58-da1167d8f0c6'],chunker-generic-recursive,0,1,1,1,1,1,1,1,1,1,1,1,10,0.1,10
Q-110,Q-010,id,setup_configuration,LM1200,48,False,5875.928,deterministic,passthrough,False,none,0.2,True,1.0,0.5,0.1,True,1.0,0.5,0.06666666666666667,True,1.0,0.5,0.05,True,1.0,0.5,0.04,True,1.0,0.5,0.03333333333333333,True,1.0,0.5,0.02857142857142857,True,1.0,0.5,0.025,True,1.0,0.5,0.022222222222222223,True,1.0,0.5,0.02,True,1.0,0.5,0.01818181818181818,True,1.0,0.5,0.016666666666666666,True,1.0,0.5,['37f50132-32d9-5fb0-a62d-366e401ac417'],chunker-generic-recursive,1,1,1,1,1,1,1,1,1,1,1,1,3,0.3333333333333333,5
Q-111,Q-011,id,setup_configuration,LM1200,21,False,3867.584,deterministic,passthrough,False,none,0.0,False,0.0,0.0,0.0,False,0.0,0.0,0.0,False,0.0,0.0,0.0,False,0.0,0.0,0.0,False,0.0,0.0,0.0,False,0.0,0.0,0.0,False,0.0,0.0,0.0,False,0.0,0.0,0.0,False,0.0,0.0,0.0,False,0.0,0.0,0.0,False,0.0,0.0,0.0,False,0.0,0.0,['36789817-932f-55f7-9c50-bb45d2df0cbe'],chunker-generic-recursive,0,0,0,0,0,0,0,0,0,0,0,0,,0.0,
Q-112,Q-012,id,setup_configuration,LM1200,21,False,5838.964,deterministic,passthrough,False,none,0.0,False,0.0,0.0,0.0,False,0.0,0.0,0.0,False,0.0,0.0,0.0,False,0.0,0.0,0.0,False,0.0,0.0,0.0,False,0.0,0.0,0.0,False,0.0,0.0,0.0,False,0.0,0.0,0.0,False,0.0,0.0,0.0,False,0.0,0.0,0.0,False,0.0,0.0,0.0,False,0.0,0.0,['fa675707-eec3-5dae-b80f-46a21238adcf'],chunker-generic-recursive,0,0,0,0,0,0,0,0,0,0,0,0,,0.0,
Q-113,Q-013,id,setup_configuration,LM1200,19,False,5831.112,deterministic,passthrough,False,none,0.0,False,0.0,0.0,0.1,True,1.0,0.3010299956639812,0.06666666666666667,True,1.0,0.3010299956639812,0.05,True,1.0,0.3010299956639812,0.04,True,1.0,0.3010299956639812,0.03333333333333333,True,1.0,0.3010299956639812,0.02857142857142857,True,1.0,0.3010299956639812,0.025,True,1.0,0.3010299956639812,0.022222222222222223,True,1.0,0.3010299956639812,0.02,True,1.0,0.3010299956639812,0.01818181818181818,True,1.0,0.3010299956639812,0.016666666666666666,True,1.0,0.3010299956639812,['cf1f57e0-473a-57f3-8d91-a52b0070e80b'],chunker-generic-recursive,0,1,1,1,1,1,1,1,1,1,1,1,9,0.1111111111111111,10
Q-114,Q-014,id,troubleshooting_diagnostics,LM1200,19,False,5831.247,deterministic,passthrough,False,none,0.0,False,0.0,0.0,0.0,False,0.0,0.0,0.0,False,0.0,0.0,0.0,False,0.0,0.0,0.0,False,0.0,0.0,0.0,False,0.0,0.0,0.0,False,0.0,0.0,0.0,False,0.0,0.0,0.0,False,0.0,0.0,0.0,False,0.0,0.0,0.0,False,0.0,0.0,0.0,False,0.0,0.0,['72dd6f50-8da8-5970-b90b-3a0719762e64'],chunker-generic-recursive,0,0,0,0,0,0,0,0,0,0,0,0,,0.0,
Q-115,Q-015,id,features_security_maintenance_limitations,LM1200,43,False,4678.974,deterministic,passthrough,False,none,0.2,True,1.0,0.3903800499921017,0.1,True,1.0,0.3903800499921017,0.13333333333333333,True,1.0,0.49927381106033386,0.15,True,1.0,0.5911727544289884,0.12,True,1.0,0.5911727544289884,0.13333333333333333,True,1.0,0.6715312511756086,0.11428571428571428,True,1.0,0.6715312511756086,0.1,True,1.0,0.6715312511756086,0.08888888888888889,True,1.0,0.6715312511756086,0.08,True,1.0,0.6715312511756086,0.07272727272727272,True,1.0,0.6715312511756086,0.06666666666666667,True,1.0,0.6715312511756086,['eb06abbc-3f74-5ddc-bfd6-17572beb2155'],chunker-generic-recursive,1,1,2,3,3,4,4,4,4,4,4,4,1,1.0,5
Q-116,Q-016,id,facts_specifications,LM1200,28,False,5667.486,deterministic,passthrough,False,none,0.2,True,1.0,0.23719771276929622,0.1,True,1.0,0.23719771276929622,0.13333333333333333,True,1.0,0.4082307968370143,0.1,True,1.0,0.4082307968370143,0.08,True,1.0,0.4082307968370143,0.06666666666666667,True,1.0,0.4082307968370143,0.05714285714285714,True,1.0,0.4082307968370143,0.05,True,1.0,0.4082307968370143,0.044444444444444446,True,1.0,0.4082307968370143,0.04,True,1.0,0.4082307968370143,0.03636363636363636,True,1.0,0.4082307968370143,0.03333333333333333,True,1.0,0.4082307968370143,['7e1a62c7-f256-5d08-a456-a62949c30491'],chunker-generic-recursive,1,1,2,2,2,2,2,2,2,2,2,2,5,0.2,5
Q-117,Q-017,id,facts_specifications,LM1200,14,False,5405.422,deterministic,passthrough,False,none,0.0,False,0.0,0.0,0.0,False,0.0,0.0,0.0,False,0.0,0.0,0.0,False,0.0,0.0,0.0,False,0.0,0.0,0.0,False,0.0,0.0,0.0,False,0.0,0.0,0.0,False,0.0,0.0,0.0,False,0.0,0.0,0.0,False,0.0,0.0,0.0,False,0.0,0.0,0.0,False,0.0,0.0,['43434cb0-0be2-5d97-be19-dfb7256b7c44'],chunker-generic-recursive,0,0,0,0,0,0,0,0,0,0,0,0,,0.0,
Q-118,Q-018,id,troubleshooting_diagnostics,LM1200,17,False,6034.024,deterministic,passthrough,False,none,0.0,False,0.0,0.0,0.0,False,0.0,0.0,0.0,False,0.0,0.0,0.0,False,0.0,0.0,0.0,False,0.0,0.0,0.0,False,0.0,0.0,0.0,False,0.0,0.0,0.0,False,0.0,0.0,0.0,False,0.0,0.0,0.0,False,0.0,0.0,0.0,False,0.0,0.0,0.0,False,0.0,0.0,['82ef2627-a58c-55ae-ab74-3f865a33e979'],chunker-generic-recursive,0,0,0,0,0,0,0,0,0,0,0,0,,0.0,
Q-119,Q-019,id,troubleshooting_diagnostics,LM1200,26,False,6859.893,deterministic,passthrough,False,none,0.0,False,0.0,0.0,0.0,False,0.0,0.0,0.0,False,0.0,0.0,0.0,False,0.0,0.0,0.0,False,0.0,0.0,0.0,False,0.0,0.0,0.0,False,0.0,0.0,0.0,False,0.0,0.0,0.0,False,0.0,0.0,0.0,False,0.0,0.0,0.0,False,0.0,0.0,0.0,False,0.0,0.0,['6f442d4b-b8ba-5fe7-b4e9-9e90463dc194'],chunker-generic-recursive,0,0,0,0,0,0,0,0,0,0,0,0,,0.0,
Q-120,Q-020,id,troubleshooting_diagnostics,R6350,22,False,5741.286,deterministic,passthrough,False,none,0.0,False,0.0,0.0,0.0,False,0.0,0.0,0.0,False,0.0,0.0,0.0,False,0.0,0.0,0.0,False,0.0,0.0,0.0,False,0.0,0.0,0.0,False,0.0,0.0,0.0,False,0.0,0.0,0.0,False,0.0,0.0,0.0,False,0.0,0.0,0.0,False,0.0,0.0,0.0,False,0.0,0.0,['1190a45f-877b-5cd2-a8d9-5ab1c390c374'],chunker-generic-recursive,0,0,0,0,0,0,0,0,0,0,0,0,,0.0,
Q-121,Q-021,id,troubleshooting_diagnostics,R6350,29,False,5755.705,deterministic,passthrough,False,none,0.0,False,0.0,0.0,0.0,False,0.0,0.0,0.0,False,0.0,0.0,0.0,False,0.0,0.0,0.0,False,0.0,0.0,0.0,False,0.0,0.0,0.0,False,0.0,0.0,0.0,False,0.0,0.0,0.0,False,0.0,0.0,0.0,False,0.0,0.0,0.0,False,0.0,0.0,0.0,False,0.0,0.0,['ad49e55f-a53b-5c41-8bf1-a36c022c9b3b'],chunker-generic-recursive,0,0,0,0,0,0,0,0,0,0,0,0,,0.0,
Q-122,Q-022,id,troubleshooting_diagnostics,R6350,12,False,6389.197,deterministic,passthrough,False,none,0.2,True,1.0,1.0,0.1,True,1.0,1.0,0.06666666666666667,True,1.0,1.0,0.05,True,1.0,1.0,0.04,True,1.0,1.0,0.03333333333333333,True,1.0,1.0,0.02857142857142857,True,1.0,1.0,0.025,True,1.0,1.0,0.022222222222222223,True,1.0,1.0,0.02,True,1.0,1.0,0.01818181818181818,True,1.0,1.0,0.016666666666666666,True,1.0,1.0,['d4e1d4fc-7655-51fc-8d81-af75a4b11734'],chunker-generic-recursive,1,1,1,1,1,1,1,1,1,1,1,1,1,1.0,5
Q-123,Q-023,id,troubleshooting_diagnostics,R6350,12,False,4429.452,deterministic,passthrough,False,none,0.0,False,0.0,0.0,0.0,False,0.0,0.0,0.0,False,0.0,0.0,0.0,False,0.0,0.0,0.0,False,0.0,0.0,0.0,False,0.0,0.0,0.0,False,0.0,0.0,0.0,False,0.0,0.0,0.0,False,0.0,0.0,0.0,False,0.0,0.0,0.0,False,0.0,0.0,0.0,False,0.0,0.0,['31b5dd16-326a-5e79-817f-c2585e0248a2'],chunker-generic-recursive,0,0,0,0,0,0,0,0,0,0,0,0,,0.0,
Q-124,Q-024,id,setup_configuration,R6350,27,False,5970.689,deterministic,passthrough,False,none,0.0,False,0.0,0.0,0.0,False,0.0,0.0,0.0,False,0.0,0.0,0.0,False,0.0,0.0,0.0,False,0.0,0.0,0.0,False,0.0,0.0,0.0,False,0.0,0.0,0.0,False,0.0,0.0,0.0,False,0.0,0.0,0.0,False,0.0,0.0,0.0,False,0.0,0.0,0.0,False,0.0,0.0,['0528f0b9-15e5-5482-9a68-0f02d2d61d68'],chunker-generic-recursive,0,0,0,0,0,0,0,0,0,0,0,0,,0.0,
Q-125,Q-025,id,setup_configuration,R6350,41,False,5809.524,deterministic,passthrough,False,none,0.0,False,0.0,0.0,0.0,False,0.0,0.0,0.0,False,0.0,0.0,0.0,False,0.0,0.0,0.0,False,0.0,0.0,0.0,False,0.0,0.0,0.0,False,0.0,0.0,0.0,False,0.0,0.0,0.0,False,0.0,0.0,0.0,False,0.0,0.0,0.0,False,0.0,0.0,0.0,False,0.0,0.0,['12d6aaad-d982-5f95-8b7d-63ba7706aba5'],chunker-generic-recursive,0,0,0,0,0,0,0,0,0,0,0,0,,0.0,
Q-126,Q-026,id,facts_specifications,R6350,22,False,5688.453,deterministic,passthrough,False,none,0.2,True,1.0,0.6131471927654584,0.2,True,1.0,0.8315546295836225,0.13333333333333333,True,1.0,0.8315546295836225,0.1,True,1.0,0.8315546295836225,0.08,True,1.0,0.8315546295836225,0.06666666666666667,True,1.0,0.8315546295836225,0.05714285714285714,True,1.0,0.8315546295836225,0.05,True,1.0,0.8315546295836225,0.044444444444444446,True,1.0,0.8315546295836225,0.04,True,1.0,0.8315546295836225,0.03636363636363636,True,1.0,0.8315546295836225,0.03333333333333333,True,1.0,0.8315546295836225,['3fbed70d-f242-5a78-90cc-f0f2674fe5f7'],chunker-generic-recursive,1,2,2,2,2,2,2,2,2,2,2,2,1,1.0,5
Q-127,Q-027,id,setup_configuration,R6350,41,False,7118.248,deterministic,passthrough,False,none,0.0,False,0.0,0.0,0.1,True,1.0,0.3562071871080222,0.06666666666666667,True,1.0,0.3562071871080222,0.05,True,1.0,0.3562071871080222,0.04,True,1.0,0.3562071871080222,0.03333333333333333,True,1.0,0.3562071871080222,0.02857142857142857,True,1.0,0.3562071871080222,0.025,True,1.0,0.3562071871080222,0.022222222222222223,True,1.0,0.3562071871080222,0.02,True,1.0,0.3562071871080222,0.01818181818181818,True,1.0,0.3562071871080222,0.016666666666666666,True,1.0,0.3562071871080222,['92de127d-5c3f-5d2a-a801-234fc3e5b014'],chunker-generic-recursive,0,1,1,1,1,1,1,1,1,1,1,1,6,0.16666666666666666,10
Q-128,Q-028,id,troubleshooting_diagnostics,R6350,12,False,6514.958,deterministic,passthrough,False,none,0.2,True,1.0,0.38685280723454163,0.1,True,1.0,0.38685280723454163,0.06666666666666667,True,1.0,0.38685280723454163,0.05,True,1.0,0.38685280723454163,0.04,True,1.0,0.38685280723454163,0.03333333333333333,True,1.0,0.38685280723454163,0.02857142857142857,True,1.0,0.38685280723454163,0.025,True,1.0,0.38685280723454163,0.022222222222222223,True,1.0,0.38685280723454163,0.02,True,1.0,0.38685280723454163,0.01818181818181818,True,1.0,0.38685280723454163,0.016666666666666666,True,1.0,0.38685280723454163,['2a3ade55-f893-5d78-8ead-3ff6b3d197c7'],chunker-generic-recursive,1,1,1,1,1,1,1,1,1,1,1,1,5,0.2,5
Q-129,Q-029,id,features_security_maintenance_limitations,R6350,12,False,6420.443,deterministic,passthrough,False,none,0.0,False,0.0,0.0,0.1,True,1.0,0.21840743681816419,0.13333333333333333,True,1.0,0.38944052088588227,0.1,True,1.0,0.38944052088588227,0.08,True,1.0,0.38944052088588227,0.06666666666666667,True,1.0,0.38944052088588227,0.05714285714285714,True,1.0,0.38944052088588227,0.05,True,1.0,0.38944052088588227,0.044444444444444446,True,1.0,0.38944052088588227,0.04,True,1.0,0.38944052088588227,0.03636363636363636,True,1.0,0.38944052088588227,0.03333333333333333,True,1.0,0.38944052088588227,['5a7fc3bd-5bd0-57b2-944d-5a981598dcf7'],chunker-generic-recursive,0,1,2,2,2,2,2,2,2,2,2,2,6,0.16666666666666666,10
Q-130,Q-030,id,setup_configuration,R6350,34,False,7684.369,deterministic,passthrough,False,none,0.0,False,0.0,0.0,0.1,True,1.0,0.16716045496620227,0.06666666666666667,True,1.0,0.16716045496620227,0.1,True,1.0,0.2819697496922201,0.12,True,1.0,0.3843214539752856,0.1,True,1.0,0.3843214539752856,0.08571428571428572,True,1.0,0.3843214539752856,0.075,True,1.0,0.3843214539752856,0.06666666666666667,True,1.0,0.3843214539752856,0.06,True,1.0,0.3843214539752856,0.05454545454545454,True,1.0,0.3843214539752856,0.05,True,1.0,0.3843214539752856,['006d8e6b-77f6-54fa-826b-6d417979808f'],chunker-generic-recursive,0,1,1,2,3,3,3,3,3,3,3,3,6,0.16666666666666666,10
Q-131,Q-031,id,troubleshooting_diagnostics,R6350,21,False,6356.29,deterministic,passthrough,False,none,0.0,False,0.0,0.0,0.0,False,0.0,0.0,0.0,False,0.0,0.0,0.0,False,0.0,0.0,0.0,False,0.0,0.0,0.0,False,0.0,0.0,0.0,False,0.0,0.0,0.0,False,0.0,0.0,0.0,False,0.0,0.0,0.0,False,0.0,0.0,0.0,False,0.0,0.0,0.0,False,0.0,0.0,['818e0932-f3ff-5602-b5b9-5f1d94d353ed'],chunker-generic-recursive,0,0,0,0,0,0,0,0,0,0,0,0,,0.0,
Q-132,Q-032,id,facts_specifications,R7000,14,False,5028.939,deterministic,passthrough,False,none,0.0,False,0.0,0.0,0.0,False,0.0,0.0,0.0,False,0.0,0.0,0.0,False,0.0,0.0,0.0,False,0.0,0.0,0.0,False,0.0,0.0,0.0,False,0.0,0.0,0.0,False,0.0,0.0,0.0,False,0.0,0.0,0.0,False,0.0,0.0,0.0,False,0.0,0.0,0.0,False,0.0,0.0,['cf6a9c70-f40a-521b-8ee5-c0a7ff8c1279'],chunker-generic-recursive,0,0,0,0,0,0,0,0,0,0,0,0,,0.0,
Q-133,Q-033,id,setup_configuration,R7000,17,False,4826.854,deterministic,passthrough,False,none,0.0,False,0.0,0.0,0.0,False,0.0,0.0,0.0,False,0.0,0.0,0.0,False,0.0,0.0,0.0,False,0.0,0.0,0.0,False,0.0,0.0,0.0,False,0.0,0.0,0.0,False,0.0,0.0,0.0,False,0.0,0.0,0.0,False,0.0,0.0,0.0,False,0.0,0.0,0.0,False,0.0,0.0,['9213a4bb-497e-56d3-be43-8791bb53a54e'],chunker-generic-recursive,0,0,0,0,0,0,0,0,0,0,0,0,,0.0,
Q-134,Q-034,id,setup_configuration,R7000,11,False,5491.578,deterministic,passthrough,False,none,0.0,False,0.0,0.0,0.0,False,0.0,0.0,0.0,False,0.0,0.0,0.0,False,0.0,0.0,0.0,False,0.0,0.0,0.0,False,0.0,0.0,0.0,False,0.0,0.0,0.0,False,0.0,0.0,0.0,False,0.0,0.0,0.0,False,0.0,0.0,0.0,False,0.0,0.0,0.0,False,0.0,0.0,['8aecb252-6293-553d-8e28-ef7b756f0c82'],chunker-generic-recursive,0,0,0,0,0,0,0,0,0,0,0,0,,0.0,
Q-135,Q-035,id,facts_specifications,R7000,41,False,5376.163,deterministic,passthrough,False,none,0.0,False,0.0,0.0,0.1,True,1.0,0.11305340175787204,0.06666666666666667,True,1.0,0.11305340175787204,0.05,True,1.0,0.11305340175787204,0.08,True,1.0,0.18520839695218239,0.13333333333333333,True,1.0,0.32557372455226063,0.11428571428571428,True,1.0,0.32557372455226063,0.125,True,1.0,0.38974295732384423,0.1111111111111111,True,1.0,0.38974295732384423,0.1,True,1.0,0.38974295732384423,0.09090909090909091,True,1.0,0.38974295732384423,0.08333333333333333,True,1.0,0.38974295732384423,['54a5ae0e-dabe-533f-8906-cd65b27661ec'],chunker-generic-recursive,0,1,1,1,2,4,4,5,5,5,5,5,7,0.14285714285714285,10
Q-136,Q-036,id,facts_specifications,R7000,22,False,5671.985,deterministic,passthrough,False,none,0.0,False,0.0,0.0,0.0,False,0.0,0.0,0.0,False,0.0,0.0,0.0,False,0.0,0.0,0.0,False,0.0,0.0,0.0,False,0.0,0.0,0.0,False,0.0,0.0,0.0,False,0.0,0.0,0.0,False,0.0,0.0,0.0,False,0.0,0.0,0.0,False,0.0,0.0,0.0,False,0.0,0.0,['537310b8-39d1-57ca-81f0-ddddc2ad9916'],chunker-generic-recursive,0,0,0,0,0,0,0,0,0,0,0,0,,0.0,
Q-137,Q-037,id,features_security_maintenance_limitations,R7000,12,False,5492.767,deterministic,passthrough,False,none,0.0,False,0.0,0.0,0.0,False,0.0,0.0,0.0,False,0.0,0.0,0.0,False,0.0,0.0,0.0,False,0.0,0.0,0.0,False,0.0,0.0,0.0,False,0.0,0.0,0.0,False,0.0,0.0,0.0,False,0.0,0.0,0.0,False,0.0,0.0,0.0,False,0.0,0.0,0.0,False,0.0,0.0,['79d677ad-2fef-50d3-92dd-c07a6df0f14e'],chunker-generic-recursive,0,0,0,0,0,0,0,0,0,0,0,0,,0.0,
Q-138,Q-038,id,setup_configuration,R7000,12,False,3233.576,deterministic,passthrough,False,none,0.0,False,0.0,0.0,0.1,True,1.0,0.3010299956639812,0.06666666666666667,True,1.0,0.3010299956639812,0.05,True,1.0,0.3010299956639812,0.04,True,1.0,0.3010299956639812,0.03333333333333333,True,1.0,0.3010299956639812,0.02857142857142857,True,1.0,0.3010299956639812,0.025,True,1.0,0.3010299956639812,0.022222222222222223,True,1.0,0.3010299956639812,0.02,True,1.0,0.3010299956639812,0.01818181818181818,True,1.0,0.3010299956639812,0.016666666666666666,True,1.0,0.3010299956639812,['d4980606-c8d1-5aca-adbe-96e35254c9e1'],chunker-generic-recursive,0,1,1,1,1,1,1,1,1,1,1,1,9,0.1111111111111111,10
Q-139,Q-039,id,features_security_maintenance_limitations,R7000,25,False,3384.873,deterministic,passthrough,False,none,0.0,False,0.0,0.0,0.0,False,0.0,0.0,0.0,False,0.0,0.0,0.0,False,0.0,0.0,0.0,False,0.0,0.0,0.0,False,0.0,0.0,0.0,False,0.0,0.0,0.0,False,0.0,0.0,0.0,False,0.0,0.0,0.0,False,0.0,0.0,0.0,False,0.0,0.0,0.0,False,0.0,0.0,['af255485-98d7-59f8-94db-806fd6280e64'],chunker-generic-recursive,0,0,0,0,0,0,0,0,0,0,0,0,,0.0,
Q-140,Q-040,id,setup_configuration,R7000,12,False,6858.991,deterministic,passthrough,False,none,0.2,True,1.0,0.5,0.1,True,1.0,0.5,0.06666666666666667,True,1.0,0.5,0.05,True,1.0,0.5,0.04,True,1.0,0.5,0.03333333333333333,True,1.0,0.5,0.02857142857142857,True,1.0,0.5,0.025,True,1.0,0.5,0.022222222222222223,True,1.0,0.5,0.02,True,1.0,0.5,0.01818181818181818,True,1.0,0.5,0.016666666666666666,True,1.0,0.5,['89cf7641-ad76-514d-a38e-ff036b200250'],chunker-generic-recursive,1,1,1,1,1,1,1,1,1,1,1,1,3,0.3333333333333333,5
Q-141,Q-041,id,setup_configuration,R7000,15,False,6852.597,deterministic,passthrough,False,none,0.0,False,0.0,0.0,0.0,False,0.0,0.0,0.0,False,0.0,0.0,0.0,False,0.0,0.0,0.0,False,0.0,0.0,0.0,False,0.0,0.0,0.0,False,0.0,0.0,0.0,False,0.0,0.0,0.0,False,0.0,0.0,0.0,False,0.0,0.0,0.0,False,0.0,0.0,0.0,False,0.0,0.0,['0cff8f5c-96b8-5d33-9c11-37f93f8300fb'],chunker-generic-recursive,0,0,0,0,0,0,0,0,0,0,0,0,,0.0,
Q-142,Q-042,id,troubleshooting_diagnostics,R7000,33,False,6304.718,deterministic,passthrough,False,none,0.0,False,0.0,0.0,0.0,False,0.0,0.0,0.0,False,0.0,0.0,0.0,False,0.0,0.0,0.0,False,0.0,0.0,0.03333333333333333,True,1.0,0.20801459767650948,0.02857142857142857,True,1.0,0.20801459767650948,0.025,True,1.0,0.20801459767650948,0.022222222222222223,True,1.0,0.20801459767650948,0.02,True,1.0,0.20801459767650948,0.01818181818181818,True,1.0,0.20801459767650948,0.016666666666666666,True,1.0,0.20801459767650948,['f2289449-f54e-5af6-8243-762118ef305b'],chunker-generic-recursive,0,0,0,0,0,1,1,1,1,1,1,1,27,0.037037037037037035,30
Q-143,Q-043,id,troubleshooting_diagnostics,R7000,22,False,6205.071,deterministic,passthrough,False,none,0.0,False,0.0,0.0,0.0,False,0.0,0.0,0.06666666666666667,True,1.0,0.1710330840677181,0.05,True,1.0,0.1710330840677181,0.08,True,1.0,0.30852755538171545,0.06666666666666667,True,1.0,0.30852755538171545,0.05714285714285714,True,1.0,0.30852755538171545,0.05,True,1.0,0.30852755538171545,0.044444444444444446,True,1.0,0.30852755538171545,0.04,True,1.0,0.30852755538171545,0.03636363636363636,True,1.0,0.30852755538171545,0.03333333333333333,True,1.0,0.30852755538171545,['65aa662f-9473-5c74-b996-74e7f545f09c'],chunker-generic-recursive,0,0,1,1,2,2,2,2,2,2,2,2,11,0.09090909090909091,15
Q-144,Q-044,id,facts_specifications,RAX120,11,False,4937.54,deterministic,passthrough,False,none,0.0,False,0.0,0.0,0.1,True,1.0,0.2890648263178879,0.06666666666666667,True,1.0,0.2890648263178879,0.05,True,1.0,0.2890648263178879,0.04,True,1.0,0.2890648263178879,0.03333333333333333,True,1.0,0.2890648263178879,0.02857142857142857,True,1.0,0.2890648263178879,0.025,True,1.0,0.2890648263178879,0.022222222222222223,True,1.0,0.2890648263178879,0.02,True,1.0,0.2890648263178879,0.01818181818181818,True,1.0,0.2890648263178879,0.016666666666666666,True,1.0,0.2890648263178879,['89d399fa-1c1b-5d37-b35a-194ce673ec69'],chunker-generic-recursive,0,1,1,1,1,1,1,1,1,1,1,1,10,0.1,10
Q-145,Q-045,id,facts_specifications,RAX120,22,False,5287.999,deterministic,passthrough,False,none,0.2,True,1.0,1.0,0.1,True,1.0,1.0,0.06666666666666667,True,1.0,1.0,0.05,True,1.0,1.0,0.04,True,1.0,1.0,0.03333333333333333,True,1.0,1.0,0.02857142857142857,True,1.0,1.0,0.025,True,1.0,1.0,0.022222222222222223,True,1.0,1.0,0.02,True,1.0,1.0,0.01818181818181818,True,1.0,1.0,0.016666666666666666,True,1.0,1.0,['6af6a140-458c-5188-b116-2f8430c69437'],chunker-generic-recursive,1,1,1,1,1,1,1,1,1,1,1,1,1,1.0,5
Q-146,Q-046,id,setup_configuration,RAX120,27,False,4914.795,deterministic,passthrough,False,none,0.2,True,1.0,0.23719771276929622,0.1,True,1.0,0.23719771276929622,0.06666666666666667,True,1.0,0.23719771276929622,0.1,True,1.0,0.37679308663404665,0.08,True,1.0,0.37679308663404665,0.06666666666666667,True,1.0,0.37679308663404665,0.05714285714285714,True,1.0,0.37679308663404665,0.05,True,1.0,0.37679308663404665,0.044444444444444446,True,1.0,0.37679308663404665,0.04,True,1.0,0.37679308663404665,0.03636363636363636,True,1.0,0.37679308663404665,0.03333333333333333,True,1.0,0.37679308663404665,['f02b327f-e424-5fbd-884a-afa982cfba97'],chunker-generic-recursive,1,1,1,2,2,2,2,2,2,2,2,2,5,0.2,5
Q-147,Q-047,id,facts_specifications,RAX120,22,False,5107.324,deterministic,passthrough,False,none,0.0,False,0.0,0.0,0.0,False,0.0,0.0,0.0,False,0.0,0.0,0.0,False,0.0,0.0,0.0,False,0.0,0.0,0.0,False,0.0,0.0,0.0,False,0.0,0.0,0.0,False,0.0,0.0,0.0,False,0.0,0.0,0.0,False,0.0,0.0,0.0,False,0.0,0.0,0.0,False,0.0,0.0,['304579c0-2505-541b-9272-41a33abdc404'],chunker-generic-recursive,0,0,0,0,0,0,0,0,0,0,0,0,,0.0,
Q-148,Q-048,id,setup_configuration,RAX120,12,False,7073.916,deterministic,passthrough,False,none,0.0,False,0.0,0.0,0.0,False,0.0,0.0,0.0,False,0.0,0.0,0.0,False,0.0,0.0,0.0,False,0.0,0.0,0.0,False,0.0,0.0,0.0,False,0.0,0.0,0.0,False,0.0,0.0,0.0,False,0.0,0.0,0.0,False,0.0,0.0,0.0,False,0.0,0.0,0.0,False,0.0,0.0,['ebd82415-b17d-5082-8472-3811a168faaf'],chunker-generic-recursive,0,0,0,0,0,0,0,0,0,0,0,0,,0.0,
Q-149,Q-049,id,features_security_maintenance_limitations,RAX120,22,False,6926.557,deterministic,passthrough,False,none,0.0,False,0.0,0.0,0.1,True,1.0,0.3010299956639812,0.06666666666666667,True,1.0,0.3010299956639812,0.05,True,1.0,0.3010299956639812,0.04,True,1.0,0.3010299956639812,0.03333333333333333,True,1.0,0.3010299956639812,0.02857142857142857,True,1.0,0.3010299956639812,0.025,True,1.0,0.3010299956639812,0.022222222222222223,True,1.0,0.3010299956639812,0.02,True,1.0,0.3010299956639812,0.01818181818181818,True,1.0,0.3010299956639812,0.016666666666666666,True,1.0,0.3010299956639812,['0f01b620-ac86-5a3e-bacb-6893a15e210e'],chunker-generic-recursive,0,1,1,1,1,1,1,1,1,1,1,1,9,0.1111111111111111,10
Q-150,Q-050,id,facts_specifications,RAX120,32,False,7874.581,deterministic,passthrough,False,none,0.0,False,0.0,0.0,0.0,False,0.0,0.0,0.0,False,0.0,0.0,0.05,True,1.0,0.227670248696953,0.04,True,1.0,0.227670248696953,0.03333333333333333,True,1.0,0.227670248696953,0.02857142857142857,True,1.0,0.227670248696953,0.025,True,1.0,0.227670248696953,0.022222222222222223,True,1.0,0.227670248696953,0.02,True,1.0,0.227670248696953,0.01818181818181818,True,1.0,0.227670248696953,0.016666666666666666,True,1.0,0.227670248696953,['bb9735df-2bc3-50f1-9fb8-2235613d714e'],chunker-generic-recursive,0,0,0,1,1,1,1,1,1,1,1,1,20,0.05,20
Q-151,Q-051,id,setup_configuration,RAX120,41,False,7425.505,deterministic,passthrough,False,none,0.2,True,1.0,0.2640681225725909,0.1,True,1.0,0.2640681225725909,0.13333333333333333,True,1.0,0.4210080669505208,0.1,True,1.0,0.4210080669505208,0.08,True,1.0,0.4210080669505208,0.06666666666666667,True,1.0,0.4210080669505208,0.05714285714285714,True,1.0,0.4210080669505208,0.05,True,1.0,0.4210080669505208,0.044444444444444446,True,1.0,0.4210080669505208,0.04,True,1.0,0.4210080669505208,0.03636363636363636,True,1.0,0.4210080669505208,0.03333333333333333,True,1.0,0.4210080669505208,['9d1e53fd-0a2d-51bd-bb64-2521b239e8f3'],chunker-generic-recursive,1,1,2,2,2,2,2,2,2,2,2,2,4,0.25,5
Q-152,Q-052,id,features_security_maintenance_limitations,RAX120,45,False,5421.997,deterministic,passthrough,False,none,0.0,False,0.0,0.0,0.0,False,0.0,0.0,0.0,False,0.0,0.0,0.0,False,0.0,0.0,0.0,False,0.0,0.0,0.03333333333333333,True,1.0,0.1289509357448472,0.02857142857142857,True,1.0,0.1289509357448472,0.05,True,1.0,0.24416241208074374,0.044444444444444446,True,1.0,0.24416241208074374,0.04,True,1.0,0.24416241208074374,0.03636363636363636,True,1.0,0.24416241208074374,0.03333333333333333,True,1.0,0.24416241208074374,['d7d2bc93-72bb-53d6-945c-0708fde2888b'],chunker-generic-recursive,0,0,0,0,0,1,1,2,2,2,2,2,26,0.038461538461538464,30
Q-153,Q-053,id,facts_specifications,RAX120,22,False,5974.348,deterministic,passthrough,False,none,0.0,False,0.0,0.0,0.0,False,0.0,0.0,0.0,False,0.0,0.0,0.0,False,0.0,0.0,0.0,False,0.0,0.0,0.0,False,0.0,0.0,0.0,False,0.0,0.0,0.0,False,0.0,0.0,0.0,False,0.0,0.0,0.0,False,0.0,0.0,0.0,False,0.0,0.0,0.0,False,0.0,0.0,['cf516841-9648-5ad0-aaaa-b65b9c5d85aa'],chunker-generic-recursive,0,0,0,0,0,0,0,0,0,0,0,0,,0.0,
Q-154,Q-054,id,troubleshooting_diagnostics,RAX120,22,False,5750.178,deterministic,passthrough,False,none,0.0,False,0.0,0.0,0.0,False,0.0,0.0,0.0,False,0.0,0.0,0.0,False,0.0,0.0,0.0,False,0.0,0.0,0.0,False,0.0,0.0,0.0,False,0.0,0.0,0.0,False,0.0,0.0,0.0,False,0.0,0.0,0.0,False,0.0,0.0,0.0,False,0.0,0.0,0.0,False,0.0,0.0,['48b55cf6-5b08-527e-bd26-f4183bca41e2'],chunker-generic-recursive,0,0,0,0,0,0,0,0,0,0,0,0,,0.0,
Q-155,Q-055,id,facts_specifications,RAX120,14,False,5397.748,deterministic,passthrough,False,none,0.0,False,0.0,0.0,0.1,True,1.0,0.3333333333333333,0.06666666666666667,True,1.0,0.3333333333333333,0.05,True,1.0,0.3333333333333333,0.04,True,1.0,0.3333333333333333,0.03333333333333333,True,1.0,0.3333333333333333,0.02857142857142857,True,1.0,0.3333333333333333,0.025,True,1.0,0.3333333333333333,0.022222222222222223,True,1.0,0.3333333333333333,0.02,True,1.0,0.3333333333333333,0.01818181818181818,True,1.0,0.3333333333333333,0.016666666666666666,True,1.0,0.3333333333333333,['7059c14f-c840-5863-9050-2518f69aa8d5'],chunker-generic-recursive,0,1,1,1,1,1,1,1,1,1,1,1,7,0.14285714285714285,10
Q-156,Q-056,id,troubleshooting_diagnostics,RAX50,22,False,4386.427,deterministic,passthrough,False,none,0.2,True,1.0,0.6309297535714575,0.1,True,1.0,0.6309297535714575,0.06666666666666667,True,1.0,0.6309297535714575,0.05,True,1.0,0.6309297535714575,0.04,True,1.0,0.6309297535714575,0.03333333333333333,True,1.0,0.6309297535714575,0.02857142857142857,True,1.0,0.6309297535714575,0.025,True,1.0,0.6309297535714575,0.022222222222222223,True,1.0,0.6309297535714575,0.02,True,1.0,0.6309297535714575,0.01818181818181818,True,1.0,0.6309297535714575,0.016666666666666666,True,1.0,0.6309297535714575,['f42f57b0-65cd-5982-935c-289c54636287'],chunker-generic-recursive,1,1,1,1,1,1,1,1,1,1,1,1,2,0.5,5
Q-157,Q-057,id,setup_configuration,RAX50,31,False,5832.645,deterministic,passthrough,False,none,0.0,False,0.0,0.0,0.0,False,0.0,0.0,0.0,False,0.0,0.0,0.05,True,1.0,0.23137821315975915,0.04,True,1.0,0.23137821315975915,0.03333333333333333,True,1.0,0.23137821315975915,0.02857142857142857,True,1.0,0.23137821315975915,0.025,True,1.0,0.23137821315975915,0.022222222222222223,True,1.0,0.23137821315975915,0.02,True,1.0,0.23137821315975915,0.01818181818181818,True,1.0,0.23137821315975915,0.016666666666666666,True,1.0,0.23137821315975915,['e00425b6-15d6-5234-b2e5-d0f194e4e777'],chunker-generic-recursive,0,0,0,1,1,1,1,1,1,1,1,1,19,0.05263157894736842,20
Q-158,Q-058,id,facts_specifications,RAX50,34,False,5376.25,deterministic,passthrough,False,none,0.0,False,0.0,0.0,0.0,False,0.0,0.0,0.0,False,0.0,0.0,0.0,False,0.0,0.0,0.0,False,0.0,0.0,0.0,False,0.0,0.0,0.0,False,0.0,0.0,0.0,False,0.0,0.0,0.0,False,0.0,0.0,0.0,False,0.0,0.0,0.0,False,0.0,0.0,0.0,False,0.0,0.0,['e87e22a2-a89c-58a7-9ff2-ff82463e19a7'],chunker-generic-recursive,0,0,0,0,0,0,0,0,0,0,0,0,,0.0,
Q-159,Q-059,id,troubleshooting_diagnostics,RAX50,12,False,5296.025,deterministic,passthrough,False,none,0.0,False,0.0,0.0,0.0,False,0.0,0.0,0.06666666666666667,True,1.0,0.27894294565112987,0.05,True,1.0,0.27894294565112987,0.04,True,1.0,0.27894294565112987,0.03333333333333333,True,1.0,0.27894294565112987,0.02857142857142857,True,1.0,0.27894294565112987,0.025,True,1.0,0.27894294565112987,0.022222222222222223,True,1.0,0.27894294565112987,0.02,True,1.0,0.27894294565112987,0.01818181818181818,True,1.0,0.27894294565112987,0.016666666666666666,True,1.0,0.27894294565112987,['03914fcb-62c9-5345-8ab2-2475379fe1be'],chunker-generic-recursive,0,0,1,1,1,1,1,1,1,1,1,1,11,0.09090909090909091,15
Q-160,Q-060,id,features_security_maintenance_limitations,RAX50,27,False,5402.098,deterministic,passthrough,False,none,0.0,False,0.0,0.0,0.0,False,0.0,0.0,0.0,False,0.0,0.0,0.0,False,0.0,0.0,0.0,False,0.0,0.0,0.0,False,0.0,0.0,0.0,False,0.0,0.0,0.0,False,0.0,0.0,0.0,False,0.0,0.0,0.0,False,0.0,0.0,0.0,False,0.0,0.0,0.0,False,0.0,0.0,['d2849132-6a3d-520c-8f2c-bd5e904e522d'],chunker-generic-recursive,0,0,0,0,0,0,0,0,0,0,0,0,,0.0,
Q-161,Q-061,id,troubleshooting_diagnostics,RAX50,12,False,4920.669,deterministic,passthrough,False,none,0.0,False,0.0,0.0,0.0,False,0.0,0.0,0.0,False,0.0,0.0,0.0,False,0.0,0.0,0.0,False,0.0,0.0,0.0,False,0.0,0.0,0.0,False,0.0,0.0,0.0,False,0.0,0.0,0.0,False,0.0,0.0,0.0,False,0.0,0.0,0.0,False,0.0,0.0,0.0,False,0.0,0.0,['93ffa849-c75e-5120-be9a-d99bb0eed70b'],chunker-generic-recursive,0,0,0,0,0,0,0,0,0,0,0,0,,0.0,
Q-162,Q-062,id,troubleshooting_diagnostics,RAX50,12,False,4919.946,deterministic,passthrough,False,none,0.0,False,0.0,0.0,0.1,True,1.0,0.3010299956639812,0.06666666666666667,True,1.0,0.3010299956639812,0.05,True,1.0,0.3010299956639812,0.04,True,1.0,0.3010299956639812,0.03333333333333333,True,1.0,0.3010299956639812,0.02857142857142857,True,1.0,0.3010299956639812,0.025,True,1.0,0.3010299956639812,0.022222222222222223,True,1.0,0.3010299956639812,0.02,True,1.0,0.3010299956639812,0.01818181818181818,True,1.0,0.3010299956639812,0.016666666666666666,True,1.0,0.3010299956639812,['03a4fccb-bb0c-56ec-b67b-eee79c190813'],chunker-generic-recursive,0,1,1,1,1,1,1,1,1,1,1,1,9,0.1111111111111111,10
Q-163,Q-063,id,facts_specifications,RAX50,25,False,4910.838,deterministic,passthrough,False,none,0.0,False,0.0,0.0,0.0,False,0.0,0.0,0.0,False,0.0,0.0,0.0,False,0.0,0.0,0.0,False,0.0,0.0,0.0,False,0.0,0.0,0.0,False,0.0,0.0,0.0,False,0.0,0.0,0.0,False,0.0,0.0,0.0,False,0.0,0.0,0.0,False,0.0,0.0,0.0,False,0.0,0.0,['a13c3553-78f9-5ede-9cd9-390daad977b6'],chunker-generic-recursive,0,0,0,0,0,0,0,0,0,0,0,0,,0.0,
Q-164,Q-064,id,features_security_maintenance_limitations,RAX50,27,False,4501.618,deterministic,passthrough,False,none,0.0,False,0.0,0.0,0.1,True,1.0,0.19342640361727081,0.06666666666666667,True,1.0,0.19342640361727081,0.05,True,1.0,0.19342640361727081,0.08,True,1.0,0.3254604649035663,0.06666666666666667,True,1.0,0.3254604649035663,0.05714285714285714,True,1.0,0.3254604649035663,0.05,True,1.0,0.3254604649035663,0.044444444444444446,True,1.0,0.3254604649035663,0.04,True,1.0,0.3254604649035663,0.03636363636363636,True,1.0,0.3254604649035663,0.03333333333333333,True,1.0,0.3254604649035663,['01143d51-a727-543c-b607-948530c2902c'],chunker-generic-recursive,0,1,1,1,2,2,2,2,2,2,2,2,8,0.125,10
Q-165,Q-065,id,troubleshooting_diagnostics,RAX50,12,False,5052.213,deterministic,passthrough,False,none,0.0,False,0.0,0.0,0.0,False,0.0,0.0,0.0,False,0.0,0.0,0.0,False,0.0,0.0,0.0,False,0.0,0.0,0.0,False,0.0,0.0,0.0,False,0.0,0.0,0.0,False,0.0,0.0,0.0,False,0.0,0.0,0.0,False,0.0,0.0,0.0,False,0.0,0.0,0.0,False,0.0,0.0,['af31b6ec-73a8-5529-8fa5-da1f467d1bef'],chunker-generic-recursive,0,0,0,0,0,0,0,0,0,0,0,0,,0.0,
Q-166,Q-066,id,troubleshooting_diagnostics,RAX50,12,False,5044.103,deterministic,passthrough,False,none,0.0,False,0.0,0.0,0.1,True,1.0,0.2890648263178879,0.06666666666666667,True,1.0,0.2890648263178879,0.05,True,1.0,0.2890648263178879,0.04,True,1.0,0.2890648263178879,0.03333333333333333,True,1.0,0.2890648263178879,0.02857142857142857,True,1.0,0.2890648263178879,0.025,True,1.0,0.2890648263178879,0.022222222222222223,True,1.0,0.2890648263178879,0.02,True,1.0,0.2890648263178879,0.01818181818181818,True,1.0,0.2890648263178879,0.016666666666666666,True,1.0,0.2890648263178879,['d6a2438e-ce2e-5744-b23d-64355bb7f3b2'],chunker-generic-recursive,0,1,1,1,1,1,1,1,1,1,1,1,10,0.1,10
Q-167,Q-067,id,setup_configuration,RAXE500,24,False,5043.838,deterministic,passthrough,False,none,0.0,False,0.0,0.0,0.1,True,1.0,0.3010299956639812,0.06666666666666667,True,1.0,0.3010299956639812,0.05,True,1.0,0.3010299956639812,0.04,True,1.0,0.3010299956639812,0.03333333333333333,True,1.0,0.3010299956639812,0.02857142857142857,True,1.0,0.3010299956639812,0.025,True,1.0,0.3010299956639812,0.022222222222222223,True,1.0,0.3010299956639812,0.02,True,1.0,0.3010299956639812,0.01818181818181818,True,1.0,0.3010299956639812,0.016666666666666666,True,1.0,0.3010299956639812,['a3662689-f8b9-5c28-8c0a-b2185487bec9'],chunker-generic-recursive,0,1,1,1,1,1,1,1,1,1,1,1,9,0.1111111111111111,10
Q-168,Q-068,id,troubleshooting_diagnostics,RAXE500,11,False,6194.065,deterministic,passthrough,False,none,0.0,False,0.0,0.0,0.1,True,1.0,0.3333333333333333,0.06666666666666667,True,1.0,0.3333333333333333,0.05,True,1.0,0.3333333333333333,0.04,True,1.0,0.3333333333333333,0.03333333333333333,True,1.0,0.3333333333333333,0.02857142857142857,True,1.0,0.3333333333333333,0.025,True,1.0,0.3333333333333333,0.022222222222222223,True,1.0,0.3333333333333333,0.02,True,1.0,0.3333333333333333,0.01818181818181818,True,1.0,0.3333333333333333,0.016666666666666666,True,1.0,0.3333333333333333,['feb09c00-0fd2-5b2c-ae97-969bd349df0e'],chunker-generic-recursive,0,1,1,1,1,1,1,1,1,1,1,1,7,0.14285714285714285,10
Q-169,Q-069,id,facts_specifications,RAXE500,11,False,6299.366,deterministic,passthrough,False,none,0.0,False,0.0,0.0,0.0,False,0.0,0.0,0.0,False,0.0,0.0,0.0,False,0.0,0.0,0.0,False,0.0,0.0,0.0,False,0.0,0.0,0.0,False,0.0,0.0,0.0,False,0.0,0.0,0.0,False,0.0,0.0,0.0,False,0.0,0.0,0.0,False,0.0,0.0,0.0,False,0.0,0.0,['eae4f314-abe4-5229-ac3e-d9cc4c571b27'],chunker-generic-recursive,0,0,0,0,0,0,0,0,0,0,0,0,,0.0,
Q-170,Q-070,id,setup_configuration,RAXE500,12,False,6476.942,deterministic,passthrough,False,none,0.0,False,0.0,0.0,0.0,False,0.0,0.0,0.0,False,0.0,0.0,0.0,False,0.0,0.0,0.0,False,0.0,0.0,0.0,False,0.0,0.0,0.0,False,0.0,0.0,0.0,False,0.0,0.0,0.0,False,0.0,0.0,0.0,False,0.0,0.0,0.0,False,0.0,0.0,0.0,False,0.0,0.0,['8dba79ed-9bf8-5cb2-833b-a493317e765e'],chunker-generic-recursive,0,0,0,0,0,0,0,0,0,0,0,0,,0.0,
Q-171,Q-071,id,features_security_maintenance_limitations,RAXE500,22,False,6471.303,deterministic,passthrough,False,none,0.0,False,0.0,0.0,0.0,False,0.0,0.0,0.0,False,0.0,0.0,0.0,False,0.0,0.0,0.0,False,0.0,0.0,0.0,False,0.0,0.0,0.0,False,0.0,0.0,0.0,False,0.0,0.0,0.0,False,0.0,0.0,0.0,False,0.0,0.0,0.0,False,0.0,0.0,0.0,False,0.0,0.0,['33088b55-3bd9-50bd-8652-c3cd7fd2d88f'],chunker-generic-recursive,0,0,0,0,0,0,0,0,0,0,0,0,,0.0,
Q-172,Q-072,id,facts_specifications,RAXE500,29,False,3901.305,deterministic,passthrough,False,none,0.0,False,0.0,0.0,0.0,False,0.0,0.0,0.0,False,0.0,0.0,0.05,True,1.0,0.23981246656813146,0.04,True,1.0,0.23981246656813146,0.03333333333333333,True,1.0,0.23981246656813146,0.02857142857142857,True,1.0,0.23981246656813146,0.025,True,1.0,0.23981246656813146,0.022222222222222223,True,1.0,0.23981246656813146,0.02,True,1.0,0.23981246656813146,0.01818181818181818,True,1.0,0.23981246656813146,0.016666666666666666,True,1.0,0.23981246656813146,['09ef238c-cabe-5ea4-9616-24e57ee8f002'],chunker-generic-recursive,0,0,0,1,1,1,1,1,1,1,1,1,17,0.058823529411764705,20
Q-173,Q-073,id,facts_specifications,RAXE500,22,False,5214.786,deterministic,passthrough,False,none,0.0,False,0.0,0.0,0.0,False,0.0,0.0,0.06666666666666667,True,1.0,0.27023815442731974,0.05,True,1.0,0.27023815442731974,0.04,True,1.0,0.27023815442731974,0.03333333333333333,True,1.0,0.27023815442731974,0.02857142857142857,True,1.0,0.27023815442731974,0.025,True,1.0,0.27023815442731974,0.022222222222222223,True,1.0,0.27023815442731974,0.02,True,1.0,0.27023815442731974,0.01818181818181818,True,1.0,0.27023815442731974,0.016666666666666666,True,1.0,0.27023815442731974,['04f1b52b-9f18-591e-ac0a-b16ee4a34dad'],chunker-generic-recursive,0,0,1,1,1,1,1,1,1,1,1,1,12,0.08333333333333333,15
Q-174,Q-074,id,setup_configuration,RAXE500,22,False,5909.444,deterministic,passthrough,False,none,0.2,True,1.0,0.5,0.1,True,1.0,0.5,0.06666666666666667,True,1.0,0.5,0.05,True,1.0,0.5,0.04,True,1.0,0.5,0.03333333333333333,True,1.0,0.5,0.02857142857142857,True,1.0,0.5,0.025,True,1.0,0.5,0.022222222222222223,True,1.0,0.5,0.02,True,1.0,0.5,0.01818181818181818,True,1.0,0.5,0.016666666666666666,True,1.0,0.5,['8533530e-9001-5a31-a453-6077909ff031'],chunker-generic-recursive,1,1,1,1,1,1,1,1,1,1,1,1,3,0.3333333333333333,5
Q-175,Q-075,id,features_security_maintenance_limitations,RAXE500,38,False,5462.263,deterministic,passthrough,False,none,0.0,False,0.0,0.0,0.0,False,0.0,0.0,0.0,False,0.0,0.0,0.0,False,0.0,0.0,0.0,False,0.0,0.0,0.0,False,0.0,0.0,0.0,False,0.0,0.0,0.0,False,0.0,0.0,0.0,False,0.0,0.0,0.0,False,0.0,0.0,0.0,False,0.0,0.0,0.0,False,0.0,0.0,['b2cee766-ed4f-59bb-8d66-703a2aecba75'],chunker-generic-recursive,0,0,0,0,0,0,0,0,0,0,0,0,,0.0,
Q-176,Q-076,id,features_security_maintenance_limitations,RAXE500,41,False,5262.966,deterministic,passthrough,False,none,0.0,False,0.0,0.0,0.1,True,1.0,0.3010299956639812,0.06666666666666667,True,1.0,0.3010299956639812,0.05,True,1.0,0.3010299956639812,0.04,True,1.0,0.3010299956639812,0.03333333333333333,True,1.0,0.3010299956639812,0.02857142857142857,True,1.0,0.3010299956639812,0.025,True,1.0,0.3010299956639812,0.022222222222222223,True,1.0,0.3010299956639812,0.02,True,1.0,0.3010299956639812,0.01818181818181818,True,1.0,0.3010299956639812,0.016666666666666666,True,1.0,0.3010299956639812,['0fc19ad4-a3f3-5128-a97a-000311ce8919'],chunker-generic-recursive,0,1,1,1,1,1,1,1,1,1,1,1,9,0.1111111111111111,10
Q-177,Q-077,id,troubleshooting_diagnostics,RAXE500,12,False,4709.423,deterministic,passthrough,False,none,0.0,False,0.0,0.0,0.1,True,1.0,0.2890648263178879,0.06666666666666667,True,1.0,0.2890648263178879,0.05,True,1.0,0.2890648263178879,0.04,True,1.0,0.2890648263178879,0.03333333333333333,True,1.0,0.2890648263178879,0.02857142857142857,True,1.0,0.2890648263178879,0.025,True,1.0,0.2890648263178879,0.022222222222222223,True,1.0,0.2890648263178879,0.02,True,1.0,0.2890648263178879,0.01818181818181818,True,1.0,0.2890648263178879,0.016666666666666666,True,1.0,0.2890648263178879,['494eba00-b9d1-5fec-898e-b212c6f28baf'],chunker-generic-recursive,0,1,1,1,1,1,1,1,1,1,1,1,10,0.1,10
Q-178,Q-078,id,facts_specifications,RBK852,33,False,4705.238,deterministic,passthrough,False,none,0.4,True,1.0,0.7653606369886217,0.2,True,1.0,0.7653606369886217,0.2,True,1.0,0.8962626271568189,0.15,True,1.0,0.8962626271568189,0.12,True,1.0,0.8962626271568189,0.1,True,1.0,0.8962626271568189,0.08571428571428572,True,1.0,0.8962626271568189,0.075,True,1.0,0.8962626271568189,0.06666666666666667,True,1.0,0.8962626271568189,0.06,True,1.0,0.8962626271568189,0.05454545454545454,True,1.0,0.8962626271568189,0.05,True,1.0,0.8962626271568189,['fd0ce992-9b7f-58e2-9140-f25a95a0b95b'],chunker-generic-recursive,2,2,3,3,3,3,3,3,3,3,3,3,1,1.0,5
Q-179,Q-079,id,facts_specifications,RBK852,36,False,5080.61,deterministic,passthrough,False,none,0.0,False,0.0,0.0,0.1,True,1.0,0.17723928678404774,0.06666666666666667,True,1.0,0.17723928678404774,0.05,True,1.0,0.17723928678404774,0.04,True,1.0,0.17723928678404774,0.03333333333333333,True,1.0,0.17723928678404774,0.05714285714285714,True,1.0,0.29677786376252235,0.05,True,1.0,0.29677786376252235,0.044444444444444446,True,1.0,0.29677786376252235,0.04,True,1.0,0.29677786376252235,0.03636363636363636,True,1.0,0.29677786376252235,0.03333333333333333,True,1.0,0.29677786376252235,['bafbe93c-5d33-537b-82ee-2c89ca1550eb'],chunker-generic-recursive,0,1,1,1,1,1,2,2,2,2,2,2,10,0.1,10
Q-180,Q-080,id,setup_configuration,RBK852,26,False,5146.237,deterministic,passthrough,False,none,0.0,False,0.0,0.0,0.0,False,0.0,0.0,0.0,False,0.0,0.0,0.0,False,0.0,0.0,0.0,False,0.0,0.0,0.0,False,0.0,0.0,0.0,False,0.0,0.0,0.0,False,0.0,0.0,0.0,False,0.0,0.0,0.0,False,0.0,0.0,0.0,False,0.0,0.0,0.0,False,0.0,0.0,['acfcfc10-9010-5a5e-9f6c-e4bbbf310479'],chunker-generic-recursive,0,0,0,0,0,0,0,0,0,0,0,0,,0.0,
Q-181,Q-081,id,features_security_maintenance_limitations,RBK852,43,False,4035.954,deterministic,passthrough,False,none,0.4,True,1.0,0.7653606369886217,0.2,True,1.0,0.7653606369886217,0.13333333333333333,True,1.0,0.7653606369886217,0.1,True,1.0,0.7653606369886217,0.08,True,1.0,0.7653606369886217,0.1,True,1.0,0.860997317057002,0.08571428571428572,True,1.0,0.860997317057002,0.075,True,1.0,0.860997317057002,0.06666666666666667,True,1.0,0.860997317057002,0.06,True,1.0,0.860997317057002,0.05454545454545454,True,1.0,0.860997317057002,0.05,True,1.0,0.860997317057002,['aee81160-3f45-597d-97ea-c7a1ad45d30a'],chunker-generic-recursive,2,2,2,2,2,3,3,3,3,3,3,3,1,1.0,5
Q-182,Q-082,id,setup_configuration,RBK852,29,False,6046.064,deterministic,passthrough,False,none,0.2,True,1.0,0.38685280723454163,0.2,True,1.0,0.5802792108518124,0.13333333333333333,True,1.0,0.5802792108518124,0.1,True,1.0,0.5802792108518124,0.08,True,1.0,0.5802792108518124,0.06666666666666667,True,1.0,0.5802792108518124,0.05714285714285714,True,1.0,0.5802792108518124,0.05,True,1.0,0.5802792108518124,0.044444444444444446,True,1.0,0.5802792108518124,0.04,True,1.0,0.5802792108518124,0.03636363636363636,True,1.0,0.5802792108518124,0.03333333333333333,True,1.0,0.5802792108518124,['a6546993-1d1a-5eb2-b616-d7c4995490a6'],chunker-generic-recursive,1,2,2,2,2,2,2,2,2,2,2,2,2,0.5,5
Q-183,Q-083,id,features_security_maintenance_limitations,RBK852,23,False,5556.958,deterministic,passthrough,False,none,0.0,False,0.0,0.0,0.0,False,0.0,0.0,0.0,False,0.0,0.0,0.0,False,0.0,0.0,0.0,False,0.0,0.0,0.0,False,0.0,0.0,0.0,False,0.0,0.0,0.0,False,0.0,0.0,0.0,False,0.0,0.0,0.0,False,0.0,0.0,0.0,False,0.0,0.0,0.0,False,0.0,0.0,['83b0f8da-6afa-5070-9d44-c12b3b247e8b'],chunker-generic-recursive,0,0,0,0,0,0,0,0,0,0,0,0,,0.0,
Q-184,Q-084,id,facts_specifications,RBK852,23,False,5099.808,deterministic,passthrough,False,none,0.2,True,1.0,0.2640681225725909,0.2,True,1.0,0.45749452618986164,0.13333333333333333,True,1.0,0.45749452618986164,0.1,True,1.0,0.45749452618986164,0.08,True,1.0,0.45749452618986164,0.06666666666666667,True,1.0,0.45749452618986164,0.05714285714285714,True,1.0,0.45749452618986164,0.05,True,1.0,0.45749452618986164,0.044444444444444446,True,1.0,0.45749452618986164,0.04,True,1.0,0.45749452618986164,0.03636363636363636,True,1.0,0.45749452618986164,0.03333333333333333,True,1.0,0.45749452618986164,['0121bbc3-46f8-588c-b9d6-e7e69974a9fe'],chunker-generic-recursive,1,2,2,2,2,2,2,2,2,2,2,2,4,0.25,5
Q-185,Q-085,id,features_security_maintenance_limitations,RBK852,37,False,4211.307,deterministic,passthrough,False,none,0.0,False,0.0,0.0,0.0,False,0.0,0.0,0.06666666666666667,True,1.0,0.16569576576522954,0.05,True,1.0,0.16569576576522954,0.04,True,1.0,0.16569576576522954,0.06666666666666667,True,1.0,0.29191017322800655,0.05714285714285714,True,1.0,0.29191017322800655,0.05,True,1.0,0.29191017322800655,0.044444444444444446,True,1.0,0.29191017322800655,0.04,True,1.0,0.29191017322800655,0.03636363636363636,True,1.0,0.29191017322800655,0.03333333333333333,True,1.0,0.29191017322800655,['e8fbf22f-7fac-51cc-8b76-ef68177b1407'],chunker-generic-recursive,0,0,1,1,1,2,2,2,2,2,2,2,12,0.08333333333333333,15
Q-186,Q-086,id,features_security_maintenance_limitations,RBK852,30,False,4518.152,deterministic,passthrough,False,none,0.0,False,0.0,0.0,0.0,False,0.0,0.0,0.0,False,0.0,0.0,0.0,False,0.0,0.0,0.0,False,0.0,0.0,0.0,False,0.0,0.0,0.0,False,0.0,0.0,0.0,False,0.0,0.0,0.0,False,0.0,0.0,0.0,False,0.0,0.0,0.0,False,0.0,0.0,0.0,False,0.0,0.0,['64c7ce15-7a5a-580d-adbe-160bed89ad0b'],chunker-generic-recursive,0,0,0,0,0,0,0,0,0,0,0,0,,0.0,
Q-187,Q-087,id,troubleshooting_diagnostics,RBK852,11,False,4878.061,deterministic,passthrough,False,none,0.0,False,0.0,0.0,0.0,False,0.0,0.0,0.0,False,0.0,0.0,0.0,False,0.0,0.0,0.0,False,0.0,0.0,0.0,False,0.0,0.0,0.0,False,0.0,0.0,0.0,False,0.0,0.0,0.0,False,0.0,0.0,0.0,False,0.0,0.0,0.0,False,0.0,0.0,0.0,False,0.0,0.0,['594cc248-162e-5180-b1f6-243ea1c30a9e'],chunker-generic-recursive,0,0,0,0,0,0,0,0,0,0,0,0,,0.0,
Q-188,Q-088,id,troubleshooting_diagnostics,RBK852,13,False,5099.563,deterministic,passthrough,False,none,0.0,False,0.0,0.0,0.1,True,1.0,0.31546487678572877,0.06666666666666667,True,1.0,0.31546487678572877,0.05,True,1.0,0.31546487678572877,0.04,True,1.0,0.31546487678572877,0.03333333333333333,True,1.0,0.31546487678572877,0.02857142857142857,True,1.0,0.31546487678572877,0.025,True,1.0,0.31546487678572877,0.022222222222222223,True,1.0,0.31546487678572877,0.02,True,1.0,0.31546487678572877,0.01818181818181818,True,1.0,0.31546487678572877,0.016666666666666666,True,1.0,0.31546487678572877,['8989f72f-c45f-5a19-b2ce-b190765e7b28'],chunker-generic-recursive,0,1,1,1,1,1,1,1,1,1,1,1,8,0.125,10
Q-189,Q-089,id,facts_specifications,XR500,12,False,4271.342,deterministic,passthrough,False,none,0.2,True,1.0,0.6309297535714575,0.1,True,1.0,0.6309297535714575,0.06666666666666667,True,1.0,0.6309297535714575,0.05,True,1.0,0.6309297535714575,0.04,True,1.0,0.6309297535714575,0.03333333333333333,True,1.0,0.6309297535714575,0.02857142857142857,True,1.0,0.6309297535714575,0.025,True,1.0,0.6309297535714575,0.022222222222222223,True,1.0,0.6309297535714575,0.02,True,1.0,0.6309297535714575,0.01818181818181818,True,1.0,0.6309297535714575,0.016666666666666666,True,1.0,0.6309297535714575,['3252b308-2ca3-5fec-b98f-6d89b53b5bb2'],chunker-generic-recursive,1,1,1,1,1,1,1,1,1,1,1,1,2,0.5,5
Q-190,Q-090,id,setup_configuration,XR500,24,False,6285.292,deterministic,passthrough,False,none,0.2,True,1.0,0.5,0.1,True,1.0,0.5,0.06666666666666667,True,1.0,0.5,0.05,True,1.0,0.5,0.04,True,1.0,0.5,0.03333333333333333,True,1.0,0.5,0.02857142857142857,True,1.0,0.5,0.025,True,1.0,0.5,0.022222222222222223,True,1.0,0.5,0.02,True,1.0,0.5,0.01818181818181818,True,1.0,0.5,0.016666666666666666,True,1.0,0.5,['cb248990-463a-5428-8ee2-082f71f0484e'],chunker-generic-recursive,1,1,1,1,1,1,1,1,1,1,1,1,3,0.3333333333333333,5
Q-191,Q-091,id,features_security_maintenance_limitations,XR500,25,False,6853.484,deterministic,passthrough,False,none,0.0,False,0.0,0.0,0.0,False,0.0,0.0,0.06666666666666667,True,1.0,0.27023815442731974,0.05,True,1.0,0.27023815442731974,0.04,True,1.0,0.27023815442731974,0.03333333333333333,True,1.0,0.27023815442731974,0.02857142857142857,True,1.0,0.27023815442731974,0.025,True,1.0,0.27023815442731974,0.022222222222222223,True,1.0,0.27023815442731974,0.02,True,1.0,0.27023815442731974,0.01818181818181818,True,1.0,0.27023815442731974,0.016666666666666666,True,1.0,0.27023815442731974,['44b909e7-8fcd-5a49-bae0-e2be984df636'],chunker-generic-recursive,0,0,1,1,1,1,1,1,1,1,1,1,12,0.08333333333333333,15
Q-192,Q-092,id,features_security_maintenance_limitations,XR500,23,False,6333.308,deterministic,passthrough,False,none,0.4,True,1.0,0.9197207891481876,0.2,True,1.0,0.9197207891481876,0.13333333333333333,True,1.0,0.9197207891481876,0.1,True,1.0,0.9197207891481876,0.08,True,1.0,0.9197207891481876,0.06666666666666667,True,1.0,0.9197207891481876,0.05714285714285714,True,1.0,0.9197207891481876,0.05,True,1.0,0.9197207891481876,0.044444444444444446,True,1.0,0.9197207891481876,0.04,True,1.0,0.9197207891481876,0.03636363636363636,True,1.0,0.9197207891481876,0.03333333333333333,True,1.0,0.9197207891481876,['d9934c94-0789-5258-8d3c-3482e84637b0'],chunker-generic-recursive,2,2,2,2,2,2,2,2,2,2,2,2,1,1.0,5
Q-193,Q-093,id,features_security_maintenance_limitations,XR500,12,False,6337.025,deterministic,passthrough,False,none,0.0,False,0.0,0.0,0.0,False,0.0,0.0,0.0,False,0.0,0.0,0.0,False,0.0,0.0,0.0,False,0.0,0.0,0.0,False,0.0,0.0,0.0,False,0.0,0.0,0.0,False,0.0,0.0,0.0,False,0.0,0.0,0.0,False,0.0,0.0,0.0,False,0.0,0.0,0.0,False,0.0,0.0,['e3bace6b-5d07-5dcc-8041-f1933c6cd04f'],chunker-generic-recursive,0,0,0,0,0,0,0,0,0,0,0,0,,0.0,
Q-194,Q-094,id,features_security_maintenance_limitations,XR500,26,False,3610.072,deterministic,passthrough,False,none,0.0,False,0.0,0.0,0.0,False,0.0,0.0,0.06666666666666667,True,1.0,0.27894294565112987,0.05,True,1.0,0.27894294565112987,0.04,True,1.0,0.27894294565112987,0.03333333333333333,True,1.0,0.27894294565112987,0.02857142857142857,True,1.0,0.27894294565112987,0.025,True,1.0,0.27894294565112987,0.022222222222222223,True,1.0,0.27894294565112987,0.02,True,1.0,0.27894294565112987,0.01818181818181818,True,1.0,0.27894294565112987,0.016666666666666666,True,1.0,0.27894294565112987,['e8550a88-ca9e-5dc2-8bb3-4dd7ff222c8d'],chunker-generic-recursive,0,0,1,1,1,1,1,1,1,1,1,1,11,0.09090909090909091,15
Q-195,Q-095,id,features_security_maintenance_limitations,XR500,29,False,4412.49,deterministic,passthrough,False,none,0.2,True,1.0,0.3903800499921017,0.2,True,1.0,0.5032251913410369,0.13333333333333333,True,1.0,0.5032251913410369,0.1,True,1.0,0.5032251913410369,0.12,True,1.0,0.5862770063628212,0.13333333333333333,True,1.0,0.6666355031094414,0.11428571428571428,True,1.0,0.6666355031094414,0.1,True,1.0,0.6666355031094414,0.08888888888888889,True,1.0,0.6666355031094414,0.08,True,1.0,0.6666355031094414,0.07272727272727272,True,1.0,0.6666355031094414,0.06666666666666667,True,1.0,0.6666355031094414,['dee55ef8-729a-51e5-9b1c-29cce4910ea6'],chunker-generic-recursive,1,2,2,2,3,4,4,4,4,4,4,4,1,1.0,5
Q-196,Q-096,id,features_security_maintenance_limitations,XR500,31,False,4391.661,deterministic,passthrough,False,none,0.0,False,0.0,0.0,0.0,False,0.0,0.0,0.0,False,0.0,0.0,0.0,False,0.0,0.0,0.0,False,0.0,0.0,0.0,False,0.0,0.0,0.0,False,0.0,0.0,0.0,False,0.0,0.0,0.0,False,0.0,0.0,0.0,False,0.0,0.0,0.0,False,0.0,0.0,0.0,False,0.0,0.0,['1d4788df-374d-52e0-a31b-c406a91abfcc'],chunker-generic-recursive,0,0,0,0,0,0,0,0,0,0,0,0,,0.0,
Q-197,Q-097,id,features_security_maintenance_limitations,XR500,30,False,4924.224,deterministic,passthrough,False,none,0.0,False,0.0,0.0,0.1,True,1.0,0.2890648263178879,0.06666666666666667,True,1.0,0.2890648263178879,0.05,True,1.0,0.2890648263178879,0.04,True,1.0,0.2890648263178879,0.03333333333333333,True,1.0,0.2890648263178879,0.02857142857142857,True,1.0,0.2890648263178879,0.025,True,1.0,0.2890648263178879,0.022222222222222223,True,1.0,0.2890648263178879,0.02,True,1.0,0.2890648263178879,0.01818181818181818,True,1.0,0.2890648263178879,0.016666666666666666,True,1.0,0.2890648263178879,['9c7f8f5e-dadb-5ed0-b8be-baa2f11349a8'],chunker-generic-recursive,0,1,1,1,1,1,1,1,1,1,1,1,10,0.1,10
Q-198,Q-098,id,features_security_maintenance_limitations,XR500,35,False,4620.75,deterministic,passthrough,False,none,0.4,True,1.0,0.4776237035032179,0.2,True,1.0,0.4776237035032179,0.2,True,1.0,0.594943385008907,0.15,True,1.0,0.594943385008907,0.12,True,1.0,0.594943385008907,0.1,True,1.0,0.594943385008907,0.08571428571428572,True,1.0,0.594943385008907,0.075,True,1.0,0.594943385008907,0.06666666666666667,True,1.0,0.594943385008907,0.06,True,1.0,0.594943385008907,0.05454545454545454,True,1.0,0.594943385008907,0.05,True,1.0,0.594943385008907,['65a39d84-6b18-50df-b32a-a7d46fbe2cfc'],chunker-generic-recursive,2,2,3,3,3,3,3,3,3,3,3,3,2,0.5,5
Q-199,Q-099,id,features_security_maintenance_limitations,XR500,37,False,3064.455,deterministic,passthrough,False,none,0.2,True,1.0,0.6131471927654584,0.1,True,1.0,0.6131471927654584,0.13333333333333333,True,1.0,0.7741900178546666,0.1,True,1.0,0.7741900178546666,0.08,True,1.0,0.7741900178546666,0.06666666666666667,True,1.0,0.7741900178546666,0.05714285714285714,True,1.0,0.7741900178546666,0.05,True,1.0,0.7741900178546666,0.044444444444444446,True,1.0,0.7741900178546666,0.04,True,1.0,0.7741900178546666,0.03636363636363636,True,1.0,0.7741900178546666,0.03333333333333333,True,1.0,0.7741900178546666,['36995834-66ad-5975-9724-aa9f228f5502'],chunker-generic-recursive,1,1,2,2,2,2,2,2,2,2,2,2,1,1.0,5
Q-200,Q-100,id,features_security_maintenance_limitations,XR500,20,False,3046.819,deterministic,passthrough,False,none,0.0,False,0.0,0.0,0.0,False,0.0,0.0,0.0,False,0.0,0.0,0.0,False,0.0,0.0,0.0,False,0.0,0.0,0.0,False,0.0,0.0,0.0,False,0.0,0.0,0.0,False,0.0,0.0,0.0,False,0.0,0.0,0.0,False,0.0,0.0,0.0,False,0.0,0.0,0.0,False,0.0,0.0,['75118c37-2376-50c5-b907-2ae6d10da16e'],chunker-generic-recursive,0,0,0,0,0,0,0,0,0,0,0,0,,0.0,
Q-001,Q-001,en,facts_specifications,CM2000,29,False,6882.508,deterministic,passthrough,False,none,0.0,False,0.0,0.0,0.0,False,0.0,0.0,0.0,False,0.0,0.0,0.05,True,1.0,0.227670248696953,0.04,True,1.0,0.227670248696953,0.03333333333333333,True,1.0,0.227670248696953,0.02857142857142857,True,1.0,0.227670248696953,0.025,True,1.0,0.227670248696953,0.022222222222222223,True,1.0,0.227670248696953,0.02,True,1.0,0.227670248696953,0.01818181818181818,True,1.0,0.227670248696953,0.016666666666666666,True,1.0,0.227670248696953,['724d26e2-ed75-5043-b025-de4c01da0714'],chunker-generic-sliding-window,0,0,0,1,1,1,1,1,1,1,1,1,20,0.05,20
Q-002,Q-002,en,facts_specifications,CM2000,23,False,6927.923,deterministic,passthrough,False,none,0.2,True,1.0,0.38685280723454163,0.1,True,1.0,0.38685280723454163,0.06666666666666667,True,1.0,0.38685280723454163,0.05,True,1.0,0.38685280723454163,0.04,True,1.0,0.38685280723454163,0.03333333333333333,True,1.0,0.38685280723454163,0.02857142857142857,True,1.0,0.38685280723454163,0.025,True,1.0,0.38685280723454163,0.022222222222222223,True,1.0,0.38685280723454163,0.02,True,1.0,0.38685280723454163,0.01818181818181818,True,1.0,0.38685280723454163,0.016666666666666666,True,1.0,0.38685280723454163,['b9899548-cfa5-5bb4-8284-7d82e663abd1'],chunker-generic-sliding-window,1,1,1,1,1,1,1,1,1,1,1,1,5,0.2,5
Q-003,Q-003,en,setup_configuration,CM2000,22,False,6881.49,deterministic,passthrough,False,none,0.4,True,1.0,0.6509209298071326,0.2,True,1.0,0.6509209298071326,0.13333333333333333,True,1.0,0.6509209298071326,0.1,True,1.0,0.6509209298071326,0.08,True,1.0,0.6509209298071326,0.06666666666666667,True,1.0,0.6509209298071326,0.05714285714285714,True,1.0,0.6509209298071326,0.05,True,1.0,0.6509209298071326,0.044444444444444446,True,1.0,0.6509209298071326,0.04,True,1.0,0.6509209298071326,0.03636363636363636,True,1.0,0.6509209298071326,0.03333333333333333,True,1.0,0.6509209298071326,['8fd1b794-0507-59d3-88fa-2209736ef6da'],chunker-generic-sliding-window,2,2,2,2,2,2,2,2,2,2,2,2,2,0.5,5
Q-004,Q-004,en,setup_configuration,CM2000,26,False,6774.85,deterministic,passthrough,False,none,0.2,True,1.0,0.43067655807339306,0.1,True,1.0,0.43067655807339306,0.06666666666666667,True,1.0,0.43067655807339306,0.05,True,1.0,0.43067655807339306,0.04,True,1.0,0.43067655807339306,0.03333333333333333,True,1.0,0.43067655807339306,0.02857142857142857,True,1.0,0.43067655807339306,0.025,True,1.0,0.43067655807339306,0.022222222222222223,True,1.0,0.43067655807339306,0.02,True,1.0,0.43067655807339306,0.01818181818181818,True,1.0,0.43067655807339306,0.016666666666666666,True,1.0,0.43067655807339306,['0de5a970-8b6a-5e57-ba98-6f57671a841c'],chunker-generic-sliding-window,1,1,1,1,1,1,1,1,1,1,1,1,4,0.25,5
Q-005,Q-005,en,facts_specifications,CM2000,22,False,6155.049,deterministic,passthrough,False,none,0.0,False,0.0,0.0,0.1,True,1.0,0.17723928678404774,0.06666666666666667,True,1.0,0.17723928678404774,0.1,True,1.0,0.321579601166769,0.08,True,1.0,0.321579601166769,0.06666666666666667,True,1.0,0.321579601166769,0.05714285714285714,True,1.0,0.321579601166769,0.05,True,1.0,0.321579601166769,0.044444444444444446,True,1.0,0.321579601166769,0.04,True,1.0,0.321579601166769,0.03636363636363636,True,1.0,0.321579601166769,0.03333333333333333,True,1.0,0.321579601166769,['eb2ebf98-481f-54be-b4a3-56ea1bdf5749'],chunker-generic-sliding-window,0,1,1,2,2,2,2,2,2,2,2,2,10,0.1,10
Q-006,Q-006,en,troubleshooting_diagnostics,CM2000,36,False,6273.473,deterministic,passthrough,False,none,0.0,False,0.0,0.0,0.0,False,0.0,0.0,0.0,False,0.0,0.0,0.0,False,0.0,0.0,0.04,True,1.0,0.1304446455081745,0.03333333333333333,True,1.0,0.1304446455081745,0.05714285714285714,True,1.0,0.25199486110541225,0.05,True,1.0,0.25199486110541225,0.044444444444444446,True,1.0,0.25199486110541225,0.04,True,1.0,0.25199486110541225,0.03636363636363636,True,1.0,0.25199486110541225,0.03333333333333333,True,1.0,0.25199486110541225,['62f9a09d-d5a8-5805-8b92-4d0be62383ce'],chunker-generic-sliding-window,0,0,0,0,1,1,2,2,2,2,2,2,25,0.04,25
Q-007,Q-007,en,troubleshooting_diagnostics,CM2000,23,False,6267.316,deterministic,passthrough,False,none,0.2,True,1.0,0.46927872602275644,0.3,True,1.0,0.758586654365518,0.2,True,1.0,0.758586654365518,0.15,True,1.0,0.758586654365518,0.12,True,1.0,0.758586654365518,0.1,True,1.0,0.758586654365518,0.08571428571428572,True,1.0,0.758586654365518,0.075,True,1.0,0.758586654365518,0.06666666666666667,True,1.0,0.758586654365518,0.06,True,1.0,0.758586654365518,0.05454545454545454,True,1.0,0.758586654365518,0.05,True,1.0,0.758586654365518,['c5c4c17f-c329-5b9c-837f-7d33e641682f'],chunker-generic-sliding-window,1,3,3,3,3,3,3,3,3,3,3,3,1,1.0,5
Q-008,Q-008,en,troubleshooting_diagnostics,CM2000,29,False,6308.356,deterministic,passthrough,False,none,0.0,False,0.0,0.0,0.0,False,0.0,0.0,0.0,False,0.0,0.0,0.05,True,1.0,0.23137821315975915,0.04,True,1.0,0.23137821315975915,0.03333333333333333,True,1.0,0.23137821315975915,0.02857142857142857,True,1.0,0.23137821315975915,0.025,True,1.0,0.23137821315975915,0.022222222222222223,True,1.0,0.23137821315975915,0.02,True,1.0,0.23137821315975915,0.01818181818181818,True,1.0,0.23137821315975915,0.016666666666666666,True,1.0,0.23137821315975915,['85bd9c8e-a264-5649-acbc-73648b7ce861'],chunker-generic-sliding-window,0,0,0,1,1,1,1,1,1,1,1,1,19,0.05263157894736842,20
Q-009,Q-009,en,facts_specifications,CM2000,24,False,7602.928,deterministic,passthrough,False,none,0.0,False,0.0,0.0,0.0,False,0.0,0.0,0.0,False,0.0,0.0,0.0,False,0.0,0.0,0.04,True,1.0,0.21810429198553155,0.03333333333333333,True,1.0,0.21810429198553155,0.02857142857142857,True,1.0,0.21810429198553155,0.025,True,1.0,0.21810429198553155,0.022222222222222223,True,1.0,0.21810429198553155,0.02,True,1.0,0.21810429198553155,0.01818181818181818,True,1.0,0.21810429198553155,0.016666666666666666,True,1.0,0.21810429198553155,['88695618-cf2a-5bf0-9a58-da1167d8f0c6'],chunker-generic-sliding-window,0,0,0,0,1,1,1,1,1,1,1,1,23,0.043478260869565216,25
Q-010,Q-010,en,setup_configuration,LM1200,36,False,7702.257,deterministic,passthrough,False,none,0.2,True,1.0,0.6131471927654584,0.1,True,1.0,0.6131471927654584,0.13333333333333333,True,1.0,0.766433990956823,0.1,True,1.0,0.766433990956823,0.08,True,1.0,0.766433990956823,0.06666666666666667,True,1.0,0.766433990956823,0.05714285714285714,True,1.0,0.766433990956823,0.05,True,1.0,0.766433990956823,0.044444444444444446,True,1.0,0.766433990956823,0.04,True,1.0,0.766433990956823,0.03636363636363636,True,1.0,0.766433990956823,0.03333333333333333,True,1.0,0.766433990956823,['37f50132-32d9-5fb0-a62d-366e401ac417'],chunker-generic-sliding-window,1,1,2,2,2,2,2,2,2,2,2,2,1,1.0,5
Q-011,Q-011,en,setup_configuration,LM1200,27,False,8686.494,deterministic,passthrough,False,none,0.0,False,0.0,0.0,0.0,False,0.0,0.0,0.06666666666666667,True,1.0,0.25,0.05,True,1.0,0.25,0.04,True,1.0,0.25,0.03333333333333333,True,1.0,0.25,0.02857142857142857,True,1.0,0.25,0.025,True,1.0,0.25,0.022222222222222223,True,1.0,0.25,0.02,True,1.0,0.25,0.01818181818181818,True,1.0,0.25,0.016666666666666666,True,1.0,0.25,['36789817-932f-55f7-9c50-bb45d2df0cbe'],chunker-generic-sliding-window,0,0,1,1,1,1,1,1,1,1,1,1,15,0.06666666666666667,15
Q-012,Q-012,en,setup_configuration,LM1200,30,False,8797.097,deterministic,passthrough,False,none,0.0,False,0.0,0.0,0.0,False,0.0,0.0,0.0,False,0.0,0.0,0.0,False,0.0,0.0,0.0,False,0.0,0.0,0.0,False,0.0,0.0,0.0,False,0.0,0.0,0.0,False,0.0,0.0,0.0,False,0.0,0.0,0.0,False,0.0,0.0,0.0,False,0.0,0.0,0.0,False,0.0,0.0,['fa675707-eec3-5dae-b80f-46a21238adcf'],chunker-generic-sliding-window,0,0,0,0,0,0,0,0,0,0,0,0,,0.0,
Q-013,Q-013,en,setup_configuration,LM1200,22,False,6324.583,deterministic,passthrough,False,none,0.4,True,1.0,0.6366824387328317,0.4,True,1.0,0.8899603164338973,0.26666666666666666,True,1.0,0.8899603164338973,0.2,True,1.0,0.8899603164338973,0.16,True,1.0,0.8899603164338973,0.13333333333333333,True,1.0,0.8899603164338973,0.11428571428571428,True,1.0,0.8899603164338973,0.1,True,1.0,0.8899603164338973,0.08888888888888889,True,1.0,0.8899603164338973,0.08,True,1.0,0.8899603164338973,0.07272727272727272,True,1.0,0.8899603164338973,0.06666666666666667,True,1.0,0.8899603164338973,['cf1f57e0-473a-57f3-8d91-a52b0070e80b'],chunker-generic-sliding-window,2,4,4,4,4,4,4,4,4,4,4,4,1,1.0,5
Q-014,Q-014,en,troubleshooting_diagnostics,LM1200,24,False,7503.388,deterministic,passthrough,False,none,0.0,False,0.0,0.0,0.2,True,1.0,0.3706656904013186,0.13333333333333333,True,1.0,0.3706656904013186,0.1,True,1.0,0.3706656904013186,0.08,True,1.0,0.3706656904013186,0.06666666666666667,True,1.0,0.3706656904013186,0.05714285714285714,True,1.0,0.3706656904013186,0.05,True,1.0,0.3706656904013186,0.044444444444444446,True,1.0,0.3706656904013186,0.04,True,1.0,0.3706656904013186,0.03636363636363636,True,1.0,0.3706656904013186,0.03333333333333333,True,1.0,0.3706656904013186,['72dd6f50-8da8-5970-b90b-3a0719762e64'],chunker-generic-sliding-window,0,2,2,2,2,2,2,2,2,2,2,2,8,0.125,10
Q-015,Q-015,en,features_security_maintenance_limitations,LM1200,28,False,6834.417,deterministic,passthrough,False,none,0.2,True,1.0,0.16958010263680806,0.5,True,1.0,0.6084772252927951,0.3333333333333333,True,1.0,0.6084772252927951,0.25,True,1.0,0.6084772252927951,0.2,True,1.0,0.6084772252927951,0.16666666666666666,True,1.0,0.6084772252927951,0.14285714285714285,True,1.0,0.6084772252927951,0.125,True,1.0,0.6084772252927951,0.1111111111111111,True,1.0,0.6084772252927951,0.1,True,1.0,0.6084772252927951,0.09090909090909091,True,1.0,0.6084772252927951,0.08333333333333333,True,1.0,0.6084772252927951,['eb06abbc-3f74-5ddc-bfd6-17572beb2155'],chunker-generic-sliding-window,1,5,5,5,5,5,5,5,5,5,5,5,3,0.3333333333333333,5
Q-016,Q-016,en,facts_specifications,LM1200,36,False,6775.09,deterministic,passthrough,False,none,0.6,True,1.0,0.787702056960637,0.4,True,1.0,0.9178287402913374,0.26666666666666666,True,1.0,0.9178287402913374,0.2,True,1.0,0.9178287402913374,0.16,True,1.0,0.9178287402913374,0.13333333333333333,True,1.0,0.9178287402913374,0.11428571428571428,True,1.0,0.9178287402913374,0.1,True,1.0,0.9178287402913374,0.08888888888888889,True,1.0,0.9178287402913374,0.08,True,1.0,0.9178287402913374,0.07272727272727272,True,1.0,0.9178287402913374,0.06666666666666667,True,1.0,0.9178287402913374,['7e1a62c7-f256-5d08-a456-a62949c30491'],chunker-generic-sliding-window,3,4,4,4,4,4,4,4,4,4,4,4,1,1.0,5
Q-017,Q-017,en,facts_specifications,LM1200,21,False,5006.978,deterministic,passthrough,False,none,0.0,False,0.0,0.0,0.0,False,0.0,0.0,0.0,False,0.0,0.0,0.0,False,0.0,0.0,0.0,False,0.0,0.0,0.0,False,0.0,0.0,0.0,False,0.0,0.0,0.0,False,0.0,0.0,0.0,False,0.0,0.0,0.0,False,0.0,0.0,0.0,False,0.0,0.0,0.0,False,0.0,0.0,['43434cb0-0be2-5d97-be19-dfb7256b7c44'],chunker-generic-sliding-window,0,0,0,0,0,0,0,0,0,0,0,0,,0.0,
Q-018,Q-018,en,troubleshooting_diagnostics,LM1200,25,False,6958.088,deterministic,passthrough,False,none,0.0,False,0.0,0.0,0.0,False,0.0,0.0,0.0,False,0.0,0.0,0.05,True,1.0,0.14434031438272124,0.08,True,1.0,0.2763743756690167,0.06666666666666667,True,1.0,0.2763743756690167,0.05714285714285714,True,1.0,0.2763743756690167,0.05,True,1.0,0.2763743756690167,0.044444444444444446,True,1.0,0.2763743756690167,0.04,True,1.0,0.2763743756690167,0.03636363636363636,True,1.0,0.2763743756690167,0.03333333333333333,True,1.0,0.2763743756690167,['82ef2627-a58c-55ae-ab74-3f865a33e979'],chunker-generic-sliding-window,0,0,0,1,2,2,2,2,2,2,2,2,18,0.05555555555555555,20
Q-019,Q-019,en,troubleshooting_diagnostics,LM1200,30,False,7853.88,deterministic,passthrough,False,none,0.0,False,0.0,0.0,0.0,False,0.0,0.0,0.06666666666666667,True,1.0,0.25,0.05,True,1.0,0.25,0.04,True,1.0,0.25,0.03333333333333333,True,1.0,0.25,0.02857142857142857,True,1.0,0.25,0.025,True,1.0,0.25,0.022222222222222223,True,1.0,0.25,0.02,True,1.0,0.25,0.01818181818181818,True,1.0,0.25,0.016666666666666666,True,1.0,0.25,['6f442d4b-b8ba-5fe7-b4e9-9e90463dc194'],chunker-generic-sliding-window,0,0,1,1,1,1,1,1,1,1,1,1,15,0.06666666666666667,15
Q-020,Q-020,en,troubleshooting_diagnostics,R6350,26,False,8258.997,deterministic,passthrough,False,none,0.0,False,0.0,0.0,0.0,False,0.0,0.0,0.0,False,0.0,0.0,0.0,False,0.0,0.0,0.0,False,0.0,0.0,0.0,False,0.0,0.0,0.0,False,0.0,0.0,0.0,False,0.0,0.0,0.0,False,0.0,0.0,0.0,False,0.0,0.0,0.0,False,0.0,0.0,0.0,False,0.0,0.0,['1190a45f-877b-5cd2-a8d9-5ab1c390c374'],chunker-generic-sliding-window,0,0,0,0,0,0,0,0,0,0,0,0,,0.0,
Q-021,Q-021,en,troubleshooting_diagnostics,R6350,27,False,6962.838,deterministic,passthrough,False,none,0.2,True,1.0,0.3903800499921017,0.1,True,1.0,0.3903800499921017,0.13333333333333333,True,1.0,0.49927381106033386,0.15,True,1.0,0.5928918137479302,0.12,True,1.0,0.5928918137479302,0.13333333333333333,True,1.0,0.6749926099948402,0.11428571428571428,True,1.0,0.6749926099948402,0.1,True,1.0,0.6749926099948402,0.08888888888888889,True,1.0,0.6749926099948402,0.08,True,1.0,0.6749926099948402,0.07272727272727272,True,1.0,0.6749926099948402,0.06666666666666667,True,1.0,0.6749926099948402,['ad49e55f-a53b-5c41-8bf1-a36c022c9b3b'],chunker-generic-sliding-window,1,1,2,3,3,4,4,4,4,4,4,4,1,1.0,5
Q-022,Q-022,en,troubleshooting_diagnostics,R6350,28,False,5931.687,deterministic,passthrough,False,none,0.2,True,1.0,0.5,0.1,True,1.0,0.5,0.06666666666666667,True,1.0,0.5,0.05,True,1.0,0.5,0.04,True,1.0,0.5,0.03333333333333333,True,1.0,0.5,0.02857142857142857,True,1.0,0.5,0.025,True,1.0,0.5,0.022222222222222223,True,1.0,0.5,0.02,True,1.0,0.5,0.01818181818181818,True,1.0,0.5,0.016666666666666666,True,1.0,0.5,['d4e1d4fc-7655-51fc-8d81-af75a4b11734'],chunker-generic-sliding-window,1,1,1,1,1,1,1,1,1,1,1,1,3,0.3333333333333333,5
Q-023,Q-023,en,troubleshooting_diagnostics,R6350,24,False,5300.141,deterministic,passthrough,False,none,0.2,True,1.0,1.0,0.1,True,1.0,1.0,0.06666666666666667,True,1.0,1.0,0.05,True,1.0,1.0,0.04,True,1.0,1.0,0.03333333333333333,True,1.0,1.0,0.02857142857142857,True,1.0,1.0,0.025,True,1.0,1.0,0.022222222222222223,True,1.0,1.0,0.02,True,1.0,1.0,0.01818181818181818,True,1.0,1.0,0.016666666666666666,True,1.0,1.0,['31b5dd16-326a-5e79-817f-c2585e0248a2'],chunker-generic-sliding-window,1,1,1,1,1,1,1,1,1,1,1,1,1,1.0,5
Q-024,Q-024,en,setup_configuration,R6350,33,False,5981.897,deterministic,passthrough,False,none,0.0,False,0.0,0.0,0.0,False,0.0,0.0,0.0,False,0.0,0.0,0.0,False,0.0,0.0,0.0,False,0.0,0.0,0.0,False,0.0,0.0,0.0,False,0.0,0.0,0.0,False,0.0,0.0,0.0,False,0.0,0.0,0.0,False,0.0,0.0,0.0,False,0.0,0.0,0.0,False,0.0,0.0,['0528f0b9-15e5-5482-9a68-0f02d2d61d68'],chunker-generic-sliding-window,0,0,0,0,0,0,0,0,0,0,0,0,,0.0,
Q-025,Q-025,en,setup_configuration,R6350,39,False,5842.843,deterministic,passthrough,False,none,0.0,False,0.0,0.0,0.0,False,0.0,0.0,0.0,False,0.0,0.0,0.05,True,1.0,0.14434031438272124,0.04,True,1.0,0.14434031438272124,0.06666666666666667,True,1.0,0.27329125012756844,0.05714285714285714,True,1.0,0.27329125012756844,0.05,True,1.0,0.27329125012756844,0.044444444444444446,True,1.0,0.27329125012756844,0.04,True,1.0,0.27329125012756844,0.03636363636363636,True,1.0,0.27329125012756844,0.03333333333333333,True,1.0,0.27329125012756844,['12d6aaad-d982-5f95-8b7d-63ba7706aba5'],chunker-generic-sliding-window,0,0,0,1,1,2,2,2,2,2,2,2,18,0.05555555555555555,20
Q-026,Q-026,en,facts_specifications,R6350,27,False,5534.492,deterministic,passthrough,False,none,0.4,True,1.0,0.5307212739772434,0.3,True,1.0,0.6978817289434457,0.2,True,1.0,0.6978817289434457,0.15,True,1.0,0.6978817289434457,0.12,True,1.0,0.6978817289434457,0.1,True,1.0,0.6978817289434457,0.08571428571428572,True,1.0,0.6978817289434457,0.075,True,1.0,0.6978817289434457,0.06666666666666667,True,1.0,0.6978817289434457,0.06,True,1.0,0.6978817289434457,0.05454545454545454,True,1.0,0.6978817289434457,0.05,True,1.0,0.6978817289434457,['3fbed70d-f242-5a78-90cc-f0f2674fe5f7'],chunker-generic-sliding-window,2,3,3,3,3,3,3,3,3,3,3,3,2,0.5,5
Q-027,Q-027,en,setup_configuration,R6350,32,False,5765.987,deterministic,passthrough,False,none,0.0,False,0.0,0.0,0.1,True,1.0,0.18457569677956817,0.06666666666666667,True,1.0,0.18457569677956817,0.1,True,1.0,0.3264445986455623,0.08,True,1.0,0.3264445986455623,0.06666666666666667,True,1.0,0.3264445986455623,0.05714285714285714,True,1.0,0.3264445986455623,0.05,True,1.0,0.3264445986455623,0.044444444444444446,True,1.0,0.3264445986455623,0.04,True,1.0,0.3264445986455623,0.03636363636363636,True,1.0,0.3264445986455623,0.03333333333333333,True,1.0,0.3264445986455623,['92de127d-5c3f-5d2a-a801-234fc3e5b014'],chunker-generic-sliding-window,0,1,1,2,2,2,2,2,2,2,2,2,9,0.1111111111111111,10
Q-028,Q-028,en,troubleshooting_diagnostics,R6350,26,False,7309.839,deterministic,passthrough,False,none,0.2,True,1.0,0.6131471927654584,0.1,True,1.0,0.6131471927654584,0.06666666666666667,True,1.0,0.6131471927654584,0.1,True,1.0,0.7601875334318685,0.08,True,1.0,0.7601875334318685,0.06666666666666667,True,1.0,0.7601875334318685,0.05714285714285714,True,1.0,0.7601875334318685,0.05,True,1.0,0.7601875334318685,0.044444444444444446,True,1.0,0.7601875334318685,0.04,True,1.0,0.7601875334318685,0.03636363636363636,True,1.0,0.7601875334318685,0.03333333333333333,True,1.0,0.7601875334318685,['2a3ade55-f893-5d78-8ead-3ff6b3d197c7'],chunker-generic-sliding-window,1,1,1,2,2,2,2,2,2,2,2,2,1,1.0,5
Q-029,Q-029,en,features_security_maintenance_limitations,R6350,23,False,7325.93,deterministic,passthrough,False,none,0.0,False,0.0,0.0,0.1,True,1.0,0.19342640361727081,0.06666666666666667,True,1.0,0.19342640361727081,0.1,True,1.0,0.3377667179999921,0.08,True,1.0,0.3377667179999921,0.06666666666666667,True,1.0,0.3377667179999921,0.05714285714285714,True,1.0,0.3377667179999921,0.05,True,1.0,0.3377667179999921,0.044444444444444446,True,1.0,0.3377667179999921,0.04,True,1.0,0.3377667179999921,0.03636363636363636,True,1.0,0.3377667179999921,0.03333333333333333,True,1.0,0.3377667179999921,['5a7fc3bd-5bd0-57b2-944d-5a981598dcf7'],chunker-generic-sliding-window,0,1,1,2,2,2,2,2,2,2,2,2,8,0.125,10
Q-030,Q-030,en,setup_configuration,R6350,39,False,8228.703,deterministic,passthrough,False,none,0.0,False,0.0,0.0,0.1,True,1.0,0.15642624200758548,0.06666666666666667,True,1.0,0.15642624200758548,0.1,True,1.0,0.26689863696668287,0.12,True,1.0,0.3706396115750656,0.1,True,1.0,0.3706396115750656,0.08571428571428572,True,1.0,0.3706396115750656,0.075,True,1.0,0.3706396115750656,0.06666666666666667,True,1.0,0.3706396115750656,0.06,True,1.0,0.3706396115750656,0.05454545454545454,True,1.0,0.3706396115750656,0.05,True,1.0,0.3706396115750656,['006d8e6b-77f6-54fa-826b-6d417979808f'],chunker-generic-sliding-window,0,1,1,2,3,3,3,3,3,3,3,3,7,0.14285714285714285,10
Q-031,Q-031,en,troubleshooting_diagnostics,R6350,23,False,7818.871,deterministic,passthrough,False,none,0.0,False,0.0,0.0,0.0,False,0.0,0.0,0.0,False,0.0,0.0,0.0,False,0.0,0.0,0.0,False,0.0,0.0,0.0,False,0.0,0.0,0.0,False,0.0,0.0,0.0,False,0.0,0.0,0.0,False,0.0,0.0,0.0,False,0.0,0.0,0.0,False,0.0,0.0,0.0,False,0.0,0.0,['818e0932-f3ff-5602-b5b9-5f1d94d353ed'],chunker-generic-sliding-window,0,0,0,0,0,0,0,0,0,0,0,0,,0.0,
Q-032,Q-032,en,facts_specifications,R7000,29,False,6628.618,deterministic,passthrough,False,none,0.0,False,0.0,0.0,0.0,False,0.0,0.0,0.06666666666666667,True,1.0,0.15693994437792994,0.1,True,1.0,0.3069467374862678,0.08,True,1.0,0.3069467374862678,0.06666666666666667,True,1.0,0.3069467374862678,0.05714285714285714,True,1.0,0.3069467374862678,0.05,True,1.0,0.3069467374862678,0.044444444444444446,True,1.0,0.3069467374862678,0.04,True,1.0,0.3069467374862678,0.03636363636363636,True,1.0,0.3069467374862678,0.03333333333333333,True,1.0,0.3069467374862678,['cf6a9c70-f40a-521b-8ee5-c0a7ff8c1279'],chunker-generic-sliding-window,0,0,1,2,2,2,2,2,2,2,2,2,14,0.07142857142857142,15
Q-033,Q-033,en,setup_configuration,R7000,38,False,6451.411,deterministic,passthrough,False,none,0.2,True,1.0,0.23719771276929622,0.1,True,1.0,0.23719771276929622,0.06666666666666667,True,1.0,0.23719771276929622,0.05,True,1.0,0.23719771276929622,0.08,True,1.0,0.3709277471303228,0.06666666666666667,True,1.0,0.3709277471303228,0.05714285714285714,True,1.0,0.3709277471303228,0.05,True,1.0,0.3709277471303228,0.044444444444444446,True,1.0,0.3709277471303228,0.04,True,1.0,0.3709277471303228,0.03636363636363636,True,1.0,0.3709277471303228,0.03333333333333333,True,1.0,0.3709277471303228,['9213a4bb-497e-56d3-be43-8791bb53a54e'],chunker-generic-sliding-window,1,1,1,1,2,2,2,2,2,2,2,2,5,0.2,5
Q-034,Q-034,en,setup_configuration,R7000,26,False,6576.745,deterministic,passthrough,False,none,0.0,False,0.0,0.0,0.0,False,0.0,0.0,0.0,False,0.0,0.0,0.0,False,0.0,0.0,0.0,False,0.0,0.0,0.0,False,0.0,0.0,0.0,False,0.0,0.0,0.0,False,0.0,0.0,0.0,False,0.0,0.0,0.0,False,0.0,0.0,0.0,False,0.0,0.0,0.0,False,0.0,0.0,['8aecb252-6293-553d-8e28-ef7b756f0c82'],chunker-generic-sliding-window,0,0,0,0,0,0,0,0,0,0,0,0,,0.0,
Q-035,Q-035,en,facts_specifications,R7000,31,False,6454.401,deterministic,passthrough,False,none,0.0,False,0.0,0.0,0.1,True,1.0,0.123151194370365,0.13333333333333333,True,1.0,0.2230721008915004,0.15,True,1.0,0.3185787917542082,0.12,True,1.0,0.3185787917542082,0.13333333333333333,True,1.0,0.3973766482649884,0.11428571428571428,True,1.0,0.3973766482649884,0.1,True,1.0,0.3973766482649884,0.08888888888888889,True,1.0,0.3973766482649884,0.08,True,1.0,0.3973766482649884,0.07272727272727272,True,1.0,0.3973766482649884,0.06666666666666667,True,1.0,0.3973766482649884,['54a5ae0e-dabe-533f-8906-cd65b27661ec'],chunker-generic-sliding-window,0,1,2,3,3,4,4,4,4,4,4,4,8,0.125,10
Q-036,Q-036,en,facts_specifications,R7000,22,False,5465.345,deterministic,passthrough,False,none,0.0,False,0.0,0.0,0.0,False,0.0,0.0,0.0,False,0.0,0.0,0.0,False,0.0,0.0,0.0,False,0.0,0.0,0.0,False,0.0,0.0,0.0,False,0.0,0.0,0.0,False,0.0,0.0,0.0,False,0.0,0.0,0.0,False,0.0,0.0,0.0,False,0.0,0.0,0.0,False,0.0,0.0,['537310b8-39d1-57ca-81f0-ddddc2ad9916'],chunker-generic-sliding-window,0,0,0,0,0,0,0,0,0,0,0,0,,0.0,
Q-037,Q-037,en,features_security_maintenance_limitations,R7000,23,False,6298.568,deterministic,passthrough,False,none,0.0,False,0.0,0.0,0.0,False,0.0,0.0,0.0,False,0.0,0.0,0.0,False,0.0,0.0,0.0,False,0.0,0.0,0.0,False,0.0,0.0,0.0,False,0.0,0.0,0.0,False,0.0,0.0,0.0,False,0.0,0.0,0.0,False,0.0,0.0,0.0,False,0.0,0.0,0.0,False,0.0,0.0,['79d677ad-2fef-50d3-92dd-c07a6df0f14e'],chunker-generic-sliding-window,0,0,0,0,0,0,0,0,0,0,0,0,,0.0,
Q-038,Q-038,en,setup_configuration,R7000,28,False,5766.177,deterministic,passthrough,False,none,0.2,True,1.0,0.6309297535714575,0.1,True,1.0,0.6309297535714575,0.06666666666666667,True,1.0,0.6309297535714575,0.05,True,1.0,0.6309297535714575,0.04,True,1.0,0.6309297535714575,0.03333333333333333,True,1.0,0.6309297535714575,0.02857142857142857,True,1.0,0.6309297535714575,0.025,True,1.0,0.6309297535714575,0.022222222222222223,True,1.0,0.6309297535714575,0.02,True,1.0,0.6309297535714575,0.01818181818181818,True,1.0,0.6309297535714575,0.016666666666666666,True,1.0,0.6309297535714575,['d4980606-c8d1-5aca-adbe-96e35254c9e1'],chunker-generic-sliding-window,1,1,1,1,1,1,1,1,1,1,1,1,2,0.5,5
Q-039,Q-039,en,features_security_maintenance_limitations,R7000,32,False,6726.308,deterministic,passthrough,False,none,0.2,True,1.0,1.0,0.1,True,1.0,1.0,0.06666666666666667,True,1.0,1.0,0.05,True,1.0,1.0,0.04,True,1.0,1.0,0.03333333333333333,True,1.0,1.0,0.02857142857142857,True,1.0,1.0,0.025,True,1.0,1.0,0.022222222222222223,True,1.0,1.0,0.02,True,1.0,1.0,0.01818181818181818,True,1.0,1.0,0.016666666666666666,True,1.0,1.0,['af255485-98d7-59f8-94db-806fd6280e64'],chunker-generic-sliding-window,1,1,1,1,1,1,1,1,1,1,1,1,1,1.0,5
Q-040,Q-040,en,setup_configuration,R7000,16,False,6219.147,deterministic,passthrough,False,none,0.4,True,1.0,0.9197207891481876,0.2,True,1.0,0.9197207891481876,0.13333333333333333,True,1.0,0.9197207891481876,0.1,True,1.0,0.9197207891481876,0.08,True,1.0,0.9197207891481876,0.06666666666666667,True,1.0,0.9197207891481876,0.05714285714285714,True,1.0,0.9197207891481876,0.05,True,1.0,0.9197207891481876,0.044444444444444446,True,1.0,0.9197207891481876,0.04,True,1.0,0.9197207891481876,0.03636363636363636,True,1.0,0.9197207891481876,0.03333333333333333,True,1.0,0.9197207891481876,['89cf7641-ad76-514d-a38e-ff036b200250'],chunker-generic-sliding-window,2,2,2,2,2,2,2,2,2,2,2,2,1,1.0,5
Q-041,Q-041,en,setup_configuration,R7000,33,False,6645.784,deterministic,passthrough,False,none,0.0,False,0.0,0.0,0.0,False,0.0,0.0,0.0,False,0.0,0.0,0.0,False,0.0,0.0,0.04,True,1.0,0.13203406128629544,0.06666666666666667,True,1.0,0.25957762790588346,0.05714285714285714,True,1.0,0.25957762790588346,0.05,True,1.0,0.25957762790588346,0.044444444444444446,True,1.0,0.25957762790588346,0.04,True,1.0,0.25957762790588346,0.03636363636363636,True,1.0,0.25957762790588346,0.03333333333333333,True,1.0,0.25957762790588346,['0cff8f5c-96b8-5d33-9c11-37f93f8300fb'],chunker-generic-sliding-window,0,0,0,0,1,2,2,2,2,2,2,2,24,0.041666666666666664,25
Q-042,Q-042,en,troubleshooting_diagnostics,R7000,25,False,6175.701,deterministic,passthrough,False,none,0.0,False,0.0,0.0,0.0,False,0.0,0.0,0.06666666666666667,True,1.0,0.25,0.05,True,1.0,0.25,0.04,True,1.0,0.25,0.03333333333333333,True,1.0,0.25,0.02857142857142857,True,1.0,0.25,0.025,True,1.0,0.25,0.022222222222222223,True,1.0,0.25,0.02,True,1.0,0.25,0.01818181818181818,True,1.0,0.25,0.016666666666666666,True,1.0,0.25,['f2289449-f54e-5af6-8243-762118ef305b'],chunker-generic-sliding-window,0,0,1,1,1,1,1,1,1,1,1,1,15,0.06666666666666667,15
Q-043,Q-043,en,troubleshooting_diagnostics,R7000,26,False,5734.698,deterministic,passthrough,False,none,0.2,True,1.0,0.38685280723454163,0.1,True,1.0,0.38685280723454163,0.06666666666666667,True,1.0,0.38685280723454163,0.05,True,1.0,0.38685280723454163,0.04,True,1.0,0.38685280723454163,0.03333333333333333,True,1.0,0.38685280723454163,0.02857142857142857,True,1.0,0.38685280723454163,0.025,True,1.0,0.38685280723454163,0.022222222222222223,True,1.0,0.38685280723454163,0.02,True,1.0,0.38685280723454163,0.01818181818181818,True,1.0,0.38685280723454163,0.016666666666666666,True,1.0,0.38685280723454163,['65aa662f-9473-5c74-b996-74e7f545f09c'],chunker-generic-sliding-window,1,1,1,1,1,1,1,1,1,1,1,1,5,0.2,5
Q-044,Q-044,en,facts_specifications,RAX120,22,False,5635.327,deterministic,passthrough,False,none,0.0,False,0.0,0.0,0.0,False,0.0,0.0,0.0,False,0.0,0.0,0.0,False,0.0,0.0,0.0,False,0.0,0.0,0.0,False,0.0,0.0,0.0,False,0.0,0.0,0.0,False,0.0,0.0,0.0,False,0.0,0.0,0.0,False,0.0,0.0,0.0,False,0.0,0.0,0.0,False,0.0,0.0,['89d399fa-1c1b-5d37-b35a-194ce673ec69'],chunker-generic-sliding-window,0,0,0,0,0,0,0,0,0,0,0,0,,0.0,
Q-045,Q-045,en,facts_specifications,RAX120,24,False,5072.242,deterministic,passthrough,False,none,0.2,True,1.0,1.0,0.1,True,1.0,1.0,0.06666666666666667,True,1.0,1.0,0.05,True,1.0,1.0,0.04,True,1.0,1.0,0.03333333333333333,True,1.0,1.0,0.02857142857142857,True,1.0,1.0,0.025,True,1.0,1.0,0.022222222222222223,True,1.0,1.0,0.02,True,1.0,1.0,0.01818181818181818,True,1.0,1.0,0.016666666666666666,True,1.0,1.0,['6af6a140-458c-5188-b116-2f8430c69437'],chunker-generic-sliding-window,1,1,1,1,1,1,1,1,1,1,1,1,1,1.0,5
Q-046,Q-046,en,setup_configuration,RAX120,21,False,5700.002,deterministic,passthrough,False,none,0.2,True,1.0,0.6309297535714575,0.1,True,1.0,0.6309297535714575,0.06666666666666667,True,1.0,0.6309297535714575,0.05,True,1.0,0.6309297535714575,0.04,True,1.0,0.6309297535714575,0.03333333333333333,True,1.0,0.6309297535714575,0.02857142857142857,True,1.0,0.6309297535714575,0.025,True,1.0,0.6309297535714575,0.022222222222222223,True,1.0,0.6309297535714575,0.02,True,1.0,0.6309297535714575,0.01818181818181818,True,1.0,0.6309297535714575,0.016666666666666666,True,1.0,0.6309297535714575,['f02b327f-e424-5fbd-884a-afa982cfba97'],chunker-generic-sliding-window,1,1,1,1,1,1,1,1,1,1,1,1,2,0.5,5
Q-047,Q-047,en,facts_specifications,RAX120,22,False,7273.775,deterministic,passthrough,False,none,0.0,False,0.0,0.0,0.0,False,0.0,0.0,0.0,False,0.0,0.0,0.0,False,0.0,0.0,0.0,False,0.0,0.0,0.0,False,0.0,0.0,0.0,False,0.0,0.0,0.0,False,0.0,0.0,0.0,False,0.0,0.0,0.0,False,0.0,0.0,0.0,False,0.0,0.0,0.0,False,0.0,0.0,['304579c0-2505-541b-9272-41a33abdc404'],chunker-generic-sliding-window,0,0,0,0,0,0,0,0,0,0,0,0,,0.0,
Q-048,Q-048,en,setup_configuration,RAX120,29,False,7786.887,deterministic,passthrough,False,none,0.0,False,0.0,0.0,0.1,True,1.0,0.3010299956639812,0.06666666666666667,True,1.0,0.3010299956639812,0.05,True,1.0,0.3010299956639812,0.04,True,1.0,0.3010299956639812,0.03333333333333333,True,1.0,0.3010299956639812,0.02857142857142857,True,1.0,0.3010299956639812,0.025,True,1.0,0.3010299956639812,0.022222222222222223,True,1.0,0.3010299956639812,0.02,True,1.0,0.3010299956639812,0.01818181818181818,True,1.0,0.3010299956639812,0.016666666666666666,True,1.0,0.3010299956639812,['ebd82415-b17d-5082-8472-3811a168faaf'],chunker-generic-sliding-window,0,1,1,1,1,1,1,1,1,1,1,1,9,0.1111111111111111,10
Q-049,Q-049,en,features_security_maintenance_limitations,RAX120,29,False,7058.356,deterministic,passthrough,False,none,0.0,False,0.0,0.0,0.0,False,0.0,0.0,0.0,False,0.0,0.0,0.0,False,0.0,0.0,0.0,False,0.0,0.0,0.0,False,0.0,0.0,0.0,False,0.0,0.0,0.0,False,0.0,0.0,0.0,False,0.0,0.0,0.0,False,0.0,0.0,0.0,False,0.0,0.0,0.0,False,0.0,0.0,['0f01b620-ac86-5a3e-bacb-6893a15e210e'],chunker-generic-sliding-window,0,0,0,0,0,0,0,0,0,0,0,0,,0.0,
Q-050,Q-050,en,facts_specifications,RAX120,34,False,5787.296,deterministic,passthrough,False,none,0.0,False,0.0,0.0,0.1,True,1.0,0.19342640361727081,0.06666666666666667,True,1.0,0.19342640361727081,0.1,True,1.0,0.3330217774820213,0.08,True,1.0,0.3330217774820213,0.06666666666666667,True,1.0,0.3330217774820213,0.05714285714285714,True,1.0,0.3330217774820213,0.05,True,1.0,0.3330217774820213,0.044444444444444446,True,1.0,0.3330217774820213,0.04,True,1.0,0.3330217774820213,0.03636363636363636,True,1.0,0.3330217774820213,0.03333333333333333,True,1.0,0.3330217774820213,['bb9735df-2bc3-50f1-9fb8-2235613d714e'],chunker-generic-sliding-window,0,1,1,2,2,2,2,2,2,2,2,2,8,0.125,10
Q-051,Q-051,en,setup_configuration,RAX120,33,False,6131.185,deterministic,passthrough,False,none,0.0,False,0.0,0.0,0.0,False,0.0,0.0,0.0,False,0.0,0.0,0.0,False,0.0,0.0,0.0,False,0.0,0.0,0.0,False,0.0,0.0,0.0,False,0.0,0.0,0.0,False,0.0,0.0,0.0,False,0.0,0.0,0.0,False,0.0,0.0,0.0,False,0.0,0.0,0.0,False,0.0,0.0,['9d1e53fd-0a2d-51bd-bb64-2521b239e8f3'],chunker-generic-sliding-window,0,0,0,0,0,0,0,0,0,0,0,0,,0.0,
Q-052,Q-052,en,features_security_maintenance_limitations,RAX120,44,False,5628.393,deterministic,passthrough,False,none,0.2,True,1.0,0.18154179253735267,0.3,True,1.0,0.4736200079773859,0.2,True,1.0,0.4736200079773859,0.15,True,1.0,0.4736200079773859,0.12,True,1.0,0.4736200079773859,0.1,True,1.0,0.4736200079773859,0.08571428571428572,True,1.0,0.4736200079773859,0.075,True,1.0,0.4736200079773859,0.06666666666666667,True,1.0,0.4736200079773859,0.06,True,1.0,0.4736200079773859,0.05454545454545454,True,1.0,0.4736200079773859,0.05,True,1.0,0.4736200079773859,['d7d2bc93-72bb-53d6-945c-0708fde2888b'],chunker-generic-sliding-window,1,3,3,3,3,3,3,3,3,3,3,3,5,0.2,5
Q-053,Q-053,en,facts_specifications,RAX120,22,False,6428.782,deterministic,passthrough,False,none,0.0,False,0.0,0.0,0.0,False,0.0,0.0,0.0,False,0.0,0.0,0.0,False,0.0,0.0,0.0,False,0.0,0.0,0.0,False,0.0,0.0,0.0,False,0.0,0.0,0.0,False,0.0,0.0,0.0,False,0.0,0.0,0.0,False,0.0,0.0,0.0,False,0.0,0.0,0.0,False,0.0,0.0,['cf516841-9648-5ad0-aaaa-b65b9c5d85aa'],chunker-generic-sliding-window,0,0,0,0,0,0,0,0,0,0,0,0,,0.0,
Q-054,Q-054,en,troubleshooting_diagnostics,RAX120,22,False,5954.937,deterministic,passthrough,False,none,0.0,False,0.0,0.0,0.0,False,0.0,0.0,0.0,False,0.0,0.0,0.0,False,0.0,0.0,0.0,False,0.0,0.0,0.0,False,0.0,0.0,0.0,False,0.0,0.0,0.0,False,0.0,0.0,0.0,False,0.0,0.0,0.0,False,0.0,0.0,0.0,False,0.0,0.0,0.0,False,0.0,0.0,['48b55cf6-5b08-527e-bd26-f4183bca41e2'],chunker-generic-sliding-window,0,0,0,0,0,0,0,0,0,0,0,0,,0.0,
Q-055,Q-055,en,facts_specifications,RAX120,31,False,5936.269,deterministic,passthrough,False,none,0.0,False,0.0,0.0,0.1,True,1.0,0.3562071871080222,0.06666666666666667,True,1.0,0.3562071871080222,0.05,True,1.0,0.3562071871080222,0.04,True,1.0,0.3562071871080222,0.03333333333333333,True,1.0,0.3562071871080222,0.02857142857142857,True,1.0,0.3562071871080222,0.025,True,1.0,0.3562071871080222,0.022222222222222223,True,1.0,0.3562071871080222,0.02,True,1.0,0.3562071871080222,0.01818181818181818,True,1.0,0.3562071871080222,0.016666666666666666,True,1.0,0.3562071871080222,['7059c14f-c840-5863-9050-2518f69aa8d5'],chunker-generic-sliding-window,0,1,1,1,1,1,1,1,1,1,1,1,6,0.16666666666666666,10
Q-056,Q-056,en,troubleshooting_diagnostics,RAX50,22,False,5757.959,deterministic,passthrough,False,none,0.2,True,1.0,0.5,0.1,True,1.0,0.5,0.06666666666666667,True,1.0,0.5,0.05,True,1.0,0.5,0.04,True,1.0,0.5,0.03333333333333333,True,1.0,0.5,0.02857142857142857,True,1.0,0.5,0.025,True,1.0,0.5,0.022222222222222223,True,1.0,0.5,0.02,True,1.0,0.5,0.01818181818181818,True,1.0,0.5,0.016666666666666666,True,1.0,0.5,['f42f57b0-65cd-5982-935c-289c54636287'],chunker-generic-sliding-window,1,1,1,1,1,1,1,1,1,1,1,1,3,0.3333333333333333,5
Q-057,Q-057,en,setup_configuration,RAX50,25,False,6957.103,deterministic,passthrough,False,none,0.0,False,0.0,0.0,0.0,False,0.0,0.0,0.0,False,0.0,0.0,0.0,False,0.0,0.0,0.0,False,0.0,0.0,0.0,False,0.0,0.0,0.0,False,0.0,0.0,0.0,False,0.0,0.0,0.0,False,0.0,0.0,0.0,False,0.0,0.0,0.0,False,0.0,0.0,0.0,False,0.0,0.0,['e00425b6-15d6-5234-b2e5-d0f194e4e777'],chunker-generic-sliding-window,0,0,0,0,0,0,0,0,0,0,0,0,,0.0,
Q-058,Q-058,en,facts_specifications,RAX50,30,False,5733.754,deterministic,passthrough,False,none,0.0,False,0.0,0.0,0.0,False,0.0,0.0,0.0,False,0.0,0.0,0.0,False,0.0,0.0,0.0,False,0.0,0.0,0.0,False,0.0,0.0,0.0,False,0.0,0.0,0.0,False,0.0,0.0,0.0,False,0.0,0.0,0.0,False,0.0,0.0,0.0,False,0.0,0.0,0.0,False,0.0,0.0,['e87e22a2-a89c-58a7-9ff2-ff82463e19a7'],chunker-generic-sliding-window,0,0,0,0,0,0,0,0,0,0,0,0,,0.0,
Q-059,Q-059,en,troubleshooting_diagnostics,RAX50,36,False,5762.687,deterministic,passthrough,False,none,0.0,False,0.0,0.0,0.0,False,0.0,0.0,0.0,False,0.0,0.0,0.0,False,0.0,0.0,0.0,False,0.0,0.0,0.03333333333333333,True,1.0,0.12754356661958802,0.05714285714285714,True,1.0,0.24806477962853962,0.05,True,1.0,0.24806477962853962,0.044444444444444446,True,1.0,0.24806477962853962,0.04,True,1.0,0.24806477962853962,0.03636363636363636,True,1.0,0.24806477962853962,0.03333333333333333,True,1.0,0.24806477962853962,['03914fcb-62c9-5345-8ab2-2475379fe1be'],chunker-generic-sliding-window,0,0,0,0,0,1,2,2,2,2,2,2,27,0.037037037037037035,30
Q-060,Q-060,en,features_security_maintenance_limitations,RAX50,22,False,5694.47,deterministic,passthrough,False,none,0.0,False,0.0,0.0,0.0,False,0.0,0.0,0.0,False,0.0,0.0,0.0,False,0.0,0.0,0.0,False,0.0,0.0,0.0,False,0.0,0.0,0.0,False,0.0,0.0,0.0,False,0.0,0.0,0.0,False,0.0,0.0,0.0,False,0.0,0.0,0.0,False,0.0,0.0,0.0,False,0.0,0.0,['d2849132-6a3d-520c-8f2c-bd5e904e522d'],chunker-generic-sliding-window,0,0,0,0,0,0,0,0,0,0,0,0,,0.0,
Q-061,Q-061,en,troubleshooting_diagnostics,RAX50,28,False,5838.541,deterministic,passthrough,False,none,0.0,False,0.0,0.0,0.0,False,0.0,0.0,0.0,False,0.0,0.0,0.0,False,0.0,0.0,0.0,False,0.0,0.0,0.0,False,0.0,0.0,0.0,False,0.0,0.0,0.0,False,0.0,0.0,0.0,False,0.0,0.0,0.0,False,0.0,0.0,0.0,False,0.0,0.0,0.0,False,0.0,0.0,['93ffa849-c75e-5120-be9a-d99bb0eed70b'],chunker-generic-sliding-window,0,0,0,0,0,0,0,0,0,0,0,0,,0.0,
Q-062,Q-062,en,troubleshooting_diagnostics,RAX50,36,False,5548.561,deterministic,passthrough,False,none,0.0,False,0.0,0.0,0.0,False,0.0,0.0,0.06666666666666667,True,1.0,0.11731968150568911,0.1,True,1.0,0.22985857030115672,0.08,True,1.0,0.22985857030115672,0.1,True,1.0,0.3274753956929253,0.08571428571428572,True,1.0,0.3274753956929253,0.075,True,1.0,0.3274753956929253,0.06666666666666667,True,1.0,0.3274753956929253,0.06,True,1.0,0.3274753956929253,0.05454545454545454,True,1.0,0.3274753956929253,0.05,True,1.0,0.3274753956929253,['03a4fccb-bb0c-56ec-b67b-eee79c190813'],chunker-generic-sliding-window,0,0,1,2,2,3,3,3,3,3,3,3,15,0.06666666666666667,15
Q-063,Q-063,en,facts_specifications,RAX50,30,False,5932.111,deterministic,passthrough,False,none,0.0,False,0.0,0.0,0.1,True,1.0,0.3562071871080222,0.06666666666666667,True,1.0,0.3562071871080222,0.05,True,1.0,0.3562071871080222,0.04,True,1.0,0.3562071871080222,0.03333333333333333,True,1.0,0.3562071871080222,0.02857142857142857,True,1.0,0.3562071871080222,0.025,True,1.0,0.3562071871080222,0.022222222222222223,True,1.0,0.3562071871080222,0.02,True,1.0,0.3562071871080222,0.01818181818181818,True,1.0,0.3562071871080222,0.016666666666666666,True,1.0,0.3562071871080222,['a13c3553-78f9-5ede-9cd9-390daad977b6'],chunker-generic-sliding-window,0,1,1,1,1,1,1,1,1,1,1,1,6,0.16666666666666666,10
Q-064,Q-064,en,features_security_maintenance_limitations,RAX50,36,False,5856.963,deterministic,passthrough,False,none,0.2,True,1.0,0.38685280723454163,0.2,True,1.0,0.5912352048230277,0.13333333333333333,True,1.0,0.5912352048230277,0.1,True,1.0,0.5912352048230277,0.08,True,1.0,0.5912352048230277,0.06666666666666667,True,1.0,0.5912352048230277,0.05714285714285714,True,1.0,0.5912352048230277,0.05,True,1.0,0.5912352048230277,0.044444444444444446,True,1.0,0.5912352048230277,0.04,True,1.0,0.5912352048230277,0.03636363636363636,True,1.0,0.5912352048230277,0.03333333333333333,True,1.0,0.5912352048230277,['01143d51-a727-543c-b607-948530c2902c'],chunker-generic-sliding-window,1,2,2,2,2,2,2,2,2,2,2,2,2,0.5,5
Q-065,Q-065,en,troubleshooting_diagnostics,RAX50,21,False,6522.452,deterministic,passthrough,False,none,0.0,False,0.0,0.0,0.0,False,0.0,0.0,0.0,False,0.0,0.0,0.0,False,0.0,0.0,0.0,False,0.0,0.0,0.0,False,0.0,0.0,0.0,False,0.0,0.0,0.0,False,0.0,0.0,0.0,False,0.0,0.0,0.0,False,0.0,0.0,0.0,False,0.0,0.0,0.0,False,0.0,0.0,['af31b6ec-73a8-5529-8fa5-da1f467d1bef'],chunker-generic-sliding-window,0,0,0,0,0,0,0,0,0,0,0,0,,0.0,
Q-066,Q-066,en,troubleshooting_diagnostics,RAX50,29,False,6446.254,deterministic,passthrough,False,none,0.0,False,0.0,0.0,0.0,False,0.0,0.0,0.0,False,0.0,0.0,0.05,True,1.0,0.23981246656813146,0.04,True,1.0,0.23981246656813146,0.03333333333333333,True,1.0,0.23981246656813146,0.02857142857142857,True,1.0,0.23981246656813146,0.025,True,1.0,0.23981246656813146,0.022222222222222223,True,1.0,0.23981246656813146,0.02,True,1.0,0.23981246656813146,0.01818181818181818,True,1.0,0.23981246656813146,0.016666666666666666,True,1.0,0.23981246656813146,['d6a2438e-ce2e-5744-b23d-64355bb7f3b2'],chunker-generic-sliding-window,0,0,0,1,1,1,1,1,1,1,1,1,17,0.058823529411764705,20
Q-067,Q-067,en,setup_configuration,RAXE500,23,False,6942.984,deterministic,passthrough,False,none,0.2,True,1.0,1.0,0.1,True,1.0,1.0,0.06666666666666667,True,1.0,1.0,0.05,True,1.0,1.0,0.04,True,1.0,1.0,0.03333333333333333,True,1.0,1.0,0.02857142857142857,True,1.0,1.0,0.025,True,1.0,1.0,0.022222222222222223,True,1.0,1.0,0.02,True,1.0,1.0,0.01818181818181818,True,1.0,1.0,0.016666666666666666,True,1.0,1.0,['a3662689-f8b9-5c28-8c0a-b2185487bec9'],chunker-generic-sliding-window,1,1,1,1,1,1,1,1,1,1,1,1,1,1.0,5
Q-068,Q-068,en,troubleshooting_diagnostics,RAXE500,27,False,7163.929,deterministic,passthrough,False,none,0.0,False,0.0,0.0,0.0,False,0.0,0.0,0.0,False,0.0,0.0,0.0,False,0.0,0.0,0.0,False,0.0,0.0,0.0,False,0.0,0.0,0.0,False,0.0,0.0,0.0,False,0.0,0.0,0.0,False,0.0,0.0,0.0,False,0.0,0.0,0.0,False,0.0,0.0,0.0,False,0.0,0.0,['feb09c00-0fd2-5b2c-ae97-969bd349df0e'],chunker-generic-sliding-window,0,0,0,0,0,0,0,0,0,0,0,0,,0.0,
Q-069,Q-069,en,facts_specifications,RAXE500,25,False,5522.066,deterministic,passthrough,False,none,0.0,False,0.0,0.0,0.1,True,1.0,0.3333333333333333,0.06666666666666667,True,1.0,0.3333333333333333,0.05,True,1.0,0.3333333333333333,0.04,True,1.0,0.3333333333333333,0.03333333333333333,True,1.0,0.3333333333333333,0.02857142857142857,True,1.0,0.3333333333333333,0.025,True,1.0,0.3333333333333333,0.022222222222222223,True,1.0,0.3333333333333333,0.02,True,1.0,0.3333333333333333,0.01818181818181818,True,1.0,0.3333333333333333,0.016666666666666666,True,1.0,0.3333333333333333,['eae4f314-abe4-5229-ac3e-d9cc4c571b27'],chunker-generic-sliding-window,0,1,1,1,1,1,1,1,1,1,1,1,7,0.14285714285714285,10
Q-070,Q-070,en,setup_configuration,RAXE500,23,False,6447.923,deterministic,passthrough,False,none,0.0,False,0.0,0.0,0.0,False,0.0,0.0,0.0,False,0.0,0.0,0.0,False,0.0,0.0,0.0,False,0.0,0.0,0.0,False,0.0,0.0,0.0,False,0.0,0.0,0.0,False,0.0,0.0,0.0,False,0.0,0.0,0.0,False,0.0,0.0,0.0,False,0.0,0.0,0.0,False,0.0,0.0,['8dba79ed-9bf8-5cb2-833b-a493317e765e'],chunker-generic-sliding-window,0,0,0,0,0,0,0,0,0,0,0,0,,0.0,
Q-071,Q-071,en,features_security_maintenance_limitations,RAXE500,25,False,6277.508,deterministic,passthrough,False,none,0.0,False,0.0,0.0,0.0,False,0.0,0.0,0.0,False,0.0,0.0,0.0,False,0.0,0.0,0.0,False,0.0,0.0,0.0,False,0.0,0.0,0.0,False,0.0,0.0,0.0,False,0.0,0.0,0.0,False,0.0,0.0,0.0,False,0.0,0.0,0.0,False,0.0,0.0,0.0,False,0.0,0.0,['33088b55-3bd9-50bd-8652-c3cd7fd2d88f'],chunker-generic-sliding-window,0,0,0,0,0,0,0,0,0,0,0,0,,0.0,
Q-072,Q-072,en,facts_specifications,RAXE500,25,False,6058.912,deterministic,passthrough,False,none,0.0,False,0.0,0.0,0.0,False,0.0,0.0,0.0,False,0.0,0.0,0.0,False,0.0,0.0,0.0,False,0.0,0.0,0.0,False,0.0,0.0,0.0,False,0.0,0.0,0.0,False,0.0,0.0,0.0,False,0.0,0.0,0.0,False,0.0,0.0,0.0,False,0.0,0.0,0.0,False,0.0,0.0,['09ef238c-cabe-5ea4-9616-24e57ee8f002'],chunker-generic-sliding-window,0,0,0,0,0,0,0,0,0,0,0,0,,0.0,
Q-073,Q-073,en,facts_specifications,RAXE500,25,False,7086.552,deterministic,passthrough,False,none,0.0,False,0.0,0.0,0.1,True,1.0,0.17723928678404774,0.06666666666666667,True,1.0,0.17723928678404774,0.1,True,1.0,0.3242796274504579,0.08,True,1.0,0.3242796274504579,0.06666666666666667,True,1.0,0.3242796274504579,0.05714285714285714,True,1.0,0.3242796274504579,0.05,True,1.0,0.3242796274504579,0.044444444444444446,True,1.0,0.3242796274504579,0.04,True,1.0,0.3242796274504579,0.03636363636363636,True,1.0,0.3242796274504579,0.03333333333333333,True,1.0,0.3242796274504579,['04f1b52b-9f18-591e-ac0a-b16ee4a34dad'],chunker-generic-sliding-window,0,1,1,2,2,2,2,2,2,2,2,2,10,0.1,10
Q-074,Q-074,en,setup_configuration,RAXE500,26,False,6370.006,deterministic,passthrough,False,none,0.0,False,0.0,0.0,0.1,True,1.0,0.21840743681816419,0.06666666666666667,True,1.0,0.21840743681816419,0.1,True,1.0,0.3654477774845743,0.08,True,1.0,0.3654477774845743,0.06666666666666667,True,1.0,0.3654477774845743,0.05714285714285714,True,1.0,0.3654477774845743,0.05,True,1.0,0.3654477774845743,0.044444444444444446,True,1.0,0.3654477774845743,0.04,True,1.0,0.3654477774845743,0.03636363636363636,True,1.0,0.3654477774845743,0.03333333333333333,True,1.0,0.3654477774845743,['8533530e-9001-5a31-a453-6077909ff031'],chunker-generic-sliding-window,0,1,1,2,2,2,2,2,2,2,2,2,6,0.16666666666666666,10
Q-075,Q-075,en,features_security_maintenance_limitations,RAXE500,33,False,6326.776,deterministic,passthrough,False,none,0.0,False,0.0,0.0,0.1,True,1.0,0.3562071871080222,0.06666666666666667,True,1.0,0.3562071871080222,0.05,True,1.0,0.3562071871080222,0.04,True,1.0,0.3562071871080222,0.03333333333333333,True,1.0,0.3562071871080222,0.02857142857142857,True,1.0,0.3562071871080222,0.025,True,1.0,0.3562071871080222,0.022222222222222223,True,1.0,0.3562071871080222,0.02,True,1.0,0.3562071871080222,0.01818181818181818,True,1.0,0.3562071871080222,0.016666666666666666,True,1.0,0.3562071871080222,['b2cee766-ed4f-59bb-8d66-703a2aecba75'],chunker-generic-sliding-window,0,1,1,1,1,1,1,1,1,1,1,1,6,0.16666666666666666,10
Q-076,Q-076,en,features_security_maintenance_limitations,RAXE500,44,False,6316.293,deterministic,passthrough,False,none,0.2,True,1.0,0.38685280723454163,0.1,True,1.0,0.38685280723454163,0.06666666666666667,True,1.0,0.38685280723454163,0.05,True,1.0,0.38685280723454163,0.04,True,1.0,0.38685280723454163,0.03333333333333333,True,1.0,0.38685280723454163,0.02857142857142857,True,1.0,0.38685280723454163,0.025,True,1.0,0.38685280723454163,0.022222222222222223,True,1.0,0.38685280723454163,0.02,True,1.0,0.38685280723454163,0.01818181818181818,True,1.0,0.38685280723454163,0.016666666666666666,True,1.0,0.38685280723454163,['0fc19ad4-a3f3-5128-a97a-000311ce8919'],chunker-generic-sliding-window,1,1,1,1,1,1,1,1,1,1,1,1,5,0.2,5
Q-077,Q-077,en,troubleshooting_diagnostics,RAXE500,28,False,5791.678,deterministic,passthrough,False,none,0.0,False,0.0,0.0,0.0,False,0.0,0.0,0.0,False,0.0,0.0,0.05,True,1.0,0.24465054211822604,0.04,True,1.0,0.24465054211822604,0.03333333333333333,True,1.0,0.24465054211822604,0.02857142857142857,True,1.0,0.24465054211822604,0.025,True,1.0,0.24465054211822604,0.022222222222222223,True,1.0,0.24465054211822604,0.02,True,1.0,0.24465054211822604,0.01818181818181818,True,1.0,0.24465054211822604,0.016666666666666666,True,1.0,0.24465054211822604,['494eba00-b9d1-5fec-898e-b212c6f28baf'],chunker-generic-sliding-window,0,0,0,1,1,1,1,1,1,1,1,1,16,0.0625,20
Q-078,Q-078,en,facts_specifications,RBK852,23,False,5831.656,deterministic,passthrough,False,none,0.4,True,1.0,0.5307212739772434,0.2,True,1.0,0.5307212739772434,0.2,True,1.0,0.657538290809637,0.15,True,1.0,0.657538290809637,0.12,True,1.0,0.657538290809637,0.1,True,1.0,0.657538290809637,0.08571428571428572,True,1.0,0.657538290809637,0.075,True,1.0,0.657538290809637,0.06666666666666667,True,1.0,0.657538290809637,0.06,True,1.0,0.657538290809637,0.05454545454545454,True,1.0,0.657538290809637,0.05,True,1.0,0.657538290809637,['fd0ce992-9b7f-58e2-9140-f25a95a0b95b'],chunker-generic-sliding-window,2,2,3,3,3,3,3,3,3,3,3,3,2,0.5,5
Q-079,Q-079,en,facts_specifications,RBK852,23,False,6242.489,deterministic,passthrough,False,none,0.2,True,1.0,0.43067655807339306,0.1,True,1.0,0.43067655807339306,0.06666666666666667,True,1.0,0.43067655807339306,0.05,True,1.0,0.43067655807339306,0.04,True,1.0,0.43067655807339306,0.03333333333333333,True,1.0,0.43067655807339306,0.02857142857142857,True,1.0,0.43067655807339306,0.025,True,1.0,0.43067655807339306,0.022222222222222223,True,1.0,0.43067655807339306,0.02,True,1.0,0.43067655807339306,0.01818181818181818,True,1.0,0.43067655807339306,0.016666666666666666,True,1.0,0.43067655807339306,['bafbe93c-5d33-537b-82ee-2c89ca1550eb'],chunker-generic-sliding-window,1,1,1,1,1,1,1,1,1,1,1,1,4,0.25,5
Q-080,Q-080,en,setup_configuration,RBK852,39,False,6240.63,deterministic,passthrough,False,none,0.2,True,1.0,0.38685280723454163,0.1,True,1.0,0.38685280723454163,0.06666666666666667,True,1.0,0.38685280723454163,0.05,True,1.0,0.38685280723454163,0.04,True,1.0,0.38685280723454163,0.03333333333333333,True,1.0,0.38685280723454163,0.02857142857142857,True,1.0,0.38685280723454163,0.025,True,1.0,0.38685280723454163,0.022222222222222223,True,1.0,0.38685280723454163,0.02,True,1.0,0.38685280723454163,0.01818181818181818,True,1.0,0.38685280723454163,0.016666666666666666,True,1.0,0.38685280723454163,['acfcfc10-9010-5a5e-9f6c-e4bbbf310479'],chunker-generic-sliding-window,1,1,1,1,1,1,1,1,1,1,1,1,5,0.2,5
Q-081,Q-081,en,features_security_maintenance_limitations,RBK852,27,False,5704.221,deterministic,passthrough,False,none,0.0,False,0.0,0.0,0.2,True,1.0,0.29769321486741446,0.13333333333333333,True,1.0,0.29769321486741446,0.15,True,1.0,0.4081656098265119,0.12,True,1.0,0.4081656098265119,0.1,True,1.0,0.4081656098265119,0.08571428571428572,True,1.0,0.4081656098265119,0.075,True,1.0,0.4081656098265119,0.06666666666666667,True,1.0,0.4081656098265119,0.06,True,1.0,0.4081656098265119,0.05454545454545454,True,1.0,0.4081656098265119,0.05,True,1.0,0.4081656098265119,['aee81160-3f45-597d-97ea-c7a1ad45d30a'],chunker-generic-sliding-window,0,2,2,3,3,3,3,3,3,3,3,3,7,0.14285714285714285,10
Q-082,Q-082,en,setup_configuration,RBK852,25,False,6056.818,deterministic,passthrough,False,none,0.4,True,1.0,1.0,0.2,True,1.0,1.0,0.13333333333333333,True,1.0,1.0,0.1,True,1.0,1.0,0.08,True,1.0,1.0,0.06666666666666667,True,1.0,1.0,0.05714285714285714,True,1.0,1.0,0.05,True,1.0,1.0,0.044444444444444446,True,1.0,1.0,0.04,True,1.0,1.0,0.03636363636363636,True,1.0,1.0,0.03333333333333333,True,1.0,1.0,['a6546993-1d1a-5eb2-b616-d7c4995490a6'],chunker-generic-sliding-window,2,2,2,2,2,2,2,2,2,2,2,2,1,1.0,5
Q-083,Q-083,en,features_security_maintenance_limitations,RBK852,29,False,7654.131,deterministic,passthrough,False,none,0.0,False,0.0,0.0,0.0,False,0.0,0.0,0.0,False,0.0,0.0,0.0,False,0.0,0.0,0.0,False,0.0,0.0,0.0,False,0.0,0.0,0.0,False,0.0,0.0,0.0,False,0.0,0.0,0.0,False,0.0,0.0,0.0,False,0.0,0.0,0.0,False,0.0,0.0,0.0,False,0.0,0.0,['83b0f8da-6afa-5070-9d44-c12b3b247e8b'],chunker-generic-sliding-window,0,0,0,0,0,0,0,0,0,0,0,0,,0.0,
Q-084,Q-084,en,facts_specifications,RBK852,23,False,6991.524,deterministic,passthrough,False,none,0.0,False,0.0,0.0,0.2,True,1.0,0.2836929289153804,0.13333333333333333,True,1.0,0.2836929289153804,0.15,True,1.0,0.3905337331771706,0.12,True,1.0,0.3905337331771706,0.1,True,1.0,0.3905337331771706,0.08571428571428572,True,1.0,0.3905337331771706,0.075,True,1.0,0.3905337331771706,0.06666666666666667,True,1.0,0.3905337331771706,0.06,True,1.0,0.3905337331771706,0.05454545454545454,True,1.0,0.3905337331771706,0.05,True,1.0,0.3905337331771706,['0121bbc3-46f8-588c-b9d6-e7e69974a9fe'],chunker-generic-sliding-window,0,2,2,3,3,3,3,3,3,3,3,3,8,0.125,10
Q-085,Q-085,en,features_security_maintenance_limitations,RBK852,30,False,8423.68,deterministic,passthrough,False,none,0.4,True,1.0,0.5706417189553201,0.2,True,1.0,0.5706417189553201,0.13333333333333333,True,1.0,0.5706417189553201,0.1,True,1.0,0.5706417189553201,0.08,True,1.0,0.5706417189553201,0.06666666666666667,True,1.0,0.5706417189553201,0.05714285714285714,True,1.0,0.5706417189553201,0.05,True,1.0,0.5706417189553201,0.044444444444444446,True,1.0,0.5706417189553201,0.04,True,1.0,0.5706417189553201,0.03636363636363636,True,1.0,0.5706417189553201,0.03333333333333333,True,1.0,0.5706417189553201,['e8fbf22f-7fac-51cc-8b76-ef68177b1407'],chunker-generic-sliding-window,2,2,2,2,2,2,2,2,2,2,2,2,3,0.3333333333333333,5
Q-086,Q-086,en,features_security_maintenance_limitations,RBK852,25,False,7815.679,deterministic,passthrough,False,none,0.0,False,0.0,0.0,0.0,False,0.0,0.0,0.0,False,0.0,0.0,0.0,False,0.0,0.0,0.0,False,0.0,0.0,0.0,False,0.0,0.0,0.0,False,0.0,0.0,0.0,False,0.0,0.0,0.0,False,0.0,0.0,0.0,False,0.0,0.0,0.0,False,0.0,0.0,0.0,False,0.0,0.0,['64c7ce15-7a5a-580d-adbe-160bed89ad0b'],chunker-generic-sliding-window,0,0,0,0,0,0,0,0,0,0,0,0,,0.0,
Q-087,Q-087,en,troubleshooting_diagnostics,RBK852,25,False,5587.045,deterministic,passthrough,False,none,0.0,False,0.0,0.0,0.1,True,1.0,0.3562071871080222,0.06666666666666667,True,1.0,0.3562071871080222,0.05,True,1.0,0.3562071871080222,0.04,True,1.0,0.3562071871080222,0.03333333333333333,True,1.0,0.3562071871080222,0.02857142857142857,True,1.0,0.3562071871080222,0.025,True,1.0,0.3562071871080222,0.022222222222222223,True,1.0,0.3562071871080222,0.02,True,1.0,0.3562071871080222,0.01818181818181818,True,1.0,0.3562071871080222,0.016666666666666666,True,1.0,0.3562071871080222,['594cc248-162e-5180-b1f6-243ea1c30a9e'],chunker-generic-sliding-window,0,1,1,1,1,1,1,1,1,1,1,1,6,0.16666666666666666,10
Q-088,Q-088,en,troubleshooting_diagnostics,RBK852,33,False,6052.743,deterministic,passthrough,False,none,0.2,True,1.0,0.3065735963827292,0.1,True,1.0,0.3065735963827292,0.13333333333333333,True,1.0,0.4722693621479587,0.1,True,1.0,0.4722693621479587,0.08,True,1.0,0.4722693621479587,0.06666666666666667,True,1.0,0.4722693621479587,0.05714285714285714,True,1.0,0.4722693621479587,0.05,True,1.0,0.4722693621479587,0.044444444444444446,True,1.0,0.4722693621479587,0.04,True,1.0,0.4722693621479587,0.03636363636363636,True,1.0,0.4722693621479587,0.03333333333333333,True,1.0,0.4722693621479587,['8989f72f-c45f-5a19-b2ce-b190765e7b28'],chunker-generic-sliding-window,1,1,2,2,2,2,2,2,2,2,2,2,3,0.3333333333333333,5
Q-089,Q-089,en,facts_specifications,XR500,21,False,5817.717,deterministic,passthrough,False,none,0.0,False,0.0,0.0,0.2,True,1.0,0.3889580943680543,0.13333333333333333,True,1.0,0.3889580943680543,0.1,True,1.0,0.3889580943680543,0.08,True,1.0,0.3889580943680543,0.06666666666666667,True,1.0,0.3889580943680543,0.05714285714285714,True,1.0,0.3889580943680543,0.05,True,1.0,0.3889580943680543,0.044444444444444446,True,1.0,0.3889580943680543,0.04,True,1.0,0.3889580943680543,0.03636363636363636,True,1.0,0.3889580943680543,0.03333333333333333,True,1.0,0.3889580943680543,['3252b308-2ca3-5fec-b98f-6d89b53b5bb2'],chunker-generic-sliding-window,0,2,2,2,2,2,2,2,2,2,2,2,7,0.14285714285714285,10
Q-090,Q-090,en,setup_configuration,XR500,25,False,6162.647,deterministic,passthrough,False,none,0.0,False,0.0,0.0,0.0,False,0.0,0.0,0.06666666666666667,True,1.0,0.27894294565112987,0.05,True,1.0,0.27894294565112987,0.04,True,1.0,0.27894294565112987,0.03333333333333333,True,1.0,0.27894294565112987,0.02857142857142857,True,1.0,0.27894294565112987,0.025,True,1.0,0.27894294565112987,0.022222222222222223,True,1.0,0.27894294565112987,0.02,True,1.0,0.27894294565112987,0.01818181818181818,True,1.0,0.27894294565112987,0.016666666666666666,True,1.0,0.27894294565112987,['cb248990-463a-5428-8ee2-082f71f0484e'],chunker-generic-sliding-window,0,0,1,1,1,1,1,1,1,1,1,1,11,0.09090909090909091,15
Q-091,Q-091,en,features_security_maintenance_limitations,XR500,23,False,5602.973,deterministic,passthrough,False,none,0.0,False,0.0,0.0,0.0,False,0.0,0.0,0.06666666666666667,True,1.0,0.2559580248098155,0.05,True,1.0,0.2559580248098155,0.04,True,1.0,0.2559580248098155,0.03333333333333333,True,1.0,0.2559580248098155,0.02857142857142857,True,1.0,0.2559580248098155,0.025,True,1.0,0.2559580248098155,0.022222222222222223,True,1.0,0.2559580248098155,0.02,True,1.0,0.2559580248098155,0.01818181818181818,True,1.0,0.2559580248098155,0.016666666666666666,True,1.0,0.2559580248098155,['44b909e7-8fcd-5a49-bae0-e2be984df636'],chunker-generic-sliding-window,0,0,1,1,1,1,1,1,1,1,1,1,14,0.07142857142857142,15
Q-092,Q-092,en,features_security_maintenance_limitations,XR500,25,False,6161.798,deterministic,passthrough,False,none,0.2,True,1.0,1.0,0.1,True,1.0,1.0,0.06666666666666667,True,1.0,1.0,0.05,True,1.0,1.0,0.04,True,1.0,1.0,0.03333333333333333,True,1.0,1.0,0.02857142857142857,True,1.0,1.0,0.025,True,1.0,1.0,0.022222222222222223,True,1.0,1.0,0.02,True,1.0,1.0,0.01818181818181818,True,1.0,1.0,0.016666666666666666,True,1.0,1.0,['d9934c94-0789-5258-8d3c-3482e84637b0'],chunker-generic-sliding-window,1,1,1,1,1,1,1,1,1,1,1,1,1,1.0,5
Q-093,Q-093,en,features_security_maintenance_limitations,XR500,33,False,6130.672,deterministic,passthrough,False,none,0.0,False,0.0,0.0,0.2,True,1.0,0.39780880120575696,0.13333333333333333,True,1.0,0.39780880120575696,0.1,True,1.0,0.39780880120575696,0.08,True,1.0,0.39780880120575696,0.06666666666666667,True,1.0,0.39780880120575696,0.05714285714285714,True,1.0,0.39780880120575696,0.05,True,1.0,0.39780880120575696,0.044444444444444446,True,1.0,0.39780880120575696,0.04,True,1.0,0.39780880120575696,0.03636363636363636,True,1.0,0.39780880120575696,0.03333333333333333,True,1.0,0.39780880120575696,['e3bace6b-5d07-5dcc-8041-f1933c6cd04f'],chunker-generic-sliding-window,0,2,2,2,2,2,2,2,2,2,2,2,7,0.14285714285714285,10
Q-094,Q-094,en,features_security_maintenance_limitations,XR500,24,False,5826.915,deterministic,passthrough,False,none,0.0,False,0.0,0.0,0.2,True,1.0,0.25190132085971084,0.2,True,1.0,0.35182222738084623,0.15,True,1.0,0.35182222738084623,0.16,True,1.0,0.4393625426893234,0.13333333333333333,True,1.0,0.4393625426893234,0.11428571428571428,True,1.0,0.4393625426893234,0.1,True,1.0,0.4393625426893234,0.08888888888888889,True,1.0,0.4393625426893234,0.08,True,1.0,0.4393625426893234,0.07272727272727272,True,1.0,0.4393625426893234,0.06666666666666667,True,1.0,0.4393625426893234,['e8550a88-ca9e-5dc2-8bb3-4dd7ff222c8d'],chunker-generic-sliding-window,0,2,3,3,4,4,4,4,4,4,4,4,6,0.16666666666666666,10
Q-095,Q-095,en,features_security_maintenance_limitations,XR500,25,False,6097.541,deterministic,passthrough,False,none,0.8,True,1.0,0.9828920819566879,0.4,True,1.0,0.9828920819566879,0.26666666666666666,True,1.0,0.9828920819566879,0.2,True,1.0,0.9828920819566879,0.16,True,1.0,0.9828920819566879,0.13333333333333333,True,1.0,0.9828920819566879,0.11428571428571428,True,1.0,0.9828920819566879,0.1,True,1.0,0.9828920819566879,0.08888888888888889,True,1.0,0.9828920819566879,0.08,True,1.0,0.9828920819566879,0.07272727272727272,True,1.0,0.9828920819566879,0.06666666666666667,True,1.0,0.9828920819566879,['dee55ef8-729a-51e5-9b1c-29cce4910ea6'],chunker-generic-sliding-window,4,4,4,4,4,4,4,4,4,4,4,4,1,1.0,5
Q-096,Q-096,en,features_security_maintenance_limitations,XR500,34,False,5488.853,deterministic,passthrough,False,none,0.0,False,0.0,0.0,0.0,False,0.0,0.0,0.06666666666666667,True,1.0,0.27023815442731974,0.05,True,1.0,0.27023815442731974,0.04,True,1.0,0.27023815442731974,0.03333333333333333,True,1.0,0.27023815442731974,0.02857142857142857,True,1.0,0.27023815442731974,0.025,True,1.0,0.27023815442731974,0.022222222222222223,True,1.0,0.27023815442731974,0.02,True,1.0,0.27023815442731974,0.01818181818181818,True,1.0,0.27023815442731974,0.016666666666666666,True,1.0,0.27023815442731974,['1d4788df-374d-52e0-a31b-c406a91abfcc'],chunker-generic-sliding-window,0,0,1,1,1,1,1,1,1,1,1,1,12,0.08333333333333333,15
Q-097,Q-097,en,features_security_maintenance_limitations,XR500,30,False,5484.341,deterministic,passthrough,False,none,0.0,False,0.0,0.0,0.0,False,0.0,0.0,0.0,False,0.0,0.0,0.0,False,0.0,0.0,0.0,False,0.0,0.0,0.0,False,0.0,0.0,0.0,False,0.0,0.0,0.0,False,0.0,0.0,0.0,False,0.0,0.0,0.0,False,0.0,0.0,0.0,False,0.0,0.0,0.0,False,0.0,0.0,['9c7f8f5e-dadb-5ed0-b8be-baa2f11349a8'],chunker-generic-sliding-window,0,0,0,0,0,0,0,0,0,0,0,0,,0.0,
Q-098,Q-098,en,features_security_maintenance_limitations,XR500,34,False,5443.26,deterministic,passthrough,False,none,0.2,True,1.0,0.23463936301137822,0.2,True,1.0,0.37590633587120725,0.13333333333333333,True,1.0,0.37590633587120725,0.1,True,1.0,0.37590633587120725,0.12,True,1.0,0.4782580401542728,0.1,True,1.0,0.4782580401542728,0.08571428571428572,True,1.0,0.4782580401542728,0.075,True,1.0,0.4782580401542728,0.06666666666666667,True,1.0,0.4782580401542728,0.06,True,1.0,0.4782580401542728,0.05454545454545454,True,1.0,0.4782580401542728,0.05,True,1.0,0.4782580401542728,['65a39d84-6b18-50df-b32a-a7d46fbe2cfc'],chunker-generic-sliding-window,1,2,2,2,3,3,3,3,3,3,3,3,3,0.3333333333333333,5
Q-099,Q-099,en,features_security_maintenance_limitations,XR500,25,False,5424.845,deterministic,passthrough,False,none,0.2,True,1.0,0.2960819109658652,0.1,True,1.0,0.2960819109658652,0.2,True,1.0,0.5461547669909823,0.15,True,1.0,0.5461547669909823,0.12,True,1.0,0.5461547669909823,0.1,True,1.0,0.5461547669909823,0.08571428571428572,True,1.0,0.5461547669909823,0.075,True,1.0,0.5461547669909823,0.06666666666666667,True,1.0,0.5461547669909823,0.06,True,1.0,0.5461547669909823,0.05454545454545454,True,1.0,0.5461547669909823,0.05,True,1.0,0.5461547669909823,['36995834-66ad-5975-9724-aa9f228f5502'],chunker-generic-sliding-window,1,1,3,3,3,3,3,3,3,3,3,3,2,0.5,5
Q-100,Q-100,en,features_security_maintenance_limitations,XR500,24,False,6801.863,deterministic,passthrough,False,none,0.0,False,0.0,0.0,0.0,False,0.0,0.0,0.0,False,0.0,0.0,0.0,False,0.0,0.0,0.0,False,0.0,0.0,0.0,False,0.0,0.0,0.0,False,0.0,0.0,0.0,False,0.0,0.0,0.0,False,0.0,0.0,0.0,False,0.0,0.0,0.0,False,0.0,0.0,0.0,False,0.0,0.0,['75118c37-2376-50c5-b907-2ae6d10da16e'],chunker-generic-sliding-window,0,0,0,0,0,0,0,0,0,0,0,0,,0.0,
Q-101,Q-001,id,facts_specifications,CM2000,37,False,6022.296,deterministic,passthrough,False,none,0.2,True,1.0,0.6309297535714575,0.1,True,1.0,0.6309297535714575,0.06666666666666667,True,1.0,0.6309297535714575,0.05,True,1.0,0.6309297535714575,0.04,True,1.0,0.6309297535714575,0.03333333333333333,True,1.0,0.6309297535714575,0.02857142857142857,True,1.0,0.6309297535714575,0.025,True,1.0,0.6309297535714575,0.022222222222222223,True,1.0,0.6309297535714575,0.02,True,1.0,0.6309297535714575,0.01818181818181818,True,1.0,0.6309297535714575,0.016666666666666666,True,1.0,0.6309297535714575,['724d26e2-ed75-5043-b025-de4c01da0714'],chunker-generic-sliding-window,1,1,1,1,1,1,1,1,1,1,1,1,2,0.5,5
Q-102,Q-002,id,facts_specifications,CM2000,22,False,6012.417,deterministic,passthrough,False,none,0.0,False,0.0,0.0,0.0,False,0.0,0.0,0.0,False,0.0,0.0,0.0,False,0.0,0.0,0.0,False,0.0,0.0,0.0,False,0.0,0.0,0.0,False,0.0,0.0,0.0,False,0.0,0.0,0.0,False,0.0,0.0,0.0,False,0.0,0.0,0.0,False,0.0,0.0,0.0,False,0.0,0.0,['b9899548-cfa5-5bb4-8284-7d82e663abd1'],chunker-generic-sliding-window,0,0,0,0,0,0,0,0,0,0,0,0,,0.0,
Q-103,Q-003,id,setup_configuration,CM2000,22,False,6114.318,deterministic,passthrough,False,none,0.0,False,0.0,0.0,0.1,True,1.0,0.31546487678572877,0.06666666666666667,True,1.0,0.31546487678572877,0.05,True,1.0,0.31546487678572877,0.04,True,1.0,0.31546487678572877,0.03333333333333333,True,1.0,0.31546487678572877,0.02857142857142857,True,1.0,0.31546487678572877,0.025,True,1.0,0.31546487678572877,0.022222222222222223,True,1.0,0.31546487678572877,0.02,True,1.0,0.31546487678572877,0.01818181818181818,True,1.0,0.31546487678572877,0.016666666666666666,True,1.0,0.31546487678572877,['8fd1b794-0507-59d3-88fa-2209736ef6da'],chunker-generic-sliding-window,0,1,1,1,1,1,1,1,1,1,1,1,8,0.125,10
Q-104,Q-004,id,setup_configuration,CM2000,19,False,5503.267,deterministic,passthrough,False,none,0.0,False,0.0,0.0,0.0,False,0.0,0.0,0.0,False,0.0,0.0,0.0,False,0.0,0.0,0.0,False,0.0,0.0,0.0,False,0.0,0.0,0.0,False,0.0,0.0,0.0,False,0.0,0.0,0.0,False,0.0,0.0,0.0,False,0.0,0.0,0.0,False,0.0,0.0,0.0,False,0.0,0.0,['0de5a970-8b6a-5e57-ba98-6f57671a841c'],chunker-generic-sliding-window,0,0,0,0,0,0,0,0,0,0,0,0,,0.0,
Q-105,Q-005,id,facts_specifications,CM2000,13,False,6311.812,deterministic,passthrough,False,none,0.0,False,0.0,0.0,0.0,False,0.0,0.0,0.0,False,0.0,0.0,0.0,False,0.0,0.0,0.0,False,0.0,0.0,0.0,False,0.0,0.0,0.0,False,0.0,0.0,0.0,False,0.0,0.0,0.0,False,0.0,0.0,0.0,False,0.0,0.0,0.0,False,0.0,0.0,0.0,False,0.0,0.0,['eb2ebf98-481f-54be-b4a3-56ea1bdf5749'],chunker-generic-sliding-window,0,0,0,0,0,0,0,0,0,0,0,0,,0.0,
Q-106,Q-006,id,troubleshooting_diagnostics,CM2000,14,False,6310.072,deterministic,passthrough,False,none,0.2,True,1.0,0.6131471927654584,0.2,True,1.0,0.8065735963827293,0.13333333333333333,True,1.0,0.8065735963827293,0.1,True,1.0,0.8065735963827293,0.08,True,1.0,0.8065735963827293,0.06666666666666667,True,1.0,0.8065735963827293,0.05714285714285714,True,1.0,0.8065735963827293,0.05,True,1.0,0.8065735963827293,0.044444444444444446,True,1.0,0.8065735963827293,0.04,True,1.0,0.8065735963827293,0.03636363636363636,True,1.0,0.8065735963827293,0.03333333333333333,True,1.0,0.8065735963827293,['62f9a09d-d5a8-5805-8b92-4d0be62383ce'],chunker-generic-sliding-window,1,2,2,2,2,2,2,2,2,2,2,2,1,1.0,5
Q-107,Q-007,id,troubleshooting_diagnostics,CM2000,13,False,4643.628,deterministic,passthrough,False,none,0.2,True,1.0,0.6131471927654584,0.2,True,1.0,0.7977228895450266,0.13333333333333333,True,1.0,0.7977228895450266,0.1,True,1.0,0.7977228895450266,0.08,True,1.0,0.7977228895450266,0.06666666666666667,True,1.0,0.7977228895450266,0.05714285714285714,True,1.0,0.7977228895450266,0.05,True,1.0,0.7977228895450266,0.044444444444444446,True,1.0,0.7977228895450266,0.04,True,1.0,0.7977228895450266,0.03636363636363636,True,1.0,0.7977228895450266,0.03333333333333333,True,1.0,0.7977228895450266,['c5c4c17f-c329-5b9c-837f-7d33e641682f'],chunker-generic-sliding-window,1,2,2,2,2,2,2,2,2,2,2,2,1,1.0,5
Q-108,Q-008,id,troubleshooting_diagnostics,CM2000,14,False,4967.345,deterministic,passthrough,False,none,0.0,False,0.0,0.0,0.0,False,0.0,0.0,0.0,False,0.0,0.0,0.0,False,0.0,0.0,0.0,False,0.0,0.0,0.0,False,0.0,0.0,0.0,False,0.0,0.0,0.0,False,0.0,0.0,0.0,False,0.0,0.0,0.0,False,0.0,0.0,0.0,False,0.0,0.0,0.0,False,0.0,0.0,['85bd9c8e-a264-5649-acbc-73648b7ce861'],chunker-generic-sliding-window,0,0,0,0,0,0,0,0,0,0,0,0,,0.0,
Q-109,Q-009,id,facts_specifications,CM2000,21,False,4810.052,deterministic,passthrough,False,none,0.0,False,0.0,0.0,0.0,False,0.0,0.0,0.0,False,0.0,0.0,0.05,True,1.0,0.23540891336663824,0.04,True,1.0,0.23540891336663824,0.03333333333333333,True,1.0,0.23540891336663824,0.02857142857142857,True,1.0,0.23540891336663824,0.025,True,1.0,0.23540891336663824,0.022222222222222223,True,1.0,0.23540891336663824,0.02,True,1.0,0.23540891336663824,0.01818181818181818,True,1.0,0.23540891336663824,0.016666666666666666,True,1.0,0.23540891336663824,['88695618-cf2a-5bf0-9a58-da1167d8f0c6'],chunker-generic-sliding-window,0,0,0,1,1,1,1,1,1,1,1,1,18,0.05555555555555555,20
Q-110,Q-010,id,setup_configuration,LM1200,43,False,4802.277,deterministic,passthrough,False,none,0.2,True,1.0,0.38685280723454163,0.1,True,1.0,0.38685280723454163,0.06666666666666667,True,1.0,0.38685280723454163,0.05,True,1.0,0.38685280723454163,0.08,True,1.0,0.5223980255208656,0.06666666666666667,True,1.0,0.5223980255208656,0.05714285714285714,True,1.0,0.5223980255208656,0.05,True,1.0,0.5223980255208656,0.044444444444444446,True,1.0,0.5223980255208656,0.04,True,1.0,0.5223980255208656,0.03636363636363636,True,1.0,0.5223980255208656,0.03333333333333333,True,1.0,0.5223980255208656,['37f50132-32d9-5fb0-a62d-366e401ac417'],chunker-generic-sliding-window,1,1,1,1,2,2,2,2,2,2,2,2,2,0.5,5
Q-111,Q-011,id,setup_configuration,LM1200,21,False,5892.124,deterministic,passthrough,False,none,0.0,False,0.0,0.0,0.0,False,0.0,0.0,0.0,False,0.0,0.0,0.0,False,0.0,0.0,0.0,False,0.0,0.0,0.0,False,0.0,0.0,0.0,False,0.0,0.0,0.0,False,0.0,0.0,0.0,False,0.0,0.0,0.0,False,0.0,0.0,0.0,False,0.0,0.0,0.0,False,0.0,0.0,['36789817-932f-55f7-9c50-bb45d2df0cbe'],chunker-generic-sliding-window,0,0,0,0,0,0,0,0,0,0,0,0,,0.0,
Q-112,Q-012,id,setup_configuration,LM1200,16,False,4972.184,deterministic,passthrough,False,none,0.0,False,0.0,0.0,0.0,False,0.0,0.0,0.0,False,0.0,0.0,0.0,False,0.0,0.0,0.0,False,0.0,0.0,0.0,False,0.0,0.0,0.0,False,0.0,0.0,0.0,False,0.0,0.0,0.0,False,0.0,0.0,0.0,False,0.0,0.0,0.0,False,0.0,0.0,0.0,False,0.0,0.0,['fa675707-eec3-5dae-b80f-46a21238adcf'],chunker-generic-sliding-window,0,0,0,0,0,0,0,0,0,0,0,0,,0.0,
Q-113,Q-013,id,setup_configuration,LM1200,17,False,5807.979,deterministic,passthrough,False,none,0.0,False,0.0,0.0,0.2,True,1.0,0.3706656904013186,0.13333333333333333,True,1.0,0.3706656904013186,0.1,True,1.0,0.3706656904013186,0.08,True,1.0,0.3706656904013186,0.06666666666666667,True,1.0,0.3706656904013186,0.05714285714285714,True,1.0,0.3706656904013186,0.05,True,1.0,0.3706656904013186,0.044444444444444446,True,1.0,0.3706656904013186,0.04,True,1.0,0.3706656904013186,0.03636363636363636,True,1.0,0.3706656904013186,0.03333333333333333,True,1.0,0.3706656904013186,['cf1f57e0-473a-57f3-8d91-a52b0070e80b'],chunker-generic-sliding-window,0,2,2,2,2,2,2,2,2,2,2,2,8,0.125,10
Q-114,Q-014,id,troubleshooting_diagnostics,LM1200,22,False,5802.064,deterministic,passthrough,False,none,0.0,False,0.0,0.0,0.0,False,0.0,0.0,0.0,False,0.0,0.0,0.0,False,0.0,0.0,0.0,False,0.0,0.0,0.0,False,0.0,0.0,0.0,False,0.0,0.0,0.0,False,0.0,0.0,0.0,False,0.0,0.0,0.0,False,0.0,0.0,0.0,False,0.0,0.0,0.0,False,0.0,0.0,['72dd6f50-8da8-5970-b90b-3a0719762e64'],chunker-generic-sliding-window,0,0,0,0,0,0,0,0,0,0,0,0,,0.0,
Q-115,Q-015,id,features_security_maintenance_limitations,LM1200,41,False,6509.493,deterministic,passthrough,False,none,0.2,True,1.0,0.21398626473452756,0.2,True,1.0,0.31608365985743925,0.3333333333333333,True,1.0,0.5891548107283628,0.25,True,1.0,0.5891548107283628,0.2,True,1.0,0.5891548107283628,0.16666666666666666,True,1.0,0.5891548107283628,0.14285714285714285,True,1.0,0.5891548107283628,0.125,True,1.0,0.5891548107283628,0.1111111111111111,True,1.0,0.5891548107283628,0.1,True,1.0,0.5891548107283628,0.09090909090909091,True,1.0,0.5891548107283628,0.08333333333333333,True,1.0,0.5891548107283628,['eb06abbc-3f74-5ddc-bfd6-17572beb2155'],chunker-generic-sliding-window,1,2,5,5,5,5,5,5,5,5,5,5,2,0.5,5
Q-116,Q-016,id,facts_specifications,LM1200,29,False,5720.053,deterministic,passthrough,False,none,0.0,False,0.0,0.0,0.1,True,1.0,0.15642624200758548,0.2,True,1.0,0.4064990980327025,0.15,True,1.0,0.4064990980327025,0.12,True,1.0,0.4064990980327025,0.1,True,1.0,0.4064990980327025,0.08571428571428572,True,1.0,0.4064990980327025,0.075,True,1.0,0.4064990980327025,0.06666666666666667,True,1.0,0.4064990980327025,0.06,True,1.0,0.4064990980327025,0.05454545454545454,True,1.0,0.4064990980327025,0.05,True,1.0,0.4064990980327025,['7e1a62c7-f256-5d08-a456-a62949c30491'],chunker-generic-sliding-window,0,1,3,3,3,3,3,3,3,3,3,3,7,0.14285714285714285,10
Q-117,Q-017,id,facts_specifications,LM1200,15,False,5274.055,deterministic,passthrough,False,none,0.0,False,0.0,0.0,0.0,False,0.0,0.0,0.0,False,0.0,0.0,0.0,False,0.0,0.0,0.0,False,0.0,0.0,0.0,False,0.0,0.0,0.0,False,0.0,0.0,0.0,False,0.0,0.0,0.0,False,0.0,0.0,0.0,False,0.0,0.0,0.0,False,0.0,0.0,0.0,False,0.0,0.0,['43434cb0-0be2-5d97-be19-dfb7256b7c44'],chunker-generic-sliding-window,0,0,0,0,0,0,0,0,0,0,0,0,,0.0,
Q-118,Q-018,id,troubleshooting_diagnostics,LM1200,14,False,5681.761,deterministic,passthrough,False,none,0.0,False,0.0,0.0,0.1,True,1.0,0.17723928678404774,0.13333333333333333,True,1.0,0.3382821118732559,0.1,True,1.0,0.3382821118732559,0.08,True,1.0,0.3382821118732559,0.06666666666666667,True,1.0,0.3382821118732559,0.05714285714285714,True,1.0,0.3382821118732559,0.05,True,1.0,0.3382821118732559,0.044444444444444446,True,1.0,0.3382821118732559,0.04,True,1.0,0.3382821118732559,0.03636363636363636,True,1.0,0.3382821118732559,0.03333333333333333,True,1.0,0.3382821118732559,['82ef2627-a58c-55ae-ab74-3f865a33e979'],chunker-generic-sliding-window,0,1,2,2,2,2,2,2,2,2,2,2,10,0.1,10
Q-119,Q-019,id,troubleshooting_diagnostics,LM1200,24,False,6312.591,deterministic,passthrough,False,none,0.0,False,0.0,0.0,0.0,False,0.0,0.0,0.0,False,0.0,0.0,0.0,False,0.0,0.0,0.0,False,0.0,0.0,0.0,False,0.0,0.0,0.0,False,0.0,0.0,0.0,False,0.0,0.0,0.0,False,0.0,0.0,0.0,False,0.0,0.0,0.0,False,0.0,0.0,0.0,False,0.0,0.0,['6f442d4b-b8ba-5fe7-b4e9-9e90463dc194'],chunker-generic-sliding-window,0,0,0,0,0,0,0,0,0,0,0,0,,0.0,
Q-120,Q-020,id,troubleshooting_diagnostics,R6350,22,False,6077.814,deterministic,passthrough,False,none,0.0,False,0.0,0.0,0.0,False,0.0,0.0,0.0,False,0.0,0.0,0.0,False,0.0,0.0,0.0,False,0.0,0.0,0.0,False,0.0,0.0,0.0,False,0.0,0.0,0.0,False,0.0,0.0,0.0,False,0.0,0.0,0.0,False,0.0,0.0,0.0,False,0.0,0.0,0.0,False,0.0,0.0,['1190a45f-877b-5cd2-a8d9-5ab1c390c374'],chunker-generic-sliding-window,0,0,0,0,0,0,0,0,0,0,0,0,,0.0,
Q-121,Q-021,id,troubleshooting_diagnostics,R6350,29,False,5853.084,deterministic,passthrough,False,none,0.2,True,1.0,0.2640681225725909,0.2,True,1.0,0.46845052016107697,0.13333333333333333,True,1.0,0.46845052016107697,0.1,True,1.0,0.46845052016107697,0.08,True,1.0,0.46845052016107697,0.06666666666666667,True,1.0,0.46845052016107697,0.05714285714285714,True,1.0,0.46845052016107697,0.05,True,1.0,0.46845052016107697,0.044444444444444446,True,1.0,0.46845052016107697,0.04,True,1.0,0.46845052016107697,0.03636363636363636,True,1.0,0.46845052016107697,0.03333333333333333,True,1.0,0.46845052016107697,['ad49e55f-a53b-5c41-8bf1-a36c022c9b3b'],chunker-generic-sliding-window,1,2,2,2,2,2,2,2,2,2,2,2,4,0.25,5
Q-122,Q-022,id,troubleshooting_diagnostics,R6350,12,False,5790.387,deterministic,passthrough,False,none,0.0,False,0.0,0.0,0.1,True,1.0,0.3333333333333333,0.06666666666666667,True,1.0,0.3333333333333333,0.05,True,1.0,0.3333333333333333,0.04,True,1.0,0.3333333333333333,0.03333333333333333,True,1.0,0.3333333333333333,0.02857142857142857,True,1.0,0.3333333333333333,0.025,True,1.0,0.3333333333333333,0.022222222222222223,True,1.0,0.3333333333333333,0.02,True,1.0,0.3333333333333333,0.01818181818181818,True,1.0,0.3333333333333333,0.016666666666666666,True,1.0,0.3333333333333333,['d4e1d4fc-7655-51fc-8d81-af75a4b11734'],chunker-generic-sliding-window,0,1,1,1,1,1,1,1,1,1,1,1,7,0.14285714285714285,10
Q-123,Q-023,id,troubleshooting_diagnostics,R6350,21,False,6356.167,deterministic,passthrough,False,none,0.0,False,0.0,0.0,0.1,True,1.0,0.20438239758848611,0.13333333333333333,True,1.0,0.3576691957798507,0.1,True,1.0,0.3576691957798507,0.08,True,1.0,0.3576691957798507,0.06666666666666667,True,1.0,0.3576691957798507,0.05714285714285714,True,1.0,0.3576691957798507,0.05,True,1.0,0.3576691957798507,0.044444444444444446,True,1.0,0.3576691957798507,0.04,True,1.0,0.3576691957798507,0.03636363636363636,True,1.0,0.3576691957798507,0.03333333333333333,True,1.0,0.3576691957798507,['31b5dd16-326a-5e79-817f-c2585e0248a2'],chunker-generic-sliding-window,0,1,2,2,2,2,2,2,2,2,2,2,7,0.14285714285714285,10
Q-124,Q-024,id,setup_configuration,R6350,37,False,6480.001,deterministic,passthrough,False,none,0.0,False,0.0,0.0,0.0,False,0.0,0.0,0.0,False,0.0,0.0,0.0,False,0.0,0.0,0.0,False,0.0,0.0,0.0,False,0.0,0.0,0.0,False,0.0,0.0,0.0,False,0.0,0.0,0.0,False,0.0,0.0,0.0,False,0.0,0.0,0.0,False,0.0,0.0,0.0,False,0.0,0.0,['0528f0b9-15e5-5482-9a68-0f02d2d61d68'],chunker-generic-sliding-window,0,0,0,0,0,0,0,0,0,0,0,0,,0.0,
Q-125,Q-025,id,setup_configuration,R6350,38,False,5659.481,deterministic,passthrough,False,none,0.0,False,0.0,0.0,0.1,True,1.0,0.3010299956639812,0.06666666666666667,True,1.0,0.3010299956639812,0.05,True,1.0,0.3010299956639812,0.04,True,1.0,0.3010299956639812,0.03333333333333333,True,1.0,0.3010299956639812,0.02857142857142857,True,1.0,0.3010299956639812,0.025,True,1.0,0.3010299956639812,0.022222222222222223,True,1.0,0.3010299956639812,0.02,True,1.0,0.3010299956639812,0.01818181818181818,True,1.0,0.3010299956639812,0.016666666666666666,True,1.0,0.3010299956639812,['12d6aaad-d982-5f95-8b7d-63ba7706aba5'],chunker-generic-sliding-window,0,1,1,1,1,1,1,1,1,1,1,1,9,0.1111111111111111,10
Q-126,Q-026,id,facts_specifications,R6350,22,False,5903.996,deterministic,passthrough,False,none,0.4,True,1.0,0.7039180890341347,0.3,True,1.0,0.8710785440003369,0.2,True,1.0,0.8710785440003369,0.15,True,1.0,0.8710785440003369,0.12,True,1.0,0.8710785440003369,0.1,True,1.0,0.8710785440003369,0.08571428571428572,True,1.0,0.8710785440003369,0.075,True,1.0,0.8710785440003369,0.06666666666666667,True,1.0,0.8710785440003369,0.06,True,1.0,0.8710785440003369,0.05454545454545454,True,1.0,0.8710785440003369,0.05,True,1.0,0.8710785440003369,['3fbed70d-f242-5a78-90cc-f0f2674fe5f7'],chunker-generic-sliding-window,2,3,3,3,3,3,3,3,3,3,3,3,1,1.0,5
Q-127,Q-027,id,setup_configuration,R6350,37,False,4809.712,deterministic,passthrough,False,none,0.0,False,0.0,0.0,0.1,True,1.0,0.20438239758848611,0.06666666666666667,True,1.0,0.20438239758848611,0.05,True,1.0,0.20438239758848611,0.04,True,1.0,0.20438239758848611,0.03333333333333333,True,1.0,0.20438239758848611,0.05714285714285714,True,1.0,0.3259326131857239,0.05,True,1.0,0.3259326131857239,0.044444444444444446,True,1.0,0.3259326131857239,0.04,True,1.0,0.3259326131857239,0.03636363636363636,True,1.0,0.3259326131857239,0.03333333333333333,True,1.0,0.3259326131857239,['92de127d-5c3f-5d2a-a801-234fc3e5b014'],chunker-generic-sliding-window,0,1,1,1,1,1,2,2,2,2,2,2,7,0.14285714285714285,10
Q-128,Q-028,id,troubleshooting_diagnostics,R6350,11,False,4599.245,deterministic,passthrough,False,none,0.2,True,1.0,0.6309297535714575,0.1,True,1.0,0.6309297535714575,0.06666666666666667,True,1.0,0.6309297535714575,0.05,True,1.0,0.6309297535714575,0.04,True,1.0,0.6309297535714575,0.03333333333333333,True,1.0,0.6309297535714575,0.02857142857142857,True,1.0,0.6309297535714575,0.025,True,1.0,0.6309297535714575,0.022222222222222223,True,1.0,0.6309297535714575,0.02,True,1.0,0.6309297535714575,0.01818181818181818,True,1.0,0.6309297535714575,0.016666666666666666,True,1.0,0.6309297535714575,['2a3ade55-f893-5d78-8ead-3ff6b3d197c7'],chunker-generic-sliding-window,1,1,1,1,1,1,1,1,1,1,1,1,2,0.5,5
Q-129,Q-029,id,features_security_maintenance_limitations,R6350,12,False,5718.638,deterministic,passthrough,False,none,0.0,False,0.0,0.0,0.1,True,1.0,0.3333333333333333,0.06666666666666667,True,1.0,0.3333333333333333,0.05,True,1.0,0.3333333333333333,0.04,True,1.0,0.3333333333333333,0.03333333333333333,True,1.0,0.3333333333333333,0.02857142857142857,True,1.0,0.3333333333333333,0.025,True,1.0,0.3333333333333333,0.022222222222222223,True,1.0,0.3333333333333333,0.02,True,1.0,0.3333333333333333,0.01818181818181818,True,1.0,0.3333333333333333,0.016666666666666666,True,1.0,0.3333333333333333,['5a7fc3bd-5bd0-57b2-944d-5a981598dcf7'],chunker-generic-sliding-window,0,1,1,1,1,1,1,1,1,1,1,1,7,0.14285714285714285,10
Q-130,Q-030,id,setup_configuration,R6350,32,False,5285.121,deterministic,passthrough,False,none,0.2,True,1.0,0.2960819109658652,0.1,True,1.0,0.2960819109658652,0.06666666666666667,True,1.0,0.2960819109658652,0.05,True,1.0,0.2960819109658652,0.12,True,1.0,0.5008765588245218,0.1,True,1.0,0.5008765588245218,0.08571428571428572,True,1.0,0.5008765588245218,0.075,True,1.0,0.5008765588245218,0.06666666666666667,True,1.0,0.5008765588245218,0.06,True,1.0,0.5008765588245218,0.05454545454545454,True,1.0,0.5008765588245218,0.05,True,1.0,0.5008765588245218,['006d8e6b-77f6-54fa-826b-6d417979808f'],chunker-generic-sliding-window,1,1,1,1,3,3,3,3,3,3,3,3,2,0.5,5
Q-131,Q-031,id,troubleshooting_diagnostics,R6350,23,False,5875.549,deterministic,passthrough,False,none,0.0,False,0.0,0.0,0.0,False,0.0,0.0,0.0,False,0.0,0.0,0.0,False,0.0,0.0,0.0,False,0.0,0.0,0.0,False,0.0,0.0,0.0,False,0.0,0.0,0.0,False,0.0,0.0,0.0,False,0.0,0.0,0.0,False,0.0,0.0,0.0,False,0.0,0.0,0.0,False,0.0,0.0,['818e0932-f3ff-5602-b5b9-5f1d94d353ed'],chunker-generic-sliding-window,0,0,0,0,0,0,0,0,0,0,0,0,,0.0,
Q-132,Q-032,id,facts_specifications,R7000,13,False,5777.7,deterministic,passthrough,False,none,0.0,False,0.0,0.0,0.0,False,0.0,0.0,0.0,False,0.0,0.0,0.0,False,0.0,0.0,0.0,False,0.0,0.0,0.0,False,0.0,0.0,0.0,False,0.0,0.0,0.0,False,0.0,0.0,0.0,False,0.0,0.0,0.0,False,0.0,0.0,0.0,False,0.0,0.0,0.0,False,0.0,0.0,['cf6a9c70-f40a-521b-8ee5-c0a7ff8c1279'],chunker-generic-sliding-window,0,0,0,0,0,0,0,0,0,0,0,0,,0.0,
Q-133,Q-033,id,setup_configuration,R7000,27,False,5117.711,deterministic,passthrough,False,none,0.2,True,1.0,0.6131471927654584,0.2,True,1.0,0.7903864795495061,0.13333333333333333,True,1.0,0.7903864795495061,0.1,True,1.0,0.7903864795495061,0.08,True,1.0,0.7903864795495061,0.06666666666666667,True,1.0,0.7903864795495061,0.05714285714285714,True,1.0,0.7903864795495061,0.05,True,1.0,0.7903864795495061,0.044444444444444446,True,1.0,0.7903864795495061,0.04,True,1.0,0.7903864795495061,0.03636363636363636,True,1.0,0.7903864795495061,0.03333333333333333,True,1.0,0.7903864795495061,['9213a4bb-497e-56d3-be43-8791bb53a54e'],chunker-generic-sliding-window,1,2,2,2,2,2,2,2,2,2,2,2,1,1.0,5
Q-134,Q-034,id,setup_configuration,R7000,11,False,5352.964,deterministic,passthrough,False,none,0.0,False,0.0,0.0,0.0,False,0.0,0.0,0.0,False,0.0,0.0,0.0,False,0.0,0.0,0.0,False,0.0,0.0,0.0,False,0.0,0.0,0.0,False,0.0,0.0,0.0,False,0.0,0.0,0.0,False,0.0,0.0,0.0,False,0.0,0.0,0.0,False,0.0,0.0,0.0,False,0.0,0.0,['8aecb252-6293-553d-8e28-ef7b756f0c82'],chunker-generic-sliding-window,0,0,0,0,0,0,0,0,0,0,0,0,,0.0,
Q-135,Q-035,id,facts_specifications,R7000,32,False,5136.254,deterministic,passthrough,False,none,0.0,False,0.0,0.0,0.2,True,1.0,0.2188505885308512,0.13333333333333333,True,1.0,0.2188505885308512,0.1,True,1.0,0.2188505885308512,0.12,True,1.0,0.2928228849717208,0.13333333333333333,True,1.0,0.36415163988323,0.14285714285714285,True,1.0,0.43198368093795325,0.125,True,1.0,0.43198368093795325,0.1111111111111111,True,1.0,0.43198368093795325,0.1,True,1.0,0.43198368093795325,0.09090909090909091,True,1.0,0.43198368093795325,0.08333333333333333,True,1.0,0.43198368093795325,['54a5ae0e-dabe-533f-8906-cd65b27661ec'],chunker-generic-sliding-window,0,2,2,2,3,4,5,5,5,5,5,5,6,0.16666666666666666,10
Q-136,Q-036,id,facts_specifications,R7000,22,False,5259.084,deterministic,passthrough,False,none,0.0,False,0.0,0.0,0.0,False,0.0,0.0,0.0,False,0.0,0.0,0.0,False,0.0,0.0,0.0,False,0.0,0.0,0.0,False,0.0,0.0,0.0,False,0.0,0.0,0.0,False,0.0,0.0,0.0,False,0.0,0.0,0.0,False,0.0,0.0,0.0,False,0.0,0.0,0.0,False,0.0,0.0,['537310b8-39d1-57ca-81f0-ddddc2ad9916'],chunker-generic-sliding-window,0,0,0,0,0,0,0,0,0,0,0,0,,0.0,
Q-137,Q-037,id,features_security_maintenance_limitations,R7000,12,False,5008.484,deterministic,passthrough,False,none,0.0,False,0.0,0.0,0.0,False,0.0,0.0,0.0,False,0.0,0.0,0.0,False,0.0,0.0,0.0,False,0.0,0.0,0.0,False,0.0,0.0,0.0,False,0.0,0.0,0.0,False,0.0,0.0,0.0,False,0.0,0.0,0.0,False,0.0,0.0,0.0,False,0.0,0.0,0.0,False,0.0,0.0,['79d677ad-2fef-50d3-92dd-c07a6df0f14e'],chunker-generic-sliding-window,0,0,0,0,0,0,0,0,0,0,0,0,,0.0,
Q-138,Q-038,id,setup_configuration,R7000,12,False,4315.715,deterministic,passthrough,False,none,0.2,True,1.0,1.0,0.1,True,1.0,1.0,0.06666666666666667,True,1.0,1.0,0.05,True,1.0,1.0,0.04,True,1.0,1.0,0.03333333333333333,True,1.0,1.0,0.02857142857142857,True,1.0,1.0,0.025,True,1.0,1.0,0.022222222222222223,True,1.0,1.0,0.02,True,1.0,1.0,0.01818181818181818,True,1.0,1.0,0.016666666666666666,True,1.0,1.0,['d4980606-c8d1-5aca-adbe-96e35254c9e1'],chunker-generic-sliding-window,1,1,1,1,1,1,1,1,1,1,1,1,1,1.0,5
Q-139,Q-039,id,features_security_maintenance_limitations,R7000,32,False,5416.33,deterministic,passthrough,False,none,0.0,False,0.0,0.0,0.0,False,0.0,0.0,0.0,False,0.0,0.0,0.05,True,1.0,0.227670248696953,0.04,True,1.0,0.227670248696953,0.03333333333333333,True,1.0,0.227670248696953,0.02857142857142857,True,1.0,0.227670248696953,0.025,True,1.0,0.227670248696953,0.022222222222222223,True,1.0,0.227670248696953,0.02,True,1.0,0.227670248696953,0.01818181818181818,True,1.0,0.227670248696953,0.016666666666666666,True,1.0,0.227670248696953,['af255485-98d7-59f8-94db-806fd6280e64'],chunker-generic-sliding-window,0,0,0,1,1,1,1,1,1,1,1,1,20,0.05,20
Q-140,Q-040,id,setup_configuration,R7000,12,False,8093.684,deterministic,passthrough,False,none,0.2,True,1.0,0.2640681225725909,0.2,True,1.0,0.48247555939075504,0.13333333333333333,True,1.0,0.48247555939075504,0.1,True,1.0,0.48247555939075504,0.08,True,1.0,0.48247555939075504,0.06666666666666667,True,1.0,0.48247555939075504,0.05714285714285714,True,1.0,0.48247555939075504,0.05,True,1.0,0.48247555939075504,0.044444444444444446,True,1.0,0.48247555939075504,0.04,True,1.0,0.48247555939075504,0.03636363636363636,True,1.0,0.48247555939075504,0.03333333333333333,True,1.0,0.48247555939075504,['89cf7641-ad76-514d-a38e-ff036b200250'],chunker-generic-sliding-window,1,2,2,2,2,2,2,2,2,2,2,2,4,0.25,5
Q-141,Q-041,id,setup_configuration,R7000,18,False,8897.973,deterministic,passthrough,False,none,0.0,False,0.0,0.0,0.0,False,0.0,0.0,0.0,False,0.0,0.0,0.0,False,0.0,0.0,0.0,False,0.0,0.0,0.0,False,0.0,0.0,0.0,False,0.0,0.0,0.0,False,0.0,0.0,0.0,False,0.0,0.0,0.0,False,0.0,0.0,0.0,False,0.0,0.0,0.0,False,0.0,0.0,['0cff8f5c-96b8-5d33-9c11-37f93f8300fb'],chunker-generic-sliding-window,0,0,0,0,0,0,0,0,0,0,0,0,,0.0,
Q-142,Q-042,id,troubleshooting_diagnostics,R7000,32,False,6085.126,deterministic,passthrough,False,none,0.0,False,0.0,0.0,0.0,False,0.0,0.0,0.0,False,0.0,0.0,0.0,False,0.0,0.0,0.04,True,1.0,0.21274605355336318,0.03333333333333333,True,1.0,0.21274605355336318,0.02857142857142857,True,1.0,0.21274605355336318,0.025,True,1.0,0.21274605355336318,0.022222222222222223,True,1.0,0.21274605355336318,0.02,True,1.0,0.21274605355336318,0.01818181818181818,True,1.0,0.21274605355336318,0.016666666666666666,True,1.0,0.21274605355336318,['f2289449-f54e-5af6-8243-762118ef305b'],chunker-generic-sliding-window,0,0,0,0,1,1,1,1,1,1,1,1,25,0.04,25
Q-143,Q-043,id,troubleshooting_diagnostics,R7000,23,False,5342.948,deterministic,passthrough,False,none,0.0,False,0.0,0.0,0.0,False,0.0,0.0,0.0,False,0.0,0.0,0.0,False,0.0,0.0,0.0,False,0.0,0.0,0.0,False,0.0,0.0,0.0,False,0.0,0.0,0.0,False,0.0,0.0,0.0,False,0.0,0.0,0.0,False,0.0,0.0,0.0,False,0.0,0.0,0.0,False,0.0,0.0,['65aa662f-9473-5c74-b996-74e7f545f09c'],chunker-generic-sliding-window,0,0,0,0,0,0,0,0,0,0,0,0,,0.0,
Q-144,Q-044,id,facts_specifications,RAX120,11,False,6187.002,deterministic,passthrough,False,none,0.0,False,0.0,0.0,0.0,False,0.0,0.0,0.0,False,0.0,0.0,0.0,False,0.0,0.0,0.0,False,0.0,0.0,0.0,False,0.0,0.0,0.0,False,0.0,0.0,0.0,False,0.0,0.0,0.0,False,0.0,0.0,0.0,False,0.0,0.0,0.0,False,0.0,0.0,0.0,False,0.0,0.0,['89d399fa-1c1b-5d37-b35a-194ce673ec69'],chunker-generic-sliding-window,0,0,0,0,0,0,0,0,0,0,0,0,,0.0,
Q-145,Q-045,id,facts_specifications,RAX120,24,False,6567.503,deterministic,passthrough,False,none,0.2,True,1.0,0.38685280723454163,0.1,True,1.0,0.38685280723454163,0.06666666666666667,True,1.0,0.38685280723454163,0.05,True,1.0,0.38685280723454163,0.04,True,1.0,0.38685280723454163,0.03333333333333333,True,1.0,0.38685280723454163,0.02857142857142857,True,1.0,0.38685280723454163,0.025,True,1.0,0.38685280723454163,0.022222222222222223,True,1.0,0.38685280723454163,0.02,True,1.0,0.38685280723454163,0.01818181818181818,True,1.0,0.38685280723454163,0.016666666666666666,True,1.0,0.38685280723454163,['6af6a140-458c-5188-b116-2f8430c69437'],chunker-generic-sliding-window,1,1,1,1,1,1,1,1,1,1,1,1,5,0.2,5
Q-146,Q-046,id,setup_configuration,RAX120,18,False,6608.746,deterministic,passthrough,False,none,0.2,True,1.0,0.6309297535714575,0.1,True,1.0,0.6309297535714575,0.06666666666666667,True,1.0,0.6309297535714575,0.05,True,1.0,0.6309297535714575,0.04,True,1.0,0.6309297535714575,0.03333333333333333,True,1.0,0.6309297535714575,0.02857142857142857,True,1.0,0.6309297535714575,0.025,True,1.0,0.6309297535714575,0.022222222222222223,True,1.0,0.6309297535714575,0.02,True,1.0,0.6309297535714575,0.01818181818181818,True,1.0,0.6309297535714575,0.016666666666666666,True,1.0,0.6309297535714575,['f02b327f-e424-5fbd-884a-afa982cfba97'],chunker-generic-sliding-window,1,1,1,1,1,1,1,1,1,1,1,1,2,0.5,5
Q-147,Q-047,id,facts_specifications,RAX120,25,False,6783.315,deterministic,passthrough,False,none,0.0,False,0.0,0.0,0.0,False,0.0,0.0,0.0,False,0.0,0.0,0.0,False,0.0,0.0,0.0,False,0.0,0.0,0.0,False,0.0,0.0,0.0,False,0.0,0.0,0.0,False,0.0,0.0,0.0,False,0.0,0.0,0.0,False,0.0,0.0,0.0,False,0.0,0.0,0.0,False,0.0,0.0,['304579c0-2505-541b-9272-41a33abdc404'],chunker-generic-sliding-window,0,0,0,0,0,0,0,0,0,0,0,0,,0.0,
Q-148,Q-048,id,setup_configuration,RAX120,21,False,5957.24,deterministic,passthrough,False,none,0.0,False,0.0,0.0,0.0,False,0.0,0.0,0.0,False,0.0,0.0,0.0,False,0.0,0.0,0.0,False,0.0,0.0,0.0,False,0.0,0.0,0.0,False,0.0,0.0,0.0,False,0.0,0.0,0.0,False,0.0,0.0,0.0,False,0.0,0.0,0.0,False,0.0,0.0,0.0,False,0.0,0.0,['ebd82415-b17d-5082-8472-3811a168faaf'],chunker-generic-sliding-window,0,0,0,0,0,0,0,0,0,0,0,0,,0.0,
Q-149,Q-049,id,features_security_maintenance_limitations,RAX120,23,False,5587.685,deterministic,passthrough,False,none,0.0,False,0.0,0.0,0.0,False,0.0,0.0,0.0,False,0.0,0.0,0.0,False,0.0,0.0,0.0,False,0.0,0.0,0.0,False,0.0,0.0,0.0,False,0.0,0.0,0.0,False,0.0,0.0,0.0,False,0.0,0.0,0.0,False,0.0,0.0,0.0,False,0.0,0.0,0.0,False,0.0,0.0,['0f01b620-ac86-5a3e-bacb-6893a15e210e'],chunker-generic-sliding-window,0,0,0,0,0,0,0,0,0,0,0,0,,0.0,
Q-150,Q-050,id,facts_specifications,RAX120,36,False,5732.812,deterministic,passthrough,False,none,0.0,False,0.0,0.0,0.0,False,0.0,0.0,0.0,False,0.0,0.0,0.05,True,1.0,0.24465054211822604,0.04,True,1.0,0.24465054211822604,0.03333333333333333,True,1.0,0.24465054211822604,0.02857142857142857,True,1.0,0.24465054211822604,0.025,True,1.0,0.24465054211822604,0.022222222222222223,True,1.0,0.24465054211822604,0.02,True,1.0,0.24465054211822604,0.01818181818181818,True,1.0,0.24465054211822604,0.016666666666666666,True,1.0,0.24465054211822604,['bb9735df-2bc3-50f1-9fb8-2235613d714e'],chunker-generic-sliding-window,0,0,0,1,1,1,1,1,1,1,1,1,16,0.0625,20
Q-151,Q-051,id,setup_configuration,RAX120,37,False,5449.984,deterministic,passthrough,False,none,0.0,False,0.0,0.0,0.0,False,0.0,0.0,0.06666666666666667,True,1.0,0.25,0.05,True,1.0,0.25,0.04,True,1.0,0.25,0.03333333333333333,True,1.0,0.25,0.02857142857142857,True,1.0,0.25,0.025,True,1.0,0.25,0.022222222222222223,True,1.0,0.25,0.02,True,1.0,0.25,0.01818181818181818,True,1.0,0.25,0.016666666666666666,True,1.0,0.25,['9d1e53fd-0a2d-51bd-bb64-2521b239e8f3'],chunker-generic-sliding-window,0,0,1,1,1,1,1,1,1,1,1,1,15,0.06666666666666667,15
Q-152,Q-052,id,features_security_maintenance_limitations,RAX120,45,False,5492.132,deterministic,passthrough,False,none,0.2,True,1.0,0.23463936301137822,0.1,True,1.0,0.23463936301137822,0.13333333333333333,True,1.0,0.3547550188094295,0.1,True,1.0,0.3547550188094295,0.08,True,1.0,0.3547550188094295,0.06666666666666667,True,1.0,0.3547550188094295,0.08571428571428572,True,1.0,0.44552591507810585,0.075,True,1.0,0.44552591507810585,0.06666666666666667,True,1.0,0.44552591507810585,0.06,True,1.0,0.44552591507810585,0.05454545454545454,True,1.0,0.44552591507810585,0.05,True,1.0,0.44552591507810585,['d7d2bc93-72bb-53d6-945c-0708fde2888b'],chunker-generic-sliding-window,1,1,2,2,2,2,3,3,3,3,3,3,3,0.3333333333333333,5
Q-153,Q-053,id,facts_specifications,RAX120,24,False,5723.809,deterministic,passthrough,False,none,0.0,False,0.0,0.0,0.1,True,1.0,0.3562071871080222,0.06666666666666667,True,1.0,0.3562071871080222,0.05,True,1.0,0.3562071871080222,0.04,True,1.0,0.3562071871080222,0.03333333333333333,True,1.0,0.3562071871080222,0.02857142857142857,True,1.0,0.3562071871080222,0.025,True,1.0,0.3562071871080222,0.022222222222222223,True,1.0,0.3562071871080222,0.02,True,1.0,0.3562071871080222,0.01818181818181818,True,1.0,0.3562071871080222,0.016666666666666666,True,1.0,0.3562071871080222,['cf516841-9648-5ad0-aaaa-b65b9c5d85aa'],chunker-generic-sliding-window,0,1,1,1,1,1,1,1,1,1,1,1,6,0.16666666666666666,10
Q-154,Q-054,id,troubleshooting_diagnostics,RAX120,23,False,5573.098,deterministic,passthrough,False,none,0.0,False,0.0,0.0,0.1,True,1.0,0.31546487678572877,0.06666666666666667,True,1.0,0.31546487678572877,0.05,True,1.0,0.31546487678572877,0.04,True,1.0,0.31546487678572877,0.03333333333333333,True,1.0,0.31546487678572877,0.02857142857142857,True,1.0,0.31546487678572877,0.025,True,1.0,0.31546487678572877,0.022222222222222223,True,1.0,0.31546487678572877,0.02,True,1.0,0.31546487678572877,0.01818181818181818,True,1.0,0.31546487678572877,0.016666666666666666,True,1.0,0.31546487678572877,['48b55cf6-5b08-527e-bd26-f4183bca41e2'],chunker-generic-sliding-window,0,1,1,1,1,1,1,1,1,1,1,1,8,0.125,10
Q-155,Q-055,id,facts_specifications,RAX120,13,False,5241.814,deterministic,passthrough,False,none,0.0,False,0.0,0.0,0.1,True,1.0,0.3333333333333333,0.06666666666666667,True,1.0,0.3333333333333333,0.05,True,1.0,0.3333333333333333,0.04,True,1.0,0.3333333333333333,0.03333333333333333,True,1.0,0.3333333333333333,0.02857142857142857,True,1.0,0.3333333333333333,0.025,True,1.0,0.3333333333333333,0.022222222222222223,True,1.0,0.3333333333333333,0.02,True,1.0,0.3333333333333333,0.01818181818181818,True,1.0,0.3333333333333333,0.016666666666666666,True,1.0,0.3333333333333333,['7059c14f-c840-5863-9050-2518f69aa8d5'],chunker-generic-sliding-window,0,1,1,1,1,1,1,1,1,1,1,1,7,0.14285714285714285,10
Q-156,Q-056,id,troubleshooting_diagnostics,RAX50,22,False,4359.517,deterministic,passthrough,False,none,0.0,False,0.0,0.0,0.0,False,0.0,0.0,0.0,False,0.0,0.0,0.0,False,0.0,0.0,0.04,True,1.0,0.22424382421757544,0.03333333333333333,True,1.0,0.22424382421757544,0.02857142857142857,True,1.0,0.22424382421757544,0.025,True,1.0,0.22424382421757544,0.022222222222222223,True,1.0,0.22424382421757544,0.02,True,1.0,0.22424382421757544,0.01818181818181818,True,1.0,0.22424382421757544,0.016666666666666666,True,1.0,0.22424382421757544,['f42f57b0-65cd-5982-935c-289c54636287'],chunker-generic-sliding-window,0,0,0,0,1,1,1,1,1,1,1,1,21,0.047619047619047616,25
Q-157,Q-057,id,setup_configuration,RAX50,29,False,4284.769,deterministic,passthrough,False,none,0.0,False,0.0,0.0,0.1,True,1.0,0.31546487678572877,0.06666666666666667,True,1.0,0.31546487678572877,0.05,True,1.0,0.31546487678572877,0.04,True,1.0,0.31546487678572877,0.03333333333333333,True,1.0,0.31546487678572877,0.02857142857142857,True,1.0,0.31546487678572877,0.025,True,1.0,0.31546487678572877,0.022222222222222223,True,1.0,0.31546487678572877,0.02,True,1.0,0.31546487678572877,0.01818181818181818,True,1.0,0.31546487678572877,0.016666666666666666,True,1.0,0.31546487678572877,['e00425b6-15d6-5234-b2e5-d0f194e4e777'],chunker-generic-sliding-window,0,1,1,1,1,1,1,1,1,1,1,1,8,0.125,10
Q-158,Q-058,id,facts_specifications,RAX50,31,False,4232.072,deterministic,passthrough,False,none,0.0,False,0.0,0.0,0.0,False,0.0,0.0,0.0,False,0.0,0.0,0.0,False,0.0,0.0,0.0,False,0.0,0.0,0.0,False,0.0,0.0,0.0,False,0.0,0.0,0.0,False,0.0,0.0,0.0,False,0.0,0.0,0.0,False,0.0,0.0,0.0,False,0.0,0.0,0.0,False,0.0,0.0,['e87e22a2-a89c-58a7-9ff2-ff82463e19a7'],chunker-generic-sliding-window,0,0,0,0,0,0,0,0,0,0,0,0,,0.0,
Q-159,Q-059,id,troubleshooting_diagnostics,RAX50,21,False,4618.297,deterministic,passthrough,False,none,0.2,True,1.0,0.5,0.1,True,1.0,0.5,0.06666666666666667,True,1.0,0.5,0.05,True,1.0,0.5,0.04,True,1.0,0.5,0.03333333333333333,True,1.0,0.5,0.02857142857142857,True,1.0,0.5,0.025,True,1.0,0.5,0.022222222222222223,True,1.0,0.5,0.02,True,1.0,0.5,0.01818181818181818,True,1.0,0.5,0.016666666666666666,True,1.0,0.5,['03914fcb-62c9-5345-8ab2-2475379fe1be'],chunker-generic-sliding-window,1,1,1,1,1,1,1,1,1,1,1,1,3,0.3333333333333333,5
Q-160,Q-060,id,features_security_maintenance_limitations,RAX50,26,False,6261.372,deterministic,passthrough,False,none,0.0,False,0.0,0.0,0.0,False,0.0,0.0,0.0,False,0.0,0.0,0.0,False,0.0,0.0,0.0,False,0.0,0.0,0.0,False,0.0,0.0,0.0,False,0.0,0.0,0.0,False,0.0,0.0,0.0,False,0.0,0.0,0.0,False,0.0,0.0,0.0,False,0.0,0.0,0.0,False,0.0,0.0,['d2849132-6a3d-520c-8f2c-bd5e904e522d'],chunker-generic-sliding-window,0,0,0,0,0,0,0,0,0,0,0,0,,0.0,
Q-161,Q-061,id,troubleshooting_diagnostics,RAX50,21,False,5786.372,deterministic,passthrough,False,none,0.0,False,0.0,0.0,0.0,False,0.0,0.0,0.0,False,0.0,0.0,0.0,False,0.0,0.0,0.0,False,0.0,0.0,0.0,False,0.0,0.0,0.0,False,0.0,0.0,0.0,False,0.0,0.0,0.0,False,0.0,0.0,0.0,False,0.0,0.0,0.0,False,0.0,0.0,0.0,False,0.0,0.0,['93ffa849-c75e-5120-be9a-d99bb0eed70b'],chunker-generic-sliding-window,0,0,0,0,0,0,0,0,0,0,0,0,,0.0,
Q-162,Q-062,id,troubleshooting_diagnostics,RAX50,12,False,6010.403,deterministic,passthrough,False,none,0.0,False,0.0,0.0,0.0,False,0.0,0.0,0.0,False,0.0,0.0,0.0,False,0.0,0.0,0.0,False,0.0,0.0,0.0,False,0.0,0.0,0.0,False,0.0,0.0,0.0,False,0.0,0.0,0.0,False,0.0,0.0,0.0,False,0.0,0.0,0.0,False,0.0,0.0,0.0,False,0.0,0.0,['03a4fccb-bb0c-56ec-b67b-eee79c190813'],chunker-generic-sliding-window,0,0,0,0,0,0,0,0,0,0,0,0,,0.0,
Q-163,Q-063,id,facts_specifications,RAX50,31,False,5509.494,deterministic,passthrough,False,none,0.0,False,0.0,0.0,0.0,False,0.0,0.0,0.0,False,0.0,0.0,0.0,False,0.0,0.0,0.04,True,1.0,0.21274605355336318,0.03333333333333333,True,1.0,0.21274605355336318,0.02857142857142857,True,1.0,0.21274605355336318,0.025,True,1.0,0.21274605355336318,0.022222222222222223,True,1.0,0.21274605355336318,0.02,True,1.0,0.21274605355336318,0.01818181818181818,True,1.0,0.21274605355336318,0.016666666666666666,True,1.0,0.21274605355336318,['a13c3553-78f9-5ede-9cd9-390daad977b6'],chunker-generic-sliding-window,0,0,0,0,1,1,1,1,1,1,1,1,25,0.04,25
Q-164,Q-064,id,features_security_maintenance_limitations,RAX50,32,False,4532.767,deterministic,passthrough,False,none,0.2,True,1.0,0.6131471927654584,0.1,True,1.0,0.6131471927654584,0.06666666666666667,True,1.0,0.6131471927654584,0.05,True,1.0,0.6131471927654584,0.08,True,1.0,0.7451812540517537,0.06666666666666667,True,1.0,0.7451812540517537,0.05714285714285714,True,1.0,0.7451812540517537,0.05,True,1.0,0.7451812540517537,0.044444444444444446,True,1.0,0.7451812540517537,0.04,True,1.0,0.7451812540517537,0.03636363636363636,True,1.0,0.7451812540517537,0.03333333333333333,True,1.0,0.7451812540517537,['01143d51-a727-543c-b607-948530c2902c'],chunker-generic-sliding-window,1,1,1,1,2,2,2,2,2,2,2,2,1,1.0,5
Q-165,Q-065,id,troubleshooting_diagnostics,RAX50,21,False,4489.173,deterministic,passthrough,False,none,0.0,False,0.0,0.0,0.0,False,0.0,0.0,0.0,False,0.0,0.0,0.0,False,0.0,0.0,0.0,False,0.0,0.0,0.0,False,0.0,0.0,0.0,False,0.0,0.0,0.0,False,0.0,0.0,0.0,False,0.0,0.0,0.0,False,0.0,0.0,0.0,False,0.0,0.0,0.0,False,0.0,0.0,['af31b6ec-73a8-5529-8fa5-da1f467d1bef'],chunker-generic-sliding-window,0,0,0,0,0,0,0,0,0,0,0,0,,0.0,
Q-166,Q-066,id,troubleshooting_diagnostics,RAX50,12,False,6174.784,deterministic,passthrough,False,none,0.2,True,1.0,1.0,0.1,True,1.0,1.0,0.06666666666666667,True,1.0,1.0,0.05,True,1.0,1.0,0.04,True,1.0,1.0,0.03333333333333333,True,1.0,1.0,0.02857142857142857,True,1.0,1.0,0.025,True,1.0,1.0,0.022222222222222223,True,1.0,1.0,0.02,True,1.0,1.0,0.01818181818181818,True,1.0,1.0,0.016666666666666666,True,1.0,1.0,['d6a2438e-ce2e-5744-b23d-64355bb7f3b2'],chunker-generic-sliding-window,1,1,1,1,1,1,1,1,1,1,1,1,1,1.0,5
Q-167,Q-067,id,setup_configuration,RAXE500,25,False,6064.847,deterministic,passthrough,False,none,0.0,False,0.0,0.0,0.0,False,0.0,0.0,0.0,False,0.0,0.0,0.0,False,0.0,0.0,0.0,False,0.0,0.0,0.0,False,0.0,0.0,0.0,False,0.0,0.0,0.0,False,0.0,0.0,0.0,False,0.0,0.0,0.0,False,0.0,0.0,0.0,False,0.0,0.0,0.0,False,0.0,0.0,['a3662689-f8b9-5c28-8c0a-b2185487bec9'],chunker-generic-sliding-window,0,0,0,0,0,0,0,0,0,0,0,0,,0.0,
Q-168,Q-068,id,troubleshooting_diagnostics,RAXE500,11,False,7170.516,deterministic,passthrough,False,none,0.0,False,0.0,0.0,0.0,False,0.0,0.0,0.0,False,0.0,0.0,0.0,False,0.0,0.0,0.0,False,0.0,0.0,0.0,False,0.0,0.0,0.0,False,0.0,0.0,0.0,False,0.0,0.0,0.0,False,0.0,0.0,0.0,False,0.0,0.0,0.0,False,0.0,0.0,0.0,False,0.0,0.0,['feb09c00-0fd2-5b2c-ae97-969bd349df0e'],chunker-generic-sliding-window,0,0,0,0,0,0,0,0,0,0,0,0,,0.0,
Q-169,Q-069,id,facts_specifications,RAXE500,20,False,6909.959,deterministic,passthrough,False,none,0.0,False,0.0,0.0,0.0,False,0.0,0.0,0.0,False,0.0,0.0,0.05,True,1.0,0.227670248696953,0.04,True,1.0,0.227670248696953,0.03333333333333333,True,1.0,0.227670248696953,0.02857142857142857,True,1.0,0.227670248696953,0.025,True,1.0,0.227670248696953,0.022222222222222223,True,1.0,0.227670248696953,0.02,True,1.0,0.227670248696953,0.01818181818181818,True,1.0,0.227670248696953,0.016666666666666666,True,1.0,0.227670248696953,['eae4f314-abe4-5229-ac3e-d9cc4c571b27'],chunker-generic-sliding-window,0,0,0,1,1,1,1,1,1,1,1,1,20,0.05,20
Q-170,Q-070,id,setup_configuration,RAXE500,12,False,5794.447,deterministic,passthrough,False,none,0.0,False,0.0,0.0,0.0,False,0.0,0.0,0.0,False,0.0,0.0,0.0,False,0.0,0.0,0.0,False,0.0,0.0,0.0,False,0.0,0.0,0.0,False,0.0,0.0,0.0,False,0.0,0.0,0.0,False,0.0,0.0,0.0,False,0.0,0.0,0.0,False,0.0,0.0,0.0,False,0.0,0.0,['8dba79ed-9bf8-5cb2-833b-a493317e765e'],chunker-generic-sliding-window,0,0,0,0,0,0,0,0,0,0,0,0,,0.0,
Q-171,Q-071,id,features_security_maintenance_limitations,RAXE500,23,False,5793.023,deterministic,passthrough,False,none,0.0,False,0.0,0.0,0.0,False,0.0,0.0,0.0,False,0.0,0.0,0.0,False,0.0,0.0,0.0,False,0.0,0.0,0.0,False,0.0,0.0,0.0,False,0.0,0.0,0.0,False,0.0,0.0,0.0,False,0.0,0.0,0.0,False,0.0,0.0,0.0,False,0.0,0.0,0.0,False,0.0,0.0,['33088b55-3bd9-50bd-8652-c3cd7fd2d88f'],chunker-generic-sliding-window,0,0,0,0,0,0,0,0,0,0,0,0,,0.0,
Q-172,Q-072,id,facts_specifications,RAXE500,30,False,5126.003,deterministic,passthrough,False,none,0.0,False,0.0,0.0,0.0,False,0.0,0.0,0.0,False,0.0,0.0,0.0,False,0.0,0.0,0.0,False,0.0,0.0,0.03333333333333333,True,1.0,0.2037950470905062,0.02857142857142857,True,1.0,0.2037950470905062,0.025,True,1.0,0.2037950470905062,0.022222222222222223,True,1.0,0.2037950470905062,0.02,True,1.0,0.2037950470905062,0.01818181818181818,True,1.0,0.2037950470905062,0.016666666666666666,True,1.0,0.2037950470905062,['09ef238c-cabe-5ea4-9616-24e57ee8f002'],chunker-generic-sliding-window,0,0,0,0,0,1,1,1,1,1,1,1,29,0.034482758620689655,30
Q-173,Q-073,id,facts_specifications,RAXE500,30,False,5117.478,deterministic,passthrough,False,none,0.0,False,0.0,0.0,0.1,True,1.0,0.18457569677956817,0.06666666666666667,True,1.0,0.18457569677956817,0.1,True,1.0,0.3289160111622894,0.08,True,1.0,0.3289160111622894,0.06666666666666667,True,1.0,0.3289160111622894,0.05714285714285714,True,1.0,0.3289160111622894,0.05,True,1.0,0.3289160111622894,0.044444444444444446,True,1.0,0.3289160111622894,0.04,True,1.0,0.3289160111622894,0.03636363636363636,True,1.0,0.3289160111622894,0.03333333333333333,True,1.0,0.3289160111622894,['04f1b52b-9f18-591e-ac0a-b16ee4a34dad'],chunker-generic-sliding-window,0,1,1,2,2,2,2,2,2,2,2,2,9,0.1111111111111111,10
Q-174,Q-074,id,setup_configuration,RAXE500,23,False,5215.007,deterministic,passthrough,False,none,0.2,True,1.0,0.23719771276929622,0.1,True,1.0,0.23719771276929622,0.06666666666666667,True,1.0,0.23719771276929622,0.1,True,1.0,0.37679308663404665,0.08,True,1.0,0.37679308663404665,0.06666666666666667,True,1.0,0.37679308663404665,0.05714285714285714,True,1.0,0.37679308663404665,0.05,True,1.0,0.37679308663404665,0.044444444444444446,True,1.0,0.37679308663404665,0.04,True,1.0,0.37679308663404665,0.03636363636363636,True,1.0,0.37679308663404665,0.03333333333333333,True,1.0,0.37679308663404665,['8533530e-9001-5a31-a453-6077909ff031'],chunker-generic-sliding-window,1,1,1,2,2,2,2,2,2,2,2,2,5,0.2,5
Q-175,Q-075,id,features_security_maintenance_limitations,RAXE500,37,False,5038.855,deterministic,passthrough,False,none,0.0,False,0.0,0.0,0.0,False,0.0,0.0,0.06666666666666667,True,1.0,0.2559580248098155,0.05,True,1.0,0.2559580248098155,0.04,True,1.0,0.2559580248098155,0.03333333333333333,True,1.0,0.2559580248098155,0.02857142857142857,True,1.0,0.2559580248098155,0.025,True,1.0,0.2559580248098155,0.022222222222222223,True,1.0,0.2559580248098155,0.02,True,1.0,0.2559580248098155,0.01818181818181818,True,1.0,0.2559580248098155,0.016666666666666666,True,1.0,0.2559580248098155,['b2cee766-ed4f-59bb-8d66-703a2aecba75'],chunker-generic-sliding-window,0,0,1,1,1,1,1,1,1,1,1,1,14,0.07142857142857142,15
Q-176,Q-076,id,features_security_maintenance_limitations,RAXE500,37,False,4555.839,deterministic,passthrough,False,none,0.2,True,1.0,0.5,0.1,True,1.0,0.5,0.06666666666666667,True,1.0,0.5,0.05,True,1.0,0.5,0.04,True,1.0,0.5,0.03333333333333333,True,1.0,0.5,0.02857142857142857,True,1.0,0.5,0.025,True,1.0,0.5,0.022222222222222223,True,1.0,0.5,0.02,True,1.0,0.5,0.01818181818181818,True,1.0,0.5,0.016666666666666666,True,1.0,0.5,['0fc19ad4-a3f3-5128-a97a-000311ce8919'],chunker-generic-sliding-window,1,1,1,1,1,1,1,1,1,1,1,1,3,0.3333333333333333,5
Q-177,Q-077,id,troubleshooting_diagnostics,RAXE500,12,False,4546.109,deterministic,passthrough,False,none,0.2,True,1.0,0.38685280723454163,0.1,True,1.0,0.38685280723454163,0.06666666666666667,True,1.0,0.38685280723454163,0.05,True,1.0,0.38685280723454163,0.04,True,1.0,0.38685280723454163,0.03333333333333333,True,1.0,0.38685280723454163,0.02857142857142857,True,1.0,0.38685280723454163,0.025,True,1.0,0.38685280723454163,0.022222222222222223,True,1.0,0.38685280723454163,0.02,True,1.0,0.38685280723454163,0.01818181818181818,True,1.0,0.38685280723454163,0.016666666666666666,True,1.0,0.38685280723454163,['494eba00-b9d1-5fec-898e-b212c6f28baf'],chunker-generic-sliding-window,1,1,1,1,1,1,1,1,1,1,1,1,5,0.2,5
Q-178,Q-078,id,facts_specifications,RBK852,29,False,5275.573,deterministic,passthrough,False,none,0.4,True,1.0,0.3191471544989227,0.2,True,1.0,0.3191471544989227,0.13333333333333333,True,1.0,0.3191471544989227,0.1,True,1.0,0.3191471544989227,0.16,True,1.0,0.4897392848291841,0.13333333333333333,True,1.0,0.4897392848291841,0.11428571428571428,True,1.0,0.4897392848291841,0.1,True,1.0,0.4897392848291841,0.08888888888888889,True,1.0,0.4897392848291841,0.08,True,1.0,0.4897392848291841,0.07272727272727272,True,1.0,0.4897392848291841,0.06666666666666667,True,1.0,0.4897392848291841,['fd0ce992-9b7f-58e2-9140-f25a95a0b95b'],chunker-generic-sliding-window,2,2,2,2,4,4,4,4,4,4,4,4,4,0.25,5
Q-179,Q-079,id,facts_specifications,RBK852,30,False,5375.567,deterministic,passthrough,False,none,0.0,False,0.0,0.0,0.1,True,1.0,0.21840743681816419,0.06666666666666667,True,1.0,0.21840743681816419,0.05,True,1.0,0.21840743681816419,0.08,True,1.0,0.35044149810445957,0.06666666666666667,True,1.0,0.35044149810445957,0.05714285714285714,True,1.0,0.35044149810445957,0.05,True,1.0,0.35044149810445957,0.044444444444444446,True,1.0,0.35044149810445957,0.04,True,1.0,0.35044149810445957,0.03636363636363636,True,1.0,0.35044149810445957,0.03333333333333333,True,1.0,0.35044149810445957,['bafbe93c-5d33-537b-82ee-2c89ca1550eb'],chunker-generic-sliding-window,0,1,1,1,2,2,2,2,2,2,2,2,6,0.16666666666666666,10
Q-180,Q-080,id,setup_configuration,RBK852,36,False,6549.535,deterministic,passthrough,False,none,0.0,False,0.0,0.0,0.0,False,0.0,0.0,0.0,False,0.0,0.0,0.0,False,0.0,0.0,0.0,False,0.0,0.0,0.0,False,0.0,0.0,0.0,False,0.0,0.0,0.0,False,0.0,0.0,0.0,False,0.0,0.0,0.0,False,0.0,0.0,0.0,False,0.0,0.0,0.0,False,0.0,0.0,['acfcfc10-9010-5a5e-9f6c-e4bbbf310479'],chunker-generic-sliding-window,0,0,0,0,0,0,0,0,0,0,0,0,,0.0,
Q-181,Q-081,id,features_security_maintenance_limitations,RBK852,39,False,6148.577,deterministic,passthrough,False,none,0.2,True,1.0,0.16958010263680806,0.1,True,1.0,0.16958010263680806,0.06666666666666667,True,1.0,0.16958010263680806,0.15,True,1.0,0.32977251900468085,0.16,True,1.0,0.40374481544555046,0.13333333333333333,True,1.0,0.40374481544555046,0.11428571428571428,True,1.0,0.40374481544555046,0.125,True,1.0,0.4679140482171341,0.1111111111111111,True,1.0,0.4679140482171341,0.1,True,1.0,0.4679140482171341,0.09090909090909091,True,1.0,0.4679140482171341,0.08333333333333333,True,1.0,0.4679140482171341,['aee81160-3f45-597d-97ea-c7a1ad45d30a'],chunker-generic-sliding-window,1,1,1,3,4,4,4,5,5,5,5,5,3,0.3333333333333333,5
Q-182,Q-082,id,setup_configuration,RBK852,27,False,5431.212,deterministic,passthrough,False,none,0.4,True,1.0,0.8772153153380493,0.2,True,1.0,0.8772153153380493,0.13333333333333333,True,1.0,0.8772153153380493,0.1,True,1.0,0.8772153153380493,0.08,True,1.0,0.8772153153380493,0.06666666666666667,True,1.0,0.8772153153380493,0.05714285714285714,True,1.0,0.8772153153380493,0.05,True,1.0,0.8772153153380493,0.044444444444444446,True,1.0,0.8772153153380493,0.04,True,1.0,0.8772153153380493,0.03636363636363636,True,1.0,0.8772153153380493,0.03333333333333333,True,1.0,0.8772153153380493,['a6546993-1d1a-5eb2-b616-d7c4995490a6'],chunker-generic-sliding-window,2,2,2,2,2,2,2,2,2,2,2,2,1,1.0,5
Q-183,Q-083,id,features_security_maintenance_limitations,RBK852,22,False,5236.909,deterministic,passthrough,False,none,0.0,False,0.0,0.0,0.0,False,0.0,0.0,0.0,False,0.0,0.0,0.0,False,0.0,0.0,0.0,False,0.0,0.0,0.0,False,0.0,0.0,0.0,False,0.0,0.0,0.0,False,0.0,0.0,0.0,False,0.0,0.0,0.0,False,0.0,0.0,0.0,False,0.0,0.0,0.0,False,0.0,0.0,['83b0f8da-6afa-5070-9d44-c12b3b247e8b'],chunker-generic-sliding-window,0,0,0,0,0,0,0,0,0,0,0,0,,0.0,
Q-184,Q-084,id,facts_specifications,RBK852,23,False,3804.64,deterministic,passthrough,False,none,0.4,True,1.0,0.41618115554873086,0.2,True,1.0,0.41618115554873086,0.13333333333333333,True,1.0,0.41618115554873086,0.15,True,1.0,0.5230219598105211,0.12,True,1.0,0.5230219598105211,0.1,True,1.0,0.5230219598105211,0.08571428571428572,True,1.0,0.5230219598105211,0.075,True,1.0,0.5230219598105211,0.06666666666666667,True,1.0,0.5230219598105211,0.06,True,1.0,0.5230219598105211,0.05454545454545454,True,1.0,0.5230219598105211,0.05,True,1.0,0.5230219598105211,['0121bbc3-46f8-588c-b9d6-e7e69974a9fe'],chunker-generic-sliding-window,2,2,2,3,3,3,3,3,3,3,3,3,3,0.3333333333333333,5
Q-185,Q-085,id,features_security_maintenance_limitations,RBK852,35,False,4567.458,deterministic,passthrough,False,none,0.2,True,1.0,0.6131471927654584,0.1,True,1.0,0.6131471927654584,0.06666666666666667,True,1.0,0.6131471927654584,0.05,True,1.0,0.6131471927654584,0.04,True,1.0,0.6131471927654584,0.06666666666666667,True,1.0,0.7393616002282355,0.05714285714285714,True,1.0,0.7393616002282355,0.05,True,1.0,0.7393616002282355,0.044444444444444446,True,1.0,0.7393616002282355,0.04,True,1.0,0.7393616002282355,0.03636363636363636,True,1.0,0.7393616002282355,0.03333333333333333,True,1.0,0.7393616002282355,['e8fbf22f-7fac-51cc-8b76-ef68177b1407'],chunker-generic-sliding-window,1,1,1,1,1,2,2,2,2,2,2,2,1,1.0,5
Q-186,Q-086,id,features_security_maintenance_limitations,RBK852,22,False,4647.616,deterministic,passthrough,False,none,0.0,False,0.0,0.0,0.0,False,0.0,0.0,0.0,False,0.0,0.0,0.0,False,0.0,0.0,0.0,False,0.0,0.0,0.0,False,0.0,0.0,0.0,False,0.0,0.0,0.0,False,0.0,0.0,0.0,False,0.0,0.0,0.0,False,0.0,0.0,0.0,False,0.0,0.0,0.0,False,0.0,0.0,['64c7ce15-7a5a-580d-adbe-160bed89ad0b'],chunker-generic-sliding-window,0,0,0,0,0,0,0,0,0,0,0,0,,0.0,
Q-187,Q-087,id,troubleshooting_diagnostics,RBK852,11,False,4400.901,deterministic,passthrough,False,none,0.0,False,0.0,0.0,0.0,False,0.0,0.0,0.0,False,0.0,0.0,0.0,False,0.0,0.0,0.0,False,0.0,0.0,0.0,False,0.0,0.0,0.0,False,0.0,0.0,0.0,False,0.0,0.0,0.0,False,0.0,0.0,0.0,False,0.0,0.0,0.0,False,0.0,0.0,0.0,False,0.0,0.0,['594cc248-162e-5180-b1f6-243ea1c30a9e'],chunker-generic-sliding-window,0,0,0,0,0,0,0,0,0,0,0,0,,0.0,
Q-188,Q-088,id,troubleshooting_diagnostics,RBK852,12,False,6901.654,deterministic,passthrough,False,none,0.0,False,0.0,0.0,0.1,True,1.0,0.20438239758848611,0.13333333333333333,True,1.0,0.3754154816562042,0.1,True,1.0,0.3754154816562042,0.08,True,1.0,0.3754154816562042,0.06666666666666667,True,1.0,0.3754154816562042,0.05714285714285714,True,1.0,0.3754154816562042,0.05,True,1.0,0.3754154816562042,0.044444444444444446,True,1.0,0.3754154816562042,0.04,True,1.0,0.3754154816562042,0.03636363636363636,True,1.0,0.3754154816562042,0.03333333333333333,True,1.0,0.3754154816562042,['8989f72f-c45f-5a19-b2ce-b190765e7b28'],chunker-generic-sliding-window,0,1,2,2,2,2,2,2,2,2,2,2,7,0.14285714285714285,10
Q-189,Q-089,id,facts_specifications,XR500,12,False,5723.467,deterministic,passthrough,False,none,0.2,True,1.0,0.38685280723454163,0.1,True,1.0,0.38685280723454163,0.06666666666666667,True,1.0,0.38685280723454163,0.05,True,1.0,0.38685280723454163,0.04,True,1.0,0.38685280723454163,0.03333333333333333,True,1.0,0.38685280723454163,0.02857142857142857,True,1.0,0.38685280723454163,0.025,True,1.0,0.38685280723454163,0.022222222222222223,True,1.0,0.38685280723454163,0.02,True,1.0,0.38685280723454163,0.01818181818181818,True,1.0,0.38685280723454163,0.016666666666666666,True,1.0,0.38685280723454163,['3252b308-2ca3-5fec-b98f-6d89b53b5bb2'],chunker-generic-sliding-window,1,1,1,1,1,1,1,1,1,1,1,1,5,0.2,5
Q-190,Q-090,id,setup_configuration,XR500,24,False,5003.094,deterministic,passthrough,False,none,0.2,True,1.0,0.6309297535714575,0.1,True,1.0,0.6309297535714575,0.06666666666666667,True,1.0,0.6309297535714575,0.05,True,1.0,0.6309297535714575,0.04,True,1.0,0.6309297535714575,0.03333333333333333,True,1.0,0.6309297535714575,0.02857142857142857,True,1.0,0.6309297535714575,0.025,True,1.0,0.6309297535714575,0.022222222222222223,True,1.0,0.6309297535714575,0.02,True,1.0,0.6309297535714575,0.01818181818181818,True,1.0,0.6309297535714575,0.016666666666666666,True,1.0,0.6309297535714575,['cb248990-463a-5428-8ee2-082f71f0484e'],chunker-generic-sliding-window,1,1,1,1,1,1,1,1,1,1,1,1,2,0.5,5
Q-191,Q-091,id,features_security_maintenance_limitations,XR500,23,False,6003.574,deterministic,passthrough,False,none,0.0,False,0.0,0.0,0.0,False,0.0,0.0,0.06666666666666667,True,1.0,0.25,0.05,True,1.0,0.25,0.04,True,1.0,0.25,0.03333333333333333,True,1.0,0.25,0.02857142857142857,True,1.0,0.25,0.025,True,1.0,0.25,0.022222222222222223,True,1.0,0.25,0.02,True,1.0,0.25,0.01818181818181818,True,1.0,0.25,0.016666666666666666,True,1.0,0.25,['44b909e7-8fcd-5a49-bae0-e2be984df636'],chunker-generic-sliding-window,0,0,1,1,1,1,1,1,1,1,1,1,15,0.06666666666666667,15
Q-192,Q-092,id,features_security_maintenance_limitations,XR500,21,False,5112.582,deterministic,passthrough,False,none,0.2,True,1.0,0.6309297535714575,0.1,True,1.0,0.6309297535714575,0.06666666666666667,True,1.0,0.6309297535714575,0.05,True,1.0,0.6309297535714575,0.04,True,1.0,0.6309297535714575,0.03333333333333333,True,1.0,0.6309297535714575,0.02857142857142857,True,1.0,0.6309297535714575,0.025,True,1.0,0.6309297535714575,0.022222222222222223,True,1.0,0.6309297535714575,0.02,True,1.0,0.6309297535714575,0.01818181818181818,True,1.0,0.6309297535714575,0.016666666666666666,True,1.0,0.6309297535714575,['d9934c94-0789-5258-8d3c-3482e84637b0'],chunker-generic-sliding-window,1,1,1,1,1,1,1,1,1,1,1,1,2,0.5,5
Q-193,Q-093,id,features_security_maintenance_limitations,XR500,22,False,5091.528,deterministic,passthrough,False,none,0.0,False,0.0,0.0,0.1,True,1.0,0.3010299956639812,0.06666666666666667,True,1.0,0.3010299956639812,0.05,True,1.0,0.3010299956639812,0.04,True,1.0,0.3010299956639812,0.03333333333333333,True,1.0,0.3010299956639812,0.02857142857142857,True,1.0,0.3010299956639812,0.025,True,1.0,0.3010299956639812,0.022222222222222223,True,1.0,0.3010299956639812,0.02,True,1.0,0.3010299956639812,0.01818181818181818,True,1.0,0.3010299956639812,0.016666666666666666,True,1.0,0.3010299956639812,['e3bace6b-5d07-5dcc-8041-f1933c6cd04f'],chunker-generic-sliding-window,0,1,1,1,1,1,1,1,1,1,1,1,9,0.1111111111111111,10
Q-194,Q-094,id,features_security_maintenance_limitations,XR500,26,False,5235.999,deterministic,passthrough,False,none,0.0,False,0.0,0.0,0.0,False,0.0,0.0,0.13333333333333333,True,1.0,0.3243198822590827,0.1,True,1.0,0.3243198822590827,0.08,True,1.0,0.3243198822590827,0.06666666666666667,True,1.0,0.3243198822590827,0.05714285714285714,True,1.0,0.3243198822590827,0.05,True,1.0,0.3243198822590827,0.044444444444444446,True,1.0,0.3243198822590827,0.04,True,1.0,0.3243198822590827,0.03636363636363636,True,1.0,0.3243198822590827,0.03333333333333333,True,1.0,0.3243198822590827,['e8550a88-ca9e-5dc2-8bb3-4dd7ff222c8d'],chunker-generic-sliding-window,0,0,2,2,2,2,2,2,2,2,2,2,11,0.09090909090909091,15
Q-195,Q-095,id,features_security_maintenance_limitations,XR500,27,False,4902.098,deterministic,passthrough,False,none,0.4,True,1.0,0.6366824387328317,0.2,True,1.0,0.6366824387328317,0.2,True,1.0,0.7392155773510536,0.2,True,1.0,0.8311145207197081,0.16,True,1.0,0.8311145207197081,0.13333333333333333,True,1.0,0.8311145207197081,0.11428571428571428,True,1.0,0.8311145207197081,0.1,True,1.0,0.8311145207197081,0.08888888888888889,True,1.0,0.8311145207197081,0.08,True,1.0,0.8311145207197081,0.07272727272727272,True,1.0,0.8311145207197081,0.06666666666666667,True,1.0,0.8311145207197081,['dee55ef8-729a-51e5-9b1c-29cce4910ea6'],chunker-generic-sliding-window,2,2,3,4,4,4,4,4,4,4,4,4,1,1.0,5
Q-196,Q-096,id,features_security_maintenance_limitations,XR500,32,False,4931.62,deterministic,passthrough,False,none,0.2,True,1.0,0.6309297535714575,0.1,True,1.0,0.6309297535714575,0.06666666666666667,True,1.0,0.6309297535714575,0.05,True,1.0,0.6309297535714575,0.04,True,1.0,0.6309297535714575,0.03333333333333333,True,1.0,0.6309297535714575,0.02857142857142857,True,1.0,0.6309297535714575,0.025,True,1.0,0.6309297535714575,0.022222222222222223,True,1.0,0.6309297535714575,0.02,True,1.0,0.6309297535714575,0.01818181818181818,True,1.0,0.6309297535714575,0.016666666666666666,True,1.0,0.6309297535714575,['1d4788df-374d-52e0-a31b-c406a91abfcc'],chunker-generic-sliding-window,1,1,1,1,1,1,1,1,1,1,1,1,2,0.5,5
Q-197,Q-097,id,features_security_maintenance_limitations,XR500,29,False,4934.165,deterministic,passthrough,False,none,0.2,True,1.0,0.5,0.1,True,1.0,0.5,0.06666666666666667,True,1.0,0.5,0.05,True,1.0,0.5,0.04,True,1.0,0.5,0.03333333333333333,True,1.0,0.5,0.02857142857142857,True,1.0,0.5,0.025,True,1.0,0.5,0.022222222222222223,True,1.0,0.5,0.02,True,1.0,0.5,0.01818181818181818,True,1.0,0.5,0.016666666666666666,True,1.0,0.5,['9c7f8f5e-dadb-5ed0-b8be-baa2f11349a8'],chunker-generic-sliding-window,1,1,1,1,1,1,1,1,1,1,1,1,3,0.3333333333333333,5
Q-198,Q-098,id,features_security_maintenance_limitations,XR500,30,False,4874.212,deterministic,passthrough,False,none,0.0,False,0.0,0.0,0.2,True,1.0,0.2476427880871277,0.2,True,1.0,0.3501759267053496,0.15,True,1.0,0.3501759267053496,0.16,True,1.0,0.43771624201382675,0.13333333333333333,True,1.0,0.43771624201382675,0.11428571428571428,True,1.0,0.43771624201382675,0.1,True,1.0,0.43771624201382675,0.08888888888888889,True,1.0,0.43771624201382675,0.08,True,1.0,0.43771624201382675,0.07272727272727272,True,1.0,0.43771624201382675,0.06666666666666667,True,1.0,0.43771624201382675,['65a39d84-6b18-50df-b32a-a7d46fbe2cfc'],chunker-generic-sliding-window,0,2,3,3,4,4,4,4,4,4,4,4,7,0.14285714285714285,10
Q-199,Q-099,id,features_security_maintenance_limitations,XR500,37,False,4166.221,deterministic,passthrough,False,none,0.0,False,0.0,0.0,0.1,True,1.0,0.20438239758848611,0.13333333333333333,True,1.0,0.3576691957798507,0.1,True,1.0,0.3576691957798507,0.08,True,1.0,0.3576691957798507,0.06666666666666667,True,1.0,0.3576691957798507,0.05714285714285714,True,1.0,0.3576691957798507,0.05,True,1.0,0.3576691957798507,0.044444444444444446,True,1.0,0.3576691957798507,0.04,True,1.0,0.3576691957798507,0.03636363636363636,True,1.0,0.3576691957798507,0.03333333333333333,True,1.0,0.3576691957798507,['36995834-66ad-5975-9724-aa9f228f5502'],chunker-generic-sliding-window,0,1,2,2,2,2,2,2,2,2,2,2,7,0.14285714285714285,10
Q-200,Q-100,id,features_security_maintenance_limitations,XR500,19,False,1956.227,deterministic,passthrough,False,none,0.0,False,0.0,0.0,0.0,False,0.0,0.0,0.0,False,0.0,0.0,0.0,False,0.0,0.0,0.0,False,0.0,0.0,0.0,False,0.0,0.0,0.0,False,0.0,0.0,0.0,False,0.0,0.0,0.0,False,0.0,0.0,0.0,False,0.0,0.0,0.0,False,0.0,0.0,0.0,False,0.0,0.0,['75118c37-2376-50c5-b907-2ae6d10da16e'],chunker-generic-sliding-window,0,0,0,0,0,0,0,0,0,0,0,0,,0.0,
Q-001,Q-001,en,facts_specifications,CM2000,60,False,4051.797,deterministic,passthrough,False,none,0.0,False,0.0,0.0,0.1,True,1.0,0.3562071871080222,0.06666666666666667,True,1.0,0.3562071871080222,0.05,True,1.0,0.3562071871080222,0.04,True,1.0,0.3562071871080222,0.03333333333333333,True,1.0,0.3562071871080222,0.02857142857142857,True,1.0,0.3562071871080222,0.025,True,1.0,0.3562071871080222,0.022222222222222223,True,1.0,0.3562071871080222,0.02,True,1.0,0.3562071871080222,0.01818181818181818,True,1.0,0.3562071871080222,0.016666666666666666,True,1.0,0.3562071871080222,['724d26e2-ed75-5043-b025-de4c01da0714'],indexer-generic-sparse,0,1,1,1,1,1,1,1,1,1,1,1,6,0.16666666666666666,10
Q-002,Q-002,en,facts_specifications,CM2000,60,False,4044.179,deterministic,passthrough,False,none,0.0,False,0.0,0.0,0.1,True,1.0,0.3562071871080222,0.06666666666666667,True,1.0,0.3562071871080222,0.05,True,1.0,0.3562071871080222,0.04,True,1.0,0.3562071871080222,0.03333333333333333,True,1.0,0.3562071871080222,0.02857142857142857,True,1.0,0.3562071871080222,0.025,True,1.0,0.3562071871080222,0.022222222222222223,True,1.0,0.3562071871080222,0.02,True,1.0,0.3562071871080222,0.01818181818181818,True,1.0,0.3562071871080222,0.016666666666666666,True,1.0,0.3562071871080222,['b9899548-cfa5-5bb4-8284-7d82e663abd1'],indexer-generic-sparse,0,1,1,1,1,1,1,1,1,1,1,1,6,0.16666666666666666,10
Q-003,Q-003,en,setup_configuration,CM2000,60,False,4066.77,deterministic,passthrough,False,none,0.0,False,0.0,0.0,0.0,False,0.0,0.0,0.13333333333333333,True,1.0,0.3102267425692945,0.1,True,1.0,0.3102267425692945,0.08,True,1.0,0.3102267425692945,0.06666666666666667,True,1.0,0.3102267425692945,0.05714285714285714,True,1.0,0.3102267425692945,0.05,True,1.0,0.3102267425692945,0.044444444444444446,True,1.0,0.3102267425692945,0.04,True,1.0,0.3102267425692945,0.03636363636363636,True,1.0,0.3102267425692945,0.03333333333333333,True,1.0,0.3102267425692945,['8fd1b794-0507-59d3-88fa-2209736ef6da'],indexer-generic-sparse,0,0,2,2,2,2,2,2,2,2,2,2,14,0.07142857142857142,15
Q-004,Q-004,en,setup_configuration,CM2000,60,False,4054.117,deterministic,passthrough,False,none,0.0,False,0.0,0.0,0.0,False,0.0,0.0,0.06666666666666667,True,1.0,0.26264953503719357,0.05,True,1.0,0.26264953503719357,0.04,True,1.0,0.26264953503719357,0.03333333333333333,True,1.0,0.26264953503719357,0.02857142857142857,True,1.0,0.26264953503719357,0.025,True,1.0,0.26264953503719357,0.022222222222222223,True,1.0,0.26264953503719357,0.02,True,1.0,0.26264953503719357,0.01818181818181818,True,1.0,0.26264953503719357,0.016666666666666666,True,1.0,0.26264953503719357,['0de5a970-8b6a-5e57-ba98-6f57671a841c'],indexer-generic-sparse,0,0,1,1,1,1,1,1,1,1,1,1,13,0.07692307692307693,15
Q-005,Q-005,en,facts_specifications,CM2000,60,False,3934.195,deterministic,passthrough,False,none,0.0,False,0.0,0.0,0.0,False,0.0,0.0,0.0,False,0.0,0.0,0.0,False,0.0,0.0,0.0,False,0.0,0.0,0.0,False,0.0,0.0,0.0,False,0.0,0.0,0.0,False,0.0,0.0,0.0,False,0.0,0.0,0.0,False,0.0,0.0,0.0,False,0.0,0.0,0.0,False,0.0,0.0,['eb2ebf98-481f-54be-b4a3-56ea1bdf5749'],indexer-generic-sparse,0,0,0,0,0,0,0,0,0,0,0,0,,0.0,
Q-006,Q-006,en,troubleshooting_diagnostics,CM2000,60,False,3917.096,deterministic,passthrough,False,none,0.0,False,0.0,0.0,0.0,False,0.0,0.0,0.0,False,0.0,0.0,0.0,False,0.0,0.0,0.0,False,0.0,0.0,0.0,False,0.0,0.0,0.0,False,0.0,0.0,0.0,False,0.0,0.0,0.0,False,0.0,0.0,0.0,False,0.0,0.0,0.0,False,0.0,0.0,0.0,False,0.0,0.0,['62f9a09d-d5a8-5805-8b92-4d0be62383ce'],indexer-generic-sparse,0,0,0,0,0,0,0,0,0,0,0,0,,0.0,
Q-007,Q-007,en,troubleshooting_diagnostics,CM2000,60,False,3928.218,deterministic,passthrough,False,none,0.2,True,1.0,0.6131471927654584,0.1,True,1.0,0.6131471927654584,0.06666666666666667,True,1.0,0.6131471927654584,0.05,True,1.0,0.6131471927654584,0.04,True,1.0,0.6131471927654584,0.06666666666666667,True,1.0,0.7406907593850465,0.05714285714285714,True,1.0,0.7406907593850465,0.05,True,1.0,0.7406907593850465,0.044444444444444446,True,1.0,0.7406907593850465,0.04,True,1.0,0.7406907593850465,0.03636363636363636,True,1.0,0.7406907593850465,0.03333333333333333,True,1.0,0.7406907593850465,['c5c4c17f-c329-5b9c-837f-7d33e641682f'],indexer-generic-sparse,1,1,1,1,1,2,2,2,2,2,2,2,1,1.0,5
Q-008,Q-008,en,troubleshooting_diagnostics,CM2000,60,False,3905.753,deterministic,passthrough,False,none,0.0,False,0.0,0.0,0.0,False,0.0,0.0,0.06666666666666667,True,1.0,0.26264953503719357,0.05,True,1.0,0.26264953503719357,0.04,True,1.0,0.26264953503719357,0.03333333333333333,True,1.0,0.26264953503719357,0.02857142857142857,True,1.0,0.26264953503719357,0.025,True,1.0,0.26264953503719357,0.022222222222222223,True,1.0,0.26264953503719357,0.02,True,1.0,0.26264953503719357,0.01818181818181818,True,1.0,0.26264953503719357,0.016666666666666666,True,1.0,0.26264953503719357,['85bd9c8e-a264-5649-acbc-73648b7ce861'],indexer-generic-sparse,0,0,1,1,1,1,1,1,1,1,1,1,13,0.07692307692307693,15
Q-009,Q-009,en,facts_specifications,CM2000,60,False,4858.806,deterministic,passthrough,False,none,0.0,False,0.0,0.0,0.0,False,0.0,0.0,0.0,False,0.0,0.0,0.0,False,0.0,0.0,0.0,False,0.0,0.0,0.0,False,0.0,0.0,0.0,False,0.0,0.0,0.0,False,0.0,0.0,0.0,False,0.0,0.0,0.0,False,0.0,0.0,0.0,False,0.0,0.0,0.0,False,0.0,0.0,['88695618-cf2a-5bf0-9a58-da1167d8f0c6'],indexer-generic-sparse,0,0,0,0,0,0,0,0,0,0,0,0,,0.0,
Q-010,Q-010,en,setup_configuration,LM1200,60,False,3793.002,deterministic,passthrough,False,none,0.2,True,1.0,1.0,0.1,True,1.0,1.0,0.06666666666666667,True,1.0,1.0,0.05,True,1.0,1.0,0.04,True,1.0,1.0,0.03333333333333333,True,1.0,1.0,0.02857142857142857,True,1.0,1.0,0.025,True,1.0,1.0,0.022222222222222223,True,1.0,1.0,0.02,True,1.0,1.0,0.01818181818181818,True,1.0,1.0,0.016666666666666666,True,1.0,1.0,['37f50132-32d9-5fb0-a62d-366e401ac417'],indexer-generic-sparse,1,1,1,1,1,1,1,1,1,1,1,1,1,1.0,5
Q-011,Q-011,en,setup_configuration,LM1200,60,False,4973.582,deterministic,passthrough,False,none,0.0,False,0.0,0.0,0.1,True,1.0,0.2890648263178879,0.06666666666666667,True,1.0,0.2890648263178879,0.05,True,1.0,0.2890648263178879,0.04,True,1.0,0.2890648263178879,0.03333333333333333,True,1.0,0.2890648263178879,0.02857142857142857,True,1.0,0.2890648263178879,0.025,True,1.0,0.2890648263178879,0.022222222222222223,True,1.0,0.2890648263178879,0.02,True,1.0,0.2890648263178879,0.01818181818181818,True,1.0,0.2890648263178879,0.016666666666666666,True,1.0,0.2890648263178879,['36789817-932f-55f7-9c50-bb45d2df0cbe'],indexer-generic-sparse,0,1,1,1,1,1,1,1,1,1,1,1,10,0.1,10
Q-012,Q-012,en,setup_configuration,LM1200,60,False,4970.829,deterministic,passthrough,False,none,0.0,False,0.0,0.0,0.0,False,0.0,0.0,0.0,False,0.0,0.0,0.0,False,0.0,0.0,0.0,False,0.0,0.0,0.0,False,0.0,0.0,0.0,False,0.0,0.0,0.0,False,0.0,0.0,0.0,False,0.0,0.0,0.0,False,0.0,0.0,0.0,False,0.0,0.0,0.0,False,0.0,0.0,['fa675707-eec3-5dae-b80f-46a21238adcf'],indexer-generic-sparse,0,0,0,0,0,0,0,0,0,0,0,0,,0.0,
Q-013,Q-013,en,setup_configuration,LM1200,60,False,5204.134,deterministic,passthrough,False,none,0.4,True,1.0,0.5855700749881525,0.4,True,1.0,0.8215664107074527,0.26666666666666666,True,1.0,0.8215664107074527,0.2,True,1.0,0.8215664107074527,0.16,True,1.0,0.8215664107074527,0.13333333333333333,True,1.0,0.8215664107074527,0.11428571428571428,True,1.0,0.8215664107074527,0.1,True,1.0,0.8215664107074527,0.08888888888888889,True,1.0,0.8215664107074527,0.08,True,1.0,0.8215664107074527,0.07272727272727272,True,1.0,0.8215664107074527,0.06666666666666667,True,1.0,0.8215664107074527,['cf1f57e0-473a-57f3-8d91-a52b0070e80b'],indexer-generic-sparse,2,4,4,4,4,4,4,4,4,4,4,4,1,1.0,5
Q-014,Q-014,en,troubleshooting_diagnostics,LM1200,60,False,4153.559,deterministic,passthrough,False,none,0.0,False,0.0,0.0,0.1,True,1.0,0.3010299956639812,0.06666666666666667,True,1.0,0.3010299956639812,0.05,True,1.0,0.3010299956639812,0.04,True,1.0,0.3010299956639812,0.03333333333333333,True,1.0,0.3010299956639812,0.02857142857142857,True,1.0,0.3010299956639812,0.025,True,1.0,0.3010299956639812,0.022222222222222223,True,1.0,0.3010299956639812,0.02,True,1.0,0.3010299956639812,0.01818181818181818,True,1.0,0.3010299956639812,0.016666666666666666,True,1.0,0.3010299956639812,['72dd6f50-8da8-5970-b90b-3a0719762e64'],indexer-generic-sparse,0,1,1,1,1,1,1,1,1,1,1,1,9,0.1111111111111111,10
Q-015,Q-015,en,features_security_maintenance_limitations,LM1200,60,False,4050.506,deterministic,passthrough,False,none,0.0,False,0.0,0.0,0.2,True,1.0,0.21515079688078367,0.13333333333333333,True,1.0,0.21515079688078367,0.2,True,1.0,0.37495992454030974,0.2,True,1.0,0.44893222098117935,0.16666666666666666,True,1.0,0.44893222098117935,0.14285714285714285,True,1.0,0.44893222098117935,0.125,True,1.0,0.44893222098117935,0.1111111111111111,True,1.0,0.44893222098117935,0.1,True,1.0,0.44893222098117935,0.09090909090909091,True,1.0,0.44893222098117935,0.08333333333333333,True,1.0,0.44893222098117935,['eb06abbc-3f74-5ddc-bfd6-17572beb2155'],indexer-generic-sparse,0,2,2,4,5,5,5,5,5,5,5,5,7,0.14285714285714285,10
Q-016,Q-016,en,facts_specifications,LM1200,60,False,4038.707,deterministic,passthrough,False,none,0.8,True,1.0,0.8539316501572937,0.4,True,1.0,0.8539316501572937,0.3333333333333333,True,1.0,0.9407424263932199,0.25,True,1.0,0.9407424263932199,0.2,True,1.0,0.9407424263932199,0.16666666666666666,True,1.0,0.9407424263932199,0.14285714285714285,True,1.0,0.9407424263932199,0.125,True,1.0,0.9407424263932199,0.1111111111111111,True,1.0,0.9407424263932199,0.1,True,1.0,0.9407424263932199,0.09090909090909091,True,1.0,0.9407424263932199,0.08333333333333333,True,1.0,0.9407424263932199,['7e1a62c7-f256-5d08-a456-a62949c30491'],indexer-generic-sparse,4,4,5,5,5,5,5,5,5,5,5,5,1,1.0,5
Q-017,Q-017,en,facts_specifications,LM1200,60,False,4415.712,deterministic,passthrough,False,none,0.0,False,0.0,0.0,0.0,False,0.0,0.0,0.0,False,0.0,0.0,0.0,False,0.0,0.0,0.0,False,0.0,0.0,0.0,False,0.0,0.0,0.0,False,0.0,0.0,0.0,False,0.0,0.0,0.0,False,0.0,0.0,0.0,False,0.0,0.0,0.0,False,0.0,0.0,0.0,False,0.0,0.0,['43434cb0-0be2-5d97-be19-dfb7256b7c44'],indexer-generic-sparse,0,0,0,0,0,0,0,0,0,0,0,0,,0.0,
Q-018,Q-018,en,troubleshooting_diagnostics,LM1200,60,False,4413.921,deterministic,passthrough,False,none,0.0,False,0.0,0.0,0.0,False,0.0,0.0,0.0,False,0.0,0.0,0.0,False,0.0,0.0,0.0,False,0.0,0.0,0.0,False,0.0,0.0,0.0,False,0.0,0.0,0.0,False,0.0,0.0,0.022222222222222223,True,1.0,0.11230971199864632,0.04,True,1.0,0.22209508525518765,0.03636363636363636,True,1.0,0.22209508525518765,0.03333333333333333,True,1.0,0.22209508525518765,['82ef2627-a58c-55ae-ab74-3f865a33e979'],indexer-generic-sparse,0,0,0,0,0,0,0,0,1,2,2,2,43,0.023255813953488372,45
Q-019,Q-019,en,troubleshooting_diagnostics,LM1200,60,False,4426.503,deterministic,passthrough,False,none,0.0,False,0.0,0.0,0.0,False,0.0,0.0,0.0,False,0.0,0.0,0.0,False,0.0,0.0,0.0,False,0.0,0.0,0.0,False,0.0,0.0,0.0,False,0.0,0.0,0.0,False,0.0,0.0,0.0,False,0.0,0.0,0.0,False,0.0,0.0,0.0,False,0.0,0.0,0.0,False,0.0,0.0,['6f442d4b-b8ba-5fe7-b4e9-9e90463dc194'],indexer-generic-sparse,0,0,0,0,0,0,0,0,0,0,0,0,,0.0,
Q-020,Q-020,en,troubleshooting_diagnostics,R6350,60,False,4413.213,deterministic,passthrough,False,none,0.2,True,1.0,0.3903800499921017,0.1,True,1.0,0.3903800499921017,0.06666666666666667,True,1.0,0.3903800499921017,0.05,True,1.0,0.3903800499921017,0.04,True,1.0,0.3903800499921017,0.03333333333333333,True,1.0,0.3903800499921017,0.02857142857142857,True,1.0,0.3903800499921017,0.025,True,1.0,0.3903800499921017,0.044444444444444446,True,1.0,0.4618856713207818,0.08,True,1.0,0.6013121802583385,0.07272727272727272,True,1.0,0.6013121802583385,0.06666666666666667,True,1.0,0.6013121802583385,['1190a45f-877b-5cd2-a8d9-5ab1c390c374'],indexer-generic-sparse,1,1,1,1,1,1,1,1,2,4,4,4,1,1.0,5
Q-021,Q-021,en,troubleshooting_diagnostics,R6350,60,False,3934.393,deterministic,passthrough,False,none,0.2,True,1.0,0.23719771276929622,0.1,True,1.0,0.23719771276929622,0.06666666666666667,True,1.0,0.23719771276929622,0.1,True,1.0,0.38153802715201746,0.08,True,1.0,0.38153802715201746,0.06666666666666667,True,1.0,0.38153802715201746,0.05714285714285714,True,1.0,0.38153802715201746,0.05,True,1.0,0.38153802715201746,0.044444444444444446,True,1.0,0.38153802715201746,0.04,True,1.0,0.38153802715201746,0.03636363636363636,True,1.0,0.38153802715201746,0.03333333333333333,True,1.0,0.38153802715201746,['ad49e55f-a53b-5c41-8bf1-a36c022c9b3b'],indexer-generic-sparse,1,1,1,2,2,2,2,2,2,2,2,2,5,0.2,5
Q-022,Q-022,en,troubleshooting_diagnostics,R6350,60,False,3933.664,deterministic,passthrough,False,none,0.2,True,1.0,1.0,0.1,True,1.0,1.0,0.06666666666666667,True,1.0,1.0,0.05,True,1.0,1.0,0.04,True,1.0,1.0,0.03333333333333333,True,1.0,1.0,0.02857142857142857,True,1.0,1.0,0.025,True,1.0,1.0,0.022222222222222223,True,1.0,1.0,0.02,True,1.0,1.0,0.01818181818181818,True,1.0,1.0,0.016666666666666666,True,1.0,1.0,['d4e1d4fc-7655-51fc-8d81-af75a4b11734'],indexer-generic-sparse,1,1,1,1,1,1,1,1,1,1,1,1,1,1.0,5
Q-023,Q-023,en,troubleshooting_diagnostics,R6350,60,False,3900.779,deterministic,passthrough,False,none,0.0,False,0.0,0.0,0.1,True,1.0,0.2890648263178879,0.06666666666666667,True,1.0,0.2890648263178879,0.05,True,1.0,0.2890648263178879,0.04,True,1.0,0.2890648263178879,0.03333333333333333,True,1.0,0.2890648263178879,0.02857142857142857,True,1.0,0.2890648263178879,0.025,True,1.0,0.2890648263178879,0.022222222222222223,True,1.0,0.2890648263178879,0.02,True,1.0,0.2890648263178879,0.01818181818181818,True,1.0,0.2890648263178879,0.016666666666666666,True,1.0,0.2890648263178879,['31b5dd16-326a-5e79-817f-c2585e0248a2'],indexer-generic-sparse,0,1,1,1,1,1,1,1,1,1,1,1,10,0.1,10
Q-024,Q-024,en,setup_configuration,R6350,60,False,3979.031,deterministic,passthrough,False,none,0.0,False,0.0,0.0,0.0,False,0.0,0.0,0.0,False,0.0,0.0,0.0,False,0.0,0.0,0.0,False,0.0,0.0,0.0,False,0.0,0.0,0.0,False,0.0,0.0,0.0,False,0.0,0.0,0.0,False,0.0,0.0,0.0,False,0.0,0.0,0.0,False,0.0,0.0,0.0,False,0.0,0.0,['0528f0b9-15e5-5482-9a68-0f02d2d61d68'],indexer-generic-sparse,0,0,0,0,0,0,0,0,0,0,0,0,,0.0,
Q-025,Q-025,en,setup_configuration,R6350,60,False,4052.112,deterministic,passthrough,False,none,0.0,False,0.0,0.0,0.0,False,0.0,0.0,0.0,False,0.0,0.0,0.0,False,0.0,0.0,0.0,False,0.0,0.0,0.03333333333333333,True,1.0,0.12376320080008647,0.05714285714285714,True,1.0,0.2423620571847346,0.05,True,1.0,0.2423620571847346,0.044444444444444446,True,1.0,0.2423620571847346,0.04,True,1.0,0.2423620571847346,0.03636363636363636,True,1.0,0.2423620571847346,0.03333333333333333,True,1.0,0.2423620571847346,['12d6aaad-d982-5f95-8b7d-63ba7706aba5'],indexer-generic-sparse,0,0,0,0,0,1,2,2,2,2,2,2,30,0.03333333333333333,30
Q-026,Q-026,en,facts_specifications,R6350,60,False,3979.072,deterministic,passthrough,False,none,0.4,True,1.0,0.4776237035032179,0.2,True,1.0,0.4776237035032179,0.13333333333333333,True,1.0,0.4776237035032179,0.1,True,1.0,0.4776237035032179,0.08,True,1.0,0.4776237035032179,0.06666666666666667,True,1.0,0.4776237035032179,0.05714285714285714,True,1.0,0.4776237035032179,0.05,True,1.0,0.4776237035032179,0.06666666666666667,True,1.0,0.5646509849537465,0.06,True,1.0,0.5646509849537465,0.05454545454545454,True,1.0,0.5646509849537465,0.05,True,1.0,0.5646509849537465,['3fbed70d-f242-5a78-90cc-f0f2674fe5f7'],indexer-generic-sparse,2,2,2,2,2,2,2,2,3,3,3,3,2,0.5,5
Q-027,Q-027,en,setup_configuration,R6350,60,False,4037.151,deterministic,passthrough,False,none,0.0,False,0.0,0.0,0.0,False,0.0,0.0,0.0,False,0.0,0.0,0.0,False,0.0,0.0,0.04,True,1.0,0.1304446455081745,0.03333333333333333,True,1.0,0.1304446455081745,0.02857142857142857,True,1.0,0.1304446455081745,0.025,True,1.0,0.1304446455081745,0.044444444444444446,True,1.0,0.2441521936164037,0.04,True,1.0,0.2441521936164037,0.03636363636363636,True,1.0,0.2441521936164037,0.03333333333333333,True,1.0,0.2441521936164037,['92de127d-5c3f-5d2a-a801-234fc3e5b014'],indexer-generic-sparse,0,0,0,0,1,1,1,1,2,2,2,2,25,0.04,25
Q-028,Q-028,en,troubleshooting_diagnostics,R6350,60,False,4125.498,deterministic,passthrough,False,none,0.0,False,0.0,0.0,0.0,False,0.0,0.0,0.0,False,0.0,0.0,0.0,False,0.0,0.0,0.0,False,0.0,0.0,0.0,False,0.0,0.0,0.0,False,0.0,0.0,0.0,False,0.0,0.0,0.0,False,0.0,0.0,0.0,False,0.0,0.0,0.0,False,0.0,0.0,0.0,False,0.0,0.0,['2a3ade55-f893-5d78-8ead-3ff6b3d197c7'],indexer-generic-sparse,0,0,0,0,0,0,0,0,0,0,0,0,,0.0,
Q-029,Q-029,en,features_security_maintenance_limitations,R6350,60,False,5295.29,deterministic,passthrough,False,none,0.0,False,0.0,0.0,0.0,False,0.0,0.0,0.0,False,0.0,0.0,0.0,False,0.0,0.0,0.0,False,0.0,0.0,0.0,False,0.0,0.0,0.0,False,0.0,0.0,0.0,False,0.0,0.0,0.0,False,0.0,0.0,0.0,False,0.0,0.0,0.0,False,0.0,0.0,0.0,False,0.0,0.0,['5a7fc3bd-5bd0-57b2-944d-5a981598dcf7'],indexer-generic-sparse,0,0,0,0,0,0,0,0,0,0,0,0,,0.0,
Q-030,Q-030,en,setup_configuration,R6350,60,False,5305.186,deterministic,passthrough,False,none,0.2,True,1.0,0.24630238874073,0.1,True,1.0,0.24630238874073,0.13333333333333333,True,1.0,0.3488355273589519,0.1,True,1.0,0.3488355273589519,0.12,True,1.0,0.4318873423807361,0.13333333333333333,True,1.0,0.5139881386276461,0.11428571428571428,True,1.0,0.5139881386276461,0.1,True,1.0,0.5139881386276461,0.08888888888888889,True,1.0,0.5139881386276461,0.08,True,1.0,0.5139881386276461,0.07272727272727272,True,1.0,0.5139881386276461,0.06666666666666667,True,1.0,0.5139881386276461,['006d8e6b-77f6-54fa-826b-6d417979808f'],indexer-generic-sparse,1,1,2,2,3,4,4,4,4,4,4,4,2,0.5,5
Q-031,Q-031,en,troubleshooting_diagnostics,R6350,60,False,5491.528,deterministic,passthrough,False,none,0.0,False,0.0,0.0,0.0,False,0.0,0.0,0.0,False,0.0,0.0,0.0,False,0.0,0.0,0.0,False,0.0,0.0,0.0,False,0.0,0.0,0.0,False,0.0,0.0,0.0,False,0.0,0.0,0.0,False,0.0,0.0,0.0,False,0.0,0.0,0.0,False,0.0,0.0,0.0,False,0.0,0.0,['818e0932-f3ff-5602-b5b9-5f1d94d353ed'],indexer-generic-sparse,0,0,0,0,0,0,0,0,0,0,0,0,,0.0,
Q-032,Q-032,en,facts_specifications,R7000,60,False,5939.36,deterministic,passthrough,False,none,0.0,False,0.0,0.0,0.0,False,0.0,0.0,0.0,False,0.0,0.0,0.0,False,0.0,0.0,0.0,False,0.0,0.0,0.0,False,0.0,0.0,0.0,False,0.0,0.0,0.0,False,0.0,0.0,0.0,False,0.0,0.0,0.0,False,0.0,0.0,0.0,False,0.0,0.0,0.016666666666666666,True,1.0,0.16929380759878143,['cf6a9c70-f40a-521b-8ee5-c0a7ff8c1279'],indexer-generic-sparse,0,0,0,0,0,0,0,0,0,0,0,1,59,0.01694915254237288,60
Q-033,Q-033,en,setup_configuration,R7000,60,False,3955.516,deterministic,passthrough,False,none,0.0,False,0.0,0.0,0.0,False,0.0,0.0,0.0,False,0.0,0.0,0.0,False,0.0,0.0,0.0,False,0.0,0.0,0.0,False,0.0,0.0,0.0,False,0.0,0.0,0.0,False,0.0,0.0,0.0,False,0.0,0.0,0.0,False,0.0,0.0,0.0,False,0.0,0.0,0.0,False,0.0,0.0,['9213a4bb-497e-56d3-be43-8791bb53a54e'],indexer-generic-sparse,0,0,0,0,0,0,0,0,0,0,0,0,,0.0,
Q-034,Q-034,en,setup_configuration,R7000,60,False,4045.624,deterministic,passthrough,False,none,0.0,False,0.0,0.0,0.0,False,0.0,0.0,0.0,False,0.0,0.0,0.0,False,0.0,0.0,0.0,False,0.0,0.0,0.0,False,0.0,0.0,0.0,False,0.0,0.0,0.0,False,0.0,0.0,0.0,False,0.0,0.0,0.0,False,0.0,0.0,0.0,False,0.0,0.0,0.0,False,0.0,0.0,['8aecb252-6293-553d-8e28-ef7b756f0c82'],indexer-generic-sparse,0,0,0,0,0,0,0,0,0,0,0,0,,0.0,
Q-035,Q-035,en,facts_specifications,R7000,60,False,4476.314,deterministic,passthrough,False,none,0.0,False,0.0,0.0,0.1,True,1.0,0.13565197343244778,0.06666666666666667,True,1.0,0.13565197343244778,0.1,True,1.0,0.24612436839154522,0.12,True,1.0,0.34717804164181904,0.1,True,1.0,0.34717804164181904,0.08571428571428572,True,1.0,0.34717804164181904,0.075,True,1.0,0.34717804164181904,0.06666666666666667,True,1.0,0.34717804164181904,0.06,True,1.0,0.34717804164181904,0.05454545454545454,True,1.0,0.34717804164181904,0.05,True,1.0,0.34717804164181904,['54a5ae0e-dabe-533f-8906-cd65b27661ec'],indexer-generic-sparse,0,1,1,2,3,3,3,3,3,3,3,3,10,0.1,10
Q-036,Q-036,en,facts_specifications,R7000,60,False,4411.545,deterministic,passthrough,False,none,0.0,False,0.0,0.0,0.0,False,0.0,0.0,0.0,False,0.0,0.0,0.0,False,0.0,0.0,0.0,False,0.0,0.0,0.0,False,0.0,0.0,0.0,False,0.0,0.0,0.0,False,0.0,0.0,0.0,False,0.0,0.0,0.0,False,0.0,0.0,0.0,False,0.0,0.0,0.0,False,0.0,0.0,['537310b8-39d1-57ca-81f0-ddddc2ad9916'],indexer-generic-sparse,0,0,0,0,0,0,0,0,0,0,0,0,,0.0,
Q-037,Q-037,en,features_security_maintenance_limitations,R7000,60,False,3951.745,deterministic,passthrough,False,none,0.0,False,0.0,0.0,0.0,False,0.0,0.0,0.0,False,0.0,0.0,0.0,False,0.0,0.0,0.0,False,0.0,0.0,0.0,False,0.0,0.0,0.0,False,0.0,0.0,0.0,False,0.0,0.0,0.0,False,0.0,0.0,0.0,False,0.0,0.0,0.0,False,0.0,0.0,0.0,False,0.0,0.0,['79d677ad-2fef-50d3-92dd-c07a6df0f14e'],indexer-generic-sparse,0,0,0,0,0,0,0,0,0,0,0,0,,0.0,
Q-038,Q-038,en,setup_configuration,R7000,60,False,4360.894,deterministic,passthrough,False,none,0.0,False,0.0,0.0,0.0,False,0.0,0.0,0.0,False,0.0,0.0,0.05,True,1.0,0.23137821315975915,0.04,True,1.0,0.23137821315975915,0.03333333333333333,True,1.0,0.23137821315975915,0.02857142857142857,True,1.0,0.23137821315975915,0.025,True,1.0,0.23137821315975915,0.022222222222222223,True,1.0,0.23137821315975915,0.02,True,1.0,0.23137821315975915,0.01818181818181818,True,1.0,0.23137821315975915,0.016666666666666666,True,1.0,0.23137821315975915,['d4980606-c8d1-5aca-adbe-96e35254c9e1'],indexer-generic-sparse,0,0,0,1,1,1,1,1,1,1,1,1,19,0.05263157894736842,20
Q-039,Q-039,en,features_security_maintenance_limitations,R7000,60,False,4750.734,deterministic,passthrough,False,none,0.0,False,0.0,0.0,0.1,True,1.0,0.20438239758848611,0.06666666666666667,True,1.0,0.20438239758848611,0.05,True,1.0,0.20438239758848611,0.04,True,1.0,0.20438239758848611,0.03333333333333333,True,1.0,0.20438239758848611,0.02857142857142857,True,1.0,0.20438239758848611,0.025,True,1.0,0.20438239758848611,0.044444444444444446,True,1.0,0.31538815757513655,0.04,True,1.0,0.31538815757513655,0.03636363636363636,True,1.0,0.31538815757513655,0.03333333333333333,True,1.0,0.31538815757513655,['af255485-98d7-59f8-94db-806fd6280e64'],indexer-generic-sparse,0,1,1,1,1,1,1,1,2,2,2,2,7,0.14285714285714285,10
Q-040,Q-040,en,setup_configuration,R7000,60,False,4180.879,deterministic,passthrough,False,none,0.4,True,1.0,0.6509209298071326,0.2,True,1.0,0.6509209298071326,0.13333333333333333,True,1.0,0.6509209298071326,0.1,True,1.0,0.6509209298071326,0.08,True,1.0,0.6509209298071326,0.06666666666666667,True,1.0,0.6509209298071326,0.05714285714285714,True,1.0,0.6509209298071326,0.05,True,1.0,0.6509209298071326,0.044444444444444446,True,1.0,0.6509209298071326,0.04,True,1.0,0.6509209298071326,0.03636363636363636,True,1.0,0.6509209298071326,0.03333333333333333,True,1.0,0.6509209298071326,['89cf7641-ad76-514d-a38e-ff036b200250'],indexer-generic-sparse,2,2,2,2,2,2,2,2,2,2,2,2,2,0.5,5
Q-041,Q-041,en,setup_configuration,R7000,60,False,3466.146,deterministic,passthrough,False,none,0.0,False,0.0,0.0,0.0,False,0.0,0.0,0.0,False,0.0,0.0,0.0,False,0.0,0.0,0.0,False,0.0,0.0,0.0,False,0.0,0.0,0.0,False,0.0,0.0,0.0,False,0.0,0.0,0.0,False,0.0,0.0,0.02,True,1.0,0.1781035935540111,0.01818181818181818,True,1.0,0.1781035935540111,0.016666666666666666,True,1.0,0.1781035935540111,['0cff8f5c-96b8-5d33-9c11-37f93f8300fb'],indexer-generic-sparse,0,0,0,0,0,0,0,0,0,1,1,1,48,0.020833333333333332,50
Q-042,Q-042,en,troubleshooting_diagnostics,R7000,60,False,3508.81,deterministic,passthrough,False,none,0.0,False,0.0,0.0,0.0,False,0.0,0.0,0.0,False,0.0,0.0,0.0,False,0.0,0.0,0.0,False,0.0,0.0,0.0,False,0.0,0.0,0.0,False,0.0,0.0,0.0,False,0.0,0.0,0.0,False,0.0,0.0,0.0,False,0.0,0.0,0.0,False,0.0,0.0,0.0,False,0.0,0.0,['f2289449-f54e-5af6-8243-762118ef305b'],indexer-generic-sparse,0,0,0,0,0,0,0,0,0,0,0,0,,0.0,
Q-043,Q-043,en,troubleshooting_diagnostics,R7000,60,False,3393.36,deterministic,passthrough,False,none,0.0,False,0.0,0.0,0.0,False,0.0,0.0,0.0,False,0.0,0.0,0.0,False,0.0,0.0,0.0,False,0.0,0.0,0.0,False,0.0,0.0,0.0,False,0.0,0.0,0.0,False,0.0,0.0,0.022222222222222223,True,1.0,0.1810425967800402,0.02,True,1.0,0.1810425967800402,0.01818181818181818,True,1.0,0.1810425967800402,0.016666666666666666,True,1.0,0.1810425967800402,['65aa662f-9473-5c74-b996-74e7f545f09c'],indexer-generic-sparse,0,0,0,0,0,0,0,0,1,1,1,1,45,0.022222222222222223,45
Q-044,Q-044,en,facts_specifications,RAX120,60,False,3360.558,deterministic,passthrough,False,none,0.0,False,0.0,0.0,0.0,False,0.0,0.0,0.0,False,0.0,0.0,0.0,False,0.0,0.0,0.0,False,0.0,0.0,0.0,False,0.0,0.0,0.0,False,0.0,0.0,0.0,False,0.0,0.0,0.0,False,0.0,0.0,0.0,False,0.0,0.0,0.0,False,0.0,0.0,0.0,False,0.0,0.0,['89d399fa-1c1b-5d37-b35a-194ce673ec69'],indexer-generic-sparse,0,0,0,0,0,0,0,0,0,0,0,0,,0.0,
Q-045,Q-045,en,facts_specifications,RAX120,60,False,3606.261,deterministic,passthrough,False,none,0.2,True,1.0,0.5,0.1,True,1.0,0.5,0.06666666666666667,True,1.0,0.5,0.05,True,1.0,0.5,0.04,True,1.0,0.5,0.03333333333333333,True,1.0,0.5,0.02857142857142857,True,1.0,0.5,0.025,True,1.0,0.5,0.022222222222222223,True,1.0,0.5,0.02,True,1.0,0.5,0.01818181818181818,True,1.0,0.5,0.016666666666666666,True,1.0,0.5,['6af6a140-458c-5188-b116-2f8430c69437'],indexer-generic-sparse,1,1,1,1,1,1,1,1,1,1,1,1,3,0.3333333333333333,5
Q-046,Q-046,en,setup_configuration,RAX120,60,False,3610.185,deterministic,passthrough,False,none,0.2,True,1.0,0.2960819109658652,0.2,True,1.0,0.43734888382569426,0.13333333333333333,True,1.0,0.43734888382569426,0.1,True,1.0,0.43734888382569426,0.12,True,1.0,0.5371860808035857,0.1,True,1.0,0.5371860808035857,0.08571428571428572,True,1.0,0.5371860808035857,0.075,True,1.0,0.5371860808035857,0.06666666666666667,True,1.0,0.5371860808035857,0.06,True,1.0,0.5371860808035857,0.05454545454545454,True,1.0,0.5371860808035857,0.05,True,1.0,0.5371860808035857,['f02b327f-e424-5fbd-884a-afa982cfba97'],indexer-generic-sparse,1,2,2,2,3,3,3,3,3,3,3,3,2,0.5,5
Q-047,Q-047,en,facts_specifications,RAX120,60,False,3999.613,deterministic,passthrough,False,none,0.0,False,0.0,0.0,0.0,False,0.0,0.0,0.0,False,0.0,0.0,0.0,False,0.0,0.0,0.0,False,0.0,0.0,0.0,False,0.0,0.0,0.0,False,0.0,0.0,0.0,False,0.0,0.0,0.0,False,0.0,0.0,0.0,False,0.0,0.0,0.0,False,0.0,0.0,0.0,False,0.0,0.0,['304579c0-2505-541b-9272-41a33abdc404'],indexer-generic-sparse,0,0,0,0,0,0,0,0,0,0,0,0,,0.0,
Q-048,Q-048,en,setup_configuration,RAX120,60,False,4020.087,deterministic,passthrough,False,none,0.0,False,0.0,0.0,0.0,False,0.0,0.0,0.0,False,0.0,0.0,0.0,False,0.0,0.0,0.0,False,0.0,0.0,0.0,False,0.0,0.0,0.0,False,0.0,0.0,0.0,False,0.0,0.0,0.0,False,0.0,0.0,0.0,False,0.0,0.0,0.0,False,0.0,0.0,0.0,False,0.0,0.0,['ebd82415-b17d-5082-8472-3811a168faaf'],indexer-generic-sparse,0,0,0,0,0,0,0,0,0,0,0,0,,0.0,
Q-049,Q-049,en,features_security_maintenance_limitations,RAX120,60,False,3566.619,deterministic,passthrough,False,none,0.0,False,0.0,0.0,0.0,False,0.0,0.0,0.0,False,0.0,0.0,0.0,False,0.0,0.0,0.0,False,0.0,0.0,0.0,False,0.0,0.0,0.0,False,0.0,0.0,0.0,False,0.0,0.0,0.0,False,0.0,0.0,0.0,False,0.0,0.0,0.01818181818181818,True,1.0,0.17219543379409813,0.016666666666666666,True,1.0,0.17219543379409813,['0f01b620-ac86-5a3e-bacb-6893a15e210e'],indexer-generic-sparse,0,0,0,0,0,0,0,0,0,0,1,1,55,0.01818181818181818,55
Q-050,Q-050,en,facts_specifications,RAX120,60,False,3571.535,deterministic,passthrough,False,none,0.0,False,0.0,0.0,0.0,False,0.0,0.0,0.0,False,0.0,0.0,0.0,False,0.0,0.0,0.0,False,0.0,0.0,0.0,False,0.0,0.0,0.0,False,0.0,0.0,0.0,False,0.0,0.0,0.022222222222222223,True,1.0,0.18208790046993825,0.02,True,1.0,0.18208790046993825,0.01818181818181818,True,1.0,0.18208790046993825,0.016666666666666666,True,1.0,0.18208790046993825,['bb9735df-2bc3-50f1-9fb8-2235613d714e'],indexer-generic-sparse,0,0,0,0,0,0,0,0,1,1,1,1,44,0.022727272727272728,45
Q-051,Q-051,en,setup_configuration,RAX120,60,False,4942.804,deterministic,passthrough,False,none,0.2,True,1.0,0.3903800499921017,0.1,True,1.0,0.3903800499921017,0.06666666666666667,True,1.0,0.3903800499921017,0.1,True,1.0,0.48227899336075625,0.08,True,1.0,0.48227899336075625,0.06666666666666667,True,1.0,0.48227899336075625,0.05714285714285714,True,1.0,0.48227899336075625,0.05,True,1.0,0.48227899336075625,0.06666666666666667,True,1.0,0.5546745923926344,0.06,True,1.0,0.5546745923926344,0.07272727272727272,True,1.0,0.6221985087957019,0.06666666666666667,True,1.0,0.6221985087957019,['9d1e53fd-0a2d-51bd-bb64-2521b239e8f3'],indexer-generic-sparse,1,1,1,2,2,2,2,2,3,3,4,4,1,1.0,5
Q-052,Q-052,en,features_security_maintenance_limitations,RAX120,60,False,4887.836,deterministic,passthrough,False,none,0.2,True,1.0,0.3065735963827292,0.2,True,1.0,0.4911492931622974,0.13333333333333333,True,1.0,0.4911492931622974,0.1,True,1.0,0.4911492931622974,0.08,True,1.0,0.4911492931622974,0.06666666666666667,True,1.0,0.4911492931622974,0.05714285714285714,True,1.0,0.4911492931622974,0.05,True,1.0,0.4911492931622974,0.044444444444444446,True,1.0,0.4911492931622974,0.04,True,1.0,0.4911492931622974,0.03636363636363636,True,1.0,0.4911492931622974,0.03333333333333333,True,1.0,0.4911492931622974,['d7d2bc93-72bb-53d6-945c-0708fde2888b'],indexer-generic-sparse,1,2,2,2,2,2,2,2,2,2,2,2,3,0.3333333333333333,5
Q-053,Q-053,en,facts_specifications,RAX120,60,False,4743.702,deterministic,passthrough,False,none,0.0,False,0.0,0.0,0.0,False,0.0,0.0,0.06666666666666667,True,1.0,0.16569576576522954,0.05,True,1.0,0.16569576576522954,0.04,True,1.0,0.16569576576522954,0.06666666666666667,True,1.0,0.2906521267882778,0.05714285714285714,True,1.0,0.2906521267882778,0.05,True,1.0,0.2906521267882778,0.044444444444444446,True,1.0,0.2906521267882778,0.04,True,1.0,0.2906521267882778,0.03636363636363636,True,1.0,0.2906521267882778,0.03333333333333333,True,1.0,0.2906521267882778,['cf516841-9648-5ad0-aaaa-b65b9c5d85aa'],indexer-generic-sparse,0,0,1,1,1,2,2,2,2,2,2,2,12,0.08333333333333333,15
Q-054,Q-054,en,troubleshooting_diagnostics,RAX120,60,False,4721.124,deterministic,passthrough,False,none,0.0,False,0.0,0.0,0.0,False,0.0,0.0,0.0,False,0.0,0.0,0.0,False,0.0,0.0,0.0,False,0.0,0.0,0.0,False,0.0,0.0,0.0,False,0.0,0.0,0.0,False,0.0,0.0,0.0,False,0.0,0.0,0.0,False,0.0,0.0,0.0,False,0.0,0.0,0.0,False,0.0,0.0,['48b55cf6-5b08-527e-bd26-f4183bca41e2'],indexer-generic-sparse,0,0,0,0,0,0,0,0,0,0,0,0,,0.0,
Q-055,Q-055,en,facts_specifications,RAX120,60,False,3136.05,deterministic,passthrough,False,none,0.0,False,0.0,0.0,0.0,False,0.0,0.0,0.0,False,0.0,0.0,0.0,False,0.0,0.0,0.0,False,0.0,0.0,0.03333333333333333,True,1.0,0.20584683246043448,0.02857142857142857,True,1.0,0.20584683246043448,0.025,True,1.0,0.20584683246043448,0.022222222222222223,True,1.0,0.20584683246043448,0.02,True,1.0,0.20584683246043448,0.01818181818181818,True,1.0,0.20584683246043448,0.016666666666666666,True,1.0,0.20584683246043448,['7059c14f-c840-5863-9050-2518f69aa8d5'],indexer-generic-sparse,0,0,0,0,0,1,1,1,1,1,1,1,28,0.03571428571428571,30
Q-056,Q-056,en,troubleshooting_diagnostics,RAX50,60,False,3130.102,deterministic,passthrough,False,none,0.0,False,0.0,0.0,0.0,False,0.0,0.0,0.0,False,0.0,0.0,0.0,False,0.0,0.0,0.0,False,0.0,0.0,0.03333333333333333,True,1.0,0.2103099178571525,0.02857142857142857,True,1.0,0.2103099178571525,0.025,True,1.0,0.2103099178571525,0.022222222222222223,True,1.0,0.2103099178571525,0.02,True,1.0,0.2103099178571525,0.01818181818181818,True,1.0,0.2103099178571525,0.016666666666666666,True,1.0,0.2103099178571525,['f42f57b0-65cd-5982-935c-289c54636287'],indexer-generic-sparse,0,0,0,0,0,1,1,1,1,1,1,1,26,0.038461538461538464,30
Q-057,Q-057,en,setup_configuration,RAX50,60,False,3145.615,deterministic,passthrough,False,none,0.0,False,0.0,0.0,0.0,False,0.0,0.0,0.0,False,0.0,0.0,0.0,False,0.0,0.0,0.0,False,0.0,0.0,0.0,False,0.0,0.0,0.0,False,0.0,0.0,0.0,False,0.0,0.0,0.0,False,0.0,0.0,0.0,False,0.0,0.0,0.0,False,0.0,0.0,0.0,False,0.0,0.0,['e00425b6-15d6-5234-b2e5-d0f194e4e777'],indexer-generic-sparse,0,0,0,0,0,0,0,0,0,0,0,0,,0.0,
Q-058,Q-058,en,facts_specifications,RAX50,60,False,3283.436,deterministic,passthrough,False,none,0.0,False,0.0,0.0,0.0,False,0.0,0.0,0.0,False,0.0,0.0,0.0,False,0.0,0.0,0.0,False,0.0,0.0,0.0,False,0.0,0.0,0.0,False,0.0,0.0,0.0,False,0.0,0.0,0.0,False,0.0,0.0,0.0,False,0.0,0.0,0.0,False,0.0,0.0,0.0,False,0.0,0.0,['e87e22a2-a89c-58a7-9ff2-ff82463e19a7'],indexer-generic-sparse,0,0,0,0,0,0,0,0,0,0,0,0,,0.0,
Q-059,Q-059,en,troubleshooting_diagnostics,RAX50,60,False,3925.561,deterministic,passthrough,False,none,0.0,False,0.0,0.0,0.0,False,0.0,0.0,0.0,False,0.0,0.0,0.0,False,0.0,0.0,0.0,False,0.0,0.0,0.0,False,0.0,0.0,0.0,False,0.0,0.0,0.0,False,0.0,0.0,0.0,False,0.0,0.0,0.0,False,0.0,0.0,0.0,False,0.0,0.0,0.0,False,0.0,0.0,['03914fcb-62c9-5345-8ab2-2475379fe1be'],indexer-generic-sparse,0,0,0,0,0,0,0,0,0,0,0,0,,0.0,
Q-060,Q-060,en,features_security_maintenance_limitations,RAX50,60,False,3944.109,deterministic,passthrough,False,none,0.0,False,0.0,0.0,0.0,False,0.0,0.0,0.0,False,0.0,0.0,0.0,False,0.0,0.0,0.0,False,0.0,0.0,0.0,False,0.0,0.0,0.0,False,0.0,0.0,0.0,False,0.0,0.0,0.0,False,0.0,0.0,0.0,False,0.0,0.0,0.0,False,0.0,0.0,0.0,False,0.0,0.0,['d2849132-6a3d-520c-8f2c-bd5e904e522d'],indexer-generic-sparse,0,0,0,0,0,0,0,0,0,0,0,0,,0.0,
Q-061,Q-061,en,troubleshooting_diagnostics,RAX50,60,False,3847.991,deterministic,passthrough,False,none,0.0,False,0.0,0.0,0.0,False,0.0,0.0,0.0,False,0.0,0.0,0.0,False,0.0,0.0,0.0,False,0.0,0.0,0.0,False,0.0,0.0,0.0,False,0.0,0.0,0.025,True,1.0,0.18920035951687003,0.022222222222222223,True,1.0,0.18920035951687003,0.02,True,1.0,0.18920035951687003,0.01818181818181818,True,1.0,0.18920035951687003,0.016666666666666666,True,1.0,0.18920035951687003,['93ffa849-c75e-5120-be9a-d99bb0eed70b'],indexer-generic-sparse,0,0,0,0,0,0,0,1,1,1,1,1,38,0.02631578947368421,40
Q-062,Q-062,en,troubleshooting_diagnostics,RAX50,60,False,3136.191,deterministic,passthrough,False,none,0.0,False,0.0,0.0,0.0,False,0.0,0.0,0.0,False,0.0,0.0,0.05,True,1.0,0.11047239495909743,0.04,True,1.0,0.11047239495909743,0.03333333333333333,True,1.0,0.11047239495909743,0.05714285714285714,True,1.0,0.2012432912277738,0.05,True,1.0,0.2012432912277738,0.044444444444444446,True,1.0,0.2012432912277738,0.04,True,1.0,0.2012432912277738,0.03636363636363636,True,1.0,0.2012432912277738,0.05,True,1.0,0.28169718713240216,['03a4fccb-bb0c-56ec-b67b-eee79c190813'],indexer-generic-sparse,0,0,0,1,1,1,2,2,2,2,2,3,18,0.05555555555555555,20
Q-063,Q-063,en,facts_specifications,RAX50,60,False,3564.768,deterministic,passthrough,False,none,0.0,False,0.0,0.0,0.1,True,1.0,0.31546487678572877,0.06666666666666667,True,1.0,0.31546487678572877,0.05,True,1.0,0.31546487678572877,0.04,True,1.0,0.31546487678572877,0.03333333333333333,True,1.0,0.31546487678572877,0.02857142857142857,True,1.0,0.31546487678572877,0.025,True,1.0,0.31546487678572877,0.022222222222222223,True,1.0,0.31546487678572877,0.02,True,1.0,0.31546487678572877,0.01818181818181818,True,1.0,0.31546487678572877,0.016666666666666666,True,1.0,0.31546487678572877,['a13c3553-78f9-5ede-9cd9-390daad977b6'],indexer-generic-sparse,0,1,1,1,1,1,1,1,1,1,1,1,8,0.125,10
Q-064,Q-064,en,features_security_maintenance_limitations,RAX50,60,False,3541.855,deterministic,passthrough,False,none,0.0,False,0.0,0.0,0.1,True,1.0,0.19342640361727081,0.13333333333333333,True,1.0,0.3591221693825003,0.1,True,1.0,0.3591221693825003,0.08,True,1.0,0.3591221693825003,0.06666666666666667,True,1.0,0.3591221693825003,0.05714285714285714,True,1.0,0.3591221693825003,0.05,True,1.0,0.3591221693825003,0.044444444444444446,True,1.0,0.3591221693825003,0.04,True,1.0,0.3591221693825003,0.03636363636363636,True,1.0,0.3591221693825003,0.03333333333333333,True,1.0,0.3591221693825003,['01143d51-a727-543c-b607-948530c2902c'],indexer-generic-sparse,0,1,2,2,2,2,2,2,2,2,2,2,8,0.125,10
Q-065,Q-065,en,troubleshooting_diagnostics,RAX50,60,False,3826.86,deterministic,passthrough,False,none,0.0,False,0.0,0.0,0.0,False,0.0,0.0,0.0,False,0.0,0.0,0.0,False,0.0,0.0,0.0,False,0.0,0.0,0.0,False,0.0,0.0,0.0,False,0.0,0.0,0.0,False,0.0,0.0,0.0,False,0.0,0.0,0.0,False,0.0,0.0,0.0,False,0.0,0.0,0.0,False,0.0,0.0,['af31b6ec-73a8-5529-8fa5-da1f467d1bef'],indexer-generic-sparse,0,0,0,0,0,0,0,0,0,0,0,0,,0.0,
Q-066,Q-066,en,troubleshooting_diagnostics,RAX50,60,False,3810.315,deterministic,passthrough,False,none,0.0,False,0.0,0.0,0.0,False,0.0,0.0,0.0,False,0.0,0.0,0.0,False,0.0,0.0,0.0,False,0.0,0.0,0.0,False,0.0,0.0,0.0,False,0.0,0.0,0.0,False,0.0,0.0,0.0,False,0.0,0.0,0.0,False,0.0,0.0,0.0,False,0.0,0.0,0.0,False,0.0,0.0,['d6a2438e-ce2e-5744-b23d-64355bb7f3b2'],indexer-generic-sparse,0,0,0,0,0,0,0,0,0,0,0,0,,0.0,
Q-067,Q-067,en,setup_configuration,RAXE500,60,False,3427.106,deterministic,passthrough,False,none,0.0,False,0.0,0.0,0.0,False,0.0,0.0,0.0,False,0.0,0.0,0.0,False,0.0,0.0,0.0,False,0.0,0.0,0.0,False,0.0,0.0,0.0,False,0.0,0.0,0.0,False,0.0,0.0,0.0,False,0.0,0.0,0.0,False,0.0,0.0,0.01818181818181818,True,1.0,0.17376534287144002,0.016666666666666666,True,1.0,0.17376534287144002,['a3662689-f8b9-5c28-8c0a-b2185487bec9'],indexer-generic-sparse,0,0,0,0,0,0,0,0,0,0,1,1,53,0.018867924528301886,55
Q-068,Q-068,en,troubleshooting_diagnostics,RAXE500,60,False,3503.835,deterministic,passthrough,False,none,0.0,False,0.0,0.0,0.0,False,0.0,0.0,0.0,False,0.0,0.0,0.05,True,1.0,0.14704034066641014,0.08,True,1.0,0.27907440195270555,0.06666666666666667,True,1.0,0.27907440195270555,0.05714285714285714,True,1.0,0.27907440195270555,0.05,True,1.0,0.27907440195270555,0.044444444444444446,True,1.0,0.27907440195270555,0.04,True,1.0,0.27907440195270555,0.03636363636363636,True,1.0,0.27907440195270555,0.03333333333333333,True,1.0,0.27907440195270555,['feb09c00-0fd2-5b2c-ae97-969bd349df0e'],indexer-generic-sparse,0,0,0,1,2,2,2,2,2,2,2,2,17,0.058823529411764705,20
Q-069,Q-069,en,facts_specifications,RAXE500,60,False,3523.211,deterministic,passthrough,False,none,0.0,False,0.0,0.0,0.1,True,1.0,0.13565197343244778,0.06666666666666667,True,1.0,0.13565197343244778,0.05,True,1.0,0.13565197343244778,0.04,True,1.0,0.13565197343244778,0.06666666666666667,True,1.0,0.2332687988242164,0.05714285714285714,True,1.0,0.2332687988242164,0.075,True,1.0,0.32335094239785395,0.06666666666666667,True,1.0,0.32335094239785395,0.06,True,1.0,0.32335094239785395,0.05454545454545454,True,1.0,0.32335094239785395,0.05,True,1.0,0.32335094239785395,['eae4f314-abe4-5229-ac3e-d9cc4c571b27'],indexer-generic-sparse,0,1,1,1,1,2,2,3,3,3,3,3,10,0.1,10
Q-070,Q-070,en,setup_configuration,RAXE500,60,False,3542.022,deterministic,passthrough,False,none,0.0,False,0.0,0.0,0.0,False,0.0,0.0,0.0,False,0.0,0.0,0.0,False,0.0,0.0,0.0,False,0.0,0.0,0.0,False,0.0,0.0,0.0,False,0.0,0.0,0.0,False,0.0,0.0,0.0,False,0.0,0.0,0.0,False,0.0,0.0,0.0,False,0.0,0.0,0.0,False,0.0,0.0,['8dba79ed-9bf8-5cb2-833b-a493317e765e'],indexer-generic-sparse,0,0,0,0,0,0,0,0,0,0,0,0,,0.0,
Q-071,Q-071,en,features_security_maintenance_limitations,RAXE500,60,False,3611.458,deterministic,passthrough,False,none,0.0,False,0.0,0.0,0.0,False,0.0,0.0,0.0,False,0.0,0.0,0.0,False,0.0,0.0,0.0,False,0.0,0.0,0.0,False,0.0,0.0,0.0,False,0.0,0.0,0.0,False,0.0,0.0,0.0,False,0.0,0.0,0.0,False,0.0,0.0,0.0,False,0.0,0.0,0.0,False,0.0,0.0,['33088b55-3bd9-50bd-8652-c3cd7fd2d88f'],indexer-generic-sparse,0,0,0,0,0,0,0,0,0,0,0,0,,0.0,
Q-072,Q-072,en,facts_specifications,RAXE500,60,False,3507.908,deterministic,passthrough,False,none,0.0,False,0.0,0.0,0.0,False,0.0,0.0,0.0,False,0.0,0.0,0.0,False,0.0,0.0,0.0,False,0.0,0.0,0.0,False,0.0,0.0,0.0,False,0.0,0.0,0.0,False,0.0,0.0,0.0,False,0.0,0.0,0.0,False,0.0,0.0,0.0,False,0.0,0.0,0.0,False,0.0,0.0,['09ef238c-cabe-5ea4-9616-24e57ee8f002'],indexer-generic-sparse,0,0,0,0,0,0,0,0,0,0,0,0,,0.0,
Q-073,Q-073,en,facts_specifications,RAXE500,60,False,4766.773,deterministic,passthrough,False,none,0.0,False,0.0,0.0,0.1,True,1.0,0.31546487678572877,0.06666666666666667,True,1.0,0.31546487678572877,0.05,True,1.0,0.31546487678572877,0.04,True,1.0,0.31546487678572877,0.03333333333333333,True,1.0,0.31546487678572877,0.02857142857142857,True,1.0,0.31546487678572877,0.025,True,1.0,0.31546487678572877,0.022222222222222223,True,1.0,0.31546487678572877,0.02,True,1.0,0.31546487678572877,0.01818181818181818,True,1.0,0.31546487678572877,0.016666666666666666,True,1.0,0.31546487678572877,['04f1b52b-9f18-591e-ac0a-b16ee4a34dad'],indexer-generic-sparse,0,1,1,1,1,1,1,1,1,1,1,1,8,0.125,10
Q-074,Q-074,en,setup_configuration,RAXE500,60,False,4766.007,deterministic,passthrough,False,none,0.2,True,1.0,0.23719771276929622,0.1,True,1.0,0.23719771276929622,0.06666666666666667,True,1.0,0.23719771276929622,0.05,True,1.0,0.23719771276929622,0.08,True,1.0,0.3709277471303228,0.06666666666666667,True,1.0,0.3709277471303228,0.05714285714285714,True,1.0,0.3709277471303228,0.05,True,1.0,0.3709277471303228,0.044444444444444446,True,1.0,0.3709277471303228,0.04,True,1.0,0.3709277471303228,0.03636363636363636,True,1.0,0.3709277471303228,0.03333333333333333,True,1.0,0.3709277471303228,['8533530e-9001-5a31-a453-6077909ff031'],indexer-generic-sparse,1,1,1,1,2,2,2,2,2,2,2,2,5,0.2,5
Q-075,Q-075,en,features_security_maintenance_limitations,RAXE500,60,False,4580.175,deterministic,passthrough,False,none,0.2,True,1.0,0.16812753627111746,0.1,True,1.0,0.16812753627111746,0.06666666666666667,True,1.0,0.16812753627111746,0.05,True,1.0,0.16812753627111746,0.08,True,1.0,0.25566785157959465,0.06666666666666667,True,1.0,0.25566785157959465,0.05714285714285714,True,1.0,0.25566785157959465,0.05,True,1.0,0.25566785157959465,0.06666666666666667,True,1.0,0.326751335268006,0.06,True,1.0,0.326751335268006,0.05454545454545454,True,1.0,0.326751335268006,0.06666666666666667,True,1.0,0.3933920516371447,['b2cee766-ed4f-59bb-8d66-703a2aecba75'],indexer-generic-sparse,1,1,1,1,2,2,2,2,3,3,3,4,4,0.25,5
Q-076,Q-076,en,features_security_maintenance_limitations,RAXE500,60,False,4581.954,deterministic,passthrough,False,none,0.0,False,0.0,0.0,0.0,False,0.0,0.0,0.06666666666666667,True,1.0,0.10549558423511038,0.05,True,1.0,0.10549558423511038,0.08,True,1.0,0.1917948443722211,0.06666666666666667,True,1.0,0.1917948443722211,0.05714285714285714,True,1.0,0.1917948443722211,0.05,True,1.0,0.1917948443722211,0.044444444444444446,True,1.0,0.1917948443722211,0.04,True,1.0,0.1917948443722211,0.07272727272727272,True,1.0,0.32685102966222024,0.06666666666666667,True,1.0,0.32685102966222024,['0fc19ad4-a3f3-5128-a97a-000311ce8919'],indexer-generic-sparse,0,0,1,1,2,2,2,2,2,2,4,4,12,0.08333333333333333,15
Q-077,Q-077,en,troubleshooting_diagnostics,RAXE500,60,False,3324.208,deterministic,passthrough,False,none,0.0,False,0.0,0.0,0.0,False,0.0,0.0,0.0,False,0.0,0.0,0.0,False,0.0,0.0,0.0,False,0.0,0.0,0.0,False,0.0,0.0,0.0,False,0.0,0.0,0.0,False,0.0,0.0,0.0,False,0.0,0.0,0.0,False,0.0,0.0,0.0,False,0.0,0.0,0.0,False,0.0,0.0,['494eba00-b9d1-5fec-898e-b212c6f28baf'],indexer-generic-sparse,0,0,0,0,0,0,0,0,0,0,0,0,,0.0,
Q-078,Q-078,en,facts_specifications,RBK852,60,False,3321.917,deterministic,passthrough,False,none,0.2,True,1.0,0.2960819109658652,0.2,True,1.0,0.4632423659320675,0.13333333333333333,True,1.0,0.4632423659320675,0.1,True,1.0,0.4632423659320675,0.08,True,1.0,0.4632423659320675,0.1,True,1.0,0.5619363362540226,0.08571428571428572,True,1.0,0.5619363362540226,0.075,True,1.0,0.5619363362540226,0.06666666666666667,True,1.0,0.5619363362540226,0.06,True,1.0,0.5619363362540226,0.05454545454545454,True,1.0,0.5619363362540226,0.05,True,1.0,0.5619363362540226,['fd0ce992-9b7f-58e2-9140-f25a95a0b95b'],indexer-generic-sparse,1,2,2,2,2,3,3,3,3,3,3,3,2,0.5,5
Q-079,Q-079,en,facts_specifications,RBK852,60,False,3432.679,deterministic,passthrough,False,none,0.0,False,0.0,0.0,0.0,False,0.0,0.0,0.0,False,0.0,0.0,0.05,True,1.0,0.14434031438272124,0.08,True,1.0,0.27807034874374775,0.06666666666666667,True,1.0,0.27807034874374775,0.05714285714285714,True,1.0,0.27807034874374775,0.05,True,1.0,0.27807034874374775,0.044444444444444446,True,1.0,0.27807034874374775,0.04,True,1.0,0.27807034874374775,0.03636363636363636,True,1.0,0.27807034874374775,0.03333333333333333,True,1.0,0.27807034874374775,['bafbe93c-5d33-537b-82ee-2c89ca1550eb'],indexer-generic-sparse,0,0,0,1,2,2,2,2,2,2,2,2,18,0.05555555555555555,20
Q-080,Q-080,en,setup_configuration,RBK852,60,False,3431.446,deterministic,passthrough,False,none,0.0,False,0.0,0.0,0.0,False,0.0,0.0,0.0,False,0.0,0.0,0.05,True,1.0,0.14186890186599416,0.04,True,1.0,0.14186890186599416,0.03333333333333333,True,1.0,0.14186890186599416,0.02857142857142857,True,1.0,0.14186890186599416,0.025,True,1.0,0.14186890186599416,0.022222222222222223,True,1.0,0.14186890186599416,0.02,True,1.0,0.14186890186599416,0.01818181818181818,True,1.0,0.14186890186599416,0.03333333333333333,True,1.0,0.24525354999094698,['acfcfc10-9010-5a5e-9f6c-e4bbbf310479'],indexer-generic-sparse,0,0,0,1,1,1,1,1,1,1,1,2,19,0.05263157894736842,20
Q-081,Q-081,en,features_security_maintenance_limitations,RBK852,60,False,3437.836,deterministic,passthrough,False,none,0.0,False,0.0,0.0,0.1,True,1.0,0.15642624200758548,0.06666666666666667,True,1.0,0.15642624200758548,0.05,True,1.0,0.15642624200758548,0.04,True,1.0,0.15642624200758548,0.06666666666666667,True,1.0,0.25206292207596587,0.08571428571428572,True,1.0,0.3428338183446422,0.075,True,1.0,0.3428338183446422,0.06666666666666667,True,1.0,0.3428338183446422,0.06,True,1.0,0.3428338183446422,0.05454545454545454,True,1.0,0.3428338183446422,0.05,True,1.0,0.3428338183446422,['aee81160-3f45-597d-97ea-c7a1ad45d30a'],indexer-generic-sparse,0,1,1,1,1,2,3,3,3,3,3,3,7,0.14285714285714285,10
Q-082,Q-082,en,setup_configuration,RBK852,60,False,3533.512,deterministic,passthrough,False,none,0.0,False,0.0,0.0,0.1,True,1.0,0.15642624200758548,0.13333333333333333,True,1.0,0.27968208120030896,0.1,True,1.0,0.27968208120030896,0.08,True,1.0,0.27968208120030896,0.1,True,1.0,0.3753187612686894,0.08571428571428572,True,1.0,0.3753187612686894,0.075,True,1.0,0.3753187612686894,0.06666666666666667,True,1.0,0.3753187612686894,0.06,True,1.0,0.3753187612686894,0.05454545454545454,True,1.0,0.3753187612686894,0.05,True,1.0,0.3753187612686894,['a6546993-1d1a-5eb2-b616-d7c4995490a6'],indexer-generic-sparse,0,1,2,2,2,3,3,3,3,3,3,3,7,0.14285714285714285,10
Q-083,Q-083,en,features_security_maintenance_limitations,RBK852,60,False,3836.379,deterministic,passthrough,False,none,0.0,False,0.0,0.0,0.0,False,0.0,0.0,0.0,False,0.0,0.0,0.0,False,0.0,0.0,0.0,False,0.0,0.0,0.0,False,0.0,0.0,0.0,False,0.0,0.0,0.0,False,0.0,0.0,0.0,False,0.0,0.0,0.0,False,0.0,0.0,0.0,False,0.0,0.0,0.0,False,0.0,0.0,['83b0f8da-6afa-5070-9d44-c12b3b247e8b'],indexer-generic-sparse,0,0,0,0,0,0,0,0,0,0,0,0,,0.0,
Q-084,Q-084,en,facts_specifications,RBK852,60,False,3799.46,deterministic,passthrough,False,none,0.0,False,0.0,0.0,0.0,False,0.0,0.0,0.0,False,0.0,0.0,0.0,False,0.0,0.0,0.0,False,0.0,0.0,0.0,False,0.0,0.0,0.0,False,0.0,0.0,0.0,False,0.0,0.0,0.0,False,0.0,0.0,0.0,False,0.0,0.0,0.0,False,0.0,0.0,0.0,False,0.0,0.0,['0121bbc3-46f8-588c-b9d6-e7e69974a9fe'],indexer-generic-sparse,0,0,0,0,0,0,0,0,0,0,0,0,,0.0,
Q-085,Q-085,en,features_security_maintenance_limitations,RBK852,60,False,3633.704,deterministic,passthrough,False,none,0.0,False,0.0,0.0,0.0,False,0.0,0.0,0.0,False,0.0,0.0,0.0,False,0.0,0.0,0.0,False,0.0,0.0,0.03333333333333333,True,1.0,0.12754356661958802,0.05714285714285714,True,1.0,0.24708214359806263,0.05,True,1.0,0.24708214359806263,0.044444444444444446,True,1.0,0.24708214359806263,0.04,True,1.0,0.24708214359806263,0.03636363636363636,True,1.0,0.24708214359806263,0.03333333333333333,True,1.0,0.24708214359806263,['e8fbf22f-7fac-51cc-8b76-ef68177b1407'],indexer-generic-sparse,0,0,0,0,0,1,2,2,2,2,2,2,27,0.037037037037037035,30
Q-086,Q-086,en,features_security_maintenance_limitations,RBK852,60,False,3606.128,deterministic,passthrough,False,none,0.0,False,0.0,0.0,0.0,False,0.0,0.0,0.0,False,0.0,0.0,0.0,False,0.0,0.0,0.0,False,0.0,0.0,0.0,False,0.0,0.0,0.0,False,0.0,0.0,0.0,False,0.0,0.0,0.0,False,0.0,0.0,0.0,False,0.0,0.0,0.0,False,0.0,0.0,0.0,False,0.0,0.0,['64c7ce15-7a5a-580d-adbe-160bed89ad0b'],indexer-generic-sparse,0,0,0,0,0,0,0,0,0,0,0,0,,0.0,
Q-087,Q-087,en,troubleshooting_diagnostics,RBK852,60,False,3313.251,deterministic,passthrough,False,none,0.0,False,0.0,0.0,0.0,False,0.0,0.0,0.0,False,0.0,0.0,0.0,False,0.0,0.0,0.0,False,0.0,0.0,0.0,False,0.0,0.0,0.0,False,0.0,0.0,0.0,False,0.0,0.0,0.0,False,0.0,0.0,0.0,False,0.0,0.0,0.0,False,0.0,0.0,0.0,False,0.0,0.0,['594cc248-162e-5180-b1f6-243ea1c30a9e'],indexer-generic-sparse,0,0,0,0,0,0,0,0,0,0,0,0,,0.0,
Q-088,Q-088,en,troubleshooting_diagnostics,RBK852,60,False,3305.544,deterministic,passthrough,False,none,0.2,True,1.0,0.21398626473452756,0.1,True,1.0,0.21398626473452756,0.06666666666666667,True,1.0,0.21398626473452756,0.1,True,1.0,0.29382760011519554,0.08,True,1.0,0.29382760011519554,0.1,True,1.0,0.3651563550267047,0.08571428571428572,True,1.0,0.3651563550267047,0.1,True,1.0,0.4288851764663327,0.1111111111111111,True,1.0,0.4902876207535196,0.1,True,1.0,0.4902876207535196,0.09090909090909091,True,1.0,0.4902876207535196,0.08333333333333333,True,1.0,0.4902876207535196,['8989f72f-c45f-5a19-b2ce-b190765e7b28'],indexer-generic-sparse,1,1,1,2,2,3,3,4,5,5,5,5,2,0.5,5
Q-089,Q-089,en,facts_specifications,XR500,60,False,3394.488,deterministic,passthrough,False,none,0.0,False,0.0,0.0,0.0,False,0.0,0.0,0.06666666666666667,True,1.0,0.27023815442731974,0.05,True,1.0,0.27023815442731974,0.04,True,1.0,0.27023815442731974,0.03333333333333333,True,1.0,0.27023815442731974,0.02857142857142857,True,1.0,0.27023815442731974,0.025,True,1.0,0.27023815442731974,0.022222222222222223,True,1.0,0.27023815442731974,0.02,True,1.0,0.27023815442731974,0.01818181818181818,True,1.0,0.27023815442731974,0.016666666666666666,True,1.0,0.27023815442731974,['3252b308-2ca3-5fec-b98f-6d89b53b5bb2'],indexer-generic-sparse,0,0,1,1,1,1,1,1,1,1,1,1,12,0.08333333333333333,15
Q-090,Q-090,en,setup_configuration,XR500,60,False,3334.025,deterministic,passthrough,False,none,0.0,False,0.0,0.0,0.0,False,0.0,0.0,0.0,False,0.0,0.0,0.0,False,0.0,0.0,0.0,False,0.0,0.0,0.0,False,0.0,0.0,0.0,False,0.0,0.0,0.025,True,1.0,0.11769895029887298,0.044444444444444446,True,1.0,0.23000866229751932,0.04,True,1.0,0.23000866229751932,0.03636363636363636,True,1.0,0.23000866229751932,0.03333333333333333,True,1.0,0.23000866229751932,['cb248990-463a-5428-8ee2-082f71f0484e'],indexer-generic-sparse,0,0,0,0,0,0,0,1,2,2,2,2,36,0.027777777777777776,40
Q-091,Q-091,en,features_security_maintenance_limitations,XR500,60,False,3535.427,deterministic,passthrough,False,none,0.0,False,0.0,0.0,0.0,False,0.0,0.0,0.0,False,0.0,0.0,0.0,False,0.0,0.0,0.0,False,0.0,0.0,0.0,False,0.0,0.0,0.0,False,0.0,0.0,0.0,False,0.0,0.0,0.0,False,0.0,0.0,0.0,False,0.0,0.0,0.0,False,0.0,0.0,0.0,False,0.0,0.0,['44b909e7-8fcd-5a49-bae0-e2be984df636'],indexer-generic-sparse,0,0,0,0,0,0,0,0,0,0,0,0,,0.0,
Q-092,Q-092,en,features_security_maintenance_limitations,XR500,60,False,3566.483,deterministic,passthrough,False,none,0.0,False,0.0,0.0,0.0,False,0.0,0.0,0.0,False,0.0,0.0,0.0,False,0.0,0.0,0.0,False,0.0,0.0,0.0,False,0.0,0.0,0.0,False,0.0,0.0,0.0,False,0.0,0.0,0.022222222222222223,True,1.0,0.1810425967800402,0.02,True,1.0,0.1810425967800402,0.01818181818181818,True,1.0,0.1810425967800402,0.016666666666666666,True,1.0,0.1810425967800402,['d9934c94-0789-5258-8d3c-3482e84637b0'],indexer-generic-sparse,0,0,0,0,0,0,0,0,1,1,1,1,45,0.022222222222222223,45
Q-093,Q-093,en,features_security_maintenance_limitations,XR500,60,False,3835.727,deterministic,passthrough,False,none,0.0,False,0.0,0.0,0.1,True,1.0,0.16716045496620227,0.06666666666666667,True,1.0,0.16716045496620227,0.1,True,1.0,0.2740012592279925,0.08,True,1.0,0.2740012592279925,0.06666666666666667,True,1.0,0.2740012592279925,0.08571428571428572,True,1.0,0.36785700443254377,0.075,True,1.0,0.36785700443254377,0.06666666666666667,True,1.0,0.36785700443254377,0.06,True,1.0,0.36785700443254377,0.05454545454545454,True,1.0,0.36785700443254377,0.05,True,1.0,0.36785700443254377,['e3bace6b-5d07-5dcc-8041-f1933c6cd04f'],indexer-generic-sparse,0,1,1,2,2,2,3,3,3,3,3,3,6,0.16666666666666666,10
Q-094,Q-094,en,features_security_maintenance_limitations,XR500,60,False,3804.697,deterministic,passthrough,False,none,0.0,False,0.0,0.0,0.0,False,0.0,0.0,0.0,False,0.0,0.0,0.0,False,0.0,0.0,0.0,False,0.0,0.0,0.0,False,0.0,0.0,0.0,False,0.0,0.0,0.0,False,0.0,0.0,0.0,False,0.0,0.0,0.0,False,0.0,0.0,0.0,False,0.0,0.0,0.0,False,0.0,0.0,['e8550a88-ca9e-5dc2-8bb3-4dd7ff222c8d'],indexer-generic-sparse,0,0,0,0,0,0,0,0,0,0,0,0,,0.0,
Q-095,Q-095,en,features_security_maintenance_limitations,XR500,60,False,4850.552,deterministic,passthrough,False,none,0.4,True,1.0,0.8772153153380493,0.2,True,1.0,0.8772153153380493,0.13333333333333333,True,1.0,0.8772153153380493,0.1,True,1.0,0.8772153153380493,0.08,True,1.0,0.8772153153380493,0.06666666666666667,True,1.0,0.8772153153380493,0.05714285714285714,True,1.0,0.8772153153380493,0.05,True,1.0,0.8772153153380493,0.044444444444444446,True,1.0,0.8772153153380493,0.04,True,1.0,0.8772153153380493,0.03636363636363636,True,1.0,0.8772153153380493,0.03333333333333333,True,1.0,0.8772153153380493,['dee55ef8-729a-51e5-9b1c-29cce4910ea6'],indexer-generic-sparse,2,2,2,2,2,2,2,2,2,2,2,2,1,1.0,5
Q-096,Q-096,en,features_security_maintenance_limitations,XR500,60,False,4801.59,deterministic,passthrough,False,none,0.0,False,0.0,0.0,0.0,False,0.0,0.0,0.0,False,0.0,0.0,0.0,False,0.0,0.0,0.04,True,1.0,0.22424382421757544,0.03333333333333333,True,1.0,0.22424382421757544,0.02857142857142857,True,1.0,0.22424382421757544,0.025,True,1.0,0.22424382421757544,0.022222222222222223,True,1.0,0.22424382421757544,0.02,True,1.0,0.22424382421757544,0.01818181818181818,True,1.0,0.22424382421757544,0.016666666666666666,True,1.0,0.22424382421757544,['1d4788df-374d-52e0-a31b-c406a91abfcc'],indexer-generic-sparse,0,0,0,0,1,1,1,1,1,1,1,1,21,0.047619047619047616,25
Q-097,Q-097,en,features_security_maintenance_limitations,XR500,60,False,4528.159,deterministic,passthrough,False,none,0.0,False,0.0,0.0,0.0,False,0.0,0.0,0.0,False,0.0,0.0,0.05,True,1.0,0.14434031438272124,0.04,True,1.0,0.14434031438272124,0.03333333333333333,True,1.0,0.14434031438272124,0.02857142857142857,True,1.0,0.14434031438272124,0.025,True,1.0,0.14434031438272124,0.022222222222222223,True,1.0,0.14434031438272124,0.02,True,1.0,0.14434031438272124,0.01818181818181818,True,1.0,0.14434031438272124,0.03333333333333333,True,1.0,0.24900900369315926,['9c7f8f5e-dadb-5ed0-b8be-baa2f11349a8'],indexer-generic-sparse,0,0,0,1,1,1,1,1,1,1,1,2,18,0.05555555555555555,20
Q-098,Q-098,en,features_security_maintenance_limitations,XR500,60,False,4519.161,deterministic,passthrough,False,none,0.0,False,0.0,0.0,0.1,True,1.0,0.123151194370365,0.06666666666666667,True,1.0,0.123151194370365,0.05,True,1.0,0.123151194370365,0.12,True,1.0,0.2937433247006264,0.1,True,1.0,0.2937433247006264,0.08571428571428572,True,1.0,0.2937433247006264,0.075,True,1.0,0.2937433247006264,0.06666666666666667,True,1.0,0.2937433247006264,0.06,True,1.0,0.2937433247006264,0.07272727272727272,True,1.0,0.3622257697916174,0.06666666666666667,True,1.0,0.3622257697916174,['65a39d84-6b18-50df-b32a-a7d46fbe2cfc'],indexer-generic-sparse,0,1,1,1,3,3,3,3,3,3,4,4,8,0.125,10
Q-099,Q-099,en,features_security_maintenance_limitations,XR500,60,False,3570.068,deterministic,passthrough,False,none,0.2,True,1.0,0.46927872602275644,0.1,True,1.0,0.46927872602275644,0.06666666666666667,True,1.0,0.46927872602275644,0.05,True,1.0,0.46927872602275644,0.08,True,1.0,0.571630430305822,0.06666666666666667,True,1.0,0.571630430305822,0.05714285714285714,True,1.0,0.571630430305822,0.05,True,1.0,0.571630430305822,0.044444444444444446,True,1.0,0.571630430305822,0.04,True,1.0,0.571630430305822,0.03636363636363636,True,1.0,0.571630430305822,0.05,True,1.0,0.6520843262104503,['36995834-66ad-5975-9724-aa9f228f5502'],indexer-generic-sparse,1,1,1,1,2,2,2,2,2,2,2,3,1,1.0,5
Q-100,Q-100,en,features_security_maintenance_limitations,XR500,60,False,3539.36,deterministic,passthrough,False,none,0.0,False,0.0,0.0,0.0,False,0.0,0.0,0.0,False,0.0,0.0,0.0,False,0.0,0.0,0.0,False,0.0,0.0,0.0,False,0.0,0.0,0.0,False,0.0,0.0,0.0,False,0.0,0.0,0.0,False,0.0,0.0,0.0,False,0.0,0.0,0.0,False,0.0,0.0,0.0,False,0.0,0.0,['75118c37-2376-50c5-b907-2ae6d10da16e'],indexer-generic-sparse,0,0,0,0,0,0,0,0,0,0,0,0,,0.0,
Q-101,Q-001,id,facts_specifications,CM2000,60,False,3234.302,deterministic,passthrough,False,none,0.0,False,0.0,0.0,0.0,False,0.0,0.0,0.0,False,0.0,0.0,0.0,False,0.0,0.0,0.0,False,0.0,0.0,0.03333333333333333,True,1.0,0.20801459767650948,0.02857142857142857,True,1.0,0.20801459767650948,0.025,True,1.0,0.20801459767650948,0.022222222222222223,True,1.0,0.20801459767650948,0.02,True,1.0,0.20801459767650948,0.01818181818181818,True,1.0,0.20801459767650948,0.016666666666666666,True,1.0,0.20801459767650948,['724d26e2-ed75-5043-b025-de4c01da0714'],indexer-generic-sparse,0,0,0,0,0,1,1,1,1,1,1,1,27,0.037037037037037035,30
Q-102,Q-002,id,facts_specifications,CM2000,60,False,3221.849,deterministic,passthrough,False,none,0.0,False,0.0,0.0,0.0,False,0.0,0.0,0.0,False,0.0,0.0,0.0,False,0.0,0.0,0.0,False,0.0,0.0,0.0,False,0.0,0.0,0.0,False,0.0,0.0,0.0,False,0.0,0.0,0.022222222222222223,True,1.0,0.18428883314870617,0.02,True,1.0,0.18428883314870617,0.01818181818181818,True,1.0,0.18428883314870617,0.016666666666666666,True,1.0,0.18428883314870617,['b9899548-cfa5-5bb4-8284-7d82e663abd1'],indexer-generic-sparse,0,0,0,0,0,0,0,0,1,1,1,1,42,0.023809523809523808,45
Q-103,Q-003,id,setup_configuration,CM2000,60,False,2626.193,deterministic,passthrough,False,none,0.0,False,0.0,0.0,0.0,False,0.0,0.0,0.0,False,0.0,0.0,0.0,False,0.0,0.0,0.0,False,0.0,0.0,0.0,False,0.0,0.0,0.0,False,0.0,0.0,0.0,False,0.0,0.0,0.0,False,0.0,0.0,0.0,False,0.0,0.0,0.0,False,0.0,0.0,0.0,False,0.0,0.0,['8fd1b794-0507-59d3-88fa-2209736ef6da'],indexer-generic-sparse,0,0,0,0,0,0,0,0,0,0,0,0,,0.0,
Q-104,Q-004,id,setup_configuration,CM2000,7,False,2590.317,deterministic,passthrough,False,none,0.0,False,0.0,0.0,0.0,False,0.0,0.0,0.0,False,0.0,0.0,0.0,False,0.0,0.0,0.0,False,0.0,0.0,0.0,False,0.0,0.0,0.0,False,0.0,0.0,0.0,False,0.0,0.0,0.0,False,0.0,0.0,0.0,False,0.0,0.0,0.0,False,0.0,0.0,0.0,False,0.0,0.0,['0de5a970-8b6a-5e57-ba98-6f57671a841c'],indexer-generic-sparse,0,0,0,0,0,0,0,0,0,0,0,0,,0.0,
Q-105,Q-005,id,facts_specifications,CM2000,2,False,2757.976,deterministic,passthrough,False,none,0.0,False,0.0,0.0,0.0,False,0.0,0.0,0.0,False,0.0,0.0,0.0,False,0.0,0.0,0.0,False,0.0,0.0,0.0,False,0.0,0.0,0.0,False,0.0,0.0,0.0,False,0.0,0.0,0.0,False,0.0,0.0,0.0,False,0.0,0.0,0.0,False,0.0,0.0,0.0,False,0.0,0.0,['eb2ebf98-481f-54be-b4a3-56ea1bdf5749'],indexer-generic-sparse,0,0,0,0,0,0,0,0,0,0,0,0,,0.0,
Q-106,Q-006,id,troubleshooting_diagnostics,CM2000,2,False,2754.972,deterministic,passthrough,False,none,0.0,False,0.0,0.0,0.0,False,0.0,0.0,0.0,False,0.0,0.0,0.0,False,0.0,0.0,0.0,False,0.0,0.0,0.0,False,0.0,0.0,0.0,False,0.0,0.0,0.0,False,0.0,0.0,0.0,False,0.0,0.0,0.0,False,0.0,0.0,0.0,False,0.0,0.0,0.0,False,0.0,0.0,['62f9a09d-d5a8-5805-8b92-4d0be62383ce'],indexer-generic-sparse,0,0,0,0,0,0,0,0,0,0,0,0,,0.0,
Q-107,Q-007,id,troubleshooting_diagnostics,CM2000,2,False,2913.334,deterministic,passthrough,False,none,0.0,False,0.0,0.0,0.0,False,0.0,0.0,0.0,False,0.0,0.0,0.0,False,0.0,0.0,0.0,False,0.0,0.0,0.0,False,0.0,0.0,0.0,False,0.0,0.0,0.0,False,0.0,0.0,0.0,False,0.0,0.0,0.0,False,0.0,0.0,0.0,False,0.0,0.0,0.0,False,0.0,0.0,['c5c4c17f-c329-5b9c-837f-7d33e641682f'],indexer-generic-sparse,0,0,0,0,0,0,0,0,0,0,0,0,,0.0,
Q-108,Q-008,id,troubleshooting_diagnostics,CM2000,2,False,2909.189,deterministic,passthrough,False,none,0.0,False,0.0,0.0,0.0,False,0.0,0.0,0.0,False,0.0,0.0,0.0,False,0.0,0.0,0.0,False,0.0,0.0,0.0,False,0.0,0.0,0.0,False,0.0,0.0,0.0,False,0.0,0.0,0.0,False,0.0,0.0,0.0,False,0.0,0.0,0.0,False,0.0,0.0,0.0,False,0.0,0.0,['85bd9c8e-a264-5649-acbc-73648b7ce861'],indexer-generic-sparse,0,0,0,0,0,0,0,0,0,0,0,0,,0.0,
Q-109,Q-009,id,facts_specifications,CM2000,60,False,2944.756,deterministic,passthrough,False,none,0.0,False,0.0,0.0,0.0,False,0.0,0.0,0.0,False,0.0,0.0,0.0,False,0.0,0.0,0.0,False,0.0,0.0,0.0,False,0.0,0.0,0.0,False,0.0,0.0,0.0,False,0.0,0.0,0.0,False,0.0,0.0,0.0,False,0.0,0.0,0.0,False,0.0,0.0,0.0,False,0.0,0.0,['88695618-cf2a-5bf0-9a58-da1167d8f0c6'],indexer-generic-sparse,0,0,0,0,0,0,0,0,0,0,0,0,,0.0,
Q-110,Q-010,id,setup_configuration,LM1200,54,False,2946.255,deterministic,passthrough,False,none,0.2,True,1.0,0.38685280723454163,0.1,True,1.0,0.38685280723454163,0.06666666666666667,True,1.0,0.38685280723454163,0.05,True,1.0,0.38685280723454163,0.04,True,1.0,0.38685280723454163,0.03333333333333333,True,1.0,0.38685280723454163,0.02857142857142857,True,1.0,0.38685280723454163,0.025,True,1.0,0.38685280723454163,0.022222222222222223,True,1.0,0.38685280723454163,0.02,True,1.0,0.38685280723454163,0.01818181818181818,True,1.0,0.38685280723454163,0.016666666666666666,True,1.0,0.38685280723454163,['37f50132-32d9-5fb0-a62d-366e401ac417'],indexer-generic-sparse,1,1,1,1,1,1,1,1,1,1,1,1,5,0.2,5
Q-111,Q-011,id,setup_configuration,LM1200,8,False,3120.085,deterministic,passthrough,False,none,0.0,False,0.0,0.0,0.0,False,0.0,0.0,0.0,False,0.0,0.0,0.0,False,0.0,0.0,0.0,False,0.0,0.0,0.0,False,0.0,0.0,0.0,False,0.0,0.0,0.0,False,0.0,0.0,0.0,False,0.0,0.0,0.0,False,0.0,0.0,0.0,False,0.0,0.0,0.0,False,0.0,0.0,['36789817-932f-55f7-9c50-bb45d2df0cbe'],indexer-generic-sparse,0,0,0,0,0,0,0,0,0,0,0,0,,0.0,
Q-112,Q-012,id,setup_configuration,LM1200,8,False,3121.42,deterministic,passthrough,False,none,0.0,False,0.0,0.0,0.0,False,0.0,0.0,0.0,False,0.0,0.0,0.0,False,0.0,0.0,0.0,False,0.0,0.0,0.0,False,0.0,0.0,0.0,False,0.0,0.0,0.0,False,0.0,0.0,0.0,False,0.0,0.0,0.0,False,0.0,0.0,0.0,False,0.0,0.0,0.0,False,0.0,0.0,['fa675707-eec3-5dae-b80f-46a21238adcf'],indexer-generic-sparse,0,0,0,0,0,0,0,0,0,0,0,0,,0.0,
Q-113,Q-013,id,setup_configuration,LM1200,49,False,3406.12,deterministic,passthrough,False,none,0.0,False,0.0,0.0,0.0,False,0.0,0.0,0.0,False,0.0,0.0,0.0,False,0.0,0.0,0.0,False,0.0,0.0,0.0,False,0.0,0.0,0.0,False,0.0,0.0,0.0,False,0.0,0.0,0.0,False,0.0,0.0,0.0,False,0.0,0.0,0.0,False,0.0,0.0,0.0,False,0.0,0.0,['cf1f57e0-473a-57f3-8d91-a52b0070e80b'],indexer-generic-sparse,0,0,0,0,0,0,0,0,0,0,0,0,,0.0,
Q-114,Q-014,id,troubleshooting_diagnostics,LM1200,8,False,3396.191,deterministic,passthrough,False,none,0.0,False,0.0,0.0,0.0,False,0.0,0.0,0.0,False,0.0,0.0,0.0,False,0.0,0.0,0.0,False,0.0,0.0,0.0,False,0.0,0.0,0.0,False,0.0,0.0,0.0,False,0.0,0.0,0.0,False,0.0,0.0,0.0,False,0.0,0.0,0.0,False,0.0,0.0,0.0,False,0.0,0.0,['72dd6f50-8da8-5970-b90b-3a0719762e64'],indexer-generic-sparse,0,0,0,0,0,0,0,0,0,0,0,0,,0.0,
Q-115,Q-015,id,features_security_maintenance_limitations,LM1200,54,False,3086.109,deterministic,passthrough,False,none,0.0,False,0.0,0.0,0.2,True,1.0,0.227804435066758,0.13333333333333333,True,1.0,0.227804435066758,0.1,True,1.0,0.227804435066758,0.16,True,1.0,0.3749357892826317,0.16666666666666666,True,1.0,0.44405495928759403,0.14285714285714285,True,1.0,0.44405495928759403,0.125,True,1.0,0.44405495928759403,0.1111111111111111,True,1.0,0.44405495928759403,0.1,True,1.0,0.44405495928759403,0.09090909090909091,True,1.0,0.44405495928759403,0.08333333333333333,True,1.0,0.44405495928759403,['eb06abbc-3f74-5ddc-bfd6-17572beb2155'],indexer-generic-sparse,0,2,2,2,4,5,5,5,5,5,5,5,6,0.16666666666666666,10
Q-116,Q-016,id,facts_specifications,LM1200,60,False,3077.475,deterministic,passthrough,False,none,0.0,False,0.0,0.0,0.1,True,1.0,0.11751610475642714,0.13333333333333333,True,1.0,0.2230116889915375,0.15,True,1.0,0.31851837985424536,0.16,True,1.0,0.4025821479898041,0.13333333333333333,True,1.0,0.4025821479898041,0.11428571428571428,True,1.0,0.4025821479898041,0.1,True,1.0,0.4025821479898041,0.08888888888888889,True,1.0,0.4025821479898041,0.08,True,1.0,0.4025821479898041,0.07272727272727272,True,1.0,0.4025821479898041,0.06666666666666667,True,1.0,0.4025821479898041,['7e1a62c7-f256-5d08-a456-a62949c30491'],indexer-generic-sparse,0,1,2,3,4,4,4,4,4,4,4,4,9,0.1111111111111111,10
Q-117,Q-017,id,facts_specifications,LM1200,8,False,3230.488,deterministic,passthrough,False,none,0.0,False,0.0,0.0,0.0,False,0.0,0.0,0.0,False,0.0,0.0,0.0,False,0.0,0.0,0.0,False,0.0,0.0,0.0,False,0.0,0.0,0.0,False,0.0,0.0,0.0,False,0.0,0.0,0.0,False,0.0,0.0,0.0,False,0.0,0.0,0.0,False,0.0,0.0,0.0,False,0.0,0.0,['43434cb0-0be2-5d97-be19-dfb7256b7c44'],indexer-generic-sparse,0,0,0,0,0,0,0,0,0,0,0,0,,0.0,
Q-118,Q-018,id,troubleshooting_diagnostics,LM1200,8,False,3223.573,deterministic,passthrough,False,none,0.0,False,0.0,0.0,0.0,False,0.0,0.0,0.0,False,0.0,0.0,0.0,False,0.0,0.0,0.0,False,0.0,0.0,0.0,False,0.0,0.0,0.0,False,0.0,0.0,0.0,False,0.0,0.0,0.0,False,0.0,0.0,0.0,False,0.0,0.0,0.0,False,0.0,0.0,0.0,False,0.0,0.0,['82ef2627-a58c-55ae-ab74-3f865a33e979'],indexer-generic-sparse,0,0,0,0,0,0,0,0,0,0,0,0,,0.0,
Q-119,Q-019,id,troubleshooting_diagnostics,LM1200,60,False,4640.953,deterministic,passthrough,False,none,0.0,False,0.0,0.0,0.0,False,0.0,0.0,0.0,False,0.0,0.0,0.0,False,0.0,0.0,0.0,False,0.0,0.0,0.0,False,0.0,0.0,0.0,False,0.0,0.0,0.0,False,0.0,0.0,0.0,False,0.0,0.0,0.0,False,0.0,0.0,0.0,False,0.0,0.0,0.0,False,0.0,0.0,['6f442d4b-b8ba-5fe7-b4e9-9e90463dc194'],indexer-generic-sparse,0,0,0,0,0,0,0,0,0,0,0,0,,0.0,
Q-120,Q-020,id,troubleshooting_diagnostics,R6350,60,False,4632.683,deterministic,passthrough,False,none,0.0,False,0.0,0.0,0.0,False,0.0,0.0,0.0,False,0.0,0.0,0.0,False,0.0,0.0,0.04,True,1.0,0.13203406128629544,0.03333333333333333,True,1.0,0.13203406128629544,0.05714285714285714,True,1.0,0.2546634998393871,0.05,True,1.0,0.2546634998393871,0.044444444444444446,True,1.0,0.2546634998393871,0.04,True,1.0,0.2546634998393871,0.03636363636363636,True,1.0,0.2546634998393871,0.03333333333333333,True,1.0,0.2546634998393871,['1190a45f-877b-5cd2-a8d9-5ab1c390c374'],indexer-generic-sparse,0,0,0,0,1,1,2,2,2,2,2,2,24,0.041666666666666664,25
Q-121,Q-021,id,troubleshooting_diagnostics,R6350,60,False,4176.14,deterministic,passthrough,False,none,0.0,False,0.0,0.0,0.0,False,0.0,0.0,0.0,False,0.0,0.0,0.0,False,0.0,0.0,0.0,False,0.0,0.0,0.0,False,0.0,0.0,0.0,False,0.0,0.0,0.0,False,0.0,0.0,0.0,False,0.0,0.0,0.0,False,0.0,0.0,0.0,False,0.0,0.0,0.0,False,0.0,0.0,['ad49e55f-a53b-5c41-8bf1-a36c022c9b3b'],indexer-generic-sparse,0,0,0,0,0,0,0,0,0,0,0,0,,0.0,
Q-122,Q-022,id,troubleshooting_diagnostics,R6350,1,False,4177.656,deterministic,passthrough,False,none,0.0,False,0.0,0.0,0.0,False,0.0,0.0,0.0,False,0.0,0.0,0.0,False,0.0,0.0,0.0,False,0.0,0.0,0.0,False,0.0,0.0,0.0,False,0.0,0.0,0.0,False,0.0,0.0,0.0,False,0.0,0.0,0.0,False,0.0,0.0,0.0,False,0.0,0.0,0.0,False,0.0,0.0,['d4e1d4fc-7655-51fc-8d81-af75a4b11734'],indexer-generic-sparse,0,0,0,0,0,0,0,0,0,0,0,0,,0.0,
Q-123,Q-023,id,troubleshooting_diagnostics,R6350,1,False,2852.986,deterministic,passthrough,False,none,0.0,False,0.0,0.0,0.0,False,0.0,0.0,0.0,False,0.0,0.0,0.0,False,0.0,0.0,0.0,False,0.0,0.0,0.0,False,0.0,0.0,0.0,False,0.0,0.0,0.0,False,0.0,0.0,0.0,False,0.0,0.0,0.0,False,0.0,0.0,0.0,False,0.0,0.0,0.0,False,0.0,0.0,['31b5dd16-326a-5e79-817f-c2585e0248a2'],indexer-generic-sparse,0,0,0,0,0,0,0,0,0,0,0,0,,0.0,
Q-124,Q-024,id,setup_configuration,R6350,60,False,2872.221,deterministic,passthrough,False,none,0.0,False,0.0,0.0,0.0,False,0.0,0.0,0.0,False,0.0,0.0,0.0,False,0.0,0.0,0.0,False,0.0,0.0,0.0,False,0.0,0.0,0.0,False,0.0,0.0,0.0,False,0.0,0.0,0.0,False,0.0,0.0,0.0,False,0.0,0.0,0.0,False,0.0,0.0,0.0,False,0.0,0.0,['0528f0b9-15e5-5482-9a68-0f02d2d61d68'],indexer-generic-sparse,0,0,0,0,0,0,0,0,0,0,0,0,,0.0,
Q-125,Q-025,id,setup_configuration,R6350,60,False,2934.234,deterministic,passthrough,False,none,0.0,False,0.0,0.0,0.0,False,0.0,0.0,0.0,False,0.0,0.0,0.0,False,0.0,0.0,0.0,False,0.0,0.0,0.03333333333333333,True,1.0,0.12621440746277704,0.02857142857142857,True,1.0,0.12621440746277704,0.025,True,1.0,0.12621440746277704,0.022222222222222223,True,1.0,0.12621440746277704,0.04,True,1.0,0.23660011001216935,0.03636363636363636,True,1.0,0.23660011001216935,0.03333333333333333,True,1.0,0.23660011001216935,['12d6aaad-d982-5f95-8b7d-63ba7706aba5'],indexer-generic-sparse,0,0,0,0,0,1,1,1,1,2,2,2,28,0.03571428571428571,30
Q-126,Q-026,id,facts_specifications,R6350,60,False,2925.185,deterministic,passthrough,False,none,0.4,True,1.0,0.7039180890341347,0.2,True,1.0,0.7039180890341347,0.13333333333333333,True,1.0,0.7039180890341347,0.1,True,1.0,0.7039180890341347,0.12,True,1.0,0.8049717622844084,0.1,True,1.0,0.8049717622844084,0.08571428571428572,True,1.0,0.8049717622844084,0.075,True,1.0,0.8049717622844084,0.06666666666666667,True,1.0,0.8049717622844084,0.06,True,1.0,0.8049717622844084,0.05454545454545454,True,1.0,0.8049717622844084,0.05,True,1.0,0.8049717622844084,['3fbed70d-f242-5a78-90cc-f0f2674fe5f7'],indexer-generic-sparse,2,2,2,2,3,3,3,3,3,3,3,3,1,1.0,5
Q-127,Q-027,id,setup_configuration,R6350,60,False,2894.618,deterministic,passthrough,False,none,0.0,False,0.0,0.0,0.0,False,0.0,0.0,0.0,False,0.0,0.0,0.0,False,0.0,0.0,0.04,True,1.0,0.13749447131399728,0.03333333333333333,True,1.0,0.13749447131399728,0.02857142857142857,True,1.0,0.13749447131399728,0.025,True,1.0,0.13749447131399728,0.022222222222222223,True,1.0,0.13749447131399728,0.04,True,1.0,0.24788017386338962,0.03636363636363636,True,1.0,0.24788017386338962,0.03333333333333333,True,1.0,0.24788017386338962,['92de127d-5c3f-5d2a-a801-234fc3e5b014'],indexer-generic-sparse,0,0,0,0,1,1,1,1,1,2,2,2,21,0.047619047619047616,25
Q-128,Q-028,id,troubleshooting_diagnostics,R6350,1,False,2843.726,deterministic,passthrough,False,none,0.0,False,0.0,0.0,0.0,False,0.0,0.0,0.0,False,0.0,0.0,0.0,False,0.0,0.0,0.0,False,0.0,0.0,0.0,False,0.0,0.0,0.0,False,0.0,0.0,0.0,False,0.0,0.0,0.0,False,0.0,0.0,0.0,False,0.0,0.0,0.0,False,0.0,0.0,0.0,False,0.0,0.0,['2a3ade55-f893-5d78-8ead-3ff6b3d197c7'],indexer-generic-sparse,0,0,0,0,0,0,0,0,0,0,0,0,,0.0,
Q-129,Q-029,id,features_security_maintenance_limitations,R6350,1,False,2857.03,deterministic,passthrough,False,none,0.0,False,0.0,0.0,0.0,False,0.0,0.0,0.0,False,0.0,0.0,0.0,False,0.0,0.0,0.0,False,0.0,0.0,0.0,False,0.0,0.0,0.0,False,0.0,0.0,0.0,False,0.0,0.0,0.0,False,0.0,0.0,0.0,False,0.0,0.0,0.0,False,0.0,0.0,0.0,False,0.0,0.0,['5a7fc3bd-5bd0-57b2-944d-5a981598dcf7'],indexer-generic-sparse,0,0,0,0,0,0,0,0,0,0,0,0,,0.0,
Q-130,Q-030,id,setup_configuration,R6350,60,False,2852.66,deterministic,passthrough,False,none,0.0,False,0.0,0.0,0.2,True,1.0,0.2691828628414762,0.13333333333333333,True,1.0,0.2691828628414762,0.15,True,1.0,0.3595083012618661,0.12,True,1.0,0.3595083012618661,0.13333333333333333,True,1.0,0.4390658219332006,0.11428571428571428,True,1.0,0.4390658219332006,0.1,True,1.0,0.4390658219332006,0.08888888888888889,True,1.0,0.4390658219332006,0.08,True,1.0,0.4390658219332006,0.07272727272727272,True,1.0,0.4390658219332006,0.06666666666666667,True,1.0,0.4390658219332006,['006d8e6b-77f6-54fa-826b-6d417979808f'],indexer-generic-sparse,0,2,2,3,3,4,4,4,4,4,4,4,6,0.16666666666666666,10
Q-131,Q-031,id,troubleshooting_diagnostics,R6350,60,False,2596.22,deterministic,passthrough,False,none,0.0,False,0.0,0.0,0.0,False,0.0,0.0,0.0,False,0.0,0.0,0.0,False,0.0,0.0,0.0,False,0.0,0.0,0.0,False,0.0,0.0,0.0,False,0.0,0.0,0.0,False,0.0,0.0,0.0,False,0.0,0.0,0.0,False,0.0,0.0,0.0,False,0.0,0.0,0.0,False,0.0,0.0,['818e0932-f3ff-5602-b5b9-5f1d94d353ed'],indexer-generic-sparse,0,0,0,0,0,0,0,0,0,0,0,0,,0.0,
Q-132,Q-032,id,facts_specifications,R7000,1,False,2567.092,deterministic,passthrough,False,none,0.0,False,0.0,0.0,0.0,False,0.0,0.0,0.0,False,0.0,0.0,0.0,False,0.0,0.0,0.0,False,0.0,0.0,0.0,False,0.0,0.0,0.0,False,0.0,0.0,0.0,False,0.0,0.0,0.0,False,0.0,0.0,0.0,False,0.0,0.0,0.0,False,0.0,0.0,0.0,False,0.0,0.0,['cf6a9c70-f40a-521b-8ee5-c0a7ff8c1279'],indexer-generic-sparse,0,0,0,0,0,0,0,0,0,0,0,0,,0.0,
Q-133,Q-033,id,setup_configuration,R7000,60,False,2763.364,deterministic,passthrough,False,none,0.0,False,0.0,0.0,0.0,False,0.0,0.0,0.0,False,0.0,0.0,0.05,True,1.0,0.24465054211822604,0.04,True,1.0,0.24465054211822604,0.03333333333333333,True,1.0,0.24465054211822604,0.02857142857142857,True,1.0,0.24465054211822604,0.025,True,1.0,0.24465054211822604,0.022222222222222223,True,1.0,0.24465054211822604,0.02,True,1.0,0.24465054211822604,0.01818181818181818,True,1.0,0.24465054211822604,0.016666666666666666,True,1.0,0.24465054211822604,['9213a4bb-497e-56d3-be43-8791bb53a54e'],indexer-generic-sparse,0,0,0,1,1,1,1,1,1,1,1,1,16,0.0625,20
Q-134,Q-034,id,setup_configuration,R7000,0,True,2842.727,deterministic,passthrough,False,none,0.0,False,0.0,0.0,0.0,False,0.0,0.0,0.0,False,0.0,0.0,0.0,False,0.0,0.0,0.0,False,0.0,0.0,0.0,False,0.0,0.0,0.0,False,0.0,0.0,0.0,False,0.0,0.0,0.0,False,0.0,0.0,0.0,False,0.0,0.0,0.0,False,0.0,0.0,0.0,False,0.0,0.0,['8aecb252-6293-553d-8e28-ef7b756f0c82'],indexer-generic-sparse,0,0,0,0,0,0,0,0,0,0,0,0,,0.0,
Q-135,Q-035,id,facts_specifications,R7000,60,False,3333.779,deterministic,passthrough,False,none,0.0,False,0.0,0.0,0.0,False,0.0,0.0,0.2,True,1.0,0.31692248392156447,0.15,True,1.0,0.31692248392156447,0.12,True,1.0,0.31692248392156447,0.13333333333333333,True,1.0,0.3981272329616072,0.11428571428571428,True,1.0,0.3981272329616072,0.1,True,1.0,0.3981272329616072,0.08888888888888889,True,1.0,0.3981272329616072,0.08,True,1.0,0.3981272329616072,0.07272727272727272,True,1.0,0.3981272329616072,0.06666666666666667,True,1.0,0.3981272329616072,['54a5ae0e-dabe-533f-8906-cd65b27661ec'],indexer-generic-sparse,0,0,3,3,3,4,4,4,4,4,4,4,11,0.09090909090909091,15
Q-136,Q-036,id,facts_specifications,R7000,60,False,3403.928,deterministic,passthrough,False,none,0.0,False,0.0,0.0,0.0,False,0.0,0.0,0.0,False,0.0,0.0,0.0,False,0.0,0.0,0.0,False,0.0,0.0,0.0,False,0.0,0.0,0.0,False,0.0,0.0,0.0,False,0.0,0.0,0.0,False,0.0,0.0,0.0,False,0.0,0.0,0.0,False,0.0,0.0,0.0,False,0.0,0.0,['537310b8-39d1-57ca-81f0-ddddc2ad9916'],indexer-generic-sparse,0,0,0,0,0,0,0,0,0,0,0,0,,0.0,
Q-137,Q-037,id,features_security_maintenance_limitations,R7000,1,False,3084.784,deterministic,passthrough,False,none,0.0,False,0.0,0.0,0.0,False,0.0,0.0,0.0,False,0.0,0.0,0.0,False,0.0,0.0,0.0,False,0.0,0.0,0.0,False,0.0,0.0,0.0,False,0.0,0.0,0.0,False,0.0,0.0,0.0,False,0.0,0.0,0.0,False,0.0,0.0,0.0,False,0.0,0.0,0.0,False,0.0,0.0,['79d677ad-2fef-50d3-92dd-c07a6df0f14e'],indexer-generic-sparse,0,0,0,0,0,0,0,0,0,0,0,0,,0.0,
Q-138,Q-038,id,setup_configuration,R7000,1,False,3006.094,deterministic,passthrough,False,none,0.0,False,0.0,0.0,0.0,False,0.0,0.0,0.0,False,0.0,0.0,0.0,False,0.0,0.0,0.0,False,0.0,0.0,0.0,False,0.0,0.0,0.0,False,0.0,0.0,0.0,False,0.0,0.0,0.0,False,0.0,0.0,0.0,False,0.0,0.0,0.0,False,0.0,0.0,0.0,False,0.0,0.0,['d4980606-c8d1-5aca-adbe-96e35254c9e1'],indexer-generic-sparse,0,0,0,0,0,0,0,0,0,0,0,0,,0.0,
Q-139,Q-039,id,features_security_maintenance_limitations,R7000,60,False,3223.396,deterministic,passthrough,False,none,0.0,False,0.0,0.0,0.0,False,0.0,0.0,0.0,False,0.0,0.0,0.0,False,0.0,0.0,0.0,False,0.0,0.0,0.0,False,0.0,0.0,0.0,False,0.0,0.0,0.0,False,0.0,0.0,0.0,False,0.0,0.0,0.0,False,0.0,0.0,0.0,False,0.0,0.0,0.0,False,0.0,0.0,['af255485-98d7-59f8-94db-806fd6280e64'],indexer-generic-sparse,0,0,0,0,0,0,0,0,0,0,0,0,,0.0,
Q-140,Q-040,id,setup_configuration,R7000,1,False,3145.036,deterministic,passthrough,False,none,0.0,False,0.0,0.0,0.0,False,0.0,0.0,0.0,False,0.0,0.0,0.0,False,0.0,0.0,0.0,False,0.0,0.0,0.0,False,0.0,0.0,0.0,False,0.0,0.0,0.0,False,0.0,0.0,0.0,False,0.0,0.0,0.0,False,0.0,0.0,0.0,False,0.0,0.0,0.0,False,0.0,0.0,['89cf7641-ad76-514d-a38e-ff036b200250'],indexer-generic-sparse,0,0,0,0,0,0,0,0,0,0,0,0,,0.0,
Q-141,Q-041,id,setup_configuration,R7000,13,False,2775.354,deterministic,passthrough,False,none,0.0,False,0.0,0.0,0.0,False,0.0,0.0,0.0,False,0.0,0.0,0.0,False,0.0,0.0,0.0,False,0.0,0.0,0.0,False,0.0,0.0,0.0,False,0.0,0.0,0.0,False,0.0,0.0,0.0,False,0.0,0.0,0.0,False,0.0,0.0,0.0,False,0.0,0.0,0.0,False,0.0,0.0,['0cff8f5c-96b8-5d33-9c11-37f93f8300fb'],indexer-generic-sparse,0,0,0,0,0,0,0,0,0,0,0,0,,0.0,
Q-142,Q-042,id,troubleshooting_diagnostics,R7000,60,False,2776.08,deterministic,passthrough,False,none,0.0,False,0.0,0.0,0.0,False,0.0,0.0,0.0,False,0.0,0.0,0.0,False,0.0,0.0,0.0,False,0.0,0.0,0.0,False,0.0,0.0,0.0,False,0.0,0.0,0.0,False,0.0,0.0,0.0,False,0.0,0.0,0.0,False,0.0,0.0,0.0,False,0.0,0.0,0.0,False,0.0,0.0,['f2289449-f54e-5af6-8243-762118ef305b'],indexer-generic-sparse,0,0,0,0,0,0,0,0,0,0,0,0,,0.0,
Q-143,Q-043,id,troubleshooting_diagnostics,R7000,46,False,2742.774,deterministic,passthrough,False,none,0.0,False,0.0,0.0,0.0,False,0.0,0.0,0.0,False,0.0,0.0,0.0,False,0.0,0.0,0.0,False,0.0,0.0,0.0,False,0.0,0.0,0.0,False,0.0,0.0,0.0,False,0.0,0.0,0.0,False,0.0,0.0,0.0,False,0.0,0.0,0.0,False,0.0,0.0,0.0,False,0.0,0.0,['65aa662f-9473-5c74-b996-74e7f545f09c'],indexer-generic-sparse,0,0,0,0,0,0,0,0,0,0,0,0,,0.0,
Q-144,Q-044,id,facts_specifications,RAX120,1,False,2733.784,deterministic,passthrough,False,none,0.0,False,0.0,0.0,0.0,False,0.0,0.0,0.0,False,0.0,0.0,0.0,False,0.0,0.0,0.0,False,0.0,0.0,0.0,False,0.0,0.0,0.0,False,0.0,0.0,0.0,False,0.0,0.0,0.0,False,0.0,0.0,0.0,False,0.0,0.0,0.0,False,0.0,0.0,0.0,False,0.0,0.0,['89d399fa-1c1b-5d37-b35a-194ce673ec69'],indexer-generic-sparse,0,0,0,0,0,0,0,0,0,0,0,0,,0.0,
Q-145,Q-045,id,facts_specifications,RAX120,60,False,4625.986,deterministic,passthrough,False,none,0.0,False,0.0,0.0,0.0,False,0.0,0.0,0.0,False,0.0,0.0,0.0,False,0.0,0.0,0.0,False,0.0,0.0,0.0,False,0.0,0.0,0.0,False,0.0,0.0,0.0,False,0.0,0.0,0.0,False,0.0,0.0,0.0,False,0.0,0.0,0.0,False,0.0,0.0,0.0,False,0.0,0.0,['6af6a140-458c-5188-b116-2f8430c69437'],indexer-generic-sparse,0,0,0,0,0,0,0,0,0,0,0,0,,0.0,
Q-146,Q-046,id,setup_configuration,RAX120,60,False,4556.958,deterministic,passthrough,False,none,0.2,True,1.0,0.2960819109658652,0.2,True,1.0,0.43734888382569426,0.13333333333333333,True,1.0,0.43734888382569426,0.1,True,1.0,0.43734888382569426,0.12,True,1.0,0.542581739972989,0.1,True,1.0,0.542581739972989,0.08571428571428572,True,1.0,0.542581739972989,0.075,True,1.0,0.542581739972989,0.06666666666666667,True,1.0,0.542581739972989,0.06,True,1.0,0.542581739972989,0.05454545454545454,True,1.0,0.542581739972989,0.05,True,1.0,0.542581739972989,['f02b327f-e424-5fbd-884a-afa982cfba97'],indexer-generic-sparse,1,2,2,2,3,3,3,3,3,3,3,3,2,0.5,5
Q-147,Q-047,id,facts_specifications,RAX120,60,False,4851.957,deterministic,passthrough,False,none,0.0,False,0.0,0.0,0.0,False,0.0,0.0,0.0,False,0.0,0.0,0.0,False,0.0,0.0,0.0,False,0.0,0.0,0.0,False,0.0,0.0,0.0,False,0.0,0.0,0.0,False,0.0,0.0,0.0,False,0.0,0.0,0.0,False,0.0,0.0,0.0,False,0.0,0.0,0.0,False,0.0,0.0,['304579c0-2505-541b-9272-41a33abdc404'],indexer-generic-sparse,0,0,0,0,0,0,0,0,0,0,0,0,,0.0,
Q-148,Q-048,id,setup_configuration,RAX120,1,False,4843.963,deterministic,passthrough,False,none,0.0,False,0.0,0.0,0.0,False,0.0,0.0,0.0,False,0.0,0.0,0.0,False,0.0,0.0,0.0,False,0.0,0.0,0.0,False,0.0,0.0,0.0,False,0.0,0.0,0.0,False,0.0,0.0,0.0,False,0.0,0.0,0.0,False,0.0,0.0,0.0,False,0.0,0.0,0.0,False,0.0,0.0,['ebd82415-b17d-5082-8472-3811a168faaf'],indexer-generic-sparse,0,0,0,0,0,0,0,0,0,0,0,0,,0.0,
Q-149,Q-049,id,features_security_maintenance_limitations,RAX120,51,False,3390.017,deterministic,passthrough,False,none,0.0,False,0.0,0.0,0.0,False,0.0,0.0,0.0,False,0.0,0.0,0.0,False,0.0,0.0,0.0,False,0.0,0.0,0.0,False,0.0,0.0,0.0,False,0.0,0.0,0.0,False,0.0,0.0,0.0,False,0.0,0.0,0.0,False,0.0,0.0,0.0,False,0.0,0.0,0.0,False,0.0,0.0,['0f01b620-ac86-5a3e-bacb-6893a15e210e'],indexer-generic-sparse,0,0,0,0,0,0,0,0,0,0,0,0,,0.0,
Q-150,Q-050,id,facts_specifications,RAX120,60,False,3330.647,deterministic,passthrough,False,none,0.0,False,0.0,0.0,0.0,False,0.0,0.0,0.0,False,0.0,0.0,0.0,False,0.0,0.0,0.0,False,0.0,0.0,0.0,False,0.0,0.0,0.0,False,0.0,0.0,0.0,False,0.0,0.0,0.0,False,0.0,0.0,0.0,False,0.0,0.0,0.0,False,0.0,0.0,0.016666666666666666,True,1.0,0.17070727966372012,['bb9735df-2bc3-50f1-9fb8-2235613d714e'],indexer-generic-sparse,0,0,0,0,0,0,0,0,0,0,0,1,57,0.017543859649122806,60
Q-151,Q-051,id,setup_configuration,RAX120,60,False,3051.326,deterministic,passthrough,False,none,0.0,False,0.0,0.0,0.0,False,0.0,0.0,0.0,False,0.0,0.0,0.05,True,1.0,0.09189894336865458,0.04,True,1.0,0.09189894336865458,0.03333333333333333,True,1.0,0.09189894336865458,0.05714285714285714,True,1.0,0.1699749533670749,0.075,True,1.0,0.24491180807965568,0.06666666666666667,True,1.0,0.24491180807965568,0.06,True,1.0,0.24491180807965568,0.05454545454545454,True,1.0,0.24491180807965568,0.06666666666666667,True,1.0,0.311839188682426,['9d1e53fd-0a2d-51bd-bb64-2521b239e8f3'],indexer-generic-sparse,0,0,0,1,1,1,2,3,3,3,3,4,18,0.05555555555555555,20
Q-152,Q-052,id,features_security_maintenance_limitations,RAX120,60,False,3051.383,deterministic,passthrough,False,none,0.0,False,0.0,0.0,0.0,False,0.0,0.0,0.0,False,0.0,0.0,0.0,False,0.0,0.0,0.04,True,1.0,0.13203406128629544,0.03333333333333333,True,1.0,0.13203406128629544,0.02857142857142857,True,1.0,0.13203406128629544,0.05,True,1.0,0.24973301158516842,0.044444444444444446,True,1.0,0.24973301158516842,0.04,True,1.0,0.24973301158516842,0.03636363636363636,True,1.0,0.24973301158516842,0.03333333333333333,True,1.0,0.24973301158516842,['d7d2bc93-72bb-53d6-945c-0708fde2888b'],indexer-generic-sparse,0,0,0,0,1,1,1,2,2,2,2,2,24,0.041666666666666664,25
Q-153,Q-053,id,facts_specifications,RAX120,60,False,2926.971,deterministic,passthrough,False,none,0.0,False,0.0,0.0,0.0,False,0.0,0.0,0.0,False,0.0,0.0,0.0,False,0.0,0.0,0.0,False,0.0,0.0,0.0,False,0.0,0.0,0.0,False,0.0,0.0,0.0,False,0.0,0.0,0.0,False,0.0,0.0,0.0,False,0.0,0.0,0.0,False,0.0,0.0,0.0,False,0.0,0.0,['cf516841-9648-5ad0-aaaa-b65b9c5d85aa'],indexer-generic-sparse,0,0,0,0,0,0,0,0,0,0,0,0,,0.0,
Q-154,Q-054,id,troubleshooting_diagnostics,RAX120,46,False,2919.027,deterministic,passthrough,False,none,0.0,False,0.0,0.0,0.0,False,0.0,0.0,0.0,False,0.0,0.0,0.0,False,0.0,0.0,0.0,False,0.0,0.0,0.0,False,0.0,0.0,0.0,False,0.0,0.0,0.0,False,0.0,0.0,0.0,False,0.0,0.0,0.0,False,0.0,0.0,0.0,False,0.0,0.0,0.0,False,0.0,0.0,['48b55cf6-5b08-527e-bd26-f4183bca41e2'],indexer-generic-sparse,0,0,0,0,0,0,0,0,0,0,0,0,,0.0,
Q-155,Q-055,id,facts_specifications,RAX120,1,False,2514.362,deterministic,passthrough,False,none,0.0,False,0.0,0.0,0.0,False,0.0,0.0,0.0,False,0.0,0.0,0.0,False,0.0,0.0,0.0,False,0.0,0.0,0.0,False,0.0,0.0,0.0,False,0.0,0.0,0.0,False,0.0,0.0,0.0,False,0.0,0.0,0.0,False,0.0,0.0,0.0,False,0.0,0.0,0.0,False,0.0,0.0,['7059c14f-c840-5863-9050-2518f69aa8d5'],indexer-generic-sparse,0,0,0,0,0,0,0,0,0,0,0,0,,0.0,
Q-156,Q-056,id,troubleshooting_diagnostics,RAX50,46,False,2511.849,deterministic,passthrough,False,none,0.0,False,0.0,0.0,0.0,False,0.0,0.0,0.0,False,0.0,0.0,0.0,False,0.0,0.0,0.0,False,0.0,0.0,0.0,False,0.0,0.0,0.0,False,0.0,0.0,0.0,False,0.0,0.0,0.0,False,0.0,0.0,0.0,False,0.0,0.0,0.0,False,0.0,0.0,0.0,False,0.0,0.0,['f42f57b0-65cd-5982-935c-289c54636287'],indexer-generic-sparse,0,0,0,0,0,0,0,0,0,0,0,0,,0.0,
Q-157,Q-057,id,setup_configuration,RAX50,46,False,2899.791,deterministic,passthrough,False,none,0.0,False,0.0,0.0,0.0,False,0.0,0.0,0.0,False,0.0,0.0,0.0,False,0.0,0.0,0.0,False,0.0,0.0,0.0,False,0.0,0.0,0.0,False,0.0,0.0,0.0,False,0.0,0.0,0.0,False,0.0,0.0,0.0,False,0.0,0.0,0.0,False,0.0,0.0,0.0,False,0.0,0.0,['e00425b6-15d6-5234-b2e5-d0f194e4e777'],indexer-generic-sparse,0,0,0,0,0,0,0,0,0,0,0,0,,0.0,
Q-158,Q-058,id,facts_specifications,RAX50,60,False,2899.479,deterministic,passthrough,False,none,0.0,False,0.0,0.0,0.0,False,0.0,0.0,0.0,False,0.0,0.0,0.0,False,0.0,0.0,0.0,False,0.0,0.0,0.0,False,0.0,0.0,0.0,False,0.0,0.0,0.0,False,0.0,0.0,0.0,False,0.0,0.0,0.0,False,0.0,0.0,0.0,False,0.0,0.0,0.016666666666666666,True,1.0,0.16999161628691403,['e87e22a2-a89c-58a7-9ff2-ff82463e19a7'],indexer-generic-sparse,0,0,0,0,0,0,0,0,0,0,0,1,58,0.017241379310344827,60
Q-159,Q-059,id,troubleshooting_diagnostics,RAX50,1,False,2882.049,deterministic,passthrough,False,none,0.0,False,0.0,0.0,0.0,False,0.0,0.0,0.0,False,0.0,0.0,0.0,False,0.0,0.0,0.0,False,0.0,0.0,0.0,False,0.0,0.0,0.0,False,0.0,0.0,0.0,False,0.0,0.0,0.0,False,0.0,0.0,0.0,False,0.0,0.0,0.0,False,0.0,0.0,0.0,False,0.0,0.0,['03914fcb-62c9-5345-8ab2-2475379fe1be'],indexer-generic-sparse,0,0,0,0,0,0,0,0,0,0,0,0,,0.0,
Q-160,Q-060,id,features_security_maintenance_limitations,RAX50,60,False,2899.366,deterministic,passthrough,False,none,0.0,False,0.0,0.0,0.0,False,0.0,0.0,0.0,False,0.0,0.0,0.0,False,0.0,0.0,0.0,False,0.0,0.0,0.0,False,0.0,0.0,0.0,False,0.0,0.0,0.0,False,0.0,0.0,0.0,False,0.0,0.0,0.0,False,0.0,0.0,0.0,False,0.0,0.0,0.0,False,0.0,0.0,['d2849132-6a3d-520c-8f2c-bd5e904e522d'],indexer-generic-sparse,0,0,0,0,0,0,0,0,0,0,0,0,,0.0,
Q-161,Q-061,id,troubleshooting_diagnostics,RAX50,1,False,3066.223,deterministic,passthrough,False,none,0.0,False,0.0,0.0,0.0,False,0.0,0.0,0.0,False,0.0,0.0,0.0,False,0.0,0.0,0.0,False,0.0,0.0,0.0,False,0.0,0.0,0.0,False,0.0,0.0,0.0,False,0.0,0.0,0.0,False,0.0,0.0,0.0,False,0.0,0.0,0.0,False,0.0,0.0,0.0,False,0.0,0.0,['93ffa849-c75e-5120-be9a-d99bb0eed70b'],indexer-generic-sparse,0,0,0,0,0,0,0,0,0,0,0,0,,0.0,
Q-162,Q-062,id,troubleshooting_diagnostics,RAX50,1,False,3059.137,deterministic,passthrough,False,none,0.0,False,0.0,0.0,0.0,False,0.0,0.0,0.0,False,0.0,0.0,0.0,False,0.0,0.0,0.0,False,0.0,0.0,0.0,False,0.0,0.0,0.0,False,0.0,0.0,0.0,False,0.0,0.0,0.0,False,0.0,0.0,0.0,False,0.0,0.0,0.0,False,0.0,0.0,0.0,False,0.0,0.0,['03a4fccb-bb0c-56ec-b67b-eee79c190813'],indexer-generic-sparse,0,0,0,0,0,0,0,0,0,0,0,0,,0.0,
Q-163,Q-063,id,facts_specifications,RAX50,60,False,3170.609,deterministic,passthrough,False,none,0.0,False,0.0,0.0,0.0,False,0.0,0.0,0.0,False,0.0,0.0,0.0,False,0.0,0.0,0.0,False,0.0,0.0,0.0,False,0.0,0.0,0.0,False,0.0,0.0,0.025,True,1.0,0.19195872000656014,0.022222222222222223,True,1.0,0.19195872000656014,0.02,True,1.0,0.19195872000656014,0.01818181818181818,True,1.0,0.19195872000656014,0.016666666666666666,True,1.0,0.19195872000656014,['a13c3553-78f9-5ede-9cd9-390daad977b6'],indexer-generic-sparse,0,0,0,0,0,0,0,1,1,1,1,1,36,0.027777777777777776,40
Q-164,Q-064,id,features_security_maintenance_limitations,RAX50,60,False,3208.606,deterministic,passthrough,False,none,0.0,False,0.0,0.0,0.0,False,0.0,0.0,0.0,False,0.0,0.0,0.0,False,0.0,0.0,0.0,False,0.0,0.0,0.03333333333333333,True,1.0,0.20584683246043448,0.02857142857142857,True,1.0,0.20584683246043448,0.025,True,1.0,0.20584683246043448,0.022222222222222223,True,1.0,0.20584683246043448,0.02,True,1.0,0.20584683246043448,0.01818181818181818,True,1.0,0.20584683246043448,0.016666666666666666,True,1.0,0.20584683246043448,['01143d51-a727-543c-b607-948530c2902c'],indexer-generic-sparse,0,0,0,0,0,1,1,1,1,1,1,1,28,0.03571428571428571,30
Q-165,Q-065,id,troubleshooting_diagnostics,RAX50,1,False,2692.072,deterministic,passthrough,False,none,0.0,False,0.0,0.0,0.0,False,0.0,0.0,0.0,False,0.0,0.0,0.0,False,0.0,0.0,0.0,False,0.0,0.0,0.0,False,0.0,0.0,0.0,False,0.0,0.0,0.0,False,0.0,0.0,0.0,False,0.0,0.0,0.0,False,0.0,0.0,0.0,False,0.0,0.0,0.0,False,0.0,0.0,['af31b6ec-73a8-5529-8fa5-da1f467d1bef'],indexer-generic-sparse,0,0,0,0,0,0,0,0,0,0,0,0,,0.0,
Q-166,Q-066,id,troubleshooting_diagnostics,RAX50,1,False,2685.57,deterministic,passthrough,False,none,0.0,False,0.0,0.0,0.0,False,0.0,0.0,0.0,False,0.0,0.0,0.0,False,0.0,0.0,0.0,False,0.0,0.0,0.0,False,0.0,0.0,0.0,False,0.0,0.0,0.0,False,0.0,0.0,0.0,False,0.0,0.0,0.0,False,0.0,0.0,0.0,False,0.0,0.0,0.0,False,0.0,0.0,['d6a2438e-ce2e-5744-b23d-64355bb7f3b2'],indexer-generic-sparse,0,0,0,0,0,0,0,0,0,0,0,0,,0.0,
Q-167,Q-067,id,setup_configuration,RAXE500,46,False,2712.187,deterministic,passthrough,False,none,0.0,False,0.0,0.0,0.0,False,0.0,0.0,0.0,False,0.0,0.0,0.0,False,0.0,0.0,0.0,False,0.0,0.0,0.0,False,0.0,0.0,0.0,False,0.0,0.0,0.0,False,0.0,0.0,0.0,False,0.0,0.0,0.0,False,0.0,0.0,0.0,False,0.0,0.0,0.0,False,0.0,0.0,['a3662689-f8b9-5c28-8c0a-b2185487bec9'],indexer-generic-sparse,0,0,0,0,0,0,0,0,0,0,0,0,,0.0,
Q-168,Q-068,id,troubleshooting_diagnostics,RAXE500,1,False,2722.441,deterministic,passthrough,False,none,0.0,False,0.0,0.0,0.0,False,0.0,0.0,0.0,False,0.0,0.0,0.0,False,0.0,0.0,0.0,False,0.0,0.0,0.0,False,0.0,0.0,0.0,False,0.0,0.0,0.0,False,0.0,0.0,0.0,False,0.0,0.0,0.0,False,0.0,0.0,0.0,False,0.0,0.0,0.0,False,0.0,0.0,['feb09c00-0fd2-5b2c-ae97-969bd349df0e'],indexer-generic-sparse,0,0,0,0,0,0,0,0,0,0,0,0,,0.0,
Q-169,Q-069,id,facts_specifications,RAXE500,1,False,2849.877,deterministic,passthrough,False,none,0.0,False,0.0,0.0,0.0,False,0.0,0.0,0.0,False,0.0,0.0,0.0,False,0.0,0.0,0.0,False,0.0,0.0,0.0,False,0.0,0.0,0.0,False,0.0,0.0,0.0,False,0.0,0.0,0.0,False,0.0,0.0,0.0,False,0.0,0.0,0.0,False,0.0,0.0,0.0,False,0.0,0.0,['eae4f314-abe4-5229-ac3e-d9cc4c571b27'],indexer-generic-sparse,0,0,0,0,0,0,0,0,0,0,0,0,,0.0,
Q-170,Q-070,id,setup_configuration,RAXE500,1,False,2848.101,deterministic,passthrough,False,none,0.0,False,0.0,0.0,0.0,False,0.0,0.0,0.0,False,0.0,0.0,0.0,False,0.0,0.0,0.0,False,0.0,0.0,0.0,False,0.0,0.0,0.0,False,0.0,0.0,0.0,False,0.0,0.0,0.0,False,0.0,0.0,0.0,False,0.0,0.0,0.0,False,0.0,0.0,0.0,False,0.0,0.0,['8dba79ed-9bf8-5cb2-833b-a493317e765e'],indexer-generic-sparse,0,0,0,0,0,0,0,0,0,0,0,0,,0.0,
Q-171,Q-071,id,features_security_maintenance_limitations,RAXE500,46,False,4338.569,deterministic,passthrough,False,none,0.0,False,0.0,0.0,0.0,False,0.0,0.0,0.0,False,0.0,0.0,0.0,False,0.0,0.0,0.0,False,0.0,0.0,0.0,False,0.0,0.0,0.0,False,0.0,0.0,0.0,False,0.0,0.0,0.0,False,0.0,0.0,0.0,False,0.0,0.0,0.0,False,0.0,0.0,0.0,False,0.0,0.0,['33088b55-3bd9-50bd-8652-c3cd7fd2d88f'],indexer-generic-sparse,0,0,0,0,0,0,0,0,0,0,0,0,,0.0,
Q-172,Q-072,id,facts_specifications,RAXE500,60,False,4244.344,deterministic,passthrough,False,none,0.0,False,0.0,0.0,0.0,False,0.0,0.0,0.0,False,0.0,0.0,0.0,False,0.0,0.0,0.0,False,0.0,0.0,0.0,False,0.0,0.0,0.0,False,0.0,0.0,0.0,False,0.0,0.0,0.0,False,0.0,0.0,0.0,False,0.0,0.0,0.0,False,0.0,0.0,0.0,False,0.0,0.0,['09ef238c-cabe-5ea4-9616-24e57ee8f002'],indexer-generic-sparse,0,0,0,0,0,0,0,0,0,0,0,0,,0.0,
Q-173,Q-073,id,facts_specifications,RAXE500,60,False,4288.85,deterministic,passthrough,False,none,0.0,False,0.0,0.0,0.0,False,0.0,0.0,0.0,False,0.0,0.0,0.0,False,0.0,0.0,0.04,True,1.0,0.13373003436102654,0.03333333333333333,True,1.0,0.13373003436102654,0.02857142857142857,True,1.0,0.13373003436102654,0.05,True,1.0,0.24973770366901088,0.044444444444444446,True,1.0,0.24973770366901088,0.04,True,1.0,0.24973770366901088,0.03636363636363636,True,1.0,0.24973770366901088,0.03333333333333333,True,1.0,0.24973770366901088,['04f1b52b-9f18-591e-ac0a-b16ee4a34dad'],indexer-generic-sparse,0,0,0,0,1,1,1,2,2,2,2,2,23,0.043478260869565216,25
Q-174,Q-074,id,setup_configuration,RAXE500,20,False,4317.603,deterministic,passthrough,False,none,0.2,True,1.0,0.6309297535714575,0.1,True,1.0,0.6309297535714575,0.06666666666666667,True,1.0,0.6309297535714575,0.05,True,1.0,0.6309297535714575,0.04,True,1.0,0.6309297535714575,0.03333333333333333,True,1.0,0.6309297535714575,0.02857142857142857,True,1.0,0.6309297535714575,0.025,True,1.0,0.6309297535714575,0.022222222222222223,True,1.0,0.6309297535714575,0.02,True,1.0,0.6309297535714575,0.01818181818181818,True,1.0,0.6309297535714575,0.016666666666666666,True,1.0,0.6309297535714575,['8533530e-9001-5a31-a453-6077909ff031'],indexer-generic-sparse,1,1,1,1,1,1,1,1,1,1,1,1,2,0.5,5
Q-175,Q-075,id,features_security_maintenance_limitations,RAXE500,60,False,2964.415,deterministic,passthrough,False,none,0.0,False,0.0,0.0,0.0,False,0.0,0.0,0.0,False,0.0,0.0,0.0,False,0.0,0.0,0.04,True,1.0,0.08754031530847717,0.03333333333333333,True,1.0,0.08754031530847717,0.05714285714285714,True,1.0,0.1636484280217847,0.075,True,1.0,0.23700155174533322,0.06666666666666667,True,1.0,0.23700155174533322,0.06,True,1.0,0.23700155174533322,0.05454545454545454,True,1.0,0.23700155174533322,0.06666666666666667,True,1.0,0.3030904768190988,['b2cee766-ed4f-59bb-8d66-703a2aecba75'],indexer-generic-sparse,0,0,0,0,1,1,2,3,3,3,3,4,21,0.047619047619047616,25
Q-176,Q-076,id,features_security_maintenance_limitations,RAXE500,60,False,2945.775,deterministic,passthrough,False,none,0.2,True,1.0,0.24630238874073,0.1,True,1.0,0.24630238874073,0.2,True,1.0,0.4577292884271841,0.15,True,1.0,0.4577292884271841,0.12,True,1.0,0.4577292884271841,0.1,True,1.0,0.4577292884271841,0.08571428571428572,True,1.0,0.4577292884271841,0.1,True,1.0,0.530594666057789,0.08888888888888889,True,1.0,0.530594666057789,0.08,True,1.0,0.530594666057789,0.07272727272727272,True,1.0,0.530594666057789,0.06666666666666667,True,1.0,0.530594666057789,['0fc19ad4-a3f3-5128-a97a-000311ce8919'],indexer-generic-sparse,1,1,3,3,3,3,3,4,4,4,4,4,2,0.5,5
Q-177,Q-077,id,troubleshooting_diagnostics,RAXE500,1,False,2983.415,deterministic,passthrough,False,none,0.0,False,0.0,0.0,0.0,False,0.0,0.0,0.0,False,0.0,0.0,0.0,False,0.0,0.0,0.0,False,0.0,0.0,0.0,False,0.0,0.0,0.0,False,0.0,0.0,0.0,False,0.0,0.0,0.0,False,0.0,0.0,0.0,False,0.0,0.0,0.0,False,0.0,0.0,0.0,False,0.0,0.0,['494eba00-b9d1-5fec-898e-b212c6f28baf'],indexer-generic-sparse,0,0,0,0,0,0,0,0,0,0,0,0,,0.0,
Q-178,Q-078,id,facts_specifications,RBK852,60,False,2982.841,deterministic,passthrough,False,none,0.4,True,1.0,0.4367467095119258,0.2,True,1.0,0.4367467095119258,0.13333333333333333,True,1.0,0.4367467095119258,0.1,True,1.0,0.4367467095119258,0.12,True,1.0,0.5404876841203085,0.1,True,1.0,0.5404876841203085,0.08571428571428572,True,1.0,0.5404876841203085,0.075,True,1.0,0.5404876841203085,0.06666666666666667,True,1.0,0.5404876841203085,0.06,True,1.0,0.5404876841203085,0.05454545454545454,True,1.0,0.5404876841203085,0.05,True,1.0,0.5404876841203085,['fd0ce992-9b7f-58e2-9140-f25a95a0b95b'],indexer-generic-sparse,2,2,2,2,3,3,3,3,3,3,3,3,3,0.3333333333333333,5
Q-179,Q-079,id,facts_specifications,RBK852,60,False,3156.888,deterministic,passthrough,False,none,0.0,False,0.0,0.0,0.1,True,1.0,0.19342640361727081,0.06666666666666667,True,1.0,0.19342640361727081,0.05,True,1.0,0.19342640361727081,0.04,True,1.0,0.19342640361727081,0.03333333333333333,True,1.0,0.19342640361727081,0.05714285714285714,True,1.0,0.31605584217036253,0.05,True,1.0,0.31605584217036253,0.044444444444444446,True,1.0,0.31605584217036253,0.04,True,1.0,0.31605584217036253,0.03636363636363636,True,1.0,0.31605584217036253,0.03333333333333333,True,1.0,0.31605584217036253,['bafbe93c-5d33-537b-82ee-2c89ca1550eb'],indexer-generic-sparse,0,1,1,1,1,1,2,2,2,2,2,2,8,0.125,10
Q-180,Q-080,id,setup_configuration,RBK852,60,False,3169.796,deterministic,passthrough,False,none,0.0,False,0.0,0.0,0.0,False,0.0,0.0,0.0,False,0.0,0.0,0.0,False,0.0,0.0,0.04,True,1.0,0.22106472945750374,0.03333333333333333,True,1.0,0.22106472945750374,0.02857142857142857,True,1.0,0.22106472945750374,0.025,True,1.0,0.22106472945750374,0.022222222222222223,True,1.0,0.22106472945750374,0.02,True,1.0,0.22106472945750374,0.01818181818181818,True,1.0,0.22106472945750374,0.016666666666666666,True,1.0,0.22106472945750374,['acfcfc10-9010-5a5e-9f6c-e4bbbf310479'],indexer-generic-sparse,0,0,0,0,1,1,1,1,1,1,1,1,22,0.045454545454545456,25
Q-181,Q-081,id,features_security_maintenance_limitations,RBK852,60,False,3100.526,deterministic,passthrough,False,none,0.2,True,1.0,0.3391602052736161,0.1,True,1.0,0.3026024134988135,0.06666666666666667,True,1.0,0.3026024134988135,0.05,True,1.0,0.3026024134988135,0.04,True,1.0,0.3026024134988135,0.06666666666666667,True,1.0,0.36427128660750496,0.05714285714285714,True,1.0,0.36427128660750496,0.075,True,1.0,0.42193260390345444,0.08888888888888889,True,1.0,0.47671653063518715,0.1,True,1.0,0.5311944445868956,0.09090909090909091,True,1.0,0.5311944445868956,0.1,True,1.0,0.5824231593566906,['aee81160-3f45-597d-97ea-c7a1ad45d30a'],indexer-generic-sparse,1,1,1,1,1,2,2,3,4,5,5,6,1,1.0,5
Q-182,Q-082,id,setup_configuration,RBK852,60,False,3135.288,deterministic,passthrough,False,none,0.6,True,1.0,0.7227265726449519,0.4,True,1.0,0.8435378753444459,0.3333333333333333,True,1.0,0.9303486515803723,0.25,True,1.0,0.9303486515803723,0.2,True,1.0,0.9303486515803723,0.16666666666666666,True,1.0,0.9303486515803723,0.14285714285714285,True,1.0,0.9303486515803723,0.125,True,1.0,0.9303486515803723,0.1111111111111111,True,1.0,0.9303486515803723,0.1,True,1.0,0.9303486515803723,0.09090909090909091,True,1.0,0.9303486515803723,0.08333333333333333,True,1.0,0.9303486515803723,['a6546993-1d1a-5eb2-b616-d7c4995490a6'],indexer-generic-sparse,3,4,5,5,5,5,5,5,5,5,5,5,1,1.0,5
Q-183,Q-083,id,features_security_maintenance_limitations,RBK852,60,False,3186.531,deterministic,passthrough,False,none,0.0,False,0.0,0.0,0.0,False,0.0,0.0,0.0,False,0.0,0.0,0.0,False,0.0,0.0,0.0,False,0.0,0.0,0.0,False,0.0,0.0,0.0,False,0.0,0.0,0.0,False,0.0,0.0,0.0,False,0.0,0.0,0.0,False,0.0,0.0,0.0,False,0.0,0.0,0.0,False,0.0,0.0,['83b0f8da-6afa-5070-9d44-c12b3b247e8b'],indexer-generic-sparse,0,0,0,0,0,0,0,0,0,0,0,0,,0.0,
Q-184,Q-084,id,facts_specifications,RBK852,60,False,3136.777,deterministic,passthrough,False,none,0.0,False,0.0,0.0,0.0,False,0.0,0.0,0.0,False,0.0,0.0,0.0,False,0.0,0.0,0.0,False,0.0,0.0,0.0,False,0.0,0.0,0.0,False,0.0,0.0,0.0,False,0.0,0.0,0.0,False,0.0,0.0,0.0,False,0.0,0.0,0.0,False,0.0,0.0,0.0,False,0.0,0.0,['0121bbc3-46f8-588c-b9d6-e7e69974a9fe'],indexer-generic-sparse,0,0,0,0,0,0,0,0,0,0,0,0,,0.0,
Q-185,Q-085,id,features_security_maintenance_limitations,RBK852,60,False,2384.479,deterministic,passthrough,False,none,0.0,False,0.0,0.0,0.0,False,0.0,0.0,0.0,False,0.0,0.0,0.0,False,0.0,0.0,0.0,False,0.0,0.0,0.0,False,0.0,0.0,0.02857142857142857,True,1.0,0.09224219235917257,0.025,True,1.0,0.09224219235917257,0.06666666666666667,True,1.0,0.2646824539147103,0.06,True,1.0,0.2646824539147103,0.05454545454545454,True,1.0,0.2646824539147103,0.05,True,1.0,0.2646824539147103,['e8fbf22f-7fac-51cc-8b76-ef68177b1407'],indexer-generic-sparse,0,0,0,0,0,0,1,1,3,3,3,3,33,0.030303030303030304,35
Q-186,Q-086,id,features_security_maintenance_limitations,RBK852,60,False,2323.625,deterministic,passthrough,False,none,0.0,False,0.0,0.0,0.0,False,0.0,0.0,0.0,False,0.0,0.0,0.0,False,0.0,0.0,0.0,False,0.0,0.0,0.0,False,0.0,0.0,0.0,False,0.0,0.0,0.0,False,0.0,0.0,0.0,False,0.0,0.0,0.0,False,0.0,0.0,0.0,False,0.0,0.0,0.0,False,0.0,0.0,['64c7ce15-7a5a-580d-adbe-160bed89ad0b'],indexer-generic-sparse,0,0,0,0,0,0,0,0,0,0,0,0,,0.0,
Q-187,Q-087,id,troubleshooting_diagnostics,RBK852,0,True,1991.564,deterministic,passthrough,False,none,0.0,False,0.0,0.0,0.0,False,0.0,0.0,0.0,False,0.0,0.0,0.0,False,0.0,0.0,0.0,False,0.0,0.0,0.0,False,0.0,0.0,0.0,False,0.0,0.0,0.0,False,0.0,0.0,0.0,False,0.0,0.0,0.0,False,0.0,0.0,0.0,False,0.0,0.0,0.0,False,0.0,0.0,['594cc248-162e-5180-b1f6-243ea1c30a9e'],indexer-generic-sparse,0,0,0,0,0,0,0,0,0,0,0,0,,0.0,
Q-188,Q-088,id,troubleshooting_diagnostics,RBK852,0,True,2021.418,deterministic,passthrough,False,none,0.0,False,0.0,0.0,0.0,False,0.0,0.0,0.0,False,0.0,0.0,0.0,False,0.0,0.0,0.0,False,0.0,0.0,0.0,False,0.0,0.0,0.0,False,0.0,0.0,0.0,False,0.0,0.0,0.0,False,0.0,0.0,0.0,False,0.0,0.0,0.0,False,0.0,0.0,0.0,False,0.0,0.0,['8989f72f-c45f-5a19-b2ce-b190765e7b28'],indexer-generic-sparse,0,0,0,0,0,0,0,0,0,0,0,0,,0.0,
Q-189,Q-089,id,facts_specifications,XR500,2,False,2673.312,deterministic,passthrough,False,none,0.0,False,0.0,0.0,0.0,False,0.0,0.0,0.0,False,0.0,0.0,0.0,False,0.0,0.0,0.0,False,0.0,0.0,0.0,False,0.0,0.0,0.0,False,0.0,0.0,0.0,False,0.0,0.0,0.0,False,0.0,0.0,0.0,False,0.0,0.0,0.0,False,0.0,0.0,0.0,False,0.0,0.0,['3252b308-2ca3-5fec-b98f-6d89b53b5bb2'],indexer-generic-sparse,0,0,0,0,0,0,0,0,0,0,0,0,,0.0,
Q-190,Q-090,id,setup_configuration,XR500,60,False,2670.395,deterministic,passthrough,False,none,0.0,False,0.0,0.0,0.0,False,0.0,0.0,0.0,False,0.0,0.0,0.0,False,0.0,0.0,0.0,False,0.0,0.0,0.0,False,0.0,0.0,0.0,False,0.0,0.0,0.0,False,0.0,0.0,0.0,False,0.0,0.0,0.0,False,0.0,0.0,0.0,False,0.0,0.0,0.0,False,0.0,0.0,['cb248990-463a-5428-8ee2-082f71f0484e'],indexer-generic-sparse,0,0,0,0,0,0,0,0,0,0,0,0,,0.0,
Q-191,Q-091,id,features_security_maintenance_limitations,XR500,60,False,3855.755,deterministic,passthrough,False,none,0.0,False,0.0,0.0,0.0,False,0.0,0.0,0.0,False,0.0,0.0,0.0,False,0.0,0.0,0.0,False,0.0,0.0,0.0,False,0.0,0.0,0.0,False,0.0,0.0,0.0,False,0.0,0.0,0.0,False,0.0,0.0,0.0,False,0.0,0.0,0.0,False,0.0,0.0,0.0,False,0.0,0.0,['44b909e7-8fcd-5a49-bae0-e2be984df636'],indexer-generic-sparse,0,0,0,0,0,0,0,0,0,0,0,0,,0.0,
Q-192,Q-092,id,features_security_maintenance_limitations,XR500,16,False,3852.868,deterministic,passthrough,False,none,0.0,False,0.0,0.0,0.0,False,0.0,0.0,0.06666666666666667,True,1.0,0.27023815442731974,0.05,True,1.0,0.27023815442731974,0.04,True,1.0,0.27023815442731974,0.03333333333333333,True,1.0,0.27023815442731974,0.02857142857142857,True,1.0,0.27023815442731974,0.025,True,1.0,0.27023815442731974,0.022222222222222223,True,1.0,0.27023815442731974,0.02,True,1.0,0.27023815442731974,0.01818181818181818,True,1.0,0.27023815442731974,0.016666666666666666,True,1.0,0.27023815442731974,['d9934c94-0789-5258-8d3c-3482e84637b0'],indexer-generic-sparse,0,0,1,1,1,1,1,1,1,1,1,1,12,0.08333333333333333,15
Q-193,Q-093,id,features_security_maintenance_limitations,XR500,2,False,3898.901,deterministic,passthrough,False,none,0.0,False,0.0,0.0,0.0,False,0.0,0.0,0.0,False,0.0,0.0,0.0,False,0.0,0.0,0.0,False,0.0,0.0,0.0,False,0.0,0.0,0.0,False,0.0,0.0,0.0,False,0.0,0.0,0.0,False,0.0,0.0,0.0,False,0.0,0.0,0.0,False,0.0,0.0,0.0,False,0.0,0.0,['e3bace6b-5d07-5dcc-8041-f1933c6cd04f'],indexer-generic-sparse,0,0,0,0,0,0,0,0,0,0,0,0,,0.0,
Q-194,Q-094,id,features_security_maintenance_limitations,XR500,47,False,3889.442,deterministic,passthrough,False,none,0.0,False,0.0,0.0,0.0,False,0.0,0.0,0.0,False,0.0,0.0,0.0,False,0.0,0.0,0.0,False,0.0,0.0,0.0,False,0.0,0.0,0.0,False,0.0,0.0,0.0,False,0.0,0.0,0.0,False,0.0,0.0,0.0,False,0.0,0.0,0.0,False,0.0,0.0,0.0,False,0.0,0.0,['e8550a88-ca9e-5dc2-8bb3-4dd7ff222c8d'],indexer-generic-sparse,0,0,0,0,0,0,0,0,0,0,0,0,,0.0,
Q-195,Q-095,id,features_security_maintenance_limitations,XR500,60,False,2796.397,deterministic,passthrough,False,none,0.2,True,1.0,0.3065735963827292,0.2,True,1.0,0.4911492931622974,0.13333333333333333,True,1.0,0.4911492931622974,0.1,True,1.0,0.4911492931622974,0.08,True,1.0,0.4911492931622974,0.06666666666666667,True,1.0,0.4911492931622974,0.05714285714285714,True,1.0,0.4911492931622974,0.05,True,1.0,0.4911492931622974,0.044444444444444446,True,1.0,0.4911492931622974,0.04,True,1.0,0.4911492931622974,0.03636363636363636,True,1.0,0.4911492931622974,0.03333333333333333,True,1.0,0.4911492931622974,['dee55ef8-729a-51e5-9b1c-29cce4910ea6'],indexer-generic-sparse,1,2,2,2,2,2,2,2,2,2,2,2,3,0.3333333333333333,5
Q-196,Q-096,id,features_security_maintenance_limitations,XR500,60,False,2789.634,deterministic,passthrough,False,none,0.0,False,0.0,0.0,0.1,True,1.0,0.123151194370365,0.13333333333333333,True,1.0,0.2256843329885869,0.1,True,1.0,0.2256843329885869,0.08,True,1.0,0.2256843329885869,0.06666666666666667,True,1.0,0.2256843329885869,0.08571428571428572,True,1.0,0.3030732206835377,0.075,True,1.0,0.3030732206835377,0.06666666666666667,True,1.0,0.3030732206835377,0.06,True,1.0,0.3030732206835377,0.07272727272727272,True,1.0,0.37059713708660524,0.06666666666666667,True,1.0,0.37059713708660524,['1d4788df-374d-52e0-a31b-c406a91abfcc'],indexer-generic-sparse,0,1,2,2,2,2,3,3,3,3,4,4,8,0.125,10
Q-197,Q-097,id,features_security_maintenance_limitations,XR500,60,False,4159.289,deterministic,passthrough,False,none,0.0,False,0.0,0.0,0.2,True,1.0,0.2893079283427616,0.13333333333333333,True,1.0,0.2893079283427616,0.1,True,1.0,0.2893079283427616,0.12,True,1.0,0.39304890295114425,0.1,True,1.0,0.39304890295114425,0.08571428571428572,True,1.0,0.39304890295114425,0.075,True,1.0,0.39304890295114425,0.06666666666666667,True,1.0,0.39304890295114425,0.06,True,1.0,0.39304890295114425,0.05454545454545454,True,1.0,0.39304890295114425,0.05,True,1.0,0.39304890295114425,['9c7f8f5e-dadb-5ed0-b8be-baa2f11349a8'],indexer-generic-sparse,0,2,2,2,3,3,3,3,3,3,3,3,8,0.125,10
Q-198,Q-098,id,features_security_maintenance_limitations,XR500,60,False,4161.011,deterministic,passthrough,False,none,0.2,True,1.0,0.14606834984270645,0.1,True,1.0,0.14606834984270645,0.13333333333333333,True,1.0,0.2308584011611105,0.15,True,1.0,0.3106997365417784,0.12,True,1.0,0.3106997365417784,0.13333333333333333,True,1.0,0.38125001018965204,0.11428571428571428,True,1.0,0.38125001018965204,0.125,True,1.0,0.4454192429612357,0.1111111111111111,True,1.0,0.4454192429612357,0.1,True,1.0,0.4454192429612357,0.09090909090909091,True,1.0,0.4454192429612357,0.08333333333333333,True,1.0,0.4454192429612357,['65a39d84-6b18-50df-b32a-a7d46fbe2cfc'],indexer-generic-sparse,1,1,2,3,3,4,4,5,5,5,5,5,4,0.25,5
Q-199,Q-099,id,features_security_maintenance_limitations,XR500,60,False,3204.016,deterministic,passthrough,False,none,0.4,True,1.0,0.38356636737133565,0.3,True,1.0,0.42969378702974964,0.2,True,1.0,0.42969378702974964,0.2,True,1.0,0.49970939276293563,0.2,True,1.0,0.564871275718121,0.16666666666666666,True,1.0,0.564871275718121,0.17142857142857143,True,1.0,0.6243513000330394,0.15,True,1.0,0.6243513000330394,0.13333333333333333,True,1.0,0.6243513000330394,0.12,True,1.0,0.6243513000330394,0.10909090909090909,True,1.0,0.6243513000330394,0.1,True,1.0,0.6243513000330394,['36995834-66ad-5975-9724-aa9f228f5502'],indexer-generic-sparse,2,3,3,4,5,5,6,6,6,6,6,6,2,0.5,5
Q-200,Q-100,id,features_security_maintenance_limitations,XR500,29,False,3149.619,deterministic,passthrough,False,none,0.0,False,0.0,0.0,0.0,False,0.0,0.0,0.0,False,0.0,0.0,0.0,False,0.0,0.0,0.0,False,0.0,0.0,0.0,False,0.0,0.0,0.0,False,0.0,0.0,0.0,False,0.0,0.0,0.0,False,0.0,0.0,0.0,False,0.0,0.0,0.0,False,0.0,0.0,0.0,False,0.0,0.0,['75118c37-2376-50c5-b907-2ae6d10da16e'],indexer-generic-sparse,0,0,0,0,0,0,0,0,0,0,0,0,,0.0,
Q-001,Q-001,en,facts_specifications,CM2000,60,False,4610.166,deterministic,passthrough,False,none,0.2,True,1.0,0.6131471927654584,0.1,True,1.0,0.6131471927654584,0.06666666666666667,True,1.0,0.6131471927654584,0.05,True,1.0,0.6131471927654584,0.04,True,1.0,0.6131471927654584,0.03333333333333333,True,1.0,0.6131471927654584,0.02857142857142857,True,1.0,0.6131471927654584,0.025,True,1.0,0.6131471927654584,0.044444444444444446,True,1.0,0.7261433734686096,0.04,True,1.0,0.7261433734686096,0.03636363636363636,True,1.0,0.7261433734686096,0.03333333333333333,True,1.0,0.7261433734686096,['724d26e2-ed75-5043-b025-de4c01da0714'],indexer-generic-dense,1,1,1,1,1,1,1,1,2,2,2,2,1,1.0,5
Q-002,Q-002,en,facts_specifications,CM2000,60,False,4540.832,deterministic,passthrough,False,none,0.0,False,0.0,0.0,0.1,True,1.0,0.3333333333333333,0.06666666666666667,True,1.0,0.3333333333333333,0.05,True,1.0,0.3333333333333333,0.04,True,1.0,0.3333333333333333,0.03333333333333333,True,1.0,0.3333333333333333,0.02857142857142857,True,1.0,0.3333333333333333,0.025,True,1.0,0.3333333333333333,0.022222222222222223,True,1.0,0.3333333333333333,0.02,True,1.0,0.3333333333333333,0.01818181818181818,True,1.0,0.3333333333333333,0.016666666666666666,True,1.0,0.3333333333333333,['b9899548-cfa5-5bb4-8284-7d82e663abd1'],indexer-generic-dense,0,1,1,1,1,1,1,1,1,1,1,1,7,0.14285714285714285,10
Q-003,Q-003,en,setup_configuration,CM2000,60,False,4628.412,deterministic,passthrough,False,none,0.6,True,1.0,0.9060254355346823,0.3,True,1.0,0.9060254355346823,0.2,True,1.0,0.9060254355346823,0.15,True,1.0,0.9060254355346823,0.12,True,1.0,0.9060254355346823,0.1,True,1.0,0.9060254355346823,0.08571428571428572,True,1.0,0.9060254355346823,0.075,True,1.0,0.9060254355346823,0.06666666666666667,True,1.0,0.9060254355346823,0.06,True,1.0,0.9060254355346823,0.05454545454545454,True,1.0,0.9060254355346823,0.05,True,1.0,0.9060254355346823,['8fd1b794-0507-59d3-88fa-2209736ef6da'],indexer-generic-dense,3,3,3,3,3,3,3,3,3,3,3,3,1,1.0,5
Q-004,Q-004,en,setup_configuration,CM2000,60,False,4428.894,deterministic,passthrough,False,none,0.4,True,1.0,0.7653606369886217,0.3,True,1.0,0.9217868789962071,0.2,True,1.0,0.9217868789962071,0.15,True,1.0,0.9217868789962071,0.12,True,1.0,0.9217868789962071,0.1,True,1.0,0.9217868789962071,0.08571428571428572,True,1.0,0.9217868789962071,0.075,True,1.0,0.9217868789962071,0.06666666666666667,True,1.0,0.9217868789962071,0.06,True,1.0,0.9217868789962071,0.05454545454545454,True,1.0,0.9217868789962071,0.05,True,1.0,0.9217868789962071,['0de5a970-8b6a-5e57-ba98-6f57671a841c'],indexer-generic-dense,2,3,3,3,3,3,3,3,3,3,3,3,1,1.0,5
Q-005,Q-005,en,facts_specifications,CM2000,60,False,3501.817,deterministic,passthrough,False,none,0.6,True,1.0,0.8529278650606567,0.3,True,1.0,0.8529278650606567,0.2,True,1.0,0.8529278650606567,0.15,True,1.0,0.8529278650606567,0.12,True,1.0,0.8529278650606567,0.1,True,1.0,0.8529278650606567,0.08571428571428572,True,1.0,0.8529278650606567,0.075,True,1.0,0.8529278650606567,0.06666666666666667,True,1.0,0.8529278650606567,0.06,True,1.0,0.8529278650606567,0.05454545454545454,True,1.0,0.8529278650606567,0.05,True,1.0,0.8529278650606567,['eb2ebf98-481f-54be-b4a3-56ea1bdf5749'],indexer-generic-dense,3,3,3,3,3,3,3,3,3,3,3,3,1,1.0,5
Q-006,Q-006,en,troubleshooting_diagnostics,CM2000,60,False,4413.27,deterministic,passthrough,False,none,0.2,True,1.0,0.20210734650054757,0.1,True,1.0,0.20210734650054757,0.06666666666666667,True,1.0,0.20210734650054757,0.1,True,1.0,0.312579741459645,0.08,True,1.0,0.312579741459645,0.06666666666666667,True,1.0,0.312579741459645,0.05714285714285714,True,1.0,0.312579741459645,0.075,True,1.0,0.400171747214932,0.06666666666666667,True,1.0,0.400171747214932,0.06,True,1.0,0.400171747214932,0.05454545454545454,True,1.0,0.400171747214932,0.05,True,1.0,0.400171747214932,['62f9a09d-d5a8-5805-8b92-4d0be62383ce'],indexer-generic-dense,1,1,1,2,2,2,2,3,3,3,3,3,4,0.25,5
Q-007,Q-007,en,troubleshooting_diagnostics,CM2000,60,False,4341.366,deterministic,passthrough,False,none,0.2,True,1.0,0.38685280723454163,0.2,True,1.0,0.5640920940185894,0.13333333333333333,True,1.0,0.5640920940185894,0.1,True,1.0,0.5640920940185894,0.08,True,1.0,0.5640920940185894,0.06666666666666667,True,1.0,0.5640920940185894,0.05714285714285714,True,1.0,0.5640920940185894,0.05,True,1.0,0.5640920940185894,0.044444444444444446,True,1.0,0.5640920940185894,0.04,True,1.0,0.5640920940185894,0.03636363636363636,True,1.0,0.5640920940185894,0.03333333333333333,True,1.0,0.5640920940185894,['c5c4c17f-c329-5b9c-837f-7d33e641682f'],indexer-generic-dense,1,2,2,2,2,2,2,2,2,2,2,2,2,0.5,5
Q-008,Q-008,en,troubleshooting_diagnostics,CM2000,60,False,4384.577,deterministic,passthrough,False,none,0.2,True,1.0,0.46927872602275644,0.1,True,1.0,0.46927872602275644,0.06666666666666667,True,1.0,0.46927872602275644,0.05,True,1.0,0.46927872602275644,0.08,True,1.0,0.5691159230006478,0.06666666666666667,True,1.0,0.5691159230006478,0.08571428571428572,True,1.0,0.662145673436254,0.075,True,1.0,0.662145673436254,0.06666666666666667,True,1.0,0.662145673436254,0.06,True,1.0,0.662145673436254,0.05454545454545454,True,1.0,0.662145673436254,0.05,True,1.0,0.662145673436254,['85bd9c8e-a264-5649-acbc-73648b7ce861'],indexer-generic-dense,1,1,1,1,2,2,3,3,3,3,3,3,1,1.0,5
Q-009,Q-009,en,facts_specifications,CM2000,60,False,3737.287,deterministic,passthrough,False,none,0.0,False,0.0,0.0,0.1,True,1.0,0.21840743681816419,0.06666666666666667,True,1.0,0.21840743681816419,0.1,True,1.0,0.36274775120088537,0.08,True,1.0,0.36274775120088537,0.06666666666666667,True,1.0,0.36274775120088537,0.05714285714285714,True,1.0,0.36274775120088537,0.05,True,1.0,0.36274775120088537,0.044444444444444446,True,1.0,0.36274775120088537,0.04,True,1.0,0.36274775120088537,0.03636363636363636,True,1.0,0.36274775120088537,0.03333333333333333,True,1.0,0.36274775120088537,['88695618-cf2a-5bf0-9a58-da1167d8f0c6'],indexer-generic-dense,0,1,1,2,2,2,2,2,2,2,2,2,6,0.16666666666666666,10
Q-010,Q-010,en,setup_configuration,LM1200,60,False,3787.454,deterministic,passthrough,False,none,0.2,True,1.0,1.0,0.1,True,1.0,1.0,0.06666666666666667,True,1.0,1.0,0.05,True,1.0,1.0,0.04,True,1.0,1.0,0.03333333333333333,True,1.0,1.0,0.02857142857142857,True,1.0,1.0,0.025,True,1.0,1.0,0.022222222222222223,True,1.0,1.0,0.02,True,1.0,1.0,0.01818181818181818,True,1.0,1.0,0.016666666666666666,True,1.0,1.0,['37f50132-32d9-5fb0-a62d-366e401ac417'],indexer-generic-dense,1,1,1,1,1,1,1,1,1,1,1,1,1,1.0,5
Q-011,Q-011,en,setup_configuration,LM1200,60,False,3890.553,deterministic,passthrough,False,none,0.0,False,0.0,0.0,0.1,True,1.0,0.2890648263178879,0.06666666666666667,True,1.0,0.2890648263178879,0.05,True,1.0,0.2890648263178879,0.04,True,1.0,0.2890648263178879,0.03333333333333333,True,1.0,0.2890648263178879,0.02857142857142857,True,1.0,0.2890648263178879,0.025,True,1.0,0.2890648263178879,0.022222222222222223,True,1.0,0.2890648263178879,0.02,True,1.0,0.2890648263178879,0.01818181818181818,True,1.0,0.2890648263178879,0.016666666666666666,True,1.0,0.2890648263178879,['36789817-932f-55f7-9c50-bb45d2df0cbe'],indexer-generic-dense,0,1,1,1,1,1,1,1,1,1,1,1,10,0.1,10
Q-012,Q-012,en,setup_configuration,LM1200,60,False,4020.246,deterministic,passthrough,False,none,0.0,False,0.0,0.0,0.0,False,0.0,0.0,0.0,False,0.0,0.0,0.0,False,0.0,0.0,0.0,False,0.0,0.0,0.0,False,0.0,0.0,0.0,False,0.0,0.0,0.025,True,1.0,0.1905514124267734,0.022222222222222223,True,1.0,0.1905514124267734,0.02,True,1.0,0.1905514124267734,0.01818181818181818,True,1.0,0.1905514124267734,0.016666666666666666,True,1.0,0.1905514124267734,['fa675707-eec3-5dae-b80f-46a21238adcf'],indexer-generic-dense,0,0,0,0,0,0,0,1,1,1,1,1,37,0.02702702702702703,40
Q-013,Q-013,en,setup_configuration,LM1200,60,False,3573.98,deterministic,passthrough,False,none,0.6,True,1.0,0.8048099750039491,0.3,True,1.0,0.8048099750039491,0.2,True,1.0,0.8048099750039491,0.15,True,1.0,0.8048099750039491,0.12,True,1.0,0.8048099750039491,0.13333333333333333,True,1.0,0.8836078315147293,0.11428571428571428,True,1.0,0.8836078315147293,0.1,True,1.0,0.8836078315147293,0.08888888888888889,True,1.0,0.8836078315147293,0.08,True,1.0,0.8836078315147293,0.07272727272727272,True,1.0,0.8836078315147293,0.06666666666666667,True,1.0,0.8836078315147293,['cf1f57e0-473a-57f3-8d91-a52b0070e80b'],indexer-generic-dense,3,3,3,3,3,4,4,4,4,4,4,4,1,1.0,5
Q-014,Q-014,en,troubleshooting_diagnostics,LM1200,60,False,3852.437,deterministic,passthrough,False,none,0.0,False,0.0,0.0,0.0,False,0.0,0.0,0.0,False,0.0,0.0,0.0,False,0.0,0.0,0.0,False,0.0,0.0,0.0,False,0.0,0.0,0.0,False,0.0,0.0,0.0,False,0.0,0.0,0.0,False,0.0,0.0,0.0,False,0.0,0.0,0.0,False,0.0,0.0,0.0,False,0.0,0.0,['72dd6f50-8da8-5970-b90b-3a0719762e64'],indexer-generic-dense,0,0,0,0,0,0,0,0,0,0,0,0,,0.0,
Q-015,Q-015,en,features_security_maintenance_limitations,LM1200,60,False,3939.369,deterministic,passthrough,False,none,0.8,True,1.0,0.7860137352654724,0.4,True,1.0,0.7860137352654724,0.3333333333333333,True,1.0,0.8806200819721368,0.25,True,1.0,0.8806200819721368,0.2,True,1.0,0.8806200819721368,0.16666666666666666,True,1.0,0.8806200819721368,0.14285714285714285,True,1.0,0.8806200819721368,0.125,True,1.0,0.8806200819721368,0.1111111111111111,True,1.0,0.8806200819721368,0.1,True,1.0,0.8806200819721368,0.09090909090909091,True,1.0,0.8806200819721368,0.08333333333333333,True,1.0,0.8806200819721368,['eb06abbc-3f74-5ddc-bfd6-17572beb2155'],indexer-generic-dense,4,4,5,5,5,5,5,5,5,5,5,5,1,1.0,5
Q-016,Q-016,en,facts_specifications,LM1200,60,False,4201.429,deterministic,passthrough,False,none,0.6,True,1.0,0.6164336326286644,0.4,True,1.0,0.7234267649959281,0.26666666666666666,True,1.0,0.7234267649959281,0.2,True,1.0,0.7234267649959281,0.16,True,1.0,0.7234267649959281,0.13333333333333333,True,1.0,0.7234267649959281,0.11428571428571428,True,1.0,0.7234267649959281,0.1,True,1.0,0.7234267649959281,0.08888888888888889,True,1.0,0.7234267649959281,0.08,True,1.0,0.7234267649959281,0.09090909090909091,True,1.0,0.7820912007133943,0.08333333333333333,True,1.0,0.7820912007133943,['7e1a62c7-f256-5d08-a456-a62949c30491'],indexer-generic-dense,3,4,4,4,4,4,4,4,4,4,5,5,1,1.0,5
Q-017,Q-017,en,facts_specifications,LM1200,60,False,3002.084,deterministic,passthrough,False,none,0.0,False,0.0,0.0,0.0,False,0.0,0.0,0.0,False,0.0,0.0,0.0,False,0.0,0.0,0.0,False,0.0,0.0,0.0,False,0.0,0.0,0.0,False,0.0,0.0,0.0,False,0.0,0.0,0.0,False,0.0,0.0,0.0,False,0.0,0.0,0.0,False,0.0,0.0,0.0,False,0.0,0.0,['43434cb0-0be2-5d97-be19-dfb7256b7c44'],indexer-generic-dense,0,0,0,0,0,0,0,0,0,0,0,0,,0.0,
Q-018,Q-018,en,troubleshooting_diagnostics,LM1200,60,False,4192.178,deterministic,passthrough,False,none,0.0,False,0.0,0.0,0.1,True,1.0,0.13565197343244778,0.06666666666666667,True,1.0,0.13565197343244778,0.1,True,1.0,0.24423284653348132,0.08,True,1.0,0.24423284653348132,0.06666666666666667,True,1.0,0.24423284653348132,0.05714285714285714,True,1.0,0.24423284653348132,0.05,True,1.0,0.24423284653348132,0.06666666666666667,True,1.0,0.33126012798400994,0.06,True,1.0,0.33126012798400994,0.05454545454545454,True,1.0,0.33126012798400994,0.05,True,1.0,0.33126012798400994,['82ef2627-a58c-55ae-ab74-3f865a33e979'],indexer-generic-dense,0,1,1,2,2,2,2,2,3,3,3,3,10,0.1,10
Q-019,Q-019,en,troubleshooting_diagnostics,LM1200,60,False,5894.817,deterministic,passthrough,False,none,0.0,False,0.0,0.0,0.0,False,0.0,0.0,0.0,False,0.0,0.0,0.0,False,0.0,0.0,0.0,False,0.0,0.0,0.0,False,0.0,0.0,0.0,False,0.0,0.0,0.0,False,0.0,0.0,0.0,False,0.0,0.0,0.0,False,0.0,0.0,0.0,False,0.0,0.0,0.0,False,0.0,0.0,['6f442d4b-b8ba-5fe7-b4e9-9e90463dc194'],indexer-generic-dense,0,0,0,0,0,0,0,0,0,0,0,0,,0.0,
Q-020,Q-020,en,troubleshooting_diagnostics,R6350,60,False,5702.025,deterministic,passthrough,False,none,0.0,False,0.0,0.0,0.0,False,0.0,0.0,0.0,False,0.0,0.0,0.0,False,0.0,0.0,0.0,False,0.0,0.0,0.0,False,0.0,0.0,0.0,False,0.0,0.0,0.0,False,0.0,0.0,0.0,False,0.0,0.0,0.0,False,0.0,0.0,0.01818181818181818,True,1.0,0.17219543379409813,0.016666666666666666,True,1.0,0.17219543379409813,['1190a45f-877b-5cd2-a8d9-5ab1c390c374'],indexer-generic-dense,0,0,0,0,0,0,0,0,0,0,1,1,55,0.01818181818181818,55
Q-021,Q-021,en,troubleshooting_diagnostics,R6350,60,False,5485.09,deterministic,passthrough,False,none,0.0,False,0.0,0.0,0.1,True,1.0,0.1208113026994942,0.13333333333333333,True,1.0,0.20762207893542053,0.1,True,1.0,0.20762207893542053,0.08,True,1.0,0.20762207893542053,0.06666666666666667,True,1.0,0.20762207893542053,0.05714285714285714,True,1.0,0.20762207893542053,0.075,True,1.0,0.2727268378169061,0.08888888888888889,True,1.0,0.3348505585565886,0.08,True,1.0,0.3348505585565886,0.07272727272727272,True,1.0,0.3348505585565886,0.08333333333333333,True,1.0,0.39250495003125213,['ad49e55f-a53b-5c41-8bf1-a36c022c9b3b'],indexer-generic-dense,0,1,2,2,2,2,2,3,4,4,4,5,6,0.16666666666666666,10
Q-022,Q-022,en,troubleshooting_diagnostics,R6350,60,False,4703.925,deterministic,passthrough,False,none,0.0,False,0.0,0.0,0.1,True,1.0,0.31546487678572877,0.06666666666666667,True,1.0,0.31546487678572877,0.05,True,1.0,0.31546487678572877,0.04,True,1.0,0.31546487678572877,0.03333333333333333,True,1.0,0.31546487678572877,0.02857142857142857,True,1.0,0.31546487678572877,0.025,True,1.0,0.31546487678572877,0.022222222222222223,True,1.0,0.31546487678572877,0.02,True,1.0,0.31546487678572877,0.01818181818181818,True,1.0,0.31546487678572877,0.016666666666666666,True,1.0,0.31546487678572877,['d4e1d4fc-7655-51fc-8d81-af75a4b11734'],indexer-generic-dense,0,1,1,1,1,1,1,1,1,1,1,1,8,0.125,10
Q-023,Q-023,en,troubleshooting_diagnostics,R6350,60,False,3533.445,deterministic,passthrough,False,none,0.0,False,0.0,0.0,0.1,True,1.0,0.19342640361727081,0.06666666666666667,True,1.0,0.19342640361727081,0.05,True,1.0,0.19342640361727081,0.04,True,1.0,0.19342640361727081,0.03333333333333333,True,1.0,0.19342640361727081,0.02857142857142857,True,1.0,0.19342640361727081,0.05,True,1.0,0.3086378799531673,0.044444444444444446,True,1.0,0.3086378799531673,0.04,True,1.0,0.3086378799531673,0.03636363636363636,True,1.0,0.3086378799531673,0.03333333333333333,True,1.0,0.3086378799531673,['31b5dd16-326a-5e79-817f-c2585e0248a2'],indexer-generic-dense,0,1,1,1,1,1,1,2,2,2,2,2,8,0.125,10
Q-024,Q-024,en,setup_configuration,R6350,60,False,3465.17,deterministic,passthrough,False,none,0.0,False,0.0,0.0,0.0,False,0.0,0.0,0.0,False,0.0,0.0,0.0,False,0.0,0.0,0.0,False,0.0,0.0,0.0,False,0.0,0.0,0.0,False,0.0,0.0,0.0,False,0.0,0.0,0.0,False,0.0,0.0,0.02,True,1.0,0.10920371840908209,0.03636363636363636,True,1.0,0.21525959853899146,0.03333333333333333,True,1.0,0.21525959853899146,['0528f0b9-15e5-5482-9a68-0f02d2d61d68'],indexer-generic-dense,0,0,0,0,0,0,0,0,0,1,2,2,48,0.020833333333333332,50
Q-025,Q-025,en,setup_configuration,R6350,60,False,3692.008,deterministic,passthrough,False,none,0.0,False,0.0,0.0,0.2,True,1.0,0.2836929289153804,0.13333333333333333,True,1.0,0.2836929289153804,0.15,True,1.0,0.39623181771084803,0.12,True,1.0,0.39623181771084803,0.1,True,1.0,0.39623181771084803,0.08571428571428572,True,1.0,0.39623181771084803,0.075,True,1.0,0.39623181771084803,0.06666666666666667,True,1.0,0.39623181771084803,0.06,True,1.0,0.39623181771084803,0.05454545454545454,True,1.0,0.39623181771084803,0.05,True,1.0,0.39623181771084803,['12d6aaad-d982-5f95-8b7d-63ba7706aba5'],indexer-generic-dense,0,2,2,3,3,3,3,3,3,3,3,3,8,0.125,10
Q-026,Q-026,en,facts_specifications,R6350,60,False,3320.325,deterministic,passthrough,False,none,0.4,True,1.0,0.8503449055347546,0.2,True,1.0,0.8503449055347546,0.13333333333333333,True,1.0,0.8503449055347546,0.1,True,1.0,0.8503449055347546,0.08,True,1.0,0.8503449055347546,0.06666666666666667,True,1.0,0.8503449055347546,0.05714285714285714,True,1.0,0.8503449055347546,0.05,True,1.0,0.8503449055347546,0.044444444444444446,True,1.0,0.8503449055347546,0.04,True,1.0,0.8503449055347546,0.03636363636363636,True,1.0,0.8503449055347546,0.03333333333333333,True,1.0,0.8503449055347546,['3fbed70d-f242-5a78-90cc-f0f2674fe5f7'],indexer-generic-dense,2,2,2,2,2,2,2,2,2,2,2,2,1,1.0,5
Q-027,Q-027,en,setup_configuration,R6350,60,False,3845.361,deterministic,passthrough,False,none,0.0,False,0.0,0.0,0.0,False,0.0,0.0,0.06666666666666667,True,1.0,0.27023815442731974,0.05,True,1.0,0.27023815442731974,0.04,True,1.0,0.27023815442731974,0.03333333333333333,True,1.0,0.27023815442731974,0.02857142857142857,True,1.0,0.27023815442731974,0.025,True,1.0,0.27023815442731974,0.022222222222222223,True,1.0,0.27023815442731974,0.02,True,1.0,0.27023815442731974,0.01818181818181818,True,1.0,0.27023815442731974,0.016666666666666666,True,1.0,0.27023815442731974,['92de127d-5c3f-5d2a-a801-234fc3e5b014'],indexer-generic-dense,0,0,1,1,1,1,1,1,1,1,1,1,12,0.08333333333333333,15
Q-028,Q-028,en,troubleshooting_diagnostics,R6350,60,False,3725.67,deterministic,passthrough,False,none,0.0,False,0.0,0.0,0.1,True,1.0,0.11751610475642714,0.06666666666666667,True,1.0,0.11751610475642714,0.05,True,1.0,0.11751610475642714,0.08,True,1.0,0.20265966916523087,0.1,True,1.0,0.28476046541214084,0.08571428571428572,True,1.0,0.28476046541214084,0.075,True,1.0,0.28476046541214084,0.06666666666666667,True,1.0,0.28476046541214084,0.08,True,1.0,0.35465888459430983,0.07272727272727272,True,1.0,0.35465888459430983,0.06666666666666667,True,1.0,0.35465888459430983,['2a3ade55-f893-5d78-8ead-3ff6b3d197c7'],indexer-generic-dense,0,1,1,1,2,3,3,3,3,4,4,4,9,0.1111111111111111,10
Q-029,Q-029,en,features_security_maintenance_limitations,R6350,60,False,3119.696,deterministic,passthrough,False,none,0.2,True,1.0,0.2960819109658652,0.1,True,1.0,0.2960819109658652,0.13333333333333333,True,1.0,0.4161975667639165,0.15,True,1.0,0.5287364555593842,0.12,True,1.0,0.5287364555593842,0.1,True,1.0,0.5287364555593842,0.08571428571428572,True,1.0,0.5287364555593842,0.075,True,1.0,0.5287364555593842,0.06666666666666667,True,1.0,0.5287364555593842,0.06,True,1.0,0.5287364555593842,0.05454545454545454,True,1.0,0.5287364555593842,0.05,True,1.0,0.5287364555593842,['5a7fc3bd-5bd0-57b2-944d-5a981598dcf7'],indexer-generic-dense,1,1,2,3,3,3,3,3,3,3,3,3,2,0.5,5
Q-030,Q-030,en,setup_configuration,R6350,60,False,3766.767,deterministic,passthrough,False,none,0.2,True,1.0,0.16812753627111746,0.1,True,1.0,0.16812753627111746,0.13333333333333333,True,1.0,0.27702129733934966,0.1,True,1.0,0.27702129733934966,0.08,True,1.0,0.27702129733934966,0.13333333333333333,True,1.0,0.44032684262630234,0.11428571428571428,True,1.0,0.44032684262630234,0.1,True,1.0,0.44032684262630234,0.08888888888888889,True,1.0,0.44032684262630234,0.08,True,1.0,0.44032684262630234,0.07272727272727272,True,1.0,0.44032684262630234,0.06666666666666667,True,1.0,0.44032684262630234,['006d8e6b-77f6-54fa-826b-6d417979808f'],indexer-generic-dense,1,1,2,2,2,4,4,4,4,4,4,4,4,0.25,5
Q-031,Q-031,en,troubleshooting_diagnostics,R6350,60,False,4140.839,deterministic,passthrough,False,none,0.2,True,1.0,0.38685280723454163,0.1,True,1.0,0.38685280723454163,0.13333333333333333,True,1.0,0.5578858913022597,0.1,True,1.0,0.5578858913022597,0.08,True,1.0,0.5578858913022597,0.06666666666666667,True,1.0,0.5578858913022597,0.05714285714285714,True,1.0,0.5578858913022597,0.05,True,1.0,0.5578858913022597,0.044444444444444446,True,1.0,0.5578858913022597,0.04,True,1.0,0.5578858913022597,0.03636363636363636,True,1.0,0.5578858913022597,0.03333333333333333,True,1.0,0.5578858913022597,['818e0932-f3ff-5602-b5b9-5f1d94d353ed'],indexer-generic-dense,1,1,2,2,2,2,2,2,2,2,2,2,2,0.5,5
Q-032,Q-032,en,facts_specifications,R7000,60,False,4106.416,deterministic,passthrough,False,none,0.2,True,1.0,0.38685280723454163,0.1,True,1.0,0.38685280723454163,0.06666666666666667,True,1.0,0.38685280723454163,0.05,True,1.0,0.38685280723454163,0.04,True,1.0,0.38685280723454163,0.03333333333333333,True,1.0,0.38685280723454163,0.02857142857142857,True,1.0,0.38685280723454163,0.025,True,1.0,0.38685280723454163,0.044444444444444446,True,1.0,0.49916251923318794,0.04,True,1.0,0.49916251923318794,0.03636363636363636,True,1.0,0.49916251923318794,0.03333333333333333,True,1.0,0.49916251923318794,['cf6a9c70-f40a-521b-8ee5-c0a7ff8c1279'],indexer-generic-dense,1,1,1,1,1,1,1,1,2,2,2,2,2,0.5,5
Q-033,Q-033,en,setup_configuration,R7000,60,False,4092.183,deterministic,passthrough,False,none,0.0,False,0.0,0.0,0.1,True,1.0,0.3562071871080222,0.06666666666666667,True,1.0,0.3562071871080222,0.05,True,1.0,0.3562071871080222,0.04,True,1.0,0.3562071871080222,0.03333333333333333,True,1.0,0.3562071871080222,0.02857142857142857,True,1.0,0.3562071871080222,0.025,True,1.0,0.3562071871080222,0.022222222222222223,True,1.0,0.3562071871080222,0.02,True,1.0,0.3562071871080222,0.01818181818181818,True,1.0,0.3562071871080222,0.016666666666666666,True,1.0,0.3562071871080222,['9213a4bb-497e-56d3-be43-8791bb53a54e'],indexer-generic-dense,0,1,1,1,1,1,1,1,1,1,1,1,6,0.16666666666666666,10
Q-034,Q-034,en,setup_configuration,R7000,60,False,3524.472,deterministic,passthrough,False,none,0.0,False,0.0,0.0,0.0,False,0.0,0.0,0.0,False,0.0,0.0,0.0,False,0.0,0.0,0.0,False,0.0,0.0,0.0,False,0.0,0.0,0.0,False,0.0,0.0,0.0,False,0.0,0.0,0.0,False,0.0,0.0,0.0,False,0.0,0.0,0.0,False,0.0,0.0,0.0,False,0.0,0.0,['8aecb252-6293-553d-8e28-ef7b756f0c82'],indexer-generic-dense,0,0,0,0,0,0,0,0,0,0,0,0,,0.0,
Q-035,Q-035,en,facts_specifications,R7000,60,False,4012.315,deterministic,passthrough,False,none,0.2,True,1.0,0.13120507751234178,0.1,True,1.0,0.13120507751234178,0.06666666666666667,True,1.0,0.13120507751234178,0.05,True,1.0,0.13120507751234178,0.04,True,1.0,0.13120507751234178,0.03333333333333333,True,1.0,0.13120507751234178,0.05714285714285714,True,1.0,0.19787096104934296,0.075,True,1.0,0.26297571993082847,0.08888888888888889,True,1.0,0.32547915841117886,0.1,True,1.0,0.38620655008656113,0.09090909090909091,True,1.0,0.38620655008656113,0.08333333333333333,True,1.0,0.38620655008656113,['54a5ae0e-dabe-533f-8906-cd65b27661ec'],indexer-generic-dense,1,1,1,1,1,1,2,3,4,5,5,5,5,0.2,5
Q-036,Q-036,en,facts_specifications,R7000,60,False,3945.428,deterministic,passthrough,False,none,0.4,True,1.0,0.6240505200038379,0.2,True,1.0,0.6240505200038379,0.13333333333333333,True,1.0,0.6240505200038379,0.1,True,1.0,0.6240505200038379,0.08,True,1.0,0.6240505200038379,0.06666666666666667,True,1.0,0.6240505200038379,0.05714285714285714,True,1.0,0.6240505200038379,0.05,True,1.0,0.6240505200038379,0.044444444444444446,True,1.0,0.6240505200038379,0.04,True,1.0,0.6240505200038379,0.03636363636363636,True,1.0,0.6240505200038379,0.03333333333333333,True,1.0,0.6240505200038379,['537310b8-39d1-57ca-81f0-ddddc2ad9916'],indexer-generic-dense,2,2,2,2,2,2,2,2,2,2,2,2,2,0.5,5
Q-037,Q-037,en,features_security_maintenance_limitations,R7000,60,False,4402.676,deterministic,passthrough,False,none,0.2,True,1.0,0.20210734650054757,0.3,True,1.0,0.49141527484330916,0.2,True,1.0,0.49141527484330916,0.15,True,1.0,0.49141527484330916,0.12,True,1.0,0.49141527484330916,0.1,True,1.0,0.49141527484330916,0.08571428571428572,True,1.0,0.49141527484330916,0.075,True,1.0,0.49141527484330916,0.06666666666666667,True,1.0,0.49141527484330916,0.06,True,1.0,0.49141527484330916,0.05454545454545454,True,1.0,0.49141527484330916,0.05,True,1.0,0.49141527484330916,['79d677ad-2fef-50d3-92dd-c07a6df0f14e'],indexer-generic-dense,1,3,3,3,3,3,3,3,3,3,3,3,4,0.25,5
Q-038,Q-038,en,setup_configuration,R7000,60,False,4137.856,deterministic,passthrough,False,none,0.2,True,1.0,0.23719771276929622,0.1,True,1.0,0.23719771276929622,0.06666666666666667,True,1.0,0.23719771276929622,0.05,True,1.0,0.23719771276929622,0.04,True,1.0,0.23719771276929622,0.03333333333333333,True,1.0,0.23719771276929622,0.05714285714285714,True,1.0,0.35874792836653396,0.05,True,1.0,0.35874792836653396,0.044444444444444446,True,1.0,0.35874792836653396,0.04,True,1.0,0.35874792836653396,0.03636363636363636,True,1.0,0.35874792836653396,0.03333333333333333,True,1.0,0.35874792836653396,['d4980606-c8d1-5aca-adbe-96e35254c9e1'],indexer-generic-dense,1,1,1,1,1,1,2,2,2,2,2,2,5,0.2,5
Q-039,Q-039,en,features_security_maintenance_limitations,R7000,60,False,3943.084,deterministic,passthrough,False,none,0.2,True,1.0,0.38685280723454163,0.1,True,1.0,0.38685280723454163,0.06666666666666667,True,1.0,0.38685280723454163,0.05,True,1.0,0.38685280723454163,0.04,True,1.0,0.38685280723454163,0.03333333333333333,True,1.0,0.38685280723454163,0.02857142857142857,True,1.0,0.38685280723454163,0.025,True,1.0,0.38685280723454163,0.022222222222222223,True,1.0,0.38685280723454163,0.02,True,1.0,0.38685280723454163,0.01818181818181818,True,1.0,0.38685280723454163,0.016666666666666666,True,1.0,0.38685280723454163,['af255485-98d7-59f8-94db-806fd6280e64'],indexer-generic-dense,1,1,1,1,1,1,1,1,1,1,1,1,5,0.2,5
Q-040,Q-040,en,setup_configuration,R7000,60,False,3924.325,deterministic,passthrough,False,none,0.4,True,1.0,0.8503449055347546,0.2,True,1.0,0.8503449055347546,0.13333333333333333,True,1.0,0.8503449055347546,0.1,True,1.0,0.8503449055347546,0.08,True,1.0,0.8503449055347546,0.06666666666666667,True,1.0,0.8503449055347546,0.05714285714285714,True,1.0,0.8503449055347546,0.05,True,1.0,0.8503449055347546,0.044444444444444446,True,1.0,0.8503449055347546,0.04,True,1.0,0.8503449055347546,0.03636363636363636,True,1.0,0.8503449055347546,0.03333333333333333,True,1.0,0.8503449055347546,['89cf7641-ad76-514d-a38e-ff036b200250'],indexer-generic-dense,2,2,2,2,2,2,2,2,2,2,2,2,1,1.0,5
Q-041,Q-041,en,setup_configuration,R7000,60,False,5713.388,deterministic,passthrough,False,none,0.2,True,1.0,0.3903800499921017,0.2,True,1.0,0.5205067333228022,0.13333333333333333,True,1.0,0.5205067333228022,0.2,True,1.0,0.7048913472535409,0.16,True,1.0,0.7048913472535409,0.13333333333333333,True,1.0,0.7048913472535409,0.11428571428571428,True,1.0,0.7048913472535409,0.1,True,1.0,0.7048913472535409,0.08888888888888889,True,1.0,0.7048913472535409,0.08,True,1.0,0.7048913472535409,0.07272727272727272,True,1.0,0.7048913472535409,0.06666666666666667,True,1.0,0.7048913472535409,['0cff8f5c-96b8-5d33-9c11-37f93f8300fb'],indexer-generic-dense,1,2,2,4,4,4,4,4,4,4,4,4,1,1.0,5
Q-042,Q-042,en,troubleshooting_diagnostics,R7000,60,False,4593.107,deterministic,passthrough,False,none,0.2,True,1.0,1.0,0.1,True,1.0,1.0,0.06666666666666667,True,1.0,1.0,0.05,True,1.0,1.0,0.04,True,1.0,1.0,0.03333333333333333,True,1.0,1.0,0.02857142857142857,True,1.0,1.0,0.025,True,1.0,1.0,0.022222222222222223,True,1.0,1.0,0.02,True,1.0,1.0,0.01818181818181818,True,1.0,1.0,0.016666666666666666,True,1.0,1.0,['f2289449-f54e-5af6-8243-762118ef305b'],indexer-generic-dense,1,1,1,1,1,1,1,1,1,1,1,1,1,1.0,5
Q-043,Q-043,en,troubleshooting_diagnostics,R7000,60,False,4462.499,deterministic,passthrough,False,none,0.0,False,0.0,0.0,0.1,True,1.0,0.21840743681816419,0.06666666666666667,True,1.0,0.21840743681816419,0.1,True,1.0,0.3580028106829147,0.08,True,1.0,0.3580028106829147,0.06666666666666667,True,1.0,0.3580028106829147,0.05714285714285714,True,1.0,0.3580028106829147,0.05,True,1.0,0.3580028106829147,0.044444444444444446,True,1.0,0.3580028106829147,0.04,True,1.0,0.3580028106829147,0.03636363636363636,True,1.0,0.3580028106829147,0.03333333333333333,True,1.0,0.3580028106829147,['65aa662f-9473-5c74-b996-74e7f545f09c'],indexer-generic-dense,0,1,1,2,2,2,2,2,2,2,2,2,6,0.16666666666666666,10
Q-044,Q-044,en,facts_specifications,RAX120,60,False,4371.818,deterministic,passthrough,False,none,0.0,False,0.0,0.0,0.1,True,1.0,0.3333333333333333,0.06666666666666667,True,1.0,0.3333333333333333,0.05,True,1.0,0.3333333333333333,0.04,True,1.0,0.3333333333333333,0.03333333333333333,True,1.0,0.3333333333333333,0.02857142857142857,True,1.0,0.3333333333333333,0.025,True,1.0,0.3333333333333333,0.022222222222222223,True,1.0,0.3333333333333333,0.02,True,1.0,0.3333333333333333,0.01818181818181818,True,1.0,0.3333333333333333,0.016666666666666666,True,1.0,0.3333333333333333,['89d399fa-1c1b-5d37-b35a-194ce673ec69'],indexer-generic-dense,0,1,1,1,1,1,1,1,1,1,1,1,7,0.14285714285714285,10
Q-045,Q-045,en,facts_specifications,RAX120,60,False,3622.454,deterministic,passthrough,False,none,0.0,False,0.0,0.0,0.1,True,1.0,0.2890648263178879,0.06666666666666667,True,1.0,0.2890648263178879,0.05,True,1.0,0.2890648263178879,0.04,True,1.0,0.2890648263178879,0.03333333333333333,True,1.0,0.2890648263178879,0.02857142857142857,True,1.0,0.2890648263178879,0.025,True,1.0,0.2890648263178879,0.022222222222222223,True,1.0,0.2890648263178879,0.02,True,1.0,0.2890648263178879,0.01818181818181818,True,1.0,0.2890648263178879,0.016666666666666666,True,1.0,0.2890648263178879,['6af6a140-458c-5188-b116-2f8430c69437'],indexer-generic-dense,0,1,1,1,1,1,1,1,1,1,1,1,10,0.1,10
Q-046,Q-046,en,setup_configuration,RAX120,60,False,3550.539,deterministic,passthrough,False,none,0.2,True,1.0,0.3065735963827292,0.1,True,1.0,0.3065735963827292,0.06666666666666667,True,1.0,0.3065735963827292,0.05,True,1.0,0.3065735963827292,0.04,True,1.0,0.3065735963827292,0.03333333333333333,True,1.0,0.3065735963827292,0.02857142857142857,True,1.0,0.3065735963827292,0.05,True,1.0,0.4225812656907136,0.044444444444444446,True,1.0,0.4225812656907136,0.04,True,1.0,0.4225812656907136,0.03636363636363636,True,1.0,0.4225812656907136,0.03333333333333333,True,1.0,0.4225812656907136,['f02b327f-e424-5fbd-884a-afa982cfba97'],indexer-generic-dense,1,1,1,1,1,1,1,2,2,2,2,2,3,0.3333333333333333,5
Q-047,Q-047,en,facts_specifications,RAX120,60,False,3755.349,deterministic,passthrough,False,none,0.0,False,0.0,0.0,0.0,False,0.0,0.0,0.0,False,0.0,0.0,0.0,False,0.0,0.0,0.04,True,1.0,0.21533827903669653,0.03333333333333333,True,1.0,0.21533827903669653,0.02857142857142857,True,1.0,0.21533827903669653,0.025,True,1.0,0.21533827903669653,0.022222222222222223,True,1.0,0.21533827903669653,0.02,True,1.0,0.21533827903669653,0.01818181818181818,True,1.0,0.21533827903669653,0.016666666666666666,True,1.0,0.21533827903669653,['304579c0-2505-541b-9272-41a33abdc404'],indexer-generic-dense,0,0,0,0,1,1,1,1,1,1,1,1,24,0.041666666666666664,25
Q-048,Q-048,en,setup_configuration,RAX120,60,False,3776.115,deterministic,passthrough,False,none,0.0,False,0.0,0.0,0.1,True,1.0,0.31546487678572877,0.06666666666666667,True,1.0,0.31546487678572877,0.05,True,1.0,0.31546487678572877,0.04,True,1.0,0.31546487678572877,0.03333333333333333,True,1.0,0.31546487678572877,0.02857142857142857,True,1.0,0.31546487678572877,0.025,True,1.0,0.31546487678572877,0.022222222222222223,True,1.0,0.31546487678572877,0.02,True,1.0,0.31546487678572877,0.01818181818181818,True,1.0,0.31546487678572877,0.016666666666666666,True,1.0,0.31546487678572877,['ebd82415-b17d-5082-8472-3811a168faaf'],indexer-generic-dense,0,1,1,1,1,1,1,1,1,1,1,1,8,0.125,10
Q-049,Q-049,en,features_security_maintenance_limitations,RAX120,60,False,3667.252,deterministic,passthrough,False,none,0.0,False,0.0,0.0,0.1,True,1.0,0.14126697285982898,0.06666666666666667,True,1.0,0.14126697285982898,0.05,True,1.0,0.14126697285982898,0.08,True,1.0,0.2411041698377204,0.1,True,1.0,0.33872099522948895,0.08571428571428572,True,1.0,0.33872099522948895,0.075,True,1.0,0.33872099522948895,0.06666666666666667,True,1.0,0.33872099522948895,0.06,True,1.0,0.33872099522948895,0.05454545454545454,True,1.0,0.33872099522948895,0.05,True,1.0,0.33872099522948895,['0f01b620-ac86-5a3e-bacb-6893a15e210e'],indexer-generic-dense,0,1,1,1,2,3,3,3,3,3,3,3,9,0.1111111111111111,10
Q-050,Q-050,en,facts_specifications,RAX120,60,False,3656.713,deterministic,passthrough,False,none,0.0,False,0.0,0.0,0.0,False,0.0,0.0,0.06666666666666667,True,1.0,0.27894294565112987,0.05,True,1.0,0.27894294565112987,0.04,True,1.0,0.27894294565112987,0.03333333333333333,True,1.0,0.27894294565112987,0.02857142857142857,True,1.0,0.27894294565112987,0.025,True,1.0,0.27894294565112987,0.022222222222222223,True,1.0,0.27894294565112987,0.02,True,1.0,0.27894294565112987,0.01818181818181818,True,1.0,0.27894294565112987,0.016666666666666666,True,1.0,0.27894294565112987,['bb9735df-2bc3-50f1-9fb8-2235613d714e'],indexer-generic-dense,0,0,1,1,1,1,1,1,1,1,1,1,11,0.09090909090909091,15
Q-051,Q-051,en,setup_configuration,RAX120,60,False,3667.95,deterministic,passthrough,False,none,0.0,False,0.0,0.0,0.0,False,0.0,0.0,0.06666666666666667,True,1.0,0.10889376106823218,0.1,True,1.0,0.20079270443688677,0.12,True,1.0,0.283844519458671,0.1,True,1.0,0.283844519458671,0.08571428571428572,True,1.0,0.283844519458671,0.1,True,1.0,0.3571976431822196,0.08888888888888889,True,1.0,0.3571976431822196,0.08,True,1.0,0.3571976431822196,0.07272727272727272,True,1.0,0.3571976431822196,0.06666666666666667,True,1.0,0.3571976431822196,['9d1e53fd-0a2d-51bd-bb64-2521b239e8f3'],indexer-generic-dense,0,0,1,2,3,3,3,4,4,4,4,4,11,0.09090909090909091,15
Q-052,Q-052,en,features_security_maintenance_limitations,RAX120,60,False,3539.102,deterministic,passthrough,False,none,0.2,True,1.0,0.38685280723454163,0.1,True,1.0,0.38685280723454163,0.06666666666666667,True,1.0,0.38685280723454163,0.05,True,1.0,0.38685280723454163,0.04,True,1.0,0.38685280723454163,0.06666666666666667,True,1.0,0.5158037429793888,0.05714285714285714,True,1.0,0.5158037429793888,0.05,True,1.0,0.5158037429793888,0.044444444444444446,True,1.0,0.5158037429793888,0.04,True,1.0,0.5158037429793888,0.03636363636363636,True,1.0,0.5158037429793888,0.03333333333333333,True,1.0,0.5158037429793888,['d7d2bc93-72bb-53d6-945c-0708fde2888b'],indexer-generic-dense,1,1,1,1,1,2,2,2,2,2,2,2,2,0.5,5
Q-053,Q-053,en,facts_specifications,RAX120,60,False,3582.392,deterministic,passthrough,False,none,0.0,False,0.0,0.0,0.0,False,0.0,0.0,0.0,False,0.0,0.0,0.0,False,0.0,0.0,0.0,False,0.0,0.0,0.0,False,0.0,0.0,0.0,False,0.0,0.0,0.025,True,1.0,0.1905514124267734,0.022222222222222223,True,1.0,0.1905514124267734,0.02,True,1.0,0.1905514124267734,0.01818181818181818,True,1.0,0.1905514124267734,0.016666666666666666,True,1.0,0.1905514124267734,['cf516841-9648-5ad0-aaaa-b65b9c5d85aa'],indexer-generic-dense,0,0,0,0,0,0,0,1,1,1,1,1,37,0.02702702702702703,40
Q-054,Q-054,en,troubleshooting_diagnostics,RAX120,60,False,3546.812,deterministic,passthrough,False,none,0.0,False,0.0,0.0,0.0,False,0.0,0.0,0.06666666666666667,True,1.0,0.12325583919272352,0.1,True,1.0,0.23183671229375707,0.08,True,1.0,0.23183671229375707,0.1,True,1.0,0.32843625158660955,0.08571428571428572,True,1.0,0.32843625158660955,0.075,True,1.0,0.32843625158660955,0.06666666666666667,True,1.0,0.32843625158660955,0.06,True,1.0,0.32843625158660955,0.05454545454545454,True,1.0,0.32843625158660955,0.05,True,1.0,0.32843625158660955,['48b55cf6-5b08-527e-bd26-f4183bca41e2'],indexer-generic-dense,0,0,1,2,2,3,3,3,3,3,3,3,13,0.07692307692307693,15
Q-055,Q-055,en,facts_specifications,RAX120,60,False,3281.822,deterministic,passthrough,False,none,0.0,False,0.0,0.0,0.1,True,1.0,0.3333333333333333,0.06666666666666667,True,1.0,0.3333333333333333,0.05,True,1.0,0.3333333333333333,0.04,True,1.0,0.3333333333333333,0.03333333333333333,True,1.0,0.3333333333333333,0.02857142857142857,True,1.0,0.3333333333333333,0.025,True,1.0,0.3333333333333333,0.022222222222222223,True,1.0,0.3333333333333333,0.02,True,1.0,0.3333333333333333,0.01818181818181818,True,1.0,0.3333333333333333,0.016666666666666666,True,1.0,0.3333333333333333,['7059c14f-c840-5863-9050-2518f69aa8d5'],indexer-generic-dense,0,1,1,1,1,1,1,1,1,1,1,1,7,0.14285714285714285,10
Q-056,Q-056,en,troubleshooting_diagnostics,RAX50,60,False,3177.015,deterministic,passthrough,False,none,0.2,True,1.0,0.6131471927654584,0.1,True,1.0,0.6131471927654584,0.06666666666666667,True,1.0,0.6131471927654584,0.05,True,1.0,0.6131471927654584,0.04,True,1.0,0.6131471927654584,0.03333333333333333,True,1.0,0.6131471927654584,0.05714285714285714,True,1.0,0.734697408362696,0.05,True,1.0,0.734697408362696,0.044444444444444446,True,1.0,0.734697408362696,0.04,True,1.0,0.734697408362696,0.03636363636363636,True,1.0,0.734697408362696,0.03333333333333333,True,1.0,0.734697408362696,['f42f57b0-65cd-5982-935c-289c54636287'],indexer-generic-dense,1,1,1,1,1,1,2,2,2,2,2,2,1,1.0,5
Q-057,Q-057,en,setup_configuration,RAX50,60,False,3479.547,deterministic,passthrough,False,none,0.0,False,0.0,0.0,0.0,False,0.0,0.0,0.0,False,0.0,0.0,0.0,False,0.0,0.0,0.0,False,0.0,0.0,0.0,False,0.0,0.0,0.0,False,0.0,0.0,0.0,False,0.0,0.0,0.0,False,0.0,0.0,0.0,False,0.0,0.0,0.0,False,0.0,0.0,0.0,False,0.0,0.0,['e00425b6-15d6-5234-b2e5-d0f194e4e777'],indexer-generic-dense,0,0,0,0,0,0,0,0,0,0,0,0,,0.0,
Q-058,Q-058,en,facts_specifications,RAX50,60,False,3380.187,deterministic,passthrough,False,none,0.0,False,0.0,0.0,0.0,False,0.0,0.0,0.06666666666666667,True,1.0,0.12681701683239352,0.05,True,1.0,0.12681701683239352,0.04,True,1.0,0.12681701683239352,0.03333333333333333,True,1.0,0.12681701683239352,0.02857142857142857,True,1.0,0.12681701683239352,0.025,True,1.0,0.12681701683239352,0.022222222222222223,True,1.0,0.12681701683239352,0.02,True,1.0,0.12681701683239352,0.05454545454545454,True,1.0,0.2903112631552105,0.05,True,1.0,0.2903112631552105,['e87e22a2-a89c-58a7-9ff2-ff82463e19a7'],indexer-generic-dense,0,0,1,1,1,1,1,1,1,1,3,3,12,0.08333333333333333,15
Q-059,Q-059,en,troubleshooting_diagnostics,RAX50,60,False,3613.31,deterministic,passthrough,False,none,0.2,True,1.0,0.19519002499605084,0.1,True,1.0,0.19519002499605084,0.06666666666666667,True,1.0,0.19519002499605084,0.05,True,1.0,0.19519002499605084,0.04,True,1.0,0.19519002499605084,0.06666666666666667,True,1.0,0.275548521742671,0.05714285714285714,True,1.0,0.275548521742671,0.075,True,1.0,0.34940856754939037,0.06666666666666667,True,1.0,0.34940856754939037,0.06,True,1.0,0.34940856754939037,0.05454545454545454,True,1.0,0.34940856754939037,0.06666666666666667,True,1.0,0.41549749262315594,['03914fcb-62c9-5345-8ab2-2475379fe1be'],indexer-generic-dense,1,1,1,1,1,2,2,3,3,3,3,4,3,0.3333333333333333,5
Q-060,Q-060,en,features_security_maintenance_limitations,RAX50,60,False,3642.435,deterministic,passthrough,False,none,0.0,False,0.0,0.0,0.0,False,0.0,0.0,0.0,False,0.0,0.0,0.0,False,0.0,0.0,0.0,False,0.0,0.0,0.0,False,0.0,0.0,0.0,False,0.0,0.0,0.0,False,0.0,0.0,0.0,False,0.0,0.0,0.0,False,0.0,0.0,0.0,False,0.0,0.0,0.0,False,0.0,0.0,['d2849132-6a3d-520c-8f2c-bd5e904e522d'],indexer-generic-dense,0,0,0,0,0,0,0,0,0,0,0,0,,0.0,
Q-061,Q-061,en,troubleshooting_diagnostics,RAX50,60,False,3680.267,deterministic,passthrough,False,none,0.0,False,0.0,0.0,0.0,False,0.0,0.0,0.0,False,0.0,0.0,0.0,False,0.0,0.0,0.08,True,1.0,0.2062865293975685,0.06666666666666667,True,1.0,0.2062865293975685,0.05714285714285714,True,1.0,0.2062865293975685,0.05,True,1.0,0.2062865293975685,0.044444444444444446,True,1.0,0.2062865293975685,0.06,True,1.0,0.28901634913630747,0.05454545454545454,True,1.0,0.28901634913630747,0.05,True,1.0,0.28901634913630747,['93ffa849-c75e-5120-be9a-d99bb0eed70b'],indexer-generic-dense,0,0,0,0,2,2,2,2,2,3,3,3,21,0.047619047619047616,25
Q-062,Q-062,en,troubleshooting_diagnostics,RAX50,60,False,3564.18,deterministic,passthrough,False,none,0.0,False,0.0,0.0,0.0,False,0.0,0.0,0.0,False,0.0,0.0,0.1,True,1.0,0.22528168968511525,0.12,True,1.0,0.32902266429349797,0.1,True,1.0,0.32902266429349797,0.08571428571428572,True,1.0,0.32902266429349797,0.075,True,1.0,0.32902266429349797,0.06666666666666667,True,1.0,0.32902266429349797,0.06,True,1.0,0.32902266429349797,0.05454545454545454,True,1.0,0.32902266429349797,0.05,True,1.0,0.32902266429349797,['03a4fccb-bb0c-56ec-b67b-eee79c190813'],indexer-generic-dense,0,0,0,2,3,3,3,3,3,3,3,3,16,0.0625,20
Q-063,Q-063,en,facts_specifications,RAX50,60,False,3617.843,deterministic,passthrough,False,none,0.0,False,0.0,0.0,0.0,False,0.0,0.0,0.0,False,0.0,0.0,0.05,True,1.0,0.14434031438272124,0.04,True,1.0,0.14434031438272124,0.03333333333333333,True,1.0,0.14434031438272124,0.05714285714285714,True,1.0,0.2669697529358129,0.05,True,1.0,0.2669697529358129,0.044444444444444446,True,1.0,0.2669697529358129,0.04,True,1.0,0.2669697529358129,0.03636363636363636,True,1.0,0.2669697529358129,0.03333333333333333,True,1.0,0.2669697529358129,['a13c3553-78f9-5ede-9cd9-390daad977b6'],indexer-generic-dense,0,0,0,1,1,1,2,2,2,2,2,2,18,0.05555555555555555,20
Q-064,Q-064,en,features_security_maintenance_limitations,RAX50,60,False,3585.433,deterministic,passthrough,False,none,0.2,True,1.0,0.24630238874073,0.2,True,1.0,0.3638184934971571,0.13333333333333333,True,1.0,0.3638184934971571,0.1,True,1.0,0.3638184934971571,0.08,True,1.0,0.3638184934971571,0.1,True,1.0,0.44502324253719977,0.11428571428571428,True,1.0,0.5217569823547782,0.1,True,1.0,0.5217569823547782,0.08888888888888889,True,1.0,0.5217569823547782,0.08,True,1.0,0.5217569823547782,0.07272727272727272,True,1.0,0.5217569823547782,0.06666666666666667,True,1.0,0.5217569823547782,['01143d51-a727-543c-b607-948530c2902c'],indexer-generic-dense,1,2,2,2,2,3,4,4,4,4,4,4,2,0.5,5
Q-065,Q-065,en,troubleshooting_diagnostics,RAX50,60,False,4966.548,deterministic,passthrough,False,none,0.0,False,0.0,0.0,0.0,False,0.0,0.0,0.0,False,0.0,0.0,0.0,False,0.0,0.0,0.0,False,0.0,0.0,0.0,False,0.0,0.0,0.0,False,0.0,0.0,0.0,False,0.0,0.0,0.0,False,0.0,0.0,0.0,False,0.0,0.0,0.0,False,0.0,0.0,0.0,False,0.0,0.0,['af31b6ec-73a8-5529-8fa5-da1f467d1bef'],indexer-generic-dense,0,0,0,0,0,0,0,0,0,0,0,0,,0.0,
Q-066,Q-066,en,troubleshooting_diagnostics,RAX50,60,False,4968.44,deterministic,passthrough,False,none,0.0,False,0.0,0.0,0.1,True,1.0,0.10209739512291163,0.13333333333333333,True,1.0,0.19117766534114605,0.1,True,1.0,0.19117766534114605,0.12,True,1.0,0.2642118402624992,0.1,True,1.0,0.2642118402624992,0.11428571428571428,True,1.0,0.33144691294884016,0.125,True,1.0,0.3956161457204237,0.1111111111111111,True,1.0,0.3956161457204237,0.1,True,1.0,0.3956161457204237,0.09090909090909091,True,1.0,0.3956161457204237,0.08333333333333333,True,1.0,0.3956161457204237,['d6a2438e-ce2e-5744-b23d-64355bb7f3b2'],indexer-generic-dense,0,1,2,2,3,3,4,5,5,5,5,5,9,0.1111111111111111,10
Q-067,Q-067,en,setup_configuration,RAXE500,60,False,4767.997,deterministic,passthrough,False,none,0.0,False,0.0,0.0,0.1,True,1.0,0.3010299956639812,0.06666666666666667,True,1.0,0.3010299956639812,0.05,True,1.0,0.3010299956639812,0.04,True,1.0,0.3010299956639812,0.03333333333333333,True,1.0,0.3010299956639812,0.02857142857142857,True,1.0,0.3010299956639812,0.025,True,1.0,0.3010299956639812,0.022222222222222223,True,1.0,0.3010299956639812,0.02,True,1.0,0.3010299956639812,0.01818181818181818,True,1.0,0.3010299956639812,0.016666666666666666,True,1.0,0.3010299956639812,['a3662689-f8b9-5c28-8c0a-b2185487bec9'],indexer-generic-dense,0,1,1,1,1,1,1,1,1,1,1,1,9,0.1111111111111111,10
Q-068,Q-068,en,troubleshooting_diagnostics,RAXE500,60,False,4894.844,deterministic,passthrough,False,none,0.0,False,0.0,0.0,0.0,False,0.0,0.0,0.0,False,0.0,0.0,0.0,False,0.0,0.0,0.04,True,1.0,0.10235170428306553,0.03333333333333333,True,1.0,0.10235170428306553,0.02857142857142857,True,1.0,0.10235170428306553,0.075,True,1.0,0.2806121767735444,0.06666666666666667,True,1.0,0.2806121767735444,0.06,True,1.0,0.2806121767735444,0.05454545454545454,True,1.0,0.2806121767735444,0.05,True,1.0,0.2806121767735444,['feb09c00-0fd2-5b2c-ae97-969bd349df0e'],indexer-generic-dense,0,0,0,0,1,1,1,3,3,3,3,3,23,0.043478260869565216,25
Q-069,Q-069,en,facts_specifications,RAXE500,60,False,3646.913,deterministic,passthrough,False,none,0.0,False,0.0,0.0,0.1,True,1.0,0.13565197343244778,0.06666666666666667,True,1.0,0.13565197343244778,0.1,True,1.0,0.242492777694238,0.08,True,1.0,0.242492777694238,0.06666666666666667,True,1.0,0.242492777694238,0.05714285714285714,True,1.0,0.242492777694238,0.05,True,1.0,0.242492777694238,0.044444444444444446,True,1.0,0.242492777694238,0.04,True,1.0,0.242492777694238,0.05454545454545454,True,1.0,0.32442106733186754,0.05,True,1.0,0.32442106733186754,['eae4f314-abe4-5229-ac3e-d9cc4c571b27'],indexer-generic-dense,0,1,1,2,2,2,2,2,2,2,3,3,10,0.1,10
Q-070,Q-070,en,setup_configuration,RAXE500,60,False,4198.587,deterministic,passthrough,False,none,0.0,False,0.0,0.0,0.0,False,0.0,0.0,0.0,False,0.0,0.0,0.0,False,0.0,0.0,0.0,False,0.0,0.0,0.0,False,0.0,0.0,0.0,False,0.0,0.0,0.0,False,0.0,0.0,0.0,False,0.0,0.0,0.0,False,0.0,0.0,0.0,False,0.0,0.0,0.0,False,0.0,0.0,['8dba79ed-9bf8-5cb2-833b-a493317e765e'],indexer-generic-dense,0,0,0,0,0,0,0,0,0,0,0,0,,0.0,
Q-071,Q-071,en,features_security_maintenance_limitations,RAXE500,60,False,4186.674,deterministic,passthrough,False,none,0.0,False,0.0,0.0,0.0,False,0.0,0.0,0.0,False,0.0,0.0,0.0,False,0.0,0.0,0.0,False,0.0,0.0,0.0,False,0.0,0.0,0.0,False,0.0,0.0,0.0,False,0.0,0.0,0.0,False,0.0,0.0,0.0,False,0.0,0.0,0.01818181818181818,True,1.0,0.1729696904450771,0.016666666666666666,True,1.0,0.1729696904450771,['33088b55-3bd9-50bd-8652-c3cd7fd2d88f'],indexer-generic-dense,0,0,0,0,0,0,0,0,0,0,1,1,54,0.018518518518518517,55
Q-072,Q-072,en,facts_specifications,RAXE500,60,False,3988.628,deterministic,passthrough,False,none,0.6,True,1.0,0.5147714448836774,0.3,True,1.0,0.4172025044756148,0.2,True,1.0,0.4172025044756148,0.2,True,1.0,0.48191084331717426,0.16,True,1.0,0.48191084331717426,0.13333333333333333,True,1.0,0.48191084331717426,0.14285714285714285,True,1.0,0.5350791838322893,0.125,True,1.0,0.5350791838322893,0.1111111111111111,True,1.0,0.5350791838322893,0.1,True,1.0,0.5350791838322893,0.12727272727272726,True,1.0,0.6301756134542924,0.11666666666666667,True,1.0,0.6301756134542924,['09ef238c-cabe-5ea4-9616-24e57ee8f002'],indexer-generic-dense,3,3,3,4,4,4,5,5,5,5,7,7,2,0.5,5
Q-073,Q-073,en,facts_specifications,RAXE500,60,False,3221.473,deterministic,passthrough,False,none,0.2,True,1.0,0.23463936301137822,0.1,True,1.0,0.23463936301137822,0.06666666666666667,True,1.0,0.23463936301137822,0.05,True,1.0,0.23463936301137822,0.08,True,1.0,0.3383803376197609,0.06666666666666667,True,1.0,0.3383803376197609,0.08571428571428572,True,1.0,0.42915123388843723,0.075,True,1.0,0.42915123388843723,0.06666666666666667,True,1.0,0.42915123388843723,0.06,True,1.0,0.42915123388843723,0.05454545454545454,True,1.0,0.42915123388843723,0.05,True,1.0,0.42915123388843723,['04f1b52b-9f18-591e-ac0a-b16ee4a34dad'],indexer-generic-dense,1,1,1,1,2,2,3,3,3,3,3,3,3,0.3333333333333333,5
Q-074,Q-074,en,setup_configuration,RAXE500,60,False,3304.749,deterministic,passthrough,False,none,0.2,True,1.0,0.3065735963827292,0.1,True,1.0,0.3065735963827292,0.13333333333333333,True,1.0,0.4598603945740938,0.1,True,1.0,0.4598603945740938,0.08,True,1.0,0.4598603945740938,0.06666666666666667,True,1.0,0.4598603945740938,0.05714285714285714,True,1.0,0.4598603945740938,0.05,True,1.0,0.4598603945740938,0.044444444444444446,True,1.0,0.4598603945740938,0.04,True,1.0,0.4598603945740938,0.03636363636363636,True,1.0,0.4598603945740938,0.03333333333333333,True,1.0,0.4598603945740938,['8533530e-9001-5a31-a453-6077909ff031'],indexer-generic-dense,1,1,2,2,2,2,2,2,2,2,2,2,3,0.3333333333333333,5
Q-075,Q-075,en,features_security_maintenance_limitations,RAXE500,60,False,3541.457,deterministic,passthrough,False,none,0.0,False,0.0,0.0,0.0,False,0.0,0.0,0.06666666666666667,True,1.0,0.08681077623592635,0.05,True,1.0,0.08681077623592635,0.04,True,1.0,0.08681077623592635,0.06666666666666667,True,1.0,0.15736104988379998,0.08571428571428572,True,1.0,0.22296358863997087,0.075,True,1.0,0.22296358863997087,0.06666666666666667,True,1.0,0.22296358863997087,0.08,True,1.0,0.28305728944831016,0.07272727272727272,True,1.0,0.28305728944831016,0.08333333333333333,True,1.0,0.3407116809229737,['b2cee766-ed4f-59bb-8d66-703a2aecba75'],indexer-generic-dense,0,0,1,1,1,2,3,3,3,4,4,5,14,0.07142857142857142,15
Q-076,Q-076,en,features_security_maintenance_limitations,RAXE500,60,False,3539.112,deterministic,passthrough,False,none,0.0,False,0.0,0.0,0.0,False,0.0,0.0,0.06666666666666667,True,1.0,0.16104282508920814,0.05,True,1.0,0.16104282508920814,0.04,True,1.0,0.16104282508920814,0.03333333333333333,True,1.0,0.16104282508920814,0.02857142857142857,True,1.0,0.16104282508920814,0.025,True,1.0,0.16104282508920814,0.044444444444444446,True,1.0,0.27403900579235924,0.04,True,1.0,0.27403900579235924,0.03636363636363636,True,1.0,0.27403900579235924,0.03333333333333333,True,1.0,0.27403900579235924,['0fc19ad4-a3f3-5128-a97a-000311ce8919'],indexer-generic-dense,0,0,1,1,1,1,1,1,2,2,2,2,13,0.07692307692307693,15
Q-077,Q-077,en,troubleshooting_diagnostics,RAXE500,60,False,3159.681,deterministic,passthrough,False,none,0.2,True,1.0,0.5,0.1,True,1.0,0.5,0.06666666666666667,True,1.0,0.5,0.05,True,1.0,0.5,0.04,True,1.0,0.5,0.03333333333333333,True,1.0,0.5,0.02857142857142857,True,1.0,0.5,0.025,True,1.0,0.5,0.022222222222222223,True,1.0,0.5,0.02,True,1.0,0.5,0.01818181818181818,True,1.0,0.5,0.016666666666666666,True,1.0,0.5,['494eba00-b9d1-5fec-898e-b212c6f28baf'],indexer-generic-dense,1,1,1,1,1,1,1,1,1,1,1,1,3,0.3333333333333333,5
Q-078,Q-078,en,facts_specifications,RBK852,60,False,3740.406,deterministic,passthrough,False,none,0.2,True,1.0,0.6131471927654584,0.2,True,1.0,0.7977228895450266,0.13333333333333333,True,1.0,0.7977228895450266,0.1,True,1.0,0.7977228895450266,0.08,True,1.0,0.7977228895450266,0.06666666666666667,True,1.0,0.7977228895450266,0.05714285714285714,True,1.0,0.7977228895450266,0.05,True,1.0,0.7977228895450266,0.044444444444444446,True,1.0,0.7977228895450266,0.04,True,1.0,0.7977228895450266,0.03636363636363636,True,1.0,0.7977228895450266,0.03333333333333333,True,1.0,0.7977228895450266,['fd0ce992-9b7f-58e2-9140-f25a95a0b95b'],indexer-generic-dense,1,2,2,2,2,2,2,2,2,2,2,2,1,1.0,5
Q-079,Q-079,en,facts_specifications,RBK852,60,False,4069.366,deterministic,passthrough,False,none,0.0,False,0.0,0.0,0.0,False,0.0,0.0,0.0,False,0.0,0.0,0.05,True,1.0,0.24465054211822604,0.04,True,1.0,0.24465054211822604,0.03333333333333333,True,1.0,0.24465054211822604,0.02857142857142857,True,1.0,0.24465054211822604,0.025,True,1.0,0.24465054211822604,0.022222222222222223,True,1.0,0.24465054211822604,0.02,True,1.0,0.24465054211822604,0.01818181818181818,True,1.0,0.24465054211822604,0.016666666666666666,True,1.0,0.24465054211822604,['bafbe93c-5d33-537b-82ee-2c89ca1550eb'],indexer-generic-dense,0,0,0,1,1,1,1,1,1,1,1,1,16,0.0625,20
Q-080,Q-080,en,setup_configuration,RBK852,60,False,4073.65,deterministic,passthrough,False,none,0.0,False,0.0,0.0,0.0,False,0.0,0.0,0.0,False,0.0,0.0,0.0,False,0.0,0.0,0.0,False,0.0,0.0,0.0,False,0.0,0.0,0.0,False,0.0,0.0,0.0,False,0.0,0.0,0.0,False,0.0,0.0,0.0,False,0.0,0.0,0.0,False,0.0,0.0,0.0,False,0.0,0.0,['acfcfc10-9010-5a5e-9f6c-e4bbbf310479'],indexer-generic-dense,0,0,0,0,0,0,0,0,0,0,0,0,,0.0,
Q-081,Q-081,en,features_security_maintenance_limitations,RBK852,60,False,3902.976,deterministic,passthrough,False,none,0.2,True,1.0,0.3391602052736161,0.1,True,1.0,0.3391602052736161,0.06666666666666667,True,1.0,0.3391602052736161,0.05,True,1.0,0.3391602052736161,0.04,True,1.0,0.3391602052736161,0.03333333333333333,True,1.0,0.3391602052736161,0.08571428571428572,True,1.0,0.4719484306960573,0.075,True,1.0,0.4719484306960573,0.06666666666666667,True,1.0,0.4719484306960573,0.06,True,1.0,0.4719484306960573,0.05454545454545454,True,1.0,0.4719484306960573,0.08333333333333333,True,1.0,0.58726326924526,['aee81160-3f45-597d-97ea-c7a1ad45d30a'],indexer-generic-dense,1,1,1,1,1,1,3,3,3,3,3,5,1,1.0,5
Q-082,Q-082,en,setup_configuration,RBK852,60,False,4210.709,deterministic,passthrough,False,none,0.8,True,1.0,0.830419897363192,0.4,True,1.0,0.830419897363192,0.26666666666666666,True,1.0,0.830419897363192,0.25,True,1.0,0.9133956254483109,0.2,True,1.0,0.9133956254483109,0.16666666666666666,True,1.0,0.9133956254483109,0.14285714285714285,True,1.0,0.9133956254483109,0.125,True,1.0,0.9133956254483109,0.1111111111111111,True,1.0,0.9133956254483109,0.1,True,1.0,0.9133956254483109,0.09090909090909091,True,1.0,0.9133956254483109,0.08333333333333333,True,1.0,0.9133956254483109,['a6546993-1d1a-5eb2-b616-d7c4995490a6'],indexer-generic-dense,4,4,4,5,5,5,5,5,5,5,5,5,1,1.0,5
Q-083,Q-083,en,features_security_maintenance_limitations,RBK852,60,False,4469.856,deterministic,passthrough,False,none,0.0,False,0.0,0.0,0.0,False,0.0,0.0,0.0,False,0.0,0.0,0.0,False,0.0,0.0,0.0,False,0.0,0.0,0.0,False,0.0,0.0,0.0,False,0.0,0.0,0.025,True,1.0,0.18920035951687003,0.022222222222222223,True,1.0,0.18920035951687003,0.02,True,1.0,0.18920035951687003,0.01818181818181818,True,1.0,0.18920035951687003,0.016666666666666666,True,1.0,0.18920035951687003,['83b0f8da-6afa-5070-9d44-c12b3b247e8b'],indexer-generic-dense,0,0,0,0,0,0,0,1,1,1,1,1,38,0.02631578947368421,40
Q-084,Q-084,en,facts_specifications,RBK852,60,False,4425.844,deterministic,passthrough,False,none,0.2,True,1.0,0.6131471927654584,0.2,True,1.0,0.8315546295836225,0.13333333333333333,True,1.0,0.8315546295836225,0.1,True,1.0,0.8315546295836225,0.08,True,1.0,0.8315546295836225,0.06666666666666667,True,1.0,0.8315546295836225,0.05714285714285714,True,1.0,0.8315546295836225,0.05,True,1.0,0.8315546295836225,0.044444444444444446,True,1.0,0.8315546295836225,0.04,True,1.0,0.8315546295836225,0.03636363636363636,True,1.0,0.8315546295836225,0.03333333333333333,True,1.0,0.8315546295836225,['0121bbc3-46f8-588c-b9d6-e7e69974a9fe'],indexer-generic-dense,1,2,2,2,2,2,2,2,2,2,2,2,1,1.0,5
Q-085,Q-085,en,features_security_maintenance_limitations,RBK852,60,False,4226.945,deterministic,passthrough,False,none,0.2,True,1.0,0.3903800499921017,0.3,True,1.0,0.6436579276931672,0.2,True,1.0,0.6436579276931672,0.2,True,1.0,0.7372759303807636,0.16,True,1.0,0.7372759303807636,0.13333333333333333,True,1.0,0.7372759303807636,0.11428571428571428,True,1.0,0.7372759303807636,0.1,True,1.0,0.7372759303807636,0.08888888888888889,True,1.0,0.7372759303807636,0.08,True,1.0,0.7372759303807636,0.07272727272727272,True,1.0,0.7372759303807636,0.06666666666666667,True,1.0,0.7372759303807636,['e8fbf22f-7fac-51cc-8b76-ef68177b1407'],indexer-generic-dense,1,3,3,4,4,4,4,4,4,4,4,4,1,1.0,5
Q-086,Q-086,en,features_security_maintenance_limitations,RBK852,60,False,3680.961,deterministic,passthrough,False,none,0.0,False,0.0,0.0,0.0,False,0.0,0.0,0.0,False,0.0,0.0,0.0,False,0.0,0.0,0.0,False,0.0,0.0,0.0,False,0.0,0.0,0.0,False,0.0,0.0,0.0,False,0.0,0.0,0.0,False,0.0,0.0,0.0,False,0.0,0.0,0.0,False,0.0,0.0,0.0,False,0.0,0.0,['64c7ce15-7a5a-580d-adbe-160bed89ad0b'],indexer-generic-dense,0,0,0,0,0,0,0,0,0,0,0,0,,0.0,
Q-087,Q-087,en,troubleshooting_diagnostics,RBK852,60,False,4660.995,deterministic,passthrough,False,none,0.0,False,0.0,0.0,0.1,True,1.0,0.3333333333333333,0.06666666666666667,True,1.0,0.3333333333333333,0.05,True,1.0,0.3333333333333333,0.04,True,1.0,0.3333333333333333,0.03333333333333333,True,1.0,0.3333333333333333,0.02857142857142857,True,1.0,0.3333333333333333,0.025,True,1.0,0.3333333333333333,0.022222222222222223,True,1.0,0.3333333333333333,0.02,True,1.0,0.3333333333333333,0.01818181818181818,True,1.0,0.3333333333333333,0.016666666666666666,True,1.0,0.3333333333333333,['594cc248-162e-5180-b1f6-243ea1c30a9e'],indexer-generic-dense,0,1,1,1,1,1,1,1,1,1,1,1,7,0.14285714285714285,10
Q-088,Q-088,en,troubleshooting_diagnostics,RBK852,60,False,4825.853,deterministic,passthrough,False,none,0.2,True,1.0,0.21398626473452756,0.1,True,1.0,0.21398626473452756,0.06666666666666667,True,1.0,0.21398626473452756,0.1,True,1.0,0.2912029530172814,0.08,True,1.0,0.2912029530172814,0.06666666666666667,True,1.0,0.2912029530172814,0.05714285714285714,True,1.0,0.2912029530172814,0.075,True,1.0,0.3563077118987669,0.08888888888888889,True,1.0,0.41843143263844945,0.1,True,1.0,0.47883708398819647,0.09090909090909091,True,1.0,0.47883708398819647,0.08333333333333333,True,1.0,0.47883708398819647,['8989f72f-c45f-5a19-b2ce-b190765e7b28'],indexer-generic-dense,1,1,1,2,2,2,2,3,4,5,5,5,2,0.5,5
Q-089,Q-089,en,facts_specifications,XR500,60,False,5359.77,deterministic,passthrough,False,none,0.0,False,0.0,0.0,0.1,True,1.0,0.3333333333333333,0.06666666666666667,True,1.0,0.3333333333333333,0.05,True,1.0,0.3333333333333333,0.04,True,1.0,0.3333333333333333,0.03333333333333333,True,1.0,0.3333333333333333,0.02857142857142857,True,1.0,0.3333333333333333,0.025,True,1.0,0.3333333333333333,0.022222222222222223,True,1.0,0.3333333333333333,0.02,True,1.0,0.3333333333333333,0.01818181818181818,True,1.0,0.3333333333333333,0.016666666666666666,True,1.0,0.3333333333333333,['3252b308-2ca3-5fec-b98f-6d89b53b5bb2'],indexer-generic-dense,0,1,1,1,1,1,1,1,1,1,1,1,7,0.14285714285714285,10
Q-090,Q-090,en,setup_configuration,XR500,60,False,5125.495,deterministic,passthrough,False,none,0.2,True,1.0,0.15101961822780524,0.2,True,1.0,0.2811463015585058,0.13333333333333333,True,1.0,0.2811463015585058,0.1,True,1.0,0.2811463015585058,0.08,True,1.0,0.2811463015585058,0.1,True,1.0,0.361504798305126,0.11428571428571428,True,1.0,0.4370146074190286,0.1,True,1.0,0.4370146074190286,0.08888888888888889,True,1.0,0.4370146074190286,0.08,True,1.0,0.4370146074190286,0.07272727272727272,True,1.0,0.4370146074190286,0.06666666666666667,True,1.0,0.4370146074190286,['cb248990-463a-5428-8ee2-082f71f0484e'],indexer-generic-dense,1,2,2,2,2,3,4,4,4,4,4,4,5,0.2,5
Q-091,Q-091,en,features_security_maintenance_limitations,XR500,60,False,3620.565,deterministic,passthrough,False,none,0.0,False,0.0,0.0,0.0,False,0.0,0.0,0.06666666666666667,True,1.0,0.16569576576522954,0.05,True,1.0,0.16569576576522954,0.08,True,1.0,0.2994258001262561,0.06666666666666667,True,1.0,0.2994258001262561,0.05714285714285714,True,1.0,0.2994258001262561,0.05,True,1.0,0.2994258001262561,0.044444444444444446,True,1.0,0.2994258001262561,0.04,True,1.0,0.2994258001262561,0.03636363636363636,True,1.0,0.2994258001262561,0.03333333333333333,True,1.0,0.2994258001262561,['44b909e7-8fcd-5a49-bae0-e2be984df636'],indexer-generic-dense,0,0,1,1,2,2,2,2,2,2,2,2,12,0.08333333333333333,15
Q-092,Q-092,en,features_security_maintenance_limitations,XR500,60,False,4058.984,deterministic,passthrough,False,none,0.2,True,1.0,0.38685280723454163,0.1,True,1.0,0.38685280723454163,0.06666666666666667,True,1.0,0.38685280723454163,0.05,True,1.0,0.38685280723454163,0.04,True,1.0,0.38685280723454163,0.03333333333333333,True,1.0,0.38685280723454163,0.02857142857142857,True,1.0,0.38685280723454163,0.025,True,1.0,0.38685280723454163,0.022222222222222223,True,1.0,0.38685280723454163,0.02,True,1.0,0.38685280723454163,0.03636363636363636,True,1.0,0.4938981472718651,0.03333333333333333,True,1.0,0.4938981472718651,['d9934c94-0789-5258-8d3c-3482e84637b0'],indexer-generic-dense,1,1,1,1,1,1,1,1,1,1,2,2,2,0.5,5
Q-093,Q-093,en,features_security_maintenance_limitations,XR500,60,False,4358.148,deterministic,passthrough,False,none,0.4,True,1.0,0.6508205185601091,0.3,True,1.0,0.7864724919925569,0.2,True,1.0,0.7864724919925569,0.15,True,1.0,0.7864724919925569,0.12,True,1.0,0.7864724919925569,0.1,True,1.0,0.7864724919925569,0.08571428571428572,True,1.0,0.7864724919925569,0.075,True,1.0,0.7864724919925569,0.06666666666666667,True,1.0,0.7864724919925569,0.06,True,1.0,0.7864724919925569,0.05454545454545454,True,1.0,0.7864724919925569,0.05,True,1.0,0.7864724919925569,['e3bace6b-5d07-5dcc-8041-f1933c6cd04f'],indexer-generic-dense,2,3,3,3,3,3,3,3,3,3,3,3,1,1.0,5
Q-094,Q-094,en,features_security_maintenance_limitations,XR500,60,False,3612.619,deterministic,passthrough,False,none,0.4,True,1.0,0.34519134224686937,0.4,True,1.0,0.4206575188563344,0.26666666666666666,True,1.0,0.4206575188563344,0.25,True,1.0,0.481316332307456,0.2,True,1.0,0.481316332307456,0.2,True,1.0,0.5345126913490882,0.2,True,1.0,0.5834384886666684,0.175,True,1.0,0.5834384886666684,0.17777777777777778,True,1.0,0.6294962943528227,0.16,True,1.0,0.6294962943528227,0.14545454545454545,True,1.0,0.6294962943528227,0.13333333333333333,True,1.0,0.6294962943528227,['e8550a88-ca9e-5dc2-8bb3-4dd7ff222c8d'],indexer-generic-dense,2,4,4,5,5,6,7,7,8,8,8,8,2,0.5,5
Q-095,Q-095,en,features_security_maintenance_limitations,XR500,60,False,2724.443,deterministic,passthrough,False,none,0.6,True,1.0,0.8318724637288826,0.3,True,1.0,0.8318724637288826,0.2,True,1.0,0.8318724637288826,0.15,True,1.0,0.8318724637288826,0.12,True,1.0,0.8318724637288826,0.1,True,1.0,0.8318724637288826,0.08571428571428572,True,1.0,0.8318724637288826,0.075,True,1.0,0.8318724637288826,0.06666666666666667,True,1.0,0.8318724637288826,0.08,True,1.0,0.9006931226987935,0.07272727272727272,True,1.0,0.9006931226987935,0.06666666666666667,True,1.0,0.9006931226987935,['dee55ef8-729a-51e5-9b1c-29cce4910ea6'],indexer-generic-dense,3,3,3,3,3,3,3,3,3,4,4,4,1,1.0,5
Q-096,Q-096,en,features_security_maintenance_limitations,XR500,60,False,3034.159,deterministic,passthrough,False,none,0.0,False,0.0,0.0,0.0,False,0.0,0.0,0.0,False,0.0,0.0,0.0,False,0.0,0.0,0.0,False,0.0,0.0,0.0,False,0.0,0.0,0.0,False,0.0,0.0,0.0,False,0.0,0.0,0.0,False,0.0,0.0,0.0,False,0.0,0.0,0.0,False,0.0,0.0,0.0,False,0.0,0.0,['1d4788df-374d-52e0-a31b-c406a91abfcc'],indexer-generic-dense,0,0,0,0,0,0,0,0,0,0,0,0,,0.0,
Q-097,Q-097,en,features_security_maintenance_limitations,XR500,60,False,3493.727,deterministic,passthrough,False,none,0.0,False,0.0,0.0,0.0,False,0.0,0.0,0.0,False,0.0,0.0,0.0,False,0.0,0.0,0.0,False,0.0,0.0,0.0,False,0.0,0.0,0.02857142857142857,True,1.0,0.1949590218937863,0.025,True,1.0,0.1949590218937863,0.022222222222222223,True,1.0,0.1949590218937863,0.02,True,1.0,0.1949590218937863,0.01818181818181818,True,1.0,0.1949590218937863,0.016666666666666666,True,1.0,0.1949590218937863,['9c7f8f5e-dadb-5ed0-b8be-baa2f11349a8'],indexer-generic-dense,0,0,0,0,0,0,1,1,1,1,1,1,34,0.029411764705882353,35
Q-098,Q-098,en,features_security_maintenance_limitations,XR500,60,False,3516.49,deterministic,passthrough,False,none,0.0,False,0.0,0.0,0.0,False,0.0,0.0,0.13333333333333333,True,1.0,0.18368661692489877,0.1,True,1.0,0.18368661692489877,0.16,True,1.0,0.33169715086781537,0.16666666666666666,True,1.0,0.4015122048200199,0.14285714285714285,True,1.0,0.4015122048200199,0.125,True,1.0,0.4015122048200199,0.1111111111111111,True,1.0,0.4015122048200199,0.1,True,1.0,0.4015122048200199,0.09090909090909091,True,1.0,0.4015122048200199,0.08333333333333333,True,1.0,0.4015122048200199,['65a39d84-6b18-50df-b32a-a7d46fbe2cfc'],indexer-generic-dense,0,0,2,2,4,5,5,5,5,5,5,5,11,0.09090909090909091,15
Q-099,Q-099,en,features_security_maintenance_limitations,XR500,60,False,4038.291,deterministic,passthrough,False,none,0.2,True,1.0,0.3391602052736161,0.2,True,1.0,0.3936948167222716,0.26666666666666666,True,1.0,0.551120137846147,0.2,True,1.0,0.551120137846147,0.16,True,1.0,0.551120137846147,0.16666666666666666,True,1.0,0.6122001586084214,0.14285714285714285,True,1.0,0.6122001586084214,0.125,True,1.0,0.6122001586084214,0.13333333333333333,True,1.0,0.66831748067491,0.12,True,1.0,0.66831748067491,0.10909090909090909,True,1.0,0.66831748067491,0.1,True,1.0,0.66831748067491,['36995834-66ad-5975-9724-aa9f228f5502'],indexer-generic-dense,1,2,4,4,4,5,5,5,6,6,6,6,1,1.0,5
Q-100,Q-100,en,features_security_maintenance_limitations,XR500,60,False,3544.726,deterministic,passthrough,False,none,0.0,False,0.0,0.0,0.0,False,0.0,0.0,0.0,False,0.0,0.0,0.0,False,0.0,0.0,0.0,False,0.0,0.0,0.0,False,0.0,0.0,0.0,False,0.0,0.0,0.0,False,0.0,0.0,0.0,False,0.0,0.0,0.0,False,0.0,0.0,0.0,False,0.0,0.0,0.0,False,0.0,0.0,['75118c37-2376-50c5-b907-2ae6d10da16e'],indexer-generic-dense,0,0,0,0,0,0,0,0,0,0,0,0,,0.0,
Q-101,Q-001,id,facts_specifications,CM2000,60,False,3321.704,deterministic,passthrough,False,none,0.2,True,1.0,0.6131471927654584,0.1,True,1.0,0.6131471927654584,0.06666666666666667,True,1.0,0.6131471927654584,0.05,True,1.0,0.6131471927654584,0.04,True,1.0,0.6131471927654584,0.03333333333333333,True,1.0,0.6131471927654584,0.02857142857142857,True,1.0,0.6131471927654584,0.025,True,1.0,0.6131471927654584,0.022222222222222223,True,1.0,0.6131471927654584,0.04,True,1.0,0.7229325660219997,0.03636363636363636,True,1.0,0.7229325660219997,0.03333333333333333,True,1.0,0.7229325660219997,['724d26e2-ed75-5043-b025-de4c01da0714'],indexer-generic-dense,1,1,1,1,1,1,1,1,1,2,2,2,1,1.0,5
Q-102,Q-002,id,facts_specifications,CM2000,60,False,3296.936,deterministic,passthrough,False,none,0.0,False,0.0,0.0,0.1,True,1.0,0.2890648263178879,0.06666666666666667,True,1.0,0.2890648263178879,0.05,True,1.0,0.2890648263178879,0.04,True,1.0,0.2890648263178879,0.03333333333333333,True,1.0,0.2890648263178879,0.02857142857142857,True,1.0,0.2890648263178879,0.025,True,1.0,0.2890648263178879,0.022222222222222223,True,1.0,0.2890648263178879,0.02,True,1.0,0.2890648263178879,0.01818181818181818,True,1.0,0.2890648263178879,0.016666666666666666,True,1.0,0.2890648263178879,['b9899548-cfa5-5bb4-8284-7d82e663abd1'],indexer-generic-dense,0,1,1,1,1,1,1,1,1,1,1,1,10,0.1,10
Q-103,Q-003,id,setup_configuration,CM2000,60,False,2721.594,deterministic,passthrough,False,none,0.6,True,1.0,0.9469024295259745,0.3,True,1.0,0.9469024295259745,0.2,True,1.0,0.9469024295259745,0.15,True,1.0,0.9469024295259745,0.12,True,1.0,0.9469024295259745,0.1,True,1.0,0.9469024295259745,0.08571428571428572,True,1.0,0.9469024295259745,0.075,True,1.0,0.9469024295259745,0.06666666666666667,True,1.0,0.9469024295259745,0.06,True,1.0,0.9469024295259745,0.05454545454545454,True,1.0,0.9469024295259745,0.05,True,1.0,0.9469024295259745,['8fd1b794-0507-59d3-88fa-2209736ef6da'],indexer-generic-dense,3,3,3,3,3,3,3,3,3,3,3,3,1,1.0,5
Q-104,Q-004,id,setup_configuration,CM2000,60,False,2707.243,deterministic,passthrough,False,none,0.4,True,1.0,0.7653606369886217,0.2,True,1.0,0.7653606369886217,0.2,True,1.0,0.8886164761813452,0.15,True,1.0,0.8886164761813452,0.12,True,1.0,0.8886164761813452,0.1,True,1.0,0.8886164761813452,0.08571428571428572,True,1.0,0.8886164761813452,0.075,True,1.0,0.8886164761813452,0.06666666666666667,True,1.0,0.8886164761813452,0.06,True,1.0,0.8886164761813452,0.05454545454545454,True,1.0,0.8886164761813452,0.05,True,1.0,0.8886164761813452,['0de5a970-8b6a-5e57-ba98-6f57671a841c'],indexer-generic-dense,2,2,3,3,3,3,3,3,3,3,3,3,1,1.0,5
Q-105,Q-005,id,facts_specifications,CM2000,60,False,3245.356,deterministic,passthrough,False,none,0.0,False,0.0,0.0,0.0,False,0.0,0.0,0.0,False,0.0,0.0,0.05,True,1.0,0.11047239495909743,0.12,True,1.0,0.3180569553894577,0.1,True,1.0,0.3180569553894577,0.08571428571428572,True,1.0,0.3180569553894577,0.075,True,1.0,0.3180569553894577,0.06666666666666667,True,1.0,0.3180569553894577,0.06,True,1.0,0.3180569553894577,0.05454545454545454,True,1.0,0.3180569553894577,0.05,True,1.0,0.3180569553894577,['eb2ebf98-481f-54be-b4a3-56ea1bdf5749'],indexer-generic-dense,0,0,0,1,3,3,3,3,3,3,3,3,18,0.05555555555555555,20
Q-106,Q-006,id,troubleshooting_diagnostics,CM2000,60,False,3317.158,deterministic,passthrough,False,none,0.2,True,1.0,0.20210734650054757,0.1,True,1.0,0.20210734650054757,0.06666666666666667,True,1.0,0.20210734650054757,0.05,True,1.0,0.20210734650054757,0.04,True,1.0,0.20210734650054757,0.06666666666666667,True,1.0,0.29870688579340005,0.05714285714285714,True,1.0,0.29870688579340005,0.05,True,1.0,0.29870688579340005,0.06666666666666667,True,1.0,0.38466431850869265,0.06,True,1.0,0.38466431850869265,0.05454545454545454,True,1.0,0.38466431850869265,0.05,True,1.0,0.38466431850869265,['62f9a09d-d5a8-5805-8b92-4d0be62383ce'],indexer-generic-dense,1,1,1,1,1,2,2,2,3,3,3,3,4,0.25,5
Q-107,Q-007,id,troubleshooting_diagnostics,CM2000,60,False,3625.49,deterministic,passthrough,False,none,0.2,True,1.0,0.38685280723454163,0.1,True,1.0,0.38685280723454163,0.06666666666666667,True,1.0,0.38685280723454163,0.05,True,1.0,0.38685280723454163,0.04,True,1.0,0.38685280723454163,0.03333333333333333,True,1.0,0.38685280723454163,0.05714285714285714,True,1.0,0.5094822457876332,0.05,True,1.0,0.5094822457876332,0.044444444444444446,True,1.0,0.5094822457876332,0.04,True,1.0,0.5094822457876332,0.03636363636363636,True,1.0,0.5094822457876332,0.03333333333333333,True,1.0,0.5094822457876332,['c5c4c17f-c329-5b9c-837f-7d33e641682f'],indexer-generic-dense,1,1,1,1,1,1,2,2,2,2,2,2,2,0.5,5
Q-108,Q-008,id,troubleshooting_diagnostics,CM2000,60,False,3313.032,deterministic,passthrough,False,none,0.0,False,0.0,0.0,0.1,True,1.0,0.17723928678404774,0.06666666666666667,True,1.0,0.17723928678404774,0.05,True,1.0,0.17723928678404774,0.08,True,1.0,0.30768393229222224,0.06666666666666667,True,1.0,0.30768393229222224,0.05714285714285714,True,1.0,0.30768393229222224,0.05,True,1.0,0.30768393229222224,0.044444444444444446,True,1.0,0.30768393229222224,0.04,True,1.0,0.30768393229222224,0.03636363636363636,True,1.0,0.30768393229222224,0.03333333333333333,True,1.0,0.30768393229222224,['85bd9c8e-a264-5649-acbc-73648b7ce861'],indexer-generic-dense,0,1,1,1,2,2,2,2,2,2,2,2,10,0.1,10
Q-109,Q-009,id,facts_specifications,CM2000,60,False,3924.831,deterministic,passthrough,False,none,0.2,True,1.0,0.23719771276929622,0.2,True,1.0,0.41443699955334395,0.13333333333333333,True,1.0,0.41443699955334395,0.1,True,1.0,0.41443699955334395,0.08,True,1.0,0.41443699955334395,0.06666666666666667,True,1.0,0.41443699955334395,0.05714285714285714,True,1.0,0.41443699955334395,0.05,True,1.0,0.41443699955334395,0.044444444444444446,True,1.0,0.41443699955334395,0.04,True,1.0,0.41443699955334395,0.03636363636363636,True,1.0,0.41443699955334395,0.03333333333333333,True,1.0,0.41443699955334395,['88695618-cf2a-5bf0-9a58-da1167d8f0c6'],indexer-generic-dense,1,2,2,2,2,2,2,2,2,2,2,2,5,0.2,5
Q-110,Q-010,id,setup_configuration,LM1200,60,False,4039.818,deterministic,passthrough,False,none,0.2,True,1.0,1.0,0.1,True,1.0,1.0,0.06666666666666667,True,1.0,1.0,0.05,True,1.0,1.0,0.04,True,1.0,1.0,0.03333333333333333,True,1.0,1.0,0.02857142857142857,True,1.0,1.0,0.025,True,1.0,1.0,0.022222222222222223,True,1.0,1.0,0.02,True,1.0,1.0,0.01818181818181818,True,1.0,1.0,0.016666666666666666,True,1.0,1.0,['37f50132-32d9-5fb0-a62d-366e401ac417'],indexer-generic-dense,1,1,1,1,1,1,1,1,1,1,1,1,1,1.0,5
Q-111,Q-011,id,setup_configuration,LM1200,60,False,4390.539,deterministic,passthrough,False,none,0.0,False,0.0,0.0,0.1,True,1.0,0.2890648263178879,0.06666666666666667,True,1.0,0.2890648263178879,0.05,True,1.0,0.2890648263178879,0.04,True,1.0,0.2890648263178879,0.03333333333333333,True,1.0,0.2890648263178879,0.02857142857142857,True,1.0,0.2890648263178879,0.025,True,1.0,0.2890648263178879,0.022222222222222223,True,1.0,0.2890648263178879,0.02,True,1.0,0.2890648263178879,0.01818181818181818,True,1.0,0.2890648263178879,0.016666666666666666,True,1.0,0.2890648263178879,['36789817-932f-55f7-9c50-bb45d2df0cbe'],indexer-generic-dense,0,1,1,1,1,1,1,1,1,1,1,1,10,0.1,10
Q-112,Q-012,id,setup_configuration,LM1200,60,False,4337.822,deterministic,passthrough,False,none,0.0,False,0.0,0.0,0.0,False,0.0,0.0,0.0,False,0.0,0.0,0.0,False,0.0,0.0,0.0,False,0.0,0.0,0.0,False,0.0,0.0,0.0,False,0.0,0.0,0.0,False,0.0,0.0,0.0,False,0.0,0.0,0.0,False,0.0,0.0,0.0,False,0.0,0.0,0.0,False,0.0,0.0,['fa675707-eec3-5dae-b80f-46a21238adcf'],indexer-generic-dense,0,0,0,0,0,0,0,0,0,0,0,0,,0.0,
Q-113,Q-013,id,setup_configuration,LM1200,60,False,3339.498,deterministic,passthrough,False,none,0.4,True,1.0,0.49818925746641285,0.3,True,1.0,0.6394562303262419,0.2,True,1.0,0.6394562303262419,0.15,True,1.0,0.6394562303262419,0.12,True,1.0,0.6394562303262419,0.1,True,1.0,0.6394562303262419,0.08571428571428572,True,1.0,0.6394562303262419,0.075,True,1.0,0.6394562303262419,0.06666666666666667,True,1.0,0.6394562303262419,0.06,True,1.0,0.6394562303262419,0.05454545454545454,True,1.0,0.6394562303262419,0.05,True,1.0,0.6394562303262419,['cf1f57e0-473a-57f3-8d91-a52b0070e80b'],indexer-generic-dense,2,3,3,3,3,3,3,3,3,3,3,3,2,0.5,5
Q-114,Q-014,id,troubleshooting_diagnostics,LM1200,60,False,3640.512,deterministic,passthrough,False,none,0.0,False,0.0,0.0,0.0,False,0.0,0.0,0.0,False,0.0,0.0,0.0,False,0.0,0.0,0.0,False,0.0,0.0,0.0,False,0.0,0.0,0.0,False,0.0,0.0,0.0,False,0.0,0.0,0.0,False,0.0,0.0,0.0,False,0.0,0.0,0.0,False,0.0,0.0,0.0,False,0.0,0.0,['72dd6f50-8da8-5970-b90b-3a0719762e64'],indexer-generic-dense,0,0,0,0,0,0,0,0,0,0,0,0,,0.0,
Q-115,Q-015,id,features_security_maintenance_limitations,LM1200,60,False,3252.994,deterministic,passthrough,False,none,0.6,True,1.0,0.6164336326286644,0.4,True,1.0,0.7372449353281585,0.3333333333333333,True,1.0,0.831851282034823,0.25,True,1.0,0.831851282034823,0.2,True,1.0,0.831851282034823,0.16666666666666666,True,1.0,0.831851282034823,0.14285714285714285,True,1.0,0.831851282034823,0.125,True,1.0,0.831851282034823,0.1111111111111111,True,1.0,0.831851282034823,0.1,True,1.0,0.831851282034823,0.09090909090909091,True,1.0,0.831851282034823,0.08333333333333333,True,1.0,0.831851282034823,['eb06abbc-3f74-5ddc-bfd6-17572beb2155'],indexer-generic-dense,3,4,5,5,5,5,5,5,5,5,5,5,1,1.0,5
Q-116,Q-016,id,facts_specifications,LM1200,60,False,3262.532,deterministic,passthrough,False,none,0.4,True,1.0,0.5585075862632192,0.3,True,1.0,0.6713527276121545,0.26666666666666666,True,1.0,0.7802464886803866,0.2,True,1.0,0.7802464886803866,0.16,True,1.0,0.7802464886803866,0.13333333333333333,True,1.0,0.7802464886803866,0.11428571428571428,True,1.0,0.7802464886803866,0.1,True,1.0,0.7802464886803866,0.08888888888888889,True,1.0,0.7802464886803866,0.08,True,1.0,0.7802464886803866,0.07272727272727272,True,1.0,0.7802464886803866,0.06666666666666667,True,1.0,0.7802464886803866,['7e1a62c7-f256-5d08-a456-a62949c30491'],indexer-generic-dense,2,3,4,4,4,4,4,4,4,4,4,4,1,1.0,5
Q-117,Q-017,id,facts_specifications,LM1200,60,False,2240.34,deterministic,passthrough,False,none,0.0,False,0.0,0.0,0.0,False,0.0,0.0,0.0,False,0.0,0.0,0.0,False,0.0,0.0,0.0,False,0.0,0.0,0.0,False,0.0,0.0,0.0,False,0.0,0.0,0.0,False,0.0,0.0,0.0,False,0.0,0.0,0.0,False,0.0,0.0,0.0,False,0.0,0.0,0.0,False,0.0,0.0,['43434cb0-0be2-5d97-be19-dfb7256b7c44'],indexer-generic-dense,0,0,0,0,0,0,0,0,0,0,0,0,,0.0,
Q-118,Q-018,id,troubleshooting_diagnostics,LM1200,60,False,3250.796,deterministic,passthrough,False,none,0.0,False,0.0,0.0,0.0,False,0.0,0.0,0.06666666666666667,True,1.0,0.12681701683239352,0.05,True,1.0,0.12681701683239352,0.04,True,1.0,0.12681701683239352,0.06666666666666667,True,1.0,0.2224536969007739,0.08571428571428572,True,1.0,0.3146958892599465,0.075,True,1.0,0.3146958892599465,0.06666666666666667,True,1.0,0.3146958892599465,0.06,True,1.0,0.3146958892599465,0.05454545454545454,True,1.0,0.3146958892599465,0.05,True,1.0,0.3146958892599465,['82ef2627-a58c-55ae-ab74-3f865a33e979'],indexer-generic-dense,0,0,1,1,1,2,3,3,3,3,3,3,12,0.08333333333333333,15
Q-119,Q-019,id,troubleshooting_diagnostics,LM1200,60,False,3789.018,deterministic,passthrough,False,none,0.0,False,0.0,0.0,0.0,False,0.0,0.0,0.0,False,0.0,0.0,0.0,False,0.0,0.0,0.0,False,0.0,0.0,0.0,False,0.0,0.0,0.0,False,0.0,0.0,0.0,False,0.0,0.0,0.0,False,0.0,0.0,0.0,False,0.0,0.0,0.0,False,0.0,0.0,0.0,False,0.0,0.0,['6f442d4b-b8ba-5fe7-b4e9-9e90463dc194'],indexer-generic-dense,0,0,0,0,0,0,0,0,0,0,0,0,,0.0,
Q-120,Q-020,id,troubleshooting_diagnostics,R6350,60,False,3767.574,deterministic,passthrough,False,none,0.0,False,0.0,0.0,0.0,False,0.0,0.0,0.0,False,0.0,0.0,0.0,False,0.0,0.0,0.0,False,0.0,0.0,0.0,False,0.0,0.0,0.0,False,0.0,0.0,0.025,True,1.0,0.1905514124267734,0.022222222222222223,True,1.0,0.1905514124267734,0.02,True,1.0,0.1905514124267734,0.01818181818181818,True,1.0,0.1905514124267734,0.016666666666666666,True,1.0,0.1905514124267734,['1190a45f-877b-5cd2-a8d9-5ab1c390c374'],indexer-generic-dense,0,0,0,0,0,0,0,1,1,1,1,1,37,0.02702702702702703,40
Q-121,Q-021,id,troubleshooting_diagnostics,R6350,60,False,3759.835,deterministic,passthrough,False,none,0.0,False,0.0,0.0,0.0,False,0.0,0.0,0.0,False,0.0,0.0,0.05,True,1.0,0.1395953738647505,0.04,True,1.0,0.1395953738647505,0.03333333333333333,True,1.0,0.1395953738647505,0.02857142857142857,True,1.0,0.1395953738647505,0.025,True,1.0,0.1395953738647505,0.022222222222222223,True,1.0,0.1395953738647505,0.02,True,1.0,0.1395953738647505,0.01818181818181818,True,1.0,0.1395953738647505,0.03333333333333333,True,1.0,0.24298002198970328,['ad49e55f-a53b-5c41-8bf1-a36c022c9b3b'],indexer-generic-dense,0,0,0,1,1,1,1,1,1,1,1,2,20,0.05,20
Q-122,Q-022,id,troubleshooting_diagnostics,R6350,60,False,3062.576,deterministic,passthrough,False,none,0.0,False,0.0,0.0,0.1,True,1.0,0.31546487678572877,0.06666666666666667,True,1.0,0.31546487678572877,0.05,True,1.0,0.31546487678572877,0.04,True,1.0,0.31546487678572877,0.03333333333333333,True,1.0,0.31546487678572877,0.02857142857142857,True,1.0,0.31546487678572877,0.025,True,1.0,0.31546487678572877,0.022222222222222223,True,1.0,0.31546487678572877,0.02,True,1.0,0.31546487678572877,0.01818181818181818,True,1.0,0.31546487678572877,0.016666666666666666,True,1.0,0.31546487678572877,['d4e1d4fc-7655-51fc-8d81-af75a4b11734'],indexer-generic-dense,0,1,1,1,1,1,1,1,1,1,1,1,8,0.125,10
Q-123,Q-023,id,troubleshooting_diagnostics,R6350,60,False,2856.787,deterministic,passthrough,False,none,0.0,False,0.0,0.0,0.1,True,1.0,0.20438239758848611,0.06666666666666667,True,1.0,0.20438239758848611,0.05,True,1.0,0.20438239758848611,0.04,True,1.0,0.20438239758848611,0.06666666666666667,True,1.0,0.3293387586115344,0.05714285714285714,True,1.0,0.3293387586115344,0.05,True,1.0,0.3293387586115344,0.044444444444444446,True,1.0,0.3293387586115344,0.04,True,1.0,0.3293387586115344,0.03636363636363636,True,1.0,0.3293387586115344,0.03333333333333333,True,1.0,0.3293387586115344,['31b5dd16-326a-5e79-817f-c2585e0248a2'],indexer-generic-dense,0,1,1,1,1,2,2,2,2,2,2,2,7,0.14285714285714285,10
Q-124,Q-024,id,setup_configuration,R6350,60,False,2963.016,deterministic,passthrough,False,none,0.0,False,0.0,0.0,0.1,True,1.0,0.1208113026994942,0.2,True,1.0,0.29241213025382456,0.2,True,1.0,0.370886412524931,0.16,True,1.0,0.370886412524931,0.13333333333333333,True,1.0,0.370886412524931,0.11428571428571428,True,1.0,0.370886412524931,0.1,True,1.0,0.370886412524931,0.08888888888888889,True,1.0,0.370886412524931,0.08,True,1.0,0.370886412524931,0.07272727272727272,True,1.0,0.370886412524931,0.08333333333333333,True,1.0,0.4280732656882827,['0528f0b9-15e5-5482-9a68-0f02d2d61d68'],indexer-generic-dense,0,1,3,4,4,4,4,4,4,4,4,5,6,0.16666666666666666,10
Q-125,Q-025,id,setup_configuration,R6350,60,False,3071.581,deterministic,passthrough,False,none,0.0,False,0.0,0.0,0.1,True,1.0,0.15642624200758548,0.13333333333333333,True,1.0,0.2873282321757826,0.15,True,1.0,0.3959091052768163,0.12,True,1.0,0.3959091052768163,0.1,True,1.0,0.3959091052768163,0.08571428571428572,True,1.0,0.3959091052768163,0.075,True,1.0,0.3959091052768163,0.06666666666666667,True,1.0,0.3959091052768163,0.06,True,1.0,0.3959091052768163,0.05454545454545454,True,1.0,0.3959091052768163,0.05,True,1.0,0.3959091052768163,['12d6aaad-d982-5f95-8b7d-63ba7706aba5'],indexer-generic-dense,0,1,2,3,3,3,3,3,3,3,3,3,7,0.14285714285714285,10
Q-126,Q-026,id,facts_specifications,R6350,60,False,2525.325,deterministic,passthrough,False,none,0.4,True,1.0,0.8503449055347546,0.2,True,1.0,0.8503449055347546,0.13333333333333333,True,1.0,0.8503449055347546,0.1,True,1.0,0.8503449055347546,0.08,True,1.0,0.8503449055347546,0.06666666666666667,True,1.0,0.8503449055347546,0.05714285714285714,True,1.0,0.8503449055347546,0.05,True,1.0,0.8503449055347546,0.044444444444444446,True,1.0,0.8503449055347546,0.04,True,1.0,0.8503449055347546,0.03636363636363636,True,1.0,0.8503449055347546,0.03333333333333333,True,1.0,0.8503449055347546,['3fbed70d-f242-5a78-90cc-f0f2674fe5f7'],indexer-generic-dense,2,2,2,2,2,2,2,2,2,2,2,2,1,1.0,5
Q-127,Q-027,id,setup_configuration,R6350,60,False,3018.183,deterministic,passthrough,False,none,0.0,False,0.0,0.0,0.0,False,0.0,0.0,0.06666666666666667,True,1.0,0.27023815442731974,0.05,True,1.0,0.27023815442731974,0.04,True,1.0,0.27023815442731974,0.03333333333333333,True,1.0,0.27023815442731974,0.02857142857142857,True,1.0,0.27023815442731974,0.025,True,1.0,0.27023815442731974,0.022222222222222223,True,1.0,0.27023815442731974,0.02,True,1.0,0.27023815442731974,0.01818181818181818,True,1.0,0.27023815442731974,0.016666666666666666,True,1.0,0.27023815442731974,['92de127d-5c3f-5d2a-a801-234fc3e5b014'],indexer-generic-dense,0,0,1,1,1,1,1,1,1,1,1,1,12,0.08333333333333333,15
Q-128,Q-028,id,troubleshooting_diagnostics,R6350,60,False,3669.941,deterministic,passthrough,False,none,0.2,True,1.0,0.23463936301137822,0.1,True,1.0,0.23463936301137822,0.06666666666666667,True,1.0,0.23463936301137822,0.1,True,1.0,0.34944865773739603,0.12,True,1.0,0.4518003620204616,0.1,True,1.0,0.4518003620204616,0.08571428571428572,True,1.0,0.4518003620204616,0.075,True,1.0,0.4518003620204616,0.06666666666666667,True,1.0,0.4518003620204616,0.06,True,1.0,0.4518003620204616,0.05454545454545454,True,1.0,0.4518003620204616,0.05,True,1.0,0.4518003620204616,['2a3ade55-f893-5d78-8ead-3ff6b3d197c7'],indexer-generic-dense,1,1,1,2,3,3,3,3,3,3,3,3,3,0.3333333333333333,5
Q-129,Q-029,id,features_security_maintenance_limitations,R6350,60,False,3147.185,deterministic,passthrough,False,none,0.0,False,0.0,0.0,0.1,True,1.0,0.13565197343244778,0.13333333333333333,True,1.0,0.25576762923049906,0.1,True,1.0,0.25576762923049906,0.12,True,1.0,0.36100048537779383,0.1,True,1.0,0.36100048537779383,0.08571428571428572,True,1.0,0.36100048537779383,0.075,True,1.0,0.36100048537779383,0.06666666666666667,True,1.0,0.36100048537779383,0.06,True,1.0,0.36100048537779383,0.05454545454545454,True,1.0,0.36100048537779383,0.05,True,1.0,0.36100048537779383,['5a7fc3bd-5bd0-57b2-944d-5a981598dcf7'],indexer-generic-dense,0,1,2,2,3,3,3,3,3,3,3,3,10,0.1,10
Q-130,Q-030,id,setup_configuration,R6350,60,False,3049.586,deterministic,passthrough,False,none,0.2,True,1.0,0.16812753627111746,0.2,True,1.0,0.29127873064148246,0.13333333333333333,True,1.0,0.29127873064148246,0.1,True,1.0,0.29127873064148246,0.12,True,1.0,0.3753424987770412,0.13333333333333333,True,1.0,0.45654724781708383,0.11428571428571428,True,1.0,0.45654724781708383,0.1,True,1.0,0.45654724781708383,0.08888888888888889,True,1.0,0.45654724781708383,0.08,True,1.0,0.45654724781708383,0.07272727272727272,True,1.0,0.45654724781708383,0.06666666666666667,True,1.0,0.45654724781708383,['006d8e6b-77f6-54fa-826b-6d417979808f'],indexer-generic-dense,1,2,2,2,3,4,4,4,4,4,4,4,4,0.25,5
Q-131,Q-031,id,troubleshooting_diagnostics,R6350,60,False,3300.07,deterministic,passthrough,False,none,0.0,False,0.0,0.0,0.1,True,1.0,0.19342640361727081,0.06666666666666667,True,1.0,0.19342640361727081,0.1,True,1.0,0.34046674428368096,0.08,True,1.0,0.34046674428368096,0.06666666666666667,True,1.0,0.34046674428368096,0.05714285714285714,True,1.0,0.34046674428368096,0.05,True,1.0,0.34046674428368096,0.044444444444444446,True,1.0,0.34046674428368096,0.04,True,1.0,0.34046674428368096,0.03636363636363636,True,1.0,0.34046674428368096,0.03333333333333333,True,1.0,0.34046674428368096,['818e0932-f3ff-5602-b5b9-5f1d94d353ed'],indexer-generic-dense,0,1,1,2,2,2,2,2,2,2,2,2,8,0.125,10
Q-132,Q-032,id,facts_specifications,R7000,60,False,3379.45,deterministic,passthrough,False,none,0.0,False,0.0,0.0,0.0,False,0.0,0.0,0.0,False,0.0,0.0,0.05,True,1.0,0.23981246656813146,0.04,True,1.0,0.23981246656813146,0.03333333333333333,True,1.0,0.23981246656813146,0.02857142857142857,True,1.0,0.23981246656813146,0.025,True,1.0,0.23981246656813146,0.022222222222222223,True,1.0,0.23981246656813146,0.02,True,1.0,0.23981246656813146,0.01818181818181818,True,1.0,0.23981246656813146,0.016666666666666666,True,1.0,0.23981246656813146,['cf6a9c70-f40a-521b-8ee5-c0a7ff8c1279'],indexer-generic-dense,0,0,0,1,1,1,1,1,1,1,1,1,17,0.058823529411764705,20
Q-133,Q-033,id,setup_configuration,R7000,60,False,3216.461,deterministic,passthrough,False,none,0.0,False,0.0,0.0,0.0,False,0.0,0.0,0.0,False,0.0,0.0,0.0,False,0.0,0.0,0.0,False,0.0,0.0,0.03333333333333333,True,1.0,0.2037950470905062,0.02857142857142857,True,1.0,0.2037950470905062,0.025,True,1.0,0.2037950470905062,0.022222222222222223,True,1.0,0.2037950470905062,0.02,True,1.0,0.2037950470905062,0.01818181818181818,True,1.0,0.2037950470905062,0.016666666666666666,True,1.0,0.2037950470905062,['9213a4bb-497e-56d3-be43-8791bb53a54e'],indexer-generic-dense,0,0,0,0,0,1,1,1,1,1,1,1,29,0.034482758620689655,30
Q-134,Q-034,id,setup_configuration,R7000,60,False,4432.866,deterministic,passthrough,False,none,0.0,False,0.0,0.0,0.0,False,0.0,0.0,0.0,False,0.0,0.0,0.0,False,0.0,0.0,0.0,False,0.0,0.0,0.0,False,0.0,0.0,0.0,False,0.0,0.0,0.0,False,0.0,0.0,0.0,False,0.0,0.0,0.0,False,0.0,0.0,0.0,False,0.0,0.0,0.0,False,0.0,0.0,['8aecb252-6293-553d-8e28-ef7b756f0c82'],indexer-generic-dense,0,0,0,0,0,0,0,0,0,0,0,0,,0.0,
Q-135,Q-035,id,facts_specifications,R7000,60,False,3682.665,deterministic,passthrough,False,none,0.2,True,1.0,0.14606834984270645,0.1,True,1.0,0.13032376591037065,0.06666666666666667,True,1.0,0.13032376591037065,0.05,True,1.0,0.13032376591037065,0.08,True,1.0,0.19548564886555597,0.1,True,1.0,0.2571545219742475,0.11428571428571428,True,1.0,0.31663454628916576,0.125,True,1.0,0.3738870317138139,0.1111111111111111,True,1.0,0.3738870317138139,0.1,True,1.0,0.3738870317138139,0.09090909090909091,True,1.0,0.3738870317138139,0.1,True,1.0,0.42532690507679827,['54a5ae0e-dabe-533f-8906-cd65b27661ec'],indexer-generic-dense,1,1,1,1,2,3,4,5,5,5,5,6,4,0.25,5
Q-136,Q-036,id,facts_specifications,R7000,60,False,4301.794,deterministic,passthrough,False,none,0.0,False,0.0,0.0,0.0,False,0.0,0.0,0.06666666666666667,True,1.0,0.1532867981913646,0.1,True,1.0,0.29515570005735875,0.08,True,1.0,0.29515570005735875,0.06666666666666667,True,1.0,0.29515570005735875,0.05714285714285714,True,1.0,0.29515570005735875,0.05,True,1.0,0.29515570005735875,0.044444444444444446,True,1.0,0.29515570005735875,0.04,True,1.0,0.29515570005735875,0.03636363636363636,True,1.0,0.29515570005735875,0.03333333333333333,True,1.0,0.29515570005735875,['537310b8-39d1-57ca-81f0-ddddc2ad9916'],indexer-generic-dense,0,0,1,2,2,2,2,2,2,2,2,2,15,0.06666666666666667,15
Q-137,Q-037,id,features_security_maintenance_limitations,R7000,60,False,4291.634,deterministic,passthrough,False,none,0.2,True,1.0,0.2960819109658652,0.2,True,1.0,0.4525081529734507,0.2,True,1.0,0.5793251698058443,0.15,True,1.0,0.5793251698058443,0.12,True,1.0,0.5793251698058443,0.1,True,1.0,0.5793251698058443,0.08571428571428572,True,1.0,0.5793251698058443,0.075,True,1.0,0.5793251698058443,0.06666666666666667,True,1.0,0.5793251698058443,0.06,True,1.0,0.5793251698058443,0.05454545454545454,True,1.0,0.5793251698058443,0.05,True,1.0,0.5793251698058443,['79d677ad-2fef-50d3-92dd-c07a6df0f14e'],indexer-generic-dense,1,2,3,3,3,3,3,3,3,3,3,3,2,0.5,5
Q-138,Q-038,id,setup_configuration,R7000,60,False,3170.138,deterministic,passthrough,False,none,0.0,False,0.0,0.0,0.1,True,1.0,0.21840743681816419,0.06666666666666667,True,1.0,0.21840743681816419,0.05,True,1.0,0.21840743681816419,0.04,True,1.0,0.21840743681816419,0.06666666666666667,True,1.0,0.3433637978412124,0.05714285714285714,True,1.0,0.3433637978412124,0.05,True,1.0,0.3433637978412124,0.044444444444444446,True,1.0,0.3433637978412124,0.04,True,1.0,0.3433637978412124,0.03636363636363636,True,1.0,0.3433637978412124,0.03333333333333333,True,1.0,0.3433637978412124,['d4980606-c8d1-5aca-adbe-96e35254c9e1'],indexer-generic-dense,0,1,1,1,1,2,2,2,2,2,2,2,6,0.16666666666666666,10
Q-139,Q-039,id,features_security_maintenance_limitations,R7000,60,False,2568.454,deterministic,passthrough,False,none,0.0,False,0.0,0.0,0.0,False,0.0,0.0,0.06666666666666667,True,1.0,0.27023815442731974,0.05,True,1.0,0.27023815442731974,0.04,True,1.0,0.27023815442731974,0.03333333333333333,True,1.0,0.27023815442731974,0.02857142857142857,True,1.0,0.27023815442731974,0.025,True,1.0,0.27023815442731974,0.022222222222222223,True,1.0,0.27023815442731974,0.02,True,1.0,0.27023815442731974,0.01818181818181818,True,1.0,0.27023815442731974,0.016666666666666666,True,1.0,0.27023815442731974,['af255485-98d7-59f8-94db-806fd6280e64'],indexer-generic-dense,0,0,1,1,1,1,1,1,1,1,1,1,12,0.08333333333333333,15
Q-140,Q-040,id,setup_configuration,R7000,60,False,5368.383,deterministic,passthrough,False,none,0.2,True,1.0,0.6131471927654584,0.2,True,1.0,0.8315546295836225,0.13333333333333333,True,1.0,0.8315546295836225,0.1,True,1.0,0.8315546295836225,0.08,True,1.0,0.8315546295836225,0.06666666666666667,True,1.0,0.8315546295836225,0.05714285714285714,True,1.0,0.8315546295836225,0.05,True,1.0,0.8315546295836225,0.044444444444444446,True,1.0,0.8315546295836225,0.04,True,1.0,0.8315546295836225,0.03636363636363636,True,1.0,0.8315546295836225,0.03333333333333333,True,1.0,0.8315546295836225,['89cf7641-ad76-514d-a38e-ff036b200250'],indexer-generic-dense,1,2,2,2,2,2,2,2,2,2,2,2,1,1.0,5
Q-141,Q-041,id,setup_configuration,R7000,60,False,5369.027,deterministic,passthrough,False,none,0.0,False,0.0,0.0,0.0,False,0.0,0.0,0.06666666666666667,True,1.0,0.09759501249802542,0.05,True,1.0,0.09759501249802542,0.04,True,1.0,0.09759501249802542,0.06666666666666667,True,1.0,0.17715253316935994,0.05714285714285714,True,1.0,0.17715253316935994,0.075,True,1.0,0.25208938788194074,0.06666666666666667,True,1.0,0.25208938788194074,0.06,True,1.0,0.25208938788194074,0.05454545454545454,True,1.0,0.25208938788194074,0.06666666666666667,True,1.0,0.319016768484711,['0cff8f5c-96b8-5d33-9c11-37f93f8300fb'],indexer-generic-dense,0,0,1,1,1,2,2,3,3,3,3,4,15,0.06666666666666667,15
Q-142,Q-042,id,troubleshooting_diagnostics,R7000,60,False,4183.973,deterministic,passthrough,False,none,0.2,True,1.0,1.0,0.1,True,1.0,1.0,0.06666666666666667,True,1.0,1.0,0.05,True,1.0,1.0,0.04,True,1.0,1.0,0.03333333333333333,True,1.0,1.0,0.02857142857142857,True,1.0,1.0,0.025,True,1.0,1.0,0.022222222222222223,True,1.0,1.0,0.02,True,1.0,1.0,0.01818181818181818,True,1.0,1.0,0.016666666666666666,True,1.0,1.0,['f2289449-f54e-5af6-8243-762118ef305b'],indexer-generic-dense,1,1,1,1,1,1,1,1,1,1,1,1,1,1.0,5
Q-143,Q-043,id,troubleshooting_diagnostics,R7000,60,False,4305.06,deterministic,passthrough,False,none,0.2,True,1.0,0.2640681225725909,0.1,True,1.0,0.2640681225725909,0.06666666666666667,True,1.0,0.2640681225725909,0.1,True,1.0,0.4140749156809287,0.08,True,1.0,0.4140749156809287,0.06666666666666667,True,1.0,0.4140749156809287,0.05714285714285714,True,1.0,0.4140749156809287,0.05,True,1.0,0.4140749156809287,0.044444444444444446,True,1.0,0.4140749156809287,0.04,True,1.0,0.4140749156809287,0.03636363636363636,True,1.0,0.4140749156809287,0.03333333333333333,True,1.0,0.4140749156809287,['65aa662f-9473-5c74-b996-74e7f545f09c'],indexer-generic-dense,1,1,1,2,2,2,2,2,2,2,2,2,4,0.25,5
Q-144,Q-044,id,facts_specifications,RAX120,60,False,1395.556,deterministic,passthrough,False,none,0.0,False,0.0,0.0,0.1,True,1.0,0.3333333333333333,0.06666666666666667,True,1.0,0.3333333333333333,0.05,True,1.0,0.3333333333333333,0.04,True,1.0,0.3333333333333333,0.03333333333333333,True,1.0,0.3333333333333333,0.02857142857142857,True,1.0,0.3333333333333333,0.025,True,1.0,0.3333333333333333,0.022222222222222223,True,1.0,0.3333333333333333,0.02,True,1.0,0.3333333333333333,0.01818181818181818,True,1.0,0.3333333333333333,0.016666666666666666,True,1.0,0.3333333333333333,['89d399fa-1c1b-5d37-b35a-194ce673ec69'],indexer-generic-dense,0,1,1,1,1,1,1,1,1,1,1,1,7,0.14285714285714285,10
Q-145,Q-045,id,facts_specifications,RAX120,60,False,3472.534,deterministic,passthrough,False,none,0.2,True,1.0,0.5,0.1,True,1.0,0.5,0.06666666666666667,True,1.0,0.5,0.05,True,1.0,0.5,0.04,True,1.0,0.5,0.03333333333333333,True,1.0,0.5,0.02857142857142857,True,1.0,0.5,0.025,True,1.0,0.5,0.022222222222222223,True,1.0,0.5,0.02,True,1.0,0.5,0.01818181818181818,True,1.0,0.5,0.016666666666666666,True,1.0,0.5,['6af6a140-458c-5188-b116-2f8430c69437'],indexer-generic-dense,1,1,1,1,1,1,1,1,1,1,1,1,3,0.3333333333333333,5
Q-146,Q-046,id,setup_configuration,RAX120,60,False,3405.13,deterministic,passthrough,False,none,0.2,True,1.0,0.20210734650054757,0.1,True,1.0,0.20210734650054757,0.06666666666666667,True,1.0,0.20210734650054757,0.05,True,1.0,0.20210734650054757,0.04,True,1.0,0.20210734650054757,0.03333333333333333,True,1.0,0.20210734650054757,0.02857142857142857,True,1.0,0.20210734650054757,0.025,True,1.0,0.20210734650054757,0.044444444444444446,True,1.0,0.28859017534079273,0.06,True,1.0,0.3730750469584322,0.05454545454545454,True,1.0,0.3730750469584322,0.05,True,1.0,0.3730750469584322,['f02b327f-e424-5fbd-884a-afa982cfba97'],indexer-generic-dense,1,1,1,1,1,1,1,1,2,3,3,3,4,0.25,5
Q-147,Q-047,id,facts_specifications,RAX120,60,False,3457.871,deterministic,passthrough,False,none,0.0,False,0.0,0.0,0.0,False,0.0,0.0,0.0,False,0.0,0.0,0.0,False,0.0,0.0,0.0,False,0.0,0.0,0.0,False,0.0,0.0,0.0,False,0.0,0.0,0.025,True,1.0,0.18790182470910757,0.022222222222222223,True,1.0,0.18790182470910757,0.02,True,1.0,0.18790182470910757,0.01818181818181818,True,1.0,0.18790182470910757,0.016666666666666666,True,1.0,0.18790182470910757,['304579c0-2505-541b-9272-41a33abdc404'],indexer-generic-dense,0,0,0,0,0,0,0,1,1,1,1,1,39,0.02564102564102564,40
Q-148,Q-048,id,setup_configuration,RAX120,60,False,3306.285,deterministic,passthrough,False,none,0.0,False,0.0,0.0,0.0,False,0.0,0.0,0.0,False,0.0,0.0,0.0,False,0.0,0.0,0.0,False,0.0,0.0,0.0,False,0.0,0.0,0.0,False,0.0,0.0,0.0,False,0.0,0.0,0.0,False,0.0,0.0,0.02,True,1.0,0.18003132665669264,0.01818181818181818,True,1.0,0.18003132665669264,0.016666666666666666,True,1.0,0.18003132665669264,['ebd82415-b17d-5082-8472-3811a168faaf'],indexer-generic-dense,0,0,0,0,0,0,0,0,0,1,1,1,46,0.021739130434782608,50
Q-149,Q-049,id,features_security_maintenance_limitations,RAX120,60,False,3274.91,deterministic,passthrough,False,none,0.0,False,0.0,0.0,0.1,True,1.0,0.14126697285982898,0.06666666666666667,True,1.0,0.14126697285982898,0.05,True,1.0,0.14126697285982898,0.04,True,1.0,0.14126697285982898,0.03333333333333333,True,1.0,0.14126697285982898,0.02857142857142857,True,1.0,0.14126697285982898,0.05,True,1.0,0.22885897861511598,0.044444444444444446,True,1.0,0.22885897861511598,0.06,True,1.0,0.3115887983538549,0.05454545454545454,True,1.0,0.3115887983538549,0.05,True,1.0,0.3115887983538549,['0f01b620-ac86-5a3e-bacb-6893a15e210e'],indexer-generic-dense,0,1,1,1,1,1,1,2,2,3,3,3,9,0.1111111111111111,10
Q-150,Q-050,id,facts_specifications,RAX120,60,False,3365.88,deterministic,passthrough,False,none,0.0,False,0.0,0.0,0.0,False,0.0,0.0,0.06666666666666667,True,1.0,0.25,0.05,True,1.0,0.25,0.04,True,1.0,0.25,0.03333333333333333,True,1.0,0.25,0.02857142857142857,True,1.0,0.25,0.025,True,1.0,0.25,0.022222222222222223,True,1.0,0.25,0.02,True,1.0,0.25,0.01818181818181818,True,1.0,0.25,0.016666666666666666,True,1.0,0.25,['bb9735df-2bc3-50f1-9fb8-2235613d714e'],indexer-generic-dense,0,0,1,1,1,1,1,1,1,1,1,1,15,0.06666666666666667,15
Q-151,Q-051,id,setup_configuration,RAX120,60,False,3290.584,deterministic,passthrough,False,none,0.0,False,0.0,0.0,0.0,False,0.0,0.0,0.06666666666666667,True,1.0,0.10549558423511038,0.1,True,1.0,0.19739452760376494,0.12,True,1.0,0.2814582957393237,0.1,True,1.0,0.2814582957393237,0.08571428571428572,True,1.0,0.2814582957393237,0.075,True,1.0,0.2814582957393237,0.06666666666666667,True,1.0,0.2814582957393237,0.06,True,1.0,0.2814582957393237,0.07272727272727272,True,1.0,0.34994074083031473,0.06666666666666667,True,1.0,0.34994074083031473,['9d1e53fd-0a2d-51bd-bb64-2521b239e8f3'],indexer-generic-dense,0,0,1,2,3,3,3,3,3,3,4,4,12,0.08333333333333333,15
Q-152,Q-052,id,features_security_maintenance_limitations,RAX120,60,False,3222.809,deterministic,passthrough,False,none,0.2,True,1.0,0.38685280723454163,0.1,True,1.0,0.38685280723454163,0.06666666666666667,True,1.0,0.38685280723454163,0.1,True,1.0,0.526448181099292,0.08,True,1.0,0.526448181099292,0.06666666666666667,True,1.0,0.526448181099292,0.05714285714285714,True,1.0,0.526448181099292,0.05,True,1.0,0.526448181099292,0.044444444444444446,True,1.0,0.526448181099292,0.04,True,1.0,0.526448181099292,0.03636363636363636,True,1.0,0.526448181099292,0.03333333333333333,True,1.0,0.526448181099292,['d7d2bc93-72bb-53d6-945c-0708fde2888b'],indexer-generic-dense,1,1,1,2,2,2,2,2,2,2,2,2,2,0.5,5
Q-153,Q-053,id,facts_specifications,RAX120,60,False,3250.211,deterministic,passthrough,False,none,0.0,False,0.0,0.0,0.0,False,0.0,0.0,0.0,False,0.0,0.0,0.0,False,0.0,0.0,0.0,False,0.0,0.0,0.0,False,0.0,0.0,0.0,False,0.0,0.0,0.0,False,0.0,0.0,0.0,False,0.0,0.0,0.02,True,1.0,0.1781035935540111,0.01818181818181818,True,1.0,0.1781035935540111,0.016666666666666666,True,1.0,0.1781035935540111,['cf516841-9648-5ad0-aaaa-b65b9c5d85aa'],indexer-generic-dense,0,0,0,0,0,0,0,0,0,1,1,1,48,0.020833333333333332,50
Q-154,Q-054,id,troubleshooting_diagnostics,RAX120,60,False,3201.299,deterministic,passthrough,False,none,0.2,True,1.0,0.20210734650054757,0.1,True,1.0,0.20210734650054757,0.06666666666666667,True,1.0,0.20210734650054757,0.1,True,1.0,0.3106882196015811,0.08,True,1.0,0.3106882196015811,0.06666666666666667,True,1.0,0.3106882196015811,0.08571428571428572,True,1.0,0.40371797003718735,0.075,True,1.0,0.40371797003718735,0.06666666666666667,True,1.0,0.40371797003718735,0.06,True,1.0,0.40371797003718735,0.05454545454545454,True,1.0,0.40371797003718735,0.05,True,1.0,0.40371797003718735,['48b55cf6-5b08-527e-bd26-f4183bca41e2'],indexer-generic-dense,1,1,1,2,2,2,3,3,3,3,3,3,4,0.25,5
Q-155,Q-055,id,facts_specifications,RAX120,60,False,3138.062,deterministic,passthrough,False,none,0.2,True,1.0,0.43067655807339306,0.1,True,1.0,0.43067655807339306,0.06666666666666667,True,1.0,0.43067655807339306,0.05,True,1.0,0.43067655807339306,0.04,True,1.0,0.43067655807339306,0.03333333333333333,True,1.0,0.43067655807339306,0.02857142857142857,True,1.0,0.43067655807339306,0.025,True,1.0,0.43067655807339306,0.022222222222222223,True,1.0,0.43067655807339306,0.02,True,1.0,0.43067655807339306,0.01818181818181818,True,1.0,0.43067655807339306,0.016666666666666666,True,1.0,0.43067655807339306,['7059c14f-c840-5863-9050-2518f69aa8d5'],indexer-generic-dense,1,1,1,1,1,1,1,1,1,1,1,1,4,0.25,5
Q-156,Q-056,id,troubleshooting_diagnostics,RAX50,60,False,3182.763,deterministic,passthrough,False,none,0.2,True,1.0,0.38685280723454163,0.1,True,1.0,0.38685280723454163,0.06666666666666667,True,1.0,0.38685280723454163,0.05,True,1.0,0.38685280723454163,0.08,True,1.0,0.5172974527427161,0.06666666666666667,True,1.0,0.5172974527427161,0.05714285714285714,True,1.0,0.5172974527427161,0.05,True,1.0,0.5172974527427161,0.044444444444444446,True,1.0,0.5172974527427161,0.04,True,1.0,0.5172974527427161,0.03636363636363636,True,1.0,0.5172974527427161,0.03333333333333333,True,1.0,0.5172974527427161,['f42f57b0-65cd-5982-935c-289c54636287'],indexer-generic-dense,1,1,1,1,2,2,2,2,2,2,2,2,2,0.5,5
Q-157,Q-057,id,setup_configuration,RAX50,60,False,4766.821,deterministic,passthrough,False,none,0.0,False,0.0,0.0,0.0,False,0.0,0.0,0.0,False,0.0,0.0,0.0,False,0.0,0.0,0.0,False,0.0,0.0,0.0,False,0.0,0.0,0.0,False,0.0,0.0,0.0,False,0.0,0.0,0.0,False,0.0,0.0,0.0,False,0.0,0.0,0.0,False,0.0,0.0,0.0,False,0.0,0.0,['e00425b6-15d6-5234-b2e5-d0f194e4e777'],indexer-generic-dense,0,0,0,0,0,0,0,0,0,0,0,0,,0.0,
Q-158,Q-058,id,facts_specifications,RAX50,60,False,4750.387,deterministic,passthrough,False,none,0.2,True,1.0,0.16812753627111746,0.1,True,1.0,0.16812753627111746,0.06666666666666667,True,1.0,0.16812753627111746,0.1,True,1.0,0.26002647963977205,0.08,True,1.0,0.26002647963977205,0.06666666666666667,True,1.0,0.26002647963977205,0.05714285714285714,True,1.0,0.26002647963977205,0.075,True,1.0,0.3338865254464914,0.06666666666666667,True,1.0,0.3338865254464914,0.06,True,1.0,0.3338865254464914,0.07272727272727272,True,1.0,0.4020404135964397,0.06666666666666667,True,1.0,0.4020404135964397,['e87e22a2-a89c-58a7-9ff2-ff82463e19a7'],indexer-generic-dense,1,1,1,2,2,2,2,3,3,3,4,4,4,0.25,5
Q-159,Q-059,id,troubleshooting_diagnostics,RAX50,60,False,4723.508,deterministic,passthrough,False,none,0.2,True,1.0,0.2960819109658652,0.1,True,1.0,0.2960819109658652,0.06666666666666667,True,1.0,0.2960819109658652,0.05,True,1.0,0.2960819109658652,0.04,True,1.0,0.2960819109658652,0.03333333333333333,True,1.0,0.2960819109658652,0.02857142857142857,True,1.0,0.2960819109658652,0.05,True,1.0,0.3836739167211522,0.044444444444444446,True,1.0,0.3836739167211522,0.04,True,1.0,0.3836739167211522,0.05454545454545454,True,1.0,0.4644815705189825,0.05,True,1.0,0.4644815705189825,['03914fcb-62c9-5345-8ab2-2475379fe1be'],indexer-generic-dense,1,1,1,1,1,1,1,2,2,2,3,3,2,0.5,5
Q-160,Q-060,id,features_security_maintenance_limitations,RAX50,60,False,4963.822,deterministic,passthrough,False,none,0.0,False,0.0,0.0,0.0,False,0.0,0.0,0.0,False,0.0,0.0,0.0,False,0.0,0.0,0.0,False,0.0,0.0,0.0,False,0.0,0.0,0.0,False,0.0,0.0,0.0,False,0.0,0.0,0.0,False,0.0,0.0,0.0,False,0.0,0.0,0.0,False,0.0,0.0,0.0,False,0.0,0.0,['d2849132-6a3d-520c-8f2c-bd5e904e522d'],indexer-generic-dense,0,0,0,0,0,0,0,0,0,0,0,0,,0.0,
Q-161,Q-061,id,troubleshooting_diagnostics,RAX50,60,False,3332.828,deterministic,passthrough,False,none,0.0,False,0.0,0.0,0.0,False,0.0,0.0,0.0,False,0.0,0.0,0.0,False,0.0,0.0,0.0,False,0.0,0.0,0.0,False,0.0,0.0,0.02857142857142857,True,1.0,0.0930297504356062,0.05,True,1.0,0.18120807935244748,0.044444444444444446,True,1.0,0.18120807935244748,0.06,True,1.0,0.2652334825601075,0.05454545454545454,True,1.0,0.2652334825601075,0.05,True,1.0,0.2652334825601075,['93ffa849-c75e-5120-be9a-d99bb0eed70b'],indexer-generic-dense,0,0,0,0,0,0,1,2,2,3,3,3,32,0.03125,35
Q-162,Q-062,id,troubleshooting_diagnostics,RAX50,60,False,3333.345,deterministic,passthrough,False,none,0.0,False,0.0,0.0,0.0,False,0.0,0.0,0.0,False,0.0,0.0,0.1,True,1.0,0.21731319922088765,0.08,True,1.0,0.21731319922088765,0.06666666666666667,True,1.0,0.21731319922088765,0.05714285714285714,True,1.0,0.21731319922088765,0.05,True,1.0,0.21731319922088765,0.06666666666666667,True,1.0,0.3022726383936765,0.06,True,1.0,0.3022726383936765,0.05454545454545454,True,1.0,0.3022726383936765,0.05,True,1.0,0.3022726383936765,['03a4fccb-bb0c-56ec-b67b-eee79c190813'],indexer-generic-dense,0,0,0,2,2,2,2,2,3,3,3,3,18,0.05555555555555555,20
Q-163,Q-063,id,facts_specifications,RAX50,60,False,3362.354,deterministic,passthrough,False,none,0.0,False,0.0,0.0,0.0,False,0.0,0.0,0.0,False,0.0,0.0,0.0,False,0.0,0.0,0.0,False,0.0,0.0,0.0,False,0.0,0.0,0.0,False,0.0,0.0,0.0,False,0.0,0.0,0.022222222222222223,True,1.0,0.18208790046993825,0.02,True,1.0,0.18208790046993825,0.01818181818181818,True,1.0,0.18208790046993825,0.016666666666666666,True,1.0,0.18208790046993825,['a13c3553-78f9-5ede-9cd9-390daad977b6'],indexer-generic-dense,0,0,0,0,0,0,0,0,1,1,1,1,44,0.022727272727272728,45
Q-164,Q-064,id,features_security_maintenance_limitations,RAX50,60,False,3276.218,deterministic,passthrough,False,none,0.2,True,1.0,0.19519002499605084,0.2,True,1.0,0.31834121936641585,0.13333333333333333,True,1.0,0.31834121936641585,0.1,True,1.0,0.31834121936641585,0.12,True,1.0,0.4046404795035266,0.13333333333333333,True,1.0,0.4867412757504365,0.11428571428571428,True,1.0,0.4867412757504365,0.1,True,1.0,0.4867412757504365,0.08888888888888889,True,1.0,0.4867412757504365,0.08,True,1.0,0.4867412757504365,0.07272727272727272,True,1.0,0.4867412757504365,0.06666666666666667,True,1.0,0.4867412757504365,['01143d51-a727-543c-b607-948530c2902c'],indexer-generic-dense,1,2,2,2,3,4,4,4,4,4,4,4,3,0.3333333333333333,5
Q-165,Q-065,id,troubleshooting_diagnostics,RAX50,60,False,3261.924,deterministic,passthrough,False,none,0.0,False,0.0,0.0,0.0,False,0.0,0.0,0.0,False,0.0,0.0,0.0,False,0.0,0.0,0.0,False,0.0,0.0,0.0,False,0.0,0.0,0.0,False,0.0,0.0,0.0,False,0.0,0.0,0.0,False,0.0,0.0,0.0,False,0.0,0.0,0.0,False,0.0,0.0,0.0,False,0.0,0.0,['af31b6ec-73a8-5529-8fa5-da1f467d1bef'],indexer-generic-dense,0,0,0,0,0,0,0,0,0,0,0,0,,0.0,
Q-166,Q-066,id,troubleshooting_diagnostics,RAX50,60,False,3263.298,deterministic,passthrough,False,none,0.0,False,0.0,0.0,0.1,True,1.0,0.10699313236726378,0.13333333333333333,True,1.0,0.19178318368566782,0.15,True,1.0,0.2716245190663358,0.12,True,1.0,0.2716245190663358,0.1,True,1.0,0.2716245190663358,0.11428571428571428,True,1.0,0.33722705782250667,0.1,True,1.0,0.33722705782250667,0.08888888888888889,True,1.0,0.33722705782250667,0.1,True,1.0,0.3976327091722538,0.09090909090909091,True,1.0,0.3976327091722538,0.08333333333333333,True,1.0,0.3976327091722538,['d6a2438e-ce2e-5744-b23d-64355bb7f3b2'],indexer-generic-dense,0,1,2,3,3,3,4,4,4,5,5,5,8,0.125,10
Q-167,Q-067,id,setup_configuration,RAXE500,60,False,3352.038,deterministic,passthrough,False,none,0.2,True,1.0,0.43067655807339306,0.1,True,1.0,0.43067655807339306,0.06666666666666667,True,1.0,0.43067655807339306,0.05,True,1.0,0.43067655807339306,0.04,True,1.0,0.43067655807339306,0.03333333333333333,True,1.0,0.43067655807339306,0.02857142857142857,True,1.0,0.43067655807339306,0.025,True,1.0,0.43067655807339306,0.022222222222222223,True,1.0,0.43067655807339306,0.02,True,1.0,0.43067655807339306,0.01818181818181818,True,1.0,0.43067655807339306,0.016666666666666666,True,1.0,0.43067655807339306,['a3662689-f8b9-5c28-8c0a-b2185487bec9'],indexer-generic-dense,1,1,1,1,1,1,1,1,1,1,1,1,4,0.25,5
Q-168,Q-068,id,troubleshooting_diagnostics,RAXE500,60,False,4408.163,deterministic,passthrough,False,none,0.0,False,0.0,0.0,0.0,False,0.0,0.0,0.0,False,0.0,0.0,0.0,False,0.0,0.0,0.0,False,0.0,0.0,0.0,False,0.0,0.0,0.0,False,0.0,0.0,0.025,True,1.0,0.1905514124267734,0.022222222222222223,True,1.0,0.1905514124267734,0.02,True,1.0,0.1905514124267734,0.01818181818181818,True,1.0,0.1905514124267734,0.016666666666666666,True,1.0,0.1905514124267734,['feb09c00-0fd2-5b2c-ae97-969bd349df0e'],indexer-generic-dense,0,0,0,0,0,0,0,1,1,1,1,1,37,0.02702702702702703,40
Q-169,Q-069,id,facts_specifications,RAXE500,60,False,3394.267,deterministic,passthrough,False,none,0.0,False,0.0,0.0,0.0,False,0.0,0.0,0.0,False,0.0,0.0,0.05,True,1.0,0.10684080426179023,0.04,True,1.0,0.10684080426179023,0.03333333333333333,True,1.0,0.10684080426179023,0.02857142857142857,True,1.0,0.10684080426179023,0.025,True,1.0,0.10684080426179023,0.022222222222222223,True,1.0,0.10684080426179023,0.04,True,1.0,0.19086620746945027,0.05454545454545454,True,1.0,0.27203720344206656,0.05,True,1.0,0.27203720344206656,['eae4f314-abe4-5229-ac3e-d9cc4c571b27'],indexer-generic-dense,0,0,0,1,1,1,1,1,1,2,3,3,20,0.05,20
Q-170,Q-070,id,setup_configuration,RAXE500,60,False,3498.863,deterministic,passthrough,False,none,0.0,False,0.0,0.0,0.0,False,0.0,0.0,0.0,False,0.0,0.0,0.0,False,0.0,0.0,0.0,False,0.0,0.0,0.0,False,0.0,0.0,0.0,False,0.0,0.0,0.0,False,0.0,0.0,0.0,False,0.0,0.0,0.0,False,0.0,0.0,0.0,False,0.0,0.0,0.0,False,0.0,0.0,['8dba79ed-9bf8-5cb2-833b-a493317e765e'],indexer-generic-dense,0,0,0,0,0,0,0,0,0,0,0,0,,0.0,
Q-171,Q-071,id,features_security_maintenance_limitations,RAXE500,60,False,3487.638,deterministic,passthrough,False,none,0.0,False,0.0,0.0,0.0,False,0.0,0.0,0.0,False,0.0,0.0,0.0,False,0.0,0.0,0.0,False,0.0,0.0,0.0,False,0.0,0.0,0.0,False,0.0,0.0,0.0,False,0.0,0.0,0.0,False,0.0,0.0,0.0,False,0.0,0.0,0.0,False,0.0,0.0,0.0,False,0.0,0.0,['33088b55-3bd9-50bd-8652-c3cd7fd2d88f'],indexer-generic-dense,0,0,0,0,0,0,0,0,0,0,0,0,,0.0,
Q-172,Q-072,id,facts_specifications,RAXE500,60,False,2683.204,deterministic,passthrough,False,none,0.6,True,1.0,0.5147714448836774,0.3,True,1.0,0.4172025044756148,0.26666666666666666,True,1.0,0.4875593077153219,0.2,True,1.0,0.4875593077153219,0.16,True,1.0,0.4875593077153219,0.16666666666666666,True,1.0,0.5441417301640686,0.14285714285714285,True,1.0,0.5441417301640686,0.15,True,1.0,0.5954480604950395,0.13333333333333333,True,1.0,0.5954480604950395,0.12,True,1.0,0.5954480604950395,0.12727272727272726,True,1.0,0.6434369135342447,0.11666666666666667,True,1.0,0.6434369135342447,['09ef238c-cabe-5ea4-9616-24e57ee8f002'],indexer-generic-dense,3,3,4,4,4,5,5,6,6,6,7,7,2,0.5,5
Q-173,Q-073,id,facts_specifications,RAXE500,60,False,3380.001,deterministic,passthrough,False,none,0.2,True,1.0,0.20210734650054757,0.1,True,1.0,0.20210734650054757,0.06666666666666667,True,1.0,0.20210734650054757,0.1,True,1.0,0.3106882196015811,0.12,True,1.0,0.41303992388464666,0.1,True,1.0,0.41303992388464666,0.08571428571428572,True,1.0,0.41303992388464666,0.075,True,1.0,0.41303992388464666,0.06666666666666667,True,1.0,0.41303992388464666,0.06,True,1.0,0.41303992388464666,0.05454545454545454,True,1.0,0.41303992388464666,0.05,True,1.0,0.41303992388464666,['04f1b52b-9f18-591e-ac0a-b16ee4a34dad'],indexer-generic-dense,1,1,1,2,3,3,3,3,3,3,3,3,4,0.25,5
Q-174,Q-074,id,setup_configuration,RAXE500,60,False,3489.214,deterministic,passthrough,False,none,0.2,True,1.0,0.2640681225725909,0.2,True,1.0,0.44130740935663865,0.13333333333333333,True,1.0,0.44130740935663865,0.1,True,1.0,0.44130740935663865,0.08,True,1.0,0.44130740935663865,0.06666666666666667,True,1.0,0.44130740935663865,0.05714285714285714,True,1.0,0.44130740935663865,0.05,True,1.0,0.44130740935663865,0.044444444444444446,True,1.0,0.44130740935663865,0.04,True,1.0,0.44130740935663865,0.03636363636363636,True,1.0,0.44130740935663865,0.03333333333333333,True,1.0,0.44130740935663865,['8533530e-9001-5a31-a453-6077909ff031'],indexer-generic-dense,1,2,2,2,2,2,2,2,2,2,2,2,4,0.25,5
Q-175,Q-075,id,features_security_maintenance_limitations,RAXE500,60,False,3704.282,deterministic,passthrough,False,none,0.0,False,0.0,0.0,0.0,False,0.0,0.0,0.06666666666666667,True,1.0,0.09759501249802542,0.05,True,1.0,0.09759501249802542,0.04,True,1.0,0.09759501249802542,0.03333333333333333,True,1.0,0.09759501249802542,0.05714285714285714,True,1.0,0.17432875231560382,0.05,True,1.0,0.17432875231560382,0.044444444444444446,True,1.0,0.17432875231560382,0.04,True,1.0,0.17432875231560382,0.05454545454545454,True,1.0,0.24185266871867137,0.06666666666666667,True,1.0,0.3084933850878101,['b2cee766-ed4f-59bb-8d66-703a2aecba75'],indexer-generic-dense,0,0,1,1,1,1,2,2,2,2,3,4,15,0.06666666666666667,15
Q-176,Q-076,id,features_security_maintenance_limitations,RAXE500,60,False,3378.878,deterministic,passthrough,False,none,0.0,False,0.0,0.0,0.0,False,0.0,0.0,0.06666666666666667,True,1.0,0.12681701683239352,0.05,True,1.0,0.12681701683239352,0.04,True,1.0,0.12681701683239352,0.03333333333333333,True,1.0,0.12681701683239352,0.02857142857142857,True,1.0,0.12681701683239352,0.05,True,1.0,0.2144090225876805,0.06666666666666667,True,1.0,0.2998590005443716,0.06,True,1.0,0.2998590005443716,0.05454545454545454,True,1.0,0.2998590005443716,0.05,True,1.0,0.2998590005443716,['0fc19ad4-a3f3-5128-a97a-000311ce8919'],indexer-generic-dense,0,0,1,1,1,1,1,2,3,3,3,3,12,0.08333333333333333,15
Q-177,Q-077,id,troubleshooting_diagnostics,RAXE500,60,False,3026.009,deterministic,passthrough,False,none,0.2,True,1.0,0.5,0.1,True,1.0,0.5,0.06666666666666667,True,1.0,0.5,0.05,True,1.0,0.5,0.04,True,1.0,0.5,0.03333333333333333,True,1.0,0.5,0.02857142857142857,True,1.0,0.5,0.025,True,1.0,0.5,0.022222222222222223,True,1.0,0.5,0.02,True,1.0,0.5,0.01818181818181818,True,1.0,0.5,0.016666666666666666,True,1.0,0.5,['494eba00-b9d1-5fec-898e-b212c6f28baf'],indexer-generic-dense,1,1,1,1,1,1,1,1,1,1,1,1,3,0.3333333333333333,5
Q-178,Q-078,id,facts_specifications,RBK852,60,False,3615.91,deterministic,passthrough,False,none,0.4,True,1.0,0.6240505200038379,0.2,True,1.0,0.6240505200038379,0.13333333333333333,True,1.0,0.6240505200038379,0.1,True,1.0,0.6240505200038379,0.08,True,1.0,0.6240505200038379,0.06666666666666667,True,1.0,0.6240505200038379,0.05714285714285714,True,1.0,0.6240505200038379,0.05,True,1.0,0.6240505200038379,0.044444444444444446,True,1.0,0.6240505200038379,0.04,True,1.0,0.6240505200038379,0.03636363636363636,True,1.0,0.6240505200038379,0.03333333333333333,True,1.0,0.6240505200038379,['fd0ce992-9b7f-58e2-9140-f25a95a0b95b'],indexer-generic-dense,2,2,2,2,2,2,2,2,2,2,2,2,2,0.5,5
Q-179,Q-079,id,facts_specifications,RBK852,60,False,3303.763,deterministic,passthrough,False,none,0.0,False,0.0,0.0,0.0,False,0.0,0.0,0.0,False,0.0,0.0,0.05,True,1.0,0.23540891336663824,0.04,True,1.0,0.23540891336663824,0.03333333333333333,True,1.0,0.23540891336663824,0.02857142857142857,True,1.0,0.23540891336663824,0.025,True,1.0,0.23540891336663824,0.022222222222222223,True,1.0,0.23540891336663824,0.02,True,1.0,0.23540891336663824,0.01818181818181818,True,1.0,0.23540891336663824,0.016666666666666666,True,1.0,0.23540891336663824,['bafbe93c-5d33-537b-82ee-2c89ca1550eb'],indexer-generic-dense,0,0,0,1,1,1,1,1,1,1,1,1,18,0.05555555555555555,20
Q-180,Q-080,id,setup_configuration,RBK852,60,False,4531.063,deterministic,passthrough,False,none,0.0,False,0.0,0.0,0.0,False,0.0,0.0,0.0,False,0.0,0.0,0.0,False,0.0,0.0,0.0,False,0.0,0.0,0.0,False,0.0,0.0,0.0,False,0.0,0.0,0.0,False,0.0,0.0,0.0,False,0.0,0.0,0.0,False,0.0,0.0,0.0,False,0.0,0.0,0.0,False,0.0,0.0,['acfcfc10-9010-5a5e-9f6c-e4bbbf310479'],indexer-generic-dense,0,0,0,0,0,0,0,0,0,0,0,0,,0.0,
Q-181,Q-081,id,features_security_maintenance_limitations,RBK852,60,False,4177.342,deterministic,passthrough,False,none,0.2,True,1.0,0.3391602052736161,0.1,True,1.0,0.3026024134988135,0.06666666666666667,True,1.0,0.3026024134988135,0.05,True,1.0,0.3026024134988135,0.08,True,1.0,0.3694971341721163,0.1,True,1.0,0.43057715493439075,0.08571428571428572,True,1.0,0.43057715493439075,0.075,True,1.0,0.43057715493439075,0.06666666666666667,True,1.0,0.43057715493439075,0.06,True,1.0,0.43057715493439075,0.09090909090909091,True,1.0,0.5352657209293066,0.1,True,1.0,0.5864944356991016,['aee81160-3f45-597d-97ea-c7a1ad45d30a'],indexer-generic-dense,1,1,1,1,2,3,3,3,3,3,5,6,1,1.0,5
Q-182,Q-082,id,setup_configuration,RBK852,60,False,4545.84,deterministic,passthrough,False,none,0.4,True,1.0,0.5531464700081437,0.3,True,1.0,0.6601396023754075,0.26666666666666666,True,1.0,0.7469503786113338,0.2,True,1.0,0.7469503786113338,0.2,True,1.0,0.8209226750522034,0.16666666666666666,True,1.0,0.8209226750522034,0.14285714285714285,True,1.0,0.8209226750522034,0.125,True,1.0,0.8209226750522034,0.1111111111111111,True,1.0,0.8209226750522034,0.1,True,1.0,0.8209226750522034,0.09090909090909091,True,1.0,0.8209226750522034,0.08333333333333333,True,1.0,0.8209226750522034,['a6546993-1d1a-5eb2-b616-d7c4995490a6'],indexer-generic-dense,2,3,4,4,5,5,5,5,5,5,5,5,1,1.0,5
Q-183,Q-083,id,features_security_maintenance_limitations,RBK852,60,False,4617.044,deterministic,passthrough,False,none,0.0,False,0.0,0.0,0.0,False,0.0,0.0,0.0,False,0.0,0.0,0.0,False,0.0,0.0,0.0,False,0.0,0.0,0.0,False,0.0,0.0,0.0,False,0.0,0.0,0.0,False,0.0,0.0,0.0,False,0.0,0.0,0.0,False,0.0,0.0,0.0,False,0.0,0.0,0.0,False,0.0,0.0,['83b0f8da-6afa-5070-9d44-c12b3b247e8b'],indexer-generic-dense,0,0,0,0,0,0,0,0,0,0,0,0,,0.0,
Q-184,Q-084,id,facts_specifications,RBK852,60,False,3158.11,deterministic,passthrough,False,none,0.2,True,1.0,0.6131471927654584,0.2,True,1.0,0.8315546295836225,0.13333333333333333,True,1.0,0.8315546295836225,0.1,True,1.0,0.8315546295836225,0.08,True,1.0,0.8315546295836225,0.06666666666666667,True,1.0,0.8315546295836225,0.05714285714285714,True,1.0,0.8315546295836225,0.05,True,1.0,0.8315546295836225,0.044444444444444446,True,1.0,0.8315546295836225,0.04,True,1.0,0.8315546295836225,0.03636363636363636,True,1.0,0.8315546295836225,0.03333333333333333,True,1.0,0.8315546295836225,['0121bbc3-46f8-588c-b9d6-e7e69974a9fe'],indexer-generic-dense,1,2,2,2,2,2,2,2,2,2,2,2,1,1.0,5
Q-185,Q-085,id,features_security_maintenance_limitations,RBK852,60,False,2059.751,deterministic,passthrough,False,none,0.2,True,1.0,0.3903800499921017,0.3,True,1.0,0.6436579276931672,0.26666666666666666,True,1.0,0.7461910663113891,0.2,True,1.0,0.7461910663113891,0.16,True,1.0,0.7461910663113891,0.13333333333333333,True,1.0,0.7461910663113891,0.11428571428571428,True,1.0,0.7461910663113891,0.1,True,1.0,0.7461910663113891,0.08888888888888889,True,1.0,0.7461910663113891,0.08,True,1.0,0.7461910663113891,0.07272727272727272,True,1.0,0.7461910663113891,0.06666666666666667,True,1.0,0.7461910663113891,['e8fbf22f-7fac-51cc-8b76-ef68177b1407'],indexer-generic-dense,1,3,4,4,4,4,4,4,4,4,4,4,1,1.0,5
Q-186,Q-086,id,features_security_maintenance_limitations,RBK852,60,False,3073.97,deterministic,passthrough,False,none,0.0,False,0.0,0.0,0.0,False,0.0,0.0,0.0,False,0.0,0.0,0.0,False,0.0,0.0,0.0,False,0.0,0.0,0.0,False,0.0,0.0,0.0,False,0.0,0.0,0.0,False,0.0,0.0,0.0,False,0.0,0.0,0.0,False,0.0,0.0,0.0,False,0.0,0.0,0.0,False,0.0,0.0,['64c7ce15-7a5a-580d-adbe-160bed89ad0b'],indexer-generic-dense,0,0,0,0,0,0,0,0,0,0,0,0,,0.0,
Q-187,Q-087,id,troubleshooting_diagnostics,RBK852,60,False,2967.946,deterministic,passthrough,False,none,0.0,False,0.0,0.0,0.1,True,1.0,0.3333333333333333,0.06666666666666667,True,1.0,0.3333333333333333,0.05,True,1.0,0.3333333333333333,0.04,True,1.0,0.3333333333333333,0.03333333333333333,True,1.0,0.3333333333333333,0.02857142857142857,True,1.0,0.3333333333333333,0.025,True,1.0,0.3333333333333333,0.022222222222222223,True,1.0,0.3333333333333333,0.02,True,1.0,0.3333333333333333,0.01818181818181818,True,1.0,0.3333333333333333,0.016666666666666666,True,1.0,0.3333333333333333,['594cc248-162e-5180-b1f6-243ea1c30a9e'],indexer-generic-dense,0,1,1,1,1,1,1,1,1,1,1,1,7,0.14285714285714285,10
Q-188,Q-088,id,troubleshooting_diagnostics,RBK852,60,False,3031.597,deterministic,passthrough,False,none,0.2,True,1.0,0.21398626473452756,0.1,True,1.0,0.21398626473452756,0.06666666666666667,True,1.0,0.21398626473452756,0.1,True,1.0,0.29532111012294726,0.08,True,1.0,0.29532111012294726,0.1,True,1.0,0.36513616407515187,0.08571428571428572,True,1.0,0.36513616407515187,0.075,True,1.0,0.36513616407515187,0.06666666666666667,True,1.0,0.36513616407515187,0.08,True,1.0,0.4258635557505342,0.09090909090909091,True,1.0,0.484797845108252,0.08333333333333333,True,1.0,0.484797845108252,['8989f72f-c45f-5a19-b2ce-b190765e7b28'],indexer-generic-dense,1,1,1,2,2,3,3,3,3,4,5,5,2,0.5,5
Q-189,Q-089,id,facts_specifications,XR500,60,False,2564.062,deterministic,passthrough,False,none,0.0,False,0.0,0.0,0.1,True,1.0,0.3333333333333333,0.06666666666666667,True,1.0,0.3333333333333333,0.05,True,1.0,0.3333333333333333,0.04,True,1.0,0.3333333333333333,0.03333333333333333,True,1.0,0.3333333333333333,0.02857142857142857,True,1.0,0.3333333333333333,0.025,True,1.0,0.3333333333333333,0.022222222222222223,True,1.0,0.3333333333333333,0.02,True,1.0,0.3333333333333333,0.01818181818181818,True,1.0,0.3333333333333333,0.016666666666666666,True,1.0,0.3333333333333333,['3252b308-2ca3-5fec-b98f-6d89b53b5bb2'],indexer-generic-dense,0,1,1,1,1,1,1,1,1,1,1,1,7,0.14285714285714285,10
Q-190,Q-090,id,setup_configuration,XR500,60,False,3307.095,deterministic,passthrough,False,none,0.2,True,1.0,0.23719771276929622,0.1,True,1.0,0.23719771276929622,0.13333333333333333,True,1.0,0.39824053785850433,0.1,True,1.0,0.39824053785850433,0.08,True,1.0,0.39824053785850433,0.06666666666666667,True,1.0,0.39824053785850433,0.05714285714285714,True,1.0,0.39824053785850433,0.05,True,1.0,0.39824053785850433,0.044444444444444446,True,1.0,0.39824053785850433,0.04,True,1.0,0.39824053785850433,0.03636363636363636,True,1.0,0.39824053785850433,0.03333333333333333,True,1.0,0.39824053785850433,['cb248990-463a-5428-8ee2-082f71f0484e'],indexer-generic-dense,1,1,2,2,2,2,2,2,2,2,2,2,5,0.2,5
Q-191,Q-091,id,features_security_maintenance_limitations,XR500,60,False,3305.812,deterministic,passthrough,False,none,0.0,False,0.0,0.0,0.0,False,0.0,0.0,0.0,False,0.0,0.0,0.0,False,0.0,0.0,0.0,False,0.0,0.0,0.0,False,0.0,0.0,0.02857142857142857,True,1.0,0.12155021559723776,0.025,True,1.0,0.12155021559723776,0.022222222222222223,True,1.0,0.12155021559723776,0.02,True,1.0,0.12155021559723776,0.03636363636363636,True,1.0,0.22760609572714713,0.03333333333333333,True,1.0,0.22760609572714713,['44b909e7-8fcd-5a49-bae0-e2be984df636'],indexer-generic-dense,0,0,0,0,0,0,1,1,1,1,2,2,32,0.03125,35
Q-192,Q-092,id,features_security_maintenance_limitations,XR500,60,False,3494.841,deterministic,passthrough,False,none,0.2,True,1.0,0.6309297535714575,0.1,True,1.0,0.6309297535714575,0.06666666666666667,True,1.0,0.6309297535714575,0.05,True,1.0,0.6309297535714575,0.04,True,1.0,0.6309297535714575,0.03333333333333333,True,1.0,0.6309297535714575,0.02857142857142857,True,1.0,0.6309297535714575,0.025,True,1.0,0.6309297535714575,0.022222222222222223,True,1.0,0.6309297535714575,0.02,True,1.0,0.6309297535714575,0.01818181818181818,True,1.0,0.6309297535714575,0.016666666666666666,True,1.0,0.6309297535714575,['d9934c94-0789-5258-8d3c-3482e84637b0'],indexer-generic-dense,1,1,1,1,1,1,1,1,1,1,1,1,2,0.5,5
Q-193,Q-093,id,features_security_maintenance_limitations,XR500,60,False,3534.83,deterministic,passthrough,False,none,0.2,True,1.0,0.23463936301137822,0.3,True,1.0,0.5239472913541398,0.2,True,1.0,0.5239472913541398,0.15,True,1.0,0.5239472913541398,0.12,True,1.0,0.5239472913541398,0.1,True,1.0,0.5239472913541398,0.08571428571428572,True,1.0,0.5239472913541398,0.075,True,1.0,0.5239472913541398,0.06666666666666667,True,1.0,0.5239472913541398,0.06,True,1.0,0.5239472913541398,0.05454545454545454,True,1.0,0.5239472913541398,0.05,True,1.0,0.5239472913541398,['e3bace6b-5d07-5dcc-8041-f1933c6cd04f'],indexer-generic-dense,1,3,3,3,3,3,3,3,3,3,3,3,3,0.3333333333333333,5
Q-194,Q-094,id,features_security_maintenance_limitations,XR500,60,False,3478.734,deterministic,passthrough,False,none,0.2,True,1.0,0.16958010263680806,0.2,True,1.0,0.2716774977597197,0.2,True,1.0,0.3607577679779541,0.2,True,1.0,0.440599103358622,0.16,True,1.0,0.440599103358622,0.13333333333333333,True,1.0,0.440599103358622,0.11428571428571428,True,1.0,0.440599103358622,0.1,True,1.0,0.440599103358622,0.08888888888888889,True,1.0,0.440599103358622,0.08,True,1.0,0.440599103358622,0.07272727272727272,True,1.0,0.440599103358622,0.08333333333333333,True,1.0,0.4984962193710699,['e8550a88-ca9e-5dc2-8bb3-4dd7ff222c8d'],indexer-generic-dense,1,2,3,4,4,4,4,4,4,4,4,5,3,0.3333333333333333,5
Q-195,Q-095,id,features_security_maintenance_limitations,XR500,60,False,3468.206,deterministic,passthrough,False,none,0.6,True,1.0,0.8318724637288826,0.3,True,1.0,0.8318724637288826,0.2,True,1.0,0.8318724637288826,0.15,True,1.0,0.8318724637288826,0.12,True,1.0,0.8318724637288826,0.1,True,1.0,0.8318724637288826,0.08571428571428572,True,1.0,0.8318724637288826,0.075,True,1.0,0.8318724637288826,0.06666666666666667,True,1.0,0.8318724637288826,0.08,True,1.0,0.9021531020292666,0.07272727272727272,True,1.0,0.9021531020292666,0.06666666666666667,True,1.0,0.9021531020292666,['dee55ef8-729a-51e5-9b1c-29cce4910ea6'],indexer-generic-dense,3,3,3,3,3,3,3,3,3,4,4,4,1,1.0,5
Q-196,Q-096,id,features_security_maintenance_limitations,XR500,60,False,3582.477,deterministic,passthrough,False,none,0.0,False,0.0,0.0,0.0,False,0.0,0.0,0.0,False,0.0,0.0,0.0,False,0.0,0.0,0.0,False,0.0,0.0,0.0,False,0.0,0.0,0.0,False,0.0,0.0,0.0,False,0.0,0.0,0.0,False,0.0,0.0,0.0,False,0.0,0.0,0.0,False,0.0,0.0,0.0,False,0.0,0.0,['1d4788df-374d-52e0-a31b-c406a91abfcc'],indexer-generic-dense,0,0,0,0,0,0,0,0,0,0,0,0,,0.0,
Q-197,Q-097,id,features_security_maintenance_limitations,XR500,60,False,3304.662,deterministic,passthrough,False,none,0.0,False,0.0,0.0,0.0,False,0.0,0.0,0.0,False,0.0,0.0,0.0,False,0.0,0.0,0.0,False,0.0,0.0,0.0,False,0.0,0.0,0.0,False,0.0,0.0,0.0,False,0.0,0.0,0.0,False,0.0,0.0,0.0,False,0.0,0.0,0.0,False,0.0,0.0,0.0,False,0.0,0.0,['9c7f8f5e-dadb-5ed0-b8be-baa2f11349a8'],indexer-generic-dense,0,0,0,0,0,0,0,0,0,0,0,0,,0.0,
Q-198,Q-098,id,features_security_maintenance_limitations,XR500,60,False,2791.118,deterministic,passthrough,False,none,0.0,False,0.0,0.0,0.0,False,0.0,0.0,0.13333333333333333,True,1.0,0.1814171229425907,0.1,True,1.0,0.1814171229425907,0.16,True,1.0,0.3303657784050237,0.16666666666666666,True,1.0,0.4009160520528973,0.14285714285714285,True,1.0,0.4009160520528973,0.125,True,1.0,0.4009160520528973,0.1111111111111111,True,1.0,0.4009160520528973,0.1,True,1.0,0.4009160520528973,0.09090909090909091,True,1.0,0.4009160520528973,0.08333333333333333,True,1.0,0.4009160520528973,['65a39d84-6b18-50df-b32a-a7d46fbe2cfc'],indexer-generic-dense,0,0,2,2,4,5,5,5,5,5,5,5,11,0.09090909090909091,15
Q-199,Q-099,id,features_security_maintenance_limitations,XR500,60,False,2782.361,deterministic,passthrough,False,none,0.2,True,1.0,0.3391602052736161,0.2,True,1.0,0.4599715079731103,0.13333333333333333,True,1.0,0.4599715079731103,0.15,True,1.0,0.5371881962558641,0.12,True,1.0,0.5371881962558641,0.1,True,1.0,0.5371881962558641,0.11428571428571428,True,1.0,0.6038540797928652,0.1,True,1.0,0.6038540797928652,0.08888888888888889,True,1.0,0.6038540797928652,0.08,True,1.0,0.6038540797928652,0.07272727272727272,True,1.0,0.6038540797928652,0.08333333333333333,True,1.0,0.6610409329562169,['36995834-66ad-5975-9724-aa9f228f5502'],indexer-generic-dense,1,2,2,3,3,3,4,4,4,4,4,5,1,1.0,5
Q-200,Q-100,id,features_security_maintenance_limitations,XR500,60,False,2544.442,deterministic,passthrough,False,none,0.0,False,0.0,0.0,0.0,False,0.0,0.0,0.0,False,0.0,0.0,0.0,False,0.0,0.0,0.0,False,0.0,0.0,0.0,False,0.0,0.0,0.0,False,0.0,0.0,0.0,False,0.0,0.0,0.0,False,0.0,0.0,0.0,False,0.0,0.0,0.0,False,0.0,0.0,0.0,False,0.0,0.0,['75118c37-2376-50c5-b907-2ae6d10da16e'],indexer-generic-dense,0,0,0,0,0,0,0,0,0,0,0,0,,0.0,
