document_index,document_id,filename,page_index,page_number,page_bin,text_chars,word_count,token_estimate,pdf_text_blocks,image_count,drawing_count,has_text,is_blank,table_flag,figure_flag
1,7b2e79c5-ed95-43f3-bb4b-e882e3bfeefa,netgear-cm2000.pdf,0,1,P1,154,24,39,5,1,11,True,False,False,False
1,7b2e79c5-ed95-43f3-bb4b-e882e3bfeefa,netgear-cm2000.pdf,1,2,P1,1095,154,274,7,0,3,True,False,False,False
1,7b2e79c5-ed95-43f3-bb4b-e882e3bfeefa,netgear-cm2000.pdf,2,3,P1,2349,134,588,11,0,1,True,False,False,False
1,7b2e79c5-ed95-43f3-bb4b-e882e3bfeefa,netgear-cm2000.pdf,3,4,P1,279,46,70,6,0,28,True,False,False,False
1,7b2e79c5-ed95-43f3-bb4b-e882e3bfeefa,netgear-cm2000.pdf,4,5,P1,302,52,76,6,1,1,True,False,False,True
1,7b2e79c5-ed95-43f3-bb4b-e882e3bfeefa,netgear-cm2000.pdf,5,6,P1,1512,261,378,31,5,19,True,False,True,False
1,7b2e79c5-ed95-43f3-bb4b-e882e3bfeefa,netgear-cm2000.pdf,6,7,P2,625,103,157,6,1,1,True,False,False,True
1,7b2e79c5-ed95-43f3-bb4b-e882e3bfeefa,netgear-cm2000.pdf,7,8,P2,714,124,179,21,1,1,True,False,False,True
1,7b2e79c5-ed95-43f3-bb4b-e882e3bfeefa,netgear-cm2000.pdf,8,9,P2,1593,276,399,18,0,7,True,False,False,False
1,7b2e79c5-ed95-43f3-bb4b-e882e3bfeefa,netgear-cm2000.pdf,9,10,P2,1126,153,282,17,1,34,True,False,True,True
1,7b2e79c5-ed95-43f3-bb4b-e882e3bfeefa,netgear-cm2000.pdf,10,11,P2,1553,215,389,17,0,10,True,False,True,False
1,7b2e79c5-ed95-43f3-bb4b-e882e3bfeefa,netgear-cm2000.pdf,11,12,P3,644,116,161,8,0,1,True,False,False,False
1,7b2e79c5-ed95-43f3-bb4b-e882e3bfeefa,netgear-cm2000.pdf,12,13,P3,559,103,140,6,0,76,True,False,False,False
1,7b2e79c5-ed95-43f3-bb4b-e882e3bfeefa,netgear-cm2000.pdf,13,14,P3,1538,270,385,19,0,1,True,False,False,False
1,7b2e79c5-ed95-43f3-bb4b-e882e3bfeefa,netgear-cm2000.pdf,14,15,P3,1525,245,382,18,0,1,True,False,False,False
1,7b2e79c5-ed95-43f3-bb4b-e882e3bfeefa,netgear-cm2000.pdf,15,16,P3,1365,230,342,22,0,1,True,False,False,False
1,7b2e79c5-ed95-43f3-bb4b-e882e3bfeefa,netgear-cm2000.pdf,16,17,P4,1412,224,353,17,0,1,True,False,False,False
1,7b2e79c5-ed95-43f3-bb4b-e882e3bfeefa,netgear-cm2000.pdf,17,18,P4,1019,175,255,10,0,1,True,False,False,False
1,7b2e79c5-ed95-43f3-bb4b-e882e3bfeefa,netgear-cm2000.pdf,18,19,P4,1578,266,395,18,0,1,True,False,False,False
1,7b2e79c5-ed95-43f3-bb4b-e882e3bfeefa,netgear-cm2000.pdf,19,20,P4,247,37,62,6,0,31,True,False,False,False
1,7b2e79c5-ed95-43f3-bb4b-e882e3bfeefa,netgear-cm2000.pdf,20,21,P4,194,29,49,4,0,1,True,False,False,False
1,7b2e79c5-ed95-43f3-bb4b-e882e3bfeefa,netgear-cm2000.pdf,21,22,P5,1738,309,435,26,0,10,True,False,True,False
1,7b2e79c5-ed95-43f3-bb4b-e882e3bfeefa,netgear-cm2000.pdf,22,23,P5,1566,272,392,14,0,8,True,False,False,False
1,7b2e79c5-ed95-43f3-bb4b-e882e3bfeefa,netgear-cm2000.pdf,23,24,P5,119,16,30,5,0,8,True,False,False,False
1,7b2e79c5-ed95-43f3-bb4b-e882e3bfeefa,netgear-cm2000.pdf,24,25,P5,591,80,148,13,0,12,True,False,True,False
1,7b2e79c5-ed95-43f3-bb4b-e882e3bfeefa,netgear-cm2000.pdf,25,26,P5,778,126,195,22,0,8,True,False,True,False
2,398c0bb9-3253-4629-a5ed-18f51d9fb36b,netgear-lm1200.pdf,0,1,P1,134,22,34,5,1,11,True,False,False,False
2,398c0bb9-3253-4629-a5ed-18f51d9fb36b,netgear-lm1200.pdf,1,2,P1,1818,247,455,18,0,26,True,False,False,False
2,398c0bb9-3253-4629-a5ed-18f51d9fb36b,netgear-lm1200.pdf,2,3,P1,2638,170,660,11,0,1,True,False,False,False
2,398c0bb9-3253-4629-a5ed-18f51d9fb36b,netgear-lm1200.pdf,3,4,P1,3202,268,801,12,0,1,True,False,False,False
2,398c0bb9-3253-4629-a5ed-18f51d9fb36b,netgear-lm1200.pdf,4,5,P1,3037,251,760,14,0,1,True,False,False,False
2,398c0bb9-3253-4629-a5ed-18f51d9fb36b,netgear-lm1200.pdf,5,6,P1,800,130,200,13,0,80,True,False,False,False
2,398c0bb9-3253-4629-a5ed-18f51d9fb36b,netgear-lm1200.pdf,6,7,P1,273,47,69,2,0,2,True,False,False,False
2,398c0bb9-3253-4629-a5ed-18f51d9fb36b,netgear-lm1200.pdf,7,8,P1,1964,324,491,16,0,29,True,False,True,False
2,398c0bb9-3253-4629-a5ed-18f51d9fb36b,netgear-lm1200.pdf,8,9,P1,723,134,181,13,4,174,True,False,True,True
2,398c0bb9-3253-4629-a5ed-18f51d9fb36b,netgear-lm1200.pdf,9,10,P1,841,153,211,17,1,144,True,False,False,True
2,398c0bb9-3253-4629-a5ed-18f51d9fb36b,netgear-lm1200.pdf,10,11,P1,1673,300,419,17,0,5,True,False,False,False
2,398c0bb9-3253-4629-a5ed-18f51d9fb36b,netgear-lm1200.pdf,11,12,P1,1658,279,415,15,0,1,True,False,False,False
2,398c0bb9-3253-4629-a5ed-18f51d9fb36b,netgear-lm1200.pdf,12,13,P1,1286,215,322,18,0,26,True,False,True,False
2,398c0bb9-3253-4629-a5ed-18f51d9fb36b,netgear-lm1200.pdf,13,14,P1,1426,238,357,19,1,31,True,False,False,True
2,398c0bb9-3253-4629-a5ed-18f51d9fb36b,netgear-lm1200.pdf,14,15,P1,1097,191,275,22,0,10,True,False,False,False
2,398c0bb9-3253-4629-a5ed-18f51d9fb36b,netgear-lm1200.pdf,15,16,P1,538,87,135,5,0,1,True,False,False,False
2,398c0bb9-3253-4629-a5ed-18f51d9fb36b,netgear-lm1200.pdf,16,17,P1,379,65,95,6,0,56,True,False,False,False
2,398c0bb9-3253-4629-a5ed-18f51d9fb36b,netgear-lm1200.pdf,17,18,P1,2454,415,614,11,0,74,True,False,False,False
2,398c0bb9-3253-4629-a5ed-18f51d9fb36b,netgear-lm1200.pdf,18,19,P1,1587,304,397,18,0,33,True,False,False,False
2,398c0bb9-3253-4629-a5ed-18f51d9fb36b,netgear-lm1200.pdf,19,20,P1,897,164,225,11,1,8,True,False,False,False
2,398c0bb9-3253-4629-a5ed-18f51d9fb36b,netgear-lm1200.pdf,20,21,P1,335,57,84,4,2,1,True,False,False,False
2,398c0bb9-3253-4629-a5ed-18f51d9fb36b,netgear-lm1200.pdf,21,22,P2,1535,273,384,16,0,14,True,False,False,False
2,398c0bb9-3253-4629-a5ed-18f51d9fb36b,netgear-lm1200.pdf,22,23,P2,326,57,82,6,0,46,True,False,False,False
2,398c0bb9-3253-4629-a5ed-18f51d9fb36b,netgear-lm1200.pdf,23,24,P2,1421,253,356,13,0,1,True,False,False,False
2,398c0bb9-3253-4629-a5ed-18f51d9fb36b,netgear-lm1200.pdf,24,25,P2,745,130,187,8,1,1,True,False,False,False
2,398c0bb9-3253-4629-a5ed-18f51d9fb36b,netgear-lm1200.pdf,25,26,P2,2066,354,517,14,0,1,True,False,False,False
2,398c0bb9-3253-4629-a5ed-18f51d9fb36b,netgear-lm1200.pdf,26,27,P2,976,165,244,8,1,1,True,False,False,False
2,398c0bb9-3253-4629-a5ed-18f51d9fb36b,netgear-lm1200.pdf,27,28,P2,2054,361,514,17,0,12,True,False,False,False
2,398c0bb9-3253-4629-a5ed-18f51d9fb36b,netgear-lm1200.pdf,28,29,P2,1050,188,263,9,1,1,True,False,False,False
2,398c0bb9-3253-4629-a5ed-18f51d9fb36b,netgear-lm1200.pdf,29,30,P2,1794,321,449,17,0,12,True,False,False,False
2,398c0bb9-3253-4629-a5ed-18f51d9fb36b,netgear-lm1200.pdf,30,31,P2,1720,299,430,17,0,12,True,False,False,False
2,398c0bb9-3253-4629-a5ed-18f51d9fb36b,netgear-lm1200.pdf,31,32,P2,1757,308,440,16,0,12,True,False,False,False
2,398c0bb9-3253-4629-a5ed-18f51d9fb36b,netgear-lm1200.pdf,32,33,P2,583,97,146,6,0,1,True,False,False,False
2,398c0bb9-3253-4629-a5ed-18f51d9fb36b,netgear-lm1200.pdf,33,34,P2,344,52,86,6,0,45,True,False,False,False
2,398c0bb9-3253-4629-a5ed-18f51d9fb36b,netgear-lm1200.pdf,34,35,P2,1476,240,369,14,1,19,True,False,False,False
2,398c0bb9-3253-4629-a5ed-18f51d9fb36b,netgear-lm1200.pdf,35,36,P2,1316,225,329,14,1,11,True,False,False,False
2,398c0bb9-3253-4629-a5ed-18f51d9fb36b,netgear-lm1200.pdf,36,37,P2,1398,228,350,14,1,39,True,False,False,False
2,398c0bb9-3253-4629-a5ed-18f51d9fb36b,netgear-lm1200.pdf,37,38,P2,1056,193,264,12,2,1,True,False,False,False
2,398c0bb9-3253-4629-a5ed-18f51d9fb36b,netgear-lm1200.pdf,38,39,P2,1807,299,452,35,0,19,True,False,False,False
2,398c0bb9-3253-4629-a5ed-18f51d9fb36b,netgear-lm1200.pdf,39,40,P2,1654,294,414,15,0,18,True,False,False,False
2,398c0bb9-3253-4629-a5ed-18f51d9fb36b,netgear-lm1200.pdf,40,41,P2,1570,277,393,15,0,17,True,False,False,False
2,398c0bb9-3253-4629-a5ed-18f51d9fb36b,netgear-lm1200.pdf,41,42,P2,912,163,228,10,0,1,True,False,False,False
2,398c0bb9-3253-4629-a5ed-18f51d9fb36b,netgear-lm1200.pdf,42,43,P3,277,45,70,6,0,38,True,False,False,False
2,398c0bb9-3253-4629-a5ed-18f51d9fb36b,netgear-lm1200.pdf,43,44,P3,1437,254,360,16,0,12,True,False,False,False
2,398c0bb9-3253-4629-a5ed-18f51d9fb36b,netgear-lm1200.pdf,44,45,P3,2280,380,570,18,0,38,True,False,False,False
2,398c0bb9-3253-4629-a5ed-18f51d9fb36b,netgear-lm1200.pdf,45,46,P3,1107,190,277,18,1,4,True,False,False,False
2,398c0bb9-3253-4629-a5ed-18f51d9fb36b,netgear-lm1200.pdf,46,47,P3,1806,319,452,16,0,16,True,False,False,False
2,398c0bb9-3253-4629-a5ed-18f51d9fb36b,netgear-lm1200.pdf,47,48,P3,1601,263,401,16,0,137,True,False,False,False
2,398c0bb9-3253-4629-a5ed-18f51d9fb36b,netgear-lm1200.pdf,48,49,P3,1415,246,354,14,1,1,True,False,False,False
2,398c0bb9-3253-4629-a5ed-18f51d9fb36b,netgear-lm1200.pdf,49,50,P3,1947,339,487,21,0,4,True,False,False,False
2,398c0bb9-3253-4629-a5ed-18f51d9fb36b,netgear-lm1200.pdf,50,51,P3,1233,217,309,18,1,4,True,False,False,False
2,398c0bb9-3253-4629-a5ed-18f51d9fb36b,netgear-lm1200.pdf,51,52,P3,1176,206,294,12,1,1,True,False,False,False
2,398c0bb9-3253-4629-a5ed-18f51d9fb36b,netgear-lm1200.pdf,52,53,P3,1296,223,324,11,0,1,True,False,False,False
2,398c0bb9-3253-4629-a5ed-18f51d9fb36b,netgear-lm1200.pdf,53,54,P3,1396,245,349,10,1,60,True,False,False,False
2,398c0bb9-3253-4629-a5ed-18f51d9fb36b,netgear-lm1200.pdf,54,55,P3,1588,290,397,20,0,60,True,False,False,False
2,398c0bb9-3253-4629-a5ed-18f51d9fb36b,netgear-lm1200.pdf,55,56,P3,1456,267,364,13,1,14,True,False,False,False
2,398c0bb9-3253-4629-a5ed-18f51d9fb36b,netgear-lm1200.pdf,56,57,P3,1558,286,390,12,0,14,True,False,False,False
2,398c0bb9-3253-4629-a5ed-18f51d9fb36b,netgear-lm1200.pdf,57,58,P3,878,156,220,7,2,1,True,False,False,False
2,398c0bb9-3253-4629-a5ed-18f51d9fb36b,netgear-lm1200.pdf,58,59,P3,1090,203,273,15,2,1,True,False,False,False
2,398c0bb9-3253-4629-a5ed-18f51d9fb36b,netgear-lm1200.pdf,59,60,P3,1240,228,310,12,1,14,True,False,False,False
2,398c0bb9-3253-4629-a5ed-18f51d9fb36b,netgear-lm1200.pdf,60,61,P3,1559,283,390,12,1,1,True,False,False,False
2,398c0bb9-3253-4629-a5ed-18f51d9fb36b,netgear-lm1200.pdf,61,62,P3,1266,237,317,13,1,1,True,False,False,False
2,398c0bb9-3253-4629-a5ed-18f51d9fb36b,netgear-lm1200.pdf,62,63,P3,156,24,39,3,0,1,True,False,False,False
2,398c0bb9-3253-4629-a5ed-18f51d9fb36b,netgear-lm1200.pdf,63,64,P4,782,141,196,6,0,169,True,False,False,False
2,398c0bb9-3253-4629-a5ed-18f51d9fb36b,netgear-lm1200.pdf,64,65,P4,1853,318,464,17,0,1,True,False,False,False
2,398c0bb9-3253-4629-a5ed-18f51d9fb36b,netgear-lm1200.pdf,65,66,P4,1573,272,394,18,0,1,True,False,False,False
2,398c0bb9-3253-4629-a5ed-18f51d9fb36b,netgear-lm1200.pdf,66,67,P4,1167,207,292,14,2,1,True,False,False,False
2,398c0bb9-3253-4629-a5ed-18f51d9fb36b,netgear-lm1200.pdf,67,68,P4,1793,314,449,16,0,6,True,False,False,False
2,398c0bb9-3253-4629-a5ed-18f51d9fb36b,netgear-lm1200.pdf,68,69,P4,1500,267,375,14,1,1,True,False,False,False
2,398c0bb9-3253-4629-a5ed-18f51d9fb36b,netgear-lm1200.pdf,69,70,P4,2249,406,563,15,0,45,True,False,False,False
2,398c0bb9-3253-4629-a5ed-18f51d9fb36b,netgear-lm1200.pdf,70,71,P4,1149,212,288,10,1,15,True,False,False,False
2,398c0bb9-3253-4629-a5ed-18f51d9fb36b,netgear-lm1200.pdf,71,72,P4,1723,307,431,16,0,1,True,False,False,False
2,398c0bb9-3253-4629-a5ed-18f51d9fb36b,netgear-lm1200.pdf,72,73,P4,1085,178,272,21,1,10,True,False,True,False
2,398c0bb9-3253-4629-a5ed-18f51d9fb36b,netgear-lm1200.pdf,73,74,P4,928,160,232,10,1,1,True,False,False,False
2,398c0bb9-3253-4629-a5ed-18f51d9fb36b,netgear-lm1200.pdf,74,75,P4,1735,290,434,19,0,14,True,False,False,False
2,398c0bb9-3253-4629-a5ed-18f51d9fb36b,netgear-lm1200.pdf,75,76,P4,1179,204,295,13,1,35,True,False,False,False
2,398c0bb9-3253-4629-a5ed-18f51d9fb36b,netgear-lm1200.pdf,76,77,P4,1159,201,290,13,1,1,True,False,False,False
2,398c0bb9-3253-4629-a5ed-18f51d9fb36b,netgear-lm1200.pdf,77,78,P4,1986,363,497,15,0,55,True,False,False,False
2,398c0bb9-3253-4629-a5ed-18f51d9fb36b,netgear-lm1200.pdf,78,79,P4,997,175,250,11,1,1,True,False,False,False
2,398c0bb9-3253-4629-a5ed-18f51d9fb36b,netgear-lm1200.pdf,79,80,P4,1724,317,431,17,0,1,True,False,False,False
2,398c0bb9-3253-4629-a5ed-18f51d9fb36b,netgear-lm1200.pdf,80,81,P4,356,65,89,5,0,1,True,False,False,False
2,398c0bb9-3253-4629-a5ed-18f51d9fb36b,netgear-lm1200.pdf,81,82,P4,821,162,206,7,0,210,True,False,False,False
2,398c0bb9-3253-4629-a5ed-18f51d9fb36b,netgear-lm1200.pdf,82,83,P4,1447,262,362,19,1,18,True,False,False,False
2,398c0bb9-3253-4629-a5ed-18f51d9fb36b,netgear-lm1200.pdf,83,84,P4,1448,247,362,14,0,43,True,False,False,False
2,398c0bb9-3253-4629-a5ed-18f51d9fb36b,netgear-lm1200.pdf,84,85,P5,1103,193,276,12,0,1,True,False,False,False
2,398c0bb9-3253-4629-a5ed-18f51d9fb36b,netgear-lm1200.pdf,85,86,P5,1528,265,382,24,0,8,True,False,True,False
2,398c0bb9-3253-4629-a5ed-18f51d9fb36b,netgear-lm1200.pdf,86,87,P5,867,147,217,12,0,7,True,False,True,False
2,398c0bb9-3253-4629-a5ed-18f51d9fb36b,netgear-lm1200.pdf,87,88,P5,1324,227,331,17,0,7,True,False,True,False
2,398c0bb9-3253-4629-a5ed-18f51d9fb36b,netgear-lm1200.pdf,88,89,P5,1456,246,364,23,0,24,True,False,True,False
2,398c0bb9-3253-4629-a5ed-18f51d9fb36b,netgear-lm1200.pdf,89,90,P5,618,98,155,6,0,77,True,False,False,False
2,398c0bb9-3253-4629-a5ed-18f51d9fb36b,netgear-lm1200.pdf,90,91,P5,1378,229,345,15,0,41,True,False,True,False
2,398c0bb9-3253-4629-a5ed-18f51d9fb36b,netgear-lm1200.pdf,91,92,P5,1760,306,440,18,0,61,True,False,True,False
2,398c0bb9-3253-4629-a5ed-18f51d9fb36b,netgear-lm1200.pdf,92,93,P5,1604,270,401,18,0,30,True,False,True,False
2,398c0bb9-3253-4629-a5ed-18f51d9fb36b,netgear-lm1200.pdf,93,94,P5,1590,297,398,16,0,23,True,False,False,False
2,398c0bb9-3253-4629-a5ed-18f51d9fb36b,netgear-lm1200.pdf,94,95,P5,2044,346,511,15,0,58,True,False,False,False
2,398c0bb9-3253-4629-a5ed-18f51d9fb36b,netgear-lm1200.pdf,95,96,P5,2105,360,527,15,0,33,True,False,False,False
2,398c0bb9-3253-4629-a5ed-18f51d9fb36b,netgear-lm1200.pdf,96,97,P5,1490,264,373,20,0,1,True,False,False,False
2,398c0bb9-3253-4629-a5ed-18f51d9fb36b,netgear-lm1200.pdf,97,98,P5,1261,222,316,8,0,13,True,False,False,False
2,398c0bb9-3253-4629-a5ed-18f51d9fb36b,netgear-lm1200.pdf,98,99,P5,159,21,40,5,0,14,True,False,False,False
2,398c0bb9-3253-4629-a5ed-18f51d9fb36b,netgear-lm1200.pdf,99,100,P5,1368,208,342,27,0,38,True,False,True,False
2,398c0bb9-3253-4629-a5ed-18f51d9fb36b,netgear-lm1200.pdf,100,101,P5,1019,155,255,25,0,23,True,False,True,False
2,398c0bb9-3253-4629-a5ed-18f51d9fb36b,netgear-lm1200.pdf,101,102,P5,167,27,42,6,0,12,True,False,False,False
2,398c0bb9-3253-4629-a5ed-18f51d9fb36b,netgear-lm1200.pdf,102,103,P5,1000,177,250,21,0,5,True,False,False,False
2,398c0bb9-3253-4629-a5ed-18f51d9fb36b,netgear-lm1200.pdf,103,104,P5,327,61,82,7,2,1,True,False,False,False
2,398c0bb9-3253-4629-a5ed-18f51d9fb36b,netgear-lm1200.pdf,104,105,P5,221,42,56,5,0,186,True,False,False,False
3,d363d52d-99b4-4258-9e83-eca4fbdf4722,netgear-r6350.pdf,0,1,P1,133,22,34,5,1,11,True,False,False,False
3,d363d52d-99b4-4258-9e83-eca4fbdf4722,netgear-r6350.pdf,1,2,P1,1188,154,297,11,0,8,True,False,False,False
3,d363d52d-99b4-4258-9e83-eca4fbdf4722,netgear-r6350.pdf,2,3,P1,2773,197,694,12,0,1,True,False,False,False
3,d363d52d-99b4-4258-9e83-eca4fbdf4722,netgear-r6350.pdf,3,4,P1,3186,269,797,15,0,1,True,False,False,False
3,d363d52d-99b4-4258-9e83-eca4fbdf4722,netgear-r6350.pdf,4,5,P1,3177,275,795,11,0,1,True,False,False,False
3,d363d52d-99b4-4258-9e83-eca4fbdf4722,netgear-r6350.pdf,5,6,P1,3291,252,823,14,0,1,True,False,False,False
3,d363d52d-99b4-4258-9e83-eca4fbdf4722,netgear-r6350.pdf,6,7,P1,3343,250,836,13,0,1,True,False,False,False
3,d363d52d-99b4-4258-9e83-eca4fbdf4722,netgear-r6350.pdf,7,8,P1,3208,243,802,14,0,1,True,False,False,False
3,d363d52d-99b4-4258-9e83-eca4fbdf4722,netgear-r6350.pdf,8,9,P1,133,9,34,3,0,1,True,False,False,False
3,d363d52d-99b4-4258-9e83-eca4fbdf4722,netgear-r6350.pdf,9,10,P1,697,117,175,7,0,55,True,False,False,False
3,d363d52d-99b4-4258-9e83-eca4fbdf4722,netgear-r6350.pdf,10,11,P1,252,42,63,6,1,1,True,False,False,True
3,d363d52d-99b4-4258-9e83-eca4fbdf4722,netgear-r6350.pdf,11,12,P1,526,92,132,9,3,7,True,False,True,False
3,d363d52d-99b4-4258-9e83-eca4fbdf4722,netgear-r6350.pdf,12,13,P1,958,166,240,14,3,7,True,False,True,True
3,d363d52d-99b4-4258-9e83-eca4fbdf4722,netgear-r6350.pdf,13,14,P1,1625,271,407,15,1,15,True,False,False,True
3,d363d52d-99b4-4258-9e83-eca4fbdf4722,netgear-r6350.pdf,14,15,P1,583,102,146,18,0,1,True,False,False,False
3,d363d52d-99b4-4258-9e83-eca4fbdf4722,netgear-r6350.pdf,15,16,P1,808,142,202,13,1,1,True,False,False,True
3,d363d52d-99b4-4258-9e83-eca4fbdf4722,netgear-r6350.pdf,16,17,P1,556,99,139,9,1,1,True,False,False,True
3,d363d52d-99b4-4258-9e83-eca4fbdf4722,netgear-r6350.pdf,17,18,P1,427,79,107,6,0,51,True,False,False,False
3,d363d52d-99b4-4258-9e83-eca4fbdf4722,netgear-r6350.pdf,18,19,P1,1608,290,402,22,0,1,True,False,False,False
3,d363d52d-99b4-4258-9e83-eca4fbdf4722,netgear-r6350.pdf,19,20,P1,1878,330,470,14,0,1,True,False,False,False
3,d363d52d-99b4-4258-9e83-eca4fbdf4722,netgear-r6350.pdf,20,21,P1,2194,366,549,17,0,1,True,False,False,False
3,d363d52d-99b4-4258-9e83-eca4fbdf4722,netgear-r6350.pdf,21,22,P1,1819,304,455,21,0,10,True,False,False,False
3,d363d52d-99b4-4258-9e83-eca4fbdf4722,netgear-r6350.pdf,22,23,P1,1328,234,332,17,0,2,True,False,False,False
3,d363d52d-99b4-4258-9e83-eca4fbdf4722,netgear-r6350.pdf,23,24,P1,481,78,121,6,0,36,True,False,False,False
3,d363d52d-99b4-4258-9e83-eca4fbdf4722,netgear-r6350.pdf,24,25,P1,1471,246,368,18,0,12,True,False,False,False
3,d363d52d-99b4-4258-9e83-eca4fbdf4722,netgear-r6350.pdf,25,26,P1,1940,339,485,15,0,1,True,False,False,False
3,d363d52d-99b4-4258-9e83-eca4fbdf4722,netgear-r6350.pdf,26,27,P1,1699,288,425,16,0,9,True,False,False,False
3,d363d52d-99b4-4258-9e83-eca4fbdf4722,netgear-r6350.pdf,27,28,P1,2112,369,528,14,0,9,True,False,False,False
3,d363d52d-99b4-4258-9e83-eca4fbdf4722,netgear-r6350.pdf,28,29,P1,1866,326,467,16,0,1,True,False,False,False
3,d363d52d-99b4-4258-9e83-eca4fbdf4722,netgear-r6350.pdf,29,30,P1,1824,319,456,17,0,9,True,False,False,False
3,d363d52d-99b4-4258-9e83-eca4fbdf4722,netgear-r6350.pdf,30,31,P1,1769,297,443,20,0,1,True,False,False,False
3,d363d52d-99b4-4258-9e83-eca4fbdf4722,netgear-r6350.pdf,31,32,P1,2050,359,513,14,0,1,True,False,False,False
3,d363d52d-99b4-4258-9e83-eca4fbdf4722,netgear-r6350.pdf,32,33,P1,2085,354,522,17,0,1,True,False,False,False
3,d363d52d-99b4-4258-9e83-eca4fbdf4722,netgear-r6350.pdf,33,34,P1,1823,311,456,17,0,1,True,False,False,False
3,d363d52d-99b4-4258-9e83-eca4fbdf4722,netgear-r6350.pdf,34,35,P1,2025,341,507,16,0,1,True,False,False,False
3,d363d52d-99b4-4258-9e83-eca4fbdf4722,netgear-r6350.pdf,35,36,P1,2002,346,501,17,0,1,True,False,False,False
3,d363d52d-99b4-4258-9e83-eca4fbdf4722,netgear-r6350.pdf,36,37,P1,1525,258,382,19,0,1,True,False,False,False
3,d363d52d-99b4-4258-9e83-eca4fbdf4722,netgear-r6350.pdf,37,38,P1,1701,285,426,18,0,12,True,False,False,False
3,d363d52d-99b4-4258-9e83-eca4fbdf4722,netgear-r6350.pdf,38,39,P1,2228,389,557,14,0,1,True,False,False,False
3,d363d52d-99b4-4258-9e83-eca4fbdf4722,netgear-r6350.pdf,39,40,P1,1844,317,461,17,0,1,True,False,False,False
3,d363d52d-99b4-4258-9e83-eca4fbdf4722,netgear-r6350.pdf,40,41,P1,2198,375,550,14,0,1,True,False,False,False
3,d363d52d-99b4-4258-9e83-eca4fbdf4722,netgear-r6350.pdf,41,42,P2,1970,324,493,17,0,7,True,False,True,False
3,d363d52d-99b4-4258-9e83-eca4fbdf4722,netgear-r6350.pdf,42,43,P2,1364,232,341,18,0,9,True,False,True,False
3,d363d52d-99b4-4258-9e83-eca4fbdf4722,netgear-r6350.pdf,43,44,P2,393,61,99,6,0,53,True,False,False,False
3,d363d52d-99b4-4258-9e83-eca4fbdf4722,netgear-r6350.pdf,44,45,P2,1624,273,406,14,0,11,True,False,False,False
3,d363d52d-99b4-4258-9e83-eca4fbdf4722,netgear-r6350.pdf,45,46,P2,1570,278,393,23,0,8,True,False,False,False
3,d363d52d-99b4-4258-9e83-eca4fbdf4722,netgear-r6350.pdf,46,47,P2,1299,230,325,22,0,9,True,False,False,False
3,d363d52d-99b4-4258-9e83-eca4fbdf4722,netgear-r6350.pdf,47,48,P2,1637,289,410,23,0,9,True,False,False,False
3,d363d52d-99b4-4258-9e83-eca4fbdf4722,netgear-r6350.pdf,48,49,P2,1333,239,334,17,0,34,True,False,False,False
3,d363d52d-99b4-4258-9e83-eca4fbdf4722,netgear-r6350.pdf,49,50,P2,1420,235,355,19,0,1,True,False,False,False
3,d363d52d-99b4-4258-9e83-eca4fbdf4722,netgear-r6350.pdf,50,51,P2,1672,274,418,17,0,1,True,False,False,False
3,d363d52d-99b4-4258-9e83-eca4fbdf4722,netgear-r6350.pdf,51,52,P2,1756,297,439,15,0,1,True,False,False,False
3,d363d52d-99b4-4258-9e83-eca4fbdf4722,netgear-r6350.pdf,52,53,P2,1907,325,477,10,0,1,True,False,False,False
3,d363d52d-99b4-4258-9e83-eca4fbdf4722,netgear-r6350.pdf,53,54,P2,403,73,101,6,0,78,True,False,False,False
3,d363d52d-99b4-4258-9e83-eca4fbdf4722,netgear-r6350.pdf,54,55,P2,1758,296,440,15,0,1,True,False,False,False
3,d363d52d-99b4-4258-9e83-eca4fbdf4722,netgear-r6350.pdf,55,56,P2,1315,218,329,24,0,10,True,False,False,False
3,d363d52d-99b4-4258-9e83-eca4fbdf4722,netgear-r6350.pdf,56,57,P2,1658,281,415,30,0,8,True,False,False,False
3,d363d52d-99b4-4258-9e83-eca4fbdf4722,netgear-r6350.pdf,57,58,P2,2153,369,539,31,0,9,True,False,False,False
3,d363d52d-99b4-4258-9e83-eca4fbdf4722,netgear-r6350.pdf,58,59,P2,1978,337,495,33,0,8,True,False,False,False
3,d363d52d-99b4-4258-9e83-eca4fbdf4722,netgear-r6350.pdf,59,60,P2,2837,498,710,26,0,17,True,False,False,False
3,d363d52d-99b4-4258-9e83-eca4fbdf4722,netgear-r6350.pdf,60,61,P2,1745,291,437,19,0,7,True,False,False,False
3,d363d52d-99b4-4258-9e83-eca4fbdf4722,netgear-r6350.pdf,61,62,P2,2286,382,572,12,0,11,True,False,False,False
3,d363d52d-99b4-4258-9e83-eca4fbdf4722,netgear-r6350.pdf,62,63,P2,1669,273,418,26,0,8,True,False,False,False
3,d363d52d-99b4-4258-9e83-eca4fbdf4722,netgear-r6350.pdf,63,64,P2,2094,366,524,17,0,17,True,False,False,False
3,d363d52d-99b4-4258-9e83-eca4fbdf4722,netgear-r6350.pdf,64,65,P2,2068,366,517,16,1,23,True,False,False,False
3,d363d52d-99b4-4258-9e83-eca4fbdf4722,netgear-r6350.pdf,65,66,P2,1708,307,427,18,0,1,True,False,False,False
3,d363d52d-99b4-4258-9e83-eca4fbdf4722,netgear-r6350.pdf,66,67,P2,1910,331,478,16,0,22,True,False,False,False
3,d363d52d-99b4-4258-9e83-eca4fbdf4722,netgear-r6350.pdf,67,68,P2,2955,531,739,44,0,32,True,False,False,False
3,d363d52d-99b4-4258-9e83-eca4fbdf4722,netgear-r6350.pdf,68,69,P2,1486,262,372,30,0,11,True,False,False,False
3,d363d52d-99b4-4258-9e83-eca4fbdf4722,netgear-r6350.pdf,69,70,P2,2492,447,623,28,0,18,True,False,False,False
3,d363d52d-99b4-4258-9e83-eca4fbdf4722,netgear-r6350.pdf,70,71,P2,1025,174,257,12,0,1,True,False,False,False
3,d363d52d-99b4-4258-9e83-eca4fbdf4722,netgear-r6350.pdf,71,72,P2,519,85,130,6,0,90,True,False,False,False
3,d363d52d-99b4-4258-9e83-eca4fbdf4722,netgear-r6350.pdf,72,73,P2,1571,260,393,17,0,3,True,False,False,False
3,d363d52d-99b4-4258-9e83-eca4fbdf4722,netgear-r6350.pdf,73,74,P2,1927,333,482,14,0,1,True,False,False,False
3,d363d52d-99b4-4258-9e83-eca4fbdf4722,netgear-r6350.pdf,74,75,P2,2079,361,520,16,0,10,True,False,False,False
3,d363d52d-99b4-4258-9e83-eca4fbdf4722,netgear-r6350.pdf,75,76,P2,2326,399,582,14,0,12,True,False,False,False
3,d363d52d-99b4-4258-9e83-eca4fbdf4722,netgear-r6350.pdf,76,77,P2,1659,296,415,21,0,1,True,False,False,False
3,d363d52d-99b4-4258-9e83-eca4fbdf4722,netgear-r6350.pdf,77,78,P2,1455,252,364,22,0,1,True,False,False,False
3,d363d52d-99b4-4258-9e83-eca4fbdf4722,netgear-r6350.pdf,78,79,P2,1633,285,409,19,0,27,True,False,False,False
3,d363d52d-99b4-4258-9e83-eca4fbdf4722,netgear-r6350.pdf,79,80,P2,1439,247,360,19,0,1,True,False,False,False
3,d363d52d-99b4-4258-9e83-eca4fbdf4722,netgear-r6350.pdf,80,81,P2,1663,285,416,16,0,1,True,False,False,False
3,d363d52d-99b4-4258-9e83-eca4fbdf4722,netgear-r6350.pdf,81,82,P2,1804,304,451,17,0,51,True,False,False,False
3,d363d52d-99b4-4258-9e83-eca4fbdf4722,netgear-r6350.pdf,82,83,P3,1836,323,459,15,0,1,True,False,False,False
3,d363d52d-99b4-4258-9e83-eca4fbdf4722,netgear-r6350.pdf,83,84,P3,1594,281,399,20,0,29,True,False,False,False
3,d363d52d-99b4-4258-9e83-eca4fbdf4722,netgear-r6350.pdf,84,85,P3,1402,236,351,20,0,21,True,False,False,False
3,d363d52d-99b4-4258-9e83-eca4fbdf4722,netgear-r6350.pdf,85,86,P3,1542,268,386,16,0,22,True,False,False,False
3,d363d52d-99b4-4258-9e83-eca4fbdf4722,netgear-r6350.pdf,86,87,P3,1622,286,406,17,0,1,True,False,False,False
3,d363d52d-99b4-4258-9e83-eca4fbdf4722,netgear-r6350.pdf,87,88,P3,1868,335,467,16,0,1,True,False,False,False
3,d363d52d-99b4-4258-9e83-eca4fbdf4722,netgear-r6350.pdf,88,89,P3,1132,201,283,8,0,161,True,False,False,False
3,d363d52d-99b4-4258-9e83-eca4fbdf4722,netgear-r6350.pdf,89,90,P3,1431,242,358,21,0,2,True,False,False,False
3,d363d52d-99b4-4258-9e83-eca4fbdf4722,netgear-r6350.pdf,90,91,P3,1429,262,358,17,0,1,True,False,False,False
3,d363d52d-99b4-4258-9e83-eca4fbdf4722,netgear-r6350.pdf,91,92,P3,1777,319,445,16,0,22,True,False,False,False
3,d363d52d-99b4-4258-9e83-eca4fbdf4722,netgear-r6350.pdf,92,93,P3,1531,266,383,21,0,2,True,False,False,False
3,d363d52d-99b4-4258-9e83-eca4fbdf4722,netgear-r6350.pdf,93,94,P3,1878,345,470,20,0,1,True,False,False,False
3,d363d52d-99b4-4258-9e83-eca4fbdf4722,netgear-r6350.pdf,94,95,P3,1655,312,414,29,0,34,True,False,False,False
3,d363d52d-99b4-4258-9e83-eca4fbdf4722,netgear-r6350.pdf,95,96,P3,1552,276,388,16,0,1,True,False,False,False
3,d363d52d-99b4-4258-9e83-eca4fbdf4722,netgear-r6350.pdf,96,97,P3,1496,256,374,13,0,1,True,False,False,False
3,d363d52d-99b4-4258-9e83-eca4fbdf4722,netgear-r6350.pdf,97,98,P3,2519,409,630,43,0,10,True,False,False,False
3,d363d52d-99b4-4258-9e83-eca4fbdf4722,netgear-r6350.pdf,98,99,P3,1422,240,356,20,0,1,True,False,False,False
3,d363d52d-99b4-4258-9e83-eca4fbdf4722,netgear-r6350.pdf,99,100,P3,1752,307,438,18,0,1,True,False,False,False
3,d363d52d-99b4-4258-9e83-eca4fbdf4722,netgear-r6350.pdf,100,101,P3,1569,285,393,17,0,1,True,False,False,False
3,d363d52d-99b4-4258-9e83-eca4fbdf4722,netgear-r6350.pdf,101,102,P3,1373,229,344,19,0,1,True,False,False,False
3,d363d52d-99b4-4258-9e83-eca4fbdf4722,netgear-r6350.pdf,102,103,P3,391,69,98,6,0,46,True,False,False,False
3,d363d52d-99b4-4258-9e83-eca4fbdf4722,netgear-r6350.pdf,103,104,P3,1863,318,466,16,0,1,True,False,False,False
3,d363d52d-99b4-4258-9e83-eca4fbdf4722,netgear-r6350.pdf,104,105,P3,1649,301,413,17,0,39,True,False,False,False
3,d363d52d-99b4-4258-9e83-eca4fbdf4722,netgear-r6350.pdf,105,106,P3,1665,285,417,20,0,1,True,False,False,False
3,d363d52d-99b4-4258-9e83-eca4fbdf4722,netgear-r6350.pdf,106,107,P3,1594,277,399,20,0,1,True,False,False,False
3,d363d52d-99b4-4258-9e83-eca4fbdf4722,netgear-r6350.pdf,107,108,P3,1399,247,350,18,0,12,True,False,False,False
3,d363d52d-99b4-4258-9e83-eca4fbdf4722,netgear-r6350.pdf,108,109,P3,219,40,55,5,0,43,True,False,False,False
3,d363d52d-99b4-4258-9e83-eca4fbdf4722,netgear-r6350.pdf,109,110,P3,1846,320,462,17,0,30,True,False,False,False
3,d363d52d-99b4-4258-9e83-eca4fbdf4722,netgear-r6350.pdf,110,111,P3,1790,326,448,16,0,1,True,False,False,False
3,d363d52d-99b4-4258-9e83-eca4fbdf4722,netgear-r6350.pdf,111,112,P3,1856,342,464,22,2,1,True,False,False,False
3,d363d52d-99b4-4258-9e83-eca4fbdf4722,netgear-r6350.pdf,112,113,P3,1495,272,374,24,0,1,True,False,False,False
3,d363d52d-99b4-4258-9e83-eca4fbdf4722,netgear-r6350.pdf,113,114,P3,909,162,228,11,0,1,True,False,False,False
3,d363d52d-99b4-4258-9e83-eca4fbdf4722,netgear-r6350.pdf,114,115,P3,717,128,180,6,0,151,True,False,False,False
3,d363d52d-99b4-4258-9e83-eca4fbdf4722,netgear-r6350.pdf,115,116,P3,1616,275,404,19,0,1,True,False,False,False
3,d363d52d-99b4-4258-9e83-eca4fbdf4722,netgear-r6350.pdf,116,117,P3,1985,338,497,16,0,1,True,False,False,False
3,d363d52d-99b4-4258-9e83-eca4fbdf4722,netgear-r6350.pdf,117,118,P3,1410,247,353,19,0,1,True,False,False,False
3,d363d52d-99b4-4258-9e83-eca4fbdf4722,netgear-r6350.pdf,118,119,P3,1419,227,355,15,0,1,True,False,False,False
3,d363d52d-99b4-4258-9e83-eca4fbdf4722,netgear-r6350.pdf,119,120,P3,1762,285,441,17,0,1,True,False,False,False
3,d363d52d-99b4-4258-9e83-eca4fbdf4722,netgear-r6350.pdf,120,121,P3,1731,306,433,18,0,1,True,False,False,False
3,d363d52d-99b4-4258-9e83-eca4fbdf4722,netgear-r6350.pdf,121,122,P3,1558,264,390,18,0,1,True,False,False,False
3,d363d52d-99b4-4258-9e83-eca4fbdf4722,netgear-r6350.pdf,122,123,P3,1841,310,461,19,0,1,True,False,False,False
3,d363d52d-99b4-4258-9e83-eca4fbdf4722,netgear-r6350.pdf,123,124,P4,1574,280,394,17,0,1,True,False,False,False
3,d363d52d-99b4-4258-9e83-eca4fbdf4722,netgear-r6350.pdf,124,125,P4,1346,233,337,18,0,1,True,False,False,False
3,d363d52d-99b4-4258-9e83-eca4fbdf4722,netgear-r6350.pdf,125,126,P4,1474,257,369,20,0,1,True,False,False,False
3,d363d52d-99b4-4258-9e83-eca4fbdf4722,netgear-r6350.pdf,126,127,P4,1812,308,453,16,0,1,True,False,False,False
3,d363d52d-99b4-4258-9e83-eca4fbdf4722,netgear-r6350.pdf,127,128,P4,1488,263,372,21,0,7,True,False,False,False
3,d363d52d-99b4-4258-9e83-eca4fbdf4722,netgear-r6350.pdf,128,129,P4,1412,251,353,25,0,16,True,False,False,False
3,d363d52d-99b4-4258-9e83-eca4fbdf4722,netgear-r6350.pdf,129,130,P4,1366,238,342,15,0,1,True,False,False,False
3,d363d52d-99b4-4258-9e83-eca4fbdf4722,netgear-r6350.pdf,130,131,P4,1766,312,442,17,0,1,True,False,False,False
3,d363d52d-99b4-4258-9e83-eca4fbdf4722,netgear-r6350.pdf,131,132,P4,1633,288,409,17,0,1,True,False,False,False
3,d363d52d-99b4-4258-9e83-eca4fbdf4722,netgear-r6350.pdf,132,133,P4,858,163,215,16,0,9,True,False,False,False
3,d363d52d-99b4-4258-9e83-eca4fbdf4722,netgear-r6350.pdf,133,134,P4,604,101,151,6,0,116,True,False,False,False
3,d363d52d-99b4-4258-9e83-eca4fbdf4722,netgear-r6350.pdf,134,135,P4,1629,285,408,16,0,1,True,False,False,False
3,d363d52d-99b4-4258-9e83-eca4fbdf4722,netgear-r6350.pdf,135,136,P4,1750,295,438,18,0,6,True,False,False,False
3,d363d52d-99b4-4258-9e83-eca4fbdf4722,netgear-r6350.pdf,136,137,P4,1562,262,391,19,0,1,True,False,False,False
3,d363d52d-99b4-4258-9e83-eca4fbdf4722,netgear-r6350.pdf,137,138,P4,1354,227,339,21,0,1,True,False,False,False
3,d363d52d-99b4-4258-9e83-eca4fbdf4722,netgear-r6350.pdf,138,139,P4,1379,232,345,20,0,1,True,False,False,False
3,d363d52d-99b4-4258-9e83-eca4fbdf4722,netgear-r6350.pdf,139,140,P4,1243,215,311,16,0,1,True,False,False,False
3,d363d52d-99b4-4258-9e83-eca4fbdf4722,netgear-r6350.pdf,140,141,P4,1860,328,465,17,0,1,True,False,False,False
3,d363d52d-99b4-4258-9e83-eca4fbdf4722,netgear-r6350.pdf,141,142,P4,1488,252,372,14,0,1,True,False,False,False
3,d363d52d-99b4-4258-9e83-eca4fbdf4722,netgear-r6350.pdf,142,143,P4,1607,267,402,16,0,1,True,False,False,False
3,d363d52d-99b4-4258-9e83-eca4fbdf4722,netgear-r6350.pdf,143,144,P4,1704,292,426,21,0,1,True,False,False,False
3,d363d52d-99b4-4258-9e83-eca4fbdf4722,netgear-r6350.pdf,144,145,P4,1828,303,457,22,0,1,True,False,False,False
3,d363d52d-99b4-4258-9e83-eca4fbdf4722,netgear-r6350.pdf,145,146,P4,1611,283,403,19,0,11,True,False,False,False
3,d363d52d-99b4-4258-9e83-eca4fbdf4722,netgear-r6350.pdf,146,147,P4,1545,263,387,19,0,1,True,False,False,False
3,d363d52d-99b4-4258-9e83-eca4fbdf4722,netgear-r6350.pdf,147,148,P4,1746,294,437,17,0,1,True,False,False,False
3,d363d52d-99b4-4258-9e83-eca4fbdf4722,netgear-r6350.pdf,148,149,P4,1702,278,426,17,0,14,True,False,False,False
3,d363d52d-99b4-4258-9e83-eca4fbdf4722,netgear-r6350.pdf,149,150,P4,1987,346,497,20,0,1,True,False,False,False
3,d363d52d-99b4-4258-9e83-eca4fbdf4722,netgear-r6350.pdf,150,151,P4,1757,296,440,20,0,1,True,False,False,False
3,d363d52d-99b4-4258-9e83-eca4fbdf4722,netgear-r6350.pdf,151,152,P4,1836,306,459,18,0,1,True,False,False,False
3,d363d52d-99b4-4258-9e83-eca4fbdf4722,netgear-r6350.pdf,152,153,P4,1636,281,409,17,0,8,True,False,False,False
3,d363d52d-99b4-4258-9e83-eca4fbdf4722,netgear-r6350.pdf,153,154,P4,935,162,234,9,0,1,True,False,False,False
3,d363d52d-99b4-4258-9e83-eca4fbdf4722,netgear-r6350.pdf,154,155,P4,405,73,102,6,0,76,True,False,False,False
3,d363d52d-99b4-4258-9e83-eca4fbdf4722,netgear-r6350.pdf,155,156,P4,1445,259,362,15,0,1,True,False,False,False
3,d363d52d-99b4-4258-9e83-eca4fbdf4722,netgear-r6350.pdf,156,157,P4,2114,355,529,14,0,1,True,False,False,False
3,d363d52d-99b4-4258-9e83-eca4fbdf4722,netgear-r6350.pdf,157,158,P4,1627,270,407,15,0,1,True,False,False,False
3,d363d52d-99b4-4258-9e83-eca4fbdf4722,netgear-r6350.pdf,158,159,P4,1862,296,466,24,0,9,True,False,False,False
3,d363d52d-99b4-4258-9e83-eca4fbdf4722,netgear-r6350.pdf,159,160,P4,1610,258,403,17,0,1,True,False,False,False
3,d363d52d-99b4-4258-9e83-eca4fbdf4722,netgear-r6350.pdf,160,161,P4,1795,313,449,15,0,1,True,False,False,False
3,d363d52d-99b4-4258-9e83-eca4fbdf4722,netgear-r6350.pdf,161,162,P4,2153,381,539,20,0,1,True,False,False,False
3,d363d52d-99b4-4258-9e83-eca4fbdf4722,netgear-r6350.pdf,162,163,P4,2101,373,526,20,0,1,True,False,False,False
3,d363d52d-99b4-4258-9e83-eca4fbdf4722,netgear-r6350.pdf,163,164,P4,1918,333,480,15,0,1,True,False,False,False
3,d363d52d-99b4-4258-9e83-eca4fbdf4722,netgear-r6350.pdf,164,165,P5,938,157,235,6,0,1,True,False,False,False
3,d363d52d-99b4-4258-9e83-eca4fbdf4722,netgear-r6350.pdf,165,166,P5,491,89,123,6,0,82,True,False,False,False
3,d363d52d-99b4-4258-9e83-eca4fbdf4722,netgear-r6350.pdf,166,167,P5,1770,312,443,17,0,1,True,False,False,False
3,d363d52d-99b4-4258-9e83-eca4fbdf4722,netgear-r6350.pdf,167,168,P5,1647,274,412,19,0,13,True,False,False,False
3,d363d52d-99b4-4258-9e83-eca4fbdf4722,netgear-r6350.pdf,168,169,P5,1025,163,257,11,1,1,True,False,False,False
3,d363d52d-99b4-4258-9e83-eca4fbdf4722,netgear-r6350.pdf,169,170,P5,1826,297,457,23,0,14,True,False,False,False
3,d363d52d-99b4-4258-9e83-eca4fbdf4722,netgear-r6350.pdf,170,171,P5,1824,294,456,18,0,15,True,False,False,False
3,d363d52d-99b4-4258-9e83-eca4fbdf4722,netgear-r6350.pdf,171,172,P5,1453,242,364,18,0,13,True,False,False,False
3,d363d52d-99b4-4258-9e83-eca4fbdf4722,netgear-r6350.pdf,172,173,P5,1529,266,383,12,0,1,True,False,False,False
3,d363d52d-99b4-4258-9e83-eca4fbdf4722,netgear-r6350.pdf,173,174,P5,1407,239,352,16,0,18,True,False,False,False
3,d363d52d-99b4-4258-9e83-eca4fbdf4722,netgear-r6350.pdf,174,175,P5,1837,315,460,17,0,1,True,False,False,False
3,d363d52d-99b4-4258-9e83-eca4fbdf4722,netgear-r6350.pdf,175,176,P5,1848,321,462,16,0,1,True,False,False,False
3,d363d52d-99b4-4258-9e83-eca4fbdf4722,netgear-r6350.pdf,176,177,P5,396,62,99,6,0,36,True,False,False,False
3,d363d52d-99b4-4258-9e83-eca4fbdf4722,netgear-r6350.pdf,177,178,P5,1887,319,472,17,0,20,True,False,False,False
3,d363d52d-99b4-4258-9e83-eca4fbdf4722,netgear-r6350.pdf,178,179,P5,1868,322,467,17,0,21,True,False,False,False
3,d363d52d-99b4-4258-9e83-eca4fbdf4722,netgear-r6350.pdf,179,180,P5,1987,345,497,32,0,10,True,False,False,False
3,d363d52d-99b4-4258-9e83-eca4fbdf4722,netgear-r6350.pdf,180,181,P5,1597,272,400,20,0,21,True,False,False,False
3,d363d52d-99b4-4258-9e83-eca4fbdf4722,netgear-r6350.pdf,181,182,P5,1863,319,466,16,0,1,True,False,False,False
3,d363d52d-99b4-4258-9e83-eca4fbdf4722,netgear-r6350.pdf,182,183,P5,2056,333,514,16,0,15,True,False,False,False
3,d363d52d-99b4-4258-9e83-eca4fbdf4722,netgear-r6350.pdf,183,184,P5,1629,268,408,26,0,14,True,False,False,False
3,d363d52d-99b4-4258-9e83-eca4fbdf4722,netgear-r6350.pdf,184,185,P5,1509,251,378,20,0,10,True,False,False,False
3,d363d52d-99b4-4258-9e83-eca4fbdf4722,netgear-r6350.pdf,185,186,P5,1696,276,424,18,0,1,True,False,False,False
3,d363d52d-99b4-4258-9e83-eca4fbdf4722,netgear-r6350.pdf,186,187,P5,1666,270,417,17,0,1,True,False,False,False
3,d363d52d-99b4-4258-9e83-eca4fbdf4722,netgear-r6350.pdf,187,188,P5,2233,366,559,12,0,1,True,False,False,False
3,d363d52d-99b4-4258-9e83-eca4fbdf4722,netgear-r6350.pdf,188,189,P5,560,89,140,6,0,65,True,False,False,False
3,d363d52d-99b4-4258-9e83-eca4fbdf4722,netgear-r6350.pdf,189,190,P5,1778,304,445,18,0,1,True,False,False,False
3,d363d52d-99b4-4258-9e83-eca4fbdf4722,netgear-r6350.pdf,190,191,P5,1509,261,378,18,0,2,True,False,False,False
3,d363d52d-99b4-4258-9e83-eca4fbdf4722,netgear-r6350.pdf,191,192,P5,2173,387,544,17,0,1,True,False,False,False
3,d363d52d-99b4-4258-9e83-eca4fbdf4722,netgear-r6350.pdf,192,193,P5,2067,358,517,16,0,2,True,False,False,False
3,d363d52d-99b4-4258-9e83-eca4fbdf4722,netgear-r6350.pdf,193,194,P5,2265,399,567,17,0,10,True,False,False,False
3,d363d52d-99b4-4258-9e83-eca4fbdf4722,netgear-r6350.pdf,194,195,P5,2043,348,511,13,0,1,True,False,False,False
3,d363d52d-99b4-4258-9e83-eca4fbdf4722,netgear-r6350.pdf,195,196,P5,1624,293,406,20,0,1,True,False,False,False
3,d363d52d-99b4-4258-9e83-eca4fbdf4722,netgear-r6350.pdf,196,197,P5,2122,379,531,17,0,14,True,False,False,False
3,d363d52d-99b4-4258-9e83-eca4fbdf4722,netgear-r6350.pdf,197,198,P5,393,63,99,3,0,1,True,False,False,False
3,d363d52d-99b4-4258-9e83-eca4fbdf4722,netgear-r6350.pdf,198,199,P5,207,30,52,7,0,8,True,False,False,False
3,d363d52d-99b4-4258-9e83-eca4fbdf4722,netgear-r6350.pdf,199,200,P5,1194,175,299,27,0,44,True,False,True,False
3,d363d52d-99b4-4258-9e83-eca4fbdf4722,netgear-r6350.pdf,200,201,P5,1175,165,294,28,0,27,True,False,True,False
3,d363d52d-99b4-4258-9e83-eca4fbdf4722,netgear-r6350.pdf,201,202,P5,656,90,164,17,0,18,True,False,True,False
3,d363d52d-99b4-4258-9e83-eca4fbdf4722,netgear-r6350.pdf,202,203,P5,1405,215,352,21,0,19,True,False,True,False
3,d363d52d-99b4-4258-9e83-eca4fbdf4722,netgear-r6350.pdf,203,204,P5,502,74,126,14,0,7,True,False,True,False
4,8a56b2bf-5d68-4806-abb7-de39894bb404,netgear-r7000.pdf,0,1,P1,145,23,37,5,1,11,True,False,False,False
4,8a56b2bf-5d68-4806-abb7-de39894bb404,netgear-r7000.pdf,1,2,P1,699,93,175,6,0,3,True,False,False,False
4,8a56b2bf-5d68-4806-abb7-de39894bb404,netgear-r7000.pdf,2,3,P1,2773,181,694,12,0,1,True,False,False,False
4,8a56b2bf-5d68-4806-abb7-de39894bb404,netgear-r7000.pdf,3,4,P1,3330,238,833,12,0,1,True,False,False,False
4,8a56b2bf-5d68-4806-abb7-de39894bb404,netgear-r7000.pdf,4,5,P1,3713,235,929,12,0,1,True,False,False,False
4,8a56b2bf-5d68-4806-abb7-de39894bb404,netgear-r7000.pdf,5,6,P1,3018,283,755,14,0,1,True,False,False,False
4,8a56b2bf-5d68-4806-abb7-de39894bb404,netgear-r7000.pdf,6,7,P1,3039,257,760,16,0,1,True,False,False,False
4,8a56b2bf-5d68-4806-abb7-de39894bb404,netgear-r7000.pdf,7,8,P1,1629,99,408,7,0,1,True,False,False,False
4,8a56b2bf-5d68-4806-abb7-de39894bb404,netgear-r7000.pdf,8,9,P1,320,54,80,6,0,38,True,False,False,False
4,8a56b2bf-5d68-4806-abb7-de39894bb404,netgear-r7000.pdf,9,10,P1,199,31,50,5,3,291,True,False,False,True
4,8a56b2bf-5d68-4806-abb7-de39894bb404,netgear-r7000.pdf,10,11,P1,762,127,191,17,2,319,True,False,True,True
4,8a56b2bf-5d68-4806-abb7-de39894bb404,netgear-r7000.pdf,11,12,P1,1796,341,449,26,8,12,True,False,True,False
4,8a56b2bf-5d68-4806-abb7-de39894bb404,netgear-r7000.pdf,12,13,P1,803,146,201,10,2,7,True,False,True,False
4,8a56b2bf-5d68-4806-abb7-de39894bb404,netgear-r7000.pdf,13,14,P1,1071,188,268,12,0,198,True,False,False,True
4,8a56b2bf-5d68-4806-abb7-de39894bb404,netgear-r7000.pdf,14,15,P1,379,59,95,8,1,947,True,False,False,True
4,8a56b2bf-5d68-4806-abb7-de39894bb404,netgear-r7000.pdf,15,16,P1,1399,240,350,26,0,1,True,False,False,False
4,8a56b2bf-5d68-4806-abb7-de39894bb404,netgear-r7000.pdf,16,17,P1,881,157,221,12,2,398,True,False,False,True
4,8a56b2bf-5d68-4806-abb7-de39894bb404,netgear-r7000.pdf,17,18,P1,427,79,107,6,0,51,True,False,False,False
4,8a56b2bf-5d68-4806-abb7-de39894bb404,netgear-r7000.pdf,18,19,P1,1572,280,393,22,0,1,True,False,False,False
4,8a56b2bf-5d68-4806-abb7-de39894bb404,netgear-r7000.pdf,19,20,P1,2020,348,505,17,0,1,True,False,False,False
4,8a56b2bf-5d68-4806-abb7-de39894bb404,netgear-r7000.pdf,20,21,P1,2214,372,554,17,0,1,True,False,False,False
4,8a56b2bf-5d68-4806-abb7-de39894bb404,netgear-r7000.pdf,21,22,P1,1727,286,432,21,0,11,True,False,False,False
4,8a56b2bf-5d68-4806-abb7-de39894bb404,netgear-r7000.pdf,22,23,P1,989,171,248,15,0,1,True,False,False,False
4,8a56b2bf-5d68-4806-abb7-de39894bb404,netgear-r7000.pdf,23,24,P1,462,78,116,6,0,36,True,False,False,False
4,8a56b2bf-5d68-4806-abb7-de39894bb404,netgear-r7000.pdf,24,25,P1,1481,247,371,20,0,12,True,False,False,False
4,8a56b2bf-5d68-4806-abb7-de39894bb404,netgear-r7000.pdf,25,26,P1,1950,340,488,16,0,1,True,False,False,False
4,8a56b2bf-5d68-4806-abb7-de39894bb404,netgear-r7000.pdf,26,27,P1,1725,300,432,19,0,9,True,False,False,False
4,8a56b2bf-5d68-4806-abb7-de39894bb404,netgear-r7000.pdf,27,28,P1,1888,327,472,15,0,9,True,False,False,False
4,8a56b2bf-5d68-4806-abb7-de39894bb404,netgear-r7000.pdf,28,29,P1,1607,274,402,22,0,1,True,False,False,False
4,8a56b2bf-5d68-4806-abb7-de39894bb404,netgear-r7000.pdf,29,30,P1,1975,338,494,16,0,1,True,False,False,False
4,8a56b2bf-5d68-4806-abb7-de39894bb404,netgear-r7000.pdf,30,31,P1,1968,337,492,18,0,1,True,False,False,False
4,8a56b2bf-5d68-4806-abb7-de39894bb404,netgear-r7000.pdf,31,32,P1,1453,245,364,20,0,1,True,False,False,False
4,8a56b2bf-5d68-4806-abb7-de39894bb404,netgear-r7000.pdf,32,33,P1,1744,294,436,18,0,12,True,False,False,False
4,8a56b2bf-5d68-4806-abb7-de39894bb404,netgear-r7000.pdf,33,34,P1,1805,313,452,18,0,1,True,False,False,False
4,8a56b2bf-5d68-4806-abb7-de39894bb404,netgear-r7000.pdf,34,35,P1,1843,320,461,18,0,1,True,False,False,False
4,8a56b2bf-5d68-4806-abb7-de39894bb404,netgear-r7000.pdf,35,36,P1,2209,375,553,14,0,1,True,False,False,False
4,8a56b2bf-5d68-4806-abb7-de39894bb404,netgear-r7000.pdf,36,37,P1,1759,298,440,19,0,1,True,False,False,False
4,8a56b2bf-5d68-4806-abb7-de39894bb404,netgear-r7000.pdf,37,38,P1,2083,362,521,16,0,1,True,False,False,False
4,8a56b2bf-5d68-4806-abb7-de39894bb404,netgear-r7000.pdf,38,39,P2,2192,356,548,17,0,1,True,False,False,False
4,8a56b2bf-5d68-4806-abb7-de39894bb404,netgear-r7000.pdf,39,40,P2,1741,296,436,15,0,1,True,False,False,False
4,8a56b2bf-5d68-4806-abb7-de39894bb404,netgear-r7000.pdf,40,41,P2,1613,267,404,15,0,9,True,False,True,False
4,8a56b2bf-5d68-4806-abb7-de39894bb404,netgear-r7000.pdf,41,42,P2,832,145,208,16,0,7,True,False,True,False
4,8a56b2bf-5d68-4806-abb7-de39894bb404,netgear-r7000.pdf,42,43,P2,419,69,105,6,0,61,True,False,False,False
4,8a56b2bf-5d68-4806-abb7-de39894bb404,netgear-r7000.pdf,43,44,P2,1862,330,466,18,0,1,True,False,False,False
4,8a56b2bf-5d68-4806-abb7-de39894bb404,netgear-r7000.pdf,44,45,P2,1542,265,386,19,0,16,True,False,False,False
4,8a56b2bf-5d68-4806-abb7-de39894bb404,netgear-r7000.pdf,45,46,P2,330,57,83,5,0,1,True,False,False,False
4,8a56b2bf-5d68-4806-abb7-de39894bb404,netgear-r7000.pdf,46,47,P2,1816,314,454,21,0,15,True,False,False,False
4,8a56b2bf-5d68-4806-abb7-de39894bb404,netgear-r7000.pdf,47,48,P2,1473,254,369,18,0,10,True,False,False,False
4,8a56b2bf-5d68-4806-abb7-de39894bb404,netgear-r7000.pdf,48,49,P2,1435,242,359,22,0,1,True,False,False,False
4,8a56b2bf-5d68-4806-abb7-de39894bb404,netgear-r7000.pdf,49,50,P2,1395,245,349,19,0,1,True,False,False,False
4,8a56b2bf-5d68-4806-abb7-de39894bb404,netgear-r7000.pdf,50,51,P2,1841,321,461,19,0,1,True,False,False,False
4,8a56b2bf-5d68-4806-abb7-de39894bb404,netgear-r7000.pdf,51,52,P2,871,155,218,9,0,1,True,False,False,False
4,8a56b2bf-5d68-4806-abb7-de39894bb404,netgear-r7000.pdf,52,53,P2,255,37,64,5,0,44,True,False,False,False
4,8a56b2bf-5d68-4806-abb7-de39894bb404,netgear-r7000.pdf,53,54,P2,1541,253,386,21,0,23,True,False,False,False
4,8a56b2bf-5d68-4806-abb7-de39894bb404,netgear-r7000.pdf,54,55,P2,1223,220,306,19,0,14,True,False,False,False
4,8a56b2bf-5d68-4806-abb7-de39894bb404,netgear-r7000.pdf,55,56,P2,1537,277,385,20,0,1,True,False,False,False
4,8a56b2bf-5d68-4806-abb7-de39894bb404,netgear-r7000.pdf,56,57,P2,1523,275,381,22,0,1,True,False,False,False
4,8a56b2bf-5d68-4806-abb7-de39894bb404,netgear-r7000.pdf,57,58,P2,1253,218,314,21,0,1,True,False,False,False
4,8a56b2bf-5d68-4806-abb7-de39894bb404,netgear-r7000.pdf,58,59,P2,1292,212,323,22,0,1,True,False,False,False
4,8a56b2bf-5d68-4806-abb7-de39894bb404,netgear-r7000.pdf,59,60,P2,1320,220,330,16,0,1,True,False,False,False
4,8a56b2bf-5d68-4806-abb7-de39894bb404,netgear-r7000.pdf,60,61,P2,1991,316,498,15,0,1,True,False,False,False
4,8a56b2bf-5d68-4806-abb7-de39894bb404,netgear-r7000.pdf,61,62,P2,1964,325,491,18,0,1,True,False,False,False
4,8a56b2bf-5d68-4806-abb7-de39894bb404,netgear-r7000.pdf,62,63,P2,1281,223,321,15,0,1,True,False,False,False
4,8a56b2bf-5d68-4806-abb7-de39894bb404,netgear-r7000.pdf,63,64,P2,1010,190,253,6,0,228,True,False,False,False
4,8a56b2bf-5d68-4806-abb7-de39894bb404,netgear-r7000.pdf,64,65,P2,2267,378,567,18,0,1,True,False,False,False
4,8a56b2bf-5d68-4806-abb7-de39894bb404,netgear-r7000.pdf,65,66,P2,2010,339,503,15,0,1,True,False,False,False
4,8a56b2bf-5d68-4806-abb7-de39894bb404,netgear-r7000.pdf,66,67,P2,1214,211,304,20,0,1,True,False,False,False
4,8a56b2bf-5d68-4806-abb7-de39894bb404,netgear-r7000.pdf,67,68,P2,1835,310,459,21,0,1,True,False,False,False
4,8a56b2bf-5d68-4806-abb7-de39894bb404,netgear-r7000.pdf,68,69,P2,1634,275,409,17,0,1,True,False,False,False
4,8a56b2bf-5d68-4806-abb7-de39894bb404,netgear-r7000.pdf,69,70,P2,1591,285,398,23,0,1,True,False,False,False
4,8a56b2bf-5d68-4806-abb7-de39894bb404,netgear-r7000.pdf,70,71,P2,1575,275,394,20,0,1,True,False,False,False
4,8a56b2bf-5d68-4806-abb7-de39894bb404,netgear-r7000.pdf,71,72,P2,1368,232,342,21,0,1,True,False,False,False
4,8a56b2bf-5d68-4806-abb7-de39894bb404,netgear-r7000.pdf,72,73,P2,1409,249,353,20,0,1,True,False,False,False
4,8a56b2bf-5d68-4806-abb7-de39894bb404,netgear-r7000.pdf,73,74,P2,1730,291,433,18,0,1,True,False,False,False
4,8a56b2bf-5d68-4806-abb7-de39894bb404,netgear-r7000.pdf,74,75,P2,1993,339,499,12,0,1,True,False,False,False
4,8a56b2bf-5d68-4806-abb7-de39894bb404,netgear-r7000.pdf,75,76,P3,2100,366,525,17,0,1,True,False,False,False
4,8a56b2bf-5d68-4806-abb7-de39894bb404,netgear-r7000.pdf,76,77,P3,1499,264,375,17,0,1,True,False,False,False
4,8a56b2bf-5d68-4806-abb7-de39894bb404,netgear-r7000.pdf,77,78,P3,2122,363,531,13,0,1,True,False,False,False
4,8a56b2bf-5d68-4806-abb7-de39894bb404,netgear-r7000.pdf,78,79,P3,2253,405,564,17,0,1,True,False,False,False
4,8a56b2bf-5d68-4806-abb7-de39894bb404,netgear-r7000.pdf,79,80,P3,2161,397,541,12,0,1,True,False,False,False
4,8a56b2bf-5d68-4806-abb7-de39894bb404,netgear-r7000.pdf,80,81,P3,1630,301,408,21,0,1,True,False,False,False
4,8a56b2bf-5d68-4806-abb7-de39894bb404,netgear-r7000.pdf,81,82,P3,1337,226,335,20,0,1,True,False,False,False
4,8a56b2bf-5d68-4806-abb7-de39894bb404,netgear-r7000.pdf,82,83,P3,1739,301,435,18,0,1,True,False,False,False
4,8a56b2bf-5d68-4806-abb7-de39894bb404,netgear-r7000.pdf,83,84,P3,1791,312,448,18,0,1,True,False,False,False
4,8a56b2bf-5d68-4806-abb7-de39894bb404,netgear-r7000.pdf,84,85,P3,1828,317,457,21,0,1,True,False,False,False
4,8a56b2bf-5d68-4806-abb7-de39894bb404,netgear-r7000.pdf,85,86,P3,1651,288,413,17,0,1,True,False,False,False
4,8a56b2bf-5d68-4806-abb7-de39894bb404,netgear-r7000.pdf,86,87,P3,1720,294,430,12,0,1,True,False,False,False
4,8a56b2bf-5d68-4806-abb7-de39894bb404,netgear-r7000.pdf,87,88,P3,1743,308,436,18,0,1,True,False,False,False
4,8a56b2bf-5d68-4806-abb7-de39894bb404,netgear-r7000.pdf,88,89,P3,1200,208,300,20,0,7,True,False,False,False
4,8a56b2bf-5d68-4806-abb7-de39894bb404,netgear-r7000.pdf,89,90,P3,1973,345,494,22,0,7,True,False,False,False
4,8a56b2bf-5d68-4806-abb7-de39894bb404,netgear-r7000.pdf,90,91,P3,1739,309,435,21,0,1,True,False,False,False
4,8a56b2bf-5d68-4806-abb7-de39894bb404,netgear-r7000.pdf,91,92,P3,1269,227,318,17,0,1,True,False,False,False
4,8a56b2bf-5d68-4806-abb7-de39894bb404,netgear-r7000.pdf,92,93,P3,727,125,182,12,0,1,True,False,False,False
4,8a56b2bf-5d68-4806-abb7-de39894bb404,netgear-r7000.pdf,93,94,P3,795,133,199,6,0,165,True,False,False,False
4,8a56b2bf-5d68-4806-abb7-de39894bb404,netgear-r7000.pdf,94,95,P3,1651,289,413,17,0,1,True,False,False,False
4,8a56b2bf-5d68-4806-abb7-de39894bb404,netgear-r7000.pdf,95,96,P3,1714,289,429,18,0,6,True,False,False,False
4,8a56b2bf-5d68-4806-abb7-de39894bb404,netgear-r7000.pdf,96,97,P3,1550,267,388,17,0,1,True,False,False,False
4,8a56b2bf-5d68-4806-abb7-de39894bb404,netgear-r7000.pdf,97,98,P3,1349,224,338,21,0,1,True,False,False,False
4,8a56b2bf-5d68-4806-abb7-de39894bb404,netgear-r7000.pdf,98,99,P3,1629,270,408,19,0,1,True,False,False,False
4,8a56b2bf-5d68-4806-abb7-de39894bb404,netgear-r7000.pdf,99,100,P3,1552,262,388,21,0,1,True,False,False,False
4,8a56b2bf-5d68-4806-abb7-de39894bb404,netgear-r7000.pdf,100,101,P3,1682,287,421,22,0,1,True,False,False,False
4,8a56b2bf-5d68-4806-abb7-de39894bb404,netgear-r7000.pdf,101,102,P3,1756,312,439,21,0,12,True,False,False,False
4,8a56b2bf-5d68-4806-abb7-de39894bb404,netgear-r7000.pdf,102,103,P3,1531,258,383,18,0,1,True,False,False,False
4,8a56b2bf-5d68-4806-abb7-de39894bb404,netgear-r7000.pdf,103,104,P3,1913,327,479,20,0,1,True,False,False,False
4,8a56b2bf-5d68-4806-abb7-de39894bb404,netgear-r7000.pdf,104,105,P3,1438,240,360,20,0,1,True,False,False,False
4,8a56b2bf-5d68-4806-abb7-de39894bb404,netgear-r7000.pdf,105,106,P3,1554,259,389,19,0,1,True,False,False,False
4,8a56b2bf-5d68-4806-abb7-de39894bb404,netgear-r7000.pdf,106,107,P3,1707,293,427,18,0,8,True,False,False,False
4,8a56b2bf-5d68-4806-abb7-de39894bb404,netgear-r7000.pdf,107,108,P3,1391,235,348,12,0,16,True,False,False,False
4,8a56b2bf-5d68-4806-abb7-de39894bb404,netgear-r7000.pdf,108,109,P3,1523,265,381,20,0,1,True,False,False,False
4,8a56b2bf-5d68-4806-abb7-de39894bb404,netgear-r7000.pdf,109,110,P3,1297,223,325,19,0,1,True,False,False,False
4,8a56b2bf-5d68-4806-abb7-de39894bb404,netgear-r7000.pdf,110,111,P3,1848,322,462,16,0,1,True,False,False,False
4,8a56b2bf-5d68-4806-abb7-de39894bb404,netgear-r7000.pdf,111,112,P3,972,163,243,11,0,1,True,False,False,False
4,8a56b2bf-5d68-4806-abb7-de39894bb404,netgear-r7000.pdf,112,113,P4,1238,215,310,8,0,194,True,False,False,False
4,8a56b2bf-5d68-4806-abb7-de39894bb404,netgear-r7000.pdf,113,114,P4,1445,241,362,21,0,2,True,False,False,False
4,8a56b2bf-5d68-4806-abb7-de39894bb404,netgear-r7000.pdf,114,115,P4,1559,283,390,18,0,1,True,False,False,False
4,8a56b2bf-5d68-4806-abb7-de39894bb404,netgear-r7000.pdf,115,116,P4,1786,323,447,18,0,14,True,False,False,False
4,8a56b2bf-5d68-4806-abb7-de39894bb404,netgear-r7000.pdf,116,117,P4,1520,264,380,19,0,2,True,False,False,False
4,8a56b2bf-5d68-4806-abb7-de39894bb404,netgear-r7000.pdf,117,118,P4,1614,294,404,18,0,1,True,False,False,False
4,8a56b2bf-5d68-4806-abb7-de39894bb404,netgear-r7000.pdf,118,119,P4,1371,250,343,26,0,1,True,False,False,False
4,8a56b2bf-5d68-4806-abb7-de39894bb404,netgear-r7000.pdf,119,120,P4,1860,340,465,19,0,34,True,False,False,False
4,8a56b2bf-5d68-4806-abb7-de39894bb404,netgear-r7000.pdf,120,121,P4,1422,239,356,21,0,1,True,False,False,False
4,8a56b2bf-5d68-4806-abb7-de39894bb404,netgear-r7000.pdf,121,122,P4,1649,290,413,18,0,1,True,False,False,False
4,8a56b2bf-5d68-4806-abb7-de39894bb404,netgear-r7000.pdf,122,123,P4,1473,264,369,15,0,1,True,False,False,False
4,8a56b2bf-5d68-4806-abb7-de39894bb404,netgear-r7000.pdf,123,124,P4,1583,278,396,19,0,1,True,False,False,False
4,8a56b2bf-5d68-4806-abb7-de39894bb404,netgear-r7000.pdf,124,125,P4,1438,230,360,21,0,1,True,False,False,False
4,8a56b2bf-5d68-4806-abb7-de39894bb404,netgear-r7000.pdf,125,126,P4,1515,241,379,19,0,1,True,False,False,False
4,8a56b2bf-5d68-4806-abb7-de39894bb404,netgear-r7000.pdf,126,127,P4,1488,243,372,22,0,1,True,False,False,False
4,8a56b2bf-5d68-4806-abb7-de39894bb404,netgear-r7000.pdf,127,128,P4,238,38,60,4,0,1,True,False,False,False
4,8a56b2bf-5d68-4806-abb7-de39894bb404,netgear-r7000.pdf,128,129,P4,439,77,110,6,0,59,True,False,False,False
4,8a56b2bf-5d68-4806-abb7-de39894bb404,netgear-r7000.pdf,129,130,P4,1876,322,469,17,0,1,True,False,False,False
4,8a56b2bf-5d68-4806-abb7-de39894bb404,netgear-r7000.pdf,130,131,P4,1666,301,417,18,0,26,True,False,False,False
4,8a56b2bf-5d68-4806-abb7-de39894bb404,netgear-r7000.pdf,131,132,P4,1728,297,432,22,0,14,True,False,False,False
4,8a56b2bf-5d68-4806-abb7-de39894bb404,netgear-r7000.pdf,132,133,P4,1529,267,383,21,0,1,True,False,False,False
4,8a56b2bf-5d68-4806-abb7-de39894bb404,netgear-r7000.pdf,133,134,P4,726,122,182,11,0,1,True,False,False,False
4,8a56b2bf-5d68-4806-abb7-de39894bb404,netgear-r7000.pdf,134,135,P4,1579,265,395,18,0,14,True,False,False,False
4,8a56b2bf-5d68-4806-abb7-de39894bb404,netgear-r7000.pdf,135,136,P4,1895,322,474,19,0,8,True,False,False,False
4,8a56b2bf-5d68-4806-abb7-de39894bb404,netgear-r7000.pdf,136,137,P4,422,68,106,4,0,2,True,False,False,False
4,8a56b2bf-5d68-4806-abb7-de39894bb404,netgear-r7000.pdf,137,138,P4,244,45,61,5,0,50,True,False,False,False
4,8a56b2bf-5d68-4806-abb7-de39894bb404,netgear-r7000.pdf,138,139,P4,1866,322,467,18,0,30,True,False,False,False
4,8a56b2bf-5d68-4806-abb7-de39894bb404,netgear-r7000.pdf,139,140,P4,1800,327,450,16,0,1,True,False,False,False
4,8a56b2bf-5d68-4806-abb7-de39894bb404,netgear-r7000.pdf,140,141,P4,1772,323,443,21,1,1,True,False,False,False
4,8a56b2bf-5d68-4806-abb7-de39894bb404,netgear-r7000.pdf,141,142,P4,1579,288,395,24,1,1,True,False,False,False
4,8a56b2bf-5d68-4806-abb7-de39894bb404,netgear-r7000.pdf,142,143,P4,1621,284,406,22,0,1,True,False,False,False
4,8a56b2bf-5d68-4806-abb7-de39894bb404,netgear-r7000.pdf,143,144,P4,321,57,81,6,0,1,True,False,False,False
4,8a56b2bf-5d68-4806-abb7-de39894bb404,netgear-r7000.pdf,144,145,P4,634,100,159,7,0,49,True,False,False,False
4,8a56b2bf-5d68-4806-abb7-de39894bb404,netgear-r7000.pdf,145,146,P4,1850,281,463,20,0,3,True,False,False,False
4,8a56b2bf-5d68-4806-abb7-de39894bb404,netgear-r7000.pdf,146,147,P4,1762,299,441,16,1,1,True,False,False,False
4,8a56b2bf-5d68-4806-abb7-de39894bb404,netgear-r7000.pdf,147,148,P4,320,57,80,4,0,1,True,False,False,False
4,8a56b2bf-5d68-4806-abb7-de39894bb404,netgear-r7000.pdf,148,149,P4,476,87,119,6,0,78,True,False,False,False
4,8a56b2bf-5d68-4806-abb7-de39894bb404,netgear-r7000.pdf,149,150,P5,1831,324,458,18,0,1,True,False,False,False
4,8a56b2bf-5d68-4806-abb7-de39894bb404,netgear-r7000.pdf,150,151,P5,1696,286,424,20,0,13,True,False,False,False
4,8a56b2bf-5d68-4806-abb7-de39894bb404,netgear-r7000.pdf,151,152,P5,455,73,114,7,2,1,True,False,False,False
4,8a56b2bf-5d68-4806-abb7-de39894bb404,netgear-r7000.pdf,152,153,P5,952,156,238,12,2,1,True,False,False,False
4,8a56b2bf-5d68-4806-abb7-de39894bb404,netgear-r7000.pdf,153,154,P5,1881,286,471,22,0,15,True,False,False,False
4,8a56b2bf-5d68-4806-abb7-de39894bb404,netgear-r7000.pdf,154,155,P5,1619,276,405,19,0,13,True,False,False,False
4,8a56b2bf-5d68-4806-abb7-de39894bb404,netgear-r7000.pdf,155,156,P5,1776,306,444,19,0,13,True,False,False,False
4,8a56b2bf-5d68-4806-abb7-de39894bb404,netgear-r7000.pdf,156,157,P5,1163,192,291,12,2,10,True,False,False,False
4,8a56b2bf-5d68-4806-abb7-de39894bb404,netgear-r7000.pdf,157,158,P5,1586,275,397,13,0,1,True,False,False,False
4,8a56b2bf-5d68-4806-abb7-de39894bb404,netgear-r7000.pdf,158,159,P5,1898,327,475,19,0,1,True,False,False,False
4,8a56b2bf-5d68-4806-abb7-de39894bb404,netgear-r7000.pdf,159,160,P5,1666,287,417,21,0,18,True,False,False,False
4,8a56b2bf-5d68-4806-abb7-de39894bb404,netgear-r7000.pdf,160,161,P5,167,27,42,3,0,1,True,False,False,False
4,8a56b2bf-5d68-4806-abb7-de39894bb404,netgear-r7000.pdf,161,162,P5,299,49,75,6,0,18,True,False,False,False
4,8a56b2bf-5d68-4806-abb7-de39894bb404,netgear-r7000.pdf,162,163,P5,1905,325,477,19,0,21,True,False,False,False
4,8a56b2bf-5d68-4806-abb7-de39894bb404,netgear-r7000.pdf,163,164,P5,1714,291,429,21,0,1,True,False,False,False
4,8a56b2bf-5d68-4806-abb7-de39894bb404,netgear-r7000.pdf,164,165,P5,1416,239,354,18,0,1,True,False,False,False
4,8a56b2bf-5d68-4806-abb7-de39894bb404,netgear-r7000.pdf,165,166,P5,1844,315,461,19,0,1,True,False,False,False
4,8a56b2bf-5d68-4806-abb7-de39894bb404,netgear-r7000.pdf,166,167,P5,1959,324,490,17,0,1,True,False,False,False
4,8a56b2bf-5d68-4806-abb7-de39894bb404,netgear-r7000.pdf,167,168,P5,1765,290,442,21,0,6,True,False,False,False
4,8a56b2bf-5d68-4806-abb7-de39894bb404,netgear-r7000.pdf,168,169,P5,1727,280,432,17,0,1,True,False,False,False
4,8a56b2bf-5d68-4806-abb7-de39894bb404,netgear-r7000.pdf,169,170,P5,2237,366,560,11,0,1,True,False,False,False
4,8a56b2bf-5d68-4806-abb7-de39894bb404,netgear-r7000.pdf,170,171,P5,567,89,142,6,0,65,True,False,False,False
4,8a56b2bf-5d68-4806-abb7-de39894bb404,netgear-r7000.pdf,171,172,P5,1658,284,415,18,0,1,True,False,False,False
4,8a56b2bf-5d68-4806-abb7-de39894bb404,netgear-r7000.pdf,172,173,P5,1657,295,415,22,0,2,True,False,False,False
4,8a56b2bf-5d68-4806-abb7-de39894bb404,netgear-r7000.pdf,173,174,P5,2012,354,503,17,0,2,True,False,False,False
4,8a56b2bf-5d68-4806-abb7-de39894bb404,netgear-r7000.pdf,174,175,P5,2037,356,510,19,0,10,True,False,False,False
4,8a56b2bf-5d68-4806-abb7-de39894bb404,netgear-r7000.pdf,175,176,P5,2754,480,689,17,0,1,True,False,False,False
4,8a56b2bf-5d68-4806-abb7-de39894bb404,netgear-r7000.pdf,176,177,P5,2229,388,558,14,0,1,True,False,False,False
4,8a56b2bf-5d68-4806-abb7-de39894bb404,netgear-r7000.pdf,177,178,P5,1449,256,363,20,0,1,True,False,False,False
4,8a56b2bf-5d68-4806-abb7-de39894bb404,netgear-r7000.pdf,178,179,P5,2297,406,575,19,0,14,True,False,False,False
4,8a56b2bf-5d68-4806-abb7-de39894bb404,netgear-r7000.pdf,179,180,P5,238,38,60,3,0,1,True,False,False,False
4,8a56b2bf-5d68-4806-abb7-de39894bb404,netgear-r7000.pdf,180,181,P5,184,24,46,6,0,8,True,False,False,False
4,8a56b2bf-5d68-4806-abb7-de39894bb404,netgear-r7000.pdf,181,182,P5,1160,170,290,26,0,43,True,False,True,False
4,8a56b2bf-5d68-4806-abb7-de39894bb404,netgear-r7000.pdf,182,183,P5,1226,179,307,27,0,26,True,False,True,False
4,8a56b2bf-5d68-4806-abb7-de39894bb404,netgear-r7000.pdf,183,184,P5,709,97,178,21,0,20,True,False,True,False
4,8a56b2bf-5d68-4806-abb7-de39894bb404,netgear-r7000.pdf,184,185,P5,1506,228,377,21,0,18,True,False,True,False
4,8a56b2bf-5d68-4806-abb7-de39894bb404,netgear-r7000.pdf,185,186,P5,523,77,131,14,0,7,True,False,True,False
5,d69381d0-06ed-49bf-9fe1-6050d9374432,netgear-rax120.pdf,0,1,P1,151,24,38,5,1,11,True,False,False,False
5,d69381d0-06ed-49bf-9fe1-6050d9374432,netgear-rax120.pdf,1,2,P1,1634,223,409,13,0,8,True,False,False,False
5,d69381d0-06ed-49bf-9fe1-6050d9374432,netgear-rax120.pdf,2,3,P1,2766,194,692,13,0,1,True,False,False,False
5,d69381d0-06ed-49bf-9fe1-6050d9374432,netgear-rax120.pdf,3,4,P1,3342,242,836,13,0,1,True,False,False,False
5,d69381d0-06ed-49bf-9fe1-6050d9374432,netgear-rax120.pdf,4,5,P1,3664,257,916,11,0,1,True,False,False,False
5,d69381d0-06ed-49bf-9fe1-6050d9374432,netgear-rax120.pdf,5,6,P1,3163,266,791,12,0,1,True,False,False,False
5,d69381d0-06ed-49bf-9fe1-6050d9374432,netgear-rax120.pdf,6,7,P1,3266,251,817,14,0,1,True,False,False,False
5,d69381d0-06ed-49bf-9fe1-6050d9374432,netgear-rax120.pdf,7,8,P1,862,50,216,6,0,1,True,False,False,False
5,d69381d0-06ed-49bf-9fe1-6050d9374432,netgear-rax120.pdf,8,9,P1,374,66,94,6,0,59,True,False,False,False
5,d69381d0-06ed-49bf-9fe1-6050d9374432,netgear-rax120.pdf,9,10,P1,195,30,49,5,4,4796,True,False,False,True
5,d69381d0-06ed-49bf-9fe1-6050d9374432,netgear-rax120.pdf,10,11,P1,619,105,155,11,2,9911,True,False,True,True
5,d69381d0-06ed-49bf-9fe1-6050d9374432,netgear-rax120.pdf,11,12,P1,2056,372,514,16,9,13,True,False,True,False
5,d69381d0-06ed-49bf-9fe1-6050d9374432,netgear-rax120.pdf,12,13,P1,897,161,225,12,3,154,True,False,True,True
5,d69381d0-06ed-49bf-9fe1-6050d9374432,netgear-rax120.pdf,13,14,P1,2676,461,669,13,0,51,True,False,False,False
5,d69381d0-06ed-49bf-9fe1-6050d9374432,netgear-rax120.pdf,14,15,P1,640,99,160,11,2,17810,True,False,False,True
5,d69381d0-06ed-49bf-9fe1-6050d9374432,netgear-rax120.pdf,15,16,P1,1267,220,317,24,0,1,True,False,False,False
5,d69381d0-06ed-49bf-9fe1-6050d9374432,netgear-rax120.pdf,16,17,P1,746,135,187,11,2,9115,True,False,False,True
5,d69381d0-06ed-49bf-9fe1-6050d9374432,netgear-rax120.pdf,17,18,P1,577,115,145,7,1,161,True,False,False,False
5,d69381d0-06ed-49bf-9fe1-6050d9374432,netgear-rax120.pdf,18,19,P1,434,80,109,6,0,53,True,False,False,False
5,d69381d0-06ed-49bf-9fe1-6050d9374432,netgear-rax120.pdf,19,20,P1,1668,288,417,21,0,1,True,False,False,False
5,d69381d0-06ed-49bf-9fe1-6050d9374432,netgear-rax120.pdf,20,21,P1,1995,355,499,18,0,1,True,False,False,False
5,d69381d0-06ed-49bf-9fe1-6050d9374432,netgear-rax120.pdf,21,22,P1,2212,369,553,18,0,1,True,False,False,False
5,d69381d0-06ed-49bf-9fe1-6050d9374432,netgear-rax120.pdf,22,23,P1,1848,307,462,20,0,10,True,False,False,False
5,d69381d0-06ed-49bf-9fe1-6050d9374432,netgear-rax120.pdf,23,24,P1,1730,299,433,20,0,2,True,False,False,False
5,d69381d0-06ed-49bf-9fe1-6050d9374432,netgear-rax120.pdf,24,25,P1,522,84,131,6,0,45,True,False,False,False
5,d69381d0-06ed-49bf-9fe1-6050d9374432,netgear-rax120.pdf,25,26,P1,1477,246,370,18,0,12,True,False,False,False
5,d69381d0-06ed-49bf-9fe1-6050d9374432,netgear-rax120.pdf,26,27,P1,2161,372,541,16,0,24,True,False,False,False
5,d69381d0-06ed-49bf-9fe1-6050d9374432,netgear-rax120.pdf,27,28,P1,1769,307,443,17,0,32,True,False,False,False
5,d69381d0-06ed-49bf-9fe1-6050d9374432,netgear-rax120.pdf,28,29,P1,2065,365,517,15,0,1,True,False,False,False
5,d69381d0-06ed-49bf-9fe1-6050d9374432,netgear-rax120.pdf,29,30,P1,2136,377,534,15,0,48,True,False,False,False
5,d69381d0-06ed-49bf-9fe1-6050d9374432,netgear-rax120.pdf,30,31,P1,1788,301,447,20,0,15,True,False,False,False
5,d69381d0-06ed-49bf-9fe1-6050d9374432,netgear-rax120.pdf,31,32,P1,1646,280,412,24,0,1,True,False,False,False
5,d69381d0-06ed-49bf-9fe1-6050d9374432,netgear-rax120.pdf,32,33,P1,1621,279,406,21,0,1,True,False,False,False
5,d69381d0-06ed-49bf-9fe1-6050d9374432,netgear-rax120.pdf,33,34,P1,1953,334,489,16,0,1,True,False,False,False
5,d69381d0-06ed-49bf-9fe1-6050d9374432,netgear-rax120.pdf,34,35,P1,1973,336,494,16,0,1,True,False,False,False
5,d69381d0-06ed-49bf-9fe1-6050d9374432,netgear-rax120.pdf,35,36,P2,1602,272,401,18,0,1,True,False,False,False
5,d69381d0-06ed-49bf-9fe1-6050d9374432,netgear-rax120.pdf,36,37,P2,1719,289,430,19,0,12,True,False,False,False
5,d69381d0-06ed-49bf-9fe1-6050d9374432,netgear-rax120.pdf,37,38,P2,1752,300,438,18,0,1,True,False,False,False
5,d69381d0-06ed-49bf-9fe1-6050d9374432,netgear-rax120.pdf,38,39,P2,2084,363,521,15,0,1,True,False,False,False
5,d69381d0-06ed-49bf-9fe1-6050d9374432,netgear-rax120.pdf,39,40,P2,2000,346,500,16,0,1,True,False,False,False
5,d69381d0-06ed-49bf-9fe1-6050d9374432,netgear-rax120.pdf,40,41,P2,1942,323,486,17,0,1,True,False,False,False
5,d69381d0-06ed-49bf-9fe1-6050d9374432,netgear-rax120.pdf,41,42,P2,2192,382,548,13,0,1,True,False,False,False
5,d69381d0-06ed-49bf-9fe1-6050d9374432,netgear-rax120.pdf,42,43,P2,2119,349,530,16,0,1,True,False,False,False
5,d69381d0-06ed-49bf-9fe1-6050d9374432,netgear-rax120.pdf,43,44,P2,2064,345,516,16,0,1,True,False,False,False
5,d69381d0-06ed-49bf-9fe1-6050d9374432,netgear-rax120.pdf,44,45,P2,1966,326,492,16,0,1,True,False,False,False
5,d69381d0-06ed-49bf-9fe1-6050d9374432,netgear-rax120.pdf,45,46,P2,1407,243,352,20,0,11,True,False,True,False
5,d69381d0-06ed-49bf-9fe1-6050d9374432,netgear-rax120.pdf,46,47,P2,487,80,122,6,0,77,True,False,False,False
5,d69381d0-06ed-49bf-9fe1-6050d9374432,netgear-rax120.pdf,47,48,P2,2088,357,522,15,0,1,True,False,False,False
5,d69381d0-06ed-49bf-9fe1-6050d9374432,netgear-rax120.pdf,48,49,P2,2308,408,577,14,0,1,True,False,False,False
5,d69381d0-06ed-49bf-9fe1-6050d9374432,netgear-rax120.pdf,49,50,P2,1967,338,492,16,0,31,True,False,False,False
5,d69381d0-06ed-49bf-9fe1-6050d9374432,netgear-rax120.pdf,50,51,P2,1718,309,430,24,0,1,True,False,False,False
5,d69381d0-06ed-49bf-9fe1-6050d9374432,netgear-rax120.pdf,51,52,P2,1642,286,411,20,0,1,True,False,False,False
5,d69381d0-06ed-49bf-9fe1-6050d9374432,netgear-rax120.pdf,52,53,P2,1577,292,395,28,0,1,True,False,False,False
5,d69381d0-06ed-49bf-9fe1-6050d9374432,netgear-rax120.pdf,53,54,P2,1598,276,400,18,0,16,True,False,False,False
5,d69381d0-06ed-49bf-9fe1-6050d9374432,netgear-rax120.pdf,54,55,P2,1592,275,398,18,0,15,True,False,False,False
5,d69381d0-06ed-49bf-9fe1-6050d9374432,netgear-rax120.pdf,55,56,P2,1613,279,404,19,0,1,True,False,False,False
5,d69381d0-06ed-49bf-9fe1-6050d9374432,netgear-rax120.pdf,56,57,P2,1383,239,346,17,0,10,True,False,False,False
5,d69381d0-06ed-49bf-9fe1-6050d9374432,netgear-rax120.pdf,57,58,P2,1592,274,398,19,0,1,True,False,False,False
5,d69381d0-06ed-49bf-9fe1-6050d9374432,netgear-rax120.pdf,58,59,P2,1940,346,485,17,0,1,True,False,False,False
5,d69381d0-06ed-49bf-9fe1-6050d9374432,netgear-rax120.pdf,59,60,P2,528,80,132,6,0,55,True,False,False,False
5,d69381d0-06ed-49bf-9fe1-6050d9374432,netgear-rax120.pdf,60,61,P2,1702,275,426,17,0,1,True,False,False,False
5,d69381d0-06ed-49bf-9fe1-6050d9374432,netgear-rax120.pdf,61,62,P2,1335,235,334,21,0,1,True,False,False,False
5,d69381d0-06ed-49bf-9fe1-6050d9374432,netgear-rax120.pdf,62,63,P2,1273,226,319,21,0,1,True,False,False,False
5,d69381d0-06ed-49bf-9fe1-6050d9374432,netgear-rax120.pdf,63,64,P2,1238,211,310,18,0,1,True,False,False,False
5,d69381d0-06ed-49bf-9fe1-6050d9374432,netgear-rax120.pdf,64,65,P2,2171,360,543,13,0,1,True,False,False,False
5,d69381d0-06ed-49bf-9fe1-6050d9374432,netgear-rax120.pdf,65,66,P2,1748,289,437,17,0,1,True,False,False,False
5,d69381d0-06ed-49bf-9fe1-6050d9374432,netgear-rax120.pdf,66,67,P2,1539,254,385,18,0,1,True,False,False,False
5,d69381d0-06ed-49bf-9fe1-6050d9374432,netgear-rax120.pdf,67,68,P2,569,99,143,8,0,1,True,False,False,False
5,d69381d0-06ed-49bf-9fe1-6050d9374432,netgear-rax120.pdf,68,69,P2,1040,195,260,6,0,252,True,False,False,False
5,d69381d0-06ed-49bf-9fe1-6050d9374432,netgear-rax120.pdf,69,70,P2,2289,383,573,17,0,1,True,False,False,False
5,d69381d0-06ed-49bf-9fe1-6050d9374432,netgear-rax120.pdf,70,71,P3,1984,333,496,14,0,1,True,False,False,False
5,d69381d0-06ed-49bf-9fe1-6050d9374432,netgear-rax120.pdf,71,72,P3,1210,210,303,19,0,1,True,False,False,False
5,d69381d0-06ed-49bf-9fe1-6050d9374432,netgear-rax120.pdf,72,73,P3,1831,309,458,20,0,1,True,False,False,False
5,d69381d0-06ed-49bf-9fe1-6050d9374432,netgear-rax120.pdf,73,74,P3,1630,274,408,16,0,1,True,False,False,False
5,d69381d0-06ed-49bf-9fe1-6050d9374432,netgear-rax120.pdf,74,75,P3,1606,287,402,22,0,1,True,False,False,False
5,d69381d0-06ed-49bf-9fe1-6050d9374432,netgear-rax120.pdf,75,76,P3,1610,279,403,19,0,1,True,False,False,False
5,d69381d0-06ed-49bf-9fe1-6050d9374432,netgear-rax120.pdf,76,77,P3,1364,231,341,20,0,1,True,False,False,False
5,d69381d0-06ed-49bf-9fe1-6050d9374432,netgear-rax120.pdf,77,78,P3,1423,250,356,19,0,1,True,False,False,False
5,d69381d0-06ed-49bf-9fe1-6050d9374432,netgear-rax120.pdf,78,79,P3,1898,320,475,17,0,1,True,False,False,False
5,d69381d0-06ed-49bf-9fe1-6050d9374432,netgear-rax120.pdf,79,80,P3,1997,344,500,12,0,1,True,False,False,False
5,d69381d0-06ed-49bf-9fe1-6050d9374432,netgear-rax120.pdf,80,81,P3,2190,368,548,15,0,1,True,False,False,False
5,d69381d0-06ed-49bf-9fe1-6050d9374432,netgear-rax120.pdf,81,82,P3,1762,302,441,17,0,1,True,False,False,False
5,d69381d0-06ed-49bf-9fe1-6050d9374432,netgear-rax120.pdf,82,83,P3,1629,277,408,16,0,1,True,False,False,False
5,d69381d0-06ed-49bf-9fe1-6050d9374432,netgear-rax120.pdf,83,84,P3,2142,376,536,18,0,1,True,False,False,False
5,d69381d0-06ed-49bf-9fe1-6050d9374432,netgear-rax120.pdf,84,85,P3,2257,390,565,13,0,1,True,False,False,False
5,d69381d0-06ed-49bf-9fe1-6050d9374432,netgear-rax120.pdf,85,86,P3,1993,372,499,17,0,1,True,False,False,False
5,d69381d0-06ed-49bf-9fe1-6050d9374432,netgear-rax120.pdf,86,87,P3,1547,275,387,19,0,1,True,False,False,False
5,d69381d0-06ed-49bf-9fe1-6050d9374432,netgear-rax120.pdf,87,88,P3,1502,270,376,17,0,1,True,False,False,False
5,d69381d0-06ed-49bf-9fe1-6050d9374432,netgear-rax120.pdf,88,89,P3,1939,338,485,18,0,1,True,False,False,False
5,d69381d0-06ed-49bf-9fe1-6050d9374432,netgear-rax120.pdf,89,90,P3,1507,257,377,22,0,1,True,False,False,False
5,d69381d0-06ed-49bf-9fe1-6050d9374432,netgear-rax120.pdf,90,91,P3,1507,263,377,14,0,1,True,False,False,False
5,d69381d0-06ed-49bf-9fe1-6050d9374432,netgear-rax120.pdf,91,92,P3,1776,310,444,17,0,1,True,False,False,False
5,d69381d0-06ed-49bf-9fe1-6050d9374432,netgear-rax120.pdf,92,93,P3,1717,303,430,18,0,1,True,False,False,False
5,d69381d0-06ed-49bf-9fe1-6050d9374432,netgear-rax120.pdf,93,94,P3,1722,300,431,17,0,1,True,False,False,False
5,d69381d0-06ed-49bf-9fe1-6050d9374432,netgear-rax120.pdf,94,95,P3,2115,368,529,17,0,1,True,False,False,False
5,d69381d0-06ed-49bf-9fe1-6050d9374432,netgear-rax120.pdf,95,96,P3,1801,312,451,17,0,1,True,False,False,False
5,d69381d0-06ed-49bf-9fe1-6050d9374432,netgear-rax120.pdf,96,97,P3,1479,260,370,19,0,1,True,False,False,False
5,d69381d0-06ed-49bf-9fe1-6050d9374432,netgear-rax120.pdf,97,98,P3,1544,260,386,19,0,1,True,False,False,False
5,d69381d0-06ed-49bf-9fe1-6050d9374432,netgear-rax120.pdf,98,99,P3,1385,225,347,11,0,11,True,False,False,False
5,d69381d0-06ed-49bf-9fe1-6050d9374432,netgear-rax120.pdf,99,100,P3,1451,253,363,20,0,9439,True,False,False,True
5,d69381d0-06ed-49bf-9fe1-6050d9374432,netgear-rax120.pdf,100,101,P3,1918,320,480,17,0,1,True,False,False,False
5,d69381d0-06ed-49bf-9fe1-6050d9374432,netgear-rax120.pdf,101,102,P3,1294,219,324,6,0,1,True,False,False,False
5,d69381d0-06ed-49bf-9fe1-6050d9374432,netgear-rax120.pdf,102,103,P3,857,146,215,6,0,188,True,False,False,False
5,d69381d0-06ed-49bf-9fe1-6050d9374432,netgear-rax120.pdf,103,104,P3,1635,285,409,16,0,1,True,False,False,False
5,d69381d0-06ed-49bf-9fe1-6050d9374432,netgear-rax120.pdf,104,105,P3,1759,295,440,18,0,6,True,False,False,False
5,d69381d0-06ed-49bf-9fe1-6050d9374432,netgear-rax120.pdf,105,106,P4,1549,261,388,19,0,1,True,False,False,False
5,d69381d0-06ed-49bf-9fe1-6050d9374432,netgear-rax120.pdf,106,107,P4,1330,224,333,19,0,1,True,False,False,False
5,d69381d0-06ed-49bf-9fe1-6050d9374432,netgear-rax120.pdf,107,108,P4,1689,259,423,17,0,2,True,False,False,False
5,d69381d0-06ed-49bf-9fe1-6050d9374432,netgear-rax120.pdf,108,109,P4,1633,268,409,18,0,1,True,False,False,False
5,d69381d0-06ed-49bf-9fe1-6050d9374432,netgear-rax120.pdf,109,110,P4,1514,261,379,17,0,1,True,False,False,False
5,d69381d0-06ed-49bf-9fe1-6050d9374432,netgear-rax120.pdf,110,111,P4,1781,294,446,21,0,1,True,False,False,False
5,d69381d0-06ed-49bf-9fe1-6050d9374432,netgear-rax120.pdf,111,112,P4,1750,309,438,20,0,12,True,False,False,False
5,d69381d0-06ed-49bf-9fe1-6050d9374432,netgear-rax120.pdf,112,113,P4,1593,269,399,18,0,1,True,False,False,False
5,d69381d0-06ed-49bf-9fe1-6050d9374432,netgear-rax120.pdf,113,114,P4,1980,337,495,19,0,1,True,False,False,False
5,d69381d0-06ed-49bf-9fe1-6050d9374432,netgear-rax120.pdf,114,115,P4,1501,253,376,19,0,1,True,False,False,False
5,d69381d0-06ed-49bf-9fe1-6050d9374432,netgear-rax120.pdf,115,116,P4,1347,223,337,16,0,1,True,False,False,False
5,d69381d0-06ed-49bf-9fe1-6050d9374432,netgear-rax120.pdf,116,117,P4,1732,288,433,17,0,16,True,False,False,False
5,d69381d0-06ed-49bf-9fe1-6050d9374432,netgear-rax120.pdf,117,118,P4,1379,239,345,19,0,1,True,False,False,False
5,d69381d0-06ed-49bf-9fe1-6050d9374432,netgear-rax120.pdf,118,119,P4,1415,238,354,19,0,1,True,False,False,False
5,d69381d0-06ed-49bf-9fe1-6050d9374432,netgear-rax120.pdf,119,120,P4,1916,337,479,16,0,1,True,False,False,False
5,d69381d0-06ed-49bf-9fe1-6050d9374432,netgear-rax120.pdf,120,121,P4,1465,247,367,14,0,1,True,False,False,False
5,d69381d0-06ed-49bf-9fe1-6050d9374432,netgear-rax120.pdf,121,122,P4,1140,204,285,8,0,170,True,False,False,False
5,d69381d0-06ed-49bf-9fe1-6050d9374432,netgear-rax120.pdf,122,123,P4,1438,242,360,21,0,2,True,False,False,False
5,d69381d0-06ed-49bf-9fe1-6050d9374432,netgear-rax120.pdf,123,124,P4,1555,282,389,18,0,1,True,False,False,False
5,d69381d0-06ed-49bf-9fe1-6050d9374432,netgear-rax120.pdf,124,125,P4,1772,319,443,18,0,8,True,False,False,False
5,d69381d0-06ed-49bf-9fe1-6050d9374432,netgear-rax120.pdf,125,126,P4,1918,351,480,20,0,1,True,False,False,False
5,d69381d0-06ed-49bf-9fe1-6050d9374432,netgear-rax120.pdf,126,127,P4,1415,258,354,27,0,1,True,False,False,False
5,d69381d0-06ed-49bf-9fe1-6050d9374432,netgear-rax120.pdf,127,128,P4,1856,339,464,19,0,34,True,False,False,False
5,d69381d0-06ed-49bf-9fe1-6050d9374432,netgear-rax120.pdf,128,129,P4,1441,240,361,20,0,1,True,False,False,False
5,d69381d0-06ed-49bf-9fe1-6050d9374432,netgear-rax120.pdf,129,130,P4,1764,307,441,18,0,1,True,False,False,False
5,d69381d0-06ed-49bf-9fe1-6050d9374432,netgear-rax120.pdf,130,131,P4,1575,285,394,17,0,1,True,False,False,False
5,d69381d0-06ed-49bf-9fe1-6050d9374432,netgear-rax120.pdf,131,132,P4,1391,229,348,19,0,1,True,False,False,False
5,d69381d0-06ed-49bf-9fe1-6050d9374432,netgear-rax120.pdf,132,133,P4,452,81,113,6,0,59,True,False,False,False
5,d69381d0-06ed-49bf-9fe1-6050d9374432,netgear-rax120.pdf,133,134,P4,1938,339,485,17,0,1,True,False,False,False
5,d69381d0-06ed-49bf-9fe1-6050d9374432,netgear-rax120.pdf,134,135,P4,1839,315,460,22,0,1,True,False,False,False
5,d69381d0-06ed-49bf-9fe1-6050d9374432,netgear-rax120.pdf,135,136,P4,1560,269,390,18,0,13,True,False,False,False
5,d69381d0-06ed-49bf-9fe1-6050d9374432,netgear-rax120.pdf,136,137,P4,1736,304,434,19,0,27,True,False,False,False
5,d69381d0-06ed-49bf-9fe1-6050d9374432,netgear-rax120.pdf,137,138,P4,1579,264,395,19,0,1,True,False,False,False
5,d69381d0-06ed-49bf-9fe1-6050d9374432,netgear-rax120.pdf,138,139,P4,1432,239,358,18,0,1,True,False,False,False
5,d69381d0-06ed-49bf-9fe1-6050d9374432,netgear-rax120.pdf,139,140,P4,1640,263,410,16,0,13,True,False,False,False
5,d69381d0-06ed-49bf-9fe1-6050d9374432,netgear-rax120.pdf,140,141,P5,1940,328,485,18,0,9,True,False,False,False
5,d69381d0-06ed-49bf-9fe1-6050d9374432,netgear-rax120.pdf,141,142,P5,537,95,135,6,0,84,True,False,False,False
5,d69381d0-06ed-49bf-9fe1-6050d9374432,netgear-rax120.pdf,142,143,P5,1710,305,428,13,0,34,True,False,False,False
5,d69381d0-06ed-49bf-9fe1-6050d9374432,netgear-rax120.pdf,143,144,P5,1764,309,441,15,0,26,True,False,False,False
5,d69381d0-06ed-49bf-9fe1-6050d9374432,netgear-rax120.pdf,144,145,P5,2201,367,551,14,0,11,True,False,False,False
5,d69381d0-06ed-49bf-9fe1-6050d9374432,netgear-rax120.pdf,145,146,P5,1890,300,473,19,0,12,True,False,False,False
5,d69381d0-06ed-49bf-9fe1-6050d9374432,netgear-rax120.pdf,146,147,P5,1922,305,481,19,0,13,True,False,False,False
5,d69381d0-06ed-49bf-9fe1-6050d9374432,netgear-rax120.pdf,147,148,P5,1795,295,449,20,0,12,True,False,False,False
5,d69381d0-06ed-49bf-9fe1-6050d9374432,netgear-rax120.pdf,148,149,P5,1824,295,456,18,0,13,True,False,False,False
5,d69381d0-06ed-49bf-9fe1-6050d9374432,netgear-rax120.pdf,149,150,P5,1946,344,487,13,0,9,True,False,False,False
5,d69381d0-06ed-49bf-9fe1-6050d9374432,netgear-rax120.pdf,150,151,P5,1696,293,424,15,0,11,True,False,False,False
5,d69381d0-06ed-49bf-9fe1-6050d9374432,netgear-rax120.pdf,151,152,P5,1161,201,291,11,0,11,True,False,False,False
5,d69381d0-06ed-49bf-9fe1-6050d9374432,netgear-rax120.pdf,152,153,P5,299,49,75,6,0,18,True,False,False,False
5,d69381d0-06ed-49bf-9fe1-6050d9374432,netgear-rax120.pdf,153,154,P5,1901,324,476,18,0,21,True,False,False,False
5,d69381d0-06ed-49bf-9fe1-6050d9374432,netgear-rax120.pdf,154,155,P5,1710,290,428,19,0,1,True,False,False,False
5,d69381d0-06ed-49bf-9fe1-6050d9374432,netgear-rax120.pdf,155,156,P5,1412,238,353,17,0,1,True,False,False,False
5,d69381d0-06ed-49bf-9fe1-6050d9374432,netgear-rax120.pdf,156,157,P5,1840,314,460,18,0,1,True,False,False,False
5,d69381d0-06ed-49bf-9fe1-6050d9374432,netgear-rax120.pdf,157,158,P5,2152,349,538,18,0,1,True,False,False,False
5,d69381d0-06ed-49bf-9fe1-6050d9374432,netgear-rax120.pdf,158,159,P5,1705,287,427,19,0,1,True,False,False,False
5,d69381d0-06ed-49bf-9fe1-6050d9374432,netgear-rax120.pdf,159,160,P5,1804,293,451,17,0,6,True,False,False,False
5,d69381d0-06ed-49bf-9fe1-6050d9374432,netgear-rax120.pdf,160,161,P5,2323,380,581,11,0,1,True,False,False,False
5,d69381d0-06ed-49bf-9fe1-6050d9374432,netgear-rax120.pdf,161,162,P5,560,89,140,6,0,65,True,False,False,False
5,d69381d0-06ed-49bf-9fe1-6050d9374432,netgear-rax120.pdf,162,163,P5,1784,304,446,18,0,1,True,False,False,False
5,d69381d0-06ed-49bf-9fe1-6050d9374432,netgear-rax120.pdf,163,164,P5,1687,295,422,20,0,2,True,False,False,False
5,d69381d0-06ed-49bf-9fe1-6050d9374432,netgear-rax120.pdf,164,165,P5,2015,361,504,19,0,2,True,False,False,False
5,d69381d0-06ed-49bf-9fe1-6050d9374432,netgear-rax120.pdf,165,166,P5,2387,416,597,14,0,2,True,False,False,False
5,d69381d0-06ed-49bf-9fe1-6050d9374432,netgear-rax120.pdf,166,167,P5,2211,388,553,18,0,10,True,False,False,False
5,d69381d0-06ed-49bf-9fe1-6050d9374432,netgear-rax120.pdf,167,168,P5,1964,332,491,13,0,1,True,False,False,False
5,d69381d0-06ed-49bf-9fe1-6050d9374432,netgear-rax120.pdf,168,169,P5,1756,313,439,15,0,1,True,False,False,False
5,d69381d0-06ed-49bf-9fe1-6050d9374432,netgear-rax120.pdf,169,170,P5,1818,323,455,20,0,14,True,False,False,False
5,d69381d0-06ed-49bf-9fe1-6050d9374432,netgear-rax120.pdf,170,171,P5,1220,213,305,9,0,1,True,False,False,False
5,d69381d0-06ed-49bf-9fe1-6050d9374432,netgear-rax120.pdf,171,172,P5,181,24,46,6,0,8,True,False,False,False
5,d69381d0-06ed-49bf-9fe1-6050d9374432,netgear-rax120.pdf,172,173,P5,1017,152,255,26,0,25,True,False,True,False
5,d69381d0-06ed-49bf-9fe1-6050d9374432,netgear-rax120.pdf,173,174,P5,1530,230,383,25,0,24,True,False,True,False
5,d69381d0-06ed-49bf-9fe1-6050d9374432,netgear-rax120.pdf,174,175,P5,1114,158,279,12,0,11,True,False,True,False
6,e65eaa31-8579-448d-a22c-88a8fde64409,netgear-rax50.pdf,0,1,P1,160,25,40,6,1,11,True,False,False,False
6,e65eaa31-8579-448d-a22c-88a8fde64409,netgear-rax50.pdf,1,2,P1,1875,256,469,17,0,21,True,False,False,False
6,e65eaa31-8579-448d-a22c-88a8fde64409,netgear-rax50.pdf,2,3,P1,2773,192,694,12,0,1,True,False,False,False
6,e65eaa31-8579-448d-a22c-88a8fde64409,netgear-rax50.pdf,3,4,P1,3482,272,871,12,0,1,True,False,False,False
6,e65eaa31-8579-448d-a22c-88a8fde64409,netgear-rax50.pdf,4,5,P1,3462,217,866,11,0,1,True,False,False,False
6,e65eaa31-8579-448d-a22c-88a8fde64409,netgear-rax50.pdf,5,6,P1,3034,280,759,14,0,1,True,False,False,False
6,e65eaa31-8579-448d-a22c-88a8fde64409,netgear-rax50.pdf,6,7,P1,2897,183,725,11,0,1,True,False,False,False
6,e65eaa31-8579-448d-a22c-88a8fde64409,netgear-rax50.pdf,7,8,P1,358,60,90,6,0,47,True,False,False,False
6,e65eaa31-8579-448d-a22c-88a8fde64409,netgear-rax50.pdf,8,9,P1,208,32,52,5,1,1,True,False,False,True
6,e65eaa31-8579-448d-a22c-88a8fde64409,netgear-rax50.pdf,9,10,P1,630,111,158,15,3,7,True,False,True,True
6,e65eaa31-8579-448d-a22c-88a8fde64409,netgear-rax50.pdf,10,11,P1,1458,264,365,18,3,9,True,False,True,False
6,e65eaa31-8579-448d-a22c-88a8fde64409,netgear-rax50.pdf,11,12,P1,916,159,229,12,1,1,True,False,False,True
6,e65eaa31-8579-448d-a22c-88a8fde64409,netgear-rax50.pdf,12,13,P1,727,122,182,10,2,1,True,False,False,True
6,e65eaa31-8579-448d-a22c-88a8fde64409,netgear-rax50.pdf,13,14,P1,1532,262,383,25,0,1,True,False,False,False
6,e65eaa31-8579-448d-a22c-88a8fde64409,netgear-rax50.pdf,14,15,P1,565,97,142,11,1,1,True,False,False,True
6,e65eaa31-8579-448d-a22c-88a8fde64409,netgear-rax50.pdf,15,16,P1,745,135,187,11,1,1,True,False,False,True
6,e65eaa31-8579-448d-a22c-88a8fde64409,netgear-rax50.pdf,16,17,P1,434,80,109,6,0,53,True,False,False,False
6,e65eaa31-8579-448d-a22c-88a8fde64409,netgear-rax50.pdf,17,18,P1,1667,288,417,21,0,1,True,False,False,False
6,e65eaa31-8579-448d-a22c-88a8fde64409,netgear-rax50.pdf,18,19,P1,1994,355,499,18,0,1,True,False,False,False
6,e65eaa31-8579-448d-a22c-88a8fde64409,netgear-rax50.pdf,19,20,P1,2211,369,553,18,0,1,True,False,False,False
6,e65eaa31-8579-448d-a22c-88a8fde64409,netgear-rax50.pdf,20,21,P1,1847,307,462,20,0,10,True,False,False,False
6,e65eaa31-8579-448d-a22c-88a8fde64409,netgear-rax50.pdf,21,22,P1,1729,299,433,20,0,2,True,False,False,False
6,e65eaa31-8579-448d-a22c-88a8fde64409,netgear-rax50.pdf,22,23,P1,481,78,121,6,0,36,True,False,False,False
6,e65eaa31-8579-448d-a22c-88a8fde64409,netgear-rax50.pdf,23,24,P1,1476,246,369,18,0,12,True,False,False,False
6,e65eaa31-8579-448d-a22c-88a8fde64409,netgear-rax50.pdf,24,25,P1,1945,339,487,15,0,1,True,False,False,False
6,e65eaa31-8579-448d-a22c-88a8fde64409,netgear-rax50.pdf,25,26,P1,1720,299,430,18,0,9,True,False,False,False
6,e65eaa31-8579-448d-a22c-88a8fde64409,netgear-rax50.pdf,26,27,P1,1883,326,471,15,0,9,True,False,False,False
6,e65eaa31-8579-448d-a22c-88a8fde64409,netgear-rax50.pdf,27,28,P1,1646,284,412,21,0,1,True,False,False,False
6,e65eaa31-8579-448d-a22c-88a8fde64409,netgear-rax50.pdf,28,29,P1,1970,337,493,16,0,1,True,False,False,False
6,e65eaa31-8579-448d-a22c-88a8fde64409,netgear-rax50.pdf,29,30,P1,1972,336,493,16,0,1,True,False,False,False
6,e65eaa31-8579-448d-a22c-88a8fde64409,netgear-rax50.pdf,30,31,P1,1601,272,401,18,0,1,True,False,False,False
6,e65eaa31-8579-448d-a22c-88a8fde64409,netgear-rax50.pdf,31,32,P1,1718,289,430,19,0,12,True,False,False,False
6,e65eaa31-8579-448d-a22c-88a8fde64409,netgear-rax50.pdf,32,33,P2,1751,300,438,18,0,1,True,False,False,False
6,e65eaa31-8579-448d-a22c-88a8fde64409,netgear-rax50.pdf,33,34,P2,2083,363,521,15,0,1,True,False,False,False
6,e65eaa31-8579-448d-a22c-88a8fde64409,netgear-rax50.pdf,34,35,P2,1999,346,500,16,0,1,True,False,False,False
6,e65eaa31-8579-448d-a22c-88a8fde64409,netgear-rax50.pdf,35,36,P2,1941,323,486,17,0,1,True,False,False,False
6,e65eaa31-8579-448d-a22c-88a8fde64409,netgear-rax50.pdf,36,37,P2,2191,382,548,13,0,1,True,False,False,False
6,e65eaa31-8579-448d-a22c-88a8fde64409,netgear-rax50.pdf,37,38,P2,2118,349,530,16,0,1,True,False,False,False
6,e65eaa31-8579-448d-a22c-88a8fde64409,netgear-rax50.pdf,38,39,P2,2063,345,516,16,0,1,True,False,False,False
6,e65eaa31-8579-448d-a22c-88a8fde64409,netgear-rax50.pdf,39,40,P2,1965,326,492,16,0,1,True,False,False,False
6,e65eaa31-8579-448d-a22c-88a8fde64409,netgear-rax50.pdf,40,41,P2,1406,243,352,20,0,11,True,False,True,False
6,e65eaa31-8579-448d-a22c-88a8fde64409,netgear-rax50.pdf,41,42,P2,487,80,122,6,0,77,True,False,False,False
6,e65eaa31-8579-448d-a22c-88a8fde64409,netgear-rax50.pdf,42,43,P2,2087,357,522,15,0,1,True,False,False,False
6,e65eaa31-8579-448d-a22c-88a8fde64409,netgear-rax50.pdf,43,44,P2,2307,408,577,14,0,1,True,False,False,False
6,e65eaa31-8579-448d-a22c-88a8fde64409,netgear-rax50.pdf,44,45,P2,1966,338,492,16,0,31,True,False,False,False
6,e65eaa31-8579-448d-a22c-88a8fde64409,netgear-rax50.pdf,45,46,P2,1717,309,430,24,0,1,True,False,False,False
6,e65eaa31-8579-448d-a22c-88a8fde64409,netgear-rax50.pdf,46,47,P2,1641,286,411,20,0,1,True,False,False,False
6,e65eaa31-8579-448d-a22c-88a8fde64409,netgear-rax50.pdf,47,48,P2,1576,292,394,28,0,1,True,False,False,False
6,e65eaa31-8579-448d-a22c-88a8fde64409,netgear-rax50.pdf,48,49,P2,1597,276,400,18,0,16,True,False,False,False
6,e65eaa31-8579-448d-a22c-88a8fde64409,netgear-rax50.pdf,49,50,P2,1406,247,352,17,0,1,True,False,False,False
6,e65eaa31-8579-448d-a22c-88a8fde64409,netgear-rax50.pdf,50,51,P2,1835,315,459,20,0,15,True,False,False,False
6,e65eaa31-8579-448d-a22c-88a8fde64409,netgear-rax50.pdf,51,52,P2,1344,231,336,17,0,10,True,False,False,False
6,e65eaa31-8579-448d-a22c-88a8fde64409,netgear-rax50.pdf,52,53,P2,1591,274,398,19,0,1,True,False,False,False
6,e65eaa31-8579-448d-a22c-88a8fde64409,netgear-rax50.pdf,53,54,P2,1995,356,499,18,0,1,True,False,False,False
6,e65eaa31-8579-448d-a22c-88a8fde64409,netgear-rax50.pdf,54,55,P2,958,179,240,6,0,226,True,False,False,False
6,e65eaa31-8579-448d-a22c-88a8fde64409,netgear-rax50.pdf,55,56,P2,2288,383,572,17,0,1,True,False,False,False
6,e65eaa31-8579-448d-a22c-88a8fde64409,netgear-rax50.pdf,56,57,P2,1983,333,496,14,0,1,True,False,False,False
6,e65eaa31-8579-448d-a22c-88a8fde64409,netgear-rax50.pdf,57,58,P2,1229,213,308,19,0,1,True,False,False,False
6,e65eaa31-8579-448d-a22c-88a8fde64409,netgear-rax50.pdf,58,59,P2,1830,309,458,20,0,1,True,False,False,False
6,e65eaa31-8579-448d-a22c-88a8fde64409,netgear-rax50.pdf,59,60,P2,1629,274,408,16,0,1,True,False,False,False
6,e65eaa31-8579-448d-a22c-88a8fde64409,netgear-rax50.pdf,60,61,P2,1605,287,402,22,0,1,True,False,False,False
6,e65eaa31-8579-448d-a22c-88a8fde64409,netgear-rax50.pdf,61,62,P2,1609,279,403,19,0,1,True,False,False,False
6,e65eaa31-8579-448d-a22c-88a8fde64409,netgear-rax50.pdf,62,63,P2,1363,231,341,20,0,1,True,False,False,False
6,e65eaa31-8579-448d-a22c-88a8fde64409,netgear-rax50.pdf,63,64,P2,1647,292,412,19,0,26,True,False,False,False
6,e65eaa31-8579-448d-a22c-88a8fde64409,netgear-rax50.pdf,64,65,P3,1788,302,447,17,0,1,True,False,False,False
6,e65eaa31-8579-448d-a22c-88a8fde64409,netgear-rax50.pdf,65,66,P3,2061,359,516,12,0,9,True,False,False,False
6,e65eaa31-8579-448d-a22c-88a8fde64409,netgear-rax50.pdf,66,67,P3,2130,370,533,17,0,1,True,False,False,False
6,e65eaa31-8579-448d-a22c-88a8fde64409,netgear-rax50.pdf,67,68,P3,1699,295,425,16,0,1,True,False,False,False
6,e65eaa31-8579-448d-a22c-88a8fde64409,netgear-rax50.pdf,68,69,P3,1942,341,486,15,0,1,True,False,False,False
6,e65eaa31-8579-448d-a22c-88a8fde64409,netgear-rax50.pdf,69,70,P3,2085,357,522,13,0,1,True,False,False,False
6,e65eaa31-8579-448d-a22c-88a8fde64409,netgear-rax50.pdf,70,71,P3,2230,396,558,18,0,1,True,False,False,False
6,e65eaa31-8579-448d-a22c-88a8fde64409,netgear-rax50.pdf,71,72,P3,2430,436,608,13,0,1,True,False,False,False
6,e65eaa31-8579-448d-a22c-88a8fde64409,netgear-rax50.pdf,72,73,P3,1487,266,372,19,0,1,True,False,False,False
6,e65eaa31-8579-448d-a22c-88a8fde64409,netgear-rax50.pdf,73,74,P3,1508,272,377,19,0,1,True,False,False,False
6,e65eaa31-8579-448d-a22c-88a8fde64409,netgear-rax50.pdf,74,75,P3,1764,308,441,14,0,1,True,False,False,False
6,e65eaa31-8579-448d-a22c-88a8fde64409,netgear-rax50.pdf,75,76,P3,1543,262,386,15,0,1,True,False,False,False
6,e65eaa31-8579-448d-a22c-88a8fde64409,netgear-rax50.pdf,76,77,P3,2002,349,501,16,0,1,True,False,False,False
6,e65eaa31-8579-448d-a22c-88a8fde64409,netgear-rax50.pdf,77,78,P3,1690,296,423,18,0,1,True,False,False,False
6,e65eaa31-8579-448d-a22c-88a8fde64409,netgear-rax50.pdf,78,79,P3,1858,332,465,18,0,1,True,False,False,False
6,e65eaa31-8579-448d-a22c-88a8fde64409,netgear-rax50.pdf,79,80,P3,2022,345,506,19,0,1,True,False,False,False
6,e65eaa31-8579-448d-a22c-88a8fde64409,netgear-rax50.pdf,80,81,P3,1633,290,409,19,0,1,True,False,False,False
6,e65eaa31-8579-448d-a22c-88a8fde64409,netgear-rax50.pdf,81,82,P3,1501,250,376,18,0,1,True,False,False,False
6,e65eaa31-8579-448d-a22c-88a8fde64409,netgear-rax50.pdf,82,83,P3,1573,252,394,17,0,1,True,False,False,False
6,e65eaa31-8579-448d-a22c-88a8fde64409,netgear-rax50.pdf,83,84,P3,1193,196,299,14,0,1,True,False,False,False
6,e65eaa31-8579-448d-a22c-88a8fde64409,netgear-rax50.pdf,84,85,P3,479,73,120,6,0,50,True,False,False,False
6,e65eaa31-8579-448d-a22c-88a8fde64409,netgear-rax50.pdf,85,86,P3,1487,227,372,20,0,1,True,False,False,False
6,e65eaa31-8579-448d-a22c-88a8fde64409,netgear-rax50.pdf,86,87,P3,1611,264,403,16,0,1,True,False,False,False
6,e65eaa31-8579-448d-a22c-88a8fde64409,netgear-rax50.pdf,87,88,P3,1522,245,381,17,0,1,True,False,False,False
6,e65eaa31-8579-448d-a22c-88a8fde64409,netgear-rax50.pdf,88,89,P3,2283,382,571,13,0,1,True,False,False,False
6,e65eaa31-8579-448d-a22c-88a8fde64409,netgear-rax50.pdf,89,90,P3,1589,267,398,17,0,1,True,False,False,False
6,e65eaa31-8579-448d-a22c-88a8fde64409,netgear-rax50.pdf,90,91,P3,733,126,184,10,0,1,True,False,False,False
6,e65eaa31-8579-448d-a22c-88a8fde64409,netgear-rax50.pdf,91,92,P3,843,144,211,6,0,184,True,False,False,False
6,e65eaa31-8579-448d-a22c-88a8fde64409,netgear-rax50.pdf,92,93,P3,1629,285,408,16,0,1,True,False,False,False
6,e65eaa31-8579-448d-a22c-88a8fde64409,netgear-rax50.pdf,93,94,P3,1753,295,439,18,0,6,True,False,False,False
6,e65eaa31-8579-448d-a22c-88a8fde64409,netgear-rax50.pdf,94,95,P3,1547,261,387,19,0,1,True,False,False,False
6,e65eaa31-8579-448d-a22c-88a8fde64409,netgear-rax50.pdf,95,96,P3,1328,224,332,19,0,1,True,False,False,False
6,e65eaa31-8579-448d-a22c-88a8fde64409,netgear-rax50.pdf,96,97,P4,1687,259,422,17,0,2,True,False,False,False
6,e65eaa31-8579-448d-a22c-88a8fde64409,netgear-rax50.pdf,97,98,P4,1631,268,408,18,0,1,True,False,False,False
6,e65eaa31-8579-448d-a22c-88a8fde64409,netgear-rax50.pdf,98,99,P4,1512,261,378,17,0,1,True,False,False,False
6,e65eaa31-8579-448d-a22c-88a8fde64409,netgear-rax50.pdf,99,100,P4,1780,294,445,21,0,1,True,False,False,False
6,e65eaa31-8579-448d-a22c-88a8fde64409,netgear-rax50.pdf,100,101,P4,1746,308,437,20,0,12,True,False,False,False
6,e65eaa31-8579-448d-a22c-88a8fde64409,netgear-rax50.pdf,101,102,P4,1592,269,398,18,0,1,True,False,False,False
6,e65eaa31-8579-448d-a22c-88a8fde64409,netgear-rax50.pdf,102,103,P4,1979,337,495,19,0,1,True,False,False,False
6,e65eaa31-8579-448d-a22c-88a8fde64409,netgear-rax50.pdf,103,104,P4,1500,253,375,19,0,1,True,False,False,False
6,e65eaa31-8579-448d-a22c-88a8fde64409,netgear-rax50.pdf,104,105,P4,1346,223,337,16,0,1,True,False,False,False
6,e65eaa31-8579-448d-a22c-88a8fde64409,netgear-rax50.pdf,105,106,P4,1496,250,374,16,0,16,True,False,False,False
6,e65eaa31-8579-448d-a22c-88a8fde64409,netgear-rax50.pdf,106,107,P4,1378,239,345,19,0,1,True,False,False,False
6,e65eaa31-8579-448d-a22c-88a8fde64409,netgear-rax50.pdf,107,108,P4,1516,254,379,19,0,1,True,False,False,False
6,e65eaa31-8579-448d-a22c-88a8fde64409,netgear-rax50.pdf,108,109,P4,1811,320,453,16,0,1,True,False,False,False
6,e65eaa31-8579-448d-a22c-88a8fde64409,netgear-rax50.pdf,109,110,P4,1493,252,374,14,0,1,True,False,False,False
6,e65eaa31-8579-448d-a22c-88a8fde64409,netgear-rax50.pdf,110,111,P4,1098,196,275,8,0,157,True,False,False,False
6,e65eaa31-8579-448d-a22c-88a8fde64409,netgear-rax50.pdf,111,112,P4,1437,242,360,21,0,2,True,False,False,False
6,e65eaa31-8579-448d-a22c-88a8fde64409,netgear-rax50.pdf,112,113,P4,1554,282,389,18,0,1,True,False,False,False
6,e65eaa31-8579-448d-a22c-88a8fde64409,netgear-rax50.pdf,113,114,P4,1771,319,443,18,0,8,True,False,False,False
6,e65eaa31-8579-448d-a22c-88a8fde64409,netgear-rax50.pdf,114,115,P4,1452,243,363,19,0,1,True,False,False,False
6,e65eaa31-8579-448d-a22c-88a8fde64409,netgear-rax50.pdf,115,116,P4,1686,294,422,18,0,1,True,False,False,False
6,e65eaa31-8579-448d-a22c-88a8fde64409,netgear-rax50.pdf,116,117,P4,1543,277,386,17,0,1,True,False,False,False
6,e65eaa31-8579-448d-a22c-88a8fde64409,netgear-rax50.pdf,117,118,P4,1597,267,400,20,0,1,True,False,False,False
6,e65eaa31-8579-448d-a22c-88a8fde64409,netgear-rax50.pdf,118,119,P4,404,73,101,6,0,46,True,False,False,False
6,e65eaa31-8579-448d-a22c-88a8fde64409,netgear-rax50.pdf,119,120,P4,1937,339,485,17,0,1,True,False,False,False
6,e65eaa31-8579-448d-a22c-88a8fde64409,netgear-rax50.pdf,120,121,P4,1838,315,460,22,0,1,True,False,False,False
6,e65eaa31-8579-448d-a22c-88a8fde64409,netgear-rax50.pdf,121,122,P4,1559,269,390,18,0,13,True,False,False,False
6,e65eaa31-8579-448d-a22c-88a8fde64409,netgear-rax50.pdf,122,123,P4,1739,305,435,19,0,27,True,False,False,False
6,e65eaa31-8579-448d-a22c-88a8fde64409,netgear-rax50.pdf,123,124,P4,1582,265,396,19,0,1,True,False,False,False
6,e65eaa31-8579-448d-a22c-88a8fde64409,netgear-rax50.pdf,124,125,P4,1431,239,358,18,0,1,True,False,False,False
6,e65eaa31-8579-448d-a22c-88a8fde64409,netgear-rax50.pdf,125,126,P4,717,118,180,6,0,11,True,False,False,False
6,e65eaa31-8579-448d-a22c-88a8fde64409,netgear-rax50.pdf,126,127,P4,537,95,135,6,0,84,True,False,False,False
6,e65eaa31-8579-448d-a22c-88a8fde64409,netgear-rax50.pdf,127,128,P4,1709,305,428,13,0,34,True,False,False,False
6,e65eaa31-8579-448d-a22c-88a8fde64409,netgear-rax50.pdf,128,129,P5,1763,309,441,15,0,26,True,False,False,False
6,e65eaa31-8579-448d-a22c-88a8fde64409,netgear-rax50.pdf,129,130,P5,2200,367,550,14,0,11,True,False,False,False
6,e65eaa31-8579-448d-a22c-88a8fde64409,netgear-rax50.pdf,130,131,P5,1889,300,473,19,0,12,True,False,False,False
6,e65eaa31-8579-448d-a22c-88a8fde64409,netgear-rax50.pdf,131,132,P5,1924,303,481,19,0,13,True,False,False,False
6,e65eaa31-8579-448d-a22c-88a8fde64409,netgear-rax50.pdf,132,133,P5,1794,295,449,20,0,12,True,False,False,False
6,e65eaa31-8579-448d-a22c-88a8fde64409,netgear-rax50.pdf,133,134,P5,1823,295,456,18,0,13,True,False,False,False
6,e65eaa31-8579-448d-a22c-88a8fde64409,netgear-rax50.pdf,134,135,P5,2006,349,502,16,0,9,True,False,False,False
6,e65eaa31-8579-448d-a22c-88a8fde64409,netgear-rax50.pdf,135,136,P5,1798,314,450,17,0,11,True,False,False,False
6,e65eaa31-8579-448d-a22c-88a8fde64409,netgear-rax50.pdf,136,137,P5,1004,176,251,8,0,11,True,False,False,False
6,e65eaa31-8579-448d-a22c-88a8fde64409,netgear-rax50.pdf,137,138,P5,299,49,75,6,0,18,True,False,False,False
6,e65eaa31-8579-448d-a22c-88a8fde64409,netgear-rax50.pdf,138,139,P5,1900,324,475,18,0,21,True,False,False,False
6,e65eaa31-8579-448d-a22c-88a8fde64409,netgear-rax50.pdf,139,140,P5,1709,290,428,19,0,1,True,False,False,False
6,e65eaa31-8579-448d-a22c-88a8fde64409,netgear-rax50.pdf,140,141,P5,1411,238,353,17,0,1,True,False,False,False
6,e65eaa31-8579-448d-a22c-88a8fde64409,netgear-rax50.pdf,141,142,P5,1839,314,460,18,0,1,True,False,False,False
6,e65eaa31-8579-448d-a22c-88a8fde64409,netgear-rax50.pdf,142,143,P5,2151,349,538,18,0,1,True,False,False,False
6,e65eaa31-8579-448d-a22c-88a8fde64409,netgear-rax50.pdf,143,144,P5,1704,287,426,19,0,1,True,False,False,False
6,e65eaa31-8579-448d-a22c-88a8fde64409,netgear-rax50.pdf,144,145,P5,1803,293,451,17,0,6,True,False,False,False
6,e65eaa31-8579-448d-a22c-88a8fde64409,netgear-rax50.pdf,145,146,P5,2322,380,581,11,0,1,True,False,False,False
6,e65eaa31-8579-448d-a22c-88a8fde64409,netgear-rax50.pdf,146,147,P5,560,89,140,6,0,65,True,False,False,False
6,e65eaa31-8579-448d-a22c-88a8fde64409,netgear-rax50.pdf,147,148,P5,1783,304,446,18,0,1,True,False,False,False
6,e65eaa31-8579-448d-a22c-88a8fde64409,netgear-rax50.pdf,148,149,P5,1325,236,332,19,0,2,True,False,False,False
6,e65eaa31-8579-448d-a22c-88a8fde64409,netgear-rax50.pdf,149,150,P5,1656,293,414,15,0,2,True,False,False,False
6,e65eaa31-8579-448d-a22c-88a8fde64409,netgear-rax50.pdf,150,151,P5,2542,445,636,14,0,1,True,False,False,False
6,e65eaa31-8579-448d-a22c-88a8fde64409,netgear-rax50.pdf,151,152,P5,2088,370,522,19,0,11,True,False,False,False
6,e65eaa31-8579-448d-a22c-88a8fde64409,netgear-rax50.pdf,152,153,P5,2219,371,555,12,0,1,True,False,False,False
6,e65eaa31-8579-448d-a22c-88a8fde64409,netgear-rax50.pdf,153,154,P5,1725,310,432,15,0,1,True,False,False,False
6,e65eaa31-8579-448d-a22c-88a8fde64409,netgear-rax50.pdf,154,155,P5,1783,311,446,18,0,1,True,False,False,False
6,e65eaa31-8579-448d-a22c-88a8fde64409,netgear-rax50.pdf,155,156,P5,1697,302,425,15,0,14,True,False,False,False
6,e65eaa31-8579-448d-a22c-88a8fde64409,netgear-rax50.pdf,156,157,P5,181,24,46,6,0,8,True,False,False,False
6,e65eaa31-8579-448d-a22c-88a8fde64409,netgear-rax50.pdf,157,158,P5,956,143,239,20,0,19,True,False,True,False
6,e65eaa31-8579-448d-a22c-88a8fde64409,netgear-rax50.pdf,158,159,P5,1447,220,362,26,0,25,True,False,True,False
6,e65eaa31-8579-448d-a22c-88a8fde64409,netgear-rax50.pdf,159,160,P5,1053,147,264,16,0,10,True,False,True,False
7,57d18421-8c71-47bc-992e-0d0dfdcdbbea,netgear-raxe500.pdf,0,1,P1,153,24,39,5,1,11,True,False,False,False
7,57d18421-8c71-47bc-992e-0d0dfdcdbbea,netgear-raxe500.pdf,1,2,P1,1575,214,394,12,0,8,True,False,False,False
7,57d18421-8c71-47bc-992e-0d0dfdcdbbea,netgear-raxe500.pdf,2,3,P1,2776,187,694,13,0,1,True,False,False,False
7,57d18421-8c71-47bc-992e-0d0dfdcdbbea,netgear-raxe500.pdf,3,4,P1,3471,256,868,12,0,1,True,False,False,False
7,57d18421-8c71-47bc-992e-0d0dfdcdbbea,netgear-raxe500.pdf,4,5,P1,3613,259,904,10,0,1,True,False,False,False
7,57d18421-8c71-47bc-992e-0d0dfdcdbbea,netgear-raxe500.pdf,5,6,P1,3164,280,791,13,0,1,True,False,False,False
7,57d18421-8c71-47bc-992e-0d0dfdcdbbea,netgear-raxe500.pdf,6,7,P1,3097,209,775,14,0,1,True,False,False,False
7,57d18421-8c71-47bc-992e-0d0dfdcdbbea,netgear-raxe500.pdf,7,8,P1,358,61,90,6,0,49,True,False,False,False
7,57d18421-8c71-47bc-992e-0d0dfdcdbbea,netgear-raxe500.pdf,8,9,P1,194,30,49,5,1,1,True,False,False,True
7,57d18421-8c71-47bc-992e-0d0dfdcdbbea,netgear-raxe500.pdf,9,10,P1,619,105,155,11,3,7,True,False,True,True
7,57d18421-8c71-47bc-992e-0d0dfdcdbbea,netgear-raxe500.pdf,10,11,P1,2040,368,510,16,9,13,True,False,True,False
7,57d18421-8c71-47bc-992e-0d0dfdcdbbea,netgear-raxe500.pdf,11,12,P1,1093,202,274,11,3,8,True,False,True,False
7,57d18421-8c71-47bc-992e-0d0dfdcdbbea,netgear-raxe500.pdf,12,13,P1,1124,201,281,10,1,4,True,False,False,True
7,57d18421-8c71-47bc-992e-0d0dfdcdbbea,netgear-raxe500.pdf,13,14,P1,1502,249,376,12,1,41,True,False,False,True
7,57d18421-8c71-47bc-992e-0d0dfdcdbbea,netgear-raxe500.pdf,14,15,P1,1275,213,319,20,1,1,True,False,False,True
7,57d18421-8c71-47bc-992e-0d0dfdcdbbea,netgear-raxe500.pdf,15,16,P1,1008,175,252,15,1,16,True,False,False,True
7,57d18421-8c71-47bc-992e-0d0dfdcdbbea,netgear-raxe500.pdf,16,17,P1,823,151,206,8,0,1,True,False,False,False
7,57d18421-8c71-47bc-992e-0d0dfdcdbbea,netgear-raxe500.pdf,17,18,P1,566,97,142,11,1,1,True,False,False,True
7,57d18421-8c71-47bc-992e-0d0dfdcdbbea,netgear-raxe500.pdf,18,19,P1,427,79,107,6,0,51,True,False,False,False
7,57d18421-8c71-47bc-992e-0d0dfdcdbbea,netgear-raxe500.pdf,19,20,P1,1614,290,404,22,0,1,True,False,False,False
7,57d18421-8c71-47bc-992e-0d0dfdcdbbea,netgear-raxe500.pdf,20,21,P1,2023,348,506,15,0,1,True,False,False,False
7,57d18421-8c71-47bc-992e-0d0dfdcdbbea,netgear-raxe500.pdf,21,22,P1,1987,338,497,18,0,2,True,False,False,False
7,57d18421-8c71-47bc-992e-0d0dfdcdbbea,netgear-raxe500.pdf,22,23,P1,1924,323,481,17,0,10,True,False,False,False
7,57d18421-8c71-47bc-992e-0d0dfdcdbbea,netgear-raxe500.pdf,23,24,P1,1629,278,408,20,0,1,True,False,False,False
7,57d18421-8c71-47bc-992e-0d0dfdcdbbea,netgear-raxe500.pdf,24,25,P1,522,84,131,6,0,45,True,False,False,False
7,57d18421-8c71-47bc-992e-0d0dfdcdbbea,netgear-raxe500.pdf,25,26,P1,1478,247,370,18,0,12,True,False,False,False
7,57d18421-8c71-47bc-992e-0d0dfdcdbbea,netgear-raxe500.pdf,26,27,P1,1997,342,500,16,0,25,True,False,False,False
7,57d18421-8c71-47bc-992e-0d0dfdcdbbea,netgear-raxe500.pdf,27,28,P1,1388,241,347,14,0,9,True,False,False,False
7,57d18421-8c71-47bc-992e-0d0dfdcdbbea,netgear-raxe500.pdf,28,29,P1,2150,374,538,17,0,25,True,False,False,False
7,57d18421-8c71-47bc-992e-0d0dfdcdbbea,netgear-raxe500.pdf,29,30,P1,2092,371,523,15,0,34,True,False,False,False
7,57d18421-8c71-47bc-992e-0d0dfdcdbbea,netgear-raxe500.pdf,30,31,P1,1678,289,420,19,0,1,True,False,False,False
7,57d18421-8c71-47bc-992e-0d0dfdcdbbea,netgear-raxe500.pdf,31,32,P1,1661,279,416,23,0,15,True,False,False,False
7,57d18421-8c71-47bc-992e-0d0dfdcdbbea,netgear-raxe500.pdf,32,33,P1,1668,283,417,21,0,1,True,False,False,False
7,57d18421-8c71-47bc-992e-0d0dfdcdbbea,netgear-raxe500.pdf,33,34,P1,2080,357,520,17,0,1,True,False,False,False
7,57d18421-8c71-47bc-992e-0d0dfdcdbbea,netgear-raxe500.pdf,34,35,P2,1929,328,483,17,0,1,True,False,False,False
7,57d18421-8c71-47bc-992e-0d0dfdcdbbea,netgear-raxe500.pdf,35,36,P2,1493,254,374,17,0,1,True,False,False,False
7,57d18421-8c71-47bc-992e-0d0dfdcdbbea,netgear-raxe500.pdf,36,37,P2,1719,289,430,19,0,12,True,False,False,False
7,57d18421-8c71-47bc-992e-0d0dfdcdbbea,netgear-raxe500.pdf,37,38,P2,1752,300,438,18,0,1,True,False,False,False
7,57d18421-8c71-47bc-992e-0d0dfdcdbbea,netgear-raxe500.pdf,38,39,P2,1900,330,475,17,0,1,True,False,False,False
7,57d18421-8c71-47bc-992e-0d0dfdcdbbea,netgear-raxe500.pdf,39,40,P2,2304,393,576,16,0,1,True,False,False,False
7,57d18421-8c71-47bc-992e-0d0dfdcdbbea,netgear-raxe500.pdf,40,41,P2,1633,277,409,19,0,1,True,False,False,False
7,57d18421-8c71-47bc-992e-0d0dfdcdbbea,netgear-raxe500.pdf,41,42,P2,2009,353,503,15,0,1,True,False,False,False
7,57d18421-8c71-47bc-992e-0d0dfdcdbbea,netgear-raxe500.pdf,42,43,P2,2374,386,594,16,0,1,True,False,False,False
7,57d18421-8c71-47bc-992e-0d0dfdcdbbea,netgear-raxe500.pdf,43,44,P2,1774,303,444,17,0,1,True,False,False,False
7,57d18421-8c71-47bc-992e-0d0dfdcdbbea,netgear-raxe500.pdf,44,45,P2,1793,292,449,16,0,9,True,False,True,False
7,57d18421-8c71-47bc-992e-0d0dfdcdbbea,netgear-raxe500.pdf,45,46,P2,828,144,207,15,0,7,True,False,True,False
7,57d18421-8c71-47bc-992e-0d0dfdcdbbea,netgear-raxe500.pdf,46,47,P2,583,97,146,6,0,105,True,False,False,False
7,57d18421-8c71-47bc-992e-0d0dfdcdbbea,netgear-raxe500.pdf,47,48,P2,1281,186,321,18,0,2,True,False,False,False
7,57d18421-8c71-47bc-992e-0d0dfdcdbbea,netgear-raxe500.pdf,48,49,P2,2001,345,501,16,0,1,True,False,False,False
7,57d18421-8c71-47bc-992e-0d0dfdcdbbea,netgear-raxe500.pdf,49,50,P2,1531,264,383,18,0,16,True,False,False,False
7,57d18421-8c71-47bc-992e-0d0dfdcdbbea,netgear-raxe500.pdf,50,51,P2,1433,249,359,18,0,1,True,False,False,False
7,57d18421-8c71-47bc-992e-0d0dfdcdbbea,netgear-raxe500.pdf,51,52,P2,1697,293,425,20,0,15,True,False,False,False
7,57d18421-8c71-47bc-992e-0d0dfdcdbbea,netgear-raxe500.pdf,52,53,P2,1649,284,413,17,0,10,True,False,False,False
7,57d18421-8c71-47bc-992e-0d0dfdcdbbea,netgear-raxe500.pdf,53,54,P2,1221,208,306,17,0,1,True,False,False,False
7,57d18421-8c71-47bc-992e-0d0dfdcdbbea,netgear-raxe500.pdf,54,55,P2,1592,274,398,19,0,1,True,False,False,False
7,57d18421-8c71-47bc-992e-0d0dfdcdbbea,netgear-raxe500.pdf,55,56,P2,1996,356,499,18,0,1,True,False,False,False
7,57d18421-8c71-47bc-992e-0d0dfdcdbbea,netgear-raxe500.pdf,56,57,P2,1208,221,302,6,0,292,True,False,False,False
7,57d18421-8c71-47bc-992e-0d0dfdcdbbea,netgear-raxe500.pdf,57,58,P2,89,18,23,2,0,29,True,False,False,False
7,57d18421-8c71-47bc-992e-0d0dfdcdbbea,netgear-raxe500.pdf,58,59,P2,2289,383,573,17,0,1,True,False,False,False
7,57d18421-8c71-47bc-992e-0d0dfdcdbbea,netgear-raxe500.pdf,59,60,P2,1984,333,496,14,0,1,True,False,False,False
7,57d18421-8c71-47bc-992e-0d0dfdcdbbea,netgear-raxe500.pdf,60,61,P2,1210,210,303,19,0,1,True,False,False,False
7,57d18421-8c71-47bc-992e-0d0dfdcdbbea,netgear-raxe500.pdf,61,62,P2,1831,309,458,20,0,1,True,False,False,False
7,57d18421-8c71-47bc-992e-0d0dfdcdbbea,netgear-raxe500.pdf,62,63,P2,1630,274,408,16,0,1,True,False,False,False
7,57d18421-8c71-47bc-992e-0d0dfdcdbbea,netgear-raxe500.pdf,63,64,P2,1606,287,402,22,0,1,True,False,False,False
7,57d18421-8c71-47bc-992e-0d0dfdcdbbea,netgear-raxe500.pdf,64,65,P2,1571,274,393,19,0,1,True,False,False,False
7,57d18421-8c71-47bc-992e-0d0dfdcdbbea,netgear-raxe500.pdf,65,66,P2,1364,231,341,20,0,1,True,False,False,False
7,57d18421-8c71-47bc-992e-0d0dfdcdbbea,netgear-raxe500.pdf,66,67,P2,1495,259,374,19,0,1,True,False,False,False
7,57d18421-8c71-47bc-992e-0d0dfdcdbbea,netgear-raxe500.pdf,67,68,P2,1818,312,455,17,0,1,True,False,False,False
7,57d18421-8c71-47bc-992e-0d0dfdcdbbea,netgear-raxe500.pdf,68,69,P3,2042,354,511,15,0,9,True,False,False,False
7,57d18421-8c71-47bc-992e-0d0dfdcdbbea,netgear-raxe500.pdf,69,70,P3,2378,418,595,15,0,1,True,False,False,False
7,57d18421-8c71-47bc-992e-0d0dfdcdbbea,netgear-raxe500.pdf,70,71,P3,1787,312,447,15,0,1,True,False,False,False
7,57d18421-8c71-47bc-992e-0d0dfdcdbbea,netgear-raxe500.pdf,71,72,P3,2127,375,532,12,0,1,True,False,False,False
7,57d18421-8c71-47bc-992e-0d0dfdcdbbea,netgear-raxe500.pdf,72,73,P3,1871,321,468,17,0,1,True,False,False,False
7,57d18421-8c71-47bc-992e-0d0dfdcdbbea,netgear-raxe500.pdf,73,74,P3,2083,356,521,11,0,1,True,False,False,False
7,57d18421-8c71-47bc-992e-0d0dfdcdbbea,netgear-raxe500.pdf,74,75,P3,1926,333,482,17,0,1,True,False,False,False
7,57d18421-8c71-47bc-992e-0d0dfdcdbbea,netgear-raxe500.pdf,75,76,P3,2902,532,726,12,0,1,True,False,False,False
7,57d18421-8c71-47bc-992e-0d0dfdcdbbea,netgear-raxe500.pdf,76,77,P3,1909,363,478,13,0,1,True,False,False,False
7,57d18421-8c71-47bc-992e-0d0dfdcdbbea,netgear-raxe500.pdf,77,78,P3,1631,275,408,20,0,1,True,False,False,False
7,57d18421-8c71-47bc-992e-0d0dfdcdbbea,netgear-raxe500.pdf,78,79,P3,1615,281,404,17,0,1,True,False,False,False
7,57d18421-8c71-47bc-992e-0d0dfdcdbbea,netgear-raxe500.pdf,79,80,P3,1912,313,478,17,0,1,True,False,False,False
7,57d18421-8c71-47bc-992e-0d0dfdcdbbea,netgear-raxe500.pdf,80,81,P3,1602,285,401,16,0,1,True,False,False,False
7,57d18421-8c71-47bc-992e-0d0dfdcdbbea,netgear-raxe500.pdf,81,82,P3,1438,251,360,18,0,1,True,False,False,False
7,57d18421-8c71-47bc-992e-0d0dfdcdbbea,netgear-raxe500.pdf,82,83,P3,1728,306,432,17,0,1,True,False,False,False
7,57d18421-8c71-47bc-992e-0d0dfdcdbbea,netgear-raxe500.pdf,83,84,P3,1719,292,430,16,0,1,True,False,False,False
7,57d18421-8c71-47bc-992e-0d0dfdcdbbea,netgear-raxe500.pdf,84,85,P3,1910,334,478,16,0,1,True,False,False,False
7,57d18421-8c71-47bc-992e-0d0dfdcdbbea,netgear-raxe500.pdf,85,86,P3,1869,339,468,16,0,1,True,False,False,False
7,57d18421-8c71-47bc-992e-0d0dfdcdbbea,netgear-raxe500.pdf,86,87,P3,1459,250,365,16,0,1,True,False,False,False
7,57d18421-8c71-47bc-992e-0d0dfdcdbbea,netgear-raxe500.pdf,87,88,P3,1967,337,492,19,0,1,True,False,False,False
7,57d18421-8c71-47bc-992e-0d0dfdcdbbea,netgear-raxe500.pdf,88,89,P3,1806,322,452,18,0,1,True,False,False,False
7,57d18421-8c71-47bc-992e-0d0dfdcdbbea,netgear-raxe500.pdf,89,90,P3,1293,215,324,20,0,1,True,False,False,False
7,57d18421-8c71-47bc-992e-0d0dfdcdbbea,netgear-raxe500.pdf,90,91,P3,1693,276,424,16,0,1,True,False,False,False
7,57d18421-8c71-47bc-992e-0d0dfdcdbbea,netgear-raxe500.pdf,91,92,P3,1633,266,409,16,0,1,True,False,False,False
7,57d18421-8c71-47bc-992e-0d0dfdcdbbea,netgear-raxe500.pdf,92,93,P3,1281,225,321,13,0,1,True,False,False,False
7,57d18421-8c71-47bc-992e-0d0dfdcdbbea,netgear-raxe500.pdf,93,94,P3,2100,342,525,14,0,1,True,False,False,False
7,57d18421-8c71-47bc-992e-0d0dfdcdbbea,netgear-raxe500.pdf,94,95,P3,2052,360,513,18,0,1,True,False,False,False
7,57d18421-8c71-47bc-992e-0d0dfdcdbbea,netgear-raxe500.pdf,95,96,P3,1633,259,409,21,0,13,True,False,False,False
7,57d18421-8c71-47bc-992e-0d0dfdcdbbea,netgear-raxe500.pdf,96,97,P3,1566,275,392,17,1,1,True,False,False,True
7,57d18421-8c71-47bc-992e-0d0dfdcdbbea,netgear-raxe500.pdf,97,98,P3,1872,312,468,18,0,1,True,False,False,False
7,57d18421-8c71-47bc-992e-0d0dfdcdbbea,netgear-raxe500.pdf,98,99,P3,1613,272,404,9,0,1,True,False,False,False
7,57d18421-8c71-47bc-992e-0d0dfdcdbbea,netgear-raxe500.pdf,99,100,P3,822,138,206,6,0,175,True,False,False,False
7,57d18421-8c71-47bc-992e-0d0dfdcdbbea,netgear-raxe500.pdf,100,101,P3,1631,285,408,16,0,1,True,False,False,False
7,57d18421-8c71-47bc-992e-0d0dfdcdbbea,netgear-raxe500.pdf,101,102,P3,1752,295,438,18,0,6,True,False,False,False
7,57d18421-8c71-47bc-992e-0d0dfdcdbbea,netgear-raxe500.pdf,102,103,P4,1568,262,392,19,0,1,True,False,False,False
7,57d18421-8c71-47bc-992e-0d0dfdcdbbea,netgear-raxe500.pdf,103,104,P4,1360,227,340,21,0,1,True,False,False,False
7,57d18421-8c71-47bc-992e-0d0dfdcdbbea,netgear-raxe500.pdf,104,105,P4,1461,242,366,16,0,1,True,False,False,False
7,57d18421-8c71-47bc-992e-0d0dfdcdbbea,netgear-raxe500.pdf,105,106,P4,1588,270,397,20,0,1,True,False,False,False
7,57d18421-8c71-47bc-992e-0d0dfdcdbbea,netgear-raxe500.pdf,106,107,P4,1759,293,440,19,0,1,True,False,False,False
7,57d18421-8c71-47bc-992e-0d0dfdcdbbea,netgear-raxe500.pdf,107,108,P4,1648,289,412,22,0,1,True,False,False,False
7,57d18421-8c71-47bc-992e-0d0dfdcdbbea,netgear-raxe500.pdf,108,109,P4,1656,283,414,16,0,12,True,False,False,False
7,57d18421-8c71-47bc-992e-0d0dfdcdbbea,netgear-raxe500.pdf,109,110,P4,1901,324,476,19,0,1,True,False,False,False
7,57d18421-8c71-47bc-992e-0d0dfdcdbbea,netgear-raxe500.pdf,110,111,P4,1437,239,360,18,0,1,True,False,False,False
7,57d18421-8c71-47bc-992e-0d0dfdcdbbea,netgear-raxe500.pdf,111,112,P4,1615,270,404,19,0,1,True,False,False,False
7,57d18421-8c71-47bc-992e-0d0dfdcdbbea,netgear-raxe500.pdf,112,113,P4,1685,276,422,17,0,16,True,False,False,False
7,57d18421-8c71-47bc-992e-0d0dfdcdbbea,netgear-raxe500.pdf,113,114,P4,1308,228,327,19,0,1,True,False,False,False
7,57d18421-8c71-47bc-992e-0d0dfdcdbbea,netgear-raxe500.pdf,114,115,P4,697,122,175,10,0,1,True,False,False,False
7,57d18421-8c71-47bc-992e-0d0dfdcdbbea,netgear-raxe500.pdf,115,116,P4,1581,269,396,16,0,1,True,False,False,False
7,57d18421-8c71-47bc-992e-0d0dfdcdbbea,netgear-raxe500.pdf,116,117,P4,1891,330,473,16,0,1,True,False,False,False
7,57d18421-8c71-47bc-992e-0d0dfdcdbbea,netgear-raxe500.pdf,117,118,P4,974,163,244,10,0,1,True,False,False,False
7,57d18421-8c71-47bc-992e-0d0dfdcdbbea,netgear-raxe500.pdf,118,119,P4,1098,196,275,8,0,157,True,False,False,False
7,57d18421-8c71-47bc-992e-0d0dfdcdbbea,netgear-raxe500.pdf,119,120,P4,1438,242,360,21,0,2,True,False,False,False
7,57d18421-8c71-47bc-992e-0d0dfdcdbbea,netgear-raxe500.pdf,120,121,P4,1555,282,389,18,0,1,True,False,False,False
7,57d18421-8c71-47bc-992e-0d0dfdcdbbea,netgear-raxe500.pdf,121,122,P4,1778,321,445,17,0,22,True,False,False,False
7,57d18421-8c71-47bc-992e-0d0dfdcdbbea,netgear-raxe500.pdf,122,123,P4,1333,221,334,19,0,1,True,False,False,False
7,57d18421-8c71-47bc-992e-0d0dfdcdbbea,netgear-raxe500.pdf,123,124,P4,1785,314,447,19,0,1,True,False,False,False
7,57d18421-8c71-47bc-992e-0d0dfdcdbbea,netgear-raxe500.pdf,124,125,P4,1573,280,394,18,0,1,True,False,False,False
7,57d18421-8c71-47bc-992e-0d0dfdcdbbea,netgear-raxe500.pdf,125,126,P4,1571,264,393,20,0,1,True,False,False,False
7,57d18421-8c71-47bc-992e-0d0dfdcdbbea,netgear-raxe500.pdf,126,127,P4,157,24,40,3,0,1,True,False,False,False
7,57d18421-8c71-47bc-992e-0d0dfdcdbbea,netgear-raxe500.pdf,127,128,P4,402,73,101,6,0,46,True,False,False,False
7,57d18421-8c71-47bc-992e-0d0dfdcdbbea,netgear-raxe500.pdf,128,129,P4,1935,331,484,16,0,1,True,False,False,False
7,57d18421-8c71-47bc-992e-0d0dfdcdbbea,netgear-raxe500.pdf,129,130,P4,1655,301,414,17,0,39,True,False,False,False
7,57d18421-8c71-47bc-992e-0d0dfdcdbbea,netgear-raxe500.pdf,130,131,P4,1671,285,418,20,0,1,True,False,False,False
7,57d18421-8c71-47bc-992e-0d0dfdcdbbea,netgear-raxe500.pdf,131,132,P4,1600,277,400,20,0,1,True,False,False,False
7,57d18421-8c71-47bc-992e-0d0dfdcdbbea,netgear-raxe500.pdf,132,133,P4,1405,247,352,18,0,12,True,False,False,False
7,57d18421-8c71-47bc-992e-0d0dfdcdbbea,netgear-raxe500.pdf,133,134,P4,475,87,119,6,0,78,True,False,False,False
7,57d18421-8c71-47bc-992e-0d0dfdcdbbea,netgear-raxe500.pdf,134,135,P4,1827,323,457,17,0,1,True,False,False,False
7,57d18421-8c71-47bc-992e-0d0dfdcdbbea,netgear-raxe500.pdf,135,136,P4,1677,285,420,19,0,13,True,False,False,False
7,57d18421-8c71-47bc-992e-0d0dfdcdbbea,netgear-raxe500.pdf,136,137,P5,451,72,113,7,2,1,True,False,False,False
7,57d18421-8c71-47bc-992e-0d0dfdcdbbea,netgear-raxe500.pdf,137,138,P5,948,155,237,11,2,1,True,False,False,False
7,57d18421-8c71-47bc-992e-0d0dfdcdbbea,netgear-raxe500.pdf,138,139,P5,1860,285,465,21,0,16,True,False,False,False
7,57d18421-8c71-47bc-992e-0d0dfdcdbbea,netgear-raxe500.pdf,139,140,P5,1615,275,404,18,0,13,True,False,False,False
7,57d18421-8c71-47bc-992e-0d0dfdcdbbea,netgear-raxe500.pdf,140,141,P5,1772,305,443,18,0,13,True,False,False,False
7,57d18421-8c71-47bc-992e-0d0dfdcdbbea,netgear-raxe500.pdf,141,142,P5,1058,173,265,10,2,10,True,False,False,False
7,57d18421-8c71-47bc-992e-0d0dfdcdbbea,netgear-raxe500.pdf,142,143,P5,1583,274,396,13,0,1,True,False,False,False
7,57d18421-8c71-47bc-992e-0d0dfdcdbbea,netgear-raxe500.pdf,143,144,P5,1894,326,474,17,0,1,True,False,False,False
7,57d18421-8c71-47bc-992e-0d0dfdcdbbea,netgear-raxe500.pdf,144,145,P5,1662,286,416,18,0,18,True,False,False,False
7,57d18421-8c71-47bc-992e-0d0dfdcdbbea,netgear-raxe500.pdf,145,146,P5,163,26,41,3,0,1,True,False,False,False
7,57d18421-8c71-47bc-992e-0d0dfdcdbbea,netgear-raxe500.pdf,146,147,P5,299,49,75,6,0,18,True,False,False,False
7,57d18421-8c71-47bc-992e-0d0dfdcdbbea,netgear-raxe500.pdf,147,148,P5,1901,324,476,18,0,21,True,False,False,False
7,57d18421-8c71-47bc-992e-0d0dfdcdbbea,netgear-raxe500.pdf,148,149,P5,1710,290,428,19,0,1,True,False,False,False
7,57d18421-8c71-47bc-992e-0d0dfdcdbbea,netgear-raxe500.pdf,149,150,P5,1412,238,353,17,0,1,True,False,False,False
7,57d18421-8c71-47bc-992e-0d0dfdcdbbea,netgear-raxe500.pdf,150,151,P5,1840,314,460,18,0,1,True,False,False,False
7,57d18421-8c71-47bc-992e-0d0dfdcdbbea,netgear-raxe500.pdf,151,152,P5,2178,354,545,18,0,1,True,False,False,False
7,57d18421-8c71-47bc-992e-0d0dfdcdbbea,netgear-raxe500.pdf,152,153,P5,1538,258,385,18,0,6,True,False,False,False
7,57d18421-8c71-47bc-992e-0d0dfdcdbbea,netgear-raxe500.pdf,153,154,P5,1814,295,454,16,0,1,True,False,False,False
7,57d18421-8c71-47bc-992e-0d0dfdcdbbea,netgear-raxe500.pdf,154,155,P5,2142,349,536,11,0,1,True,False,False,False
7,57d18421-8c71-47bc-992e-0d0dfdcdbbea,netgear-raxe500.pdf,155,156,P5,560,89,140,6,0,65,True,False,False,False
7,57d18421-8c71-47bc-992e-0d0dfdcdbbea,netgear-raxe500.pdf,156,157,P5,1784,304,446,18,0,1,True,False,False,False
7,57d18421-8c71-47bc-992e-0d0dfdcdbbea,netgear-raxe500.pdf,157,158,P5,1687,295,422,20,0,2,True,False,False,False
7,57d18421-8c71-47bc-992e-0d0dfdcdbbea,netgear-raxe500.pdf,158,159,P5,2015,361,504,19,0,2,True,False,False,False
7,57d18421-8c71-47bc-992e-0d0dfdcdbbea,netgear-raxe500.pdf,159,160,P5,2386,416,597,14,0,2,True,False,False,False
7,57d18421-8c71-47bc-992e-0d0dfdcdbbea,netgear-raxe500.pdf,160,161,P5,2211,388,553,18,0,10,True,False,False,False
7,57d18421-8c71-47bc-992e-0d0dfdcdbbea,netgear-raxe500.pdf,161,162,P5,1964,332,491,13,0,1,True,False,False,False
7,57d18421-8c71-47bc-992e-0d0dfdcdbbea,netgear-raxe500.pdf,162,163,P5,1756,313,439,15,0,1,True,False,False,False
7,57d18421-8c71-47bc-992e-0d0dfdcdbbea,netgear-raxe500.pdf,163,164,P5,1818,323,455,20,0,14,True,False,False,False
7,57d18421-8c71-47bc-992e-0d0dfdcdbbea,netgear-raxe500.pdf,164,165,P5,1220,213,305,9,0,1,True,False,False,False
7,57d18421-8c71-47bc-992e-0d0dfdcdbbea,netgear-raxe500.pdf,165,166,P5,184,24,46,6,0,8,True,False,False,False
7,57d18421-8c71-47bc-992e-0d0dfdcdbbea,netgear-raxe500.pdf,166,167,P5,1042,156,261,26,0,25,True,False,True,False
7,57d18421-8c71-47bc-992e-0d0dfdcdbbea,netgear-raxe500.pdf,167,168,P5,1638,260,410,24,0,21,True,False,True,False
7,57d18421-8c71-47bc-992e-0d0dfdcdbbea,netgear-raxe500.pdf,168,169,P5,1286,176,322,13,0,12,True,False,True,False
8,4431ab7b-17f3-4bc6-8ee4-691efbcdfdeb,netgear-rbk852.pdf,0,1,P1,302,48,76,5,1,11,True,False,False,False
8,4431ab7b-17f3-4bc6-8ee4-691efbcdfdeb,netgear-rbk852.pdf,1,2,P1,1854,256,464,17,0,21,True,False,False,False
8,4431ab7b-17f3-4bc6-8ee4-691efbcdfdeb,netgear-rbk852.pdf,2,3,P1,2763,185,691,13,0,1,True,False,False,False
8,4431ab7b-17f3-4bc6-8ee4-691efbcdfdeb,netgear-rbk852.pdf,3,4,P1,3216,273,804,12,0,1,True,False,False,False
8,4431ab7b-17f3-4bc6-8ee4-691efbcdfdeb,netgear-rbk852.pdf,4,5,P1,3623,257,906,11,0,1,True,False,False,False
8,4431ab7b-17f3-4bc6-8ee4-691efbcdfdeb,netgear-rbk852.pdf,5,6,P1,3373,255,844,14,0,1,True,False,False,False
8,4431ab7b-17f3-4bc6-8ee4-691efbcdfdeb,netgear-rbk852.pdf,6,7,P1,2548,198,637,13,0,1,True,False,False,False
8,4431ab7b-17f3-4bc6-8ee4-691efbcdfdeb,netgear-rbk852.pdf,7,8,P1,1002,162,251,9,0,40,True,False,False,False
8,4431ab7b-17f3-4bc6-8ee4-691efbcdfdeb,netgear-rbk852.pdf,8,9,P1,866,140,217,14,2,596,True,False,False,True
8,4431ab7b-17f3-4bc6-8ee4-691efbcdfdeb,netgear-rbk852.pdf,9,10,P1,1217,211,305,23,0,58,True,False,True,False
8,4431ab7b-17f3-4bc6-8ee4-691efbcdfdeb,netgear-rbk852.pdf,10,11,P1,577,94,145,16,2,560,True,False,True,True
8,4431ab7b-17f3-4bc6-8ee4-691efbcdfdeb,netgear-rbk852.pdf,11,12,P1,1133,191,284,23,0,19,True,False,True,False
8,4431ab7b-17f3-4bc6-8ee4-691efbcdfdeb,netgear-rbk852.pdf,12,13,P1,1089,200,273,13,2,771,True,False,False,False
8,4431ab7b-17f3-4bc6-8ee4-691efbcdfdeb,netgear-rbk852.pdf,13,14,P1,1534,273,384,19,0,8,True,False,False,False
8,4431ab7b-17f3-4bc6-8ee4-691efbcdfdeb,netgear-rbk852.pdf,14,15,P1,278,53,70,5,0,58,True,False,False,False
8,4431ab7b-17f3-4bc6-8ee4-691efbcdfdeb,netgear-rbk852.pdf,15,16,P1,2018,357,505,19,0,1,True,False,False,False
8,4431ab7b-17f3-4bc6-8ee4-691efbcdfdeb,netgear-rbk852.pdf,16,17,P1,1833,321,459,18,0,1,True,False,False,False
8,4431ab7b-17f3-4bc6-8ee4-691efbcdfdeb,netgear-rbk852.pdf,17,18,P1,1046,191,262,13,2,441,True,False,False,False
8,4431ab7b-17f3-4bc6-8ee4-691efbcdfdeb,netgear-rbk852.pdf,18,19,P1,2113,360,529,18,0,1,True,False,False,False
8,4431ab7b-17f3-4bc6-8ee4-691efbcdfdeb,netgear-rbk852.pdf,19,20,P1,1809,318,453,23,0,2,True,False,False,False
8,4431ab7b-17f3-4bc6-8ee4-691efbcdfdeb,netgear-rbk852.pdf,20,21,P1,971,173,243,13,0,1,True,False,False,False
8,4431ab7b-17f3-4bc6-8ee4-691efbcdfdeb,netgear-rbk852.pdf,21,22,P1,524,89,131,6,0,57,True,False,False,False
8,4431ab7b-17f3-4bc6-8ee4-691efbcdfdeb,netgear-rbk852.pdf,22,23,P1,1321,224,331,15,0,37,True,False,False,False
8,4431ab7b-17f3-4bc6-8ee4-691efbcdfdeb,netgear-rbk852.pdf,23,24,P1,1714,302,429,16,0,1,True,False,False,False
8,4431ab7b-17f3-4bc6-8ee4-691efbcdfdeb,netgear-rbk852.pdf,24,25,P1,1719,303,430,17,0,37,True,False,False,False
8,4431ab7b-17f3-4bc6-8ee4-691efbcdfdeb,netgear-rbk852.pdf,25,26,P1,1274,224,319,14,0,1,True,False,False,False
8,4431ab7b-17f3-4bc6-8ee4-691efbcdfdeb,netgear-rbk852.pdf,26,27,P1,1594,272,399,20,0,1,True,False,False,False
8,4431ab7b-17f3-4bc6-8ee4-691efbcdfdeb,netgear-rbk852.pdf,27,28,P1,1636,286,409,23,0,113,True,False,False,False
8,4431ab7b-17f3-4bc6-8ee4-691efbcdfdeb,netgear-rbk852.pdf,28,29,P1,1916,326,479,18,0,1,True,False,False,False
8,4431ab7b-17f3-4bc6-8ee4-691efbcdfdeb,netgear-rbk852.pdf,29,30,P1,2362,405,591,16,0,1,True,False,False,False
8,4431ab7b-17f3-4bc6-8ee4-691efbcdfdeb,netgear-rbk852.pdf,30,31,P1,1876,327,469,17,0,1,True,False,False,False
8,4431ab7b-17f3-4bc6-8ee4-691efbcdfdeb,netgear-rbk852.pdf,31,32,P1,2014,332,504,14,0,1,True,False,False,False
8,4431ab7b-17f3-4bc6-8ee4-691efbcdfdeb,netgear-rbk852.pdf,32,33,P1,1829,306,458,15,0,1,True,False,False,False
8,4431ab7b-17f3-4bc6-8ee4-691efbcdfdeb,netgear-rbk852.pdf,33,34,P2,1909,324,478,18,0,1,True,False,False,False
8,4431ab7b-17f3-4bc6-8ee4-691efbcdfdeb,netgear-rbk852.pdf,34,35,P2,1386,238,347,18,0,1,True,False,False,False
8,4431ab7b-17f3-4bc6-8ee4-691efbcdfdeb,netgear-rbk852.pdf,35,36,P2,1786,302,447,18,0,12,True,False,False,False
8,4431ab7b-17f3-4bc6-8ee4-691efbcdfdeb,netgear-rbk852.pdf,36,37,P2,2280,396,570,16,0,1,True,False,False,False
8,4431ab7b-17f3-4bc6-8ee4-691efbcdfdeb,netgear-rbk852.pdf,37,38,P2,1898,325,475,16,0,1,True,False,False,False
8,4431ab7b-17f3-4bc6-8ee4-691efbcdfdeb,netgear-rbk852.pdf,38,39,P2,2267,384,567,16,0,1,True,False,False,False
8,4431ab7b-17f3-4bc6-8ee4-691efbcdfdeb,netgear-rbk852.pdf,39,40,P2,1878,318,470,16,0,1,True,False,False,False
8,4431ab7b-17f3-4bc6-8ee4-691efbcdfdeb,netgear-rbk852.pdf,40,41,P2,922,160,231,15,0,11,True,False,True,False
8,4431ab7b-17f3-4bc6-8ee4-691efbcdfdeb,netgear-rbk852.pdf,41,42,P2,572,96,143,6,0,103,True,False,False,False
8,4431ab7b-17f3-4bc6-8ee4-691efbcdfdeb,netgear-rbk852.pdf,42,43,P2,1648,268,412,16,0,2,True,False,False,False
8,4431ab7b-17f3-4bc6-8ee4-691efbcdfdeb,netgear-rbk852.pdf,43,44,P2,1863,331,466,18,0,1,True,False,False,False
8,4431ab7b-17f3-4bc6-8ee4-691efbcdfdeb,netgear-rbk852.pdf,44,45,P2,1426,251,357,20,0,16,True,False,False,False
8,4431ab7b-17f3-4bc6-8ee4-691efbcdfdeb,netgear-rbk852.pdf,45,46,P2,1387,248,347,19,0,1,True,False,False,False
8,4431ab7b-17f3-4bc6-8ee4-691efbcdfdeb,netgear-rbk852.pdf,46,47,P2,1426,252,357,19,0,10,True,False,False,False
8,4431ab7b-17f3-4bc6-8ee4-691efbcdfdeb,netgear-rbk852.pdf,47,48,P2,1780,311,445,22,0,15,True,False,False,False
8,4431ab7b-17f3-4bc6-8ee4-691efbcdfdeb,netgear-rbk852.pdf,48,49,P2,1479,262,370,17,0,21,True,False,False,False
8,4431ab7b-17f3-4bc6-8ee4-691efbcdfdeb,netgear-rbk852.pdf,49,50,P2,1735,301,434,16,0,1,True,False,False,False
8,4431ab7b-17f3-4bc6-8ee4-691efbcdfdeb,netgear-rbk852.pdf,50,51,P2,633,117,159,8,0,1,True,False,False,False
8,4431ab7b-17f3-4bc6-8ee4-691efbcdfdeb,netgear-rbk852.pdf,51,52,P2,378,69,95,5,0,94,True,False,False,False
8,4431ab7b-17f3-4bc6-8ee4-691efbcdfdeb,netgear-rbk852.pdf,52,53,P2,2272,408,568,12,0,1,True,False,False,False
8,4431ab7b-17f3-4bc6-8ee4-691efbcdfdeb,netgear-rbk852.pdf,53,54,P2,1997,360,500,16,0,1,True,False,False,False
8,4431ab7b-17f3-4bc6-8ee4-691efbcdfdeb,netgear-rbk852.pdf,54,55,P2,1746,312,437,17,0,1,True,False,False,False
8,4431ab7b-17f3-4bc6-8ee4-691efbcdfdeb,netgear-rbk852.pdf,55,56,P2,1526,277,382,19,0,1,True,False,False,False
8,4431ab7b-17f3-4bc6-8ee4-691efbcdfdeb,netgear-rbk852.pdf,56,57,P2,1339,234,335,17,0,1,True,False,False,False
8,4431ab7b-17f3-4bc6-8ee4-691efbcdfdeb,netgear-rbk852.pdf,57,58,P2,1332,233,333,18,0,1,True,False,False,False
8,4431ab7b-17f3-4bc6-8ee4-691efbcdfdeb,netgear-rbk852.pdf,58,59,P2,1211,224,303,16,0,1,True,False,False,False
8,4431ab7b-17f3-4bc6-8ee4-691efbcdfdeb,netgear-rbk852.pdf,59,60,P2,1301,232,326,20,0,1,True,False,False,False
8,4431ab7b-17f3-4bc6-8ee4-691efbcdfdeb,netgear-rbk852.pdf,60,61,P2,1571,276,393,17,0,1,True,False,False,False
8,4431ab7b-17f3-4bc6-8ee4-691efbcdfdeb,netgear-rbk852.pdf,61,62,P2,1519,264,380,17,0,1,True,False,False,False
8,4431ab7b-17f3-4bc6-8ee4-691efbcdfdeb,netgear-rbk852.pdf,62,63,P2,1730,291,433,16,0,1,True,False,False,False
8,4431ab7b-17f3-4bc6-8ee4-691efbcdfdeb,netgear-rbk852.pdf,63,64,P2,1688,276,422,18,0,1,True,False,False,False
8,4431ab7b-17f3-4bc6-8ee4-691efbcdfdeb,netgear-rbk852.pdf,64,65,P2,133,23,34,3,0,1,True,False,False,False
8,4431ab7b-17f3-4bc6-8ee4-691efbcdfdeb,netgear-rbk852.pdf,65,66,P3,708,133,177,5,0,198,True,False,False,False
8,4431ab7b-17f3-4bc6-8ee4-691efbcdfdeb,netgear-rbk852.pdf,66,67,P3,2184,378,546,17,0,19,True,False,False,False
8,4431ab7b-17f3-4bc6-8ee4-691efbcdfdeb,netgear-rbk852.pdf,67,68,P3,1768,285,442,12,0,1,True,False,False,False
8,4431ab7b-17f3-4bc6-8ee4-691efbcdfdeb,netgear-rbk852.pdf,68,69,P3,1646,294,412,23,0,1,True,False,False,False
8,4431ab7b-17f3-4bc6-8ee4-691efbcdfdeb,netgear-rbk852.pdf,69,70,P3,1699,281,425,14,0,1,True,False,False,False
8,4431ab7b-17f3-4bc6-8ee4-691efbcdfdeb,netgear-rbk852.pdf,70,71,P3,1692,303,423,23,0,1,True,False,False,False
8,4431ab7b-17f3-4bc6-8ee4-691efbcdfdeb,netgear-rbk852.pdf,71,72,P3,1939,339,485,16,0,1,True,False,False,False
8,4431ab7b-17f3-4bc6-8ee4-691efbcdfdeb,netgear-rbk852.pdf,72,73,P3,1747,308,437,22,0,1,True,False,False,False
8,4431ab7b-17f3-4bc6-8ee4-691efbcdfdeb,netgear-rbk852.pdf,73,74,P3,1473,258,369,20,0,1,True,False,False,False
8,4431ab7b-17f3-4bc6-8ee4-691efbcdfdeb,netgear-rbk852.pdf,74,75,P3,1807,308,452,15,0,1,True,False,False,False
8,4431ab7b-17f3-4bc6-8ee4-691efbcdfdeb,netgear-rbk852.pdf,75,76,P3,1455,255,364,18,0,1,True,False,False,False
8,4431ab7b-17f3-4bc6-8ee4-691efbcdfdeb,netgear-rbk852.pdf,76,77,P3,1678,282,420,21,0,1,True,False,False,False
8,4431ab7b-17f3-4bc6-8ee4-691efbcdfdeb,netgear-rbk852.pdf,77,78,P3,1803,319,451,20,0,1,True,False,False,False
8,4431ab7b-17f3-4bc6-8ee4-691efbcdfdeb,netgear-rbk852.pdf,78,79,P3,1601,285,401,21,0,1,True,False,False,False
8,4431ab7b-17f3-4bc6-8ee4-691efbcdfdeb,netgear-rbk852.pdf,79,80,P3,1550,273,388,18,0,1,True,False,False,False
8,4431ab7b-17f3-4bc6-8ee4-691efbcdfdeb,netgear-rbk852.pdf,80,81,P3,1282,226,321,20,0,1,True,False,False,False
8,4431ab7b-17f3-4bc6-8ee4-691efbcdfdeb,netgear-rbk852.pdf,81,82,P3,1854,320,464,19,0,1,True,False,False,False
8,4431ab7b-17f3-4bc6-8ee4-691efbcdfdeb,netgear-rbk852.pdf,82,83,P3,1436,259,359,19,0,1,True,False,False,False
8,4431ab7b-17f3-4bc6-8ee4-691efbcdfdeb,netgear-rbk852.pdf,83,84,P3,1154,204,289,18,0,1,True,False,False,False
8,4431ab7b-17f3-4bc6-8ee4-691efbcdfdeb,netgear-rbk852.pdf,84,85,P3,2038,375,510,17,0,1,True,False,False,False
8,4431ab7b-17f3-4bc6-8ee4-691efbcdfdeb,netgear-rbk852.pdf,85,86,P3,1340,238,335,16,0,1,True,False,False,False
8,4431ab7b-17f3-4bc6-8ee4-691efbcdfdeb,netgear-rbk852.pdf,86,87,P3,1631,266,408,18,0,1,True,False,False,False
8,4431ab7b-17f3-4bc6-8ee4-691efbcdfdeb,netgear-rbk852.pdf,87,88,P3,2203,377,551,10,0,1,True,False,False,False
8,4431ab7b-17f3-4bc6-8ee4-691efbcdfdeb,netgear-rbk852.pdf,88,89,P3,1493,265,374,16,0,1,True,False,False,False
8,4431ab7b-17f3-4bc6-8ee4-691efbcdfdeb,netgear-rbk852.pdf,89,90,P3,1665,301,417,21,0,7,True,False,False,False
8,4431ab7b-17f3-4bc6-8ee4-691efbcdfdeb,netgear-rbk852.pdf,90,91,P3,568,102,142,11,0,7,True,False,False,False
8,4431ab7b-17f3-4bc6-8ee4-691efbcdfdeb,netgear-rbk852.pdf,91,92,P3,876,145,219,6,0,182,True,False,False,False
8,4431ab7b-17f3-4bc6-8ee4-691efbcdfdeb,netgear-rbk852.pdf,92,93,P3,1569,270,393,15,0,1,True,False,False,False
8,4431ab7b-17f3-4bc6-8ee4-691efbcdfdeb,netgear-rbk852.pdf,93,94,P3,1792,300,448,18,0,16,True,False,False,False
8,4431ab7b-17f3-4bc6-8ee4-691efbcdfdeb,netgear-rbk852.pdf,94,95,P3,1580,262,395,18,0,1,True,False,False,False
8,4431ab7b-17f3-4bc6-8ee4-691efbcdfdeb,netgear-rbk852.pdf,95,96,P3,1464,259,366,17,0,1,True,False,False,False
8,4431ab7b-17f3-4bc6-8ee4-691efbcdfdeb,netgear-rbk852.pdf,96,97,P3,1411,238,353,19,0,1,True,False,False,False
8,4431ab7b-17f3-4bc6-8ee4-691efbcdfdeb,netgear-rbk852.pdf,97,98,P4,1776,281,444,16,0,2,True,False,False,False
8,4431ab7b-17f3-4bc6-8ee4-691efbcdfdeb,netgear-rbk852.pdf,98,99,P4,1297,221,325,19,0,1,True,False,False,False
8,4431ab7b-17f3-4bc6-8ee4-691efbcdfdeb,netgear-rbk852.pdf,99,100,P4,1650,286,413,21,0,1,True,False,False,False
8,4431ab7b-17f3-4bc6-8ee4-691efbcdfdeb,netgear-rbk852.pdf,100,101,P4,1649,281,413,23,0,1,True,False,False,False
8,4431ab7b-17f3-4bc6-8ee4-691efbcdfdeb,netgear-rbk852.pdf,101,102,P4,1593,281,399,21,0,1,True,False,False,False
8,4431ab7b-17f3-4bc6-8ee4-691efbcdfdeb,netgear-rbk852.pdf,102,103,P4,1729,290,433,18,0,1,True,False,False,False
8,4431ab7b-17f3-4bc6-8ee4-691efbcdfdeb,netgear-rbk852.pdf,103,104,P4,1326,230,332,17,0,1,True,False,False,False
8,4431ab7b-17f3-4bc6-8ee4-691efbcdfdeb,netgear-rbk852.pdf,104,105,P4,1802,294,451,19,0,1,True,False,False,False
8,4431ab7b-17f3-4bc6-8ee4-691efbcdfdeb,netgear-rbk852.pdf,105,106,P4,1457,252,365,20,0,1,True,False,False,False
8,4431ab7b-17f3-4bc6-8ee4-691efbcdfdeb,netgear-rbk852.pdf,106,107,P4,1616,274,404,19,0,1,True,False,False,False
8,4431ab7b-17f3-4bc6-8ee4-691efbcdfdeb,netgear-rbk852.pdf,107,108,P4,1790,317,448,17,0,1,True,False,False,False
8,4431ab7b-17f3-4bc6-8ee4-691efbcdfdeb,netgear-rbk852.pdf,108,109,P4,1397,242,350,17,0,1,True,False,False,False
8,4431ab7b-17f3-4bc6-8ee4-691efbcdfdeb,netgear-rbk852.pdf,109,110,P4,1441,247,361,20,0,1,True,False,False,False
8,4431ab7b-17f3-4bc6-8ee4-691efbcdfdeb,netgear-rbk852.pdf,110,111,P4,1382,229,346,15,0,2,True,False,False,False
8,4431ab7b-17f3-4bc6-8ee4-691efbcdfdeb,netgear-rbk852.pdf,111,112,P4,463,81,116,6,0,59,True,False,False,False
8,4431ab7b-17f3-4bc6-8ee4-691efbcdfdeb,netgear-rbk852.pdf,112,113,P4,2177,386,545,16,0,29,True,False,False,False
8,4431ab7b-17f3-4bc6-8ee4-691efbcdfdeb,netgear-rbk852.pdf,113,114,P4,1854,329,464,17,0,34,True,False,False,False
8,4431ab7b-17f3-4bc6-8ee4-691efbcdfdeb,netgear-rbk852.pdf,114,115,P4,2154,365,539,13,0,11,True,False,False,False
8,4431ab7b-17f3-4bc6-8ee4-691efbcdfdeb,netgear-rbk852.pdf,115,116,P4,1707,273,427,16,0,12,True,False,False,False
8,4431ab7b-17f3-4bc6-8ee4-691efbcdfdeb,netgear-rbk852.pdf,116,117,P4,1874,299,469,21,0,3,True,False,False,False
8,4431ab7b-17f3-4bc6-8ee4-691efbcdfdeb,netgear-rbk852.pdf,117,118,P4,1875,308,469,18,0,22,True,False,False,False
8,4431ab7b-17f3-4bc6-8ee4-691efbcdfdeb,netgear-rbk852.pdf,118,119,P4,1746,295,437,21,0,12,True,False,False,False
8,4431ab7b-17f3-4bc6-8ee4-691efbcdfdeb,netgear-rbk852.pdf,119,120,P4,1860,322,465,17,0,2,True,False,False,False
8,4431ab7b-17f3-4bc6-8ee4-691efbcdfdeb,netgear-rbk852.pdf,120,121,P4,1891,334,473,15,0,21,True,False,False,False
8,4431ab7b-17f3-4bc6-8ee4-691efbcdfdeb,netgear-rbk852.pdf,121,122,P4,147,26,37,3,0,1,True,False,False,False
8,4431ab7b-17f3-4bc6-8ee4-691efbcdfdeb,netgear-rbk852.pdf,122,123,P4,305,50,77,6,0,20,True,False,False,False
8,4431ab7b-17f3-4bc6-8ee4-691efbcdfdeb,netgear-rbk852.pdf,123,124,P4,1936,338,484,18,0,21,True,False,False,False
8,4431ab7b-17f3-4bc6-8ee4-691efbcdfdeb,netgear-rbk852.pdf,124,125,P4,1572,275,393,21,0,1,True,False,False,False
8,4431ab7b-17f3-4bc6-8ee4-691efbcdfdeb,netgear-rbk852.pdf,125,126,P4,1613,283,404,20,0,1,True,False,False,False
8,4431ab7b-17f3-4bc6-8ee4-691efbcdfdeb,netgear-rbk852.pdf,126,127,P4,1659,280,415,20,0,1,True,False,False,False
8,4431ab7b-17f3-4bc6-8ee4-691efbcdfdeb,netgear-rbk852.pdf,127,128,P4,2165,370,542,15,0,1,True,False,False,False
8,4431ab7b-17f3-4bc6-8ee4-691efbcdfdeb,netgear-rbk852.pdf,128,129,P4,1665,286,417,19,0,1,True,False,False,False
8,4431ab7b-17f3-4bc6-8ee4-691efbcdfdeb,netgear-rbk852.pdf,129,130,P5,1740,288,435,16,0,1,True,False,False,False
8,4431ab7b-17f3-4bc6-8ee4-691efbcdfdeb,netgear-rbk852.pdf,130,131,P5,2525,416,632,11,0,1,True,False,False,False
8,4431ab7b-17f3-4bc6-8ee4-691efbcdfdeb,netgear-rbk852.pdf,131,132,P5,586,93,147,6,0,67,True,False,False,False
8,4431ab7b-17f3-4bc6-8ee4-691efbcdfdeb,netgear-rbk852.pdf,132,133,P5,1451,246,363,19,0,1,True,False,False,False
8,4431ab7b-17f3-4bc6-8ee4-691efbcdfdeb,netgear-rbk852.pdf,133,134,P5,1695,305,424,15,0,7,True,False,False,False
8,4431ab7b-17f3-4bc6-8ee4-691efbcdfdeb,netgear-rbk852.pdf,134,135,P5,1495,261,374,17,0,10,True,False,False,False
8,4431ab7b-17f3-4bc6-8ee4-691efbcdfdeb,netgear-rbk852.pdf,135,136,P5,2049,353,513,12,0,1,True,False,False,False
8,4431ab7b-17f3-4bc6-8ee4-691efbcdfdeb,netgear-rbk852.pdf,136,137,P5,1417,229,355,17,0,1,True,False,False,False
8,4431ab7b-17f3-4bc6-8ee4-691efbcdfdeb,netgear-rbk852.pdf,137,138,P5,1621,293,406,20,0,1,True,False,False,False
8,4431ab7b-17f3-4bc6-8ee4-691efbcdfdeb,netgear-rbk852.pdf,138,139,P5,1918,339,480,18,0,14,True,False,False,False
8,4431ab7b-17f3-4bc6-8ee4-691efbcdfdeb,netgear-rbk852.pdf,139,140,P5,613,106,154,5,0,1,True,False,False,False
8,4431ab7b-17f3-4bc6-8ee4-691efbcdfdeb,netgear-rbk852.pdf,140,141,P5,241,34,61,5,0,38,True,False,False,False
8,4431ab7b-17f3-4bc6-8ee4-691efbcdfdeb,netgear-rbk852.pdf,141,142,P5,1123,185,281,26,0,22,True,False,True,False
8,4431ab7b-17f3-4bc6-8ee4-691efbcdfdeb,netgear-rbk852.pdf,142,143,P5,1148,171,287,22,0,22,True,False,True,False
8,4431ab7b-17f3-4bc6-8ee4-691efbcdfdeb,netgear-rbk852.pdf,143,144,P5,1008,157,252,28,0,26,True,False,True,False
8,4431ab7b-17f3-4bc6-8ee4-691efbcdfdeb,netgear-rbk852.pdf,144,145,P5,967,144,242,18,0,18,True,False,True,False
8,4431ab7b-17f3-4bc6-8ee4-691efbcdfdeb,netgear-rbk852.pdf,145,146,P5,1008,157,252,28,0,26,True,False,True,False
8,4431ab7b-17f3-4bc6-8ee4-691efbcdfdeb,netgear-rbk852.pdf,146,147,P5,1273,199,319,20,0,18,True,False,True,False
8,4431ab7b-17f3-4bc6-8ee4-691efbcdfdeb,netgear-rbk852.pdf,147,148,P5,999,155,250,27,0,25,True,False,True,False
8,4431ab7b-17f3-4bc6-8ee4-691efbcdfdeb,netgear-rbk852.pdf,148,149,P5,1268,185,317,26,0,26,True,False,True,False
8,4431ab7b-17f3-4bc6-8ee4-691efbcdfdeb,netgear-rbk852.pdf,149,150,P5,1186,177,297,27,0,26,True,False,True,False
8,4431ab7b-17f3-4bc6-8ee4-691efbcdfdeb,netgear-rbk852.pdf,150,151,P5,919,142,230,25,0,26,True,False,True,False
8,4431ab7b-17f3-4bc6-8ee4-691efbcdfdeb,netgear-rbk852.pdf,151,152,P5,1254,198,314,24,0,23,True,False,True,False
8,4431ab7b-17f3-4bc6-8ee4-691efbcdfdeb,netgear-rbk852.pdf,152,153,P5,1707,259,427,24,0,17,True,False,True,False
8,4431ab7b-17f3-4bc6-8ee4-691efbcdfdeb,netgear-rbk852.pdf,153,154,P5,1605,246,402,25,0,22,True,False,True,False
8,4431ab7b-17f3-4bc6-8ee4-691efbcdfdeb,netgear-rbk852.pdf,154,155,P5,1549,225,388,19,0,16,True,False,True,False
8,4431ab7b-17f3-4bc6-8ee4-691efbcdfdeb,netgear-rbk852.pdf,155,156,P5,1747,264,437,24,0,19,True,False,True,False
8,4431ab7b-17f3-4bc6-8ee4-691efbcdfdeb,netgear-rbk852.pdf,156,157,P5,1531,234,383,25,0,20,True,False,True,False
8,4431ab7b-17f3-4bc6-8ee4-691efbcdfdeb,netgear-rbk852.pdf,157,158,P5,1451,211,363,18,0,15,True,False,True,False
8,4431ab7b-17f3-4bc6-8ee4-691efbcdfdeb,netgear-rbk852.pdf,158,159,P5,1795,274,449,25,0,19,True,False,True,False
8,4431ab7b-17f3-4bc6-8ee4-691efbcdfdeb,netgear-rbk852.pdf,159,160,P5,1687,249,422,24,0,21,True,False,True,False
8,4431ab7b-17f3-4bc6-8ee4-691efbcdfdeb,netgear-rbk852.pdf,160,161,P5,1001,152,251,15,0,13,True,False,True,False
9,404fe683-4727-4c53-9c1d-9adf98a793c4,netgear-xr500.pdf,0,1,P1,134,22,34,5,1,11,True,False,False,False
9,404fe683-4727-4c53-9c1d-9adf98a793c4,netgear-xr500.pdf,1,2,P1,1625,222,407,13,0,8,True,False,False,False
9,404fe683-4727-4c53-9c1d-9adf98a793c4,netgear-xr500.pdf,2,3,P1,2775,197,694,12,0,1,True,False,False,False
9,404fe683-4727-4c53-9c1d-9adf98a793c4,netgear-xr500.pdf,3,4,P1,3114,248,779,14,0,1,True,False,False,False
9,404fe683-4727-4c53-9c1d-9adf98a793c4,netgear-xr500.pdf,4,5,P1,3287,255,822,10,0,1,True,False,False,False
9,404fe683-4727-4c53-9c1d-9adf98a793c4,netgear-xr500.pdf,5,6,P1,3357,266,840,11,0,1,True,False,False,False
9,404fe683-4727-4c53-9c1d-9adf98a793c4,netgear-xr500.pdf,6,7,P1,2841,276,711,16,0,1,True,False,False,False
9,404fe683-4727-4c53-9c1d-9adf98a793c4,netgear-xr500.pdf,7,8,P1,3195,272,799,14,0,1,True,False,False,False
9,404fe683-4727-4c53-9c1d-9adf98a793c4,netgear-xr500.pdf,8,9,P1,673,42,169,6,0,1,True,False,False,False
9,404fe683-4727-4c53-9c1d-9adf98a793c4,netgear-xr500.pdf,9,10,P1,490,86,123,7,0,77,True,False,False,False
9,404fe683-4727-4c53-9c1d-9adf98a793c4,netgear-xr500.pdf,10,11,P1,226,35,57,5,1,1,True,False,False,True
9,404fe683-4727-4c53-9c1d-9adf98a793c4,netgear-xr500.pdf,11,12,P1,829,143,208,11,3,7,True,False,True,True
9,404fe683-4727-4c53-9c1d-9adf98a793c4,netgear-xr500.pdf,12,13,P1,2058,382,515,19,9,15,True,False,True,False
9,404fe683-4727-4c53-9c1d-9adf98a793c4,netgear-xr500.pdf,13,14,P1,1201,209,301,14,1,4,True,False,False,True
9,404fe683-4727-4c53-9c1d-9adf98a793c4,netgear-xr500.pdf,14,15,P1,672,115,168,9,1,1,True,False,False,True
9,404fe683-4727-4c53-9c1d-9adf98a793c4,netgear-xr500.pdf,15,16,P1,557,89,140,8,2,1,True,False,False,True
9,404fe683-4727-4c53-9c1d-9adf98a793c4,netgear-xr500.pdf,16,17,P1,1436,252,359,25,0,1,True,False,False,False
9,404fe683-4727-4c53-9c1d-9adf98a793c4,netgear-xr500.pdf,17,18,P1,1133,215,284,14,1,18,True,False,False,True
9,404fe683-4727-4c53-9c1d-9adf98a793c4,netgear-xr500.pdf,18,19,P1,192,37,48,4,1,1,True,False,False,False
9,404fe683-4727-4c53-9c1d-9adf98a793c4,netgear-xr500.pdf,19,20,P1,409,75,103,6,0,46,True,False,False,False
9,404fe683-4727-4c53-9c1d-9adf98a793c4,netgear-xr500.pdf,20,21,P1,1593,277,399,21,0,1,True,False,False,False
9,404fe683-4727-4c53-9c1d-9adf98a793c4,netgear-xr500.pdf,21,22,P1,1843,327,461,17,0,1,True,False,False,False
9,404fe683-4727-4c53-9c1d-9adf98a793c4,netgear-xr500.pdf,22,23,P1,2061,343,516,16,0,1,True,False,False,False
9,404fe683-4727-4c53-9c1d-9adf98a793c4,netgear-xr500.pdf,23,24,P1,2312,389,578,19,0,15,True,False,False,False
9,404fe683-4727-4c53-9c1d-9adf98a793c4,netgear-xr500.pdf,24,25,P1,1282,217,321,21,0,13,True,False,False,False
9,404fe683-4727-4c53-9c1d-9adf98a793c4,netgear-xr500.pdf,25,26,P1,890,140,223,10,0,2,True,False,False,False
9,404fe683-4727-4c53-9c1d-9adf98a793c4,netgear-xr500.pdf,26,27,P1,519,86,130,6,0,41,True,False,False,False
9,404fe683-4727-4c53-9c1d-9adf98a793c4,netgear-xr500.pdf,27,28,P1,1504,252,376,18,0,12,True,False,False,False
9,404fe683-4727-4c53-9c1d-9adf98a793c4,netgear-xr500.pdf,28,29,P1,1956,341,489,15,0,1,True,False,False,False
9,404fe683-4727-4c53-9c1d-9adf98a793c4,netgear-xr500.pdf,29,30,P1,1738,302,435,18,0,9,True,False,False,False
9,404fe683-4727-4c53-9c1d-9adf98a793c4,netgear-xr500.pdf,30,31,P1,1869,323,468,15,0,9,True,False,False,False
9,404fe683-4727-4c53-9c1d-9adf98a793c4,netgear-xr500.pdf,31,32,P1,1518,272,380,19,0,113,True,False,False,False
9,404fe683-4727-4c53-9c1d-9adf98a793c4,netgear-xr500.pdf,32,33,P1,2079,351,520,17,0,1,True,False,False,False
9,404fe683-4727-4c53-9c1d-9adf98a793c4,netgear-xr500.pdf,33,34,P1,1856,317,464,18,0,1,True,False,False,False
9,404fe683-4727-4c53-9c1d-9adf98a793c4,netgear-xr500.pdf,34,35,P1,2048,355,512,17,0,1,True,False,False,False
9,404fe683-4727-4c53-9c1d-9adf98a793c4,netgear-xr500.pdf,35,36,P1,1990,338,498,17,0,1,True,False,False,False
9,404fe683-4727-4c53-9c1d-9adf98a793c4,netgear-xr500.pdf,36,37,P1,1904,318,476,17,0,1,True,False,False,False
9,404fe683-4727-4c53-9c1d-9adf98a793c4,netgear-xr500.pdf,37,38,P1,2156,368,539,16,0,1,True,False,False,False
9,404fe683-4727-4c53-9c1d-9adf98a793c4,netgear-xr500.pdf,38,39,P1,1437,241,360,19,0,1,True,False,False,False
9,404fe683-4727-4c53-9c1d-9adf98a793c4,netgear-xr500.pdf,39,40,P1,1779,300,445,17,0,12,True,False,False,False
9,404fe683-4727-4c53-9c1d-9adf98a793c4,netgear-xr500.pdf,40,41,P1,1864,322,466,18,0,1,True,False,False,False
9,404fe683-4727-4c53-9c1d-9adf98a793c4,netgear-xr500.pdf,41,42,P1,1959,338,490,18,0,1,True,False,False,False
9,404fe683-4727-4c53-9c1d-9adf98a793c4,netgear-xr500.pdf,42,43,P1,2322,395,581,16,0,16,True,False,False,False
9,404fe683-4727-4c53-9c1d-9adf98a793c4,netgear-xr500.pdf,43,44,P2,1767,302,442,15,0,1,True,False,False,False
9,404fe683-4727-4c53-9c1d-9adf98a793c4,netgear-xr500.pdf,44,45,P2,1863,316,466,19,0,1,True,False,False,False
9,404fe683-4727-4c53-9c1d-9adf98a793c4,netgear-xr500.pdf,45,46,P2,485,79,122,11,0,10,True,False,True,False
9,404fe683-4727-4c53-9c1d-9adf98a793c4,netgear-xr500.pdf,46,47,P2,428,63,107,6,0,27,True,False,False,False
9,404fe683-4727-4c53-9c1d-9adf98a793c4,netgear-xr500.pdf,47,48,P2,1795,318,449,21,0,1,True,False,False,False
9,404fe683-4727-4c53-9c1d-9adf98a793c4,netgear-xr500.pdf,48,49,P2,2178,382,545,17,5,1,True,False,False,False
9,404fe683-4727-4c53-9c1d-9adf98a793c4,netgear-xr500.pdf,49,50,P2,1975,349,494,20,2,22,True,False,False,False
9,404fe683-4727-4c53-9c1d-9adf98a793c4,netgear-xr500.pdf,50,51,P2,1732,316,433,20,0,1,True,False,False,False
9,404fe683-4727-4c53-9c1d-9adf98a793c4,netgear-xr500.pdf,51,52,P2,1694,290,424,19,0,11,True,False,False,False
9,404fe683-4727-4c53-9c1d-9adf98a793c4,netgear-xr500.pdf,52,53,P2,2009,345,503,17,0,33,True,False,False,False
9,404fe683-4727-4c53-9c1d-9adf98a793c4,netgear-xr500.pdf,53,54,P2,1769,277,443,16,0,2,True,False,False,False
9,404fe683-4727-4c53-9c1d-9adf98a793c4,netgear-xr500.pdf,54,55,P2,2475,403,619,14,0,4,True,False,False,False
9,404fe683-4727-4c53-9c1d-9adf98a793c4,netgear-xr500.pdf,55,56,P2,2009,332,503,18,0,1,True,False,False,False
9,404fe683-4727-4c53-9c1d-9adf98a793c4,netgear-xr500.pdf,56,57,P2,1915,307,479,20,0,1,True,False,False,False
9,404fe683-4727-4c53-9c1d-9adf98a793c4,netgear-xr500.pdf,57,58,P2,1747,299,437,23,0,1,True,False,False,False
9,404fe683-4727-4c53-9c1d-9adf98a793c4,netgear-xr500.pdf,58,59,P2,1934,307,484,15,0,7,True,False,False,False
9,404fe683-4727-4c53-9c1d-9adf98a793c4,netgear-xr500.pdf,59,60,P2,1972,315,493,19,0,1,True,False,False,False
9,404fe683-4727-4c53-9c1d-9adf98a793c4,netgear-xr500.pdf,60,61,P2,1754,273,439,18,0,1,True,False,False,False
9,404fe683-4727-4c53-9c1d-9adf98a793c4,netgear-xr500.pdf,61,62,P2,1728,278,432,16,0,1,True,False,False,False
9,404fe683-4727-4c53-9c1d-9adf98a793c4,netgear-xr500.pdf,62,63,P2,726,115,182,10,0,1,True,False,False,False
9,404fe683-4727-4c53-9c1d-9adf98a793c4,netgear-xr500.pdf,63,64,P2,514,82,129,7,0,41,True,False,False,False
9,404fe683-4727-4c53-9c1d-9adf98a793c4,netgear-xr500.pdf,64,65,P2,1892,330,473,17,0,1,True,False,False,False
9,404fe683-4727-4c53-9c1d-9adf98a793c4,netgear-xr500.pdf,65,66,P2,2142,350,536,15,0,15,True,False,False,False
9,404fe683-4727-4c53-9c1d-9adf98a793c4,netgear-xr500.pdf,66,67,P2,2391,401,598,14,0,1,True,False,False,False
9,404fe683-4727-4c53-9c1d-9adf98a793c4,netgear-xr500.pdf,67,68,P2,1731,304,433,16,0,1,True,False,False,False
9,404fe683-4727-4c53-9c1d-9adf98a793c4,netgear-xr500.pdf,68,69,P2,1836,304,459,20,0,1,True,False,False,False
9,404fe683-4727-4c53-9c1d-9adf98a793c4,netgear-xr500.pdf,69,70,P2,1719,305,430,23,1,8,True,False,False,False
9,404fe683-4727-4c53-9c1d-9adf98a793c4,netgear-xr500.pdf,70,71,P2,443,71,111,6,0,68,True,False,False,False
9,404fe683-4727-4c53-9c1d-9adf98a793c4,netgear-xr500.pdf,71,72,P2,1688,286,422,19,0,21,True,False,False,False
9,404fe683-4727-4c53-9c1d-9adf98a793c4,netgear-xr500.pdf,72,73,P2,1440,252,360,17,0,10,True,False,False,False
9,404fe683-4727-4c53-9c1d-9adf98a793c4,netgear-xr500.pdf,73,74,P2,1794,299,449,17,0,9,True,False,False,False
9,404fe683-4727-4c53-9c1d-9adf98a793c4,netgear-xr500.pdf,74,75,P2,1978,338,495,21,0,21,True,False,False,False
9,404fe683-4727-4c53-9c1d-9adf98a793c4,netgear-xr500.pdf,75,76,P2,1485,250,372,17,0,17,True,False,False,False
9,404fe683-4727-4c53-9c1d-9adf98a793c4,netgear-xr500.pdf,76,77,P2,1705,290,427,16,0,27,True,False,False,False
9,404fe683-4727-4c53-9c1d-9adf98a793c4,netgear-xr500.pdf,77,78,P2,1409,250,353,15,0,1,True,False,False,False
9,404fe683-4727-4c53-9c1d-9adf98a793c4,netgear-xr500.pdf,78,79,P2,1866,315,467,17,0,1,True,False,False,False
9,404fe683-4727-4c53-9c1d-9adf98a793c4,netgear-xr500.pdf,79,80,P2,1429,252,358,10,0,1,True,False,False,False
9,404fe683-4727-4c53-9c1d-9adf98a793c4,netgear-xr500.pdf,80,81,P2,753,132,189,6,0,138,True,False,False,False
9,404fe683-4727-4c53-9c1d-9adf98a793c4,netgear-xr500.pdf,81,82,P2,2222,377,556,17,0,19,True,False,False,False
9,404fe683-4727-4c53-9c1d-9adf98a793c4,netgear-xr500.pdf,82,83,P2,2257,372,565,13,0,1,True,False,False,False
9,404fe683-4727-4c53-9c1d-9adf98a793c4,netgear-xr500.pdf,83,84,P2,1192,203,298,17,0,1,True,False,False,False
9,404fe683-4727-4c53-9c1d-9adf98a793c4,netgear-xr500.pdf,84,85,P2,1513,264,379,16,0,1,True,False,False,False
9,404fe683-4727-4c53-9c1d-9adf98a793c4,netgear-xr500.pdf,85,86,P2,1949,320,488,18,0,17,True,False,False,False
9,404fe683-4727-4c53-9c1d-9adf98a793c4,netgear-xr500.pdf,86,87,P3,1576,282,394,22,0,1,True,False,False,False
9,404fe683-4727-4c53-9c1d-9adf98a793c4,netgear-xr500.pdf,87,88,P3,1525,261,382,19,0,1,True,False,False,False
9,404fe683-4727-4c53-9c1d-9adf98a793c4,netgear-xr500.pdf,88,89,P3,1777,309,445,20,0,1,True,False,False,False
9,404fe683-4727-4c53-9c1d-9adf98a793c4,netgear-xr500.pdf,89,90,P3,1373,233,344,19,0,1,True,False,False,False
9,404fe683-4727-4c53-9c1d-9adf98a793c4,netgear-xr500.pdf,90,91,P3,1828,313,457,16,0,20,True,False,False,False
9,404fe683-4727-4c53-9c1d-9adf98a793c4,netgear-xr500.pdf,91,92,P3,1810,321,453,16,0,1,True,False,False,False
9,404fe683-4727-4c53-9c1d-9adf98a793c4,netgear-xr500.pdf,92,93,P3,1377,249,345,18,0,1,True,False,False,False
9,404fe683-4727-4c53-9c1d-9adf98a793c4,netgear-xr500.pdf,93,94,P3,2018,352,505,16,0,1,True,False,False,False
9,404fe683-4727-4c53-9c1d-9adf98a793c4,netgear-xr500.pdf,94,95,P3,1960,336,490,18,0,1,True,False,False,False
9,404fe683-4727-4c53-9c1d-9adf98a793c4,netgear-xr500.pdf,95,96,P3,1641,288,411,20,0,1,True,False,False,False
9,404fe683-4727-4c53-9c1d-9adf98a793c4,netgear-xr500.pdf,96,97,P3,1261,209,316,18,0,1,True,False,False,False
9,404fe683-4727-4c53-9c1d-9adf98a793c4,netgear-xr500.pdf,97,98,P3,2206,366,552,13,0,1,True,False,False,False
9,404fe683-4727-4c53-9c1d-9adf98a793c4,netgear-xr500.pdf,98,99,P3,169,27,43,3,0,1,True,False,False,False
9,404fe683-4727-4c53-9c1d-9adf98a793c4,netgear-xr500.pdf,99,100,P3,713,124,179,6,0,151,True,False,False,False
9,404fe683-4727-4c53-9c1d-9adf98a793c4,netgear-xr500.pdf,100,101,P3,2096,366,524,17,0,1,True,False,False,False
9,404fe683-4727-4c53-9c1d-9adf98a793c4,netgear-xr500.pdf,101,102,P3,2290,405,573,12,0,17,True,False,False,False
9,404fe683-4727-4c53-9c1d-9adf98a793c4,netgear-xr500.pdf,102,103,P3,1910,318,478,16,0,18,True,False,False,False
9,404fe683-4727-4c53-9c1d-9adf98a793c4,netgear-xr500.pdf,103,104,P3,1714,297,429,17,0,1,True,False,False,False
9,404fe683-4727-4c53-9c1d-9adf98a793c4,netgear-xr500.pdf,104,105,P3,1625,297,407,18,0,1,True,False,False,False
9,404fe683-4727-4c53-9c1d-9adf98a793c4,netgear-xr500.pdf,105,106,P3,1983,330,496,13,0,9,True,False,False,False
9,404fe683-4727-4c53-9c1d-9adf98a793c4,netgear-xr500.pdf,106,107,P3,1914,328,479,18,0,1,True,False,False,False
9,404fe683-4727-4c53-9c1d-9adf98a793c4,netgear-xr500.pdf,107,108,P3,1750,294,438,14,0,1,True,False,False,False
9,404fe683-4727-4c53-9c1d-9adf98a793c4,netgear-xr500.pdf,108,109,P3,1871,322,468,19,0,1,True,False,False,False
9,404fe683-4727-4c53-9c1d-9adf98a793c4,netgear-xr500.pdf,109,110,P3,2112,392,528,15,0,1,True,False,False,False
9,404fe683-4727-4c53-9c1d-9adf98a793c4,netgear-xr500.pdf,110,111,P3,1694,299,424,18,0,7,True,False,False,False
9,404fe683-4727-4c53-9c1d-9adf98a793c4,netgear-xr500.pdf,111,112,P3,1587,278,397,18,0,7,True,False,False,False
9,404fe683-4727-4c53-9c1d-9adf98a793c4,netgear-xr500.pdf,112,113,P3,1746,286,437,16,0,1,True,False,False,False
9,404fe683-4727-4c53-9c1d-9adf98a793c4,netgear-xr500.pdf,113,114,P3,1482,236,371,15,0,1,True,False,False,False
9,404fe683-4727-4c53-9c1d-9adf98a793c4,netgear-xr500.pdf,114,115,P3,1623,275,406,19,0,1,True,False,False,False
9,404fe683-4727-4c53-9c1d-9adf98a793c4,netgear-xr500.pdf,115,116,P3,1820,304,455,18,0,1,True,False,False,False
9,404fe683-4727-4c53-9c1d-9adf98a793c4,netgear-xr500.pdf,116,117,P3,1877,335,470,16,0,1,True,False,False,False
9,404fe683-4727-4c53-9c1d-9adf98a793c4,netgear-xr500.pdf,117,118,P3,260,40,65,4,0,1,True,False,False,False
9,404fe683-4727-4c53-9c1d-9adf98a793c4,netgear-xr500.pdf,118,119,P3,878,142,220,7,0,162,True,False,False,False
9,404fe683-4727-4c53-9c1d-9adf98a793c4,netgear-xr500.pdf,119,120,P3,1643,287,411,16,0,1,True,False,False,False
9,404fe683-4727-4c53-9c1d-9adf98a793c4,netgear-xr500.pdf,120,121,P3,1792,294,448,23,0,6,True,False,False,False
9,404fe683-4727-4c53-9c1d-9adf98a793c4,netgear-xr500.pdf,121,122,P3,1525,255,382,19,0,1,True,False,False,False
9,404fe683-4727-4c53-9c1d-9adf98a793c4,netgear-xr500.pdf,122,123,P3,1583,273,396,16,0,1,True,False,False,False
9,404fe683-4727-4c53-9c1d-9adf98a793c4,netgear-xr500.pdf,123,124,P3,1408,236,352,20,0,1,True,False,False,False
9,404fe683-4727-4c53-9c1d-9adf98a793c4,netgear-xr500.pdf,124,125,P3,1384,233,346,19,0,1,True,False,False,False
9,404fe683-4727-4c53-9c1d-9adf98a793c4,netgear-xr500.pdf,125,126,P3,1502,245,376,20,0,1,True,False,False,False
9,404fe683-4727-4c53-9c1d-9adf98a793c4,netgear-xr500.pdf,126,127,P3,1649,278,413,18,0,8,True,False,False,False
9,404fe683-4727-4c53-9c1d-9adf98a793c4,netgear-xr500.pdf,127,128,P3,1841,308,461,15,0,8,True,False,False,False
9,404fe683-4727-4c53-9c1d-9adf98a793c4,netgear-xr500.pdf,128,129,P3,1729,284,433,19,0,14,True,False,False,False
9,404fe683-4727-4c53-9c1d-9adf98a793c4,netgear-xr500.pdf,129,130,P4,2081,356,521,19,0,1,True,False,False,False
9,404fe683-4727-4c53-9c1d-9adf98a793c4,netgear-xr500.pdf,130,131,P4,1785,306,447,18,0,14,True,False,False,False
9,404fe683-4727-4c53-9c1d-9adf98a793c4,netgear-xr500.pdf,131,132,P4,2020,325,505,17,0,28,True,False,False,False
9,404fe683-4727-4c53-9c1d-9adf98a793c4,netgear-xr500.pdf,132,133,P4,1666,284,417,16,0,28,True,False,False,False
9,404fe683-4727-4c53-9c1d-9adf98a793c4,netgear-xr500.pdf,133,134,P4,1813,327,454,18,0,29,True,False,False,False
9,404fe683-4727-4c53-9c1d-9adf98a793c4,netgear-xr500.pdf,134,135,P4,1646,280,412,24,0,1,True,False,False,False
9,404fe683-4727-4c53-9c1d-9adf98a793c4,netgear-xr500.pdf,135,136,P4,1671,286,418,17,0,1,True,False,False,False
9,404fe683-4727-4c53-9c1d-9adf98a793c4,netgear-xr500.pdf,136,137,P4,1642,282,411,18,0,1,True,False,False,False
9,404fe683-4727-4c53-9c1d-9adf98a793c4,netgear-xr500.pdf,137,138,P4,1119,198,280,16,0,21,True,False,False,False
9,404fe683-4727-4c53-9c1d-9adf98a793c4,netgear-xr500.pdf,138,139,P4,1125,192,282,13,0,1,True,False,False,False
9,404fe683-4727-4c53-9c1d-9adf98a793c4,netgear-xr500.pdf,139,140,P4,1165,200,292,8,0,167,True,False,False,False
9,404fe683-4727-4c53-9c1d-9adf98a793c4,netgear-xr500.pdf,140,141,P4,1429,241,358,21,0,2,True,False,False,False
9,404fe683-4727-4c53-9c1d-9adf98a793c4,netgear-xr500.pdf,141,142,P4,1546,281,387,18,0,1,True,False,False,False
9,404fe683-4727-4c53-9c1d-9adf98a793c4,netgear-xr500.pdf,142,143,P4,1566,282,392,18,0,1,True,False,False,False
9,404fe683-4727-4c53-9c1d-9adf98a793c4,netgear-xr500.pdf,143,144,P4,1610,278,403,19,0,2,True,False,False,False
9,404fe683-4727-4c53-9c1d-9adf98a793c4,netgear-xr500.pdf,144,145,P4,1762,329,441,23,0,1,True,False,False,False
9,404fe683-4727-4c53-9c1d-9adf98a793c4,netgear-xr500.pdf,145,146,P4,1759,334,440,26,0,34,True,False,False,False
9,404fe683-4727-4c53-9c1d-9adf98a793c4,netgear-xr500.pdf,146,147,P4,1623,278,406,19,0,1,True,False,False,False
9,404fe683-4727-4c53-9c1d-9adf98a793c4,netgear-xr500.pdf,147,148,P4,2526,425,632,11,0,12,True,False,False,False
9,404fe683-4727-4c53-9c1d-9adf98a793c4,netgear-xr500.pdf,148,149,P4,1371,225,343,16,0,1,True,False,False,False
9,404fe683-4727-4c53-9c1d-9adf98a793c4,netgear-xr500.pdf,149,150,P4,1650,280,413,18,0,1,True,False,False,False
9,404fe683-4727-4c53-9c1d-9adf98a793c4,netgear-xr500.pdf,150,151,P4,1354,235,339,16,0,1,True,False,False,False
9,404fe683-4727-4c53-9c1d-9adf98a793c4,netgear-xr500.pdf,151,152,P4,1536,265,384,21,0,1,True,False,False,False
9,404fe683-4727-4c53-9c1d-9adf98a793c4,netgear-xr500.pdf,152,153,P4,1576,273,394,18,0,12,True,False,False,False
9,404fe683-4727-4c53-9c1d-9adf98a793c4,netgear-xr500.pdf,153,154,P4,587,95,147,8,0,1,True,False,False,False
9,404fe683-4727-4c53-9c1d-9adf98a793c4,netgear-xr500.pdf,154,155,P4,376,67,94,6,0,37,True,False,False,False
9,404fe683-4727-4c53-9c1d-9adf98a793c4,netgear-xr500.pdf,155,156,P4,2023,357,506,16,0,44,True,False,False,False
9,404fe683-4727-4c53-9c1d-9adf98a793c4,netgear-xr500.pdf,156,157,P4,2020,352,505,19,0,1,True,False,False,False
9,404fe683-4727-4c53-9c1d-9adf98a793c4,netgear-xr500.pdf,157,158,P4,1675,292,419,21,0,1,True,False,False,False
9,404fe683-4727-4c53-9c1d-9adf98a793c4,netgear-xr500.pdf,158,159,P4,1332,226,333,19,0,1,True,False,False,False
9,404fe683-4727-4c53-9c1d-9adf98a793c4,netgear-xr500.pdf,159,160,P4,1637,277,410,19,0,1,True,False,False,False
9,404fe683-4727-4c53-9c1d-9adf98a793c4,netgear-xr500.pdf,160,161,P4,1556,267,389,17,0,12,True,False,False,False
9,404fe683-4727-4c53-9c1d-9adf98a793c4,netgear-xr500.pdf,161,162,P4,1475,269,369,15,0,13,True,False,False,False
9,404fe683-4727-4c53-9c1d-9adf98a793c4,netgear-xr500.pdf,162,163,P4,361,68,91,6,0,43,True,False,False,False
9,404fe683-4727-4c53-9c1d-9adf98a793c4,netgear-xr500.pdf,163,164,P4,1915,324,479,16,0,33,True,False,False,False
9,404fe683-4727-4c53-9c1d-9adf98a793c4,netgear-xr500.pdf,164,165,P4,1880,337,470,16,0,1,True,False,False,False
9,404fe683-4727-4c53-9c1d-9adf98a793c4,netgear-xr500.pdf,165,166,P4,1754,319,439,20,0,1,True,False,False,False
9,404fe683-4727-4c53-9c1d-9adf98a793c4,netgear-xr500.pdf,166,167,P4,1560,283,390,23,1,1,True,False,False,False
9,404fe683-4727-4c53-9c1d-9adf98a793c4,netgear-xr500.pdf,167,168,P4,966,171,242,13,0,1,True,False,False,False
9,404fe683-4727-4c53-9c1d-9adf98a793c4,netgear-xr500.pdf,168,169,P4,632,100,158,7,0,49,True,False,False,False
9,404fe683-4727-4c53-9c1d-9adf98a793c4,netgear-xr500.pdf,169,170,P4,1837,279,460,20,0,3,True,False,False,False
9,404fe683-4727-4c53-9c1d-9adf98a793c4,netgear-xr500.pdf,170,171,P4,1853,316,464,15,1,1,True,False,False,False
9,404fe683-4727-4c53-9c1d-9adf98a793c4,netgear-xr500.pdf,171,172,P4,203,36,51,4,0,1,True,False,False,False
9,404fe683-4727-4c53-9c1d-9adf98a793c4,netgear-xr500.pdf,172,173,P5,537,95,135,6,0,84,True,False,False,False
9,404fe683-4727-4c53-9c1d-9adf98a793c4,netgear-xr500.pdf,173,174,P5,1701,304,426,13,0,34,True,False,False,False
9,404fe683-4727-4c53-9c1d-9adf98a793c4,netgear-xr500.pdf,174,175,P5,1758,308,440,15,0,26,True,False,False,False
9,404fe683-4727-4c53-9c1d-9adf98a793c4,netgear-xr500.pdf,175,176,P5,2192,366,548,14,0,11,True,False,False,False
9,404fe683-4727-4c53-9c1d-9adf98a793c4,netgear-xr500.pdf,176,177,P5,1884,299,471,19,0,12,True,False,False,False
9,404fe683-4727-4c53-9c1d-9adf98a793c4,netgear-xr500.pdf,177,178,P5,1916,304,479,19,0,13,True,False,False,False
9,404fe683-4727-4c53-9c1d-9adf98a793c4,netgear-xr500.pdf,178,179,P5,1789,294,448,20,0,12,True,False,False,False
9,404fe683-4727-4c53-9c1d-9adf98a793c4,netgear-xr500.pdf,179,180,P5,1818,294,455,18,0,13,True,False,False,False
9,404fe683-4727-4c53-9c1d-9adf98a793c4,netgear-xr500.pdf,180,181,P5,1958,347,490,13,0,17,True,False,False,False
9,404fe683-4727-4c53-9c1d-9adf98a793c4,netgear-xr500.pdf,181,182,P5,1690,292,423,15,0,11,True,False,False,False
9,404fe683-4727-4c53-9c1d-9adf98a793c4,netgear-xr500.pdf,182,183,P5,1155,200,289,11,0,11,True,False,False,False
9,404fe683-4727-4c53-9c1d-9adf98a793c4,netgear-xr500.pdf,183,184,P5,609,113,153,7,0,61,True,False,False,False
9,404fe683-4727-4c53-9c1d-9adf98a793c4,netgear-xr500.pdf,184,185,P5,2519,440,630,10,0,36,True,False,False,False
9,404fe683-4727-4c53-9c1d-9adf98a793c4,netgear-xr500.pdf,185,186,P5,1885,338,472,23,0,1,True,False,False,False
9,404fe683-4727-4c53-9c1d-9adf98a793c4,netgear-xr500.pdf,186,187,P5,1708,289,427,18,0,2,True,False,False,False
9,404fe683-4727-4c53-9c1d-9adf98a793c4,netgear-xr500.pdf,187,188,P5,377,60,95,6,0,36,True,False,False,False
9,404fe683-4727-4c53-9c1d-9adf98a793c4,netgear-xr500.pdf,188,189,P5,1939,325,485,17,0,21,True,False,False,False
9,404fe683-4727-4c53-9c1d-9adf98a793c4,netgear-xr500.pdf,189,190,P5,1766,302,442,18,0,16,True,False,False,False
9,404fe683-4727-4c53-9c1d-9adf98a793c4,netgear-xr500.pdf,190,191,P5,1662,281,416,18,0,15,True,False,False,False
9,404fe683-4727-4c53-9c1d-9adf98a793c4,netgear-xr500.pdf,191,192,P5,1637,282,410,17,0,11,True,False,False,False
9,404fe683-4727-4c53-9c1d-9adf98a793c4,netgear-xr500.pdf,192,193,P5,2014,329,504,17,0,1,True,False,False,False
9,404fe683-4727-4c53-9c1d-9adf98a793c4,netgear-xr500.pdf,193,194,P5,1879,308,470,19,0,15,True,False,False,False
9,404fe683-4727-4c53-9c1d-9adf98a793c4,netgear-xr500.pdf,194,195,P5,2030,337,508,17,0,28,True,False,False,False
9,404fe683-4727-4c53-9c1d-9adf98a793c4,netgear-xr500.pdf,195,196,P5,1586,255,397,19,0,14,True,False,False,False
9,404fe683-4727-4c53-9c1d-9adf98a793c4,netgear-xr500.pdf,196,197,P5,1605,259,402,17,0,1,True,False,False,False
9,404fe683-4727-4c53-9c1d-9adf98a793c4,netgear-xr500.pdf,197,198,P5,2777,454,695,13,0,1,True,False,False,False
9,404fe683-4727-4c53-9c1d-9adf98a793c4,netgear-xr500.pdf,198,199,P5,560,89,140,6,0,65,True,False,False,False
9,404fe683-4727-4c53-9c1d-9adf98a793c4,netgear-xr500.pdf,199,200,P5,1728,299,432,18,0,16,True,False,False,False
9,404fe683-4727-4c53-9c1d-9adf98a793c4,netgear-xr500.pdf,200,201,P5,1864,334,466,20,0,38,True,False,False,False
9,404fe683-4727-4c53-9c1d-9adf98a793c4,netgear-xr500.pdf,201,202,P5,1710,321,428,13,0,76,True,False,False,False
9,404fe683-4727-4c53-9c1d-9adf98a793c4,netgear-xr500.pdf,202,203,P5,2106,367,527,14,0,1,True,False,False,False
9,404fe683-4727-4c53-9c1d-9adf98a793c4,netgear-xr500.pdf,203,204,P5,1874,332,469,18,0,26,True,False,False,False
9,404fe683-4727-4c53-9c1d-9adf98a793c4,netgear-xr500.pdf,204,205,P5,2667,453,667,12,0,19,True,False,False,False
9,404fe683-4727-4c53-9c1d-9adf98a793c4,netgear-xr500.pdf,205,206,P5,2142,382,536,14,0,45,True,False,False,False
9,404fe683-4727-4c53-9c1d-9adf98a793c4,netgear-xr500.pdf,206,207,P5,1872,329,468,17,0,14,True,False,False,False
9,404fe683-4727-4c53-9c1d-9adf98a793c4,netgear-xr500.pdf,207,208,P5,1888,333,472,19,0,1,True,False,False,False
9,404fe683-4727-4c53-9c1d-9adf98a793c4,netgear-xr500.pdf,208,209,P5,186,31,47,3,0,1,True,False,False,False
9,404fe683-4727-4c53-9c1d-9adf98a793c4,netgear-xr500.pdf,209,210,P5,187,24,47,6,0,8,True,False,False,False
9,404fe683-4727-4c53-9c1d-9adf98a793c4,netgear-xr500.pdf,210,211,P5,1211,181,303,23,0,22,True,False,True,False
9,404fe683-4727-4c53-9c1d-9adf98a793c4,netgear-xr500.pdf,211,212,P5,956,147,239,24,0,25,True,False,True,False
9,404fe683-4727-4c53-9c1d-9adf98a793c4,netgear-xr500.pdf,212,213,P5,1256,190,314,21,0,19,True,False,True,False
9,404fe683-4727-4c53-9c1d-9adf98a793c4,netgear-xr500.pdf,213,214,P5,1152,161,288,20,0,8,True,False,True,False
