cluster_type,cluster_id,member_count,document_count,documents,sample_text,member_block_ids
exact,EXACT-001,7,4,netgear-r6350.pdf;netgear-rax120.pdf;netgear-rax50.pdf;netgear-raxe500.pdf,**CAUTION:** This process erases all settings that you configured in the router. **To erase the settings:** 1. Launch a web browser from a computer or mobile device that is connected to the router network. 2. Enter **http://www.routerlogin.net**. A login window opens. 3. Enter the router admin user ,30cb5af4-ad9a-5de4-b044-140768a610eb;06daaeef-ec94-5d0f-8314-953d3a240463;7a9eebd9-f5d2-5c21-9c8c-a42022709c2d;03a4fccb-bb0c-56ec-b67b-eee79c190813;949f4076-a01d-5589-9000-e07d2468d8e1;f9673d04-056e-532b-8ac6-56d5d560625e;38a0105f-ff6d-5aab-bcb3-0f08611feefb
exact,EXACT-002,2,1,netgear-r7000.pdf,**Caution:** This process erases all settings that you configured in the router. **To erase the settings:** 1. Launch a web browser from a computer or mobile device that is connected to the router network. 2. Enter **http://www.routerlogin.net**. A login window opens. 3. Enter the router user name a,15f7c9fd-b0eb-54db-a39c-b7fe7362e944;08c13974-10e3-5210-9032-0e3def519062
exact,EXACT-003,5,5,netgear-r6350.pdf;netgear-r7000.pdf;netgear-rax120.pdf;netgear-rax50.pdf;netgear-raxe500.pdf,"**CAUTION:** This process erases all settings that you configured in the router. **To reset the router to factory default settings:** 1. On the back of the router, locate the **Reset** button. 2. Using a straightened paper clip, press and hold the **Reset** button for at least five seconds. 3. Relea",a8ed97f6-b0c8-5d7e-b5cc-af310c2cb700;0a257dcc-14da-5a65-8bbb-86278eb6021d;fa416218-84aa-5950-9d59-e6993480f2cd;db85c08a-eeba-5dfb-96da-0dde84583dbf;8e160d72-d9c0-5e0b-b624-739f05be19bb
exact,EXACT-004,2,2,netgear-r6350.pdf;netgear-raxe500.pdf,"**To access a USB device and download files from your Windows-based computer** **using VPN:** 1. On your Windows-based computer, open the Windows file manager and select **Network**. **Note:** See your computer’s documentation for information about how to display the network resources. The network r",0aa14853-bbdb-5423-a96f-03caf3c8beea;5743bf89-9507-504d-8e68-8555014cc89a
exact,EXACT-005,6,6,netgear-r6350.pdf;netgear-r7000.pdf;netgear-rax120.pdf;netgear-rax50.pdf;netgear-raxe500.pdf;netgear-xr500.pdf,"**To access the USB storage device from a Windows-based computer:** 1. Connect a USB storage device to a USB port on your router. 2. If your USB storage device uses a power supply, connect it. You must use the power supply when you connect the USB storage device to the router. When you connect the U",e82db2d4-7ff7-5c72-9e44-bc9094163aa4;da2688dc-eac4-5b81-8674-1b93947baba6;e13591fd-08dc-5203-afd5-4205421897f5;e428b8c4-ad7c-565b-a493-a0988ae76f4c;45794013-1cd5-503b-9879-5d012d28510c;47502ff3-0811-508c-908a-fc266fe16d1a
exact,EXACT-006,5,5,netgear-r6350.pdf;netgear-r7000.pdf;netgear-rax120.pdf;netgear-rax50.pdf;netgear-raxe500.pdf,**To back up the router’s configuration settings:** 1. Launch a web browser from a computer or mobile device that is connected to the router network. 2. Enter **http://www.routerlogin.net**. A login window opens. 3. Enter the router admin user name and password. The user name is **admin**. The passw,4690be21-1100-5101-8a7c-2bc44fc90fc1;0058c9fc-4a38-5116-8c01-bade3d1e17eb;adf1a780-3d6f-51be-a84f-8ac3505f535c;0e8a4859-ac3f-57fd-a7ae-a5affebcdfde;c1de8d02-dd98-5ba2-acde-79471af13ad3
exact,EXACT-007,2,2,netgear-rax120.pdf;netgear-rax50.pdf,**To change the MTU size:** 1. Launch a web browser from a computer or mobile device that is connected to the router network. 2. Enter **http://www.routerlogin.net**. A login window opens. 3. Enter the router admin user name and password. The user name is **admin**. The password is the one that you ,222d0e94-e16c-57b7-8632-cf3065855e31;b082f178-7456-55df-bbbd-aa9b6c05e53e
exact,EXACT-008,2,2,netgear-r7000.pdf;netgear-raxe500.pdf,**To change the MTU size:** 1. Launch a web browser from a computer or mobile device that is connected to the router network. 2. Enter **http://www.routerlogin.net**. A login window opens. 3. Enter the router admin user name and password. The user name is **admin**. The password is the one that you ,e4b05b24-584a-5366-a28d-496a3b7a726a;18a45189-9618-54b7-a131-4f7218fbc1df
exact,EXACT-009,4,4,netgear-r6350.pdf;netgear-rax120.pdf;netgear-rax50.pdf;netgear-raxe500.pdf,**To check the Internet connection status:** 1. Launch a web browser from a computer or mobile device that is connected to the router network. 2. Enter **http://www.routerlogin.net**. A login window opens. 3. Enter the router admin user name and password. The user name is **admin**. The password is ,ed852bc0-c5d4-5ae7-9219-ff2896fb89e0;a55df085-5b50-50fb-8e14-a3e46343ff87;7b762a47-da73-52c1-8f9a-0d1ef0369d6f;aab62be0-41af-5b2b-9f6f-f4aba6fcea94
exact,EXACT-010,4,4,netgear-r7000.pdf;netgear-rax120.pdf;netgear-rax50.pdf;netgear-raxe500.pdf,**To delete a port forwarding entry:** 1. Launch a web browser from a computer or mobile device that is connected to the router network. 2. Enter **http://www.routerlogin.net**. A login window opens. 3. Enter the router admin user name and password. The user name is **admin**. The password is the on,e59bc00f-c6f5-5e98-892a-b730d7dbd07f;c0fa25f5-57eb-5278-95d6-0f2bcace224f;af31b6ec-73a8-5529-8fa5-da1f467d1bef;109e1a15-59ab-5f7f-acb3-f43189a2b5be
exact,EXACT-011,5,5,netgear-r6350.pdf;netgear-r7000.pdf;netgear-rax120.pdf;netgear-rax50.pdf;netgear-raxe500.pdf,**To delete a reserved address entry:** 1. Launch a web browser from a computer or mobile device that is connected to the router network. 2. Enter **http://www.routerlogin.net**. A login window opens. 3. Enter the router admin user name and password. The user name is **admin**. The password is the o,c9375949-fa5d-50d6-a813-d4c0d9974145;416baf14-c062-560a-8617-f0bb13fcc432;736f0fb5-0ecd-5316-9090-f19234ded501;a0a531b5-16a3-5a94-914b-de4d6188a967;160a1642-0f54-5818-802e-c1fa87c26572
exact,EXACT-012,4,4,netgear-r7000.pdf;netgear-rax120.pdf;netgear-rax50.pdf;netgear-raxe500.pdf,**To delete a static route:** 1. Launch a web browser from a computer or mobile device that is connected to the router network. 2. Enter **http://www.routerlogin.net**. A login window opens. 3. Enter the router admin user name and password. The user name is **admin**. The password is the one that yo,d1b701cc-f28a-5837-9f3c-cdac4505ef69;a11adf43-ad7b-5ec4-a542-ff6059b1faf4;61d02bda-440a-5079-9cda-761992357987;dcf38599-337c-5393-b7b9-ceaa44e8b7e5
exact,EXACT-013,3,3,netgear-rax120.pdf;netgear-rax50.pdf;netgear-raxe500.pdf,**To delete keywords from the list:** 1. Launch a web browser from a computer or mobile device that is connected to the router network. 2. Enter **http://www.routerlogin.net**. A login window opens. 3. Enter the router admin user name and password. The user name is **admin**. The password is the one,71242ec0-6c32-5875-a2e1-613c89d55362;129bd376-7038-5168-ad65-325a145fb1dd;cf0293fb-1dc6-51dd-9388-a825d0c3a38f
exact,EXACT-014,4,4,netgear-r6350.pdf;netgear-rax120.pdf;netgear-rax50.pdf;netgear-raxe500.pdf,**To display the statistics of the Internet port:** 1. Launch a web browser from a computer or mobile device that is connected to the router network. 2. Enter **http://www.routerlogin.net**. A login window opens. 3. Enter the router admin user name and password. The user name is **admin**. The passw,8797aa97-5d6c-50dc-aa5e-f2974c7ee729;42130aae-eac0-5ac7-a846-a6c53650dc9e;b87ad35e-a696-5e21-9a61-0c67caa43972;ddc09136-a105-5cb9-b53f-e28a6e110d9c
exact,EXACT-015,4,4,netgear-r7000.pdf;netgear-rax120.pdf;netgear-rax50.pdf;netgear-raxe500.pdf,**To edit a port forwarding entry:** 1. Launch a web browser from a computer or mobile device that is connected to the router network. 2. Enter **http://www.routerlogin.net**. A login window opens. 3. Enter the router user name and password. The user name is **admin**. The password is the one that y,3d1146f4-9329-5a7a-b415-bec9f4383989;c2704dca-8973-5ecf-af15-2fedb90d9ea4;2ed0f550-d321-5128-adb1-e9c20e3caf10;eba2b965-24f9-5445-b347-0603bdb1b5b1
exact,EXACT-016,5,5,netgear-r6350.pdf;netgear-r7000.pdf;netgear-rax120.pdf;netgear-rax50.pdf;netgear-raxe500.pdf,**To edit a reserved address entry:** 1. Launch a web browser from a computer or mobile device that is connected to the router network. 2. Enter **http://www.routerlogin.net**. A login window opens. 3. Enter the router admin user name and password. The user name is **admin**. The password is the one,58705265-85c2-53cb-9a31-985904b45791;c03fece9-71eb-590c-bc23-3d5a9d175b2b;79da6936-bc1d-53fc-b043-434193a77ba9;1be33f2b-4682-5836-9ce0-8b2da0854ebd;56457cf2-6dc5-5268-ad7e-673ed5c71554
exact,EXACT-017,4,4,netgear-r7000.pdf;netgear-rax120.pdf;netgear-rax50.pdf;netgear-raxe500.pdf,**To edit a static route:** 1. Launch a web browser from a computer or mobile device that is connected to the router network. 2. Enter **http://www.routerlogin.net**. A login window opens. 3. Enter the router admin user name and password. The user name is **admin**. The password is the one that you ,c6d56bf0-07ac-59cd-b10e-a8602b7c525b;86faf957-363b-599c-8ec9-4675a7d0bbd5;bece1ab6-7c5f-5357-ae8a-93d0618f4693;fa04607d-bb42-5852-a744-4d283facfea4
exact,EXACT-018,2,2,netgear-r7000.pdf;netgear-raxe500.pdf,**To enable port triggering:** 1. Launch a web browser from a computer or mobile device that is connected to the router network. 2. Enter **http://www.routerlogin.net**. A login window opens. 3. Enter the router admin user name and password. The user name is **admin**. The password is the one that y,d3434e35-bd8e-5fb1-abf1-dc473fa6e873;575c6b1c-9e4b-56a9-bd75-b674c7cc08ea
exact,EXACT-019,2,2,netgear-rax120.pdf;netgear-rax50.pdf,**To enable port triggering:** 1. Launch a web browser from a computer or mobile device that is connected to the router network. 2. Enter **http://www.routerlogin.net**. A login window opens. 3. Enter the router admin user name and password. The user name is **admin**. The password is the one that y,e73565d7-c70f-5c33-90a9-dde4b0e36036;340cd592-e47c-5cb9-a17f-b6986fbed3b6
exact,EXACT-020,3,3,netgear-r6350.pdf;netgear-r7000.pdf;netgear-raxe500.pdf,"**To find and select the WiFi network:** 1. Make sure that the router is receiving power (its Power LED is lit). 2. On your computer or WiFi device, find and select the WiFi network. The WiFi network name is on the router label. 3. Join the WiFi network and enter the WiFi password. The password is o",973675a2-5b9b-5f2a-90c6-c2c5661fd7b9;b1147279-285c-50dc-965c-7722351f3563;a3662689-f8b9-5c28-8c0a-b2185487bec9
exact,EXACT-021,6,6,netgear-r6350.pdf;netgear-r7000.pdf;netgear-rax120.pdf;netgear-rax50.pdf;netgear-raxe500.pdf;netgear-xr500.pdf,"**To map the USB storage device to a Windows network drive:** 1. Connect a USB storage device to a USB port on your router. 2. If your USB storage device uses a power supply, connect it. You must use the power supply when you connect the USB storage device to the router. When you connect the USB sto",99499532-5b21-5760-a622-cfdce7cb36f4;12d64457-dfc6-5d29-aa0d-90e9f872858e;67d37d9f-924e-5891-a590-5e0456de8190;38935138-fe5f-53d0-96cd-d82b39ade28f;beab9bff-68a2-5fc2-b90b-78ecc9a9d1bb;4e8b339d-c5a5-5e03-8c6a-81a9ed35b46a
exact,EXACT-022,2,2,netgear-r7000.pdf;netgear-raxe500.pdf,**To reserve an IP address:** 1. Launch a web browser from a computer or mobile device that is connected to the router network. 2. Enter **http://www.routerlogin.net**. A login window opens. 3. Enter the router admin user name and password. The user name is **admin**. The password is the one that yo,1ffc5577-ba76-5c13-96f7-9639c441a28b;f2e671d8-fc06-516e-a030-49f849e9bcc9
exact,EXACT-023,2,2,netgear-rax120.pdf;netgear-rax50.pdf,**To reserve an IP address:** 1. Launch a web browser from a computer or mobile device that is connected to the router network. 2. Enter **http://www.routerlogin.net**. A login window opens. 3. Enter the router admin user name and password. The user name is **admin**. The password is the one that yo,ebd82415-b17d-5082-8472-3811a168faaf;d9126cb8-c360-58f8-aa45-792ae9ed2942
exact,EXACT-024,5,5,netgear-r6350.pdf;netgear-r7000.pdf;netgear-rax120.pdf;netgear-rax50.pdf;netgear-raxe500.pdf,**To restore configuration settings that you backed up:** 1. Launch a web browser from a computer or mobile device that is connected to the router network. 2. Enter **http://www.routerlogin.net**. A login window opens. 3. Enter the router admin user name and password. The user name is **admin**. The,938592e1-dee5-5cd2-8afa-57a8eaba29ca;fb23ab13-e522-5a5c-a80f-07d1721bf673;71c44f89-9408-566a-8009-071204b133f5;98cfa2a4-509e-5858-8e32-2a914f7b5f31;95f03e54-32c4-532b-90b9-d99dca0703d6
exact,EXACT-025,2,2,netgear-rax120.pdf;netgear-raxe500.pdf,**To set up a fixed IPv6 Internet connection:** 1. Launch a web browser from a computer or mobile device that is connected to the router network. 2. Enter **http://www.routerlogin.net**. A login window opens. 3. Enter the router admin user name and password. The user name is **admin**. The password ,4a9ce789-e3b1-555b-a082-3e0ead079683;5ffc76ec-562d-5557-911f-c46c77ba633f
exact,EXACT-026,2,2,netgear-r7000.pdf;netgear-raxe500.pdf,**To set up a PPPoE IPv6 Internet connection:** 1. Launch a web browser from a computer or mobile device that is connected to the router network. 2. Enter **http://www.routerlogin.net**. A login window opens. 3. Enter the router admin user name and password. The user name is **admin**. The password ,b3bbb7b6-6221-5146-8dbd-cdde9357f46e;f2626b4f-ec75-565c-aad5-50019b2dd1b4
exact,EXACT-027,2,2,netgear-rax120.pdf;netgear-rax50.pdf,**To set up a PPPoE IPv6 Internet connection:** 1. Launch a web browser from a computer or mobile device that is connected to the router network. 2. Enter **http://www.routerlogin.net**. A login window opens. 3. Enter the router admin user name and password. The user name is **admin**. The password ,6e92a69d-373f-5098-bee7-50bde9df8f04;84c85809-aca9-59ec-93c0-ca4292209b4e
exact,EXACT-028,3,3,netgear-rax120.pdf;netgear-rax50.pdf;netgear-raxe500.pdf,**To set up a static route:** 1. Launch a web browser from a computer or mobile device that is connected to the router network. 2. Enter **http://www.routerlogin.net**. A login window opens. 3. Enter the router admin user name and password. The user name is **admin**. The password is the one that yo,bc8337d2-3872-5618-b506-0d822d45e4b2;28c314aa-4846-57ee-8e79-45904dfd82a9;1cca40db-a372-5b75-8871-a228a236a732
exact,EXACT-029,2,2,netgear-rax120.pdf;netgear-rax50.pdf,**To set up an IPv6 Internet connection through auto configuration:** 1. Launch a web browser from a computer or mobile device that is connected to the router network. 2. Enter **http://www.routerlogin.net**. A login window opens. 3. Enter the router admin user name and password. The user name is **,bfb01473-83e4-52e3-ab1d-0f74fe7aa76f;e87e22a2-a89c-58a7-9ff2-ff82463e19a7
exact,EXACT-030,4,4,netgear-r7000.pdf;netgear-rax120.pdf;netgear-rax50.pdf;netgear-raxe500.pdf,**To set up an IPv6 Internet connection through autodetection:** 1. Launch a web browser from a computer or mobile device that is connected to the router network. 2. Enter **http://www.routerlogin.net**. A login window opens. 3. Enter the router admin user name and password. The user name is **admin,b599fbfb-3343-57c9-9850-044f73b384dd;269f6592-29ff-59aa-bc70-068bab8f5d37;ee07852d-b609-5f27-bc97-a2f0b1878979;9a7f1203-3a55-523e-9165-6b75f8b0e5b7
exact,EXACT-031,2,2,netgear-r7000.pdf;netgear-raxe500.pdf,**To set up an IPv6 Internet connection with a DHCP server:** 1. Launch a web browser from a computer or mobile device that is connected to the router network. 2. Enter **http://www.routerlogin.net**. A login window opens. 3. Enter the router admin user name and password. The user name is **admin**.,e31d999c-67c2-5b3d-b8af-b7c8a950fac4;787ded8d-2851-5792-9481-a934897e080a
exact,EXACT-032,2,2,netgear-rax120.pdf;netgear-rax50.pdf,**To set up an IPv6 Internet connection with a DHCP server:** 1. Launch a web browser from a computer or mobile device that is connected to the router network. 2. Enter **http://www.routerlogin.net**. A login window opens. 3. Enter the router admin user name and password. The user name is **admin**.,dc422621-24b7-54e5-a4f4-04d08a64a03c;5c7cdd1d-9c90-5e6d-ab8c-3d5c3661a3fe
exact,EXACT-033,5,5,netgear-r6350.pdf;netgear-r7000.pdf;netgear-rax120.pdf;netgear-rax50.pdf;netgear-raxe500.pdf,**To set up Dynamic DNS and register for a free NETGEAR account:** 1. Launch a web browser from a computer or mobile device that is connected to the router network. 2. Enter **http://www.routerlogin.net**. A login window opens. 3. Enter the router admin user name and password. The user name is **adm,48bda8e9-7b0c-5d95-820a-fe1083ab0fe3;783c82c2-918a-5720-bef4-85781ad2af99;f54b1f1e-caf6-5cc7-8ff2-e7a5c4f0271f;c61b475f-2cda-58b2-a65a-bce377f0dd23;b9c49a73-9552-585d-be43-2c72259fffb1
exact,EXACT-034,2,2,netgear-r7000.pdf;netgear-raxe500.pdf,**To set up FTP access:** 1. Launch a web browser from a computer or mobile device that is connected to the router network. 2. Enter **http://www.routerlogin.net**. A login window opens. 3. Enter the router admin user name and password. The user name is **admin**. The password is the one that you sp,7bc54898-3a09-5f69-a7a4-3aef1cc99047;dfd26dbb-425e-581f-b9d2-3d4185eed488
exact,EXACT-035,2,2,netgear-r6350.pdf;netgear-r7000.pdf,**To set up remote management:** 1. Launch a web browser from a computer or mobile device that is connected to the router network. 2. Enter **http://www.routerlogin.net**. A login window opens. 3. Enter the router admin user name and password. The user name is **admin**. The password is the one that,ca6f126f-0768-5543-9bb1-a7cd099fd58f;79d677ad-2fef-50d3-92dd-c07a6df0f14e
exact,EXACT-036,4,4,netgear-r7000.pdf;netgear-rax120.pdf;netgear-rax50.pdf;netgear-raxe500.pdf,**To set your time zone:** 1. Launch a web browser from a computer or mobile device that is connected to the router network. 2. Enter **http://www.routerlogin.net**. A login window opens. 3. Enter the router admin user name and password. The user name is **admin**. The password is the one that you s,1c87234f-8aff-560c-8028-20099626deb5;5f21bf59-b1a4-5c68-923b-d8f5d1fb5903;0e390b06-fbf5-5686-98c1-f58bf84eb35d;8533530e-9001-5a31-a453-6077909ff031
exact,EXACT-037,4,4,netgear-r7000.pdf;netgear-rax120.pdf;netgear-raxe500.pdf;netgear-xr500.pdf,"**To turn the WiFi radios off and on with the WiFi On/Off button:** Press the **WiFi On/Off** button on the top of the router for two seconds. If you turned off the WiFi radios, the WiFi On/Off LED and the WPS LED turn off. If you turned on the WiFi radios, the WiFi On/Off LED and the WPS LED light.",dc35cd5e-b23a-5e7b-aab7-9e6ad0d8b7b8;b6cc7aff-44a9-5be7-9857-6f294095095e;b270b282-ddfc-5883-a9a9-a5c6e89c78f1;d69824d7-45b6-521e-a423-b608947134d5
exact,EXACT-038,3,3,netgear-r6350.pdf;netgear-r7000.pdf;netgear-xr500.pdf,"**To use remote access:** 1. Launch a web browser on a computer that is not on your home network. 2. Type your router’s WAN IP address into your browser’s address or location field followed by a colon (:) and the custom port number. For example, if your external address is 134.177.0.123 and you use ",12dad281-8f10-5bdd-9516-33bed9a6e3ba;c63a4385-d5ca-500b-bb85-d656176fdbe2;14b57c4b-4261-5548-ac01-6cc717113e28
exact,EXACT-039,2,2,netgear-r7000.pdf;netgear-rax50.pdf,"A guest network allows visitors to use the Internet without using your WiFi security password or with a different WiFi password. By default, the guest WiFi network is disabled. You can enable and configure the guest WiFi network for each WiFi band. The router simultaneously supports the 2.4 GHz band",ea3745ca-4683-568d-9be9-698245bac67a;4992ee82-9f24-5875-a9b2-20166c42e272
exact,EXACT-040,3,3,netgear-r6350.pdf;netgear-r7000.pdf;netgear-raxe500.pdf,"A virtual private network (VPN) lets you use the Internet to securely access your network when you aren’t home. This type of VPN access is called a client-to-gateway tunnel. The computer is the client, and the router is the gateway. To use the VPN feature, you must log in to the router and enable VP",f9ad8237-b940-5dc2-8324-e0c13ae2416e;15c023d1-7e9a-592e-8b62-0ff32fbdba8d;98ccf5bb-b3e3-5845-bdf3-0ece4cc86891
exact,EXACT-041,5,5,netgear-r6350.pdf;netgear-r7000.pdf;netgear-rax120.pdf;netgear-rax50.pdf;netgear-raxe500.pdf,"After you turn on power to the router, verify that the following sequence of events occurs: 1. When power is first applied, verify that the Power LED is lit. 2. After about two minutes, verify the following: • The Power LED is lit. • The Internet LED is lit. • The WiFi LED is lit (unless you turned ",b27b612a-5c9c-5c3a-bfbf-41380f330f63;262ff6ae-df0c-585e-bed0-094aea4c3092;53092283-1630-580a-ae86-48bf4df08b16;21ccea99-0207-56f5-9a25-6825b90b3b6b;783a8e52-9803-5b2d-be02-7ecc5d1f960e
exact,EXACT-042,3,2,netgear-rax120.pdf;netgear-rax50.pdf,"AX WiFi improves your network’s capacity, Internet upload and download speeds, and WiFi range by allowing WiFi traffic from different devices to be concurrently managed. To do this, AX WiFi uses Orthogonal Frequency-Division Multiple-Access (OFDMA), 4x4 multi-user MIMO, and intelligent scheduling. A",69c05c19-a059-5b0b-b939-5b35746470fd;b19ab74d-3e56-5b7a-9a6b-cc50c31804e0;684e63e0-b298-5126-8bf3-02cd19690596
exact,EXACT-043,4,4,netgear-r6350.pdf;netgear-r7000.pdf;netgear-rax120.pdf;netgear-xr500.pdf,"Before you back up a large amount of data with Time Machine, we recommend that you follow this procedure. **To prepare to back up a large amount of data:** 1. Upgrade the operating system of the Mac computer. 2. Verify and repair the backup disk and the local disk. 3. Verify and repair the permissio",6b3d0151-b57d-531d-a1b7-3c7c00f827c7;8eae853b-e198-5bdf-9138-1f23b9289367;e33a569c-4d4b-5980-bb49-1ddc090aa2c7;6d199986-a8f1-587d-9ed0-55361733df1f
exact,EXACT-044,3,3,netgear-r7000.pdf;netgear-rax120.pdf;netgear-raxe500.pdf,"Before you install your router, extend the antennas as shown in the following figure. Figure 4. Position the antennas",3a1734ad-bf5d-5755-a2dc-e3c8ff267eaa;aa3b1203-d4b7-598a-a240-e7a404e17934;0cc898f1-9c6e-5982-9bab-2fd9bfe720d5
exact,EXACT-045,3,3,netgear-r7000.pdf;netgear-rax50.pdf;netgear-raxe500.pdf,"Before you physically disconnect a USB storage device from the router USB port, log in to the router and take the USB storage device offline. **To remove a USB storage device safely:** 1. Launch a web browser from a computer or mobile device that is connected to the router network. 2. Enter **http:/",f53d0043-7e92-5117-9828-95f8161455a0;d11a025c-810a-5cee-85ba-56d4a6ac96f6;eaa8444a-32f2-5dda-9a31-ec9949be4c14
exact,EXACT-046,4,4,netgear-r6350.pdf;netgear-rax120.pdf;netgear-rax50.pdf;netgear-raxe500.pdf,"By default, the language that displays when you log in to the router web interface is set to Auto. **To change the language:** 1. Launch a web browser from a computer or mobile device that is connected to the router network. 2. Enter **http://www.routerlogin.net**. A login window opens. 3. Enter the",828f4d55-febe-5dbd-a701-f2a193bb73b3;dfee3773-69cd-5ee3-b119-604a4e77696d;530e409d-b4d7-5f03-9c6f-e386dd983ae8;eae3c8b9-6532-5ee3-be50-bdecc1738439
exact,EXACT-047,4,4,netgear-r7000.pdf;netgear-rax120.pdf;netgear-rax50.pdf;netgear-raxe500.pdf,"By default, the router acts as a DHCP server. The router assigns IP, DNS server, and default gateway addresses to all computers connected to the LAN. The assigned default gateway address is the LAN address of the router. You can use another device on your network as the DHCP server or specify the ne",c5b7a190-89b3-5c81-9acd-0435214b816d;53656349-6299-5e05-8f28-86238d09b54a;4e4130d9-8486-53ba-8a39-75b60fe1e008;8dba79ed-9bf8-5cb2-833b-a493317e765e
exact,EXACT-048,3,3,netgear-rax120.pdf;netgear-rax50.pdf;netgear-raxe500.pdf,"By default, the router acts as a Dynamic Host Configuration Protocol (DHCP) server. The router assigns IP, DNS server, and default gateway addresses to all computers connected to the LAN. The assigned default gateway address is the LAN address of the router. These addresses must be part of the same ",3a3c26ae-1836-5453-b7c4-c85f35296488;a6f5bbc3-e697-5aa5-bbe8-9237b93ff804;01cd477a-47d2-5fed-a150-f3482022089e
exact,EXACT-049,4,4,netgear-r6350.pdf;netgear-rax120.pdf;netgear-rax50.pdf;netgear-raxe500.pdf,"By default, the router uses standard LED settings.",da60cb92-8d65-5aae-afac-7d030c7679cf;19e03d29-379e-5c70-aef8-bc0dd4ff222d;48cb81fd-084d-5c51-9e7e-697baa4ec6f4;fcd0539a-db5a-518b-80e5-b93ab799accc
exact,EXACT-050,2,1,netgear-r7000.pdf,"By default, the router uses the NETGEAR NTP server to sync the network time. You can change the NTP server to your preferred NTP server. **To change the NTP server to your preferred NTP server:** 1. Launch a web browser from a computer or mobile device that is connected to the router network. 2. Ent",d4980606-c8d1-5aca-adbe-96e35254c9e1;e0a29d83-bb4e-5486-bac0-906091d1c384
exact,EXACT-051,3,3,netgear-rax120.pdf;netgear-rax50.pdf;netgear-raxe500.pdf,"By default, the router uses the NETGEAR NTP server to sync the network time. You can change the NTP server to your preferred NTP server. **To set the NTP server:** 1. Launch a web browser from a computer or mobile device that is connected to the router network. 2. Enter **http://www.routerlogin.net*",db961a8c-9ae1-5b21-8b0a-91612be11df4;44e7186a-d80b-519f-b7c8-793cc38b95ad;29f43702-7db0-5452-b0a7-d5a2155c5b59
exact,EXACT-052,3,3,netgear-r7000.pdf;netgear-rax50.pdf;netgear-raxe500.pdf,File Transfer Protocol (FTP) lets you download (receive) and upload (send) large files faster. **To enable FTP access within your network:** 1. Launch a web browser from a computer or mobile device that is connected to the router network. 2. Enter **http://www.routerlogin.net**. A login window opens,63bc8350-f409-5083-aac5-1ec432315249;540adef2-c527-5db1-bc2f-8ce012c8629e;c0a0a256-1dcf-56d0-bcac-4e100bd17821
exact,EXACT-053,2,2,netgear-rax120.pdf;netgear-rax50.pdf,"For almost all Internet traffic, routes are automatically and dynamically selected. You can also set up a fixed, static route. Typically, you only need to add static routes when you have more than one router or multiple IP subnets on your network. As an example of when a static route is needed, cons",cad39326-b673-5a17-908d-458d60b7924a;7da5e59b-bf21-51df-a65d-df2d9e015b1f
exact,EXACT-054,2,2,netgear-r7000.pdf;netgear-xr500.pdf,"For each computer, after you click the **Connect** and **Disconnect** buttons once, the utility automatically manages the printing queue. By default, the utility starts automatically whenever you log on to Windows and runs in the background. **To print a document using the NETGEAR USB Control Center",ea698470-b732-5eb5-92d3-6b376673b14e;90bbdb2b-c64c-5bd8-94b9-5c7eb16c8994
exact,EXACT-055,3,3,netgear-rax120.pdf;netgear-rax50.pdf;netgear-raxe500.pdf,"If the devices that are connected to the router’s Ethernet LAN port or WiFi network include an IPTV device, your ISP might require you to set up a bridge for a port group for the router’s Internet interface. A bridge with a port group prevents packets that are sent between the IPTV device and the ro",91c51a45-4438-5fd7-8259-87a71e542abf;2b5d938a-b1e8-5d4a-ba62-4db61c7c1ca2;2f3115a8-1163-5a5b-acdb-0e08431da1a4
exact,EXACT-056,2,2,netgear-rax120.pdf;netgear-raxe500.pdf,"If the devices that are connected to the router’s Ethernet LAN ports or WiFi network include an IPTV device, your ISP might require you to set up a bridge for a VLAN tag group for the router’s Internet interface. If you are subscribed to IPTV service, the router might require VLAN tags to distinguis",17ab9b62-91e6-5cbb-8b64-c61ffa950c4a;2a1bf140-8dee-5ac4-98a4-1486d8609428
exact,EXACT-057,4,4,netgear-r6350.pdf;netgear-rax120.pdf;netgear-rax50.pdf;netgear-raxe500.pdf,"If the Internet LED or Ethernet LAN port LEDs do not light when an Ethernet connection is made, check the following: • Make sure that the Ethernet cable connections are secure at the router and at the modem or computer. • Make sure that power is turned on to the connected modem or computer. • Be sur",0a3e9e25-c2a0-5ff5-9ea7-dfcd3a28faec;dc920b05-a85c-5eba-9f83-24422f755c6c;67345d86-29ac-5778-8a68-f1ea126891ba;5bdfc738-6759-5989-8593-c136736f1af8
exact,EXACT-058,6,6,netgear-r6350.pdf;netgear-r7000.pdf;netgear-rax120.pdf;netgear-rax50.pdf;netgear-raxe500.pdf;netgear-xr500.pdf,"If the router does not save the changes that you make in the router web interface, do the following: • When entering configuration settings, always click the **Apply** button before moving to another page or tab, or your changes are lost. • Click the **Refresh** or **Reload** button in the web brows",89d07740-bf45-5a3f-aae9-8ef36cc53998;f734ce15-6ddb-5765-9867-96cc53a05040;5248213a-8c94-5110-b8b4-37fc33d44bb1;8a1f36b5-aaaa-557d-a7c6-8b9086b7070f;5ce4f4af-eee3-578a-bbc3-a78047c81a93;3aa6e3f0-75c4-5d96-abed-b04479116b9c
exact,EXACT-059,5,5,netgear-r6350.pdf;netgear-rax120.pdf;netgear-rax50.pdf;netgear-raxe500.pdf;netgear-xr500.pdf,"If the router does not start, make sure that the power adapter cable is securely plugged in. If the Internet connection or LAN connections do not function, make sure that the Ethernet cables are securely plugged in. The Internet LED on the router is lit if the Ethernet cable connecting the router an",4b9a8181-cb6c-5825-85f7-05dab83f2a3f;6b276395-29f9-5df2-adac-bbe935e47b32;d542a232-92c1-58c8-8c71-58dcdd9d87b0;4f3d2903-b1ca-556d-a4f9-f0bea742c6b5;008f6272-5253-51ec-8b8e-598e1de99165
exact,EXACT-060,3,3,netgear-rax120.pdf;netgear-rax50.pdf;netgear-raxe500.pdf,"If the WiFi LED stays off, check to see if someone pressed the **WiFi On/Off** button on the router. This button turns the WiFi radios in the router on and off. If someone disabled the WiFi radios by using the router web interface, the WiFi LED also stays off. The WiFi LED is lit when the WiFi radio",5cdde1bb-9f34-58f5-a81e-b80ef1f7b022;5e4c620b-8e9a-595e-b473-d20226e52eb0;69cd245a-1266-5f23-8f16-78765bdd9f5c
exact,EXACT-061,3,3,netgear-r6350.pdf;netgear-rax120.pdf;netgear-raxe500.pdf,"If you already created a Dynamic DNS account with NETGEAR, No-IP, or DynDNS, you can set up the router to use your account. **To set up Dynamic DNS if you already created an account:** 1. Launch a web browser from a computer or mobile device that is connected to the router network. 2. Enter **http:/",9acc9454-6ed4-5e0b-b834-bfcc7e38529f;e43b60ee-74fd-5d48-823c-2588148d4411;ccb7ddd9-5080-5a0c-86f9-954c5f84972b
exact,EXACT-062,4,4,netgear-r6350.pdf;netgear-rax120.pdf;netgear-rax50.pdf;netgear-raxe500.pdf,"If you are experiencing trouble connecting over WiFi to the router, try to isolate the problem: • Does the WiFi device or computer that you are using find your WiFi network? If not, check the WiFi LED on the router. If it is off, you can press the **WiFi On/Off** button on the router to turn the rou",04bd2000-f1cc-52d9-9646-2736f0fb6c18;48b55cf6-5b08-527e-bd26-f4183bca41e2;6fddf705-f785-5ad9-8645-470660354f7c;7f780013-53bc-5600-8aa2-8a4eefeebdf3
exact,EXACT-063,2,2,netgear-r6350.pdf;netgear-raxe500.pdf,"If you are unable to log in to the router from a computer or mobile device on your local network, check the following: • If you are using an Ethernet-connected computer, check the cable connection between the computer and the router. • If you are using a WiFi-enabled computer or mobile device, check",5fb6c324-9a3a-55a6-9e85-b28426238725;8087d250-adb2-53bb-9dfa-1b13d152b70f
exact,EXACT-064,3,3,netgear-rax120.pdf;netgear-rax50.pdf;netgear-xr500.pdf,"If you attach a USB storage device to a USB port on your router, after you make a VPN connection from a remote VPN client device to your home router, you can access the USB storage device. Because the router supports ReadySHARE, the USB storage device might display as a ReadySHARE network device on ",d2bbd29c-7588-5dda-ab46-69b0612cd939;e4793bd4-59b5-52d0-920d-53bb5dce9e7e;b52c2b46-34b2-5895-8c27-5cce3f9bf7a2
exact,EXACT-065,2,2,netgear-r7000.pdf;netgear-raxe500.pdf,"If you host a web server on your local network, you can use port forwarding to allow web requests from anyone on the Internet to reach your web server. **To make a local web server public:** 1. Assign your web server either a fixed IP address or a dynamic IP address using DHCP address reservation. I",8fb3463d-a069-5c1d-8787-b235603f7b98;24c6ea43-a239-5e8d-9b53-29c068ae921d
exact,EXACT-066,2,2,netgear-rax120.pdf;netgear-rax50.pdf,"If you host a web server on your local network, you can use port forwarding to allow web requests from anyone on the Internet to reach your web server. **To make a local web server public:** 1. Assign your web server either a fixed IP address or a dynamic IP address using DHCP address reservation. I",10f082e0-460d-59c2-bf25-090a7b36a4a8;34ec1d15-40f7-55a5-9772-135ebc91324b
exact,EXACT-067,6,6,netgear-r6350.pdf;netgear-r7000.pdf;netgear-rax120.pdf;netgear-rax50.pdf;netgear-raxe500.pdf;netgear-xr500.pdf,"If you must restart your network, follow this sequence: 1. Turn off and unplug the modem. 2. Turn off the router. 3. Plug in the modem and turn it on. Wait two minutes. 4. Turn on the router and wait two minutes.",43ee9cdf-ae9a-5b3c-bbe5-ecde0e3d2cfe;f2289449-f54e-5af6-8243-762118ef305b;b9cf44a4-e860-572b-8735-b26e1fc948db;63debb74-88a8-5b3c-bde8-04a677ac56c7;494eba00-b9d1-5fec-898e-b212c6f28baf;2dd1fac5-3a25-5232-a837-397b1df3fb63
exact,EXACT-068,2,2,netgear-rax120.pdf;netgear-rax50.pdf,"If you set up an access control list (ACL) that allows all new devices to access the network, you can add new devices that must be blocked from accessing the network, remove old devices, or change whether devices that were blocked must now be allowed when they try to connect to the network. **To man",330f9cde-2ef3-5107-845b-787b8a83d077;bf4b489e-adc8-5174-a565-5fb7e6fec6b3
exact,EXACT-069,2,2,netgear-rax120.pdf;netgear-rax50.pdf,"If you set up an access control list (ACL) that blocks all new devices from accessing the network, you can add new devices that must be allowed access to the network, remove old devices, or change whether devices that were allowed must now be blocked when they try to connect to the network. For exam",9e1b8836-d9ff-5b1f-97fe-d96700d0cb4f;03914fcb-62c9-5345-8ab2-2475379fe1be
exact,EXACT-070,2,2,netgear-r6350.pdf;netgear-raxe500.pdf,"If you set up the password recovery feature, you can recover your router admin password. **To recover your router admin password:** 1. Launch a web browser from a computer or mobile device that is connected to the router network. 2. Enter **http://www.routerlogin.net**. A login window opens. 3. Clic",d8ba1e3e-620a-512e-9520-6dc227ac38a9;74e81b42-e270-5395-8fc5-cb0aa1f6e692
exact,EXACT-071,3,3,netgear-rax120.pdf;netgear-rax50.pdf;netgear-xr500.pdf,"If you set up the password reset feature, you can reset your router admin password if you forgot it. This reset process is supported in Chrome, Safari, Firefox, Edge, and Internet Explorer. **To reset your router admin password:** 1. Launch a web browser from a computer or mobile device that is conn",e0f74f33-f3bc-53bb-9b93-f1038c32fed8;18147ff5-671f-5083-b6be-4551aa2bb127;0438a1df-5691-5fa3-82cc-26cb251a9c49
exact,EXACT-072,3,3,netgear-rax120.pdf;netgear-rax50.pdf;netgear-raxe500.pdf,"If you used the **WiFi On/Off** button to turn off the WiFi radios, you can’t log in to the router to turn them back on. You must press the **WiFi On/Off** button again for two seconds to turn the WiFi radios back on. **To enable or disable the WiFi radios:** 1. Launch a web browser from a computer ",5776f539-59a4-5e4a-bf09-24bac9062168;b72d6035-0006-5730-97cb-266f12595623;183e963a-d605-5403-a4e2-b882de020cbb
exact,EXACT-073,4,4,netgear-r6350.pdf;netgear-rax120.pdf;netgear-rax50.pdf;netgear-raxe500.pdf,"If your computer or mobile device cannot connect to the router, make sure that the network settings of the computer or mobile device are correct. Computers and mobile devices must use network IP addresses on the same network as the router. By default, almost all computers and mobile devices are set ",d7f22ecf-daab-54fc-9de9-74703efb66a1;ec44b73a-1963-51b8-b170-5ef2511a7451;fe260b55-1994-59d9-a1d0-bc6b454ad9cc;6cc08877-270d-58a7-9e46-041f1014551a
exact,EXACT-074,4,4,netgear-r7000.pdf;netgear-rax120.pdf;netgear-rax50.pdf;netgear-raxe500.pdf,"If your home network includes a server, you can allow certain types of incoming traffic to reach the server. For example, you might want to make a local web server, FTP server, or game server visible and available to the Internet. The router can forward incoming traffic with specific protocols to co",2964524d-0fe7-5c92-a895-db23aa180ef3;f3732efc-ed7e-5ef1-abfe-e4193e034e51;6dccc913-551e-5c5e-97e3-4261d131f8e7;9332e733-b6f2-5a71-a061-651304cc5e8a
exact,EXACT-075,4,4,netgear-r6350.pdf;netgear-rax120.pdf;netgear-rax50.pdf;netgear-raxe500.pdf,"If your router can obtain an IP address but your computer is unable to load any web pages from the Internet, it might be for the following reasons: • The traffic meter is enabled, and the limit was reached. By configuring the traffic meter not to block Internet access when the traffic limit is reach",818e0932-f3ff-5602-b5b9-5f1d94d353ed;ff1f5340-8ce2-5c00-b61b-e404662096a4;e7004a46-44c8-5b2a-bb26-3cbaf8b649e4;c6ea10e7-ed27-5069-bcd1-0acf37e04e84
exact,EXACT-076,5,5,netgear-r6350.pdf;netgear-r7000.pdf;netgear-rax120.pdf;netgear-rax50.pdf;netgear-raxe500.pdf,"In pass-through mode, the router works as a Layer 2 Ethernet switch with two ports (LAN and WAN Ethernet ports) for IPv6 packets. The router does not process any IPv6 header packets. **To set up a pass-through IPv6 Internet connection:** 1. Launch a web browser from a computer or mobile device that ",8f1462da-3007-5dbb-8290-b50deba4b7d6;ec4bf452-0be9-5d97-8612-be4bb085ebde;f02b327f-e424-5fbd-884a-afa982cfba97;8c9913a4-92ae-5ea2-9c4b-f2b8953ac4a7;9f527e50-06ce-5289-b717-6813e40cf2ee
exact,EXACT-077,7,7,netgear-r6350.pdf;netgear-r7000.pdf;netgear-rax120.pdf;netgear-rax50.pdf;netgear-raxe500.pdf;netgear-rbk852.pdf;netgear-xr500.pdf,"Internet service providers (ISPs) assign numbers called IP addresses to identify each Internet account. Most ISPs use dynamically assigned IP addresses. This means that the IP address can change at any time. You can use the IP address to access your network remotely, but most people don’t know what ",4f7d7162-6e6c-573c-b8fb-9e4ab9d5cff3;0cd60313-0ac6-5467-b3c5-3f1740db1866;6ca6151d-13b9-5a1c-8cde-e22461da51f4;45cd04ed-08f5-57ef-b280-00505e1010d3;11879f1f-745d-56ee-9c96-52ce7f49fa15;1699471e-281e-5f2d-8c2b-8326ba3ec60a;f5bc8af4-e1db-5025-82b3-d2be01944b28
exact,EXACT-078,7,7,netgear-r6350.pdf;netgear-r7000.pdf;netgear-rax120.pdf;netgear-rax50.pdf;netgear-raxe500.pdf;netgear-rbk852.pdf;netgear-xr500.pdf,IPv6 addresses are denoted by eight groups of hexadecimal quartets that are separated by colons. You can reduce any four-digit group of zeros within an IPv6 address to a single zero or omit it. The following errors invalidate an IPv6 address: • More than eight groups of hexadecimal quartets • More t,b60ce24d-2b57-52a7-93ab-556a06485338;28b68112-abb7-5350-b4ea-76283efa50fc;91f0bcc3-caab-5a3a-8895-c02fc23ee069;1c001bc4-2e58-5ca4-ace1-c1b6b442ea8e;f0182d51-1c14-556f-8e18-ceb6082c2188;de3de3b9-79ad-5fbc-9db0-88299436c0c8;38a1748c-19a7-561f-abc7-68725a8af5bb
exact,EXACT-079,2,2,netgear-r6350.pdf;netgear-r7000.pdf,"iTunes server lets you play music from a USB device that is connected to a USB port on your router with iTunes on your Windows-based or Mac computer or with the Apple Remote app on your iPhone or iPad. You can also use the Apple Remote app from an iPhone or iPad to play music on any AirPlay devices,",10572b97-0b15-53b9-a7a2-9ba93dbb012b;a47b32ec-f5e2-5bf0-bfd9-5792c2a864cf
exact,EXACT-080,4,4,netgear-r6350.pdf;netgear-rax120.pdf;netgear-rax50.pdf;netgear-raxe500.pdf,Make sure that the WiFi settings on the WiFi-enabled computer or mobile device and the router match exactly. The WiFi network name (SSID) and WiFi security settings of the router and the computer or mobile device must match exactly. WiFi passwords are case sensitive. If you set up an access control ,335ea183-1b40-5e35-af4b-f01b3137b0c1;f24fac39-a3db-5243-9d24-4986ad8e8cf1;39daa66a-c631-5cec-aaff-699fcdd0f47f;0ca599be-3824-5fb8-8b40-4109155a72b2
exact,EXACT-081,7,7,netgear-r6350.pdf;netgear-r7000.pdf;netgear-rax120.pdf;netgear-rax50.pdf;netgear-raxe500.pdf;netgear-rbk852.pdf;netgear-xr500.pdf,Most network devices and routers contain a ping utility that sends an echo request packet to the designated device. The device then responds with an echo reply. You can easily troubleshoot a network using the ping utility in your computer or workstation.,a2347ca2-0954-5c9e-9a7f-4c8ff58864c6;9c575d10-7b9c-5fb3-ba20-b369060e41f6;ab1f10d8-9170-5cf3-9dbc-62ef6cef64f3;688ede0a-7912-51aa-bc85-3ae9ad749feb;ecb94e9b-8113-57be-a66b-6812ae645af4;ad859cdb-151f-56e5-81be-13c742dc1180;978f26ee-238d-564d-9839-089955a716af
exact,EXACT-082,2,2,netgear-rax120.pdf;netgear-rax50.pdf,"Multiuser multiple input, multiple output (MU-MIMO) improves performance when many WiFi clients that are MU-MIMO-capable transfer data at the same time. For MU-MIMO to function, WiFi clients must support MU-MIMO, and they must be connected to a 5 GHz WiFi band. This feature is enabled by default, bu",707448cb-e251-5171-bcb7-c59e59d84350;6b12a27a-8d95-58fa-927d-e94061ea4bee
exact,EXACT-083,2,2,netgear-r7000.pdf;netgear-rax120.pdf,"NETGEAR ReadyCLOUD for routers lets you remotely access files stored on a USB storage device that is connected to the router. Before you can use ReadyCLOUD, you must create a ReadyCLOUD account and register your router. A ReadyCLOUD app is also available for Windows computers, Android mobile devices",305c7a86-7148-51b1-9c58-9999fae9c9ee;38c0dd5a-a3de-53af-887e-732226700ca3
exact,EXACT-084,2,2,netgear-r7000.pdf;netgear-raxe500.pdf,"Port triggering is a dynamic extension of port forwarding that is useful in these cases: • An application must use port forwarding to more than one local computer (but not simultaneously). • An application must open incoming ports that are different from the outgoing port. With port triggering, the ",b4371b0a-3b93-5a6a-bd82-bc95aab900b4;39a186b1-4107-5ef4-ae0a-c71e36ead2c4
exact,EXACT-085,2,2,netgear-rax120.pdf;netgear-rax50.pdf,"Port triggering is a dynamic extension of port forwarding that is useful in these cases: • An application must use port forwarding to more than one local computer (but not simultaneously). • An application must open incoming ports that are different from the outgoing port. With port triggering, the ",3ef239a3-580d-5a12-b6c9-965fe4c8f832;d2ce6d68-be58-52a1-9de8-9d40801ff7a5
exact,EXACT-086,2,2,netgear-r7000.pdf;netgear-rax120.pdf,"Power on your router and connect it to a modem. Figure 6. Cable your router **To cable your router:** 1. Unplug your modem, remove and reinsert the backup battery if it uses one, and then plug the modem back in. 2. Use the Ethernet cable to connect the modem to the yellow Internet port on the router",3358052a-815b-5201-a127-e92149644fca;c78de953-6132-5e83-a4fc-d17090c85112
exact,EXACT-087,2,2,netgear-rax50.pdf;netgear-xr500.pdf,"Power on your router and connect it to a modem. Figure 7. Cable your router **To cable your router:** 1. Unplug your modem, remove and reinsert the backup battery if it uses one, and then plug the modem back in. 2. Use the Ethernet cable to connect the modem to the yellow Internet port on the router",b44981b7-18cf-5ed8-8dec-a23e367c49c5;03b606e7-5f2d-5679-abfc-0398b69beeab
exact,EXACT-088,5,5,netgear-r6350.pdf;netgear-rax120.pdf;netgear-rax50.pdf;netgear-raxe500.pdf;netgear-xr500.pdf,"ReadySHARE lets you access and share USB storage devices that are connected to a USB port on the router. (If your USB storage device uses special drivers, it is not compatible.) **To connect a USB device:** 1. Insert your USB storage device into a USB port on the router. 2. If your USB storage devic",c8cd836f-21f0-5e9c-9142-aaf7ffe962dc;bb9735df-2bc3-50f1-9fb8-2235613d714e;173e6efd-2c2c-5343-bad7-634d6de51907;40812aed-cd07-5dff-9ac0-4704875b0f45;7b507311-06c1-518a-b57f-17ce47a7dc19
exact,EXACT-089,2,2,netgear-rax120.pdf;netgear-rax50.pdf,Separate types of logins serve different purposes. It is important that you understand the differences so that you know which login to use when. Several types of logins are associated with the router: • **ISP login**. The login that your Internet service provider (ISP) gave you logs you in to your I,6af6a140-458c-5188-b116-2f8430c69437;c20a108c-c673-5740-9b8a-90c8cd8f8ede
exact,EXACT-090,5,5,netgear-r7000.pdf;netgear-rax120.pdf;netgear-rax50.pdf;netgear-raxe500.pdf;netgear-xr500.pdf,"Some application servers, such as FTP and IRC servers, send replies to multiple port numbers. Using port triggering, you can tell the router to open more incoming ports when a particular outgoing port starts a session. An example is Internet Relay Chat (IRC). Your computer connects to an IRC server ",22b781b9-3e62-5d72-85c4-4b17be894b0a;95629a49-e234-57fe-a432-51fea6617983;67f8eab0-6a22-5c7b-9f6c-d116e364dc33;b72b8a87-be82-5d91-abcf-ba7916883380;1986a281-97eb-584c-ae46-a548a955864f
exact,EXACT-091,4,4,netgear-r7000.pdf;netgear-rax120.pdf;netgear-rax50.pdf;netgear-raxe500.pdf,"Some devices, such as an IPTV, cannot function behind the router’s network address translation (NAT) service or firewall. Based on what your Internet service provider (ISP) requires, for the device to connect to the ISP’s network directly, you can enable the bridge between the device and the router’",a85df7c2-db4e-5745-a8f3-2ac8c356046e;26a25528-3154-594a-8ab6-476494dc4177;5d1ff882-17ea-5159-94ca-699aa504da56;0d3de1e7-d52d-58c5-a468-f3fed5427fed
exact,EXACT-092,2,2,netgear-r7000.pdf;netgear-xr500.pdf,"Some USB printer manufacturers (for example, HP and Lexmark) request that you do not connect the USB cable until the installation software prompts you to do so. **To install the driver and cable the printer:** 1. On each computer on your network that shares the USB printer, install the driver softwa",f9c4f561-2789-5188-b412-6b03a06edf0e;69fea750-3395-5117-94a8-14c9d400f3a6
exact,EXACT-093,4,4,netgear-r7000.pdf;netgear-rax120.pdf;netgear-rax50.pdf;netgear-raxe500.pdf,The 6rd protocol makes it possible to deploy IPv6 to sites using a service provider’s IPv4 network. 6rd uses the service provider’s own IPv6 address prefix. This limits the operational domain of 6rd to the service provider’s network and is under direct control of the service provider. The IPv6 servi,b4ea45d9-09f3-515c-9530-7531ea961c6b;063dbf2c-3f69-5f4e-b782-908e3f98521f;41a1822f-3f8a-56e0-bf8a-f9eccef671b6;a7957a76-de5a-53fb-92ac-f631eb9f1398
exact,EXACT-094,4,4,netgear-r6350.pdf;netgear-rax120.pdf;netgear-rax50.pdf;netgear-raxe500.pdf,"The admin password is the one you specified the first time you logged in. You can change this password. **Note:** The ideal password contains no dictionary words from any language and contains uppercase and lowercase letters, numbers, and symbols. It can be up to 30 characters. **To change the passw",05519e14-2eff-51e9-9236-e93957018d1d;ecffda61-8412-5d08-b713-fa6582b8dfc8;d659abfb-9458-5e61-8449-b4a4aae55ec6;6d848f3e-e6e3-503d-9675-58b59b11274a
exact,EXACT-095,7,7,netgear-r6350.pdf;netgear-r7000.pdf;netgear-rax120.pdf;netgear-rax50.pdf;netgear-raxe500.pdf;netgear-rbk852.pdf;netgear-xr500.pdf,"The configuration settings of the router are stored within the router in a configuration file. You can back up (save) this file to your computer, restore it, or reset it to the factory default settings.",338f9d2d-05f6-5bdf-acd5-cb2a03fb059c;48daa85c-d9e5-5265-bf42-a0c7925b8190;6d219eb3-6149-5d6c-8844-027688914cdd;9b436014-fc83-5419-ba50-613703d5232d;f003c0c5-e70d-52ca-b5ce-ef1d95bb2a6b;92a8ea92-562c-5dbc-8efb-b7212f4d7b72;556885d1-aa62-59a7-8480-f348760f9f6f
exact,EXACT-096,5,5,netgear-r6350.pdf;netgear-r7000.pdf;netgear-rax120.pdf;netgear-rax50.pdf;netgear-raxe500.pdf,"The default DMZ server feature is helpful when you are using some online games and videoconferencing applications that are incompatible with Network Address Translation (NAT). The router is programmed to recognize some of these applications and to work correctly with them, but other applications mig",8d7df806-ebdb-5595-9169-ceb85d0ba6e4;f6a204e1-2aaa-5aef-8411-ec48511021fc;e4751896-a4ff-513a-b8f7-bc2d01f03f3e;398e6767-c079-5f75-9165-df722383b745;508d014b-f83c-5a94-8faf-9967fbe1c057
exact,EXACT-097,4,4,netgear-r7000.pdf;netgear-rax120.pdf;netgear-rax50.pdf;netgear-raxe500.pdf,"The following sequence shows the effects of a port forwarding rule: 1. When you type the URL www.example.com in your browser, the browser sends a web page request message with the following destination information: • **Destination address**. The IP address of www.example.com, which is the address of",36a44e4d-1905-5cef-bfe9-49ea3609dc3c;cf516841-9648-5ad0-aaaa-b65b9c5d85aa;0b8e2055-6f61-572f-84da-42d70195ba7b;cb0591a9-a6dd-512d-aa50-8e0629954cd8
exact,EXACT-098,2,2,netgear-rax120.pdf;netgear-raxe500.pdf,"The LEDs on the top panel of the router indicate activities and behavior. You can disable LED blinking for network communications, or turn off all LEDs except the Power LED. **To disable LED blinking or turn off the LEDs:** 1. Launch a web browser from a computer or mobile device that is connected t",5c82d4ef-7c18-5ecc-b644-701b7da5e828;5f93337e-fdab-5f48-936b-564936a076a7
exact,EXACT-099,5,5,netgear-r6350.pdf;netgear-r7000.pdf;netgear-rax120.pdf;netgear-rax50.pdf;netgear-raxe500.pdf,The maximum transmission unit (MTU) is the largest data packet a network device transmits.,aba5c3ef-7a47-5a71-bbb4-2da2cc9d65dc;d510a528-960a-5a04-a418-52be3577de37;9b7e81c1-1253-5918-a003-5a479e466736;6bfc01f5-9448-58d3-8765-27e712fd3624;fbf822a7-110a-5ac3-b64c-6a5fbaf2ccc4
exact,EXACT-100,2,2,netgear-r7000.pdf;netgear-raxe500.pdf,The remote relay router is the router to which your router creates a 6to4 tunnel. Make sure that the IPv4 Internet connection is working before you apply the 6to4 tunnel settings for the IPv6 connection. **To set up an IPv6 Internet connection by using a 6to4 tunnel:** 1. Launch a web browser from a,42167bc0-e34c-5226-ad86-a6c638c5859a;90dc0cf2-c796-57eb-87e5-6550886d3566
exact,EXACT-101,2,2,netgear-rax120.pdf;netgear-rax50.pdf,The remote relay router is the router to which your router creates a 6to4 tunnel. Make sure that the IPv4 Internet connection is working before you apply the 6to4 tunnel settings for the IPv6 connection. **To set up an IPv6 Internet connection by using a 6to4 tunnel:** 1. Launch a web browser from a,cf568022-8152-52b0-aef0-cb6d9ac1cda6;60bde80c-34b9-5f48-858f-3fcabaf28633
exact,EXACT-102,3,3,netgear-r6350.pdf;netgear-r7000.pdf;netgear-raxe500.pdf,"The router admin password is used to log in to your router web interface. We recommend that you enable password recovery so that you can recover the password if it is forgotten. This recovery process is supported in Internet Explorer, Firefox, and Chrome browsers but not in the Safari browser. **To ",471370d2-cd2d-521d-bffc-7602e6c53654;33ddbb7b-7ffc-5553-bb87-9bb51750c9f2;bd1499f0-941f-5bc2-a5a8-04745eefa6c6
exact,EXACT-103,2,2,netgear-rax120.pdf;netgear-rax50.pdf,"The router admin password is used to log in to your router web interface. We recommend that you enable password reset so that you can reset the password if you forget it. This reset process is supported in Chrome, Safari, Firefox, Edge, and Internet Explorer. **To enable password reset:** 1. Launch ",ea7382ed-6f7a-546f-bda2-f6df5aeb7d0d;dbd4c253-9a3f-5c37-815b-6479d033a582
exact,EXACT-104,3,3,netgear-r7000.pdf;netgear-rax50.pdf;netgear-raxe500.pdf,The router can email you its logs of router activity. The log records router activity and security events such as attempts to access blocked sites or services. **To set up email notifications:** 1. Launch a web browser from a computer or mobile device that is connected to the router network. 2. Ente,bd59f813-7478-573e-bbc9-68e2974d38e7;147ad2c0-a04d-5904-bf09-3459263a8468;2995f3d8-b1d9-5ef2-b596-41e1562ee175
exact,EXACT-105,2,2,netgear-r6350.pdf;netgear-rax120.pdf,The router can email you its logs of router activity. The log records router activity and security events such as attempts to access blocked sites or services. **To set up email notifications:** 1. Launch a web browser from a computer or mobile device that is connected to the router network. 2. Ente,9eea4a57-4c9e-51eb-b299-049a4b930e58;51d3d6a5-8a0e-5494-80bb-a5e58e9a1b5e
exact,EXACT-106,4,4,netgear-r7000.pdf;netgear-rax120.pdf;netgear-rax50.pdf;netgear-raxe500.pdf,"The router comes with preset security. This means that the WiFi network name (SSID), network key (password), and security option (encryption protocol) are preset in the factory. You can find the preset SSID and password on the router label. **Note:** The preset SSID and password are uniquely generat",61f495ce-b463-5f79-a3ab-a0da67b6926f;88a61bbc-985f-5b34-9830-9632803f359f;567ccffc-53dd-5f49-8306-5dd3c23407e7;02b732ff-6440-5fb7-94a1-7afaa05c4053
exact,EXACT-107,2,2,netgear-r6350.pdf;netgear-rax120.pdf,The router firmware (routing software) is stored in flash memory. You might see a message at the top of the router pages when new firmware is available. You can respond to that message to update the firmware or you can check to see if new firmware is available and update your product. **Note:** We r,2a3ade55-f893-5d78-8ead-3ff6b3d197c7;b96f1275-8b98-5f40-9bf9-eefaa5f65f16
exact,EXACT-108,2,2,netgear-rax50.pdf;netgear-raxe500.pdf,The router firmware (routing software) is stored in flash memory. You might see a message at the top of the router pages when new firmware is available. You can respond to that message to update the firmware or you can check to see if new firmware is available and update your product. **Note:** We r,175b6bb5-6032-5c21-9e2d-83dbb8b8ef10;d433d7a9-b192-58d4-8259-fbfeef9384e6
exact,EXACT-109,4,4,netgear-r7000.pdf;netgear-rax120.pdf;netgear-rax50.pdf;netgear-raxe500.pdf,The router is preconfigured to use private IP addresses on the LAN side and to act as a DHCP server. The router’s default LAN IP configuration is as follows: • **LAN IP address**. 192.168.1.1 • **Subnet mask**. 255.255.255.0 These addresses are part of the designated private address range for use in,5daae3a0-c73e-5639-84a1-0761839ee2e8;24b4cb3e-9057-5f4c-a772-56b1413c9afc;655ecb0a-75ee-537e-92b3-63ec5fc650a2;d62e312a-4a41-56f0-9db6-bf5f9b4d836b
exact,EXACT-110,2,2,netgear-r7000.pdf;netgear-rax120.pdf,"The router lets you access your network anywhere within the operating range of your WiFi network. However, the operating distance or range of your WiFi connection can vary significantly depending on the physical placement of your router. In addition, position your router according to the following g",a558a4fd-f5ea-5ad7-8f40-f63c42201e36;a598cdde-568d-5aea-8f59-8c49a63df425
exact,EXACT-111,2,2,netgear-rax50.pdf;netgear-raxe500.pdf,"The router lets you access your network anywhere within the operating range of your WiFi network. However, the operating distance or range of your WiFi connection can vary significantly depending on the physical placement of your router. In addition, position your router according to the following g",f42f57b0-65cd-5982-935c-289c54636287;6aafe5c2-9e7c-5443-b0ec-68521fe653f9
exact,EXACT-112,4,4,netgear-r7000.pdf;netgear-rax120.pdf;netgear-rax50.pdf;netgear-raxe500.pdf,"The router lists default services and applications that you can use in port forwarding rules. If the service or application is not predefined, you can add a port forwarding rule with a custom service or application. **To add a custom service:** 1. Find out which port number or range of numbers the a",0125269b-47b9-5b29-91af-0325b612dd29;b10cb40c-c22b-5f9d-b7f2-45089cb0c5d8;2e1c137e-3319-584a-91ad-84969b5cd7aa;006fde7c-e877-568e-92ed-1644ace1f176
exact,EXACT-113,6,6,netgear-r6350.pdf;netgear-r7000.pdf;netgear-rax120.pdf;netgear-rax50.pdf;netgear-raxe500.pdf;netgear-xr500.pdf,"The router works with most USB-compliant external flash and hard drives. For the most up-to-date list of USB devices that the router supports, visit [kb.netgear.com/app/answers/detail/a_id/18985/~/readyshare-usb-drives-compatibility-list](http://kb.netgear.com/app/answers/detail/a_id/18985/~/readysh",2882086e-f153-59ed-ae13-4db004aba555;72a696d1-9056-5c48-9ff6-0c2e0b809e50;aeaf90b5-5cb4-5ff1-af4a-2f43d2368c76;9c7ec5e9-5d33-5b95-b808-b5cf02baa6e4;78603c0b-03c7-5631-9b1a-d3d48e9e67eb;2cc3db60-d462-5d2e-8bb3-212863e51abf
exact,EXACT-114,3,3,netgear-r7000.pdf;netgear-rax120.pdf;netgear-raxe500.pdf,The router’s default device name is based on its model number. This device name displays in the file manager when you browse your network. **To change the router’s device name:** 1. Launch a web browser from a computer or mobile device that is connected to the router network. 2. Enter **http://www.r,2550e91a-0888-5250-85ee-2caf78ee854e;68fcd3bc-86dc-5257-9f12-7a71b0bc92b9;261c7d53-f37d-50eb-b8ee-5b6387530a59
exact,EXACT-115,3,3,netgear-r7000.pdf;netgear-rax120.pdf;netgear-raxe500.pdf,"The router’s internal WiFi radios broadcast signals in the 2.4 GHz and 5 GHz ranges. By default, they are on so that you can connect over WiFi to the router. When the WiFi radios are off, you can still use an Ethernet cable for a LAN connection to the router. You can turn the WiFi radios on and off ",2996dc9c-cb93-545d-b725-956a17e493b7;9468469c-e6de-5d4c-975f-a6c564c1fc28;50912702-dbaf-5ec5-8afb-4ab64431179c
exact,EXACT-116,2,2,netgear-r7000.pdf;netgear-xr500.pdf,The utility works on Windows-based and Mac computers. **To download the utility:** 1. Visit https://www.netgear.com/home/discover/apps/readyshare. 2. Click the **PRINT - Learn how you can print wirelessly from many devices** link. 3. Click the **Download PC installer and get started link** to downlo,0883606c-4aba-5dab-a274-d5331ac4d493;a09c6b57-384f-597b-abae-d46e6ac4584d
exact,EXACT-117,2,2,netgear-rax50.pdf;netgear-raxe500.pdf,"This chapter describes how to access and manage storage devices attached to your router. ReadySHARE lets you access and share USB storage devices connected to the router. (If your storage device uses special drivers, it is not compatible.) **Note:** You can use a USB port on the router to connect a ",5c61f262-9cb1-5422-82ca-bba17e560990;420520ee-2c88-5df3-8d5a-74f7c7ffc250
exact,EXACT-118,2,2,netgear-rax120.pdf;netgear-rax50.pdf,This chapter includes technical information about your router. The chapter covers the following topics: • Factory settings • Technical specifications,79516fac-9bcc-5550-b81e-1b52e81d140e;9d7dc9eb-7433-5d3a-897d-91aa91672789
exact,EXACT-119,4,4,netgear-r6350.pdf;netgear-rax120.pdf;netgear-rax50.pdf;netgear-raxe500.pdf,"This chapter provides information to help you diagnose and solve problems you might experience with your router. If you do not find the solution here, check the NETGEAR support site at [netgear.com/support](https://www.netgear.com/support/) for product and contact information. The chapter contains t",24c5a7a1-ff4a-5a1e-a5c6-f9eb1e47235d;c34384df-c222-5b59-b7b7-2f04743bef5f;93564cdc-b9be-5003-8d0f-381a4d7cf41f;44955124-2033-5707-91a3-8f89e17f59d2
exact,EXACT-120,6,6,netgear-r6350.pdf;netgear-r7000.pdf;netgear-rax120.pdf;netgear-rax50.pdf;netgear-raxe500.pdf;netgear-xr500.pdf,This could occur for a number of reasons. Check the following: • Make sure that the power adapter is securely connected to your router and securely connected to a working power outlet. • Make sure that you are using the power adapter that NETGEAR supplied for this product. • If the Power LED blinks ,fca5ee25-d8aa-503c-9059-f2145cd1afdc;05565fdc-4481-5012-b515-85773c42fccd;bc5a29a3-c41c-51db-96ab-22d5d18c5515;b08e3502-c165-5543-8285-14dcebdc33a1;0ffe1a16-0158-5d04-9061-c8c001ebbb2d;a98e8bdc-2ecc-5767-b22f-9a9e74e55472
exact,EXACT-121,7,7,netgear-r6350.pdf;netgear-r7000.pdf;netgear-rax120.pdf;netgear-rax50.pdf;netgear-raxe500.pdf;netgear-rbk852.pdf;netgear-xr500.pdf,This section describes tips for troubleshooting some common problems.,46a38fc4-c550-547d-bc4b-39a2b29510d7;1ff7cec6-00b2-5c38-afad-422b03cea259;874f3e49-e5ae-50b6-9017-4f54fd6af512;b5e4cf3c-ea45-5cde-afb0-48a361b4db9b;3ca4ff99-ea82-52a6-ae6a-4642a8ab493f;4889a9a4-90fe-5fc8-8c6e-4ee2cbabf2d8;694bac32-0843-5990-b993-105175e67fe3
exact,EXACT-122,2,2,netgear-r6350.pdf;netgear-xr500.pdf,"Traffic metering allows you to monitor the volume of Internet traffic that passes through the router Internet port. With the traffic meter utility, you can set limits for traffic volume, set a monthly limit, and get a live update of traffic usage.",e35d917d-5fa6-53cb-b444-2930ec14348e;f045ef8a-f6ea-53bc-bdab-ccff485b5c9f
exact,EXACT-123,3,3,netgear-rax120.pdf;netgear-rax50.pdf;netgear-raxe500.pdf,Traffic metering allows you to monitor the volume of Internet traffic that passes through the router Internet port. You can set limits for traffic volume. **To monitor Internet traffic:** 1. Launch a web browser from a computer or mobile device that is connected to the router network. 2. Enter **htt,be8e97ac-3e19-5968-9fc6-34cf514873d4;b394157a-06a4-5abd-a83c-3f74a2db8267;04f1b52b-9f18-591e-ac0a-b16ee4a34dad
exact,EXACT-124,3,3,netgear-raxe500.pdf;netgear-rbk852.pdf;netgear-xr500.pdf,"Typically, you do not need to add static routes unless you use multiple routers or multiple IP subnets on your network. As an example of when a static route is needed, consider the following case: • Your main Internet access is through a cable modem to an ISP. • Your home network includes an ISDN ro",3a369364-1f46-5fc9-86e3-266870b30c82;0c1c7d8a-f45e-5523-bea2-3f232a33908c;a5427ca2-0037-5e17-9f5f-cf22c2c865f2
exact,EXACT-125,2,2,netgear-r6350.pdf;netgear-raxe500.pdf,"Under some circumstances (for example, if you lost track of the changes that you made to the router settings or you move the router to a different network), you might want to erase the configuration and reset the router to factory default settings. To reset the router to factory default settings, yo",74928c6b-843d-5533-87cb-91403d3fffc4;68b1a2b7-7cb1-591a-9fc8-8d01667f9004
exact,EXACT-126,2,2,netgear-rax50.pdf;netgear-raxe500.pdf,Universal Plug and Play (UPnP) helps devices such as Internet appliances and computers access the network and connect to other devices as needed. UPnP devices can automatically discover the services from other registered UPnP devices on the network. If you use applications such as multiplayer gaming,774ee189-bd64-5f3b-9cb7-acd22941260e;dc0a6ec1-1f45-588b-9708-d59ccb92c880
exact,EXACT-127,3,3,netgear-r6350.pdf;netgear-rax120.pdf;netgear-rax50.pdf,"Use a web browser to access the router When you connect to the network (either with WiFi or with an Ethernet cable), you can use a web browser to access the router to view or change its settings. When you access the router, the software automatically checks to see if your router can connect to your ",618eac12-778b-52cc-a716-e9c26ef15dfc;1d46b169-4281-5310-a71d-73f58afbd283;e6ce940a-4d56-5287-829b-53a56e07beaa
exact,EXACT-128,2,2,netgear-rax120.pdf;netgear-raxe500.pdf,"Usually, the quickest way to set up the router to use your Internet connection is to allow your router to detect the Internet connection automatically when you first access the router web interface. You can also customize and manually specify your Internet settings. This chapter contains the followi",e0578528-bf9f-5d6c-a2e1-1ebb37fc2f4a;dae90d8b-ad90-52f6-a08a-82b2bd6d3b72
exact,EXACT-129,2,2,netgear-r6350.pdf;netgear-rax50.pdf,"Usually, the quickest way to set up the router to use your Internet connection is to allow your router to detect the Internet connection automatically when you first access the router web interface. You can also customize and manually specify your Internet settings. This chapter contains the followi",220fceda-3230-5c40-b7c5-f658c78651f8;285e6c83-1156-5cd6-bdb9-454276851c97
exact,EXACT-130,4,4,netgear-r6350.pdf;netgear-r7000.pdf;netgear-rax120.pdf;netgear-xr500.pdf,We recommend that you use a new USB HDD or format your old USB HDD to do the Time Machine backup for the first time. Use a blank partition to prevent some issues during backup using Time Machine. The router supports GUID or MBR partitions. **To format your USB hard disk drive and specify partitions:,967ce1bb-a54f-5809-a019-3275504db32a;cf03d1f8-a6d1-5581-b85d-52e0819e526d;17ad582c-a168-5331-9931-bc900e05e810;ff5135ad-c3ce-58be-add1-7b0a7cd9588f
exact,EXACT-131,2,2,netgear-rax120.pdf;netgear-rax50.pdf,"When one network device communicates across the Internet with another, the data packets travel through many devices along the way. If a device in the data path uses a lower maximum transmission unit (MTU) setting than the other devices, the data packets must be split or “fragmented” to accommodate t",f0a7a5c0-a73f-59d4-8a48-daea65e0c6d9;6fa573f9-aa9e-58a8-ae1b-a4dfefb50545
exact,EXACT-132,5,5,netgear-r7000.pdf;netgear-rax120.pdf;netgear-rax50.pdf;netgear-raxe500.pdf;netgear-xr500.pdf,"When the router is turned on, the LEDs light for about 10 seconds and then turn off. If all the LEDs stay on, this indicates a fault within the router. If all LEDs are still lit one minute after power-up, do the following: • Cycle the power to see if the router recovers. • Press and hold the **Reset",0a809305-5da5-5901-8135-99733f3bd166;59cc073b-cb01-5945-a7bd-10eb0067b264;6b71d462-878a-5a3c-bcd1-cc0c4c0eda41;59820530-c150-5d26-8d5f-8cdc5568bc13;f6d6138b-c820-50cb-8864-318c912e2be1
exact,EXACT-133,3,3,netgear-r7000.pdf;netgear-raxe500.pdf;netgear-xr500.pdf,"When you connect to the network (either with WiFi or with an Ethernet cable), you can use a web browser to access the router to view or change its settings. When you access the router, the software automatically checks to see if your router can connect to your Internet service.",a4d38e1f-3711-5bee-89be-b1c9f205a94c;51405423-2987-5292-8fb8-9b78e651d7c5;8ad2b555-9f62-511c-a947-d8aceea891be
exact,EXACT-134,5,5,netgear-r6350.pdf;netgear-r7000.pdf;netgear-rax120.pdf;netgear-rax50.pdf;netgear-raxe500.pdf,"When you first connect to your router and launch a web browser, the browser automatically displays the router web interface. If you want to view or change settings for the router later, you can use a browser to log in to the router web interface. **To log in to the router:** 1. Launch a web browser ",3f100d8c-71dc-51fa-999b-d623ca1ef390;49ea29b1-2ee4-5b9b-95e1-6d7a8e05ce63;b9937b70-a336-5587-80b2-44b7567807fd;860dfd07-9525-52da-970b-42a2a609702c;284ac42f-f227-5ca0-b197-899e6ff1e768
exact,EXACT-135,4,4,netgear-r7000.pdf;netgear-rax120.pdf;netgear-rax50.pdf;netgear-raxe500.pdf,"When you schedule blocking, the same schedule is used to block sites and to block services. **To schedule blocking:** 1. Launch a web browser from a computer or mobile device that is connected to the router network. 2. Enter **http://www.routerlogin.net**. A login window opens. 3. Enter the router a",a2e26983-94d7-506d-83a6-3c78b6ae4ad5;442859fc-6fc0-5497-a9e9-11bdc21f085e;fbac5510-ea20-59be-8bd9-0fd9637cceb4;c6e86a74-7a3c-5475-b624-f0f83e8c942e
exact,EXACT-136,7,7,netgear-r6350.pdf;netgear-r7000.pdf;netgear-rax120.pdf;netgear-rax50.pdf;netgear-raxe500.pdf;netgear-rbk852.pdf;netgear-xr500.pdf,"When you specify a reserved IP address for a computer on the LAN, that computer always receives the same IP address each time it accesses the router’s DHCP server. Assign reserved IP addresses to computers or servers that require permanent IP settings.",2fe2c800-86be-5e48-a3a1-bcf5a38250a9;75463286-d441-58b4-9482-ac37de0c3bb4;a15d79c0-fcfa-5abe-b0d4-e22465c5bfcc;ae2259f6-8050-542d-9a92-39175d397ce8;f6c61c21-d92c-54a7-b2e9-088638fde1ae;1bc1f0f3-ed79-5fda-9614-e275a1313f45;b76b2605-ab8e-5508-90b0-0cc46974fc3e
exact,EXACT-137,3,3,netgear-r6350.pdf;netgear-r7000.pdf;netgear-raxe500.pdf,"When you’re away from home and you access the Internet, you usually use a local Internet service provider. For example, at a coffee shop you might be given a code that lets you use the coffee shop’s Internet service account to surf the web. Nighthawk lets you use a VPN connection to access your own ",521df11b-ba0a-5d89-89c6-150357614d6d;e393c75e-52fd-5fcd-9068-f94c6b393776;10dda850-09b9-5de4-90ce-8b1de5749aed
exact,EXACT-138,4,4,netgear-rax120.pdf;netgear-rax50.pdf;netgear-rbk852.pdf;netgear-xr500.pdf,"When you’re away from home and you access the Internet, you usually use a local Internet service provider. For example, at a coffee shop you might be given a code that lets you use the coffee shop’s Internet service account to surf the web. Your router lets you use a VPN connection to access your ow",505dd2c2-6ce5-572c-80c4-ed857b8ec4bd;5fc0a06a-b9bd-5a78-8f70-08b7b7ff6bcc;18c63118-b35b-5dc4-868c-424c36df8576;848fde79-c3e4-5e3f-a6f9-2718f0daad99
exact,EXACT-139,3,3,netgear-rax120.pdf;netgear-rax50.pdf;netgear-raxe500.pdf,"With the Nighthawk app, you can easily install and manage your router. The app automatically updates the router to the latest firmware, allows you to personalize your WiFi network, and even helps register your router with NETGEAR. The Nighthawk app is available for iOS and Android mobile devices. **",7d31218a-8510-586c-9d5e-5bf879b2139f;c111178e-50a7-5a39-9170-89ec0b5a11cd;a0302612-1576-5d05-bb59-59af013c1387
exact,EXACT-140,3,3,netgear-r7000.pdf;netgear-rax50.pdf;netgear-raxe500.pdf,You can add network folders on a USB storage device connected to a router USB port. **To add a network folder:** 1. Launch a web browser from a computer or mobile device that is connected to the router network. 2. Enter **http://www.routerlogin.net**. A login window opens. 3. Enter the router admin ,d14c49dc-0145-567a-83e4-8fc49ec730e0;daed7153-9fb1-599b-a95f-40cf3aa79879;b2cee766-ed4f-59bb-8d66-703a2aecba75
exact,EXACT-141,2,2,netgear-r6350.pdf;netgear-xr500.pdf,"You can block keywords and domains (websites) to prevent certain types of HTTP traffic from accessing your network. By default, keyword blocking is disabled and no domains are blocked.",c8e2e1b4-35c7-5814-a059-5dbb9cc71c57;49e176f6-6d4c-55b2-a4c3-52e8f1657434
exact,EXACT-142,5,5,netgear-r6350.pdf;netgear-r7000.pdf;netgear-rax120.pdf;netgear-rax50.pdf;netgear-raxe500.pdf,You can change the settings for your Dynamic DNS account. **To change your settings:** 1. Launch a web browser from a computer or mobile device that is connected to the router network. 2. Enter **http://www.routerlogin.net**. A login window opens. 3. Enter the router admin user name and password. Th,4e9903cc-4ad7-5bcf-af85-87b219f54a4e;7e090661-6e52-5e1b-9b1e-3efc302a53dd;d7d2bc93-72bb-53d6-945c-0708fde2888b;0c508bb0-976d-53ba-a55e-f4605a17747b;559865a3-a183-5cf0-bf66-1fb2cc2522d0
exact,EXACT-143,2,2,netgear-rax120.pdf;netgear-rax50.pdf,"You can configure the router to require HTTPS connections between your web browser and the router web interface, for example, “https://www.routerlogin.net”. When you enable the HTTPS requirement, connection requests to the router web interface that specify HTTP are automatically converted to HTTPS. ",c05cd7cb-2670-5e82-bcbc-bee3e9b64379;bd871467-b42f-5be9-8561-c3214f30360f
exact,EXACT-144,3,3,netgear-rax120.pdf;netgear-rax50.pdf;netgear-xr500.pdf,"You can connect to the router network using a wired, WiFi, or WPS connection. **Note:** If you set up your computer to use a static IP address, change the settings so that it uses Dynamic Host Configuration Protocol (DHCP).",49655da2-2bfa-5a2f-bb1b-4b78ec0bbdc6;dc36f815-7f24-51a5-a0f4-3813ca57ccec;57cec0d0-cd21-59eb-8018-235e021d37ce
exact,EXACT-145,3,3,netgear-r6350.pdf;netgear-r7000.pdf;netgear-raxe500.pdf,"You can connect to the router’s network through a wired or WiFi connection. If you set up your computer to use a static IP address, change the settings so that it uses Dynamic Host Configuration Protocol (DHCP).",58cc2990-a765-5ece-87fb-a2a20ebaeff7;fac1f6ea-f1a9-50e3-be96-b92d4f433db1;ca7a7f87-98bf-5510-8ab8-492e60b839bc
exact,EXACT-146,2,2,netgear-r6350.pdf;netgear-r7000.pdf,You can connect to the router’s WiFi networks or use a wired Ethernet connection. This chapter explains the ways you can connect and how to access the router and log in. The chapter contains the following sections: • Connect to the network • Types of logins • Use a web browser to access the router •,c709ad0c-5fe3-5778-b943-ca4d65a5b0aa;745ac215-7395-5236-98bb-10e63c74cccd
exact,EXACT-147,2,2,netgear-rax120.pdf;netgear-rax50.pdf,You can connect to the router’s WiFi networks or use a wired Ethernet connection. This chapter explains the ways you can connect and how to access the router and log in. The chapter contains the following sections: • Connect to the router network • Types of logins • Use a web browser to access the r,d2882eee-b342-5217-b842-7c902170a6f9;d2060ac0-b725-5347-b74a-176f6cde52de
exact,EXACT-148,3,3,netgear-rax120.pdf;netgear-rax50.pdf;netgear-xr500.pdf,"You can connect WiFi-enabled devices to the router WiFi network using the router WiFi network name and password. **To connect to the WiFi network:** 1. Make sure that the router is receiving power (its Power LED is lit). 2. On your WiFi-enabled device, open your device's WiFi network management sett",b60e3895-245a-5425-8b93-c239ec1de9e2;e00425b6-15d6-5234-b2e5-d0f194e4e777;2a1b1cbd-974a-5a9c-9219-1347ad1801b0
exact,EXACT-149,2,2,netgear-rax120.pdf;netgear-rax50.pdf,You can connect WPS-enabled devices to the router’s WiFi network with Wi-Fi Protected Setup (WPS). Your router has a **WPS** button that you can use to connect WPS-enabled devices. **To use WPS to connect to the WiFi network:** 1. Make sure that the router is receiving power (its Power LED is lit). ,20391ce6-2367-5709-8d12-8c24f2b78704;0d0332bd-75ac-5ad3-9c5a-7aed854a77fe
exact,EXACT-150,2,2,netgear-r6350.pdf;netgear-raxe500.pdf,You can connect your computer to the router using an Ethernet cable and join the router’s local area network (LAN). **To connect your computer to the router with an Ethernet cable:** 1. Make sure that the router is receiving power (its Power LED is lit). 2. Connect an Ethernet cable to an Ethernet p,8c9c3311-abcd-5912-bda0-41cc81f81fc2;2d4a99e8-23f7-5d37-bfe7-d8e07fd88bf1
exact,EXACT-151,3,3,netgear-rax120.pdf;netgear-rax50.pdf;netgear-xr500.pdf,You can connect your computer to the router using an Ethernet cable and join the router’s local area network (LAN). **To connect your computer to the router with an Ethernet cable:** 1. Make sure that the router is receiving power (its Power LED is lit). 2. Connect an Ethernet cable to an Ethernet p,46818bd5-23ae-5531-be06-497cb2cd499e;1b2c7958-ebc1-5927-bfb6-4acbd0f97781;041af6d2-f4a9-5f83-a963-204b752c27c8
exact,EXACT-152,3,3,netgear-r6350.pdf;netgear-r7000.pdf;netgear-raxe500.pdf,You can connect your WPS-enabled device to the router’s WiFi network with Wi-Fi Protected Setup (WPS) or you can find and select the WiFi network. **To use WPS to connect to the WiFi network:** 1. Make sure that the router is receiving power (its Power LED is lit). 2. Check the WPS instructions for ,2d39d5ec-5238-5e12-83da-bbfdf19b3337;db3f81a5-963b-525a-8b9c-8af646091a3d;f72b3fab-491f-57b2-a41b-dcebb85c933e
exact,EXACT-153,3,3,netgear-r7000.pdf;netgear-rax50.pdf;netgear-raxe500.pdf,You can edit network folders on a USB storage devices connected to a router USB port. **To edit a network folder:** 1. Launch a web browser from a computer or mobile device that is connected to the router network. 2. Enter **http://www.routerlogin.net**. A login window opens. 3. Enter the router adm,de934a4b-5cff-56d8-8989-50c3c26447be;07d2242a-f841-5b3b-91e1-3a0249026fc8;0732d446-ec1f-5e96-a58a-13d4001cea78
exact,EXACT-154,5,5,netgear-r6350.pdf;netgear-r7000.pdf;netgear-rax120.pdf;netgear-rax50.pdf;netgear-raxe500.pdf,"You can log in to the router and check if new firmware is available, or you can manually load a specific firmware version to your router.",27dd55d7-9b49-5929-9722-1aa90a62ff5c;b6c84e0f-5465-58a5-bbae-bae5695547a0;c17b71fe-00f4-58d6-ab9c-5324c73c8adc;9e480144-03b1-5c7e-974a-25e5cdd649cd;bf70974b-abe4-52d5-91e9-1190360ded13
exact,EXACT-155,6,6,netgear-r6350.pdf;netgear-r7000.pdf;netgear-rax120.pdf;netgear-rax50.pdf;netgear-raxe500.pdf;netgear-xr500.pdf,"You can ping the router from your computer to verify that the LAN path to your router is set up correctly. **To ping the router from a Windows-based computer:** 1. From the Windows toolbar, click the **Start** button and select **Run**. 2. In the field provided, type **ping** followed by the IP addr",b6ce6497-49a9-5a9f-a737-af08a875eaa5;4211a1a2-59d1-5309-b819-4df2e2e2dcaf;742aebb8-def7-557e-90b0-9a86f89c3e00;b60d283b-acea-5673-be03-c506dc1df859;2dd1b281-ddee-5128-affd-a5571b00efba;e0c19efb-dc96-50ef-85d6-d3c29f585eba
exact,EXACT-156,2,2,netgear-rax120.pdf;netgear-rax50.pdf,You can set up an IPv6 Internet connection if the router does not detect it automatically. **To set up an IPv6 Internet connection:** 1. Launch a web browser from a computer or mobile device that is connected to the router network. 2. Enter **http://www.routerlogin.net**. A login window opens. 3. En,035c81e3-b10a-52dc-8b00-522d825562d0;2d710e2c-fca4-5a53-a28f-503997ac9004
exact,EXACT-157,3,3,netgear-r6350.pdf;netgear-r7000.pdf;netgear-raxe500.pdf,You can set up an IPv6 Internet connection if the router does not detect it automatically. **To set up an IPv6 Internet connection:** 1. Launch a web browser from a computer or mobile device that is connected to the router network. 2. Enter **http://www.routerlogin.net**. A login window opens. 3. En,3a37ef65-9cbd-5b71-a3b2-75bd36b40836;813f2028-c3d4-5440-b95b-590eb3046438;b816928d-e7e2-59ca-aa8b-2a27d64e9ed0
exact,EXACT-158,3,3,netgear-rax120.pdf;netgear-rax50.pdf;netgear-raxe500.pdf,You can set up the router to create an Internet Protocol television (IPTV) port that can lease an IP address from your IPTV service provider. Use this feature only if you subscribe to an IPTV service and your IPTV service requires an intranet address. Some IPTV ports cannot work behind NAT because t,dffbff0d-dbad-54a9-9134-59aefb3504d0;463e8a0a-d562-5a9b-929f-41de59dd3fae;6577d9c7-7fba-5d34-bd0f-16bd4e95d3de
exact,EXACT-159,3,3,netgear-rax120.pdf;netgear-rax50.pdf;netgear-raxe500.pdf,"You can turn off the WiFi signal from your router at times when you do not need a WiFi connection. For example, you might turn it off for the weekend if you leave town. **To set up the WiFi schedule:** 1. Launch a web browser from a computer or mobile device that is connected to the router network. ",0554640d-94ce-588b-a554-84c6c060c75b;187e369f-16e9-54a8-a092-de5c61099c01;e7b3f47e-85d5-5b8b-923d-4e3087072fae
exact,EXACT-160,2,2,netgear-r6350.pdf;netgear-raxe500.pdf,You can use access control to block or allow access to the Internet through your router. **To set up access control:** 1. Launch a web browser from a computer or mobile device that is connected to the router network. 2. Enter **http://www.routerlogin.net**. A login window opens. 3. Enter the router ,5a0213ba-a2ac-5ddb-bbf3-750af59fb73f;2940f4fd-f711-5b54-96e4-f97ef6963921
exact,EXACT-161,2,2,netgear-rax120.pdf;netgear-xr500.pdf,You can use OpenVPN software to remotely access your router with virtual private networking (VPN). This chapter explains how to install and use OpenVPN software to set up a VPN tunnel. The chapter contains the following sections: • About VPN connections • Enable OpenVPN service in the router • Insta,f4c62c6b-2c4d-538b-ac40-864c9d363e5b;65385cd2-6246-518e-b040-06f2fe7c3662
exact,EXACT-162,3,3,netgear-rax120.pdf;netgear-rax50.pdf;netgear-raxe500.pdf,You can use port forwarding and port triggering to set up rules for Internet traffic. You need networking knowledge to set up these features. This chapter contains the following sections: • Manage port forwarding to a local server • Port triggering,0ddbb1e1-8378-58bb-a401-030cda7d27be;474a2084-fc39-5558-81eb-f178b53a6d21;eea5cfc1-72fe-5e1b-96ce-ddd7ec1b165e
exact,EXACT-163,2,2,netgear-rax120.pdf;netgear-rax50.pdf,You can use the network access control list (ACL) on the router to block or allow access to your network and the Internet. The ACL identifies a WiFi or wired device by its MAC address. The router detects the MAC addresses of the devices on the network and either allows or denies access. The router d,600d0522-23c8-53cd-b69c-cf07ab9b4f8b;9a5a5bff-8b53-5c37-9d87-9ce596f7433e
exact,EXACT-164,2,2,netgear-r6350.pdf;netgear-r7000.pdf,You can use the Setup Wizard to detect your Internet settings and automatically set up your router. The Setup Wizard is not the same as the pages that display the first time you connect to your router to set it up. **To use the Setup Wizard:** 1. Launch a web browser from a computer or mobile device,e697d549-12b3-54de-89de-9cefe5ea9405;9213a4bb-497e-56d3-be43-8791bb53a54e
exact,EXACT-165,2,2,netgear-rax120.pdf;netgear-raxe500.pdf,You can use the Setup Wizard to detect your Internet settings and automatically set up your router. The Setup Wizard is not the same as the pages that display the first time you connect to your router to set it up. **To use the Setup Wizard:** 1. Launch a web browser from a computer or mobile device,aa4233c9-79c8-5cb6-b60b-761ae7361cc0;875a5033-6dfd-575b-8a2c-9fb4ed6c7e5d
exact,EXACT-166,2,2,netgear-rax120.pdf;netgear-xr500.pdf,You can use Time Machine to back up your Mac computers onto a USB hard drive that is connected to a USP port on the router. You can access the connected storage device from your Mac with a wired or WiFi connection to your router. **Note:** The following instructions might be different depending on t,086f37ff-ba18-5847-88f6-ffe14b704d3a;32e7d300-3c31-5618-9a36-23c7a44e168d
exact,EXACT-167,2,2,netgear-r6350.pdf;netgear-r7000.pdf,You can use Time Machine to back up your Mac computers onto a USB hard drive that is connected to one of the router’s USB ports. You can access the connected storage device from your Mac with a wired or WiFi connection to your router. **Note:** The following instructions might be different depending,7f324918-7486-592f-b707-246a06dbe960;33d43466-377a-5cce-b968-3ee01616ec0f
exact,EXACT-168,4,4,netgear-r6350.pdf;netgear-rax120.pdf;netgear-rax50.pdf;netgear-raxe500.pdf,You can view all computers and devices that are currently connected to your network. **To view devices on the network:** 1. Launch a web browser from a computer or mobile device that is connected to the router network. 2. Enter **http://www.routerlogin.net**. A login window opens. 3. Enter the route,3835ef8f-a7c0-59d5-beee-b439588447f3;b5dd9b49-db70-5873-bdab-509974bce209;4803ab48-f456-5f0c-95d6-a1e621e31102;a6a62862-6e43-586d-bdea-ec775feb6a07
exact,EXACT-169,2,2,netgear-rax50.pdf;netgear-raxe500.pdf,You can view network folders on a storage device that is connected to the router. **To view network folders:** 1. Launch a web browser from a computer or mobile device that is connected to the router network. 2. Enter **http://www.routerlogin.net**. A login window opens. 3. Enter the router admin us,9274feba-6fe4-5b35-9e0c-79e0d0b62e1f;5e5c51b3-dccd-5818-b9ae-65b70b14cfda
exact,EXACT-170,7,7,netgear-r6350.pdf;netgear-r7000.pdf;netgear-rax120.pdf;netgear-rax50.pdf;netgear-raxe500.pdf;netgear-rbk852.pdf;netgear-xr500.pdf,You can view or change the router’s Internet connection settings.,dbca2b5a-8673-5396-be6d-051cb0b860c4;7e389eff-b1fc-52c6-9c31-67af5c617208;65608cf6-4472-516c-89ee-e4b9fd6ad9c9;a7e2f2d9-fef3-5101-bf0c-1e741a0a3478;9a813aa3-7b5e-5f78-9e55-a862a8961911;4fc345fe-3acc-5522-87ca-7bb169893a82;57de6a0a-7950-51e6-ae2d-6b4a3b64321d
exact,EXACT-171,3,3,netgear-rax120.pdf;netgear-rax50.pdf;netgear-raxe500.pdf,"You can view or configure wide area network (WAN) settings for the Internet port. You can set up a DMZ (demilitarized zone) server, change the maximum transmit unit (MTU) size, and enable the router to respond to a ping to its WAN (Internet) port. **To view or change the WAN settings:** 1. Launch a ",304579c0-2505-541b-9272-41a33abdc404;2644fbb0-15d0-5d42-a0ad-66da0c7392da;2688cb60-f212-54f4-8ab5-e5f8a0e24d13
exact,EXACT-172,4,4,netgear-r6350.pdf;netgear-rax120.pdf;netgear-rax50.pdf;netgear-raxe500.pdf,"You can view router information, the Internet port status, and WiFi settings. **To view information about the router and the Internet, modem, and WiFi settings:** 1. Launch a web browser from a computer or mobile device that is connected to the router network. 2. Enter **http://www.routerlogin.net**",6c6e7f93-dc23-57df-8cb4-4e5e8b6429f8;831da047-4284-54aa-ab28-c39a018336ae;0f4aebc2-b532-542c-857f-5cc34359b93a;18779218-1870-5b0f-a54a-58ead6e53840
exact,EXACT-173,2,2,netgear-r7000.pdf;netgear-xr500.pdf,"You must install the ReadySHARE Printer utility on each computer that will share the printer. After you install it, the utility displays as NETGEAR USB Control Center on your computer. For more information about how to use the NETGEAR USB Control Center, visit https://www.netgear.com/support/product",fc33c937-ddb8-5b98-8464-214b6b7107e0;36e9e7a0-730a-5a94-8c09-92a00ff9b9d0
exact,EXACT-174,2,2,netgear-r7000.pdf;netgear-raxe500.pdf,"You must install this software on each Windows computer, Mac computer, iOS device, or Android device that you plan to use for VPN connections to your router.",aa1a9020-2d26-56b6-b111-03a8e5731486;ad238984-1694-50d4-a16a-6dfe1d0edeb0
exact,EXACT-175,2,2,netgear-r7000.pdf;netgear-raxe500.pdf,You must specify the VPN service settings in the router before you can use a VPN connection. **To specify the VPN service:** 1. Launch a web browser from a computer or mobile device that is connected to the router network. 2. Enter **http://www.routerlogin.net**. A login window opens. 3. Enter the r,0adc3911-da25-5284-9caa-419738571f93;66527a8a-d8be-5acb-8f2d-4b936114d54c
exact,EXACT-176,3,3,netgear-r7000.pdf;netgear-rax120.pdf;netgear-raxe500.pdf,"Your package contains the router, the power adapter, and an Ethernet cable. Figure 1. Package contents",170780d1-9839-5848-8bcf-c5f008e1fe10;89d399fa-1c1b-5d37-b35a-194ce673ec69;8a1be461-4020-5f1a-ba04-c26ff0b497e5
exact,EXACT-177,2,2,netgear-r6350.pdf;netgear-xr500.pdf,"Your router comes with free backup software for all the Windows-based computers in your home. Connect a USB hard disk drive (HDD) to the router for centralized, continuous, and automatic backup. The following operating systems support ReadySHARE Vault: • Windows 10 • Windows 8.1 • Windows 8 • Window",ed536e0f-08f2-5721-ab4d-1fe777227d23;144e139f-801f-5611-801c-e47bc10b1cbf
template,TEMPLATE-001,7,4,netgear-r6350.pdf;netgear-rax120.pdf;netgear-rax50.pdf;netgear-raxe500.pdf,**CAUTION:** This process erases all settings that you configured in the router. **To erase the settings:** 1. Launch a web browser from a computer or mobile device that is connected to the router network. 2. Enter **http://www.routerlogin.net**. A login window opens. 3. Enter the router admin user ,30cb5af4-ad9a-5de4-b044-140768a610eb;06daaeef-ec94-5d0f-8314-953d3a240463;7a9eebd9-f5d2-5c21-9c8c-a42022709c2d;03a4fccb-bb0c-56ec-b67b-eee79c190813;949f4076-a01d-5589-9000-e07d2468d8e1;f9673d04-056e-532b-8ac6-56d5d560625e;38a0105f-ff6d-5aab-bcb3-0f08611feefb
template,TEMPLATE-002,2,1,netgear-r7000.pdf,**Caution:** This process erases all settings that you configured in the router. **To erase the settings:** 1. Launch a web browser from a computer or mobile device that is connected to the router network. 2. Enter **http://www.routerlogin.net**. A login window opens. 3. Enter the router user name a,15f7c9fd-b0eb-54db-a39c-b7fe7362e944;08c13974-10e3-5210-9032-0e3def519062
template,TEMPLATE-003,5,5,netgear-r6350.pdf;netgear-r7000.pdf;netgear-rax120.pdf;netgear-rax50.pdf;netgear-raxe500.pdf,"**CAUTION:** This process erases all settings that you configured in the router. **To reset the router to factory default settings:** 1. On the back of the router, locate the **Reset** button. 2. Using a straightened paper clip, press and hold the **Reset** button for at least five seconds. 3. Relea",a8ed97f6-b0c8-5d7e-b5cc-af310c2cb700;0a257dcc-14da-5a65-8bbb-86278eb6021d;fa416218-84aa-5950-9d59-e6993480f2cd;db85c08a-eeba-5dfb-96da-0dde84583dbf;8e160d72-d9c0-5e0b-b624-739f05be19bb
template,TEMPLATE-004,2,2,netgear-r6350.pdf;netgear-raxe500.pdf,"**To access a USB device and download files from your Windows-based computer** **using VPN:** 1. On your Windows-based computer, open the Windows file manager and select **Network**. **Note:** See your computer’s documentation for information about how to display the network resources. The network r",0aa14853-bbdb-5423-a96f-03caf3c8beea;5743bf89-9507-504d-8e68-8555014cc89a
template,TEMPLATE-005,6,6,netgear-r6350.pdf;netgear-r7000.pdf;netgear-rax120.pdf;netgear-rax50.pdf;netgear-raxe500.pdf;netgear-xr500.pdf,"**To access the USB storage device from a Windows-based computer:** 1. Connect a USB storage device to a USB port on your router. 2. If your USB storage device uses a power supply, connect it. You must use the power supply when you connect the USB storage device to the router. When you connect the U",e82db2d4-7ff7-5c72-9e44-bc9094163aa4;da2688dc-eac4-5b81-8674-1b93947baba6;e13591fd-08dc-5203-afd5-4205421897f5;e428b8c4-ad7c-565b-a493-a0988ae76f4c;45794013-1cd5-503b-9879-5d012d28510c;47502ff3-0811-508c-908a-fc266fe16d1a
template,TEMPLATE-006,3,3,netgear-r6350.pdf;netgear-r7000.pdf;netgear-raxe500.pdf,"**To access your Internet service:** 1. Set up the router to allow VPN access to your Internet service. See Set Up VPN Client Internet Access in the Router on page 175. 2. On your computer, launch the OpenVPN application. The **OpenVPN** icon displays in the Windows taskbar. 3. Right-click the icon ",82a8ed40-4b13-5657-84ed-303251c835db;1541c129-4603-5d63-a920-e35f5533af8b;f28a4c35-4d28-56c9-a6aa-9d30d17a3c6c
template,TEMPLATE-007,2,2,netgear-r7000.pdf;netgear-raxe500.pdf,**To add a port triggering service:** 1. Launch a web browser from a computer or mobile device that is connected to the router network. 2. Enter **http://www.routerlogin.net**. A login window opens. 3. Enter the router admin user name and password. The user name is **admin**. The password is the one,4b4c49da-48ba-5242-b701-b1e1a0ba2b65;aa760bc0-525c-5797-a3bd-b5f4420a23b5
template,TEMPLATE-008,2,2,netgear-rax120.pdf;netgear-rax50.pdf,**To add a port triggering service:** 1. Launch a web browser from a computer or mobile device that is connected to the router network. 2. Enter **http://www.routerlogin.net**. A login window opens. 3. Enter the router admin user name and password. The user name is **admin**. The password is the one,9666c3ba-4646-59ef-9081-009ee8bd5f26;7e9b0fc0-f9a6-580c-8f5b-d9ffe62c67c7
template,TEMPLATE-009,5,5,netgear-r6350.pdf;netgear-r7000.pdf;netgear-rax120.pdf;netgear-rax50.pdf;netgear-raxe500.pdf,**To back up the router’s configuration settings:** 1. Launch a web browser from a computer or mobile device that is connected to the router network. 2. Enter **http://www.routerlogin.net**. A login window opens. 3. Enter the router admin user name and password. The user name is **admin**. The passw,4690be21-1100-5101-8a7c-2bc44fc90fc1;0058c9fc-4a38-5116-8c01-bade3d1e17eb;adf1a780-3d6f-51be-a84f-8ac3505f535c;0e8a4859-ac3f-57fd-a7ae-a5affebcdfde;c1de8d02-dd98-5ba2-acde-79471af13ad3
template,TEMPLATE-010,4,4,netgear-r7000.pdf;netgear-rax120.pdf;netgear-rax50.pdf;netgear-raxe500.pdf,**To change the MTU size:** 1. Launch a web browser from a computer or mobile device that is connected to the router network. 2. Enter **http://www.routerlogin.net**. A login window opens. 3. Enter the router admin user name and password. The user name is **admin**. The password is the one that you ,e4b05b24-584a-5366-a28d-496a3b7a726a;222d0e94-e16c-57b7-8632-cf3065855e31;b082f178-7456-55df-bbbd-aa9b6c05e53e;18a45189-9618-54b7-a131-4f7218fbc1df
template,TEMPLATE-011,4,4,netgear-r6350.pdf;netgear-rax120.pdf;netgear-rax50.pdf;netgear-raxe500.pdf,**To check the Internet connection status:** 1. Launch a web browser from a computer or mobile device that is connected to the router network. 2. Enter **http://www.routerlogin.net**. A login window opens. 3. Enter the router admin user name and password. The user name is **admin**. The password is ,ed852bc0-c5d4-5ae7-9219-ff2896fb89e0;a55df085-5b50-50fb-8e14-a3e46343ff87;7b762a47-da73-52c1-8f9a-0d1ef0369d6f;aab62be0-41af-5b2b-9f6f-f4aba6fcea94
template,TEMPLATE-012,4,4,netgear-r7000.pdf;netgear-rax120.pdf;netgear-rax50.pdf;netgear-raxe500.pdf,**To delete a port forwarding entry:** 1. Launch a web browser from a computer or mobile device that is connected to the router network. 2. Enter **http://www.routerlogin.net**. A login window opens. 3. Enter the router admin user name and password. The user name is **admin**. The password is the on,e59bc00f-c6f5-5e98-892a-b730d7dbd07f;c0fa25f5-57eb-5278-95d6-0f2bcace224f;af31b6ec-73a8-5529-8fa5-da1f467d1bef;109e1a15-59ab-5f7f-acb3-f43189a2b5be
template,TEMPLATE-013,5,5,netgear-r6350.pdf;netgear-r7000.pdf;netgear-rax120.pdf;netgear-rax50.pdf;netgear-raxe500.pdf,**To delete a reserved address entry:** 1. Launch a web browser from a computer or mobile device that is connected to the router network. 2. Enter **http://www.routerlogin.net**. A login window opens. 3. Enter the router admin user name and password. The user name is **admin**. The password is the o,c9375949-fa5d-50d6-a813-d4c0d9974145;416baf14-c062-560a-8617-f0bb13fcc432;736f0fb5-0ecd-5316-9090-f19234ded501;a0a531b5-16a3-5a94-914b-de4d6188a967;160a1642-0f54-5818-802e-c1fa87c26572
template,TEMPLATE-014,4,4,netgear-r7000.pdf;netgear-rax120.pdf;netgear-rax50.pdf;netgear-raxe500.pdf,**To delete a static route:** 1. Launch a web browser from a computer or mobile device that is connected to the router network. 2. Enter **http://www.routerlogin.net**. A login window opens. 3. Enter the router admin user name and password. The user name is **admin**. The password is the one that yo,d1b701cc-f28a-5837-9f3c-cdac4505ef69;a11adf43-ad7b-5ec4-a542-ff6059b1faf4;61d02bda-440a-5079-9cda-761992357987;dcf38599-337c-5393-b7b9-ceaa44e8b7e5
template,TEMPLATE-015,3,3,netgear-rax120.pdf;netgear-rax50.pdf;netgear-raxe500.pdf,**To delete keywords from the list:** 1. Launch a web browser from a computer or mobile device that is connected to the router network. 2. Enter **http://www.routerlogin.net**. A login window opens. 3. Enter the router admin user name and password. The user name is **admin**. The password is the one,71242ec0-6c32-5875-a2e1-613c89d55362;129bd376-7038-5168-ad65-325a145fb1dd;cf0293fb-1dc6-51dd-9388-a825d0c3a38f
template,TEMPLATE-016,4,4,netgear-r6350.pdf;netgear-rax120.pdf;netgear-rax50.pdf;netgear-raxe500.pdf,**To display the statistics of the Internet port:** 1. Launch a web browser from a computer or mobile device that is connected to the router network. 2. Enter **http://www.routerlogin.net**. A login window opens. 3. Enter the router admin user name and password. The user name is **admin**. The passw,8797aa97-5d6c-50dc-aa5e-f2974c7ee729;42130aae-eac0-5ac7-a846-a6c53650dc9e;b87ad35e-a696-5e21-9a61-0c67caa43972;ddc09136-a105-5cb9-b53f-e28a6e110d9c
template,TEMPLATE-017,4,4,netgear-r7000.pdf;netgear-rax120.pdf;netgear-rax50.pdf;netgear-raxe500.pdf,**To edit a port forwarding entry:** 1. Launch a web browser from a computer or mobile device that is connected to the router network. 2. Enter **http://www.routerlogin.net**. A login window opens. 3. Enter the router user name and password. The user name is **admin**. The password is the one that y,3d1146f4-9329-5a7a-b415-bec9f4383989;c2704dca-8973-5ecf-af15-2fedb90d9ea4;2ed0f550-d321-5128-adb1-e9c20e3caf10;eba2b965-24f9-5445-b347-0603bdb1b5b1
template,TEMPLATE-018,5,5,netgear-r6350.pdf;netgear-r7000.pdf;netgear-rax120.pdf;netgear-rax50.pdf;netgear-raxe500.pdf,**To edit a reserved address entry:** 1. Launch a web browser from a computer or mobile device that is connected to the router network. 2. Enter **http://www.routerlogin.net**. A login window opens. 3. Enter the router admin user name and password. The user name is **admin**. The password is the one,58705265-85c2-53cb-9a31-985904b45791;c03fece9-71eb-590c-bc23-3d5a9d175b2b;79da6936-bc1d-53fc-b043-434193a77ba9;1be33f2b-4682-5836-9ce0-8b2da0854ebd;56457cf2-6dc5-5268-ad7e-673ed5c71554
template,TEMPLATE-019,4,4,netgear-r7000.pdf;netgear-rax120.pdf;netgear-rax50.pdf;netgear-raxe500.pdf,**To edit a static route:** 1. Launch a web browser from a computer or mobile device that is connected to the router network. 2. Enter **http://www.routerlogin.net**. A login window opens. 3. Enter the router admin user name and password. The user name is **admin**. The password is the one that you ,c6d56bf0-07ac-59cd-b10e-a8602b7c525b;86faf957-363b-599c-8ec9-4675a7d0bbd5;bece1ab6-7c5f-5357-ae8a-93d0618f4693;fa04607d-bb42-5852-a744-4d283facfea4
template,TEMPLATE-020,2,2,netgear-r7000.pdf;netgear-raxe500.pdf,**To enable port triggering:** 1. Launch a web browser from a computer or mobile device that is connected to the router network. 2. Enter **http://www.routerlogin.net**. A login window opens. 3. Enter the router admin user name and password. The user name is **admin**. The password is the one that y,d3434e35-bd8e-5fb1-abf1-dc473fa6e873;575c6b1c-9e4b-56a9-bd75-b674c7cc08ea
template,TEMPLATE-021,2,2,netgear-rax120.pdf;netgear-rax50.pdf,**To enable port triggering:** 1. Launch a web browser from a computer or mobile device that is connected to the router network. 2. Enter **http://www.routerlogin.net**. A login window opens. 3. Enter the router admin user name and password. The user name is **admin**. The password is the one that y,e73565d7-c70f-5c33-90a9-dde4b0e36036;340cd592-e47c-5cb9-a17f-b6986fbed3b6
template,TEMPLATE-022,3,3,netgear-r6350.pdf;netgear-r7000.pdf;netgear-raxe500.pdf,"**To find and select the WiFi network:** 1. Make sure that the router is receiving power (its Power LED is lit). 2. On your computer or WiFi device, find and select the WiFi network. The WiFi network name is on the router label. 3. Join the WiFi network and enter the WiFi password. The password is o",973675a2-5b9b-5f2a-90c6-c2c5661fd7b9;b1147279-285c-50dc-965c-7722351f3563;a3662689-f8b9-5c28-8c0a-b2185487bec9
template,TEMPLATE-023,4,4,netgear-r7000.pdf;netgear-rax120.pdf;netgear-rax50.pdf;netgear-raxe500.pdf,"**To forward specific incoming protocols:** 1. Decide which type of service, application, or game you want to provide. 2. Find the local IP address of the computer on your network that will provide the service. The server computer must always use the same IP address. 3. Assign the server computer a ",950af6c7-f0a7-53f2-98a7-e6b7fc48a29a;bd4c95a1-759d-5ce0-931c-626479b66080;c7c359bd-2333-5cb5-a40c-a7522e5d092b;ef02c560-d698-5462-b1e8-306a7f140b12
template,TEMPLATE-024,6,6,netgear-r6350.pdf;netgear-r7000.pdf;netgear-rax120.pdf;netgear-rax50.pdf;netgear-raxe500.pdf;netgear-xr500.pdf,"**To map the USB storage device to a Windows network drive:** 1. Connect a USB storage device to a USB port on your router. 2. If your USB storage device uses a power supply, connect it. You must use the power supply when you connect the USB storage device to the router. When you connect the USB sto",99499532-5b21-5760-a622-cfdce7cb36f4;12d64457-dfc6-5d29-aa0d-90e9f872858e;67d37d9f-924e-5891-a590-5e0456de8190;38935138-fe5f-53d0-96cd-d82b39ade28f;beab9bff-68a2-5fc2-b90b-78ecc9a9d1bb;4e8b339d-c5a5-5e03-8c6a-81a9ed35b46a
template,TEMPLATE-025,2,2,netgear-r7000.pdf;netgear-raxe500.pdf,**To reserve an IP address:** 1. Launch a web browser from a computer or mobile device that is connected to the router network. 2. Enter **http://www.routerlogin.net**. A login window opens. 3. Enter the router admin user name and password. The user name is **admin**. The password is the one that yo,1ffc5577-ba76-5c13-96f7-9639c441a28b;f2e671d8-fc06-516e-a030-49f849e9bcc9
template,TEMPLATE-026,2,2,netgear-rax120.pdf;netgear-rax50.pdf,**To reserve an IP address:** 1. Launch a web browser from a computer or mobile device that is connected to the router network. 2. Enter **http://www.routerlogin.net**. A login window opens. 3. Enter the router admin user name and password. The user name is **admin**. The password is the one that yo,ebd82415-b17d-5082-8472-3811a168faaf;d9126cb8-c360-58f8-aa45-792ae9ed2942
template,TEMPLATE-027,5,5,netgear-r6350.pdf;netgear-r7000.pdf;netgear-rax120.pdf;netgear-rax50.pdf;netgear-raxe500.pdf,**To restore configuration settings that you backed up:** 1. Launch a web browser from a computer or mobile device that is connected to the router network. 2. Enter **http://www.routerlogin.net**. A login window opens. 3. Enter the router admin user name and password. The user name is **admin**. The,938592e1-dee5-5cd2-8afa-57a8eaba29ca;fb23ab13-e522-5a5c-a80f-07d1721bf673;71c44f89-9408-566a-8009-071204b133f5;98cfa2a4-509e-5858-8e32-2a914f7b5f31;95f03e54-32c4-532b-90b9-d99dca0703d6
template,TEMPLATE-028,3,3,netgear-rax120.pdf;netgear-rax50.pdf;netgear-raxe500.pdf,**To set up a fixed IPv6 Internet connection:** 1. Launch a web browser from a computer or mobile device that is connected to the router network. 2. Enter **http://www.routerlogin.net**. A login window opens. 3. Enter the router admin user name and password. The user name is **admin**. The password ,4a9ce789-e3b1-555b-a082-3e0ead079683;db5f8935-dde2-5c3a-bfa8-a2300f62d0ab;5ffc76ec-562d-5557-911f-c46c77ba633f
template,TEMPLATE-029,2,2,netgear-r7000.pdf;netgear-raxe500.pdf,**To set up a PPPoE IPv6 Internet connection:** 1. Launch a web browser from a computer or mobile device that is connected to the router network. 2. Enter **http://www.routerlogin.net**. A login window opens. 3. Enter the router admin user name and password. The user name is **admin**. The password ,b3bbb7b6-6221-5146-8dbd-cdde9357f46e;f2626b4f-ec75-565c-aad5-50019b2dd1b4
template,TEMPLATE-030,2,2,netgear-rax120.pdf;netgear-rax50.pdf,**To set up a PPPoE IPv6 Internet connection:** 1. Launch a web browser from a computer or mobile device that is connected to the router network. 2. Enter **http://www.routerlogin.net**. A login window opens. 3. Enter the router admin user name and password. The user name is **admin**. The password ,6e92a69d-373f-5098-bee7-50bde9df8f04;84c85809-aca9-59ec-93c0-ca4292209b4e
template,TEMPLATE-031,3,3,netgear-rax120.pdf;netgear-rax50.pdf;netgear-raxe500.pdf,**To set up a static route:** 1. Launch a web browser from a computer or mobile device that is connected to the router network. 2. Enter **http://www.routerlogin.net**. A login window opens. 3. Enter the router admin user name and password. The user name is **admin**. The password is the one that yo,bc8337d2-3872-5618-b506-0d822d45e4b2;28c314aa-4846-57ee-8e79-45904dfd82a9;1cca40db-a372-5b75-8871-a228a236a732
template,TEMPLATE-032,2,2,netgear-rax120.pdf;netgear-rax50.pdf,**To set up an IPv6 Internet connection through auto configuration:** 1. Launch a web browser from a computer or mobile device that is connected to the router network. 2. Enter **http://www.routerlogin.net**. A login window opens. 3. Enter the router admin user name and password. The user name is **,bfb01473-83e4-52e3-ab1d-0f74fe7aa76f;e87e22a2-a89c-58a7-9ff2-ff82463e19a7
template,TEMPLATE-033,4,4,netgear-r7000.pdf;netgear-rax120.pdf;netgear-rax50.pdf;netgear-raxe500.pdf,**To set up an IPv6 Internet connection through autodetection:** 1. Launch a web browser from a computer or mobile device that is connected to the router network. 2. Enter **http://www.routerlogin.net**. A login window opens. 3. Enter the router admin user name and password. The user name is **admin,b599fbfb-3343-57c9-9850-044f73b384dd;269f6592-29ff-59aa-bc70-068bab8f5d37;ee07852d-b609-5f27-bc97-a2f0b1878979;9a7f1203-3a55-523e-9165-6b75f8b0e5b7
template,TEMPLATE-034,2,2,netgear-r7000.pdf;netgear-raxe500.pdf,**To set up an IPv6 Internet connection with a DHCP server:** 1. Launch a web browser from a computer or mobile device that is connected to the router network. 2. Enter **http://www.routerlogin.net**. A login window opens. 3. Enter the router admin user name and password. The user name is **admin**.,e31d999c-67c2-5b3d-b8af-b7c8a950fac4;787ded8d-2851-5792-9481-a934897e080a
template,TEMPLATE-035,2,2,netgear-rax120.pdf;netgear-rax50.pdf,**To set up an IPv6 Internet connection with a DHCP server:** 1. Launch a web browser from a computer or mobile device that is connected to the router network. 2. Enter **http://www.routerlogin.net**. A login window opens. 3. Enter the router admin user name and password. The user name is **admin**.,dc422621-24b7-54e5-a4f4-04d08a64a03c;5c7cdd1d-9c90-5e6d-ab8c-3d5c3661a3fe
template,TEMPLATE-036,5,5,netgear-r6350.pdf;netgear-r7000.pdf;netgear-rax120.pdf;netgear-rax50.pdf;netgear-raxe500.pdf,**To set up Dynamic DNS and register for a free NETGEAR account:** 1. Launch a web browser from a computer or mobile device that is connected to the router network. 2. Enter **http://www.routerlogin.net**. A login window opens. 3. Enter the router admin user name and password. The user name is **adm,48bda8e9-7b0c-5d95-820a-fe1083ab0fe3;783c82c2-918a-5720-bef4-85781ad2af99;f54b1f1e-caf6-5cc7-8ff2-e7a5c4f0271f;c61b475f-2cda-58b2-a65a-bce377f0dd23;b9c49a73-9552-585d-be43-2c72259fffb1
template,TEMPLATE-037,2,2,netgear-r7000.pdf;netgear-raxe500.pdf,**To set up FTP access:** 1. Launch a web browser from a computer or mobile device that is connected to the router network. 2. Enter **http://www.routerlogin.net**. A login window opens. 3. Enter the router admin user name and password. The user name is **admin**. The password is the one that you sp,7bc54898-3a09-5f69-a7a4-3aef1cc99047;dfd26dbb-425e-581f-b9d2-3d4185eed488
template,TEMPLATE-038,2,2,netgear-r6350.pdf;netgear-r7000.pdf,**To set up remote management:** 1. Launch a web browser from a computer or mobile device that is connected to the router network. 2. Enter **http://www.routerlogin.net**. A login window opens. 3. Enter the router admin user name and password. The user name is **admin**. The password is the one that,ca6f126f-0768-5543-9bb1-a7cd099fd58f;79d677ad-2fef-50d3-92dd-c07a6df0f14e
template,TEMPLATE-039,5,5,netgear-r6350.pdf;netgear-r7000.pdf;netgear-rax120.pdf;netgear-rax50.pdf;netgear-raxe500.pdf,"**To set up your personal account and use FTP:** 1. Get your NETGEAR Dynamic DNS domain name. For more information, see Set up a new Dynamic DNS account on page 106. 2. Make sure that your Internet connection is working. Your router must use a direct Internet connection. It cannot connect to a diffe",22b830a9-80b3-5521-8da6-3e9b6ddb8b15;6c16af8f-3eed-550c-ad09-044555f44402;4866129d-86cf-5dd4-a4d5-db16c9297fdd;d434736e-17ba-54e8-bb5b-3b2f8356eb81;d030ab6c-b7b3-5783-a986-4b1a3598b38d
template,TEMPLATE-040,4,4,netgear-r7000.pdf;netgear-rax120.pdf;netgear-rax50.pdf;netgear-raxe500.pdf,**To set your time zone:** 1. Launch a web browser from a computer or mobile device that is connected to the router network. 2. Enter **http://www.routerlogin.net**. A login window opens. 3. Enter the router admin user name and password. The user name is **admin**. The password is the one that you s,1c87234f-8aff-560c-8028-20099626deb5;5f21bf59-b1a4-5c68-923b-d8f5d1fb5903;0e390b06-fbf5-5686-98c1-f58bf84eb35d;8533530e-9001-5a31-a453-6077909ff031
template,TEMPLATE-041,3,3,netgear-r6350.pdf;netgear-r7000.pdf;netgear-rax50.pdf,**To specify the Internet connection settings:** 1. Launch a web browser from a computer or mobile device that is connected to therouter network. 2. Enter **http://www.routerlogin.net**. A login window opens. 3. Enter the router admin user name and password. The user name is **admin**. The password ,bc5026ce-9daf-5a38-a45c-8f6f353a91c7;3ff9be43-5715-56e3-841b-b0a52c53d0cb;1771f9f5-f2ad-57ac-a5dc-a46cd7622b32
template,TEMPLATE-042,6,6,netgear-r6350.pdf;netgear-r7000.pdf;netgear-rax120.pdf;netgear-rax50.pdf;netgear-raxe500.pdf;netgear-xr500.pdf,"**To test the path from a Windows-based computer to a remote device:** 1. From the Windows toolbar, click the **Start** button and select **Run**. 2. In the Windows Run window, type **ping -n 10** *<IP address>* where *<IP address>* is the IP address of a remote device such as your ISP DNS server. I",3b16622f-2234-5fed-adf6-69cc491ea918;57e4bd0c-1f9c-5965-be15-b5de64a53388;a57ec6c5-b0e2-5468-95b3-86df9ea89365;d6a2438e-ce2e-5744-b23d-64355bb7f3b2;f538d8c7-6ab2-54f4-a65c-e57d69c71e3b;ef2a9f94-763d-59e9-b3cb-078eef151b33
template,TEMPLATE-043,4,4,netgear-r7000.pdf;netgear-rax120.pdf;netgear-raxe500.pdf;netgear-xr500.pdf,"**To turn the WiFi radios off and on with the WiFi On/Off button:** Press the **WiFi On/Off** button on the top of the router for two seconds. If you turned off the WiFi radios, the WiFi On/Off LED and the WPS LED turn off. If you turned on the WiFi radios, the WiFi On/Off LED and the WPS LED light.",dc35cd5e-b23a-5e7b-aab7-9e6ad0d8b7b8;b6cc7aff-44a9-5be7-9857-6f294095095e;b270b282-ddfc-5883-a9a9-a5c6e89c78f1;d69824d7-45b6-521e-a423-b608947134d5
template,TEMPLATE-044,3,3,netgear-r6350.pdf;netgear-r7000.pdf;netgear-xr500.pdf,"**To use remote access:** 1. Launch a web browser on a computer that is not on your home network. 2. Type your router’s WAN IP address into your browser’s address or location field followed by a colon (:) and the custom port number. For example, if your external address is 134.177.0.123 and you use ",12dad281-8f10-5bdd-9516-33bed9a6e3ba;c63a4385-d5ca-500b-bb85-d656176fdbe2;14b57c4b-4261-5548-ac01-6cc717113e28
template,TEMPLATE-045,2,2,netgear-r7000.pdf;netgear-rax50.pdf,**To view or change the basic Internet setup:** 1. Launch a web browser from a computer or mobile device that is connected to the router network. 2. Enter **http://www.routerlogin.net**. A login window opens. 3. Enter the router admin user name and password. The user name is **admin**. The password ,d0653d09-42fb-5c23-be13-108c6bb1d370;5ee4415f-7073-5907-bfa6-71ba7202cccb
template,TEMPLATE-046,2,2,netgear-r7000.pdf;netgear-rax50.pdf,"A guest network allows visitors to use the Internet without using your WiFi security password or with a different WiFi password. By default, the guest WiFi network is disabled. You can enable and configure the guest WiFi network for each WiFi band. The router simultaneously supports the 2.4 GHz band",ea3745ca-4683-568d-9be9-698245bac67a;4992ee82-9f24-5875-a9b2-20166c42e272
template,TEMPLATE-047,3,3,netgear-rax120.pdf;netgear-rax50.pdf;netgear-xr500.pdf,"A virtual private network (VPN) lets you use the Internet to securely access your network when you aren’t home. This type of VPN access is called a client-to-gateway tunnel. The computer is the client, and the router is the gateway. To use the VPN feature, you must do the following: • Log in to the ",792e9240-5fe7-59a7-8568-d2660d4bd799;a13c3553-78f9-5ede-9cd9-390daad977b6;4bea8038-9d9a-5679-b309-7d16a2e0eeb2
template,TEMPLATE-048,3,3,netgear-r6350.pdf;netgear-r7000.pdf;netgear-raxe500.pdf,"A virtual private network (VPN) lets you use the Internet to securely access your network when you aren’t home. This type of VPN access is called a client-to-gateway tunnel. The computer is the client, and the router is the gateway. To use the VPN feature, you must log in to the router and enable VP",f9ad8237-b940-5dc2-8324-e0c13ae2416e;15c023d1-7e9a-592e-8b62-0ff32fbdba8d;98ccf5bb-b3e3-5845-bdf3-0ece4cc86891
template,TEMPLATE-049,5,5,netgear-r6350.pdf;netgear-r7000.pdf;netgear-rax120.pdf;netgear-rax50.pdf;netgear-raxe500.pdf,"After you turn on power to the router, verify that the following sequence of events occurs: 1. When power is first applied, verify that the Power LED is lit. 2. After about two minutes, verify the following: • The Power LED is lit. • The Internet LED is lit. • The WiFi LED is lit (unless you turned ",b27b612a-5c9c-5c3a-bfbf-41380f330f63;262ff6ae-df0c-585e-bed0-094aea4c3092;53092283-1630-580a-ae86-48bf4df08b16;21ccea99-0207-56f5-9a25-6825b90b3b6b;783a8e52-9803-5b2d-be02-7ecc5d1f960e
template,TEMPLATE-050,3,2,netgear-rax120.pdf;netgear-rax50.pdf,"AX WiFi improves your network’s capacity, Internet upload and download speeds, and WiFi range by allowing WiFi traffic from different devices to be concurrently managed. To do this, AX WiFi uses Orthogonal Frequency-Division Multiple-Access (OFDMA), 4x4 multi-user MIMO, and intelligent scheduling. A",69c05c19-a059-5b0b-b939-5b35746470fd;b19ab74d-3e56-5b7a-9a6b-cc50c31804e0;684e63e0-b298-5126-8bf3-02cd19690596
template,TEMPLATE-051,4,4,netgear-r6350.pdf;netgear-r7000.pdf;netgear-rax120.pdf;netgear-xr500.pdf,"Before you back up a large amount of data with Time Machine, we recommend that you follow this procedure. **To prepare to back up a large amount of data:** 1. Upgrade the operating system of the Mac computer. 2. Verify and repair the backup disk and the local disk. 3. Verify and repair the permissio",6b3d0151-b57d-531d-a1b7-3c7c00f827c7;8eae853b-e198-5bdf-9138-1f23b9289367;e33a569c-4d4b-5980-bb49-1ddc090aa2c7;6d199986-a8f1-587d-9ed0-55361733df1f
template,TEMPLATE-052,3,3,netgear-r7000.pdf;netgear-rax120.pdf;netgear-raxe500.pdf,"Before you install your router, extend the antennas as shown in the following figure. Figure 4. Position the antennas",3a1734ad-bf5d-5755-a2dc-e3c8ff267eaa;aa3b1203-d4b7-598a-a240-e7a404e17934;0cc898f1-9c6e-5982-9bab-2fd9bfe720d5
template,TEMPLATE-053,3,3,netgear-r7000.pdf;netgear-rax50.pdf;netgear-raxe500.pdf,"Before you physically disconnect a USB storage device from the router USB port, log in to the router and take the USB storage device offline. **To remove a USB storage device safely:** 1. Launch a web browser from a computer or mobile device that is connected to the router network. 2. Enter **http:/",f53d0043-7e92-5117-9828-95f8161455a0;d11a025c-810a-5cee-85ba-56d4a6ac96f6;eaa8444a-32f2-5dda-9a31-ec9949be4c14
template,TEMPLATE-054,4,4,netgear-r6350.pdf;netgear-rax120.pdf;netgear-rax50.pdf;netgear-raxe500.pdf,"By default, the language that displays when you log in to the router web interface is set to Auto. **To change the language:** 1. Launch a web browser from a computer or mobile device that is connected to the router network. 2. Enter **http://www.routerlogin.net**. A login window opens. 3. Enter the",828f4d55-febe-5dbd-a701-f2a193bb73b3;dfee3773-69cd-5ee3-b119-604a4e77696d;530e409d-b4d7-5f03-9c6f-e386dd983ae8;eae3c8b9-6532-5ee3-be50-bdecc1738439
template,TEMPLATE-055,4,4,netgear-r7000.pdf;netgear-rax120.pdf;netgear-rax50.pdf;netgear-raxe500.pdf,"By default, the router acts as a DHCP server. The router assigns IP, DNS server, and default gateway addresses to all computers connected to the LAN. The assigned default gateway address is the LAN address of the router. You can use another device on your network as the DHCP server or specify the ne",c5b7a190-89b3-5c81-9acd-0435214b816d;53656349-6299-5e05-8f28-86238d09b54a;4e4130d9-8486-53ba-8a39-75b60fe1e008;8dba79ed-9bf8-5cb2-833b-a493317e765e
template,TEMPLATE-056,3,3,netgear-rax120.pdf;netgear-rax50.pdf;netgear-raxe500.pdf,"By default, the router acts as a Dynamic Host Configuration Protocol (DHCP) server. The router assigns IP, DNS server, and default gateway addresses to all computers connected to the LAN. The assigned default gateway address is the LAN address of the router. These addresses must be part of the same ",3a3c26ae-1836-5453-b7c4-c85f35296488;a6f5bbc3-e697-5aa5-bbe8-9237b93ff804;01cd477a-47d2-5fed-a150-f3482022089e
template,TEMPLATE-057,2,2,netgear-rax120.pdf;netgear-rax50.pdf,"By default, the router is set up to allow VPN connections only to your home network, but you can change the settings to allow Internet access. Accessing the Internet remotely through a VPN might be slower than accessing the Internet directly. **To allow VPN clients to use your home Internet service:",23430790-70a6-50ac-80b3-35ee1e5831c7;18c41429-7bbd-5c17-800b-8d459d0ddf59
template,TEMPLATE-058,4,4,netgear-r6350.pdf;netgear-rax120.pdf;netgear-rax50.pdf;netgear-raxe500.pdf,"By default, the router uses standard LED settings.",da60cb92-8d65-5aae-afac-7d030c7679cf;19e03d29-379e-5c70-aef8-bc0dd4ff222d;48cb81fd-084d-5c51-9e7e-697baa4ec6f4;fcd0539a-db5a-518b-80e5-b93ab799accc
template,TEMPLATE-059,2,1,netgear-r7000.pdf,"By default, the router uses the NETGEAR NTP server to sync the network time. You can change the NTP server to your preferred NTP server. **To change the NTP server to your preferred NTP server:** 1. Launch a web browser from a computer or mobile device that is connected to the router network. 2. Ent",d4980606-c8d1-5aca-adbe-96e35254c9e1;e0a29d83-bb4e-5486-bac0-906091d1c384
template,TEMPLATE-060,3,3,netgear-rax120.pdf;netgear-rax50.pdf;netgear-raxe500.pdf,"By default, the router uses the NETGEAR NTP server to sync the network time. You can change the NTP server to your preferred NTP server. **To set the NTP server:** 1. Launch a web browser from a computer or mobile device that is connected to the router network. 2. Enter **http://www.routerlogin.net*",db961a8c-9ae1-5b21-8b0a-91612be11df4;44e7186a-d80b-519f-b7c8-793cc38b95ad;29f43702-7db0-5452-b0a7-d5a2155c5b59
template,TEMPLATE-061,3,3,netgear-r7000.pdf;netgear-rax50.pdf;netgear-raxe500.pdf,File Transfer Protocol (FTP) lets you download (receive) and upload (send) large files faster. **To enable FTP access within your network:** 1. Launch a web browser from a computer or mobile device that is connected to the router network. 2. Enter **http://www.routerlogin.net**. A login window opens,63bc8350-f409-5083-aac5-1ec432315249;540adef2-c527-5db1-bc2f-8ce012c8629e;c0a0a256-1dcf-56d0-bcac-4e100bd17821
template,TEMPLATE-062,2,2,netgear-rax120.pdf;netgear-rax50.pdf,"For almost all Internet traffic, routes are automatically and dynamically selected. You can also set up a fixed, static route. Typically, you only need to add static routes when you have more than one router or multiple IP subnets on your network. As an example of when a static route is needed, cons",cad39326-b673-5a17-908d-458d60b7924a;7da5e59b-bf21-51df-a65d-df2d9e015b1f
template,TEMPLATE-063,2,2,netgear-r7000.pdf;netgear-xr500.pdf,"For each computer, after you click the **Connect** and **Disconnect** buttons once, the utility automatically manages the printing queue. By default, the utility starts automatically whenever you log on to Windows and runs in the background. **To print a document using the NETGEAR USB Control Center",ea698470-b732-5eb5-92d3-6b376673b14e;90bbdb2b-c64c-5bd8-94b9-5c7eb16c8994
template,TEMPLATE-064,3,3,netgear-rax120.pdf;netgear-rax50.pdf;netgear-rbk852.pdf,"For the VPN connection to work, your computer or device (the VPN client) must be connected to a network that uses a different LAN IP address scheme than your router. The default LAN IP address scheme for the router is 192.168.1.x. (The most common IP schemes are 192.168.x.x, 172.x.x.x, and 10.x.x.x.",bf69a6ec-f1d8-59ef-9f24-3e6f511b61a6;fa2fab6b-991d-5add-b533-ed842f8d4542;50c2a810-6f38-5e61-90a1-7b9775ee8625
template,TEMPLATE-065,2,2,netgear-rax120.pdf;netgear-rax50.pdf,"From a computer or device on the network, you can access a storage device that is connected to the router. **To access the device from a Mac:** 1. Connect a USB storage device to a USB port on your router. 2. If your USB storage device uses a power supply, connect it. You must use the power supply w",ef4a3855-0444-5b9c-89e6-56bbbb0b3a68;bd446c14-3b3a-52e8-a725-915abc27f136
template,TEMPLATE-066,3,3,netgear-rax120.pdf;netgear-rax50.pdf;netgear-raxe500.pdf,"If the devices that are connected to the router’s Ethernet LAN port or WiFi network include an IPTV device, your ISP might require you to set up a bridge for a port group for the router’s Internet interface. A bridge with a port group prevents packets that are sent between the IPTV device and the ro",91c51a45-4438-5fd7-8259-87a71e542abf;2b5d938a-b1e8-5d4a-ba62-4db61c7c1ca2;2f3115a8-1163-5a5b-acdb-0e08431da1a4
template,TEMPLATE-067,2,2,netgear-rax120.pdf;netgear-raxe500.pdf,"If the devices that are connected to the router’s Ethernet LAN ports or WiFi network include an IPTV device, your ISP might require you to set up a bridge for a VLAN tag group for the router’s Internet interface. If you are subscribed to IPTV service, the router might require VLAN tags to distinguis",17ab9b62-91e6-5cbb-8b64-c61ffa950c4a;2a1bf140-8dee-5ac4-98a4-1486d8609428
template,TEMPLATE-068,4,4,netgear-r6350.pdf;netgear-rax120.pdf;netgear-rax50.pdf;netgear-raxe500.pdf,"If the Internet LED or Ethernet LAN port LEDs do not light when an Ethernet connection is made, check the following: • Make sure that the Ethernet cable connections are secure at the router and at the modem or computer. • Make sure that power is turned on to the connected modem or computer. • Be sur",0a3e9e25-c2a0-5ff5-9ea7-dfcd3a28faec;dc920b05-a85c-5eba-9f83-24422f755c6c;67345d86-29ac-5778-8a68-f1ea126891ba;5bdfc738-6759-5989-8593-c136736f1af8
template,TEMPLATE-069,6,6,netgear-r6350.pdf;netgear-r7000.pdf;netgear-rax120.pdf;netgear-rax50.pdf;netgear-raxe500.pdf;netgear-xr500.pdf,"If the router does not save the changes that you make in the router web interface, do the following: • When entering configuration settings, always click the **Apply** button before moving to another page or tab, or your changes are lost. • Click the **Refresh** or **Reload** button in the web brows",89d07740-bf45-5a3f-aae9-8ef36cc53998;f734ce15-6ddb-5765-9867-96cc53a05040;5248213a-8c94-5110-b8b4-37fc33d44bb1;8a1f36b5-aaaa-557d-a7c6-8b9086b7070f;5ce4f4af-eee3-578a-bbc3-a78047c81a93;3aa6e3f0-75c4-5d96-abed-b04479116b9c
template,TEMPLATE-070,5,5,netgear-r6350.pdf;netgear-rax120.pdf;netgear-rax50.pdf;netgear-raxe500.pdf;netgear-xr500.pdf,"If the router does not start, make sure that the power adapter cable is securely plugged in. If the Internet connection or LAN connections do not function, make sure that the Ethernet cables are securely plugged in. The Internet LED on the router is lit if the Ethernet cable connecting the router an",4b9a8181-cb6c-5825-85f7-05dab83f2a3f;6b276395-29f9-5df2-adac-bbe935e47b32;d542a232-92c1-58c8-8c71-58dcdd9d87b0;4f3d2903-b1ca-556d-a4f9-f0bea742c6b5;008f6272-5253-51ec-8b8e-598e1de99165
template,TEMPLATE-071,3,3,netgear-rax120.pdf;netgear-rax50.pdf;netgear-raxe500.pdf,"If the WiFi LED stays off, check to see if someone pressed the **WiFi On/Off** button on the router. This button turns the WiFi radios in the router on and off. If someone disabled the WiFi radios by using the router web interface, the WiFi LED also stays off. The WiFi LED is lit when the WiFi radio",5cdde1bb-9f34-58f5-a81e-b80ef1f7b022;5e4c620b-8e9a-595e-b473-d20226e52eb0;69cd245a-1266-5f23-8f16-78765bdd9f5c
template,TEMPLATE-072,3,3,netgear-r6350.pdf;netgear-rax120.pdf;netgear-raxe500.pdf,"If you already created a Dynamic DNS account with NETGEAR, No-IP, or DynDNS, you can set up the router to use your account. **To set up Dynamic DNS if you already created an account:** 1. Launch a web browser from a computer or mobile device that is connected to the router network. 2. Enter **http:/",9acc9454-6ed4-5e0b-b834-bfcc7e38529f;e43b60ee-74fd-5d48-823c-2588148d4411;ccb7ddd9-5080-5a0c-86f9-954c5f84972b
template,TEMPLATE-073,4,4,netgear-r6350.pdf;netgear-rax120.pdf;netgear-rax50.pdf;netgear-raxe500.pdf,"If you are experiencing trouble connecting over WiFi to the router, try to isolate the problem: • Does the WiFi device or computer that you are using find your WiFi network? If not, check the WiFi LED on the router. If it is off, you can press the **WiFi On/Off** button on the router to turn the rou",04bd2000-f1cc-52d9-9646-2736f0fb6c18;48b55cf6-5b08-527e-bd26-f4183bca41e2;6fddf705-f785-5ad9-8645-470660354f7c;7f780013-53bc-5600-8aa2-8a4eefeebdf3
template,TEMPLATE-074,2,2,netgear-r6350.pdf;netgear-raxe500.pdf,"If you are unable to log in to the router from a computer or mobile device on your local network, check the following: • If you are using an Ethernet-connected computer, check the cable connection between the computer and the router. • If you are using a WiFi-enabled computer or mobile device, check",5fb6c324-9a3a-55a6-9e85-b28426238725;8087d250-adb2-53bb-9dfa-1b13d152b70f
template,TEMPLATE-075,3,3,netgear-rax120.pdf;netgear-rax50.pdf;netgear-xr500.pdf,"If you attach a USB storage device to a USB port on your router, after you make a VPN connection from a remote VPN client device to your home router, you can access the USB storage device. Because the router supports ReadySHARE, the USB storage device might display as a ReadySHARE network device on ",d2bbd29c-7588-5dda-ab46-69b0612cd939;e4793bd4-59b5-52d0-920d-53bb5dce9e7e;b52c2b46-34b2-5895-8c27-5cce3f9bf7a2
template,TEMPLATE-076,4,4,netgear-r6350.pdf;netgear-rax120.pdf;netgear-rax50.pdf;netgear-raxe500.pdf,"If you can access your router but not the Internet, check to see if the router can obtain a WAN IP address from your Internet service provider (ISP). Unless your ISP provides a fixed IP address, your router requests an IP address from the ISP. You can determine whether the request was successful usi",79822e37-5591-59b3-a4e6-be796ba4abbf;d391fad6-8f89-528c-9e77-629049ac978d;2e503aca-cddf-5ed3-a289-418796446caa;5a769757-9259-5e7d-a074-d43a51ab587f
template,TEMPLATE-077,2,2,netgear-r7000.pdf;netgear-raxe500.pdf,"If you host a web server on your local network, you can use port forwarding to allow web requests from anyone on the Internet to reach your web server. **To make a local web server public:** 1. Assign your web server either a fixed IP address or a dynamic IP address using DHCP address reservation. I",8fb3463d-a069-5c1d-8787-b235603f7b98;24c6ea43-a239-5e8d-9b53-29c068ae921d
template,TEMPLATE-078,2,2,netgear-rax120.pdf;netgear-rax50.pdf,"If you host a web server on your local network, you can use port forwarding to allow web requests from anyone on the Internet to reach your web server. **To make a local web server public:** 1. Assign your web server either a fixed IP address or a dynamic IP address using DHCP address reservation. I",10f082e0-460d-59c2-bf25-090a7b36a4a8;34ec1d15-40f7-55a5-9772-135ebc91324b
template,TEMPLATE-079,6,6,netgear-r6350.pdf;netgear-r7000.pdf;netgear-rax120.pdf;netgear-rax50.pdf;netgear-raxe500.pdf;netgear-xr500.pdf,"If you must restart your network, follow this sequence: 1. Turn off and unplug the modem. 2. Turn off the router. 3. Plug in the modem and turn it on. Wait two minutes. 4. Turn on the router and wait two minutes.",43ee9cdf-ae9a-5b3c-bbe5-ecde0e3d2cfe;f2289449-f54e-5af6-8243-762118ef305b;b9cf44a4-e860-572b-8735-b26e1fc948db;63debb74-88a8-5b3c-bde8-04a677ac56c7;494eba00-b9d1-5fec-898e-b212c6f28baf;2dd1fac5-3a25-5232-a837-397b1df3fb63
template,TEMPLATE-080,2,2,netgear-rax120.pdf;netgear-rax50.pdf,"If you set up an access control list (ACL) that allows all new devices to access the network, you can add new devices that must be blocked from accessing the network, remove old devices, or change whether devices that were blocked must now be allowed when they try to connect to the network. **To man",330f9cde-2ef3-5107-845b-787b8a83d077;bf4b489e-adc8-5174-a565-5fb7e6fec6b3
template,TEMPLATE-081,2,2,netgear-rax120.pdf;netgear-rax50.pdf,"If you set up an access control list (ACL) that blocks all new devices from accessing the network, you can add new devices that must be allowed access to the network, remove old devices, or change whether devices that were allowed must now be blocked when they try to connect to the network. For exam",9e1b8836-d9ff-5b1f-97fe-d96700d0cb4f;03914fcb-62c9-5345-8ab2-2475379fe1be
template,TEMPLATE-082,2,2,netgear-r6350.pdf;netgear-raxe500.pdf,"If you set up the password recovery feature, you can recover your router admin password. **To recover your router admin password:** 1. Launch a web browser from a computer or mobile device that is connected to the router network. 2. Enter **http://www.routerlogin.net**. A login window opens. 3. Clic",d8ba1e3e-620a-512e-9520-6dc227ac38a9;74e81b42-e270-5395-8fc5-cb0aa1f6e692
template,TEMPLATE-083,3,3,netgear-rax120.pdf;netgear-rax50.pdf;netgear-xr500.pdf,"If you set up the password reset feature, you can reset your router admin password if you forgot it. This reset process is supported in Chrome, Safari, Firefox, Edge, and Internet Explorer. **To reset your router admin password:** 1. Launch a web browser from a computer or mobile device that is conn",e0f74f33-f3bc-53bb-9b93-f1038c32fed8;18147ff5-671f-5083-b6be-4551aa2bb127;0438a1df-5691-5fa3-82cc-26cb251a9c49
template,TEMPLATE-084,3,3,netgear-rax120.pdf;netgear-rax50.pdf;netgear-raxe500.pdf,"If you used the **WiFi On/Off** button to turn off the WiFi radios, you can’t log in to the router to turn them back on. You must press the **WiFi On/Off** button again for two seconds to turn the WiFi radios back on. **To enable or disable the WiFi radios:** 1. Launch a web browser from a computer ",5776f539-59a4-5e4a-bf09-24bac9062168;b72d6035-0006-5730-97cb-266f12595623;183e963a-d605-5403-a4e2-b882de020cbb
template,TEMPLATE-085,4,4,netgear-r6350.pdf;netgear-rax120.pdf;netgear-rax50.pdf;netgear-raxe500.pdf,"If your computer or mobile device cannot connect to the router, make sure that the network settings of the computer or mobile device are correct. Computers and mobile devices must use network IP addresses on the same network as the router. By default, almost all computers and mobile devices are set ",d7f22ecf-daab-54fc-9de9-74703efb66a1;ec44b73a-1963-51b8-b170-5ef2511a7451;fe260b55-1994-59d9-a1d0-bc6b454ad9cc;6cc08877-270d-58a7-9e46-041f1014551a
template,TEMPLATE-086,4,4,netgear-r7000.pdf;netgear-rax120.pdf;netgear-rax50.pdf;netgear-raxe500.pdf,"If your home network includes a server, you can allow certain types of incoming traffic to reach the server. For example, you might want to make a local web server, FTP server, or game server visible and available to the Internet. The router can forward incoming traffic with specific protocols to co",2964524d-0fe7-5c92-a895-db23aa180ef3;f3732efc-ed7e-5ef1-abfe-e4193e034e51;6dccc913-551e-5c5e-97e3-4261d131f8e7;9332e733-b6f2-5a71-a061-651304cc5e8a
template,TEMPLATE-087,4,4,netgear-r6350.pdf;netgear-rax120.pdf;netgear-rax50.pdf;netgear-raxe500.pdf,"If your router can obtain an IP address but your computer is unable to load any web pages from the Internet, it might be for the following reasons: • The traffic meter is enabled, and the limit was reached. By configuring the traffic meter not to block Internet access when the traffic limit is reach",818e0932-f3ff-5602-b5b9-5f1d94d353ed;ff1f5340-8ce2-5c00-b61b-e404662096a4;e7004a46-44c8-5b2a-bb26-3cbaf8b649e4;c6ea10e7-ed27-5069-bcd1-0acf37e04e84
template,TEMPLATE-088,5,5,netgear-r6350.pdf;netgear-r7000.pdf;netgear-rax120.pdf;netgear-rax50.pdf;netgear-raxe500.pdf,"In pass-through mode, the router works as a Layer 2 Ethernet switch with two ports (LAN and WAN Ethernet ports) for IPv6 packets. The router does not process any IPv6 header packets. **To set up a pass-through IPv6 Internet connection:** 1. Launch a web browser from a computer or mobile device that ",8f1462da-3007-5dbb-8290-b50deba4b7d6;ec4bf452-0be9-5d97-8612-be4bb085ebde;f02b327f-e424-5fbd-884a-afa982cfba97;8c9913a4-92ae-5ea2-9c4b-f2b8953ac4a7;9f527e50-06ce-5289-b717-6813e40cf2ee
template,TEMPLATE-089,7,7,netgear-r6350.pdf;netgear-r7000.pdf;netgear-rax120.pdf;netgear-rax50.pdf;netgear-raxe500.pdf;netgear-rbk852.pdf;netgear-xr500.pdf,"Internet service providers (ISPs) assign numbers called IP addresses to identify each Internet account. Most ISPs use dynamically assigned IP addresses. This means that the IP address can change at any time. You can use the IP address to access your network remotely, but most people don’t know what ",4f7d7162-6e6c-573c-b8fb-9e4ab9d5cff3;0cd60313-0ac6-5467-b3c5-3f1740db1866;6ca6151d-13b9-5a1c-8cde-e22461da51f4;45cd04ed-08f5-57ef-b280-00505e1010d3;11879f1f-745d-56ee-9c96-52ce7f49fa15;1699471e-281e-5f2d-8c2b-8326ba3ec60a;f5bc8af4-e1db-5025-82b3-d2be01944b28
template,TEMPLATE-090,7,7,netgear-r6350.pdf;netgear-r7000.pdf;netgear-rax120.pdf;netgear-rax50.pdf;netgear-raxe500.pdf;netgear-rbk852.pdf;netgear-xr500.pdf,IPv6 addresses are denoted by eight groups of hexadecimal quartets that are separated by colons. You can reduce any four-digit group of zeros within an IPv6 address to a single zero or omit it. The following errors invalidate an IPv6 address: • More than eight groups of hexadecimal quartets • More t,b60ce24d-2b57-52a7-93ab-556a06485338;28b68112-abb7-5350-b4ea-76283efa50fc;91f0bcc3-caab-5a3a-8895-c02fc23ee069;1c001bc4-2e58-5ca4-ace1-c1b6b442ea8e;f0182d51-1c14-556f-8e18-ceb6082c2188;de3de3b9-79ad-5fbc-9db0-88299436c0c8;38a1748c-19a7-561f-abc7-68725a8af5bb
template,TEMPLATE-091,2,2,netgear-r6350.pdf;netgear-r7000.pdf,"iTunes server lets you play music from a USB device that is connected to a USB port on your router with iTunes on your Windows-based or Mac computer or with the Apple Remote app on your iPhone or iPad. You can also use the Apple Remote app from an iPhone or iPad to play music on any AirPlay devices,",10572b97-0b15-53b9-a7a2-9ba93dbb012b;a47b32ec-f5e2-5bf0-bfd9-5792c2a864cf
template,TEMPLATE-092,4,4,netgear-r6350.pdf;netgear-rax120.pdf;netgear-rax50.pdf;netgear-raxe500.pdf,Make sure that the WiFi settings on the WiFi-enabled computer or mobile device and the router match exactly. The WiFi network name (SSID) and WiFi security settings of the router and the computer or mobile device must match exactly. WiFi passwords are case sensitive. If you set up an access control ,335ea183-1b40-5e35-af4b-f01b3137b0c1;f24fac39-a3db-5243-9d24-4986ad8e8cf1;39daa66a-c631-5cec-aaff-699fcdd0f47f;0ca599be-3824-5fb8-8b40-4109155a72b2
template,TEMPLATE-093,7,7,netgear-r6350.pdf;netgear-r7000.pdf;netgear-rax120.pdf;netgear-rax50.pdf;netgear-raxe500.pdf;netgear-rbk852.pdf;netgear-xr500.pdf,Most network devices and routers contain a ping utility that sends an echo request packet to the designated device. The device then responds with an echo reply. You can easily troubleshoot a network using the ping utility in your computer or workstation.,a2347ca2-0954-5c9e-9a7f-4c8ff58864c6;9c575d10-7b9c-5fb3-ba20-b369060e41f6;ab1f10d8-9170-5cf3-9dbc-62ef6cef64f3;688ede0a-7912-51aa-bc85-3ae9ad749feb;ecb94e9b-8113-57be-a66b-6812ae645af4;ad859cdb-151f-56e5-81be-13c742dc1180;978f26ee-238d-564d-9839-089955a716af
template,TEMPLATE-094,2,2,netgear-rax120.pdf;netgear-rax50.pdf,"Multiuser multiple input, multiple output (MU-MIMO) improves performance when many WiFi clients that are MU-MIMO-capable transfer data at the same time. For MU-MIMO to function, WiFi clients must support MU-MIMO, and they must be connected to a 5 GHz WiFi band. This feature is enabled by default, bu",707448cb-e251-5171-bcb7-c59e59d84350;6b12a27a-8d95-58fa-927d-e94061ea4bee
template,TEMPLATE-095,2,2,netgear-r7000.pdf;netgear-rax120.pdf,"NETGEAR ReadyCLOUD for routers lets you remotely access files stored on a USB storage device that is connected to the router. Before you can use ReadyCLOUD, you must create a ReadyCLOUD account and register your router. A ReadyCLOUD app is also available for Windows computers, Android mobile devices",305c7a86-7148-51b1-9c58-9999fae9c9ee;38c0dd5a-a3de-53af-887e-732226700ca3
template,TEMPLATE-096,2,2,netgear-r7000.pdf;netgear-raxe500.pdf,"Port triggering is a dynamic extension of port forwarding that is useful in these cases: • An application must use port forwarding to more than one local computer (but not simultaneously). • An application must open incoming ports that are different from the outgoing port. With port triggering, the ",b4371b0a-3b93-5a6a-bd82-bc95aab900b4;39a186b1-4107-5ef4-ae0a-c71e36ead2c4
template,TEMPLATE-097,2,2,netgear-rax120.pdf;netgear-rax50.pdf,"Port triggering is a dynamic extension of port forwarding that is useful in these cases: • An application must use port forwarding to more than one local computer (but not simultaneously). • An application must open incoming ports that are different from the outgoing port. With port triggering, the ",3ef239a3-580d-5a12-b6c9-965fe4c8f832;d2ce6d68-be58-52a1-9de8-9d40801ff7a5
template,TEMPLATE-098,4,4,netgear-r7000.pdf;netgear-rax120.pdf;netgear-rax50.pdf;netgear-xr500.pdf,"Power on your router and connect it to a modem. Figure 6. Cable your router **To cable your router:** 1. Unplug your modem, remove and reinsert the backup battery if it uses one, and then plug the modem back in. 2. Use the Ethernet cable to connect the modem to the yellow Internet port on the router",3358052a-815b-5201-a127-e92149644fca;c78de953-6132-5e83-a4fc-d17090c85112;b44981b7-18cf-5ed8-8dec-a23e367c49c5;03b606e7-5f2d-5679-abfc-0398b69beeab
template,TEMPLATE-099,5,5,netgear-r6350.pdf;netgear-rax120.pdf;netgear-rax50.pdf;netgear-raxe500.pdf;netgear-xr500.pdf,"ReadySHARE lets you access and share USB storage devices that are connected to a USB port on the router. (If your USB storage device uses special drivers, it is not compatible.) **To connect a USB device:** 1. Insert your USB storage device into a USB port on the router. 2. If your USB storage devic",c8cd836f-21f0-5e9c-9142-aaf7ffe962dc;bb9735df-2bc3-50f1-9fb8-2235613d714e;173e6efd-2c2c-5343-bad7-634d6de51907;40812aed-cd07-5dff-9ac0-4704875b0f45;7b507311-06c1-518a-b57f-17ce47a7dc19
template,TEMPLATE-100,2,2,netgear-rax120.pdf;netgear-rax50.pdf,Separate types of logins serve different purposes. It is important that you understand the differences so that you know which login to use when. Several types of logins are associated with the router: • **ISP login**. The login that your Internet service provider (ISP) gave you logs you in to your I,6af6a140-458c-5188-b116-2f8430c69437;c20a108c-c673-5740-9b8a-90c8cd8f8ede
template,TEMPLATE-101,5,5,netgear-r7000.pdf;netgear-rax120.pdf;netgear-rax50.pdf;netgear-raxe500.pdf;netgear-xr500.pdf,"Some application servers, such as FTP and IRC servers, send replies to multiple port numbers. Using port triggering, you can tell the router to open more incoming ports when a particular outgoing port starts a session. An example is Internet Relay Chat (IRC). Your computer connects to an IRC server ",22b781b9-3e62-5d72-85c4-4b17be894b0a;95629a49-e234-57fe-a432-51fea6617983;67f8eab0-6a22-5c7b-9f6c-d116e364dc33;b72b8a87-be82-5d91-abcf-ba7916883380;1986a281-97eb-584c-ae46-a548a955864f
template,TEMPLATE-102,4,4,netgear-r7000.pdf;netgear-rax120.pdf;netgear-rax50.pdf;netgear-raxe500.pdf,"Some devices, such as an IPTV, cannot function behind the router’s network address translation (NAT) service or firewall. Based on what your Internet service provider (ISP) requires, for the device to connect to the ISP’s network directly, you can enable the bridge between the device and the router’",a85df7c2-db4e-5745-a8f3-2ac8c356046e;26a25528-3154-594a-8ab6-476494dc4177;5d1ff882-17ea-5159-94ca-699aa504da56;0d3de1e7-d52d-58c5-a468-f3fed5427fed
template,TEMPLATE-103,2,2,netgear-r7000.pdf;netgear-xr500.pdf,"Some USB printer manufacturers (for example, HP and Lexmark) request that you do not connect the USB cable until the installation software prompts you to do so. **To install the driver and cable the printer:** 1. On each computer on your network that shares the USB printer, install the driver softwa",f9c4f561-2789-5188-b412-6b03a06edf0e;69fea750-3395-5117-94a8-14c9d400f3a6
template,TEMPLATE-104,4,4,netgear-r7000.pdf;netgear-rax120.pdf;netgear-rax50.pdf;netgear-raxe500.pdf,The 6rd protocol makes it possible to deploy IPv6 to sites using a service provider’s IPv4 network. 6rd uses the service provider’s own IPv6 address prefix. This limits the operational domain of 6rd to the service provider’s network and is under direct control of the service provider. The IPv6 servi,b4ea45d9-09f3-515c-9530-7531ea961c6b;063dbf2c-3f69-5f4e-b782-908e3f98521f;41a1822f-3f8a-56e0-bf8a-f9eccef671b6;a7957a76-de5a-53fb-92ac-f631eb9f1398
template,TEMPLATE-105,4,4,netgear-r6350.pdf;netgear-rax120.pdf;netgear-rax50.pdf;netgear-raxe500.pdf,"The admin password is the one you specified the first time you logged in. You can change this password. **Note:** The ideal password contains no dictionary words from any language and contains uppercase and lowercase letters, numbers, and symbols. It can be up to 30 characters. **To change the passw",05519e14-2eff-51e9-9236-e93957018d1d;ecffda61-8412-5d08-b713-fa6582b8dfc8;d659abfb-9458-5e61-8449-b4a4aae55ec6;6d848f3e-e6e3-503d-9675-58b59b11274a
template,TEMPLATE-106,3,3,netgear-rax120.pdf;netgear-rax50.pdf;netgear-raxe500.pdf,"The Anywhere Access feature on the Nighthawk app allows you to connect to your router when you're away from home and change its settings. Before you can use the Anywhere Access feature on the Nighthawk app, you must update your router’s firmware and download the latest Nighthawk app for your mobile ",8aee8cfb-f8eb-5f8d-8fba-c2454ecc5095;343cd1ba-49ae-5a17-969b-b2011fe6a974;75ae9ef1-054f-54a8-974f-0ca703bf7a38
template,TEMPLATE-107,7,7,netgear-r6350.pdf;netgear-r7000.pdf;netgear-rax120.pdf;netgear-rax50.pdf;netgear-raxe500.pdf;netgear-rbk852.pdf;netgear-xr500.pdf,"The configuration settings of the router are stored within the router in a configuration file. You can back up (save) this file to your computer, restore it, or reset it to the factory default settings.",338f9d2d-05f6-5bdf-acd5-cb2a03fb059c;48daa85c-d9e5-5265-bf42-a0c7925b8190;6d219eb3-6149-5d6c-8844-027688914cdd;9b436014-fc83-5419-ba50-613703d5232d;f003c0c5-e70d-52ca-b5ce-ef1d95bb2a6b;92a8ea92-562c-5dbc-8efb-b7212f4d7b72;556885d1-aa62-59a7-8480-f348760f9f6f
template,TEMPLATE-108,5,5,netgear-r6350.pdf;netgear-r7000.pdf;netgear-rax120.pdf;netgear-rax50.pdf;netgear-raxe500.pdf,"The default DMZ server feature is helpful when you are using some online games and videoconferencing applications that are incompatible with Network Address Translation (NAT). The router is programmed to recognize some of these applications and to work correctly with them, but other applications mig",8d7df806-ebdb-5595-9169-ceb85d0ba6e4;f6a204e1-2aaa-5aef-8411-ec48511021fc;e4751896-a4ff-513a-b8f7-bc2d01f03f3e;398e6767-c079-5f75-9165-df722383b745;508d014b-f83c-5a94-8faf-9967fbe1c057
template,TEMPLATE-109,4,4,netgear-r7000.pdf;netgear-rax120.pdf;netgear-rax50.pdf;netgear-raxe500.pdf,"The following sequence shows the effects of a port forwarding rule: 1. When you type the URL www.example.com in your browser, the browser sends a web page request message with the following destination information: • **Destination address**. The IP address of www.example.com, which is the address of",36a44e4d-1905-5cef-bfe9-49ea3609dc3c;cf516841-9648-5ad0-aaaa-b65b9c5d85aa;0b8e2055-6f61-572f-84da-42d70195ba7b;cb0591a9-a6dd-512d-aa50-8e0629954cd8
template,TEMPLATE-110,2,2,netgear-rax120.pdf;netgear-raxe500.pdf,"The LEDs on the top panel of the router indicate activities and behavior. You can disable LED blinking for network communications, or turn off all LEDs except the Power LED. **To disable LED blinking or turn off the LEDs:** 1. Launch a web browser from a computer or mobile device that is connected t",5c82d4ef-7c18-5ecc-b644-701b7da5e828;5f93337e-fdab-5f48-936b-564936a076a7
template,TEMPLATE-111,2,2,netgear-rax120.pdf;netgear-raxe500.pdf,The logs are a detailed record of the websites you accessed or attempted to access and many other router actions. Up to 256 entries are stored in the log. **To view and manage logs:** 1. Launch a web browser from a computer or mobile device that is connected to the router network. 2. Enter **http://,27af85b7-06c3-5161-bf6c-e7a476216f22;3477ec41-41f5-59ed-8bfb-7064e9707186
template,TEMPLATE-112,5,5,netgear-r6350.pdf;netgear-r7000.pdf;netgear-rax120.pdf;netgear-rax50.pdf;netgear-raxe500.pdf,The maximum transmission unit (MTU) is the largest data packet a network device transmits.,aba5c3ef-7a47-5a71-bbb4-2da2cc9d65dc;d510a528-960a-5a04-a418-52be3577de37;9b7e81c1-1253-5918-a003-5a479e466736;6bfc01f5-9448-58d3-8765-27e712fd3624;fbf822a7-110a-5ac3-b64c-6a5fbaf2ccc4
template,TEMPLATE-113,2,2,netgear-r7000.pdf;netgear-raxe500.pdf,The remote relay router is the router to which your router creates a 6to4 tunnel. Make sure that the IPv4 Internet connection is working before you apply the 6to4 tunnel settings for the IPv6 connection. **To set up an IPv6 Internet connection by using a 6to4 tunnel:** 1. Launch a web browser from a,42167bc0-e34c-5226-ad86-a6c638c5859a;90dc0cf2-c796-57eb-87e5-6550886d3566
template,TEMPLATE-114,2,2,netgear-rax120.pdf;netgear-rax50.pdf,The remote relay router is the router to which your router creates a 6to4 tunnel. Make sure that the IPv4 Internet connection is working before you apply the 6to4 tunnel settings for the IPv6 connection. **To set up an IPv6 Internet connection by using a 6to4 tunnel:** 1. Launch a web browser from a,cf568022-8152-52b0-aef0-cb6d9ac1cda6;60bde80c-34b9-5f48-858f-3fcabaf28633
template,TEMPLATE-115,3,3,netgear-r6350.pdf;netgear-r7000.pdf;netgear-raxe500.pdf,"The router admin password is used to log in to your router web interface. We recommend that you enable password recovery so that you can recover the password if it is forgotten. This recovery process is supported in Internet Explorer, Firefox, and Chrome browsers but not in the Safari browser. **To ",471370d2-cd2d-521d-bffc-7602e6c53654;33ddbb7b-7ffc-5553-bb87-9bb51750c9f2;bd1499f0-941f-5bc2-a5a8-04745eefa6c6
template,TEMPLATE-116,2,2,netgear-rax120.pdf;netgear-rax50.pdf,"The router admin password is used to log in to your router web interface. We recommend that you enable password reset so that you can reset the password if you forget it. This reset process is supported in Chrome, Safari, Firefox, Edge, and Internet Explorer. **To enable password reset:** 1. Launch ",ea7382ed-6f7a-546f-bda2-f6df5aeb7d0d;dbd4c253-9a3f-5c37-815b-6479d033a582
template,TEMPLATE-117,3,3,netgear-r7000.pdf;netgear-rax50.pdf;netgear-raxe500.pdf,The router can email you its logs of router activity. The log records router activity and security events such as attempts to access blocked sites or services. **To set up email notifications:** 1. Launch a web browser from a computer or mobile device that is connected to the router network. 2. Ente,bd59f813-7478-573e-bbc9-68e2974d38e7;147ad2c0-a04d-5904-bf09-3459263a8468;2995f3d8-b1d9-5ef2-b596-41e1562ee175
template,TEMPLATE-118,2,2,netgear-r6350.pdf;netgear-rax120.pdf,The router can email you its logs of router activity. The log records router activity and security events such as attempts to access blocked sites or services. **To set up email notifications:** 1. Launch a web browser from a computer or mobile device that is connected to the router network. 2. Ente,9eea4a57-4c9e-51eb-b299-049a4b930e58;51d3d6a5-8a0e-5494-80bb-a5e58e9a1b5e
template,TEMPLATE-119,4,4,netgear-r7000.pdf;netgear-rax120.pdf;netgear-rax50.pdf;netgear-raxe500.pdf,"The router comes with preset security. This means that the WiFi network name (SSID), network key (password), and security option (encryption protocol) are preset in the factory. You can find the preset SSID and password on the router label. **Note:** The preset SSID and password are uniquely generat",61f495ce-b463-5f79-a3ab-a0da67b6926f;88a61bbc-985f-5b34-9830-9632803f359f;567ccffc-53dd-5f49-8306-5dd3c23407e7;02b732ff-6440-5fb7-94a1-7afaa05c4053
template,TEMPLATE-120,2,2,netgear-r6350.pdf;netgear-rax120.pdf,The router firmware (routing software) is stored in flash memory. You might see a message at the top of the router pages when new firmware is available. You can respond to that message to update the firmware or you can check to see if new firmware is available and update your product. **Note:** We r,2a3ade55-f893-5d78-8ead-3ff6b3d197c7;b96f1275-8b98-5f40-9bf9-eefaa5f65f16
template,TEMPLATE-121,2,2,netgear-rax50.pdf;netgear-raxe500.pdf,The router firmware (routing software) is stored in flash memory. You might see a message at the top of the router pages when new firmware is available. You can respond to that message to update the firmware or you can check to see if new firmware is available and update your product. **Note:** We r,175b6bb5-6032-5c21-9e2d-83dbb8b8ef10;d433d7a9-b192-58d4-8259-fbfeef9384e6
template,TEMPLATE-122,4,4,netgear-r7000.pdf;netgear-rax120.pdf;netgear-rax50.pdf;netgear-raxe500.pdf,The router is preconfigured to use private IP addresses on the LAN side and to act as a DHCP server. The router’s default LAN IP configuration is as follows: • **LAN IP address**. 192.168.1.1 • **Subnet mask**. 255.255.255.0 These addresses are part of the designated private address range for use in,5daae3a0-c73e-5639-84a1-0761839ee2e8;24b4cb3e-9057-5f4c-a772-56b1413c9afc;655ecb0a-75ee-537e-92b3-63ec5fc650a2;d62e312a-4a41-56f0-9db6-bf5f9b4d836b
template,TEMPLATE-123,2,2,netgear-r7000.pdf;netgear-rax120.pdf,"The router lets you access your network anywhere within the operating range of your WiFi network. However, the operating distance or range of your WiFi connection can vary significantly depending on the physical placement of your router. In addition, position your router according to the following g",a558a4fd-f5ea-5ad7-8f40-f63c42201e36;a598cdde-568d-5aea-8f59-8c49a63df425
template,TEMPLATE-124,2,2,netgear-rax50.pdf;netgear-raxe500.pdf,"The router lets you access your network anywhere within the operating range of your WiFi network. However, the operating distance or range of your WiFi connection can vary significantly depending on the physical placement of your router. In addition, position your router according to the following g",f42f57b0-65cd-5982-935c-289c54636287;6aafe5c2-9e7c-5443-b0ec-68521fe653f9
template,TEMPLATE-125,4,4,netgear-r7000.pdf;netgear-rax120.pdf;netgear-rax50.pdf;netgear-raxe500.pdf,"The router lists default services and applications that you can use in port forwarding rules. If the service or application is not predefined, you can add a port forwarding rule with a custom service or application. **To add a custom service:** 1. Find out which port number or range of numbers the a",0125269b-47b9-5b29-91af-0325b612dd29;b10cb40c-c22b-5f9d-b7f2-45089cb0c5d8;2e1c137e-3319-584a-91ad-84969b5cd7aa;006fde7c-e877-568e-92ed-1644ace1f176
template,TEMPLATE-126,6,6,netgear-r6350.pdf;netgear-r7000.pdf;netgear-rax120.pdf;netgear-rax50.pdf;netgear-raxe500.pdf;netgear-xr500.pdf,"The router works with most USB-compliant external flash and hard drives. For the most up-to-date list of USB devices that the router supports, visit [kb.netgear.com/app/answers/detail/a_id/18985/~/readyshare-usb-drives-compatibility-list](http://kb.netgear.com/app/answers/detail/a_id/18985/~/readysh",2882086e-f153-59ed-ae13-4db004aba555;72a696d1-9056-5c48-9ff6-0c2e0b809e50;aeaf90b5-5cb4-5ff1-af4a-2f43d2368c76;9c7ec5e9-5d33-5b95-b808-b5cf02baa6e4;78603c0b-03c7-5631-9b1a-d3d48e9e67eb;2cc3db60-d462-5d2e-8bb3-212863e51abf
template,TEMPLATE-127,3,3,netgear-r7000.pdf;netgear-rax120.pdf;netgear-raxe500.pdf,The router’s default device name is based on its model number. This device name displays in the file manager when you browse your network. **To change the router’s device name:** 1. Launch a web browser from a computer or mobile device that is connected to the router network. 2. Enter **http://www.r,2550e91a-0888-5250-85ee-2caf78ee854e;68fcd3bc-86dc-5257-9f12-7a71b0bc92b9;261c7d53-f37d-50eb-b8ee-5b6387530a59
template,TEMPLATE-128,3,3,netgear-r7000.pdf;netgear-rax120.pdf;netgear-raxe500.pdf,"The router’s internal WiFi radios broadcast signals in the 2.4 GHz and 5 GHz ranges. By default, they are on so that you can connect over WiFi to the router. When the WiFi radios are off, you can still use an Ethernet cable for a LAN connection to the router. You can turn the WiFi radios on and off ",2996dc9c-cb93-545d-b725-956a17e493b7;9468469c-e6de-5d4c-975f-a6c564c1fc28;50912702-dbaf-5ec5-8afb-4ab64431179c
template,TEMPLATE-129,2,2,netgear-r7000.pdf;netgear-xr500.pdf,The utility works on Windows-based and Mac computers. **To download the utility:** 1. Visit https://www.netgear.com/home/discover/apps/readyshare. 2. Click the **PRINT - Learn how you can print wirelessly from many devices** link. 3. Click the **Download PC installer and get started link** to downlo,0883606c-4aba-5dab-a274-d5331ac4d493;a09c6b57-384f-597b-abae-d46e6ac4584d
template,TEMPLATE-130,2,2,netgear-rax50.pdf;netgear-raxe500.pdf,"This chapter describes how to access and manage storage devices attached to your router. ReadySHARE lets you access and share USB storage devices connected to the router. (If your storage device uses special drivers, it is not compatible.) **Note:** You can use a USB port on the router to connect a ",5c61f262-9cb1-5422-82ca-bba17e560990;420520ee-2c88-5df3-8d5a-74f7c7ffc250
template,TEMPLATE-131,2,2,netgear-rax120.pdf;netgear-rax50.pdf,This chapter includes technical information about your router. The chapter covers the following topics: • Factory settings • Technical specifications,79516fac-9bcc-5550-b81e-1b52e81d140e;9d7dc9eb-7433-5d3a-897d-91aa91672789
template,TEMPLATE-132,4,4,netgear-r6350.pdf;netgear-rax120.pdf;netgear-rax50.pdf;netgear-raxe500.pdf,"This chapter provides information to help you diagnose and solve problems you might experience with your router. If you do not find the solution here, check the NETGEAR support site at [netgear.com/support](https://www.netgear.com/support/) for product and contact information. The chapter contains t",24c5a7a1-ff4a-5a1e-a5c6-f9eb1e47235d;c34384df-c222-5b59-b7b7-2f04743bef5f;93564cdc-b9be-5003-8d0f-381a4d7cf41f;44955124-2033-5707-91a3-8f89e17f59d2
template,TEMPLATE-133,6,6,netgear-r6350.pdf;netgear-r7000.pdf;netgear-rax120.pdf;netgear-rax50.pdf;netgear-raxe500.pdf;netgear-xr500.pdf,This could occur for a number of reasons. Check the following: • Make sure that the power adapter is securely connected to your router and securely connected to a working power outlet. • Make sure that you are using the power adapter that NETGEAR supplied for this product. • If the Power LED blinks ,fca5ee25-d8aa-503c-9059-f2145cd1afdc;05565fdc-4481-5012-b515-85773c42fccd;bc5a29a3-c41c-51db-96ab-22d5d18c5515;b08e3502-c165-5543-8285-14dcebdc33a1;0ffe1a16-0158-5d04-9061-c8c001ebbb2d;a98e8bdc-2ecc-5767-b22f-9a9e74e55472
template,TEMPLATE-134,7,7,netgear-r6350.pdf;netgear-r7000.pdf;netgear-rax120.pdf;netgear-rax50.pdf;netgear-raxe500.pdf;netgear-rbk852.pdf;netgear-xr500.pdf,This section describes tips for troubleshooting some common problems.,46a38fc4-c550-547d-bc4b-39a2b29510d7;1ff7cec6-00b2-5c38-afad-422b03cea259;874f3e49-e5ae-50b6-9017-4f54fd6af512;b5e4cf3c-ea45-5cde-afb0-48a361b4db9b;3ca4ff99-ea82-52a6-ae6a-4642a8ab493f;4889a9a4-90fe-5fc8-8c6e-4ee2cbabf2d8;694bac32-0843-5990-b993-105175e67fe3
template,TEMPLATE-135,2,2,netgear-r6350.pdf;netgear-xr500.pdf,"Traffic metering allows you to monitor the volume of Internet traffic that passes through the router Internet port. With the traffic meter utility, you can set limits for traffic volume, set a monthly limit, and get a live update of traffic usage.",e35d917d-5fa6-53cb-b444-2930ec14348e;f045ef8a-f6ea-53bc-bdab-ccff485b5c9f
template,TEMPLATE-136,3,3,netgear-rax120.pdf;netgear-rax50.pdf;netgear-raxe500.pdf,Traffic metering allows you to monitor the volume of Internet traffic that passes through the router Internet port. You can set limits for traffic volume. **To monitor Internet traffic:** 1. Launch a web browser from a computer or mobile device that is connected to the router network. 2. Enter **htt,be8e97ac-3e19-5968-9fc6-34cf514873d4;b394157a-06a4-5abd-a83c-3f74a2db8267;04f1b52b-9f18-591e-ac0a-b16ee4a34dad
template,TEMPLATE-137,3,3,netgear-raxe500.pdf;netgear-rbk852.pdf;netgear-xr500.pdf,"Typically, you do not need to add static routes unless you use multiple routers or multiple IP subnets on your network. As an example of when a static route is needed, consider the following case: • Your main Internet access is through a cable modem to an ISP. • Your home network includes an ISDN ro",3a369364-1f46-5fc9-86e3-266870b30c82;0c1c7d8a-f45e-5523-bea2-3f232a33908c;a5427ca2-0037-5e17-9f5f-cf22c2c865f2
template,TEMPLATE-138,2,2,netgear-r6350.pdf;netgear-raxe500.pdf,"Under some circumstances (for example, if you lost track of the changes that you made to the router settings or you move the router to a different network), you might want to erase the configuration and reset the router to factory default settings. To reset the router to factory default settings, yo",74928c6b-843d-5533-87cb-91403d3fffc4;68b1a2b7-7cb1-591a-9fc8-8d01667f9004
template,TEMPLATE-139,2,2,netgear-rax50.pdf;netgear-raxe500.pdf,Universal Plug and Play (UPnP) helps devices such as Internet appliances and computers access the network and connect to other devices as needed. UPnP devices can automatically discover the services from other registered UPnP devices on the network. If you use applications such as multiplayer gaming,774ee189-bd64-5f3b-9cb7-acd22941260e;dc0a6ec1-1f45-588b-9708-d59ccb92c880
template,TEMPLATE-140,3,3,netgear-r6350.pdf;netgear-rax120.pdf;netgear-rax50.pdf,"Use a web browser to access the router When you connect to the network (either with WiFi or with an Ethernet cable), you can use a web browser to access the router to view or change its settings. When you access the router, the software automatically checks to see if your router can connect to your ",618eac12-778b-52cc-a716-e9c26ef15dfc;1d46b169-4281-5310-a71d-73f58afbd283;e6ce940a-4d56-5287-829b-53a56e07beaa
template,TEMPLATE-141,2,2,netgear-rax120.pdf;netgear-raxe500.pdf,"Usually, the quickest way to set up the router to use your Internet connection is to allow your router to detect the Internet connection automatically when you first access the router web interface. You can also customize and manually specify your Internet settings. This chapter contains the followi",e0578528-bf9f-5d6c-a2e1-1ebb37fc2f4a;dae90d8b-ad90-52f6-a08a-82b2bd6d3b72
template,TEMPLATE-142,2,2,netgear-r6350.pdf;netgear-rax50.pdf,"Usually, the quickest way to set up the router to use your Internet connection is to allow your router to detect the Internet connection automatically when you first access the router web interface. You can also customize and manually specify your Internet settings. This chapter contains the followi",220fceda-3230-5c40-b7c5-f658c78651f8;285e6c83-1156-5cd6-bdb9-454276851c97
template,TEMPLATE-143,4,4,netgear-r6350.pdf;netgear-r7000.pdf;netgear-rax120.pdf;netgear-xr500.pdf,We recommend that you use a new USB HDD or format your old USB HDD to do the Time Machine backup for the first time. Use a blank partition to prevent some issues during backup using Time Machine. The router supports GUID or MBR partitions. **To format your USB hard disk drive and specify partitions:,967ce1bb-a54f-5809-a019-3275504db32a;cf03d1f8-a6d1-5581-b85d-52e0819e526d;17ad582c-a168-5331-9931-bc900e05e810;ff5135ad-c3ce-58be-add1-7b0a7cd9588f
template,TEMPLATE-144,2,2,netgear-rax120.pdf;netgear-rax50.pdf,"When one network device communicates across the Internet with another, the data packets travel through many devices along the way. If a device in the data path uses a lower maximum transmission unit (MTU) setting than the other devices, the data packets must be split or “fragmented” to accommodate t",f0a7a5c0-a73f-59d4-8a48-daea65e0c6d9;6fa573f9-aa9e-58a8-ae1b-a4dfefb50545
template,TEMPLATE-145,5,5,netgear-r7000.pdf;netgear-rax120.pdf;netgear-rax50.pdf;netgear-raxe500.pdf;netgear-xr500.pdf,"When the router is turned on, the LEDs light for about 10 seconds and then turn off. If all the LEDs stay on, this indicates a fault within the router. If all LEDs are still lit one minute after power-up, do the following: • Cycle the power to see if the router recovers. • Press and hold the **Reset",0a809305-5da5-5901-8135-99733f3bd166;59cc073b-cb01-5945-a7bd-10eb0067b264;6b71d462-878a-5a3c-bcd1-cc0c4c0eda41;59820530-c150-5d26-8d5f-8cdc5568bc13;f6d6138b-c820-50cb-8864-318c912e2be1
template,TEMPLATE-146,3,3,netgear-r7000.pdf;netgear-raxe500.pdf;netgear-xr500.pdf,"When you connect to the network (either with WiFi or with an Ethernet cable), you can use a web browser to access the router to view or change its settings. When you access the router, the software automatically checks to see if your router can connect to your Internet service.",a4d38e1f-3711-5bee-89be-b1c9f205a94c;51405423-2987-5292-8fb8-9b78e651d7c5;8ad2b555-9f62-511c-a947-d8aceea891be
template,TEMPLATE-147,2,2,netgear-rax120.pdf;netgear-rax50.pdf,"When you enable network access control, you must select whether new devices are automatically allowed to access the network or are blocked from accessing the network. By default, devices that are already connected to the network are added to the ACL as allowed, but you can choose to block one or mor",f8df672f-89f8-503d-8fe3-c2a909833a97;f5872d3c-76d3-512c-bb09-69a649f6720f
template,TEMPLATE-148,5,5,netgear-r6350.pdf;netgear-r7000.pdf;netgear-rax120.pdf;netgear-rax50.pdf;netgear-raxe500.pdf,"When you first connect to your router and launch a web browser, the browser automatically displays the router web interface. If you want to view or change settings for the router later, you can use a browser to log in to the router web interface. **To log in to the router:** 1. Launch a web browser ",3f100d8c-71dc-51fa-999b-d623ca1ef390;49ea29b1-2ee4-5b9b-95e1-6d7a8e05ce63;b9937b70-a336-5587-80b2-44b7567807fd;860dfd07-9525-52da-970b-42a2a609702c;284ac42f-f227-5ca0-b197-899e6ff1e768
template,TEMPLATE-149,4,4,netgear-r7000.pdf;netgear-rax120.pdf;netgear-rax50.pdf;netgear-raxe500.pdf,"When you schedule blocking, the same schedule is used to block sites and to block services. **To schedule blocking:** 1. Launch a web browser from a computer or mobile device that is connected to the router network. 2. Enter **http://www.routerlogin.net**. A login window opens. 3. Enter the router a",a2e26983-94d7-506d-83a6-3c78b6ae4ad5;442859fc-6fc0-5497-a9e9-11bdc21f085e;fbac5510-ea20-59be-8bd9-0fd9637cceb4;c6e86a74-7a3c-5475-b624-f0f83e8c942e
template,TEMPLATE-150,7,7,netgear-r6350.pdf;netgear-r7000.pdf;netgear-rax120.pdf;netgear-rax50.pdf;netgear-raxe500.pdf;netgear-rbk852.pdf;netgear-xr500.pdf,"When you specify a reserved IP address for a computer on the LAN, that computer always receives the same IP address each time it accesses the router’s DHCP server. Assign reserved IP addresses to computers or servers that require permanent IP settings.",2fe2c800-86be-5e48-a3a1-bcf5a38250a9;75463286-d441-58b4-9482-ac37de0c3bb4;a15d79c0-fcfa-5abe-b0d4-e22465c5bfcc;ae2259f6-8050-542d-9a92-39175d397ce8;f6c61c21-d92c-54a7-b2e9-088638fde1ae;1bc1f0f3-ed79-5fda-9614-e275a1313f45;b76b2605-ab8e-5508-90b0-0cc46974fc3e
template,TEMPLATE-151,3,3,netgear-r6350.pdf;netgear-r7000.pdf;netgear-raxe500.pdf,"When you’re away from home and you access the Internet, you usually use a local Internet service provider. For example, at a coffee shop you might be given a code that lets you use the coffee shop’s Internet service account to surf the web. Nighthawk lets you use a VPN connection to access your own ",521df11b-ba0a-5d89-89c6-150357614d6d;e393c75e-52fd-5fcd-9068-f94c6b393776;10dda850-09b9-5de4-90ce-8b1de5749aed
template,TEMPLATE-152,4,4,netgear-rax120.pdf;netgear-rax50.pdf;netgear-rbk852.pdf;netgear-xr500.pdf,"When you’re away from home and you access the Internet, you usually use a local Internet service provider. For example, at a coffee shop you might be given a code that lets you use the coffee shop’s Internet service account to surf the web. Your router lets you use a VPN connection to access your ow",505dd2c2-6ce5-572c-80c4-ed857b8ec4bd;5fc0a06a-b9bd-5a78-8f70-08b7b7ff6bcc;18c63118-b35b-5dc4-868c-424c36df8576;848fde79-c3e4-5e3f-a6f9-2718f0daad99
template,TEMPLATE-153,3,3,netgear-rax120.pdf;netgear-rax50.pdf;netgear-raxe500.pdf,"With the Nighthawk app, you can easily install and manage your router. The app automatically updates the router to the latest firmware, allows you to personalize your WiFi network, and even helps register your router with NETGEAR. The Nighthawk app is available for iOS and Android mobile devices. **",7d31218a-8510-586c-9d5e-5bf879b2139f;c111178e-50a7-5a39-9170-89ec0b5a11cd;a0302612-1576-5d05-bb59-59af013c1387
template,TEMPLATE-154,5,5,netgear-r6350.pdf;netgear-r7000.pdf;netgear-rax120.pdf;netgear-rax50.pdf;netgear-raxe500.pdf,"With your customized free URL, you can use FTP to access your network when you aren’t home through Dynamic DNS. To set up your FTP server, you must register for a NETGEAR Dynamic DNS (DDNS) service account and specify the account settings. See Set up a new Dynamic DNS account on page 106. **Note:** ",6d9c160e-e6dc-53bc-940b-8319679b48f8;c449d4a3-a21d-5762-b3c7-c666e466be8c;2938c227-3e4a-50f7-89ee-cf0e14d24449;899eba18-1ab5-562b-8a2c-cc5c0e8c8748;b6c64528-3f64-584e-9b02-3917434003f9
template,TEMPLATE-155,3,3,netgear-r6350.pdf;netgear-r7000.pdf;netgear-raxe500.pdf,"You can access USB storage devices through the Internet when you’re not home. **To access devices from a remote computer:** 1. Launch a web browser on a computer that is not on your home network. 2. Connect to your home router: **•** To connect with Dynamic DNS, type the DNS name. To use a Dynamic D",e7ba5206-bd92-5449-a6d8-55b677f222ff;af255485-98d7-59f8-94db-806fd6280e64;0de9e869-cc14-5794-9a62-a2a528fa36f4
template,TEMPLATE-156,2,2,netgear-rax120.pdf;netgear-rax50.pdf,You can access USB storage devices through the Internet when you’re not home. **To access devices from a remote computer:** 1. Launch a web browser on a computer that is not on your home network. 2. Connect to your home router: The link that lets you access the device over the Internet is https://*p,0f3234e4-48f4-51ac-8247-1bfe18ee311a;0d6d3fa4-f5aa-5cfe-b20c-9a6c09eeed0d
template,TEMPLATE-157,2,2,netgear-r6350.pdf;netgear-r7000.pdf,You can access your router over the Internet to view or change its settings. You must know the router’s WAN IP address to use this feature. **Note:** Be sure to change the password for the user name admin to a secure password. The ideal password contains no dictionary words from any language and con,6f5df26a-1f89-55d6-a0a7-650d5cce27d4;15938877-47a1-57e0-a802-c88e283ff497
template,TEMPLATE-158,3,3,netgear-r7000.pdf;netgear-rax50.pdf;netgear-raxe500.pdf,You can add network folders on a USB storage device connected to a router USB port. **To add a network folder:** 1. Launch a web browser from a computer or mobile device that is connected to the router network. 2. Enter **http://www.routerlogin.net**. A login window opens. 3. Enter the router admin ,d14c49dc-0145-567a-83e4-8fc49ec730e0;daed7153-9fb1-599b-a95f-40cf3aa79879;b2cee766-ed4f-59bb-8d66-703a2aecba75
template,TEMPLATE-159,3,3,netgear-rax120.pdf;netgear-rax50.pdf;netgear-raxe500.pdf,You can block Internet services on your network based on the type of service. You can block the services all the time or based on a schedule. **Note:** Service blocking only works for website URLs that begin with http:// only. It does not work for URLs that begin with https://. **To block services:*,cd5e47ea-9eb3-5855-bebf-d8a1440e7cfe;99658dd2-78ae-5071-b357-1bf664fe79b4;25d941d6-9be8-56f0-83ff-fc84ab7b90f4
template,TEMPLATE-160,2,2,netgear-r6350.pdf;netgear-xr500.pdf,"You can block keywords and domains (websites) to prevent certain types of HTTP traffic from accessing your network. By default, keyword blocking is disabled and no domains are blocked.",c8e2e1b4-35c7-5814-a059-5dbb9cc71c57;49e176f6-6d4c-55b2-a4c3-52e8f1657434
template,TEMPLATE-161,5,5,netgear-r6350.pdf;netgear-r7000.pdf;netgear-rax120.pdf;netgear-rax50.pdf;netgear-raxe500.pdf,You can change the settings for your Dynamic DNS account. **To change your settings:** 1. Launch a web browser from a computer or mobile device that is connected to the router network. 2. Enter **http://www.routerlogin.net**. A login window opens. 3. Enter the router admin user name and password. Th,4e9903cc-4ad7-5bcf-af85-87b219f54a4e;7e090661-6e52-5e1b-9b1e-3efc302a53dd;d7d2bc93-72bb-53d6-945c-0708fde2888b;0c508bb0-976d-53ba-a55e-f4605a17747b;559865a3-a183-5cf0-bf66-1fb2cc2522d0
template,TEMPLATE-162,2,2,netgear-rax120.pdf;netgear-rax50.pdf,"You can configure the router to require HTTPS connections between your web browser and the router web interface, for example, “https://www.routerlogin.net”. When you enable the HTTPS requirement, connection requests to the router web interface that specify HTTP are automatically converted to HTTPS. ",c05cd7cb-2670-5e82-bcbc-bee3e9b64379;bd871467-b42f-5be9-8561-c3214f30360f
template,TEMPLATE-163,3,3,netgear-rax120.pdf;netgear-rax50.pdf;netgear-xr500.pdf,"You can connect to the router network using a wired, WiFi, or WPS connection. **Note:** If you set up your computer to use a static IP address, change the settings so that it uses Dynamic Host Configuration Protocol (DHCP).",49655da2-2bfa-5a2f-bb1b-4b78ec0bbdc6;dc36f815-7f24-51a5-a0f4-3813ca57ccec;57cec0d0-cd21-59eb-8018-235e021d37ce
template,TEMPLATE-164,3,3,netgear-r6350.pdf;netgear-r7000.pdf;netgear-raxe500.pdf,"You can connect to the router’s network through a wired or WiFi connection. If you set up your computer to use a static IP address, change the settings so that it uses Dynamic Host Configuration Protocol (DHCP).",58cc2990-a765-5ece-87fb-a2a20ebaeff7;fac1f6ea-f1a9-50e3-be96-b92d4f433db1;ca7a7f87-98bf-5510-8ab8-492e60b839bc
template,TEMPLATE-165,2,2,netgear-r6350.pdf;netgear-r7000.pdf,You can connect to the router’s WiFi networks or use a wired Ethernet connection. This chapter explains the ways you can connect and how to access the router and log in. The chapter contains the following sections: • Connect to the network • Types of logins • Use a web browser to access the router •,c709ad0c-5fe3-5778-b943-ca4d65a5b0aa;745ac215-7395-5236-98bb-10e63c74cccd
template,TEMPLATE-166,2,2,netgear-rax120.pdf;netgear-rax50.pdf,You can connect to the router’s WiFi networks or use a wired Ethernet connection. This chapter explains the ways you can connect and how to access the router and log in. The chapter contains the following sections: • Connect to the router network • Types of logins • Use a web browser to access the r,d2882eee-b342-5217-b842-7c902170a6f9;d2060ac0-b725-5347-b74a-176f6cde52de
template,TEMPLATE-167,3,3,netgear-rax120.pdf;netgear-rax50.pdf;netgear-xr500.pdf,"You can connect WiFi-enabled devices to the router WiFi network using the router WiFi network name and password. **To connect to the WiFi network:** 1. Make sure that the router is receiving power (its Power LED is lit). 2. On your WiFi-enabled device, open your device's WiFi network management sett",b60e3895-245a-5425-8b93-c239ec1de9e2;e00425b6-15d6-5234-b2e5-d0f194e4e777;2a1b1cbd-974a-5a9c-9219-1347ad1801b0
template,TEMPLATE-168,2,2,netgear-rax120.pdf;netgear-rax50.pdf,You can connect WPS-enabled devices to the router’s WiFi network with Wi-Fi Protected Setup (WPS). Your router has a **WPS** button that you can use to connect WPS-enabled devices. **To use WPS to connect to the WiFi network:** 1. Make sure that the router is receiving power (its Power LED is lit). ,20391ce6-2367-5709-8d12-8c24f2b78704;0d0332bd-75ac-5ad3-9c5a-7aed854a77fe
template,TEMPLATE-169,2,2,netgear-r6350.pdf;netgear-raxe500.pdf,You can connect your computer to the router using an Ethernet cable and join the router’s local area network (LAN). **To connect your computer to the router with an Ethernet cable:** 1. Make sure that the router is receiving power (its Power LED is lit). 2. Connect an Ethernet cable to an Ethernet p,8c9c3311-abcd-5912-bda0-41cc81f81fc2;2d4a99e8-23f7-5d37-bfe7-d8e07fd88bf1
template,TEMPLATE-170,3,3,netgear-rax120.pdf;netgear-rax50.pdf;netgear-xr500.pdf,You can connect your computer to the router using an Ethernet cable and join the router’s local area network (LAN). **To connect your computer to the router with an Ethernet cable:** 1. Make sure that the router is receiving power (its Power LED is lit). 2. Connect an Ethernet cable to an Ethernet p,46818bd5-23ae-5531-be06-497cb2cd499e;1b2c7958-ebc1-5927-bfb6-4acbd0f97781;041af6d2-f4a9-5f83-a963-204b752c27c8
template,TEMPLATE-171,3,3,netgear-r6350.pdf;netgear-r7000.pdf;netgear-raxe500.pdf,You can connect your WPS-enabled device to the router’s WiFi network with Wi-Fi Protected Setup (WPS) or you can find and select the WiFi network. **To use WPS to connect to the WiFi network:** 1. Make sure that the router is receiving power (its Power LED is lit). 2. Check the WPS instructions for ,2d39d5ec-5238-5e12-83da-bbfdf19b3337;db3f81a5-963b-525a-8b9c-8af646091a3d;f72b3fab-491f-57b2-a41b-dcebb85c933e
template,TEMPLATE-172,3,3,netgear-r7000.pdf;netgear-rax50.pdf;netgear-raxe500.pdf,You can edit network folders on a USB storage devices connected to a router USB port. **To edit a network folder:** 1. Launch a web browser from a computer or mobile device that is connected to the router network. 2. Enter **http://www.routerlogin.net**. A login window opens. 3. Enter the router adm,de934a4b-5cff-56d8-8989-50c3c26447be;07d2242a-f841-5b3b-91e1-3a0249026fc8;0732d446-ec1f-5e96-a58a-13d4001cea78
template,TEMPLATE-173,4,4,netgear-r7000.pdf;netgear-rax120.pdf;netgear-rax50.pdf;netgear-raxe500.pdf,You can exempt one trusted computer from blocking. The computer that you exempt must be assigned a fixed IP address. You can use the reserved IP address feature to specify the IP address. See Manage Reserved LAN IP Addresses on page 71. **To specify a trusted computer:** 1. Launch a web browser from,2495fa74-e650-58e2-bf9f-04cb04d4a008;b5a0a7c4-36cf-5be3-9862-fc0052d5a08b;900bc55d-efcb-525a-bdb7-a6d5925ce2a8;40e0abbc-7afb-5548-8edd-3cea34e00ed1
template,TEMPLATE-174,5,5,netgear-r6350.pdf;netgear-r7000.pdf;netgear-rax120.pdf;netgear-rax50.pdf;netgear-raxe500.pdf,"You can log in to the router and check if new firmware is available, or you can manually load a specific firmware version to your router.",27dd55d7-9b49-5929-9722-1aa90a62ff5c;b6c84e0f-5465-58a5-bbae-bae5695547a0;c17b71fe-00f4-58d6-ab9c-5324c73c8adc;9e480144-03b1-5c7e-974a-25e5cdd649cd;bf70974b-abe4-52d5-91e9-1190360ded13
template,TEMPLATE-175,6,6,netgear-r6350.pdf;netgear-r7000.pdf;netgear-rax120.pdf;netgear-rax50.pdf;netgear-raxe500.pdf;netgear-xr500.pdf,"You can ping the router from your computer to verify that the LAN path to your router is set up correctly. **To ping the router from a Windows-based computer:** 1. From the Windows toolbar, click the **Start** button and select **Run**. 2. In the field provided, type **ping** followed by the IP addr",b6ce6497-49a9-5a9f-a737-af08a875eaa5;4211a1a2-59d1-5309-b819-4df2e2e2dcaf;742aebb8-def7-557e-90b0-9a86f89c3e00;b60d283b-acea-5673-be03-c506dc1df859;2dd1b281-ddee-5128-affd-a5571b00efba;e0c19efb-dc96-50ef-85d6-d3c29f585eba
template,TEMPLATE-176,2,2,netgear-rax120.pdf;netgear-rax50.pdf,You can set up an IPv6 Internet connection if the router does not detect it automatically. **To set up an IPv6 Internet connection:** 1. Launch a web browser from a computer or mobile device that is connected to the router network. 2. Enter **http://www.routerlogin.net**. A login window opens. 3. En,035c81e3-b10a-52dc-8b00-522d825562d0;2d710e2c-fca4-5a53-a28f-503997ac9004
template,TEMPLATE-177,3,3,netgear-r6350.pdf;netgear-r7000.pdf;netgear-raxe500.pdf,You can set up an IPv6 Internet connection if the router does not detect it automatically. **To set up an IPv6 Internet connection:** 1. Launch a web browser from a computer or mobile device that is connected to the router network. 2. Enter **http://www.routerlogin.net**. A login window opens. 3. En,3a37ef65-9cbd-5b71-a3b2-75bd36b40836;813f2028-c3d4-5440-b95b-590eb3046438;b816928d-e7e2-59ca-aa8b-2a27d64e9ed0
template,TEMPLATE-178,3,3,netgear-rax120.pdf;netgear-rax50.pdf;netgear-raxe500.pdf,You can set up the router to create an Internet Protocol television (IPTV) port that can lease an IP address from your IPTV service provider. Use this feature only if you subscribe to an IPTV service and your IPTV service requires an intranet address. Some IPTV ports cannot work behind NAT because t,dffbff0d-dbad-54a9-9134-59aefb3504d0;463e8a0a-d562-5a9b-929f-41de59dd3fae;6577d9c7-7fba-5d34-bd0f-16bd4e95d3de
template,TEMPLATE-179,3,3,netgear-rax120.pdf;netgear-rax50.pdf;netgear-raxe500.pdf,"You can set up your router automatically, or you can use a web browser to access the router and set up your router manually. Before you start the setup process, get your ISP information and make sure that the computers and devices in the network are using the settings described here. When your Inter",261ec35c-16b7-56d5-99a9-503c4c3ba0be;0b5f3ade-852a-5ee5-a14b-eb804dee3cb8;feb09c00-0fd2-5b2c-ae97-969bd349df0e
template,TEMPLATE-180,3,3,netgear-rax120.pdf;netgear-rax50.pdf;netgear-raxe500.pdf,"You can turn off the WiFi signal from your router at times when you do not need a WiFi connection. For example, you might turn it off for the weekend if you leave town. **To set up the WiFi schedule:** 1. Launch a web browser from a computer or mobile device that is connected to the router network. ",0554640d-94ce-588b-a554-84c6c060c75b;187e369f-16e9-54a8-a092-de5c61099c01;e7b3f47e-85d5-5b8b-923d-4e3087072fae
template,TEMPLATE-181,2,2,netgear-r6350.pdf;netgear-raxe500.pdf,You can use access control to block or allow access to the Internet through your router. **To set up access control:** 1. Launch a web browser from a computer or mobile device that is connected to the router network. 2. Enter **http://www.routerlogin.net**. A login window opens. 3. Enter the router ,5a0213ba-a2ac-5ddb-bbf3-750af59fb73f;2940f4fd-f711-5b54-96e4-f97ef6963921
template,TEMPLATE-182,3,3,netgear-rax120.pdf;netgear-rax50.pdf;netgear-raxe500.pdf,You can use keywords to block certain Internet sites from your network. You can use blocking all the time or based on a schedule. **Note:** Keyword blocking only works for website URLs that begin with http:// only. It does not work for URLs that begin with https://. **To block Internet sites:** 1. L,8a090382-deed-58a4-b0ae-96228d8dda92;0fa899f8-6073-5804-b094-84f126871c81;9a6cf150-bca1-5b0b-946d-73cc4e9d6251
template,TEMPLATE-183,2,2,netgear-rax120.pdf;netgear-xr500.pdf,You can use OpenVPN software to remotely access your router with virtual private networking (VPN). This chapter explains how to install and use OpenVPN software to set up a VPN tunnel. The chapter contains the following sections: • About VPN connections • Enable OpenVPN service in the router • Insta,f4c62c6b-2c4d-538b-ac40-864c9d363e5b;65385cd2-6246-518e-b040-06f2fe7c3662
template,TEMPLATE-184,3,3,netgear-rax120.pdf;netgear-rax50.pdf;netgear-raxe500.pdf,You can use port forwarding and port triggering to set up rules for Internet traffic. You need networking knowledge to set up these features. This chapter contains the following sections: • Manage port forwarding to a local server • Port triggering,0ddbb1e1-8378-58bb-a401-030cda7d27be;474a2084-fc39-5558-81eb-f178b53a6d21;eea5cfc1-72fe-5e1b-96ce-ddd7ec1b165e
template,TEMPLATE-185,2,2,netgear-rax120.pdf;netgear-rax50.pdf,You can use the network access control list (ACL) on the router to block or allow access to your network and the Internet. The ACL identifies a WiFi or wired device by its MAC address. The router detects the MAC addresses of the devices on the network and either allows or denies access. The router d,600d0522-23c8-53cd-b69c-cf07ab9b4f8b;9a5a5bff-8b53-5c37-9d87-9ce596f7433e
template,TEMPLATE-186,5,5,netgear-r6350.pdf;netgear-r7000.pdf;netgear-rax120.pdf;netgear-rax50.pdf;netgear-raxe500.pdf,You can use the Setup Wizard to detect your Internet settings and automatically set up your router. The Setup Wizard is not the same as the pages that display the first time you connect to your router to set it up. **To use the Setup Wizard:** 1. Launch a web browser from a computer or mobile device,e697d549-12b3-54de-89de-9cefe5ea9405;9213a4bb-497e-56d3-be43-8791bb53a54e;aa4233c9-79c8-5cb6-b60b-761ae7361cc0;db1eb650-9b13-5d6f-b618-4dcee9013eac;875a5033-6dfd-575b-8a2c-9fb4ed6c7e5d
template,TEMPLATE-187,2,2,netgear-rax120.pdf;netgear-xr500.pdf,"You can use Time Machine to back up your Mac computers onto a USB hard disk drive (HDD) that is connected to a USB port on the router. **To back up your Mac onto a USB hard disk drive:** 1. Prepare your USB device with a compatible format and partitions. For more information, see Set up a USB hard d",a63eef92-b04f-5721-a16b-76b4b56987d0;fb1fc310-aa1d-5231-a51c-cc5f1e6a46c8
template,TEMPLATE-188,2,2,netgear-r6350.pdf;netgear-r7000.pdf,"You can use Time Machine to back up your Mac computers onto a USB hard disk drive (HDD) that is connected to one of the router’s USB ports. **To back up your Mac onto a USB hard disk drive:** 1. Prepare your USB device with a compatible format and partitions. For more information, see Set up a USB h",6bbf49ac-b78e-5269-bf1d-4aefe99846e7;bc04d898-6ac5-5464-bada-56570a81cc78
template,TEMPLATE-189,2,2,netgear-rax120.pdf;netgear-xr500.pdf,You can use Time Machine to back up your Mac computers onto a USB hard drive that is connected to a USP port on the router. You can access the connected storage device from your Mac with a wired or WiFi connection to your router. **Note:** The following instructions might be different depending on t,086f37ff-ba18-5847-88f6-ffe14b704d3a;32e7d300-3c31-5618-9a36-23c7a44e168d
template,TEMPLATE-190,2,2,netgear-r6350.pdf;netgear-r7000.pdf,You can use Time Machine to back up your Mac computers onto a USB hard drive that is connected to one of the router’s USB ports. You can access the connected storage device from your Mac with a wired or WiFi connection to your router. **Note:** The following instructions might be different depending,7f324918-7486-592f-b707-246a06dbe960;33d43466-377a-5cce-b968-3ee01616ec0f
template,TEMPLATE-191,4,4,netgear-r6350.pdf;netgear-rax120.pdf;netgear-rax50.pdf;netgear-raxe500.pdf,You can view all computers and devices that are currently connected to your network. **To view devices on the network:** 1. Launch a web browser from a computer or mobile device that is connected to the router network. 2. Enter **http://www.routerlogin.net**. A login window opens. 3. Enter the route,3835ef8f-a7c0-59d5-beee-b439588447f3;b5dd9b49-db70-5873-bdab-509974bce209;4803ab48-f456-5f0c-95d6-a1e621e31102;a6a62862-6e43-586d-bdea-ec775feb6a07
template,TEMPLATE-192,2,2,netgear-rax50.pdf;netgear-raxe500.pdf,You can view network folders on a storage device that is connected to the router. **To view network folders:** 1. Launch a web browser from a computer or mobile device that is connected to the router network. 2. Enter **http://www.routerlogin.net**. A login window opens. 3. Enter the router admin us,9274feba-6fe4-5b35-9e0c-79e0d0b62e1f;5e5c51b3-dccd-5818-b9ae-65b70b14cfda
template,TEMPLATE-193,7,7,netgear-r6350.pdf;netgear-r7000.pdf;netgear-rax120.pdf;netgear-rax50.pdf;netgear-raxe500.pdf;netgear-rbk852.pdf;netgear-xr500.pdf,You can view or change the router’s Internet connection settings.,dbca2b5a-8673-5396-be6d-051cb0b860c4;7e389eff-b1fc-52c6-9c31-67af5c617208;65608cf6-4472-516c-89ee-e4b9fd6ad9c9;a7e2f2d9-fef3-5101-bf0c-1e741a0a3478;9a813aa3-7b5e-5f78-9e55-a862a8961911;4fc345fe-3acc-5522-87ca-7bb169893a82;57de6a0a-7950-51e6-ae2d-6b4a3b64321d
template,TEMPLATE-194,3,3,netgear-rax120.pdf;netgear-rax50.pdf;netgear-raxe500.pdf,"You can view or configure wide area network (WAN) settings for the Internet port. You can set up a DMZ (demilitarized zone) server, change the maximum transmit unit (MTU) size, and enable the router to respond to a ping to its WAN (Internet) port. **To view or change the WAN settings:** 1. Launch a ",304579c0-2505-541b-9272-41a33abdc404;2644fbb0-15d0-5d42-a0ad-66da0c7392da;2688cb60-f212-54f4-8ab5-e5f8a0e24d13
template,TEMPLATE-195,4,4,netgear-r6350.pdf;netgear-rax120.pdf;netgear-rax50.pdf;netgear-raxe500.pdf,"You can view router information, the Internet port status, and WiFi settings. **To view information about the router and the Internet, modem, and WiFi settings:** 1. Launch a web browser from a computer or mobile device that is connected to the router network. 2. Enter **http://www.routerlogin.net**",6c6e7f93-dc23-57df-8cb4-4e5e8b6429f8;831da047-4284-54aa-ab28-c39a018336ae;0f4aebc2-b532-542c-857f-5cc34359b93a;18779218-1870-5b0f-a54a-58ead6e53840
template,TEMPLATE-196,2,2,netgear-rax50.pdf;netgear-raxe500.pdf,You can wall-mount your router using the wall-mounting holes on the bottom of your router. **Note:** We recommend using M3 x 20 mm screws. Figure 6. Bottom of the router **To wall-mount your router:** 1. Drill holes in the wall where you want to wall-mount your router. 2. Insert wall anchors in the ,5440f2d1-02b4-5d02-94d9-972ad6453e45;009e5131-52f4-5e4a-8d2b-ff9f4ea030bf
template,TEMPLATE-197,2,2,netgear-rax120.pdf;netgear-rax50.pdf,You must enable the OpenVPN service settings in the router before you can use a VPN connection. **To enable OpenVPN service:** 1. Launch a web browser from a computer or mobile device that is connected to the router network. 2. Enter **http://www.routerlogin.net**. A login window opens. 3. Enter the,1cca8454-3ee7-57e5-96f3-7174a5c17ae1;9078acec-f7bb-55fa-8707-b9a0825e4d79
template,TEMPLATE-198,2,2,netgear-rax120.pdf;netgear-rax50.pdf,You must install both the OpenVPN client utility and OpenVPN configuration files on each Windows-based computer where you want to use a VPN connection to your router. **To download and install the OpenVPN client utility and OpenVPN configuration** **files on a Windows-based computer:** 1. To downloa,b357489f-7866-5d11-bd22-70e8fee2e942;a81b0ea4-f34e-536c-bc14-cd418516030e
template,TEMPLATE-199,2,2,netgear-rax120.pdf;netgear-rax50.pdf,"You must install both the OpenVPN Connect app and OpenVPN configuration files on each Android device where you want to use a VPN connection to your router. **To download and install the OpenVPN Connect app and OpenVPN configuration** **files on an Android device:** 1. On your Android device, downloa",345daf99-3239-5ef0-82b9-699f8578fa2c;5cf9975b-f699-5f14-b4fa-c66ae846b2d1
template,TEMPLATE-200,2,2,netgear-rax120.pdf;netgear-rax50.pdf,"You must install both the OpenVPN Connect app and OpenVPN configuration files on each iOS device where you want to use a VPN connection to your router. **To download and install the OpenVPN Connect app and OpenVPN configuration** **files on an iOS device:** 1. On your iOS device, download and instal",7aba781d-08f8-5fc6-809e-ee38bba11bfa;20b875d3-b026-5832-82b1-d14a28bfa738
template,TEMPLATE-201,4,4,netgear-rax120.pdf;netgear-rax50.pdf;netgear-rbk852.pdf;netgear-xr500.pdf,"You must install OpenVPN software on each Windows-based computer, Mac computer, iOS device, and Android device that you plan to use for VPN connections to your router. Each computer or device is called a VPN client. The software consists of the application software and the configuration files: • Dow",f261ca1d-7ffa-5853-96f4-4c6491098957;0b9dd330-c3d7-545c-a617-8fb41923d277;552a302d-29b9-5f81-b9d7-69957d0800fe;6456b41d-491e-536d-beda-6bac85f1de0f
template,TEMPLATE-202,2,2,netgear-r7000.pdf;netgear-xr500.pdf,"You must install the ReadySHARE Printer utility on each computer that will share the printer. After you install it, the utility displays as NETGEAR USB Control Center on your computer. For more information about how to use the NETGEAR USB Control Center, visit https://www.netgear.com/support/product",fc33c937-ddb8-5b98-8464-214b6b7107e0;36e9e7a0-730a-5a94-8c09-92a00ff9b9d0
template,TEMPLATE-203,2,2,netgear-r7000.pdf;netgear-raxe500.pdf,You must install this software on each Android device that you plan to use for VPN connections to your router. **To install VPN client software on an Android device:** 1. Launch a web browser from a computer or mobile device that is connected to the router network. 2. Enter **http://www.routerlogin.,78784e2f-4898-5bb5-ad02-7914dc839be1;8661da60-c910-577d-b144-09ec23c33b12
template,TEMPLATE-204,2,2,netgear-r7000.pdf;netgear-raxe500.pdf,You must install this software on each iOS device that you plan to use for VPN connections to your router. **To install VPN client software on an iOS device:** 1. Launch a web browser from a computer or mobile device that is connected to the router network. 2. Enter **http://www.routerlogin.net**. A,0cff8f5c-96b8-5d33-9c11-37f93f8300fb;9424eaf0-fc9e-52db-b53a-f5b841e1cc6c
template,TEMPLATE-205,2,2,netgear-r7000.pdf;netgear-raxe500.pdf,"You must install this software on each Windows computer, Mac computer, iOS device, or Android device that you plan to use for VPN connections to your router.",aa1a9020-2d26-56b6-b111-03a8e5731486;ad238984-1694-50d4-a16a-6dfe1d0edeb0
template,TEMPLATE-206,2,2,netgear-r7000.pdf;netgear-raxe500.pdf,You must specify the VPN service settings in the router before you can use a VPN connection. **To specify the VPN service:** 1. Launch a web browser from a computer or mobile device that is connected to the router network. 2. Enter **http://www.routerlogin.net**. A login window opens. 3. Enter the r,0adc3911-da25-5284-9caa-419738571f93;66527a8a-d8be-5acb-8f2d-4b936114d54c
template,TEMPLATE-207,3,3,netgear-r7000.pdf;netgear-rax120.pdf;netgear-raxe500.pdf,"Your package contains the router, the power adapter, and an Ethernet cable. Figure 1. Package contents",170780d1-9839-5848-8bcf-c5f008e1fe10;89d399fa-1c1b-5d37-b35a-194ce673ec69;8a1be461-4020-5f1a-ba04-c26ff0b497e5
template,TEMPLATE-208,3,3,netgear-r6350.pdf;netgear-r7000.pdf;netgear-xr500.pdf,"Your router comes with free backup software for all the Windows-based computers in your home. Connect a USB hard disk drive (HDD) to the router for centralized, continuous, and automatic backup. The following operating systems support ReadySHARE Vault: • Windows 10 • Windows 8.1 • Windows 8 • Window",ed536e0f-08f2-5721-ab4d-1fe777227d23;6c28050e-1533-5d12-833b-ed3bed9b4828;144e139f-801f-5611-801c-e47bc10b1cbf
