document_id,filename,section_path,depth,block_count,text_block_count,char_count,page_start,page_end
7b2e79c5-ed95-43f3-bb4b-e882e3bfeefa,netgear-cm2000.pdf,Hardware Setup,1,2,1,259,4,12
7b2e79c5-ed95-43f3-bb4b-e882e3bfeefa,netgear-cm2000.pdf,Hardware Setup > Front Panel and LEDs,2,2,1,1613,5,6
7b2e79c5-ed95-43f3-bb4b-e882e3bfeefa,netgear-cm2000.pdf,Hardware Setup > Install and Activate Your Cable Modem,2,2,1,127,9,12
7b2e79c5-ed95-43f3-bb4b-e882e3bfeefa,netgear-cm2000.pdf,Hardware Setup > Install and Activate Your Cable Modem > Activate Your Internet Service,3,2,1,1789,10,11
7b2e79c5-ed95-43f3-bb4b-e882e3bfeefa,netgear-cm2000.pdf,Hardware Setup > Install and Activate Your Cable Modem > Connect Your Cable Modem to a Computer,3,2,1,1460,9,10
7b2e79c5-ed95-43f3-bb4b-e882e3bfeefa,netgear-cm2000.pdf,Hardware Setup > Install and Activate Your Cable Modem > Connect Your Cable Modem to a Router After Installation and Activation,3,2,1,705,11,12
7b2e79c5-ed95-43f3-bb4b-e882e3bfeefa,netgear-cm2000.pdf,Hardware Setup > Install and Activate Your Cable Modem > Perform a Speed Test,3,2,1,224,11,11
7b2e79c5-ed95-43f3-bb4b-e882e3bfeefa,netgear-cm2000.pdf,Hardware Setup > Label,2,2,1,110,8,8
7b2e79c5-ed95-43f3-bb4b-e882e3bfeefa,netgear-cm2000.pdf,Hardware Setup > Rear Panel,2,2,1,821,6,8
7b2e79c5-ed95-43f3-bb4b-e882e3bfeefa,netgear-cm2000.pdf,Hardware Setup > System Requirements,2,2,1,402,8,9
7b2e79c5-ed95-43f3-bb4b-e882e3bfeefa,netgear-cm2000.pdf,Manage Your Network,1,2,1,533,13,19
7b2e79c5-ed95-43f3-bb4b-e882e3bfeefa,netgear-cm2000.pdf,Manage Your Network > Change the admin password,2,2,1,964,14,15
7b2e79c5-ed95-43f3-bb4b-e882e3bfeefa,netgear-cm2000.pdf,Manage Your Network > Log in to the cable modem,2,2,1,661,14,14
7b2e79c5-ed95-43f3-bb4b-e882e3bfeefa,netgear-cm2000.pdf,Manage Your Network > Reboot the cable modem,2,2,1,815,17,18
7b2e79c5-ed95-43f3-bb4b-e882e3bfeefa,netgear-cm2000.pdf,Manage Your Network > Reset the cable modem to factory default settings,2,2,1,522,18,19
7b2e79c5-ed95-43f3-bb4b-e882e3bfeefa,netgear-cm2000.pdf,Manage Your Network > Reset the cable modem to factory default settings > Use the factory reset software button,3,2,1,1028,19,19
7b2e79c5-ed95-43f3-bb4b-e882e3bfeefa,netgear-cm2000.pdf,Manage Your Network > Reset the cable modem to factory default settings > Use the reset button on the back panel,3,2,1,433,19,19
7b2e79c5-ed95-43f3-bb4b-e882e3bfeefa,netgear-cm2000.pdf,Manage Your Network > Specify the cable connection starting frequency,2,2,1,850,17,17
7b2e79c5-ed95-43f3-bb4b-e882e3bfeefa,netgear-cm2000.pdf,Manage Your Network > View and clear event logs,2,2,1,785,16,16
7b2e79c5-ed95-43f3-bb4b-e882e3bfeefa,netgear-cm2000.pdf,Manage Your Network > View cable modem initialization,2,2,1,1223,15,15
7b2e79c5-ed95-43f3-bb4b-e882e3bfeefa,netgear-cm2000.pdf,Manage Your Network > View cable modem status,2,2,1,490,16,16
7b2e79c5-ed95-43f3-bb4b-e882e3bfeefa,netgear-cm2000.pdf,Supplemental Information,1,2,1,88,24,26
7b2e79c5-ed95-43f3-bb4b-e882e3bfeefa,netgear-cm2000.pdf,Supplemental Information > Factory Settings,2,2,1,377,25,25
7b2e79c5-ed95-43f3-bb4b-e882e3bfeefa,netgear-cm2000.pdf,Supplemental Information > Technical Specifications,2,2,1,758,25,26
7b2e79c5-ed95-43f3-bb4b-e882e3bfeefa,netgear-cm2000.pdf,Troubleshooting,1,2,1,225,20,23
7b2e79c5-ed95-43f3-bb4b-e882e3bfeefa,netgear-cm2000.pdf,Troubleshooting > Cannot log in to the cable modem,2,2,1,1170,23,23
7b2e79c5-ed95-43f3-bb4b-e882e3bfeefa,netgear-cm2000.pdf,Troubleshooting > Troubleshoot the cable internet connection,2,2,1,252,23,23
7b2e79c5-ed95-43f3-bb4b-e882e3bfeefa,netgear-cm2000.pdf,Troubleshooting > Use LEDs to Troubleshoot,2,2,1,1734,21,22
7b2e79c5-ed95-43f3-bb4b-e882e3bfeefa,netgear-cm2000.pdf,[ROOT],0,1,1,1207,1,2
398c0bb9-3253-4629-a5ed-18f51d9fb36b,netgear-lm1200.pdf,Alerts and Troubleshooting,1,2,1,620,90,98
398c0bb9-3253-4629-a5ed-18f51d9fb36b,netgear-lm1200.pdf,Alerts and Troubleshooting > Alert Messages,2,2,1,1200,91,91
398c0bb9-3253-4629-a5ed-18f51d9fb36b,netgear-lm1200.pdf,Alerts and Troubleshooting > Changes Not Saved on the Modem’s Web Pages,2,2,1,395,96,96
398c0bb9-3253-4629-a5ed-18f51d9fb36b,netgear-lm1200.pdf,Alerts and Troubleshooting > Quick Tips for Troubleshooting,2,2,1,1073,91,92
398c0bb9-3253-4629-a5ed-18f51d9fb36b,netgear-lm1200.pdf,Alerts and Troubleshooting > TCP/IP Network Not Responding,2,2,1,223,97,98
398c0bb9-3253-4629-a5ed-18f51d9fb36b,netgear-lm1200.pdf,Alerts and Troubleshooting > TCP/IP Network Not Responding > Test the LAN Path to Your Modem,3,2,1,1013,97,97
398c0bb9-3253-4629-a5ed-18f51d9fb36b,netgear-lm1200.pdf,Alerts and Troubleshooting > TCP/IP Network Not Responding > Test the Path From Your Computer to a Remote Device,3,2,1,1322,97,98
398c0bb9-3253-4629-a5ed-18f51d9fb36b,netgear-lm1200.pdf,Alerts and Troubleshooting > Troubleshoot With the LEDs,2,2,1,922,93,94
398c0bb9-3253-4629-a5ed-18f51d9fb36b,netgear-lm1200.pdf,Alerts and Troubleshooting > Troubleshoot With the LEDs > LAN LED Is Off,3,2,1,323,94,94
398c0bb9-3253-4629-a5ed-18f51d9fb36b,netgear-lm1200.pdf,Alerts and Troubleshooting > Troubleshoot With the LEDs > Power LED Is Off,3,2,1,656,93,93
398c0bb9-3253-4629-a5ed-18f51d9fb36b,netgear-lm1200.pdf,Alerts and Troubleshooting > Troubleshoot the Mobile Broadband Internet Connection,2,2,1,1436,95,96
398c0bb9-3253-4629-a5ed-18f51d9fb36b,netgear-lm1200.pdf,Alerts and Troubleshooting > Troubleshoot the Mobile Broadband Internet Connection > Obtain an Internet IP Address From Your Service Provider,3,2,1,898,95,96
398c0bb9-3253-4629-a5ed-18f51d9fb36b,netgear-lm1200.pdf,Alerts and Troubleshooting > Troubleshoot the Mobile Broadband Internet Connection > Troubleshoot Internet Browsing,3,2,1,1117,96,96
398c0bb9-3253-4629-a5ed-18f51d9fb36b,netgear-lm1200.pdf,Alerts and Troubleshooting > Verify Normal Behavior With the LEDs,2,2,1,661,92,92
398c0bb9-3253-4629-a5ed-18f51d9fb36b,netgear-lm1200.pdf,Alerts and Troubleshooting > You Cannot Log In to the Modem,2,2,1,1160,94,94
398c0bb9-3253-4629-a5ed-18f51d9fb36b,netgear-lm1200.pdf,Default Settings and Specifications,1,2,1,117,99,101
398c0bb9-3253-4629-a5ed-18f51d9fb36b,netgear-lm1200.pdf,Default Settings and Specifications > Factory Default Settings,2,2,1,1403,100,101
398c0bb9-3253-4629-a5ed-18f51d9fb36b,netgear-lm1200.pdf,Default Settings and Specifications > Technical and Environmental Specifications,2,2,1,780,101,101
398c0bb9-3253-4629-a5ed-18f51d9fb36b,netgear-lm1200.pdf,Frequently Asked Questions,1,2,1,792,82,89
398c0bb9-3253-4629-a5ed-18f51d9fb36b,netgear-lm1200.pdf,Frequently Asked Questions > Can I connect multiple LAN devices to the modem?,2,2,1,503,84,84
398c0bb9-3253-4629-a5ed-18f51d9fb36b,netgear-lm1200.pdf,Frequently Asked Questions > How do I access the modem’s web pages?,2,2,1,118,84,84
398c0bb9-3253-4629-a5ed-18f51d9fb36b,netgear-lm1200.pdf,Frequently Asked Questions > How do I disconnect from the mobile broadband network?,2,2,1,770,85,85
398c0bb9-3253-4629-a5ed-18f51d9fb36b,netgear-lm1200.pdf,Frequently Asked Questions > How do I find a device’s MAC address?,2,2,1,2649,87,89
398c0bb9-3253-4629-a5ed-18f51d9fb36b,netgear-lm1200.pdf,Frequently Asked Questions > How do I find my computer’s IP address?,2,2,1,2158,85,87
398c0bb9-3253-4629-a5ed-18f51d9fb36b,netgear-lm1200.pdf,Frequently Asked Questions > How do I find my mobile phone number?,2,2,1,127,89,89
398c0bb9-3253-4629-a5ed-18f51d9fb36b,netgear-lm1200.pdf,Frequently Asked Questions > What do I do if I forget my admin login password?,2,2,1,362,84,84
398c0bb9-3253-4629-a5ed-18f51d9fb36b,netgear-lm1200.pdf,Frequently Asked Questions > What do I do when I can’t access the Internet?,2,2,1,558,83,83
398c0bb9-3253-4629-a5ed-18f51d9fb36b,netgear-lm1200.pdf,Frequently Asked Questions > What do I do when I can’t connect a device to the modem?,2,2,1,552,83,83
398c0bb9-3253-4629-a5ed-18f51d9fb36b,netgear-lm1200.pdf,Frequently Asked Questions > What do I do when the No Signal icon displays?,2,2,1,120,83,83
398c0bb9-3253-4629-a5ed-18f51d9fb36b,netgear-lm1200.pdf,Frequently Asked Questions > Where can I find more information?,2,2,1,219,89,89
398c0bb9-3253-4629-a5ed-18f51d9fb36b,netgear-lm1200.pdf,Frequently Asked Questions > Why is the download or upload speed slow?,2,2,1,218,84,84
398c0bb9-3253-4629-a5ed-18f51d9fb36b,netgear-lm1200.pdf,Get Started,1,2,1,361,17,22
398c0bb9-3253-4629-a5ed-18f51d9fb36b,netgear-lm1200.pdf,Get Started > Access the Modem’s Web Pages for the First Time,2,2,1,2140,19,22
398c0bb9-3253-4629-a5ed-18f51d9fb36b,netgear-lm1200.pdf,Get Started > Change the Language,2,2,1,927,22,22
398c0bb9-3253-4629-a5ed-18f51d9fb36b,netgear-lm1200.pdf,"Get Started > Connect a Computer, Switch, Hub, Router, or WiFi Router to the Modem",2,2,1,964,18,19
398c0bb9-3253-4629-a5ed-18f51d9fb36b,netgear-lm1200.pdf,"Get Started > Connect a Computer, Switch, Hub, Router, or WiFi Router to the Modem > Connect a Computer to the LAN Port of the Modem",3,2,1,343,19,19
398c0bb9-3253-4629-a5ed-18f51d9fb36b,netgear-lm1200.pdf,"Get Started > Connect a Computer, Switch, Hub, Router, or WiFi Router to the Modem > Connect a Router or WiFi Router to the LAN Port of the Modem",3,2,1,389,19,19
398c0bb9-3253-4629-a5ed-18f51d9fb36b,netgear-lm1200.pdf,Get Started > Internet Connection Over Mobile Broadband,2,2,1,1567,18,18
398c0bb9-3253-4629-a5ed-18f51d9fb36b,netgear-lm1200.pdf,Introduction and Hardware Overview,1,2,1,1135,6,16
398c0bb9-3253-4629-a5ed-18f51d9fb36b,netgear-lm1200.pdf,"Introduction and Hardware Overview > Back Panel Connectors, Buttons, and Ports",2,2,1,1348,14,14
398c0bb9-3253-4629-a5ed-18f51d9fb36b,netgear-lm1200.pdf,Introduction and Hardware Overview > Ensure the Modem Firmware is Up to Date,2,2,1,2523,11,13
398c0bb9-3253-4629-a5ed-18f51d9fb36b,netgear-lm1200.pdf,Introduction and Hardware Overview > Install the Nano SIM Card,2,2,1,365,10,10
398c0bb9-3253-4629-a5ed-18f51d9fb36b,netgear-lm1200.pdf,Introduction and Hardware Overview > Introduction,2,2,1,1478,8,8
398c0bb9-3253-4629-a5ed-18f51d9fb36b,netgear-lm1200.pdf,Introduction and Hardware Overview > Modem Rear Panel,2,2,1,227,9,10
398c0bb9-3253-4629-a5ed-18f51d9fb36b,netgear-lm1200.pdf,Introduction and Hardware Overview > Optional External Antenna,2,2,1,440,16,16
398c0bb9-3253-4629-a5ed-18f51d9fb36b,netgear-lm1200.pdf,Introduction and Hardware Overview > Package Contents,2,2,1,194,9,9
398c0bb9-3253-4629-a5ed-18f51d9fb36b,netgear-lm1200.pdf,Introduction and Hardware Overview > Position the Modem,2,2,1,1006,15,15
398c0bb9-3253-4629-a5ed-18f51d9fb36b,netgear-lm1200.pdf,Introduction and Hardware Overview > Power on Your Modem,2,2,1,1195,10,11
398c0bb9-3253-4629-a5ed-18f51d9fb36b,netgear-lm1200.pdf,Introduction and Hardware Overview > Supported Mobile Broadband Bands,2,2,1,736,8,9
398c0bb9-3253-4629-a5ed-18f51d9fb36b,netgear-lm1200.pdf,Introduction and Hardware Overview > Top Panel With Status LEDs,2,2,1,965,13,13
398c0bb9-3253-4629-a5ed-18f51d9fb36b,netgear-lm1200.pdf,Manage the Mobile Broadband Connection,1,2,1,299,34,42
398c0bb9-3253-4629-a5ed-18f51d9fb36b,netgear-lm1200.pdf,Manage the Mobile Broadband Connection > Manage APN Profiles for Mobile Broadband Connections,2,2,1,914,37,42
398c0bb9-3253-4629-a5ed-18f51d9fb36b,netgear-lm1200.pdf,Manage the Mobile Broadband Connection > Manage APN Profiles for Mobile Broadband Connections > Change an APN Profile,3,2,1,1179,40,41
398c0bb9-3253-4629-a5ed-18f51d9fb36b,netgear-lm1200.pdf,Manage the Mobile Broadband Connection > Manage APN Profiles for Mobile Broadband Connections > Remove an APN Profile,3,2,1,1265,41,42
398c0bb9-3253-4629-a5ed-18f51d9fb36b,netgear-lm1200.pdf,Manage the Mobile Broadband Connection > Manage APN Profiles for Mobile Broadband Connections > Select an APN Profile,3,2,1,1522,40,40
398c0bb9-3253-4629-a5ed-18f51d9fb36b,netgear-lm1200.pdf,Manage the Mobile Broadband Connection > Manage APN Profiles for Mobile Broadband Connections > View APN Profiles or Add a Custom APN Profile,3,2,1,2904,37,39
398c0bb9-3253-4629-a5ed-18f51d9fb36b,netgear-lm1200.pdf,Manage the Mobile Broadband Connection > Manage Mobile Broadband Auto Connect Options,2,2,1,1544,35,36
398c0bb9-3253-4629-a5ed-18f51d9fb36b,netgear-lm1200.pdf,Manage the Mobile Broadband Connection > Manually Connect to or Disconnect From the Mobile Broadband Network,2,2,1,1248,36,37
398c0bb9-3253-4629-a5ed-18f51d9fb36b,netgear-lm1200.pdf,Manage the Modem LAN Settings,1,2,1,290,23,33
398c0bb9-3253-4629-a5ed-18f51d9fb36b,netgear-lm1200.pdf,Manage the Modem LAN Settings > Change the DHCP Server Settings,2,2,1,3574,28,30
398c0bb9-3253-4629-a5ed-18f51d9fb36b,netgear-lm1200.pdf,Manage the Modem LAN Settings > Change the LAN Settings,2,2,1,2065,24,25
398c0bb9-3253-4629-a5ed-18f51d9fb36b,netgear-lm1200.pdf,Manage the Modem LAN Settings > Disable VPN Pass-Through,2,2,1,1832,32,33
398c0bb9-3253-4629-a5ed-18f51d9fb36b,netgear-lm1200.pdf,Manage the Modem LAN Settings > Disable the DHCP Server,2,2,1,1433,30,31
398c0bb9-3253-4629-a5ed-18f51d9fb36b,netgear-lm1200.pdf,Manage the Modem LAN Settings > Enable the DMZ,2,2,1,1879,31,32
398c0bb9-3253-4629-a5ed-18f51d9fb36b,netgear-lm1200.pdf,Manage the Modem LAN Settings > Manage Router Mode and Bridge Mode,2,2,1,2930,26,27
398c0bb9-3253-4629-a5ed-18f51d9fb36b,netgear-lm1200.pdf,Manage the Modem and Monitor Usage and the Network,1,2,1,725,64,81
398c0bb9-3253-4629-a5ed-18f51d9fb36b,netgear-lm1200.pdf,Manage the Modem and Monitor Usage and the Network > Back Up and Restore the Modem Settings,2,2,1,182,66,68
398c0bb9-3253-4629-a5ed-18f51d9fb36b,netgear-lm1200.pdf,Manage the Modem and Monitor Usage and the Network > Back Up and Restore the Modem Settings > Back Up the Settings,3,2,1,953,66,67
398c0bb9-3253-4629-a5ed-18f51d9fb36b,netgear-lm1200.pdf,Manage the Modem and Monitor Usage and the Network > Back Up and Restore the Modem Settings > Restore the Settings,3,2,1,1160,67,68
398c0bb9-3253-4629-a5ed-18f51d9fb36b,netgear-lm1200.pdf,Manage the Modem and Monitor Usage and the Network > Change the Billing Cycle Counter or Reset the Data Counter,2,2,1,1225,71,72
398c0bb9-3253-4629-a5ed-18f51d9fb36b,netgear-lm1200.pdf,Manage the Modem and Monitor Usage and the Network > Return the Modem to Its Factory Default Settings,2,2,1,763,68,69
398c0bb9-3253-4629-a5ed-18f51d9fb36b,netgear-lm1200.pdf,Manage the Modem and Monitor Usage and the Network > Return the Modem to Its Factory Default Settings > Use the Modem’s Web Pages to Reset the Modem to Factory Defaults,3,2,1,1132,69,69
398c0bb9-3253-4629-a5ed-18f51d9fb36b,netgear-lm1200.pdf,Manage the Modem and Monitor Usage and the Network > Return the Modem to Its Factory Default Settings > Use the Reset Button,3,2,1,540,68,68
398c0bb9-3253-4629-a5ed-18f51d9fb36b,netgear-lm1200.pdf,Manage the Modem and Monitor Usage and the Network > Set Up SMS Alert Messages,2,2,1,2267,76,78
398c0bb9-3253-4629-a5ed-18f51d9fb36b,netgear-lm1200.pdf,Manage the Modem and Monitor Usage and the Network > Set a Plan Limit for the Data Counter,2,2,1,1390,70,71
398c0bb9-3253-4629-a5ed-18f51d9fb36b,netgear-lm1200.pdf,Manage the Modem and Monitor Usage and the Network > Set the Data Limit for SMS Alert Messages,2,2,1,1800,78,79
398c0bb9-3253-4629-a5ed-18f51d9fb36b,netgear-lm1200.pdf,Manage the Modem and Monitor Usage and the Network > Turn Off the LEDs,2,2,1,1217,80,81
398c0bb9-3253-4629-a5ed-18f51d9fb36b,netgear-lm1200.pdf,Manage the Modem and Monitor Usage and the Network > Upgrade the Firmware of the Modem,2,2,1,2389,65,66
398c0bb9-3253-4629-a5ed-18f51d9fb36b,netgear-lm1200.pdf,Manage the Modem and Monitor Usage and the Network > View Account Details and Other Details About Your Modem,2,2,1,1918,74,75
398c0bb9-3253-4629-a5ed-18f51d9fb36b,netgear-lm1200.pdf,Manage the Modem and Monitor Usage and the Network > View Alerts,2,2,1,948,79,80
398c0bb9-3253-4629-a5ed-18f51d9fb36b,netgear-lm1200.pdf,Manage the Modem and Monitor Usage and the Network > View Information About the Mobile Broadband Connection,2,2,1,1233,75,76
398c0bb9-3253-4629-a5ed-18f51d9fb36b,netgear-lm1200.pdf,Manage the Modem and Monitor Usage and the Network > View Monthly Data and Session Data Usage,2,2,1,1711,69,70
398c0bb9-3253-4629-a5ed-18f51d9fb36b,netgear-lm1200.pdf,"Manage the Modem and Monitor Usage and the Network > View Service Provider, Type of Service, and Signal Strength",2,2,1,1721,72,73
398c0bb9-3253-4629-a5ed-18f51d9fb36b,netgear-lm1200.pdf,Secure Your Network,1,2,1,251,43,63
398c0bb9-3253-4629-a5ed-18f51d9fb36b,netgear-lm1200.pdf,Secure Your Network > Change the Modem Password,2,2,1,1200,44,44
398c0bb9-3253-4629-a5ed-18f51d9fb36b,netgear-lm1200.pdf,Secure Your Network > Manage Port Filtering for Outgoing Traffic,2,2,1,1162,48,55
398c0bb9-3253-4629-a5ed-18f51d9fb36b,netgear-lm1200.pdf,Secure Your Network > Manage Port Filtering for Outgoing Traffic > Allow Specific Services and Applications to Access the Internet and Block All Other Services and Applications,3,2,1,2168,50,51
398c0bb9-3253-4629-a5ed-18f51d9fb36b,netgear-lm1200.pdf,Secure Your Network > Manage Port Filtering for Outgoing Traffic > Block Specific Services and Applications From Accessing the Internet and Allow All Other Services and Applications,3,2,1,2144,49,50
398c0bb9-3253-4629-a5ed-18f51d9fb36b,netgear-lm1200.pdf,Secure Your Network > Manage Port Filtering for Outgoing Traffic > Disable Port Filtering,3,2,1,1457,54,55
398c0bb9-3253-4629-a5ed-18f51d9fb36b,netgear-lm1200.pdf,Secure Your Network > Manage Port Filtering for Outgoing Traffic > View Services and Applications on the Blacklist and Remove a Service or Application From the List,3,2,1,1334,52,53
398c0bb9-3253-4629-a5ed-18f51d9fb36b,netgear-lm1200.pdf,Secure Your Network > Manage Port Filtering for Outgoing Traffic > View Services and Applications on the Whitelist and Remove a Service or Application From the List,3,2,1,1332,53,54
398c0bb9-3253-4629-a5ed-18f51d9fb36b,netgear-lm1200.pdf,Secure Your Network > Manage Port Forwarding for Incoming Traffic,2,2,1,1262,44,48
398c0bb9-3253-4629-a5ed-18f51d9fb36b,netgear-lm1200.pdf,Secure Your Network > Manage Port Forwarding for Incoming Traffic > Disable Port Forwarding,3,2,1,1109,47,48
398c0bb9-3253-4629-a5ed-18f51d9fb36b,netgear-lm1200.pdf,Secure Your Network > Manage Port Forwarding for Incoming Traffic > Enable Port Forwarding and Add a Service or Application,3,2,1,2032,45,46
398c0bb9-3253-4629-a5ed-18f51d9fb36b,netgear-lm1200.pdf,Secure Your Network > Manage Port Forwarding for Incoming Traffic > Remove a Service or Application for Port Forwarding,3,2,1,1111,46,47
398c0bb9-3253-4629-a5ed-18f51d9fb36b,netgear-lm1200.pdf,Secure Your Network > Manage SIM Card Security,2,2,1,685,55,63
398c0bb9-3253-4629-a5ed-18f51d9fb36b,netgear-lm1200.pdf,Secure Your Network > Manage SIM Card Security > Disable SIM Card Security,3,2,1,1674,60,61
398c0bb9-3253-4629-a5ed-18f51d9fb36b,netgear-lm1200.pdf,Secure Your Network > Manage SIM Card Security > Enable SIM Card Security,3,2,1,2049,55,57
398c0bb9-3253-4629-a5ed-18f51d9fb36b,netgear-lm1200.pdf,Secure Your Network > Manage SIM Card Security > Enter the SIM PIN to Enable the Modem to Connect to the Internet,3,2,1,1963,57,58
398c0bb9-3253-4629-a5ed-18f51d9fb36b,netgear-lm1200.pdf,Secure Your Network > Manage SIM Card Security > Personalize the SIM PIN,3,2,1,1155,59,60
398c0bb9-3253-4629-a5ed-18f51d9fb36b,netgear-lm1200.pdf,Secure Your Network > Manage SIM Card Security > Unblock the SIM Card With a PUK,3,2,1,2265,61,63
398c0bb9-3253-4629-a5ed-18f51d9fb36b,netgear-lm1200.pdf,Wall-Mount the Modem,1,2,1,139,102,105
398c0bb9-3253-4629-a5ed-18f51d9fb36b,netgear-lm1200.pdf,Wall-Mount the Modem > Mount Your Modem,2,2,1,426,104,105
398c0bb9-3253-4629-a5ed-18f51d9fb36b,netgear-lm1200.pdf,Wall-Mount the Modem > Position Your Modem,2,2,1,921,103,103
398c0bb9-3253-4629-a5ed-18f51d9fb36b,netgear-lm1200.pdf,[ROOT],0,1,1,2018,1,2
d363d52d-99b4-4258-9e83-eca4fbdf4722,netgear-r6350.pdf,Connect to the Network and Access the Router,1,2,1,376,18,23
d363d52d-99b4-4258-9e83-eca4fbdf4722,netgear-r6350.pdf,Connect to the Network and Access the Router > Change the language,2,2,1,705,23,23
d363d52d-99b4-4258-9e83-eca4fbdf4722,netgear-r6350.pdf,Connect to the Network and Access the Router > Connect to the network,2,2,1,211,19,20
d363d52d-99b4-4258-9e83-eca4fbdf4722,netgear-r6350.pdf,Connect to the Network and Access the Router > Connect to the network > Connect to the network using a wired connection,3,2,1,450,19,19
d363d52d-99b4-4258-9e83-eca4fbdf4722,netgear-r6350.pdf,Connect to the Network and Access the Router > Connect to the network > Find and connect to the WiFi network,3,2,1,361,19,19
d363d52d-99b4-4258-9e83-eca4fbdf4722,netgear-r6350.pdf,Connect to the Network and Access the Router > Connect to the network > WiFi connection using WPS,3,2,1,545,19,20
d363d52d-99b4-4258-9e83-eca4fbdf4722,netgear-r6350.pdf,Connect to the Network and Access the Router > Install and manage your router with the Nighthawk app,2,2,1,854,22,23
d363d52d-99b4-4258-9e83-eca4fbdf4722,netgear-r6350.pdf,Connect to the Network and Access the Router > Types of logins,2,2,1,905,20,20
d363d52d-99b4-4258-9e83-eca4fbdf4722,netgear-r6350.pdf,Connect to the Network and Access the Router > Use a web browser to access the router,2,2,1,317,20,22
d363d52d-99b4-4258-9e83-eca4fbdf4722,netgear-r6350.pdf,Connect to the Network and Access the Router > Use a web browser to access the router > Automatic Internet Setup,3,2,1,2983,20,22
d363d52d-99b4-4258-9e83-eca4fbdf4722,netgear-r6350.pdf,Connect to the Network and Access the Router > Use a web browser to access the router > Log in to the router,3,2,1,822,22,22
d363d52d-99b4-4258-9e83-eca4fbdf4722,netgear-r6350.pdf,Control Access to the Internet,1,2,1,482,72,88
d363d52d-99b4-4258-9e83-eca4fbdf4722,netgear-r6350.pdf,Control Access to the Internet > Enable access control to allow or block access to the Internet,2,2,1,2167,73,78
d363d52d-99b4-4258-9e83-eca4fbdf4722,netgear-r6350.pdf,Control Access to the Internet > Enable access control to allow or block access to the Internet > Enable and Manage Network Access Control,3,2,1,2536,75,76
d363d52d-99b4-4258-9e83-eca4fbdf4722,netgear-r6350.pdf,Control Access to the Internet > Enable access control to allow or block access to the Internet > Manage Network Access Control Lists,3,2,1,982,76,78
d363d52d-99b4-4258-9e83-eca4fbdf4722,netgear-r6350.pdf,Control Access to the Internet > Enable access control to allow or block access to the Internet > Manage Network Access Control Lists > Add Devices to or Remove Them From the Allowed List,4,2,1,1498,76,77
d363d52d-99b4-4258-9e83-eca4fbdf4722,netgear-r6350.pdf,Control Access to the Internet > Enable access control to allow or block access to the Internet > Manage Network Access Control Lists > Add Devices to or Remove Them From the Blocked List,4,2,1,1551,77,78
d363d52d-99b4-4258-9e83-eca4fbdf4722,netgear-r6350.pdf,Control Access to the Internet > Manage Simple Outbound Firewall Rules for Services and Applications,2,2,1,934,81,86
d363d52d-99b4-4258-9e83-eca4fbdf4722,netgear-r6350.pdf,Control Access to the Internet > Manage Simple Outbound Firewall Rules for Services and Applications > Add an Outbound Firewall Rule,3,2,1,1868,82,83
d363d52d-99b4-4258-9e83-eca4fbdf4722,netgear-r6350.pdf,Control Access to the Internet > Manage Simple Outbound Firewall Rules for Services and Applications > Add an Outbound Firewall Rule for a Custom Service or Application,3,2,1,2705,83,84
d363d52d-99b4-4258-9e83-eca4fbdf4722,netgear-r6350.pdf,Control Access to the Internet > Manage Simple Outbound Firewall Rules for Services and Applications > Change an Outbound Firewall Rule,3,2,1,972,85,85
d363d52d-99b4-4258-9e83-eca4fbdf4722,netgear-r6350.pdf,Control Access to the Internet > Manage Simple Outbound Firewall Rules for Services and Applications > Remove an Outbound Firewall Rule,3,2,1,719,85,86
d363d52d-99b4-4258-9e83-eca4fbdf4722,netgear-r6350.pdf,Control Access to the Internet > Set Up Parental Controls,2,2,1,1230,73,73
d363d52d-99b4-4258-9e83-eca4fbdf4722,netgear-r6350.pdf,Control Access to the Internet > Set Up a Schedule for Keyword Blocking and Outbound Firewall Rules,2,2,1,1913,86,87
d363d52d-99b4-4258-9e83-eca4fbdf4722,netgear-r6350.pdf,Control Access to the Internet > Set up security event email notifications,2,2,1,2507,87,88
d363d52d-99b4-4258-9e83-eca4fbdf4722,netgear-r6350.pdf,Control Access to the Internet > Use Keywords to Block Internet Sites,2,2,1,184,78,81
d363d52d-99b4-4258-9e83-eca4fbdf4722,netgear-r6350.pdf,Control Access to the Internet > Use Keywords to Block Internet Sites > Remove All Keywords and Domains From the Blocked List,3,2,1,759,80,80
d363d52d-99b4-4258-9e83-eca4fbdf4722,netgear-r6350.pdf,Control Access to the Internet > Use Keywords to Block Internet Sites > Remove a Keyword or Domain From the Blocked List,3,2,1,882,79,80
d363d52d-99b4-4258-9e83-eca4fbdf4722,netgear-r6350.pdf,Control Access to the Internet > Use Keywords to Block Internet Sites > Set Up Blocking,3,2,1,1562,78,79
d363d52d-99b4-4258-9e83-eca4fbdf4722,netgear-r6350.pdf,Control Access to the Internet > Use Keywords to Block Internet Sites > Specify a Trusted Computer,3,2,1,1019,81,81
d363d52d-99b4-4258-9e83-eca4fbdf4722,netgear-r6350.pdf,Hardware Overview of the Router,1,2,1,755,10,17
d363d52d-99b4-4258-9e83-eca4fbdf4722,netgear-r6350.pdf,Hardware Overview of the Router > Cable Your Router,2,2,1,632,16,16
d363d52d-99b4-4258-9e83-eca4fbdf4722,netgear-r6350.pdf,Hardware Overview of the Router > LEDs and Buttons on the Top Panel,2,2,1,686,12,13
d363d52d-99b4-4258-9e83-eca4fbdf4722,netgear-r6350.pdf,"Hardware Overview of the Router > Ports, Buttons, and Connectors on the Back Panel",2,2,1,939,13,14
d363d52d-99b4-4258-9e83-eca4fbdf4722,netgear-r6350.pdf,Hardware Overview of the Router > Position the Router,2,2,1,1503,14,15
d363d52d-99b4-4258-9e83-eca4fbdf4722,netgear-r6350.pdf,Hardware Overview of the Router > Router Label,2,2,1,180,14,14
d363d52d-99b4-4258-9e83-eca4fbdf4722,netgear-r6350.pdf,Hardware Overview of the Router > Unpack Your Router,2,2,1,148,11,11
d363d52d-99b4-4258-9e83-eca4fbdf4722,netgear-r6350.pdf,Hardware Overview of the Router > Wall-Mount Your Router,2,2,1,537,16,17
d363d52d-99b4-4258-9e83-eca4fbdf4722,netgear-r6350.pdf,Manage Port Forwarding and Port Triggering,1,2,1,345,177,188
d363d52d-99b4-4258-9e83-eca4fbdf4722,netgear-r6350.pdf,Manage Port Forwarding and Port Triggering > Manage Port Forwarding to a Local Server for Services and Applications,2,2,1,523,178,183
d363d52d-99b4-4258-9e83-eca4fbdf4722,netgear-r6350.pdf,Manage Port Forwarding and Port Triggering > Manage Port Forwarding to a Local Server for Services and Applications > Add a Port Forwarding Rule With a Custom Service or Application,3,2,1,2766,179,180
d363d52d-99b4-4258-9e83-eca4fbdf4722,netgear-r6350.pdf,Manage Port Forwarding and Port Triggering > Manage Port Forwarding to a Local Server for Services and Applications > Application Example: Make a Local Web Server Public,3,2,1,937,182,182
d363d52d-99b4-4258-9e83-eca4fbdf4722,netgear-r6350.pdf,Manage Port Forwarding and Port Triggering > Manage Port Forwarding to a Local Server for Services and Applications > Change a Port Forwarding Rule,3,2,1,1114,180,181
d363d52d-99b4-4258-9e83-eca4fbdf4722,netgear-r6350.pdf,Manage Port Forwarding and Port Triggering > Manage Port Forwarding to a Local Server for Services and Applications > Forward Incoming Traffic for a Default Service or Application,3,2,1,1606,178,179
d363d52d-99b4-4258-9e83-eca4fbdf4722,netgear-r6350.pdf,Manage Port Forwarding and Port Triggering > Manage Port Forwarding to a Local Server for Services and Applications > How the Router Implements the Port Forwarding Rule,3,2,1,937,182,183
d363d52d-99b4-4258-9e83-eca4fbdf4722,netgear-r6350.pdf,Manage Port Forwarding and Port Triggering > Manage Port Forwarding to a Local Server for Services and Applications > Remove a Port Forwarding Rule,3,2,1,840,181,181
d363d52d-99b4-4258-9e83-eca4fbdf4722,netgear-r6350.pdf,Manage Port Forwarding and Port Triggering > Manage Port Triggering for Services and Applications,2,2,1,1138,183,188
d363d52d-99b4-4258-9e83-eca4fbdf4722,netgear-r6350.pdf,Manage Port Forwarding and Port Triggering > Manage Port Triggering for Services and Applications > Add a Port Triggering Rule,3,2,1,2157,183,184
d363d52d-99b4-4258-9e83-eca4fbdf4722,netgear-r6350.pdf,Manage Port Forwarding and Port Triggering > Manage Port Triggering for Services and Applications > Application Example: Port Triggering for Internet Relay Chat,3,2,1,2617,187,188
d363d52d-99b4-4258-9e83-eca4fbdf4722,netgear-r6350.pdf,Manage Port Forwarding and Port Triggering > Manage Port Triggering for Services and Applications > Change a Port Triggering Rule,3,2,1,1140,185,185
d363d52d-99b4-4258-9e83-eca4fbdf4722,netgear-r6350.pdf,Manage Port Forwarding and Port Triggering > Manage Port Triggering for Services and Applications > Disable Port Triggering,3,2,1,979,187,187
d363d52d-99b4-4258-9e83-eca4fbdf4722,netgear-r6350.pdf,Manage Port Forwarding and Port Triggering > Manage Port Triggering for Services and Applications > Remove a Port Triggering Rule,3,2,1,852,185,186
d363d52d-99b4-4258-9e83-eca4fbdf4722,netgear-r6350.pdf,Manage Port Forwarding and Port Triggering > Manage Port Triggering for Services and Applications > Specify the Time-Out for Port Triggering,3,2,1,1053,186,187
d363d52d-99b4-4258-9e83-eca4fbdf4722,netgear-r6350.pdf,Manage Your Router,1,2,1,577,134,154
d363d52d-99b4-4258-9e83-eca4fbdf4722,netgear-r6350.pdf,Manage Your Router > Change the admin password,2,2,1,1009,137,137
d363d52d-99b4-4258-9e83-eca4fbdf4722,netgear-r6350.pdf,Manage Your Router > Disable or Enable LED Blinking or Turn Off LEDs,2,2,1,1187,140,141
d363d52d-99b4-4258-9e83-eca4fbdf4722,netgear-r6350.pdf,Manage Your Router > Enable admin password recovery,2,2,1,981,137,138
d363d52d-99b4-4258-9e83-eca4fbdf4722,netgear-r6350.pdf,Manage Your Router > Manage the Activity Log,2,2,1,219,146,147
d363d52d-99b4-4258-9e83-eca4fbdf4722,netgear-r6350.pdf,Manage Your Router > Manage the Activity Log > Specify Which Activities Are Logged,3,2,1,945,147,147
d363d52d-99b4-4258-9e83-eca4fbdf4722,netgear-r6350.pdf,"Manage Your Router > Manage the Activity Log > View, Email, or Clear the Logs",3,2,1,1307,146,146
d363d52d-99b4-4258-9e83-eca4fbdf4722,netgear-r6350.pdf,Manage Your Router > Manage the router configuration file,2,2,1,202,139,140
d363d52d-99b4-4258-9e83-eca4fbdf4722,netgear-r6350.pdf,Manage Your Router > Manage the router configuration file > Back up the settings,3,2,1,706,139,139
d363d52d-99b4-4258-9e83-eca4fbdf4722,netgear-r6350.pdf,Manage Your Router > Manage the router configuration file > Restore the settings,3,2,1,760,139,140
d363d52d-99b4-4258-9e83-eca4fbdf4722,netgear-r6350.pdf,Manage Your Router > Monitor and Meter Internet Traffic,2,2,1,247,148,152
d363d52d-99b4-4258-9e83-eca4fbdf4722,netgear-r6350.pdf,Manage Your Router > Monitor and Meter Internet Traffic > Restrict Internet Traffic by Connection Time,3,2,1,2119,151,152
d363d52d-99b4-4258-9e83-eca4fbdf4722,netgear-r6350.pdf,Manage Your Router > Monitor and Meter Internet Traffic > Restrict Internet Traffic by Volume,3,2,1,2255,150,151
d363d52d-99b4-4258-9e83-eca4fbdf4722,netgear-r6350.pdf,Manage Your Router > Monitor and Meter Internet Traffic > Start the Traffic Meter Without Traffic Volume Restrictions,3,2,1,1192,148,149
d363d52d-99b4-4258-9e83-eca4fbdf4722,netgear-r6350.pdf,Manage Your Router > Monitor and Meter Internet Traffic > Unblock the Traffic Meter After the Traffic Limit Is Reached,3,2,1,989,152,152
d363d52d-99b4-4258-9e83-eca4fbdf4722,netgear-r6350.pdf,Manage Your Router > Monitor and Meter Internet Traffic > View the Internet Traffic Volume and Statistics,3,2,1,1183,149,149
d363d52d-99b4-4258-9e83-eca4fbdf4722,netgear-r6350.pdf,Manage Your Router > Recover the admin password,2,2,1,856,138,139
d363d52d-99b4-4258-9e83-eca4fbdf4722,netgear-r6350.pdf,Manage Your Router > Remote access,2,2,1,434,153,154
d363d52d-99b4-4258-9e83-eca4fbdf4722,netgear-r6350.pdf,Manage Your Router > Remote access > Set up remote management,3,2,1,1615,153,154
d363d52d-99b4-4258-9e83-eca4fbdf4722,netgear-r6350.pdf,Manage Your Router > Remote access > Use remote access,3,2,1,370,154,154
d363d52d-99b4-4258-9e83-eca4fbdf4722,netgear-r6350.pdf,Manage Your Router > Return the router to its factory default settings,2,2,1,953,141,142
d363d52d-99b4-4258-9e83-eca4fbdf4722,netgear-r6350.pdf,Manage Your Router > Return the router to its factory default settings > Erase the settings,3,2,1,1000,142,142
d363d52d-99b4-4258-9e83-eca4fbdf4722,netgear-r6350.pdf,Manage Your Router > Return the router to its factory default settings > Use the Reset button,3,2,1,723,141,142
d363d52d-99b4-4258-9e83-eca4fbdf4722,netgear-r6350.pdf,Manage Your Router > Update the router firmware,2,2,1,137,135,136
d363d52d-99b4-4258-9e83-eca4fbdf4722,netgear-r6350.pdf,Manage Your Router > Update the router firmware > Check for new firmware and update the router,3,2,1,1581,135,136
d363d52d-99b4-4258-9e83-eca4fbdf4722,netgear-r6350.pdf,Manage Your Router > Update the router firmware > Manually upload firmware to the router,3,2,1,1513,136,136
d363d52d-99b4-4258-9e83-eca4fbdf4722,netgear-r6350.pdf,Manage Your Router > View devices currently on the network,2,2,1,1096,147,148
d363d52d-99b4-4258-9e83-eca4fbdf4722,netgear-r6350.pdf,Manage Your Router > View the Status and Statistics of the Router,2,2,1,183,143,145
d363d52d-99b4-4258-9e83-eca4fbdf4722,netgear-r6350.pdf,Manage Your Router > View the Status and Statistics of the Router > Check the Internet connection status,3,2,1,1725,145,145
d363d52d-99b4-4258-9e83-eca4fbdf4722,netgear-r6350.pdf,Manage Your Router > View the Status and Statistics of the Router > Display the statistics of the Internet port,3,2,1,1712,144,145
d363d52d-99b4-4258-9e83-eca4fbdf4722,netgear-r6350.pdf,Manage Your Router > View the Status and Statistics of the Router > View information about the router and the Internet and WiFi settings,3,2,1,1252,143,143
d363d52d-99b4-4258-9e83-eca4fbdf4722,netgear-r6350.pdf,Manage the Advanced WiFi Features,1,2,1,363,155,165
d363d52d-99b4-4258-9e83-eca4fbdf4722,netgear-r6350.pdf,Manage the Advanced WiFi Features > Manage Advanced WiFi Settings,2,2,1,1564,158,159
d363d52d-99b4-4258-9e83-eca4fbdf4722,netgear-r6350.pdf,Manage the Advanced WiFi Features > Manage the WPS Settings,2,2,1,2576,157,158
d363d52d-99b4-4258-9e83-eca4fbdf4722,netgear-r6350.pdf,Manage the Advanced WiFi Features > Set Up a WiFi Bridge Between the Router and Another Device,2,2,1,5306,161,164
d363d52d-99b4-4258-9e83-eca4fbdf4722,netgear-r6350.pdf,Manage the Advanced WiFi Features > Set Up a WiFi Schedule,2,2,1,1366,156,156
d363d52d-99b4-4258-9e83-eca4fbdf4722,netgear-r6350.pdf,Manage the Advanced WiFi Features > Specify How the Router Manages WiFi Clients,2,2,1,333,159,161
d363d52d-99b4-4258-9e83-eca4fbdf4722,netgear-r6350.pdf,Manage the Advanced WiFi Features > Specify How the Router Manages WiFi Clients > Manage Airtime Fairness,3,2,1,1135,159,160
d363d52d-99b4-4258-9e83-eca4fbdf4722,netgear-r6350.pdf,Manage the Advanced WiFi Features > Specify How the Router Manages WiFi Clients > Manage Implicit Beamforming,3,2,1,1234,160,160
d363d52d-99b4-4258-9e83-eca4fbdf4722,netgear-r6350.pdf,Manage the Advanced WiFi Features > Specify How the Router Manages WiFi Clients > Manage MU-MIMO,3,2,1,1056,161,161
d363d52d-99b4-4258-9e83-eca4fbdf4722,netgear-r6350.pdf,Manage the Advanced WiFi Features > Use the Router as a WiFi Access Point Only,2,2,1,2156,164,165
d363d52d-99b4-4258-9e83-eca4fbdf4722,netgear-r6350.pdf,Manage the Basic WiFi Network Settings,1,2,1,358,54,71
d363d52d-99b4-4258-9e83-eca4fbdf4722,netgear-r6350.pdf,Manage the Basic WiFi Network Settings > Enable or Disable the WiFi Radios,2,2,1,935,71,71
d363d52d-99b4-4258-9e83-eca4fbdf4722,netgear-r6350.pdf,Manage the Basic WiFi Network Settings > Manage the Basic WiFi Settings and WiFi Security of the Guest Network,2,2,1,8548,67,70
d363d52d-99b4-4258-9e83-eca4fbdf4722,netgear-r6350.pdf,Manage the Basic WiFi Network Settings > Manage the Basic WiFi Settings and WiFi Security of the Main Network,2,2,1,510,55,64
d363d52d-99b4-4258-9e83-eca4fbdf4722,netgear-r6350.pdf,Manage the Basic WiFi Network Settings > Manage the Basic WiFi Settings and WiFi Security of the Main Network > Configure WEP Legacy WiFi Security,3,2,1,3342,61,62
d363d52d-99b4-4258-9e83-eca4fbdf4722,netgear-r6350.pdf,Manage the Basic WiFi Network Settings > Manage the Basic WiFi Settings and WiFi Security of the Main Network > Configure WPA/WPA2 Enterprise WiFi Security,3,2,1,3379,62,64
d363d52d-99b4-4258-9e83-eca4fbdf4722,netgear-r6350.pdf,Manage the Basic WiFi Network Settings > Manage the Basic WiFi Settings and WiFi Security of the Main Network > View or Change the Basic WiFi Settings and WiFi Security Settings,3,2,1,10792,55,61
d363d52d-99b4-4258-9e83-eca4fbdf4722,netgear-r6350.pdf,Manage the Basic WiFi Network Settings > Use WPS to Add a Device to the WiFi Network,2,2,1,961,64,66
d363d52d-99b4-4258-9e83-eca4fbdf4722,netgear-r6350.pdf,Manage the Basic WiFi Network Settings > Use WPS to Add a Device to the WiFi Network > Use WPS With the PIN Method,3,2,1,1628,66,66
d363d52d-99b4-4258-9e83-eca4fbdf4722,netgear-r6350.pdf,Manage the Basic WiFi Network Settings > Use WPS to Add a Device to the WiFi Network > Use WPS With the Push Button Method,3,2,1,1763,65,65
d363d52d-99b4-4258-9e83-eca4fbdf4722,netgear-r6350.pdf,Manage the WAN and LAN Network Settings,1,2,1,669,115,133
d363d52d-99b4-4258-9e83-eca4fbdf4722,netgear-r6350.pdf,Manage the WAN and LAN Network Settings > Change the Router’s Device Name,2,2,1,784,126,127
d363d52d-99b4-4258-9e83-eca4fbdf4722,netgear-r6350.pdf,Manage the WAN and LAN Network Settings > Change the WiFi Mbps Settings,2,2,1,829,116,116
d363d52d-99b4-4258-9e83-eca4fbdf4722,netgear-r6350.pdf,Manage the WAN and LAN Network Settings > Disable the Built-In DHCP Server,2,2,1,1133,125,126
d363d52d-99b4-4258-9e83-eca4fbdf4722,netgear-r6350.pdf,Manage the WAN and LAN Network Settings > Manage IGMP Proxying,2,2,1,908,118,119
d363d52d-99b4-4258-9e83-eca4fbdf4722,netgear-r6350.pdf,Manage the WAN and LAN Network Settings > Manage NAT Filtering,2,2,1,1395,119,120
d363d52d-99b4-4258-9e83-eca4fbdf4722,netgear-r6350.pdf,Manage the WAN and LAN Network Settings > Manage VPN Pass-Through,2,2,1,1041,119,119
d363d52d-99b4-4258-9e83-eca4fbdf4722,netgear-r6350.pdf,Manage the WAN and LAN Network Settings > Manage reserved LAN IP addresses,2,2,1,252,124,125
d363d52d-99b4-4258-9e83-eca4fbdf4722,netgear-r6350.pdf,Manage the WAN and LAN Network Settings > Manage reserved LAN IP addresses > Delete a reserved IP address entry,3,2,1,643,125,125
d363d52d-99b4-4258-9e83-eca4fbdf4722,netgear-r6350.pdf,Manage the WAN and LAN Network Settings > Manage reserved LAN IP addresses > Edit a reserved IP address,3,2,1,732,124,125
d363d52d-99b4-4258-9e83-eca4fbdf4722,netgear-r6350.pdf,Manage the WAN and LAN Network Settings > Manage the DHCP Server Address Pool,2,2,1,1836,123,124
d363d52d-99b4-4258-9e83-eca4fbdf4722,netgear-r6350.pdf,Manage the WAN and LAN Network Settings > Manage the LAN IP Address Settings,2,2,1,1619,121,122
d363d52d-99b4-4258-9e83-eca4fbdf4722,netgear-r6350.pdf,Manage the WAN and LAN Network Settings > Manage the Router Information Protocol Settings,2,2,1,1629,122,123
d363d52d-99b4-4258-9e83-eca4fbdf4722,netgear-r6350.pdf,Manage the WAN and LAN Network Settings > Manage the SIP Application-Level Gateway,2,2,1,973,120,121
d363d52d-99b4-4258-9e83-eca4fbdf4722,netgear-r6350.pdf,Manage the WAN and LAN Network Settings > Manage the WAN Security Settings,2,2,1,1272,116,117
d363d52d-99b4-4258-9e83-eca4fbdf4722,netgear-r6350.pdf,Manage the WAN and LAN Network Settings > Set Up a Bridge for a Port Group or VLAN Tag Group,2,2,1,485,130,133
d363d52d-99b4-4258-9e83-eca4fbdf4722,netgear-r6350.pdf,Manage the WAN and LAN Network Settings > Set Up a Bridge for a Port Group or VLAN Tag Group > Set Up a Bridge for a Port Group,3,2,1,1679,131,131
d363d52d-99b4-4258-9e83-eca4fbdf4722,netgear-r6350.pdf,Manage the WAN and LAN Network Settings > Set Up a Bridge for a Port Group or VLAN Tag Group > Set Up a Bridge for a VLAN Tag Group,3,2,1,2303,132,133
d363d52d-99b4-4258-9e83-eca4fbdf4722,netgear-r6350.pdf,Manage the WAN and LAN Network Settings > Set Up and Manage Custom Static Routes,2,2,1,1506,127,130
d363d52d-99b4-4258-9e83-eca4fbdf4722,netgear-r6350.pdf,Manage the WAN and LAN Network Settings > Set Up and Manage Custom Static Routes > Change a Static Route,3,2,1,876,129,129
d363d52d-99b4-4258-9e83-eca4fbdf4722,netgear-r6350.pdf,Manage the WAN and LAN Network Settings > Set Up and Manage Custom Static Routes > Remove a Static Route,3,2,1,737,130,130
d363d52d-99b4-4258-9e83-eca4fbdf4722,netgear-r6350.pdf,Manage the WAN and LAN Network Settings > Set Up and Manage Custom Static Routes > Set Up a Static Route,3,2,1,1864,128,129
d363d52d-99b4-4258-9e83-eca4fbdf4722,netgear-r6350.pdf,Manage the WAN and LAN Network Settings > Set up a default DMZ server,2,2,1,1752,117,118
d363d52d-99b4-4258-9e83-eca4fbdf4722,netgear-r6350.pdf,Optimize Performance,1,2,1,366,44,53
d363d52d-99b4-4258-9e83-eca4fbdf4722,netgear-r6350.pdf,Optimize Performance > Improve network connections with Universal Plug and Play,2,2,1,2524,52,53
d363d52d-99b4-4258-9e83-eca4fbdf4722,netgear-r6350.pdf,Optimize Performance > Manage Default and Custom QoS Rules,2,2,1,184,46,50
d363d52d-99b4-4258-9e83-eca4fbdf4722,netgear-r6350.pdf,Optimize Performance > Manage Default and Custom QoS Rules > Add a Custom QoS Rule for a Device,3,2,1,1431,47,48
d363d52d-99b4-4258-9e83-eca4fbdf4722,netgear-r6350.pdf,Optimize Performance > Manage Default and Custom QoS Rules > Add a Custom QoS Rule for a Service or Application,3,2,1,1818,46,47
d363d52d-99b4-4258-9e83-eca4fbdf4722,netgear-r6350.pdf,Optimize Performance > Manage Default and Custom QoS Rules > Change a QoS Rule or Change the Priority for a Rule,3,2,1,1321,48,49
d363d52d-99b4-4258-9e83-eca4fbdf4722,netgear-r6350.pdf,Optimize Performance > Manage Default and Custom QoS Rules > Remove All QoS Rules,3,2,1,1000,50,50
d363d52d-99b4-4258-9e83-eca4fbdf4722,netgear-r6350.pdf,Optimize Performance > Manage Default and Custom QoS Rules > Remove a QoS Rule,3,2,1,780,49,49
d363d52d-99b4-4258-9e83-eca4fbdf4722,netgear-r6350.pdf,Optimize Performance > Manage Uplink Bandwidth Control,2,2,1,1072,50,51
d363d52d-99b4-4258-9e83-eca4fbdf4722,netgear-r6350.pdf,Optimize Performance > Manage Wi-Fi Multimedia Quality of Service,2,2,1,1882,51,52
d363d52d-99b4-4258-9e83-eca4fbdf4722,netgear-r6350.pdf,Optimize Performance > Optimize Traffic With QoS,2,2,1,1548,45,45
d363d52d-99b4-4258-9e83-eca4fbdf4722,netgear-r6350.pdf,Share USB Storage Devices Attached to the Router,1,2,1,1081,89,102
d363d52d-99b4-4258-9e83-eca4fbdf4722,netgear-r6350.pdf,Share USB Storage Devices Attached to the Router > Access a storage device connected to the router,2,2,1,81,91,92
d363d52d-99b4-4258-9e83-eca4fbdf4722,netgear-r6350.pdf,Share USB Storage Devices Attached to the Router > Access a storage device connected to the router > Access a storage device connected to the router from a Windows-based computer,3,2,1,685,91,91
d363d52d-99b4-4258-9e83-eca4fbdf4722,netgear-r6350.pdf,Share USB Storage Devices Attached to the Router > Access a storage device connected to the router > Access a storage device that is connected to the router from a Mac,3,2,1,1262,91,92
d363d52d-99b4-4258-9e83-eca4fbdf4722,netgear-r6350.pdf,Share USB Storage Devices Attached to the Router > Add a network folder on a USB storage device,2,2,1,1765,100,101
d363d52d-99b4-4258-9e83-eca4fbdf4722,netgear-r6350.pdf,Share USB Storage Devices Attached to the Router > Back up Mac computers with Time Machine,2,2,1,437,94,96
d363d52d-99b4-4258-9e83-eca4fbdf4722,netgear-r6350.pdf,Share USB Storage Devices Attached to the Router > Back up Mac computers with Time Machine > Prepare to back up a large amount of data,3,2,1,1079,95,95
d363d52d-99b4-4258-9e83-eca4fbdf4722,netgear-r6350.pdf,Share USB Storage Devices Attached to the Router > Back up Mac computers with Time Machine > Set up a USB hard drive on a Mac,3,2,1,1321,94,94
d363d52d-99b4-4258-9e83-eca4fbdf4722,netgear-r6350.pdf,Share USB Storage Devices Attached to the Router > Back up Mac computers with Time Machine > Use Time Machine to back up onto a USB hard disk,3,2,1,1953,95,96
d363d52d-99b4-4258-9e83-eca4fbdf4722,netgear-r6350.pdf,Share USB Storage Devices Attached to the Router > Back up Windows-based computers with ReadySHARE Vault,2,2,1,1033,93,93
d363d52d-99b4-4258-9e83-eca4fbdf4722,netgear-r6350.pdf,Share USB Storage Devices Attached to the Router > Connect a USB storage device to the router,2,2,1,646,90,90
d363d52d-99b4-4258-9e83-eca4fbdf4722,netgear-r6350.pdf,Share USB Storage Devices Attached to the Router > Edit a network folder on a USB storage device,2,2,1,859,101,102
d363d52d-99b4-4258-9e83-eca4fbdf4722,netgear-r6350.pdf,Share USB Storage Devices Attached to the Router > Enable FTP access within your network,2,2,1,725,99,99
d363d52d-99b4-4258-9e83-eca4fbdf4722,netgear-r6350.pdf,Share USB Storage Devices Attached to the Router > Manage Access to a Storage Device,2,2,1,3868,97,98
d363d52d-99b4-4258-9e83-eca4fbdf4722,netgear-r6350.pdf,Share USB Storage Devices Attached to the Router > Map a USB device to a Windows network drive,2,2,1,1170,92,93
d363d52d-99b4-4258-9e83-eca4fbdf4722,netgear-r6350.pdf,Share USB Storage Devices Attached to the Router > Safely remove a USB storage device,2,2,1,887,102,102
d363d52d-99b4-4258-9e83-eca4fbdf4722,netgear-r6350.pdf,Share USB Storage Devices Attached to the Router > USB device requirements,2,2,1,717,90,90
d363d52d-99b4-4258-9e83-eca4fbdf4722,netgear-r6350.pdf,Share USB Storage Devices Attached to the Router > View network folders on a storage device,2,2,1,1419,99,100
d363d52d-99b4-4258-9e83-eca4fbdf4722,netgear-r6350.pdf,Specify Your Internet Settings,1,2,1,444,24,43
d363d52d-99b4-4258-9e83-eca4fbdf4722,netgear-r6350.pdf,Specify Your Internet Settings > Manage the MTU size,2,2,1,90,42,43
d363d52d-99b4-4258-9e83-eca4fbdf4722,netgear-r6350.pdf,Specify Your Internet Settings > Manage the MTU size > Change the MTU size,3,2,1,1049,43,43
d363d52d-99b4-4258-9e83-eca4fbdf4722,netgear-r6350.pdf,Specify Your Internet Settings > Manage the MTU size > MTU concepts,3,2,1,2005,42,43
d363d52d-99b4-4258-9e83-eca4fbdf4722,netgear-r6350.pdf,Specify Your Internet Settings > Manually set up the Internet connection,2,2,1,65,25,30
d363d52d-99b4-4258-9e83-eca4fbdf4722,netgear-r6350.pdf,Specify Your Internet Settings > Manually set up the Internet connection > Specify an Internet connection that uses a login and PPPoE service,3,2,1,3179,27,28
d363d52d-99b4-4258-9e83-eca4fbdf4722,netgear-r6350.pdf,Specify Your Internet Settings > Manually set up the Internet connection > Specify an Internet connection that uses a login and PPTP or L2TP service,3,2,1,3115,28,30
d363d52d-99b4-4258-9e83-eca4fbdf4722,netgear-r6350.pdf,Specify Your Internet Settings > Manually set up the Internet connection > Specify an Internet connection without a login,3,2,1,2292,25,27
d363d52d-99b4-4258-9e83-eca4fbdf4722,netgear-r6350.pdf,Specify Your Internet Settings > Specify IPv6 Internet connections,2,2,1,1017,30,41
d363d52d-99b4-4258-9e83-eca4fbdf4722,netgear-r6350.pdf,Specify Your Internet Settings > Specify IPv6 Internet connections > Requirements for entering IPv6 addresses,3,2,1,376,31,31
d363d52d-99b4-4258-9e83-eca4fbdf4722,netgear-r6350.pdf,Specify Your Internet Settings > Specify IPv6 Internet connections > Set Up an IPv6 6rd Tunnel Connection,3,2,1,3035,35,36
d363d52d-99b4-4258-9e83-eca4fbdf4722,netgear-r6350.pdf,Specify Your Internet Settings > Specify IPv6 Internet connections > Set up a fixed IPv6 Internet connection,3,2,1,1920,37,38
d363d52d-99b4-4258-9e83-eca4fbdf4722,netgear-r6350.pdf,Specify Your Internet Settings > Specify IPv6 Internet connections > Set up an IPv6 6to4 tunnel Internet connection,3,2,1,2548,34,35
d363d52d-99b4-4258-9e83-eca4fbdf4722,netgear-r6350.pdf,Specify Your Internet Settings > Specify IPv6 Internet connections > Set up an IPv6 DHCP Internet connection,3,2,1,3010,38,40
d363d52d-99b4-4258-9e83-eca4fbdf4722,netgear-r6350.pdf,Specify Your Internet Settings > Specify IPv6 Internet connections > Set up an IPv6 PPPoE Internet connection,3,2,1,3323,40,41
d363d52d-99b4-4258-9e83-eca4fbdf4722,netgear-r6350.pdf,Specify Your Internet Settings > Specify IPv6 Internet connections > Set up an IPv6 pass-through Internet connection,3,2,1,883,37,37
d363d52d-99b4-4258-9e83-eca4fbdf4722,netgear-r6350.pdf,Specify Your Internet Settings > Specify IPv6 Internet connections > Use Auto Config for an IPv6 Internet connection,3,2,1,3023,31,32
d363d52d-99b4-4258-9e83-eca4fbdf4722,netgear-r6350.pdf,Specify Your Internet Settings > Specify IPv6 Internet connections > Use Auto Detect for an IPv6 Internet connection,3,2,1,2057,33,34
d363d52d-99b4-4258-9e83-eca4fbdf4722,netgear-r6350.pdf,Specify Your Internet Settings > Use the Internet Setup Wizard,2,2,1,1031,25,25
d363d52d-99b4-4258-9e83-eca4fbdf4722,netgear-r6350.pdf,Supplemental Information,1,2,1,175,199,204
d363d52d-99b4-4258-9e83-eca4fbdf4722,netgear-r6350.pdf,Supplemental Information > Factory Settings,2,2,1,2813,200,202
d363d52d-99b4-4258-9e83-eca4fbdf4722,netgear-r6350.pdf,Supplemental Information > Technical Specifications,2,2,1,1725,203,204
d363d52d-99b4-4258-9e83-eca4fbdf4722,netgear-r6350.pdf,Troubleshooting,1,2,1,572,189,198
d363d52d-99b4-4258-9e83-eca4fbdf4722,netgear-r6350.pdf,Troubleshooting > Changes are not saved,2,2,1,403,195,195
d363d52d-99b4-4258-9e83-eca4fbdf4722,netgear-r6350.pdf,Troubleshooting > Quick tips,2,2,1,69,190,191
d363d52d-99b4-4258-9e83-eca4fbdf4722,netgear-r6350.pdf,Troubleshooting > Quick tips > Check the WiFi settings,3,2,1,406,190,190
d363d52d-99b4-4258-9e83-eca4fbdf4722,netgear-r6350.pdf,Troubleshooting > Quick tips > Check the network settings,3,2,1,593,190,191
d363d52d-99b4-4258-9e83-eca4fbdf4722,netgear-r6350.pdf,Troubleshooting > Quick tips > Check the power adapter and Ethernet cable connections,3,2,1,515,190,190
d363d52d-99b4-4258-9e83-eca4fbdf4722,netgear-r6350.pdf,Troubleshooting > Quick tips > Sequence to restart your network,3,2,1,212,190,190
d363d52d-99b4-4258-9e83-eca4fbdf4722,netgear-r6350.pdf,Troubleshooting > Troubleshoot Internet browsing,2,2,1,1129,194,195
d363d52d-99b4-4258-9e83-eca4fbdf4722,netgear-r6350.pdf,Troubleshooting > Troubleshoot WiFi connectivity,2,2,1,1221,195,196
d363d52d-99b4-4258-9e83-eca4fbdf4722,netgear-r6350.pdf,Troubleshooting > Troubleshoot with the LEDs,2,2,1,50,191,192
d363d52d-99b4-4258-9e83-eca4fbdf4722,netgear-r6350.pdf,Troubleshooting > Troubleshoot with the LEDs > Internet or Ethernet LAN port LEDs are off,3,2,1,536,192,192
d363d52d-99b4-4258-9e83-eca4fbdf4722,netgear-r6350.pdf,Troubleshooting > Troubleshoot with the LEDs > Power LED is off or blinking,3,2,1,677,191,191
d363d52d-99b4-4258-9e83-eca4fbdf4722,netgear-r6350.pdf,Troubleshooting > Troubleshoot with the LEDs > Standard LED behavior when the router is powered on,3,2,1,395,191,191
d363d52d-99b4-4258-9e83-eca4fbdf4722,netgear-r6350.pdf,Troubleshooting > Troubleshoot your network using the ping utility,2,2,1,254,196,198
d363d52d-99b4-4258-9e83-eca4fbdf4722,netgear-r6350.pdf,Troubleshooting > Troubleshoot your network using the ping utility > Test the LAN path to your router,3,2,1,1401,196,197
d363d52d-99b4-4258-9e83-eca4fbdf4722,netgear-r6350.pdf,Troubleshooting > Troubleshoot your network using the ping utility > Test the path from a Windows-based computer to a remote device,3,2,1,1579,197,198
d363d52d-99b4-4258-9e83-eca4fbdf4722,netgear-r6350.pdf,Troubleshooting > You cannot access the Internet,2,2,1,2982,193,194
d363d52d-99b4-4258-9e83-eca4fbdf4722,netgear-r6350.pdf,Troubleshooting > You cannot log in to the router,2,2,1,2465,192,193
d363d52d-99b4-4258-9e83-eca4fbdf4722,netgear-r6350.pdf,Use Dynamic DNS to Access USB Storage Devices Through the Internet,1,2,1,384,103,108
d363d52d-99b4-4258-9e83-eca4fbdf4722,netgear-r6350.pdf,Use Dynamic DNS to Access USB Storage Devices Through the Internet > Access USB storage devices through the Internet,2,2,1,646,108,108
d363d52d-99b4-4258-9e83-eca4fbdf4722,netgear-r6350.pdf,Use Dynamic DNS to Access USB Storage Devices Through the Internet > Set Up FTP Access Through the Internet,2,2,1,946,104,105
d363d52d-99b4-4258-9e83-eca4fbdf4722,netgear-r6350.pdf,Use Dynamic DNS to Access USB Storage Devices Through the Internet > Set up and manage Dynamic DNS,2,2,1,967,104,104
d363d52d-99b4-4258-9e83-eca4fbdf4722,netgear-r6350.pdf,Use Dynamic DNS to Access USB Storage Devices Through the Internet > Your personal FTP server,2,2,1,444,105,108
d363d52d-99b4-4258-9e83-eca4fbdf4722,netgear-r6350.pdf,Use Dynamic DNS to Access USB Storage Devices Through the Internet > Your personal FTP server > Change the Dynamic DNS settings,3,2,1,673,107,108
d363d52d-99b4-4258-9e83-eca4fbdf4722,netgear-r6350.pdf,Use Dynamic DNS to Access USB Storage Devices Through the Internet > Your personal FTP server > Set Up Your Personal FTP Server,3,2,1,967,105,106
d363d52d-99b4-4258-9e83-eca4fbdf4722,netgear-r6350.pdf,Use Dynamic DNS to Access USB Storage Devices Through the Internet > Your personal FTP server > Set up a new Dynamic DNS account,3,2,1,1270,106,106
d363d52d-99b4-4258-9e83-eca4fbdf4722,netgear-r6350.pdf,Use Dynamic DNS to Access USB Storage Devices Through the Internet > Your personal FTP server > Specify a DNS account that you already created,3,2,1,1583,106,107
d363d52d-99b4-4258-9e83-eca4fbdf4722,netgear-r6350.pdf,Use VPN to Access Your Network,1,2,1,452,166,176
d363d52d-99b4-4258-9e83-eca4fbdf4722,netgear-r6350.pdf,Use VPN to Access Your Network > Install OpenVPN software,2,2,1,163,168,172
d363d52d-99b4-4258-9e83-eca4fbdf4722,netgear-r6350.pdf,Use VPN to Access Your Network > Install OpenVPN software > Install OpenVPN Software on Your Mac Computer,3,2,1,1422,170,171
d363d52d-99b4-4258-9e83-eca4fbdf4722,netgear-r6350.pdf,Use VPN to Access Your Network > Install OpenVPN software > Install OpenVPN Software on Your Windows-Based Computer,3,2,1,2709,168,170
d363d52d-99b4-4258-9e83-eca4fbdf4722,netgear-r6350.pdf,Use VPN to Access Your Network > Install OpenVPN software > Install OpenVPN Software on an Android Device,3,2,1,1348,172,172
d363d52d-99b4-4258-9e83-eca4fbdf4722,netgear-r6350.pdf,Use VPN to Access Your Network > Install OpenVPN software > Install OpenVPN Software on an iOS Device,3,2,1,1346,171,171
d363d52d-99b4-4258-9e83-eca4fbdf4722,netgear-r6350.pdf,Use VPN to Access Your Network > Set up a VPN connection,2,2,1,855,167,167
d363d52d-99b4-4258-9e83-eca4fbdf4722,netgear-r6350.pdf,Use VPN to Access Your Network > Specify VPN Service in the Router,2,2,1,1176,167,168
d363d52d-99b4-4258-9e83-eca4fbdf4722,netgear-r6350.pdf,Use VPN to Access Your Network > Use VPN to Access the Router’s USB Device and Media,2,2,1,856,174,174
d363d52d-99b4-4258-9e83-eca4fbdf4722,netgear-r6350.pdf,Use VPN to Access Your Network > Use a VPN Tunnel on Your Windows-Based Computer,2,2,1,1420,173,173
d363d52d-99b4-4258-9e83-eca4fbdf4722,netgear-r6350.pdf,Use VPN to Access Your Network > Use a VPN Tunnel to Access Your Internet Service at Home,2,2,1,396,174,176
d363d52d-99b4-4258-9e83-eca4fbdf4722,netgear-r6350.pdf,Use VPN to Access Your Network > Use a VPN Tunnel to Access Your Internet Service at Home > Block VPN Client Internet Access in the Router,3,2,1,1407,175,176
d363d52d-99b4-4258-9e83-eca4fbdf4722,netgear-r6350.pdf,Use VPN to Access Your Network > Use a VPN Tunnel to Access Your Internet Service at Home > Set Up VPN Client Internet Access in the Router,3,2,1,1485,175,175
d363d52d-99b4-4258-9e83-eca4fbdf4722,netgear-r6350.pdf,Use VPN to Access Your Network > Use a VPN Tunnel to Access Your Internet Service at Home > Use VPN to access your Internet service at home,3,2,1,563,176,176
d363d52d-99b4-4258-9e83-eca4fbdf4722,netgear-r6350.pdf,Use the Router as a Media Server,1,2,1,179,109,114
d363d52d-99b4-4258-9e83-eca4fbdf4722,netgear-r6350.pdf,Use the Router as a Media Server > Play Music From a Storage Device With iTunes Server,2,2,1,457,111,113
d363d52d-99b4-4258-9e83-eca4fbdf4722,netgear-r6350.pdf,Use the Router as a Media Server > Play Music From a Storage Device With iTunes Server > Set Up the Router’s iTunes Server With iTunes,3,2,1,1854,111,112
d363d52d-99b4-4258-9e83-eca4fbdf4722,netgear-r6350.pdf,Use the Router as a Media Server > Play Music From a Storage Device With iTunes Server > Set Up the Router’s iTunes Server With the Remote App,3,2,1,1933,112,113
d363d52d-99b4-4258-9e83-eca4fbdf4722,netgear-r6350.pdf,Use the Router as a Media Server > Set Up the Router to Work With TiVo,2,2,1,1189,113,114
d363d52d-99b4-4258-9e83-eca4fbdf4722,netgear-r6350.pdf,Use the Router as a Media Server > Specify ReadyDLNA Media Server Settings,2,2,1,1976,110,111
d363d52d-99b4-4258-9e83-eca4fbdf4722,netgear-r6350.pdf,[ROOT],0,1,1,1367,1,2
8a56b2bf-5d68-4806-abb7-de39894bb404,netgear-r7000.pdf,Connect to the Network and Access the Router,1,2,1,376,18,23
8a56b2bf-5d68-4806-abb7-de39894bb404,netgear-r7000.pdf,Connect to the Network and Access the Router > Change the Language,2,2,1,632,23,23
8a56b2bf-5d68-4806-abb7-de39894bb404,netgear-r7000.pdf,Connect to the Network and Access the Router > Connect to the Network,2,2,1,211,19,20
8a56b2bf-5d68-4806-abb7-de39894bb404,netgear-r7000.pdf,Connect to the Network and Access the Router > Connect to the Network > WiFi Connection,3,2,1,361,19,19
8a56b2bf-5d68-4806-abb7-de39894bb404,netgear-r7000.pdf,Connect to the Network and Access the Router > Connect to the Network > WiFi Connection Using WPS,3,2,1,545,19,20
8a56b2bf-5d68-4806-abb7-de39894bb404,netgear-r7000.pdf,Connect to the Network and Access the Router > Connect to the Network > Wired Connection,3,2,1,456,19,19
8a56b2bf-5d68-4806-abb7-de39894bb404,netgear-r7000.pdf,Connect to the Network and Access the Router > Install and Manage Your Router With the Nighthawk App,2,2,1,779,22,23
8a56b2bf-5d68-4806-abb7-de39894bb404,netgear-r7000.pdf,Connect to the Network and Access the Router > Types of Logins,2,2,1,704,20,20
8a56b2bf-5d68-4806-abb7-de39894bb404,netgear-r7000.pdf,Connect to the Network and Access the Router > Use a Web Browser to Access the Router,2,2,1,278,20,22
8a56b2bf-5d68-4806-abb7-de39894bb404,netgear-r7000.pdf,Connect to the Network and Access the Router > Use a Web Browser to Access the Router > Automatic Internet Setup,3,2,1,3097,20,22
8a56b2bf-5d68-4806-abb7-de39894bb404,netgear-r7000.pdf,Connect to the Network and Access the Router > Use a Web Browser to Access the Router > Log In to the Router,3,2,1,822,22,22
8a56b2bf-5d68-4806-abb7-de39894bb404,netgear-r7000.pdf,Control Access to the Internet,1,2,1,382,43,52
8a56b2bf-5d68-4806-abb7-de39894bb404,netgear-r7000.pdf,Control Access to the Internet > Allow or Block Access to Your Network,2,2,1,2029,44,45
8a56b2bf-5d68-4806-abb7-de39894bb404,netgear-r7000.pdf,Control Access to the Internet > Manage Network Access Control Lists,2,2,1,908,49,50
8a56b2bf-5d68-4806-abb7-de39894bb404,netgear-r7000.pdf,Control Access to the Internet > Schedule When to Block Internet Sites and Services,2,2,1,1011,50,50
8a56b2bf-5d68-4806-abb7-de39894bb404,netgear-r7000.pdf,Control Access to the Internet > Set Up Security Event Email Notifications,2,2,1,2567,51,52
8a56b2bf-5d68-4806-abb7-de39894bb404,netgear-r7000.pdf,Control Access to the Internet > Use Keywords to Block Internet Sites,2,2,1,1441,45,49
8a56b2bf-5d68-4806-abb7-de39894bb404,netgear-r7000.pdf,Control Access to the Internet > Use Keywords to Block Internet Sites > Avoid Blocking on a Trusted Computer,3,2,1,980,48,49
8a56b2bf-5d68-4806-abb7-de39894bb404,netgear-r7000.pdf,Control Access to the Internet > Use Keywords to Block Internet Sites > Block Services From the Internet,3,2,1,2073,47,48
8a56b2bf-5d68-4806-abb7-de39894bb404,netgear-r7000.pdf,Control Access to the Internet > Use Keywords to Block Internet Sites > Delete Keywords From the Blocked List,3,2,1,787,48,48
8a56b2bf-5d68-4806-abb7-de39894bb404,netgear-r7000.pdf,Hardware Setup,1,2,1,300,9,17
8a56b2bf-5d68-4806-abb7-de39894bb404,netgear-r7000.pdf,Hardware Setup > Cable Your Router,2,2,1,666,17,17
8a56b2bf-5d68-4806-abb7-de39894bb404,netgear-r7000.pdf,Hardware Setup > Extend the Antennas,2,2,1,117,15,15
8a56b2bf-5d68-4806-abb7-de39894bb404,netgear-r7000.pdf,Hardware Setup > Position Your Router,2,2,1,1431,16,17
8a56b2bf-5d68-4806-abb7-de39894bb404,netgear-r7000.pdf,Hardware Setup > Rear Panel,2,2,1,1018,14,14
8a56b2bf-5d68-4806-abb7-de39894bb404,netgear-r7000.pdf,Hardware Setup > Router Label,2,2,1,192,15,15
8a56b2bf-5d68-4806-abb7-de39894bb404,netgear-r7000.pdf,Hardware Setup > Top Panel LEDs and Buttons,2,2,1,3234,11,13
8a56b2bf-5d68-4806-abb7-de39894bb404,netgear-r7000.pdf,Hardware Setup > Unpack Your Router,2,2,1,102,10,10
8a56b2bf-5d68-4806-abb7-de39894bb404,netgear-r7000.pdf,Manage Network Settings,1,2,1,980,64,93
8a56b2bf-5d68-4806-abb7-de39894bb404,netgear-r7000.pdf,Manage Network Settings > Change the LAN TCP/IP Settings,2,2,1,2422,67,69
8a56b2bf-5d68-4806-abb7-de39894bb404,netgear-r7000.pdf,Manage Network Settings > Change the Router’s Device Name,2,2,1,751,67,67
8a56b2bf-5d68-4806-abb7-de39894bb404,netgear-r7000.pdf,Manage Network Settings > Change the WiFi Mbps Settings,2,2,1,2214,75,77
8a56b2bf-5d68-4806-abb7-de39894bb404,netgear-r7000.pdf,Manage Network Settings > Change the WiFi Password or the WiFi Security,2,2,1,2255,77,78
8a56b2bf-5d68-4806-abb7-de39894bb404,netgear-r7000.pdf,Manage Network Settings > Control the WiFi Radios,2,2,1,605,80,81
8a56b2bf-5d68-4806-abb7-de39894bb404,netgear-r7000.pdf,Manage Network Settings > Control the WiFi Radios > Enable or Disable the WiFi Radios,3,2,1,1041,81,81
8a56b2bf-5d68-4806-abb7-de39894bb404,netgear-r7000.pdf,Manage Network Settings > Control the WiFi Radios > Use the WiFi On/Off Button,3,2,1,300,81,81
8a56b2bf-5d68-4806-abb7-de39894bb404,netgear-r7000.pdf,Manage Network Settings > Custom Static Routes,2,2,1,1524,90,93
8a56b2bf-5d68-4806-abb7-de39894bb404,netgear-r7000.pdf,Manage Network Settings > Custom Static Routes > Delete a Static Route,3,2,1,638,93,93
8a56b2bf-5d68-4806-abb7-de39894bb404,netgear-r7000.pdf,Manage Network Settings > Custom Static Routes > Edit a Static Route,3,2,1,716,92,92
8a56b2bf-5d68-4806-abb7-de39894bb404,netgear-r7000.pdf,Manage Network Settings > Custom Static Routes > Set Up a Static Route,3,2,1,1869,91,92
8a56b2bf-5d68-4806-abb7-de39894bb404,netgear-r7000.pdf,Manage Network Settings > Disable the DHCP Server Feature in the Router,2,2,1,1140,70,71
8a56b2bf-5d68-4806-abb7-de39894bb404,netgear-r7000.pdf,Manage Network Settings > Manage Reserved LAN IP Addresses,2,2,1,252,71,73
8a56b2bf-5d68-4806-abb7-de39894bb404,netgear-r7000.pdf,Manage Network Settings > Manage Reserved LAN IP Addresses > Delete a Reserved IP Address Entry,3,2,1,643,72,73
8a56b2bf-5d68-4806-abb7-de39894bb404,netgear-r7000.pdf,Manage Network Settings > Manage Reserved LAN IP Addresses > Edit a Reserved IP Address,3,2,1,732,72,72
8a56b2bf-5d68-4806-abb7-de39894bb404,netgear-r7000.pdf,Manage Network Settings > Manage Reserved LAN IP Addresses > Reserve an IP Address,3,2,1,1177,71,72
8a56b2bf-5d68-4806-abb7-de39894bb404,netgear-r7000.pdf,Manage Network Settings > Set Up a Bridge for a Port Group or VLAN Tag Group,2,2,1,485,87,90
8a56b2bf-5d68-4806-abb7-de39894bb404,netgear-r7000.pdf,Manage Network Settings > Set Up a Bridge for a Port Group or VLAN Tag Group > Set Up a Bridge for a Port Group,3,2,1,1672,87,88
8a56b2bf-5d68-4806-abb7-de39894bb404,netgear-r7000.pdf,Manage Network Settings > Set Up a Bridge for a Port Group or VLAN Tag Group > Set Up a Bridge for a VLAN Tag Group,3,2,1,2206,88,90
8a56b2bf-5d68-4806-abb7-de39894bb404,netgear-r7000.pdf,Manage Network Settings > Set Up a Default DMZ Server,2,2,1,1752,66,67
8a56b2bf-5d68-4806-abb7-de39894bb404,netgear-r7000.pdf,Manage Network Settings > Set Up a Guest WiFi Network,2,2,1,4826,78,80
8a56b2bf-5d68-4806-abb7-de39894bb404,netgear-r7000.pdf,Manage Network Settings > Set Up a WiFi Schedule,2,2,1,1105,81,82
8a56b2bf-5d68-4806-abb7-de39894bb404,netgear-r7000.pdf,Manage Network Settings > Set Up the Router as a WiFi Access Point,2,2,1,1597,83,84
8a56b2bf-5d68-4806-abb7-de39894bb404,netgear-r7000.pdf,Manage Network Settings > Set Up the Router as a WiFi Repeater,2,2,1,2146,86,87
8a56b2bf-5d68-4806-abb7-de39894bb404,netgear-r7000.pdf,Manage Network Settings > Set Up the Router in Bridge Mode,2,2,1,2439,84,86
8a56b2bf-5d68-4806-abb7-de39894bb404,netgear-r7000.pdf,Manage Network Settings > Specify Basic WiFi Settings,2,2,1,3289,74,75
8a56b2bf-5d68-4806-abb7-de39894bb404,netgear-r7000.pdf,Manage Network Settings > Specify WPS Settings,2,2,1,1539,82,83
8a56b2bf-5d68-4806-abb7-de39894bb404,netgear-r7000.pdf,Manage Network Settings > Specify the IP Addresses That the Router Assigns,2,2,1,1778,69,70
8a56b2bf-5d68-4806-abb7-de39894bb404,netgear-r7000.pdf,Manage Network Settings > Use the WPS Wizard for WiFi Connections,2,2,1,1097,73,74
8a56b2bf-5d68-4806-abb7-de39894bb404,netgear-r7000.pdf,Manage Network Settings > View or Change WAN Settings,2,2,1,2491,65,66
8a56b2bf-5d68-4806-abb7-de39894bb404,netgear-r7000.pdf,Manage Port Forwarding and Port Triggering,1,2,1,248,162,170
8a56b2bf-5d68-4806-abb7-de39894bb404,netgear-r7000.pdf,Manage Port Forwarding and Port Triggering > Manage Port Forwarding to a Local Server,2,2,1,479,163,167
8a56b2bf-5d68-4806-abb7-de39894bb404,netgear-r7000.pdf,Manage Port Forwarding and Port Triggering > Manage Port Forwarding to a Local Server > Add a Custom Port Forwarding Service,3,2,1,2022,164,165
8a56b2bf-5d68-4806-abb7-de39894bb404,netgear-r7000.pdf,Manage Port Forwarding and Port Triggering > Manage Port Forwarding to a Local Server > Application Example: Make a Local Web Server Public,3,2,1,938,166,166
8a56b2bf-5d68-4806-abb7-de39894bb404,netgear-r7000.pdf,Manage Port Forwarding and Port Triggering > Manage Port Forwarding to a Local Server > Delete a Port Forwarding Entry,3,2,1,747,166,166
8a56b2bf-5d68-4806-abb7-de39894bb404,netgear-r7000.pdf,Manage Port Forwarding and Port Triggering > Manage Port Forwarding to a Local Server > Edit a Port Forwarding Service,3,2,1,866,165,165
8a56b2bf-5d68-4806-abb7-de39894bb404,netgear-r7000.pdf,Manage Port Forwarding and Port Triggering > Manage Port Forwarding to a Local Server > How the Router Implements the Port Forwarding Rule,3,2,1,926,167,167
8a56b2bf-5d68-4806-abb7-de39894bb404,netgear-r7000.pdf,Manage Port Forwarding and Port Triggering > Manage Port Forwarding to a Local Server > Set Up Port Forwarding to a Local Server,3,2,1,1328,163,164
8a56b2bf-5d68-4806-abb7-de39894bb404,netgear-r7000.pdf,Manage Port Forwarding and Port Triggering > Port Triggering,2,2,1,1093,167,170
8a56b2bf-5d68-4806-abb7-de39894bb404,netgear-r7000.pdf,Manage Port Forwarding and Port Triggering > Port Triggering > Add a Port Triggering Service,3,2,1,1485,168,168
8a56b2bf-5d68-4806-abb7-de39894bb404,netgear-r7000.pdf,Manage Port Forwarding and Port Triggering > Port Triggering > Application Example: Port Triggering for Internet Relay Chat,3,2,1,2611,169,170
8a56b2bf-5d68-4806-abb7-de39894bb404,netgear-r7000.pdf,Manage Port Forwarding and Port Triggering > Port Triggering > Enable Port Triggering,3,2,1,1087,169,169
8a56b2bf-5d68-4806-abb7-de39894bb404,netgear-r7000.pdf,Manage Your Router,1,2,1,770,94,112
8a56b2bf-5d68-4806-abb7-de39894bb404,netgear-r7000.pdf,Manage Your Router > Change the NTP Server,2,2,1,882,110,110
8a56b2bf-5d68-4806-abb7-de39894bb404,netgear-r7000.pdf,Manage Your Router > Change the admin Password,2,2,1,1152,97,97
8a56b2bf-5d68-4806-abb7-de39894bb404,netgear-r7000.pdf,Manage Your Router > Check the Internet Connection Status,2,2,1,1501,101,102
8a56b2bf-5d68-4806-abb7-de39894bb404,netgear-r7000.pdf,Manage Your Router > Disable LED Blinking or Turn Off LEDs,2,2,1,1040,109,109
8a56b2bf-5d68-4806-abb7-de39894bb404,netgear-r7000.pdf,Manage Your Router > Display Internet Port Statistics,2,2,1,1683,100,101
8a56b2bf-5d68-4806-abb7-de39894bb404,netgear-r7000.pdf,Manage Your Router > Enable admin Password Recovery,2,2,1,981,97,98
8a56b2bf-5d68-4806-abb7-de39894bb404,netgear-r7000.pdf,Manage Your Router > Manage the Router Configuration File,2,2,1,202,105,106
8a56b2bf-5d68-4806-abb7-de39894bb404,netgear-r7000.pdf,Manage Your Router > Manage the Router Configuration File > Back Up Settings,3,2,1,706,105,105
8a56b2bf-5d68-4806-abb7-de39894bb404,netgear-r7000.pdf,Manage Your Router > Manage the Router Configuration File > Erase the Settings,3,2,1,994,105,106
8a56b2bf-5d68-4806-abb7-de39894bb404,netgear-r7000.pdf,Manage Your Router > Manage the Router Configuration File > Restore Configuration Settings,3,2,1,760,106,106
8a56b2bf-5d68-4806-abb7-de39894bb404,netgear-r7000.pdf,Manage Your Router > Monitor Internet Traffic,2,2,1,2387,103,105
8a56b2bf-5d68-4806-abb7-de39894bb404,netgear-r7000.pdf,Manage Your Router > Recover the admin Password,2,2,1,849,98,99
8a56b2bf-5d68-4806-abb7-de39894bb404,netgear-r7000.pdf,Manage Your Router > Remote Access,2,2,1,433,107,108
8a56b2bf-5d68-4806-abb7-de39894bb404,netgear-r7000.pdf,Manage Your Router > Remote Access > Set Up Remote Management,3,2,1,1615,107,108
8a56b2bf-5d68-4806-abb7-de39894bb404,netgear-r7000.pdf,Manage Your Router > Remote Access > Use Remote Access,3,2,1,370,108,108
8a56b2bf-5d68-4806-abb7-de39894bb404,netgear-r7000.pdf,Manage Your Router > Remotely Access Your Router Using the Nighthawk App,2,2,1,455,108,108
8a56b2bf-5d68-4806-abb7-de39894bb404,netgear-r7000.pdf,Manage Your Router > Return the Router to Its Factory Default Settings,2,2,1,906,111,112
8a56b2bf-5d68-4806-abb7-de39894bb404,netgear-r7000.pdf,Manage Your Router > Return the Router to Its Factory Default Settings > Erase the Settings,3,2,1,994,111,112
8a56b2bf-5d68-4806-abb7-de39894bb404,netgear-r7000.pdf,Manage Your Router > Return the Router to Its Factory Default Settings > Use the Reset Button,3,2,1,723,111,111
8a56b2bf-5d68-4806-abb7-de39894bb404,netgear-r7000.pdf,Manage Your Router > Set Your Time Zone,2,2,1,744,109,110
8a56b2bf-5d68-4806-abb7-de39894bb404,netgear-r7000.pdf,Manage Your Router > Update the Router Firmware,2,2,1,137,95,96
8a56b2bf-5d68-4806-abb7-de39894bb404,netgear-r7000.pdf,Manage Your Router > Update the Router Firmware > Check for New Firmware and Update the Router,3,2,1,1594,95,96
8a56b2bf-5d68-4806-abb7-de39894bb404,netgear-r7000.pdf,Manage Your Router > Update the Router Firmware > Manually Upload Firmware to the Router,3,2,1,1464,96,96
8a56b2bf-5d68-4806-abb7-de39894bb404,netgear-r7000.pdf,Manage Your Router > View Devices Currently on the Network,2,2,1,1080,103,103
8a56b2bf-5d68-4806-abb7-de39894bb404,netgear-r7000.pdf,Manage Your Router > View Information About the Router and the Internet and WiFi Settings,2,2,1,1246,99,99
8a56b2bf-5d68-4806-abb7-de39894bb404,netgear-r7000.pdf,Manage Your Router > View and Manage Logs of Router Activity,2,2,1,1627,102,102
8a56b2bf-5d68-4806-abb7-de39894bb404,netgear-r7000.pdf,Optimize Performance,1,2,1,228,53,63
8a56b2bf-5d68-4806-abb7-de39894bb404,netgear-r7000.pdf,Optimize Performance > Enable or Disable Smart Connect,2,2,1,1145,63,63
8a56b2bf-5d68-4806-abb7-de39894bb404,netgear-r7000.pdf,Optimize Performance > Improve Network Connections With Universal Plug-N-Play,2,2,1,2446,61,62
8a56b2bf-5d68-4806-abb7-de39894bb404,netgear-r7000.pdf,Optimize Performance > Manage Wi-Fi Multimedia Quality of Service,2,2,1,1367,62,63
8a56b2bf-5d68-4806-abb7-de39894bb404,netgear-r7000.pdf,Optimize Performance > Optimize Internet Streaming With Dynamic QoS,2,2,1,498,54,60
8a56b2bf-5d68-4806-abb7-de39894bb404,netgear-r7000.pdf,Optimize Performance > Optimize Internet Streaming With Dynamic QoS > Enable Advanced QoS and Manually Set Up QoS Rules,3,2,1,1042,54,59
8a56b2bf-5d68-4806-abb7-de39894bb404,netgear-r7000.pdf,Optimize Performance > Optimize Internet Streaming With Dynamic QoS > Enable Advanced QoS and Manually Set Up QoS Rules > Add a QoS Rule by Device,4,2,1,1249,55,56
8a56b2bf-5d68-4806-abb7-de39894bb404,netgear-r7000.pdf,Optimize Performance > Optimize Internet Streaming With Dynamic QoS > Enable Advanced QoS and Manually Set Up QoS Rules > Add a QoS Rule by LAN pot,4,2,1,989,56,57
8a56b2bf-5d68-4806-abb7-de39894bb404,netgear-r7000.pdf,Optimize Performance > Optimize Internet Streaming With Dynamic QoS > Enable Advanced QoS and Manually Set Up QoS Rules > Add a QoS Rule by Service,4,2,1,997,55,55
8a56b2bf-5d68-4806-abb7-de39894bb404,netgear-r7000.pdf,Optimize Performance > Optimize Internet Streaming With Dynamic QoS > Enable Advanced QoS and Manually Set Up QoS Rules > Delete All QoS Rules,4,2,1,558,58,59
8a56b2bf-5d68-4806-abb7-de39894bb404,netgear-r7000.pdf,Optimize Performance > Optimize Internet Streaming With Dynamic QoS > Enable Advanced QoS and Manually Set Up QoS Rules > Delete a QoS Rule,4,2,1,619,58,58
8a56b2bf-5d68-4806-abb7-de39894bb404,netgear-r7000.pdf,Optimize Performance > Optimize Internet Streaming With Dynamic QoS > Enable Advanced QoS and Manually Set Up QoS Rules > Edit a QoS Rule,4,2,1,863,57,58
8a56b2bf-5d68-4806-abb7-de39894bb404,netgear-r7000.pdf,Optimize Performance > Optimize Internet Streaming With Dynamic QoS > Enable Dynamic QoS,3,2,1,1334,59,60
8a56b2bf-5d68-4806-abb7-de39894bb404,netgear-r7000.pdf,Optimize Performance > Optimize Internet Streaming With Dynamic QoS > Enable Dynamic QoS > Enable or Disable the Automatic QoS Database Update,4,2,1,987,60,60
8a56b2bf-5d68-4806-abb7-de39894bb404,netgear-r7000.pdf,Share USB Storage Devices Attached to the Router,1,2,1,1186,113,128
8a56b2bf-5d68-4806-abb7-de39894bb404,netgear-r7000.pdf,Share USB Storage Devices Attached to the Router > Access a Storage Device Connected to the Router From a Windows-Based Computer,2,2,1,685,115,115
8a56b2bf-5d68-4806-abb7-de39894bb404,netgear-r7000.pdf,Share USB Storage Devices Attached to the Router > Access a Storage Device That Is Connected to the Router From a Mac,2,2,1,1245,116,117
8a56b2bf-5d68-4806-abb7-de39894bb404,netgear-r7000.pdf,Share USB Storage Devices Attached to the Router > Add a Network Folder on a USB Storage Device,2,2,1,1775,122,123
8a56b2bf-5d68-4806-abb7-de39894bb404,netgear-r7000.pdf,Share USB Storage Devices Attached to the Router > Back Up Mac Computers With Time Machine,2,2,1,437,117,120
8a56b2bf-5d68-4806-abb7-de39894bb404,netgear-r7000.pdf,Share USB Storage Devices Attached to the Router > Back Up Mac Computers With Time Machine > Prepare to Back Up a Large Amount of Data,3,2,1,1079,119,119
8a56b2bf-5d68-4806-abb7-de39894bb404,netgear-r7000.pdf,Share USB Storage Devices Attached to the Router > Back Up Mac Computers With Time Machine > Set Up a USB Hard Drive on a Mac,3,2,1,1321,118,118
8a56b2bf-5d68-4806-abb7-de39894bb404,netgear-r7000.pdf,Share USB Storage Devices Attached to the Router > Back Up Mac Computers With Time Machine > Use Time Machine to Back Up Onto a USB Hard Disk,3,2,1,1955,119,120
8a56b2bf-5d68-4806-abb7-de39894bb404,netgear-r7000.pdf,Share USB Storage Devices Attached to the Router > Back Up Windows-Based Computers With ReadySHARE Vault,2,2,1,1033,117,117
8a56b2bf-5d68-4806-abb7-de39894bb404,netgear-r7000.pdf,Share USB Storage Devices Attached to the Router > Connect a USB Storage Device to the Router,2,2,1,649,114,114
8a56b2bf-5d68-4806-abb7-de39894bb404,netgear-r7000.pdf,Share USB Storage Devices Attached to the Router > Edit a Network Folder on a USB Storage Device,2,2,1,869,123,124
8a56b2bf-5d68-4806-abb7-de39894bb404,netgear-r7000.pdf,Share USB Storage Devices Attached to the Router > Enable FTP Access Within Your Network,2,2,1,735,121,121
8a56b2bf-5d68-4806-abb7-de39894bb404,netgear-r7000.pdf,Share USB Storage Devices Attached to the Router > Map a USB Device to a Windows Network Drive,2,2,1,1170,115,116
8a56b2bf-5d68-4806-abb7-de39894bb404,netgear-r7000.pdf,Share USB Storage Devices Attached to the Router > Safely Remove a USB Storage Device,2,2,1,897,127,128
8a56b2bf-5d68-4806-abb7-de39894bb404,netgear-r7000.pdf,Share USB Storage Devices Attached to the Router > Set Up NETGEAR Downloader,2,2,1,197,124,127
8a56b2bf-5d68-4806-abb7-de39894bb404,netgear-r7000.pdf,Share USB Storage Devices Attached to the Router > Set Up NETGEAR Downloader > Change the NETGEAR Downloader Settings,3,2,1,930,126,126
8a56b2bf-5d68-4806-abb7-de39894bb404,netgear-r7000.pdf,Share USB Storage Devices Attached to the Router > Set Up NETGEAR Downloader > Download Files Using NETGEAR Downloader,3,2,1,1480,124,125
8a56b2bf-5d68-4806-abb7-de39894bb404,netgear-r7000.pdf,Share USB Storage Devices Attached to the Router > Set Up NETGEAR Downloader > Manage NETGEAR Downloader Tasks,3,2,1,580,127,127
8a56b2bf-5d68-4806-abb7-de39894bb404,netgear-r7000.pdf,Share USB Storage Devices Attached to the Router > Set Up NETGEAR Downloader > Set Up Email Notifications for NETGEAR Downloader,3,2,1,774,125,126
8a56b2bf-5d68-4806-abb7-de39894bb404,netgear-r7000.pdf,Share USB Storage Devices Attached to the Router > USB Device Requirements,2,2,1,717,114,114
8a56b2bf-5d68-4806-abb7-de39894bb404,netgear-r7000.pdf,Share USB Storage Devices Attached to the Router > View or Change Network Folders on a Storage Device,2,2,1,1545,121,122
8a56b2bf-5d68-4806-abb7-de39894bb404,netgear-r7000.pdf,Share a USB Printer,1,2,1,608,145,148
8a56b2bf-5d68-4806-abb7-de39894bb404,netgear-r7000.pdf,Share a USB Printer > Download the ReadySHARE Printer Utility,2,2,1,459,146,146
8a56b2bf-5d68-4806-abb7-de39894bb404,netgear-r7000.pdf,Share a USB Printer > Install the Printer Driver and Cable the Printer,2,2,1,474,146,146
8a56b2bf-5d68-4806-abb7-de39894bb404,netgear-r7000.pdf,Share a USB Printer > Install the ReadySHARE Printer Utility,2,2,1,1421,146,147
8a56b2bf-5d68-4806-abb7-de39894bb404,netgear-r7000.pdf,Share a USB Printer > Print Using the NETGEAR USB Control Center,2,2,1,1222,147,148
8a56b2bf-5d68-4806-abb7-de39894bb404,netgear-r7000.pdf,Specify Your Internet Settings,1,2,1,425,24,42
8a56b2bf-5d68-4806-abb7-de39894bb404,netgear-r7000.pdf,Specify Your Internet Settings > Manage the MTU Size,2,2,1,90,40,42
8a56b2bf-5d68-4806-abb7-de39894bb404,netgear-r7000.pdf,Specify Your Internet Settings > Manage the MTU Size > Change the MTU Size,3,2,1,611,42,42
8a56b2bf-5d68-4806-abb7-de39894bb404,netgear-r7000.pdf,Specify Your Internet Settings > Manage the MTU Size > MTU Concepts,3,2,1,1987,40,42
8a56b2bf-5d68-4806-abb7-de39894bb404,netgear-r7000.pdf,Specify Your Internet Settings > Manually Set Up the Internet Connection,2,2,1,65,25,28
8a56b2bf-5d68-4806-abb7-de39894bb404,netgear-r7000.pdf,Specify Your Internet Settings > Manually Set Up the Internet Connection > Specify an Internet Connection That Uses a Login,3,2,1,2772,27,28
8a56b2bf-5d68-4806-abb7-de39894bb404,netgear-r7000.pdf,Specify Your Internet Settings > Manually Set Up the Internet Connection > Specify an Internet Connection Without a Login,3,2,1,2292,25,27
8a56b2bf-5d68-4806-abb7-de39894bb404,netgear-r7000.pdf,Specify Your Internet Settings > Specify IPv6 Internet Connections,2,2,1,1017,28,40
8a56b2bf-5d68-4806-abb7-de39894bb404,netgear-r7000.pdf,Specify Your Internet Settings > Specify IPv6 Internet Connections > Requirements for Entering IPv6 Addresses,3,2,1,376,29,29
8a56b2bf-5d68-4806-abb7-de39894bb404,netgear-r7000.pdf,Specify Your Internet Settings > Specify IPv6 Internet Connections > Set Up an IPv6 6rd Internet Connection,3,2,1,3715,38,40
8a56b2bf-5d68-4806-abb7-de39894bb404,netgear-r7000.pdf,Specify Your Internet Settings > Specify IPv6 Internet Connections > Set Up an IPv6 6to4 Tunnel Internet Connection,3,2,1,2348,30,32
8a56b2bf-5d68-4806-abb7-de39894bb404,netgear-r7000.pdf,Specify Your Internet Settings > Specify IPv6 Internet Connections > Set Up an IPv6 DHCP Internet Connection,3,2,1,2800,34,35
8a56b2bf-5d68-4806-abb7-de39894bb404,netgear-r7000.pdf,Specify Your Internet Settings > Specify IPv6 Internet Connections > Set Up an IPv6 Fixed Internet Connection,3,2,1,2133,32,34
8a56b2bf-5d68-4806-abb7-de39894bb404,netgear-r7000.pdf,Specify Your Internet Settings > Specify IPv6 Internet Connections > Set Up an IPv6 PPPoE Internet Connection,3,2,1,3123,35,37
8a56b2bf-5d68-4806-abb7-de39894bb404,netgear-r7000.pdf,Specify Your Internet Settings > Specify IPv6 Internet Connections > Set Up an IPv6 Pass Through Internet Connection,3,2,1,883,32,32
8a56b2bf-5d68-4806-abb7-de39894bb404,netgear-r7000.pdf,Specify Your Internet Settings > Specify IPv6 Internet Connections > Use Auto Config for an IPv6 Internet Connection,3,2,1,2784,37,38
8a56b2bf-5d68-4806-abb7-de39894bb404,netgear-r7000.pdf,Specify Your Internet Settings > Specify IPv6 Internet Connections > Use Auto Detect for an IPv6 Internet Connection,3,2,1,2268,29,30
8a56b2bf-5d68-4806-abb7-de39894bb404,netgear-r7000.pdf,Specify Your Internet Settings > Use the Internet Setup Wizard,2,2,1,1031,25,25
8a56b2bf-5d68-4806-abb7-de39894bb404,netgear-r7000.pdf,Supplemental Information,1,2,1,151,181,186
8a56b2bf-5d68-4806-abb7-de39894bb404,netgear-r7000.pdf,Supplemental Information > Factory Settings,2,2,1,2853,182,184
8a56b2bf-5d68-4806-abb7-de39894bb404,netgear-r7000.pdf,Supplemental Information > Technical Specifications,2,2,1,1827,185,186
8a56b2bf-5d68-4806-abb7-de39894bb404,netgear-r7000.pdf,Troubleshooting,1,2,1,543,171,180
8a56b2bf-5d68-4806-abb7-de39894bb404,netgear-r7000.pdf,Troubleshooting > Changes Are Not Saved,2,2,1,403,177,177
8a56b2bf-5d68-4806-abb7-de39894bb404,netgear-r7000.pdf,Troubleshooting > Quick Tips,2,2,1,69,172,172
8a56b2bf-5d68-4806-abb7-de39894bb404,netgear-r7000.pdf,Troubleshooting > Quick Tips > Check Ethernet Cable Connections,3,2,1,393,172,172
8a56b2bf-5d68-4806-abb7-de39894bb404,netgear-r7000.pdf,Troubleshooting > Quick Tips > Network Settings,3,2,1,466,172,172
8a56b2bf-5d68-4806-abb7-de39894bb404,netgear-r7000.pdf,Troubleshooting > Quick Tips > Sequence to Restart Your Network,3,2,1,212,172,172
8a56b2bf-5d68-4806-abb7-de39894bb404,netgear-r7000.pdf,Troubleshooting > Quick Tips > WiFi Settings,3,2,1,326,172,172
8a56b2bf-5d68-4806-abb7-de39894bb404,netgear-r7000.pdf,Troubleshooting > Troubleshoot Internet Browsing,2,2,1,1513,176,177
8a56b2bf-5d68-4806-abb7-de39894bb404,netgear-r7000.pdf,Troubleshooting > Troubleshoot WiFi Connectivity,2,2,1,1225,177,178
8a56b2bf-5d68-4806-abb7-de39894bb404,netgear-r7000.pdf,Troubleshooting > Troubleshoot With the LEDs,2,2,1,57,173,174
8a56b2bf-5d68-4806-abb7-de39894bb404,netgear-r7000.pdf,Troubleshooting > Troubleshoot With the LEDs > Internet or Ethernet Port LEDs Are Off,3,2,1,546,174,174
8a56b2bf-5d68-4806-abb7-de39894bb404,netgear-r7000.pdf,Troubleshooting > Troubleshoot With the LEDs > LEDs Never Turn Off,3,2,1,501,173,174
8a56b2bf-5d68-4806-abb7-de39894bb404,netgear-r7000.pdf,Troubleshooting > Troubleshoot With the LEDs > Power LED Is Off or Blinking,3,2,1,677,173,173
8a56b2bf-5d68-4806-abb7-de39894bb404,netgear-r7000.pdf,Troubleshooting > Troubleshoot With the LEDs > Standard LED Behavior When the Router Is Powered On,3,2,1,395,173,173
8a56b2bf-5d68-4806-abb7-de39894bb404,netgear-r7000.pdf,Troubleshooting > Troubleshoot With the LEDs > WiFi LED Is Off,3,2,1,216,174,174
8a56b2bf-5d68-4806-abb7-de39894bb404,netgear-r7000.pdf,Troubleshooting > Troubleshoot Your Network Using the Ping Utility,2,2,1,254,178,180
8a56b2bf-5d68-4806-abb7-de39894bb404,netgear-r7000.pdf,Troubleshooting > Troubleshoot Your Network Using the Ping Utility > Test the LAN Path to Your Router,3,2,1,1401,178,179
8a56b2bf-5d68-4806-abb7-de39894bb404,netgear-r7000.pdf,Troubleshooting > Troubleshoot Your Network Using the Ping Utility > Test the Path From a Windows-Based Computer to a Remote Device,3,2,1,1579,179,180
8a56b2bf-5d68-4806-abb7-de39894bb404,netgear-r7000.pdf,Troubleshooting > You Cannot Access the Internet,2,2,1,3292,175,176
8a56b2bf-5d68-4806-abb7-de39894bb404,netgear-r7000.pdf,Troubleshooting > You Cannot Log In to the Router,2,2,1,1703,174,175
8a56b2bf-5d68-4806-abb7-de39894bb404,netgear-r7000.pdf,Use Dynamic DNS to Access USB Storage Devices Through the Internet,1,2,1,432,129,137
8a56b2bf-5d68-4806-abb7-de39894bb404,netgear-r7000.pdf,Use Dynamic DNS to Access USB Storage Devices Through the Internet > Access USB Storage Devices Through the Internet,2,2,1,646,135,135
8a56b2bf-5d68-4806-abb7-de39894bb404,netgear-r7000.pdf,Use Dynamic DNS to Access USB Storage Devices Through the Internet > Remotely Access a USB Device Using ReadyCLOUD,2,2,1,515,135,137
8a56b2bf-5d68-4806-abb7-de39894bb404,netgear-r7000.pdf,Use Dynamic DNS to Access USB Storage Devices Through the Internet > Remotely Access a USB Device Using ReadyCLOUD > Create a ReadyCLOUD Account,3,2,1,495,135,136
8a56b2bf-5d68-4806-abb7-de39894bb404,netgear-r7000.pdf,Use Dynamic DNS to Access USB Storage Devices Through the Internet > Remotely Access a USB Device Using ReadyCLOUD > Register Your Router With ReadyCLOUD,3,2,1,1864,136,137
8a56b2bf-5d68-4806-abb7-de39894bb404,netgear-r7000.pdf,Use Dynamic DNS to Access USB Storage Devices Through the Internet > Set Up FTP Access Through the Internet,2,2,1,1008,130,131
8a56b2bf-5d68-4806-abb7-de39894bb404,netgear-r7000.pdf,Use Dynamic DNS to Access USB Storage Devices Through the Internet > Set Up and Manage Dynamic DNS,2,2,1,967,130,130
8a56b2bf-5d68-4806-abb7-de39894bb404,netgear-r7000.pdf,Use Dynamic DNS to Access USB Storage Devices Through the Internet > Your Personal FTP Server,2,2,1,444,131,134
8a56b2bf-5d68-4806-abb7-de39894bb404,netgear-r7000.pdf,Use Dynamic DNS to Access USB Storage Devices Through the Internet > Your Personal FTP Server > Change the Dynamic DNS Settings,3,2,1,673,133,134
8a56b2bf-5d68-4806-abb7-de39894bb404,netgear-r7000.pdf,Use Dynamic DNS to Access USB Storage Devices Through the Internet > Your Personal FTP Server > Set Up Your Personal FTP Server,3,2,1,967,131,132
8a56b2bf-5d68-4806-abb7-de39894bb404,netgear-r7000.pdf,Use Dynamic DNS to Access USB Storage Devices Through the Internet > Your Personal FTP Server > Set Up a New Dynamic DNS Account,3,2,1,1270,132,132
8a56b2bf-5d68-4806-abb7-de39894bb404,netgear-r7000.pdf,Use Dynamic DNS to Access USB Storage Devices Through the Internet > Your Personal FTP Server > Specify a DNS Account That You Already Created,3,2,1,1497,132,133
8a56b2bf-5d68-4806-abb7-de39894bb404,netgear-r7000.pdf,Use VPN to Access Your Network,1,2,1,437,149,161
8a56b2bf-5d68-4806-abb7-de39894bb404,netgear-r7000.pdf,Use VPN to Access Your Network > Install OpenVPN Software,2,2,1,157,151,156
8a56b2bf-5d68-4806-abb7-de39894bb404,netgear-r7000.pdf,Use VPN to Access Your Network > Install OpenVPN Software > Install OpenVPN Software on Your Mac Computer,3,2,1,1441,154,154
8a56b2bf-5d68-4806-abb7-de39894bb404,netgear-r7000.pdf,Use VPN to Access Your Network > Install OpenVPN Software > Install OpenVPN Software on Your Windows Computer,3,2,1,2683,151,154
8a56b2bf-5d68-4806-abb7-de39894bb404,netgear-r7000.pdf,Use VPN to Access Your Network > Install OpenVPN Software > Install OpenVPN Software on an Android Device,3,2,1,1353,155,156
8a56b2bf-5d68-4806-abb7-de39894bb404,netgear-r7000.pdf,Use VPN to Access Your Network > Install OpenVPN Software > Install OpenVPN Software on an iOS Device,3,2,1,1349,155,155
8a56b2bf-5d68-4806-abb7-de39894bb404,netgear-r7000.pdf,Use VPN to Access Your Network > Set Up a VPN Connection,2,2,1,855,150,150
8a56b2bf-5d68-4806-abb7-de39894bb404,netgear-r7000.pdf,Use VPN to Access Your Network > Specify VPN Service in the Router,2,2,1,1223,150,151
8a56b2bf-5d68-4806-abb7-de39894bb404,netgear-r7000.pdf,Use VPN to Access Your Network > Use VPN to Access Your Internet Service at Home,2,2,1,563,158,161
8a56b2bf-5d68-4806-abb7-de39894bb404,netgear-r7000.pdf,Use VPN to Access Your Network > Use VPN to Access Your Internet Service at Home > Block VPN Client Internet Access in the Router,3,2,1,1456,159,160
8a56b2bf-5d68-4806-abb7-de39894bb404,netgear-r7000.pdf,Use VPN to Access Your Network > Use VPN to Access Your Internet Service at Home > Set Up VPN Client Internet Access in the Router,3,2,1,1534,159,159
8a56b2bf-5d68-4806-abb7-de39894bb404,netgear-r7000.pdf,Use VPN to Access Your Network > Use VPN to Access Your Internet Service at Home > Use a VPN Tunnel to Access Your Internet Service at Home,3,2,1,396,160,161
8a56b2bf-5d68-4806-abb7-de39894bb404,netgear-r7000.pdf,Use VPN to Access Your Network > Use VPN to Access the Router’s USB Device and Media,2,2,1,855,158,158
8a56b2bf-5d68-4806-abb7-de39894bb404,netgear-r7000.pdf,Use VPN to Access Your Network > Use a VPN Tunnel on Your Windows Computer,2,2,1,1513,156,157
8a56b2bf-5d68-4806-abb7-de39894bb404,netgear-r7000.pdf,Use the Router as a Media Server,1,2,1,203,138,144
8a56b2bf-5d68-4806-abb7-de39894bb404,netgear-r7000.pdf,Use the Router as a Media Server > Change the NTP Server,2,2,1,882,143,144
8a56b2bf-5d68-4806-abb7-de39894bb404,netgear-r7000.pdf,Use the Router as a Media Server > Play Music From a Storage Device With iTunes Server,2,2,1,457,140,142
8a56b2bf-5d68-4806-abb7-de39894bb404,netgear-r7000.pdf,Use the Router as a Media Server > Play Music From a Storage Device With iTunes Server > Set Up the Router’s iTunes Server With iTunes,3,2,1,1864,140,141
8a56b2bf-5d68-4806-abb7-de39894bb404,netgear-r7000.pdf,Use the Router as a Media Server > Play Music From a Storage Device With iTunes Server > Set Up the Router’s iTunes Server With the Remote App,3,2,1,1943,141,142
8a56b2bf-5d68-4806-abb7-de39894bb404,netgear-r7000.pdf,Use the Router as a Media Server > Set Up the Router to Work With TiVo,2,2,1,1199,142,143
8a56b2bf-5d68-4806-abb7-de39894bb404,netgear-r7000.pdf,Use the Router as a Media Server > Specify ReadyDLNA Media Server Settings,2,2,1,1986,139,140
8a56b2bf-5d68-4806-abb7-de39894bb404,netgear-r7000.pdf,[ROOT],0,1,1,822,1,2
d69381d0-06ed-49bf-9fe1-6050d9374432,netgear-rax120.pdf,Connect to the network and access the router,1,2,1,383,19,24
d69381d0-06ed-49bf-9fe1-6050d9374432,netgear-rax120.pdf,Connect to the network and access the router > Change the language,2,2,1,705,24,24
d69381d0-06ed-49bf-9fe1-6050d9374432,netgear-rax120.pdf,Connect to the network and access the router > Connect to the router network,2,2,1,223,20,21
d69381d0-06ed-49bf-9fe1-6050d9374432,netgear-rax120.pdf,Connect to the network and access the router > Connect to the router network > Connect to the WiFi network using WPS,3,2,1,588,20,21
d69381d0-06ed-49bf-9fe1-6050d9374432,netgear-rax120.pdf,Connect to the network and access the router > Connect to the router network > Connect to the router WiFi network,3,2,1,565,20,20
d69381d0-06ed-49bf-9fe1-6050d9374432,netgear-rax120.pdf,Connect to the network and access the router > Connect to the router network > Connect to the router using a wired connection,3,2,1,459,20,20
d69381d0-06ed-49bf-9fe1-6050d9374432,netgear-rax120.pdf,Connect to the network and access the router > Install and manage your router with the Nighthawk app,2,2,1,1187,23,24
d69381d0-06ed-49bf-9fe1-6050d9374432,netgear-rax120.pdf,Connect to the network and access the router > Types of logins,2,2,1,909,21,21
d69381d0-06ed-49bf-9fe1-6050d9374432,netgear-rax120.pdf,Connect to the network and access the router > Use a web browser to access the router,2,2,1,317,21,23
d69381d0-06ed-49bf-9fe1-6050d9374432,netgear-rax120.pdf,Connect to the network and access the router > Use a web browser to access the router > Automatic Internet setup,3,2,1,2974,21,23
d69381d0-06ed-49bf-9fe1-6050d9374432,netgear-rax120.pdf,Connect to the network and access the router > Use a web browser to access the router > Log in to the router,3,2,1,822,23,23
d69381d0-06ed-49bf-9fe1-6050d9374432,netgear-rax120.pdf,Control Access to the Internet,1,2,1,450,47,59
d69381d0-06ed-49bf-9fe1-6050d9374432,netgear-rax120.pdf,Control Access to the Internet > Block services from the Internet,2,2,1,2210,55,56
d69381d0-06ed-49bf-9fe1-6050d9374432,netgear-rax120.pdf,Control Access to the Internet > Delete keywords from the blocked list,2,2,1,830,56,57
d69381d0-06ed-49bf-9fe1-6050d9374432,netgear-rax120.pdf,Control Access to the Internet > Network access control list,2,2,1,1631,48,53
d69381d0-06ed-49bf-9fe1-6050d9374432,netgear-rax120.pdf,"Control Access to the Internet > Network access control list > Enable the network access control list, set the access rule, and allow or block connected devices",3,2,1,3652,48,50
d69381d0-06ed-49bf-9fe1-6050d9374432,netgear-rax120.pdf,Control Access to the Internet > Network access control list > Manage allowed devices currently not on the network,3,2,1,2815,50,52
d69381d0-06ed-49bf-9fe1-6050d9374432,netgear-rax120.pdf,Control Access to the Internet > Network access control list > Manage blocked devices currently not on the network,3,2,1,2648,52,53
d69381d0-06ed-49bf-9fe1-6050d9374432,netgear-rax120.pdf,Control Access to the Internet > Prevent blocking on a trusted computer,2,2,1,980,57,57
d69381d0-06ed-49bf-9fe1-6050d9374432,netgear-rax120.pdf,Control Access to the Internet > Schedule when to block Internet sites and services,2,2,1,1011,57,58
d69381d0-06ed-49bf-9fe1-6050d9374432,netgear-rax120.pdf,Control Access to the Internet > Set up security event email notifications,2,2,1,2507,58,59
d69381d0-06ed-49bf-9fe1-6050d9374432,netgear-rax120.pdf,Control Access to the Internet > Use keywords to block Internet sites,2,2,1,1692,54,55
d69381d0-06ed-49bf-9fe1-6050d9374432,netgear-rax120.pdf,Hardware Setup,1,2,1,354,9,18
d69381d0-06ed-49bf-9fe1-6050d9374432,netgear-rax120.pdf,Hardware Setup > Cable your router,2,2,1,666,17,17
d69381d0-06ed-49bf-9fe1-6050d9374432,netgear-rax120.pdf,Hardware Setup > Extend the antennas,2,2,1,117,15,15
d69381d0-06ed-49bf-9fe1-6050d9374432,netgear-rax120.pdf,Hardware Setup > Position your router,2,2,1,1431,15,16
d69381d0-06ed-49bf-9fe1-6050d9374432,netgear-rax120.pdf,Hardware Setup > Rear panel,2,2,1,2745,13,14
d69381d0-06ed-49bf-9fe1-6050d9374432,netgear-rax120.pdf,Hardware Setup > Router label,2,2,1,156,15,15
d69381d0-06ed-49bf-9fe1-6050d9374432,netgear-rax120.pdf,Hardware Setup > Top panel LEDs and buttons,2,2,1,3375,11,13
d69381d0-06ed-49bf-9fe1-6050d9374432,netgear-rax120.pdf,Hardware Setup > Turn the LEDs on or off using the LED On/Off switch,2,2,1,471,18,18
d69381d0-06ed-49bf-9fe1-6050d9374432,netgear-rax120.pdf,Hardware Setup > Unpack your router,2,2,1,102,10,10
d69381d0-06ed-49bf-9fe1-6050d9374432,netgear-rax120.pdf,Manage Network Settings,1,2,1,1010,69,102
d69381d0-06ed-49bf-9fe1-6050d9374432,netgear-rax120.pdf,Manage Network Settings > Change the LAN TCP/IP settings,2,2,1,2422,72,74
d69381d0-06ed-49bf-9fe1-6050d9374432,netgear-rax120.pdf,Manage Network Settings > Change the WiFi mode,2,2,1,2091,82,83
d69381d0-06ed-49bf-9fe1-6050d9374432,netgear-rax120.pdf,Manage Network Settings > Change the WiFi password or the WiFi security,2,2,1,2484,80,82
d69381d0-06ed-49bf-9fe1-6050d9374432,netgear-rax120.pdf,Manage Network Settings > Change the router’s device name,2,2,1,751,72,72
d69381d0-06ed-49bf-9fe1-6050d9374432,netgear-rax120.pdf,Manage Network Settings > Change the transmission power control,2,2,1,1107,83,83
d69381d0-06ed-49bf-9fe1-6050d9374432,netgear-rax120.pdf,Manage Network Settings > Control the WiFi radios,2,2,1,605,86,87
d69381d0-06ed-49bf-9fe1-6050d9374432,netgear-rax120.pdf,Manage Network Settings > Control the WiFi radios > Enable or disable the WiFi radios,3,2,1,1037,86,87
d69381d0-06ed-49bf-9fe1-6050d9374432,netgear-rax120.pdf,Manage Network Settings > Control the WiFi radios > Use the WiFi On/Off button,3,2,1,300,86,86
d69381d0-06ed-49bf-9fe1-6050d9374432,netgear-rax120.pdf,Manage Network Settings > Disable the DHCP server feature in the router,2,2,1,1140,75,76
d69381d0-06ed-49bf-9fe1-6050d9374432,netgear-rax120.pdf,Manage Network Settings > Enable or disable MU-MIMO,2,2,1,1141,98,99
d69381d0-06ed-49bf-9fe1-6050d9374432,netgear-rax120.pdf,Manage Network Settings > Manage Ethernet port aggregation to a LAN device,2,2,1,1012,99,102
d69381d0-06ed-49bf-9fe1-6050d9374432,netgear-rax120.pdf,Manage Network Settings > Manage Ethernet port aggregation to a LAN device > Set up Ethernet port aggregation to a LAN device,3,2,1,2232,100,101
d69381d0-06ed-49bf-9fe1-6050d9374432,netgear-rax120.pdf,Manage Network Settings > Manage Ethernet port aggregation to a LAN device > View or change the router Ethernet port aggregation mode,3,2,1,2096,101,102
d69381d0-06ed-49bf-9fe1-6050d9374432,netgear-rax120.pdf,Manage Network Settings > Manage custom static routes,2,2,1,2108,95,98
d69381d0-06ed-49bf-9fe1-6050d9374432,netgear-rax120.pdf,Manage Network Settings > Manage custom static routes > Delete a static route,3,2,1,638,98,98
d69381d0-06ed-49bf-9fe1-6050d9374432,netgear-rax120.pdf,Manage Network Settings > Manage custom static routes > Edit a static route,3,2,1,716,97,97
d69381d0-06ed-49bf-9fe1-6050d9374432,netgear-rax120.pdf,Manage Network Settings > Manage custom static routes > Set up a static route,3,2,1,1816,96,97
d69381d0-06ed-49bf-9fe1-6050d9374432,netgear-rax120.pdf,Manage Network Settings > Manage reserved LAN IP addresses,2,2,1,252,76,78
d69381d0-06ed-49bf-9fe1-6050d9374432,netgear-rax120.pdf,Manage Network Settings > Manage reserved LAN IP addresses > Delete a reserved IP address entry,3,2,1,643,77,78
d69381d0-06ed-49bf-9fe1-6050d9374432,netgear-rax120.pdf,Manage Network Settings > Manage reserved LAN IP addresses > Edit a reserved IP address,3,2,1,732,77,77
d69381d0-06ed-49bf-9fe1-6050d9374432,netgear-rax120.pdf,Manage Network Settings > Manage reserved LAN IP addresses > Reserve an IP address,3,2,1,1216,76,77
d69381d0-06ed-49bf-9fe1-6050d9374432,netgear-rax120.pdf,Manage Network Settings > Return the router to router mode,2,2,1,787,90,91
d69381d0-06ed-49bf-9fe1-6050d9374432,netgear-rax120.pdf,Manage Network Settings > Set up a WiFi schedule,2,2,1,1087,87,88
d69381d0-06ed-49bf-9fe1-6050d9374432,netgear-rax120.pdf,Manage Network Settings > Set up a bridge for a port group or VLAN tag group,2,2,1,485,91,95
d69381d0-06ed-49bf-9fe1-6050d9374432,netgear-rax120.pdf,Manage Network Settings > Set up a bridge for a port group or VLAN tag group > Set up a bridge for a VLAN tag group,3,2,1,2282,92,94
d69381d0-06ed-49bf-9fe1-6050d9374432,netgear-rax120.pdf,Manage Network Settings > Set up a bridge for a port group or VLAN tag group > Set up a bridge for a port group,3,2,1,1709,91,92
d69381d0-06ed-49bf-9fe1-6050d9374432,netgear-rax120.pdf,Manage Network Settings > Set up a bridge for a port group or VLAN tag group > Set up an IPTV port,3,2,1,1992,94,95
d69381d0-06ed-49bf-9fe1-6050d9374432,netgear-rax120.pdf,Manage Network Settings > Set up a default DMZ server,2,2,1,1752,71,72
d69381d0-06ed-49bf-9fe1-6050d9374432,netgear-rax120.pdf,Manage Network Settings > Set up a guest WiFi network,2,2,1,4816,84,86
d69381d0-06ed-49bf-9fe1-6050d9374432,netgear-rax120.pdf,Manage Network Settings > Set up the router as a WiFi access point,2,2,1,1650,88,89
d69381d0-06ed-49bf-9fe1-6050d9374432,netgear-rax120.pdf,Manage Network Settings > Set up the router in bridge mode,2,2,1,2529,89,90
d69381d0-06ed-49bf-9fe1-6050d9374432,netgear-rax120.pdf,Manage Network Settings > Specify basic WiFi settings,2,2,1,3289,79,80
d69381d0-06ed-49bf-9fe1-6050d9374432,netgear-rax120.pdf,Manage Network Settings > Specify the IP addresses that the router assigns,2,2,1,1797,74,75
d69381d0-06ed-49bf-9fe1-6050d9374432,netgear-rax120.pdf,Manage Network Settings > Use the WPS Wizard for WiFi connections,2,2,1,1115,78,79
d69381d0-06ed-49bf-9fe1-6050d9374432,netgear-rax120.pdf,Manage Network Settings > View or change the WAN settings,2,2,1,2491,70,71
d69381d0-06ed-49bf-9fe1-6050d9374432,netgear-rax120.pdf,Manage Your Router,1,2,1,831,103,121
d69381d0-06ed-49bf-9fe1-6050d9374432,netgear-rax120.pdf,Manage Your Router > Always use HTTPS to access the router,2,2,1,1339,108,108
d69381d0-06ed-49bf-9fe1-6050d9374432,netgear-rax120.pdf,Manage Your Router > Change the admin password,2,2,1,1009,106,106
d69381d0-06ed-49bf-9fe1-6050d9374432,netgear-rax120.pdf,Manage Your Router > Check the Internet connection status,2,2,1,1725,111,111
d69381d0-06ed-49bf-9fe1-6050d9374432,netgear-rax120.pdf,Manage Your Router > Connect to your router with Anywhere Access,2,2,1,560,117,117
d69381d0-06ed-49bf-9fe1-6050d9374432,netgear-rax120.pdf,Manage Your Router > Disable LED blinking or turn off LEDs,2,2,1,1046,117,117
d69381d0-06ed-49bf-9fe1-6050d9374432,netgear-rax120.pdf,Manage Your Router > Display the statistics of the Internet port,2,2,1,1712,109,110
d69381d0-06ed-49bf-9fe1-6050d9374432,netgear-rax120.pdf,Manage Your Router > Enable admin password reset,2,2,1,940,106,107
d69381d0-06ed-49bf-9fe1-6050d9374432,netgear-rax120.pdf,Manage Your Router > Manage the router configuration file,2,2,1,202,115,116
d69381d0-06ed-49bf-9fe1-6050d9374432,netgear-rax120.pdf,Manage Your Router > Manage the router configuration file > Back up the settings,3,2,1,706,115,115
d69381d0-06ed-49bf-9fe1-6050d9374432,netgear-rax120.pdf,Manage Your Router > Manage the router configuration file > Erase the settings,3,2,1,1000,115,116
d69381d0-06ed-49bf-9fe1-6050d9374432,netgear-rax120.pdf,Manage Your Router > Manage the router configuration file > Restore the settings,3,2,1,760,116,116
d69381d0-06ed-49bf-9fe1-6050d9374432,netgear-rax120.pdf,Manage Your Router > Monitor Internet traffic,2,2,1,2372,113,114
d69381d0-06ed-49bf-9fe1-6050d9374432,netgear-rax120.pdf,Manage Your Router > Reset the admin password,2,2,1,1041,107,108
d69381d0-06ed-49bf-9fe1-6050d9374432,netgear-rax120.pdf,Manage Your Router > Return the router to its factory default settings,2,2,1,954,120,121
d69381d0-06ed-49bf-9fe1-6050d9374432,netgear-rax120.pdf,Manage Your Router > Return the router to its factory default settings > Erase the settings,3,2,1,1000,121,121
d69381d0-06ed-49bf-9fe1-6050d9374432,netgear-rax120.pdf,Manage Your Router > Return the router to its factory default settings > Use the Reset button,3,2,1,723,120,121
d69381d0-06ed-49bf-9fe1-6050d9374432,netgear-rax120.pdf,Manage Your Router > Set the NTP server,2,2,1,971,118,119
d69381d0-06ed-49bf-9fe1-6050d9374432,netgear-rax120.pdf,Manage Your Router > Set your time zone,2,2,1,744,118,118
d69381d0-06ed-49bf-9fe1-6050d9374432,netgear-rax120.pdf,Manage Your Router > Specify ReadyDLNA media server settings,2,2,1,1475,119,120
d69381d0-06ed-49bf-9fe1-6050d9374432,netgear-rax120.pdf,Manage Your Router > Update the router firmware,2,2,1,137,104,105
d69381d0-06ed-49bf-9fe1-6050d9374432,netgear-rax120.pdf,Manage Your Router > Update the router firmware > Check for new firmware and update the router,3,2,1,1581,104,105
d69381d0-06ed-49bf-9fe1-6050d9374432,netgear-rax120.pdf,Manage Your Router > Update the router firmware > Manually upload firmware to the router,3,2,1,1523,105,105
d69381d0-06ed-49bf-9fe1-6050d9374432,netgear-rax120.pdf,Manage Your Router > View and manage logs of router activity,2,2,1,1679,112,112
d69381d0-06ed-49bf-9fe1-6050d9374432,netgear-rax120.pdf,Manage Your Router > View devices currently on the network,2,2,1,1096,113,113
d69381d0-06ed-49bf-9fe1-6050d9374432,netgear-rax120.pdf,Manage Your Router > View information about the router and the Internet and WiFi settings,2,2,1,1252,109,109
d69381d0-06ed-49bf-9fe1-6050d9374432,netgear-rax120.pdf,Manage port forwarding and port triggering,1,2,1,248,153,161
d69381d0-06ed-49bf-9fe1-6050d9374432,netgear-rax120.pdf,Manage port forwarding and port triggering > Manage port forwarding to a local server,2,2,1,479,154,158
d69381d0-06ed-49bf-9fe1-6050d9374432,netgear-rax120.pdf,Manage port forwarding and port triggering > Manage port forwarding to a local server > Add a custom port forwarding service,3,2,1,2022,155,156
d69381d0-06ed-49bf-9fe1-6050d9374432,netgear-rax120.pdf,Manage port forwarding and port triggering > Manage port forwarding to a local server > Application example: Make a local web server public,3,2,1,934,157,157
d69381d0-06ed-49bf-9fe1-6050d9374432,netgear-rax120.pdf,Manage port forwarding and port triggering > Manage port forwarding to a local server > Delete a port forwarding entry,3,2,1,747,157,157
d69381d0-06ed-49bf-9fe1-6050d9374432,netgear-rax120.pdf,Manage port forwarding and port triggering > Manage port forwarding to a local server > Edit a port forwarding service,3,2,1,866,156,156
d69381d0-06ed-49bf-9fe1-6050d9374432,netgear-rax120.pdf,Manage port forwarding and port triggering > Manage port forwarding to a local server > How the router implements the port forwarding rule,3,2,1,926,158,158
d69381d0-06ed-49bf-9fe1-6050d9374432,netgear-rax120.pdf,Manage port forwarding and port triggering > Manage port forwarding to a local server > Set up port forwarding to a local server,3,2,1,1328,154,155
d69381d0-06ed-49bf-9fe1-6050d9374432,netgear-rax120.pdf,Manage port forwarding and port triggering > Port triggering,2,2,1,1067,158,161
d69381d0-06ed-49bf-9fe1-6050d9374432,netgear-rax120.pdf,Manage port forwarding and port triggering > Port triggering > Add a port triggering service,3,2,1,1809,159,160
d69381d0-06ed-49bf-9fe1-6050d9374432,netgear-rax120.pdf,Manage port forwarding and port triggering > Port triggering > Application example: Port triggering for Internet relay chat,3,2,1,2611,160,161
d69381d0-06ed-49bf-9fe1-6050d9374432,netgear-rax120.pdf,Manage port forwarding and port triggering > Port triggering > Enable port triggering,3,2,1,1105,160,160
d69381d0-06ed-49bf-9fe1-6050d9374432,netgear-rax120.pdf,Optimize Performance,1,2,1,501,60,68
d69381d0-06ed-49bf-9fe1-6050d9374432,netgear-rax120.pdf,Optimize Performance > Enable or disable AX WiFi,2,2,1,1008,67,68
d69381d0-06ed-49bf-9fe1-6050d9374432,netgear-rax120.pdf,Optimize Performance > Enable or disable Smart Connect,2,2,1,1141,66,67
d69381d0-06ed-49bf-9fe1-6050d9374432,netgear-rax120.pdf,Optimize Performance > Improve network connections with Universal Plug and Play,2,2,1,2457,64,66
d69381d0-06ed-49bf-9fe1-6050d9374432,netgear-rax120.pdf,Optimize Performance > Manage Wi-Fi Multimedia Quality of Service,2,2,1,1370,66,66
d69381d0-06ed-49bf-9fe1-6050d9374432,netgear-rax120.pdf,Optimize Performance > Optimize Internet streaming with QoS,2,2,1,390,61,64
d69381d0-06ed-49bf-9fe1-6050d9374432,netgear-rax120.pdf,Optimize Performance > Optimize Internet streaming with QoS > Add a custom QoS rule,3,2,1,898,62,62
d69381d0-06ed-49bf-9fe1-6050d9374432,netgear-rax120.pdf,Optimize Performance > Optimize Internet streaming with QoS > Delete a QoS rule,3,2,1,757,63,64
d69381d0-06ed-49bf-9fe1-6050d9374432,netgear-rax120.pdf,Optimize Performance > Optimize Internet streaming with QoS > Delete all QoS rules,3,2,1,676,64,64
d69381d0-06ed-49bf-9fe1-6050d9374432,netgear-rax120.pdf,Optimize Performance > Optimize Internet streaming with QoS > Edit a QoS rule,3,2,1,1010,62,63
d69381d0-06ed-49bf-9fe1-6050d9374432,netgear-rax120.pdf,Optimize Performance > Optimize Internet streaming with QoS > Enable upstream QoS,3,2,1,1226,61,61
d69381d0-06ed-49bf-9fe1-6050d9374432,netgear-rax120.pdf,Share USB Storage Devices Attached to the Router,1,2,1,1088,122,132
d69381d0-06ed-49bf-9fe1-6050d9374432,netgear-rax120.pdf,Share USB Storage Devices Attached to the Router > Access a storage device connected to the router from a Windows-based computer,2,2,1,685,124,124
d69381d0-06ed-49bf-9fe1-6050d9374432,netgear-rax120.pdf,Share USB Storage Devices Attached to the Router > Access a storage device that is connected to the router from a Mac,2,2,1,1235,125,126
d69381d0-06ed-49bf-9fe1-6050d9374432,netgear-rax120.pdf,Share USB Storage Devices Attached to the Router > Add a network folder on a USB storage device,2,2,1,1771,130,131
d69381d0-06ed-49bf-9fe1-6050d9374432,netgear-rax120.pdf,Share USB Storage Devices Attached to the Router > Back up Mac computers with Time Machine,2,2,1,432,126,128
d69381d0-06ed-49bf-9fe1-6050d9374432,netgear-rax120.pdf,Share USB Storage Devices Attached to the Router > Back up Mac computers with Time Machine > Prepare to back up a large amount of data,3,2,1,1079,127,127
d69381d0-06ed-49bf-9fe1-6050d9374432,netgear-rax120.pdf,Share USB Storage Devices Attached to the Router > Back up Mac computers with Time Machine > Set up a USB hard drive on a Mac,3,2,1,1321,126,127
d69381d0-06ed-49bf-9fe1-6050d9374432,netgear-rax120.pdf,Share USB Storage Devices Attached to the Router > Back up Mac computers with Time Machine > Use Time Machine to back up onto a USB hard disk,3,2,1,1950,127,128
d69381d0-06ed-49bf-9fe1-6050d9374432,netgear-rax120.pdf,Share USB Storage Devices Attached to the Router > Connect a USB storage device to the router,2,2,1,646,123,123
d69381d0-06ed-49bf-9fe1-6050d9374432,netgear-rax120.pdf,Share USB Storage Devices Attached to the Router > Edit a network folder on a USB storage device,2,2,1,865,131,132
d69381d0-06ed-49bf-9fe1-6050d9374432,netgear-rax120.pdf,Share USB Storage Devices Attached to the Router > Enable FTP access within your network,2,2,1,731,129,129
d69381d0-06ed-49bf-9fe1-6050d9374432,netgear-rax120.pdf,Share USB Storage Devices Attached to the Router > Map a USB device to a Windows network drive,2,2,1,1170,124,125
d69381d0-06ed-49bf-9fe1-6050d9374432,netgear-rax120.pdf,Share USB Storage Devices Attached to the Router > Safely remove a USB storage device,2,2,1,893,132,132
d69381d0-06ed-49bf-9fe1-6050d9374432,netgear-rax120.pdf,Share USB Storage Devices Attached to the Router > USB device requirements,2,2,1,717,123,123
d69381d0-06ed-49bf-9fe1-6050d9374432,netgear-rax120.pdf,Share USB Storage Devices Attached to the Router > View network folders on a storage device,2,2,1,1425,129,130
d69381d0-06ed-49bf-9fe1-6050d9374432,netgear-rax120.pdf,Specify Your Internet Settings,1,2,1,485,25,46
d69381d0-06ed-49bf-9fe1-6050d9374432,netgear-rax120.pdf,Specify Your Internet Settings > Manage a Multi-Gig Internet connection,2,2,1,1553,30,32
d69381d0-06ed-49bf-9fe1-6050d9374432,netgear-rax120.pdf,Specify Your Internet Settings > Manage a Multi-Gig Internet connection > Get Multi-Gig Internet with port aggregation,3,2,1,1658,31,32
d69381d0-06ed-49bf-9fe1-6050d9374432,netgear-rax120.pdf,Specify Your Internet Settings > Manage a Multi-Gig Internet connection > Get Multi-Gig Internet with the Multi-Gig port,3,2,1,1218,30,31
d69381d0-06ed-49bf-9fe1-6050d9374432,netgear-rax120.pdf,Specify Your Internet Settings > Manage the MTU size,2,2,1,90,45,46
d69381d0-06ed-49bf-9fe1-6050d9374432,netgear-rax120.pdf,Specify Your Internet Settings > Manage the MTU size > Change the MTU size,3,2,1,612,46,46
d69381d0-06ed-49bf-9fe1-6050d9374432,netgear-rax120.pdf,Specify Your Internet Settings > Manage the MTU size > MTU concepts,3,2,1,1951,45,46
d69381d0-06ed-49bf-9fe1-6050d9374432,netgear-rax120.pdf,Specify Your Internet Settings > Manually set up the Internet connection,2,2,1,65,26,30
d69381d0-06ed-49bf-9fe1-6050d9374432,netgear-rax120.pdf,Specify Your Internet Settings > Manually set up the Internet connection > Specify an Internet connection that uses a login,3,2,1,3404,28,30
d69381d0-06ed-49bf-9fe1-6050d9374432,netgear-rax120.pdf,Specify Your Internet Settings > Manually set up the Internet connection > Specify an Internet connection without a login,3,2,1,2910,26,28
d69381d0-06ed-49bf-9fe1-6050d9374432,netgear-rax120.pdf,Specify Your Internet Settings > Specify IPv6 Internet connections,2,2,1,1061,32,45
d69381d0-06ed-49bf-9fe1-6050d9374432,netgear-rax120.pdf,Specify Your Internet Settings > Specify IPv6 Internet connections > Requirements for entering IPv6 addresses,3,2,1,376,33,33
d69381d0-06ed-49bf-9fe1-6050d9374432,netgear-rax120.pdf,Specify Your Internet Settings > Specify IPv6 Internet connections > Set up an IPv6 6rd Internet connection,3,2,1,3715,43,45
d69381d0-06ed-49bf-9fe1-6050d9374432,netgear-rax120.pdf,Specify Your Internet Settings > Specify IPv6 Internet connections > Set up an IPv6 6to4 tunnel Internet connection,3,2,1,2760,34,36
d69381d0-06ed-49bf-9fe1-6050d9374432,netgear-rax120.pdf,Specify Your Internet Settings > Specify IPv6 Internet connections > Set up an IPv6 DHCP Internet connection,3,2,1,3212,38,39
d69381d0-06ed-49bf-9fe1-6050d9374432,netgear-rax120.pdf,Specify Your Internet Settings > Specify IPv6 Internet connections > Set up an IPv6 PPPoE Internet connection,3,2,1,3535,40,41
d69381d0-06ed-49bf-9fe1-6050d9374432,netgear-rax120.pdf,Specify Your Internet Settings > Specify IPv6 Internet connections > Set up an IPv6 fixed Internet connection,3,2,1,2133,37,38
d69381d0-06ed-49bf-9fe1-6050d9374432,netgear-rax120.pdf,Specify Your Internet Settings > Specify IPv6 Internet connections > Set up an IPv6 pass-through Internet connection,3,2,1,883,36,36
d69381d0-06ed-49bf-9fe1-6050d9374432,netgear-rax120.pdf,Specify Your Internet Settings > Specify IPv6 Internet connections > Use auto config for an IPv6 Internet connection,3,2,1,3237,41,43
d69381d0-06ed-49bf-9fe1-6050d9374432,netgear-rax120.pdf,Specify Your Internet Settings > Specify IPv6 Internet connections > Use auto detect for an IPv6 Internet connection,3,2,1,2268,33,34
d69381d0-06ed-49bf-9fe1-6050d9374432,netgear-rax120.pdf,Specify Your Internet Settings > Use the Internet Setup Wizard,2,2,1,1031,26,26
d69381d0-06ed-49bf-9fe1-6050d9374432,netgear-rax120.pdf,Supplemental Information,1,2,1,149,172,175
d69381d0-06ed-49bf-9fe1-6050d9374432,netgear-rax120.pdf,Supplemental Information > Factory settings,2,2,1,1558,173,174
d69381d0-06ed-49bf-9fe1-6050d9374432,netgear-rax120.pdf,Supplemental Information > Technical specifications,2,2,1,1835,174,175
d69381d0-06ed-49bf-9fe1-6050d9374432,netgear-rax120.pdf,Troubleshooting,1,2,1,572,162,171
d69381d0-06ed-49bf-9fe1-6050d9374432,netgear-rax120.pdf,Troubleshooting > Changes are not saved,2,2,1,403,168,168
d69381d0-06ed-49bf-9fe1-6050d9374432,netgear-rax120.pdf,Troubleshooting > Quick tips,2,2,1,69,163,164
d69381d0-06ed-49bf-9fe1-6050d9374432,netgear-rax120.pdf,Troubleshooting > Quick tips > Check the WiFi settings,3,2,1,406,163,163
d69381d0-06ed-49bf-9fe1-6050d9374432,netgear-rax120.pdf,Troubleshooting > Quick tips > Check the network settings,3,2,1,593,163,164
d69381d0-06ed-49bf-9fe1-6050d9374432,netgear-rax120.pdf,Troubleshooting > Quick tips > Check the power adapter and Ethernet cable connections,3,2,1,515,163,163
d69381d0-06ed-49bf-9fe1-6050d9374432,netgear-rax120.pdf,Troubleshooting > Quick tips > Sequence to restart your network,3,2,1,212,163,163
d69381d0-06ed-49bf-9fe1-6050d9374432,netgear-rax120.pdf,Troubleshooting > Troubleshoot Internet browsing,2,2,1,1129,168,168
d69381d0-06ed-49bf-9fe1-6050d9374432,netgear-rax120.pdf,Troubleshooting > Troubleshoot WiFi connectivity,2,2,1,1221,169,169
d69381d0-06ed-49bf-9fe1-6050d9374432,netgear-rax120.pdf,Troubleshooting > Troubleshoot with the LEDs,2,2,1,50,164,165
d69381d0-06ed-49bf-9fe1-6050d9374432,netgear-rax120.pdf,Troubleshooting > Troubleshoot with the LEDs > Internet or Ethernet LAN port LEDs are off,3,2,1,536,165,165
d69381d0-06ed-49bf-9fe1-6050d9374432,netgear-rax120.pdf,Troubleshooting > Troubleshoot with the LEDs > LEDs never turn off,3,2,1,501,164,165
d69381d0-06ed-49bf-9fe1-6050d9374432,netgear-rax120.pdf,Troubleshooting > Troubleshoot with the LEDs > Power LED is off or blinking,3,2,1,677,164,164
d69381d0-06ed-49bf-9fe1-6050d9374432,netgear-rax120.pdf,Troubleshooting > Troubleshoot with the LEDs > Standard LED behavior when the router is powered on,3,2,1,395,164,164
d69381d0-06ed-49bf-9fe1-6050d9374432,netgear-rax120.pdf,Troubleshooting > Troubleshoot with the LEDs > WiFi LED is off,3,2,1,316,165,165
d69381d0-06ed-49bf-9fe1-6050d9374432,netgear-rax120.pdf,Troubleshooting > Troubleshoot your network using the ping utility,2,2,1,254,169,171
d69381d0-06ed-49bf-9fe1-6050d9374432,netgear-rax120.pdf,Troubleshooting > Troubleshoot your network using the ping utility > Test the LAN path to your router,3,2,1,1401,169,170
d69381d0-06ed-49bf-9fe1-6050d9374432,netgear-rax120.pdf,Troubleshooting > Troubleshoot your network using the ping utility > Test the path from a Windows-based computer to a remote device,3,2,1,1579,170,171
d69381d0-06ed-49bf-9fe1-6050d9374432,netgear-rax120.pdf,Troubleshooting > You cannot access the Internet,2,2,1,2982,166,168
d69381d0-06ed-49bf-9fe1-6050d9374432,netgear-rax120.pdf,Troubleshooting > You cannot log in to the router,2,2,1,2466,165,166
d69381d0-06ed-49bf-9fe1-6050d9374432,netgear-rax120.pdf,Use Dynamic DNS to Access USB Storage Devices Through the Internet,1,2,1,445,133,141
d69381d0-06ed-49bf-9fe1-6050d9374432,netgear-rax120.pdf,Use Dynamic DNS to Access USB Storage Devices Through the Internet > Access USB storage devices through the Internet,2,2,1,825,139,140
d69381d0-06ed-49bf-9fe1-6050d9374432,netgear-rax120.pdf,Use Dynamic DNS to Access USB Storage Devices Through the Internet > Remotely access a USB device using ReadyCLOUD,2,2,1,515,140,141
d69381d0-06ed-49bf-9fe1-6050d9374432,netgear-rax120.pdf,Use Dynamic DNS to Access USB Storage Devices Through the Internet > Remotely access a USB device using ReadyCLOUD > Create a ReadyCLOUD account,3,2,1,492,140,141
d69381d0-06ed-49bf-9fe1-6050d9374432,netgear-rax120.pdf,Use Dynamic DNS to Access USB Storage Devices Through the Internet > Remotely access a USB device using ReadyCLOUD > Register your router with ReadyCLOUD,3,2,1,1773,141,141
d69381d0-06ed-49bf-9fe1-6050d9374432,netgear-rax120.pdf,Use Dynamic DNS to Access USB Storage Devices Through the Internet > Set up HTTPS access through the Internet,2,2,1,1565,138,139
d69381d0-06ed-49bf-9fe1-6050d9374432,netgear-rax120.pdf,Use Dynamic DNS to Access USB Storage Devices Through the Internet > Set up and manage Dynamic DNS,2,2,1,967,134,136
d69381d0-06ed-49bf-9fe1-6050d9374432,netgear-rax120.pdf,Use Dynamic DNS to Access USB Storage Devices Through the Internet > Set up and manage Dynamic DNS > Change the Dynamic DNS settings,3,2,1,673,136,136
d69381d0-06ed-49bf-9fe1-6050d9374432,netgear-rax120.pdf,Use Dynamic DNS to Access USB Storage Devices Through the Internet > Set up and manage Dynamic DNS > Set up a new Dynamic DNS account,3,2,1,1270,134,135
d69381d0-06ed-49bf-9fe1-6050d9374432,netgear-rax120.pdf,Use Dynamic DNS to Access USB Storage Devices Through the Internet > Set up and manage Dynamic DNS > Specify a DNS account that you already created,3,2,1,1583,135,136
d69381d0-06ed-49bf-9fe1-6050d9374432,netgear-rax120.pdf,Use Dynamic DNS to Access USB Storage Devices Through the Internet > Your personal FTP server,2,2,1,444,136,138
d69381d0-06ed-49bf-9fe1-6050d9374432,netgear-rax120.pdf,Use Dynamic DNS to Access USB Storage Devices Through the Internet > Your personal FTP server > Set up FTP access through the Internet,3,2,1,1564,137,138
d69381d0-06ed-49bf-9fe1-6050d9374432,netgear-rax120.pdf,Use Dynamic DNS to Access USB Storage Devices Through the Internet > Your personal FTP server > Set up your personal FTP server,3,2,1,967,137,137
d69381d0-06ed-49bf-9fe1-6050d9374432,netgear-rax120.pdf,Use OpenVPN to Access Your Network,1,2,1,494,142,152
d69381d0-06ed-49bf-9fe1-6050d9374432,netgear-rax120.pdf,Use OpenVPN to Access Your Network > About VPN connections,2,2,1,1597,143,143
d69381d0-06ed-49bf-9fe1-6050d9374432,netgear-rax120.pdf,Use OpenVPN to Access Your Network > Enable OpenVPN service in the router,2,2,1,2290,144,145
d69381d0-06ed-49bf-9fe1-6050d9374432,netgear-rax120.pdf,Use OpenVPN to Access Your Network > Install OpenVPN software on a VPN client,2,2,1,1249,145,149
d69381d0-06ed-49bf-9fe1-6050d9374432,netgear-rax120.pdf,Use OpenVPN to Access Your Network > Install OpenVPN software on a VPN client > Install OpenVPN software on a Mac computer,3,2,1,1669,147,148
d69381d0-06ed-49bf-9fe1-6050d9374432,netgear-rax120.pdf,Use OpenVPN to Access Your Network > Install OpenVPN software on a VPN client > Install OpenVPN software on a Windows-based computer,3,2,1,2426,145,147
d69381d0-06ed-49bf-9fe1-6050d9374432,netgear-rax120.pdf,Use OpenVPN to Access Your Network > Install OpenVPN software on a VPN client > Install OpenVPN software on an Android device,3,2,1,1535,149,149
d69381d0-06ed-49bf-9fe1-6050d9374432,netgear-rax120.pdf,Use OpenVPN to Access Your Network > Install OpenVPN software on a VPN client > Install OpenVPN software on an iOS device,3,2,1,1641,148,149
d69381d0-06ed-49bf-9fe1-6050d9374432,netgear-rax120.pdf,Use OpenVPN to Access Your Network > LAN IP addressing in VPN networks,2,2,1,717,150,150
d69381d0-06ed-49bf-9fe1-6050d9374432,netgear-rax120.pdf,Use OpenVPN to Access Your Network > Use VPN to access your Internet service at home,2,2,1,565,150,152
d69381d0-06ed-49bf-9fe1-6050d9374432,netgear-rax120.pdf,Use OpenVPN to Access Your Network > Use VPN to access your Internet service at home > Allow VPN client Internet access in the router,3,2,1,1321,151,151
d69381d0-06ed-49bf-9fe1-6050d9374432,netgear-rax120.pdf,Use OpenVPN to Access Your Network > Use VPN to access your Internet service at home > Block VPN client Internet access in the router,3,2,1,1312,151,152
d69381d0-06ed-49bf-9fe1-6050d9374432,netgear-rax120.pdf,Use OpenVPN to Access Your Network > Use VPN to remotely access a USB storage device attached to the router,2,2,1,418,150,150
d69381d0-06ed-49bf-9fe1-6050d9374432,netgear-rax120.pdf,[ROOT],0,1,1,1825,1,2
e65eaa31-8579-448d-a22c-88a8fde64409,netgear-rax50.pdf,Connect to the Network and Access the Router,1,2,1,383,17,22
e65eaa31-8579-448d-a22c-88a8fde64409,netgear-rax50.pdf,Connect to the Network and Access the Router > Change the language,2,2,1,705,22,22
e65eaa31-8579-448d-a22c-88a8fde64409,netgear-rax50.pdf,Connect to the Network and Access the Router > Connect to the router network,2,2,1,223,18,19
e65eaa31-8579-448d-a22c-88a8fde64409,netgear-rax50.pdf,Connect to the Network and Access the Router > Connect to the router network > Connect to the WiFi network using WPS,3,2,1,588,18,19
e65eaa31-8579-448d-a22c-88a8fde64409,netgear-rax50.pdf,Connect to the Network and Access the Router > Connect to the router network > Connect to the router WiFi network,3,2,1,565,18,18
e65eaa31-8579-448d-a22c-88a8fde64409,netgear-rax50.pdf,Connect to the Network and Access the Router > Connect to the router network > Connect to the router using a wired connection,3,2,1,459,18,18
e65eaa31-8579-448d-a22c-88a8fde64409,netgear-rax50.pdf,Connect to the Network and Access the Router > Install and manage your router with the Nighthawk app,2,2,1,1187,21,22
e65eaa31-8579-448d-a22c-88a8fde64409,netgear-rax50.pdf,Connect to the Network and Access the Router > Types of logins,2,2,1,909,19,19
e65eaa31-8579-448d-a22c-88a8fde64409,netgear-rax50.pdf,Connect to the Network and Access the Router > Use a web browser to access the router,2,2,1,317,19,21
e65eaa31-8579-448d-a22c-88a8fde64409,netgear-rax50.pdf,Connect to the Network and Access the Router > Use a web browser to access the router > Automatic Internet setup,3,2,1,2974,19,21
e65eaa31-8579-448d-a22c-88a8fde64409,netgear-rax50.pdf,Connect to the Network and Access the Router > Use a web browser to access the router > Log in to the router,3,2,1,822,21,21
e65eaa31-8579-448d-a22c-88a8fde64409,netgear-rax50.pdf,Control Access to the Internet,1,2,1,450,42,54
e65eaa31-8579-448d-a22c-88a8fde64409,netgear-rax50.pdf,Control Access to the Internet > Block services from the Internet,2,2,1,2210,50,52
e65eaa31-8579-448d-a22c-88a8fde64409,netgear-rax50.pdf,Control Access to the Internet > Delete keywords from the blocked list,2,2,1,830,50,50
e65eaa31-8579-448d-a22c-88a8fde64409,netgear-rax50.pdf,Control Access to the Internet > Network access control list,2,2,1,1631,43,48
e65eaa31-8579-448d-a22c-88a8fde64409,netgear-rax50.pdf,"Control Access to the Internet > Network access control list > Enable the network access control list, set the access rule, and allow or block connected devices",3,2,1,3652,43,45
e65eaa31-8579-448d-a22c-88a8fde64409,netgear-rax50.pdf,Control Access to the Internet > Network access control list > Manage allowed devices currently not on the network,3,2,1,2815,45,47
e65eaa31-8579-448d-a22c-88a8fde64409,netgear-rax50.pdf,Control Access to the Internet > Network access control list > Manage blocked devices currently not on the network,3,2,1,2648,47,48
e65eaa31-8579-448d-a22c-88a8fde64409,netgear-rax50.pdf,Control Access to the Internet > Prevent blocking on a trusted computer,2,2,1,980,52,52
e65eaa31-8579-448d-a22c-88a8fde64409,netgear-rax50.pdf,Control Access to the Internet > Schedule when to block Internet sites and services,2,2,1,1011,52,53
e65eaa31-8579-448d-a22c-88a8fde64409,netgear-rax50.pdf,Control Access to the Internet > Set up security event email notifications,2,2,1,2567,53,54
e65eaa31-8579-448d-a22c-88a8fde64409,netgear-rax50.pdf,Control Access to the Internet > Use keywords to block Internet sites,2,2,1,1692,49,50
e65eaa31-8579-448d-a22c-88a8fde64409,netgear-rax50.pdf,Hardware Setup,1,2,1,338,8,16
e65eaa31-8579-448d-a22c-88a8fde64409,netgear-rax50.pdf,Hardware Setup > Attach and position the antennas,2,2,1,475,13,13
e65eaa31-8579-448d-a22c-88a8fde64409,netgear-rax50.pdf,Hardware Setup > Cable your router,2,2,1,666,16,16
e65eaa31-8579-448d-a22c-88a8fde64409,netgear-rax50.pdf,Hardware Setup > Position your router,2,2,1,1438,14,14
e65eaa31-8579-448d-a22c-88a8fde64409,netgear-rax50.pdf,Hardware Setup > Rear panel,2,2,1,868,12,12
e65eaa31-8579-448d-a22c-88a8fde64409,netgear-rax50.pdf,Hardware Setup > Router label,2,2,1,136,13,13
e65eaa31-8579-448d-a22c-88a8fde64409,netgear-rax50.pdf,Hardware Setup > Top panel LEDs and buttons,2,2,1,1984,10,11
e65eaa31-8579-448d-a22c-88a8fde64409,netgear-rax50.pdf,Hardware Setup > Unpack your router,2,2,1,117,9,9
e65eaa31-8579-448d-a22c-88a8fde64409,netgear-rax50.pdf,Hardware Setup > Wall-mount your router,2,2,1,477,15,15
e65eaa31-8579-448d-a22c-88a8fde64409,netgear-rax50.pdf,Manage Network Settings,1,2,1,928,55,84
e65eaa31-8579-448d-a22c-88a8fde64409,netgear-rax50.pdf,Manage Network Settings > Change the LAN TCP/IP settings,2,2,1,2422,58,60
e65eaa31-8579-448d-a22c-88a8fde64409,netgear-rax50.pdf,Manage Network Settings > Change the WiFi mode,2,2,1,178,66,69
e65eaa31-8579-448d-a22c-88a8fde64409,netgear-rax50.pdf,Manage Network Settings > Change the WiFi mode > Change the WiFi mode if AX WiFi is disabled,3,2,1,2416,68,69
e65eaa31-8579-448d-a22c-88a8fde64409,netgear-rax50.pdf,Manage Network Settings > Change the WiFi mode > Change the WiFi mode if AX WiFi is enabled,3,2,1,2415,67,68
e65eaa31-8579-448d-a22c-88a8fde64409,netgear-rax50.pdf,Manage Network Settings > Change the WiFi password or the WiFi security,2,2,1,2464,69,70
e65eaa31-8579-448d-a22c-88a8fde64409,netgear-rax50.pdf,Manage Network Settings > Change the router’s device name,2,2,1,771,58,58
e65eaa31-8579-448d-a22c-88a8fde64409,netgear-rax50.pdf,Manage Network Settings > Disable the DHCP server feature in the router,2,2,1,1140,61,62
e65eaa31-8579-448d-a22c-88a8fde64409,netgear-rax50.pdf,Manage Network Settings > Enable or disable AX WiFi,2,2,1,1008,84,84
e65eaa31-8579-448d-a22c-88a8fde64409,netgear-rax50.pdf,Manage Network Settings > Enable or disable MU-MIMO,2,2,1,1141,83,84
e65eaa31-8579-448d-a22c-88a8fde64409,netgear-rax50.pdf,Manage Network Settings > Enable or disable implicit beamforming,2,2,1,1160,82,83
e65eaa31-8579-448d-a22c-88a8fde64409,netgear-rax50.pdf,Manage Network Settings > Enable or disable the WiFi radios,2,2,1,1037,73,73
e65eaa31-8579-448d-a22c-88a8fde64409,netgear-rax50.pdf,Manage Network Settings > Manage custom static routes,2,2,1,2108,79,82
e65eaa31-8579-448d-a22c-88a8fde64409,netgear-rax50.pdf,Manage Network Settings > Manage custom static routes > Delete a static route,3,2,1,638,82,82
e65eaa31-8579-448d-a22c-88a8fde64409,netgear-rax50.pdf,Manage Network Settings > Manage custom static routes > Edit a static route,3,2,1,716,81,82
e65eaa31-8579-448d-a22c-88a8fde64409,netgear-rax50.pdf,Manage Network Settings > Manage custom static routes > Set up a static route,3,2,1,1816,80,81
e65eaa31-8579-448d-a22c-88a8fde64409,netgear-rax50.pdf,Manage Network Settings > Manage reserved LAN IP addresses,2,2,1,252,62,64
e65eaa31-8579-448d-a22c-88a8fde64409,netgear-rax50.pdf,Manage Network Settings > Manage reserved LAN IP addresses > Delete a reserved IP address entry,3,2,1,643,63,64
e65eaa31-8579-448d-a22c-88a8fde64409,netgear-rax50.pdf,Manage Network Settings > Manage reserved LAN IP addresses > Edit a reserved IP address,3,2,1,732,63,63
e65eaa31-8579-448d-a22c-88a8fde64409,netgear-rax50.pdf,Manage Network Settings > Manage reserved LAN IP addresses > Reserve an IP address,3,2,1,1216,62,63
e65eaa31-8579-448d-a22c-88a8fde64409,netgear-rax50.pdf,Manage Network Settings > Set up a WiFi schedule,2,2,1,1087,73,74
e65eaa31-8579-448d-a22c-88a8fde64409,netgear-rax50.pdf,Manage Network Settings > Set up a bridge for a port group or VLAN tag group,2,2,1,485,75,79
e65eaa31-8579-448d-a22c-88a8fde64409,netgear-rax50.pdf,Manage Network Settings > Set up a bridge for a port group or VLAN tag group > Set up a bridge for a VLAN tag group,3,2,1,2280,78,79
e65eaa31-8579-448d-a22c-88a8fde64409,netgear-rax50.pdf,Manage Network Settings > Set up a bridge for a port group or VLAN tag group > Set up a bridge for a port group,3,2,1,1709,75,76
e65eaa31-8579-448d-a22c-88a8fde64409,netgear-rax50.pdf,Manage Network Settings > Set up a bridge for a port group or VLAN tag group > Set up an IPTV port,3,2,1,1992,77,78
e65eaa31-8579-448d-a22c-88a8fde64409,netgear-rax50.pdf,Manage Network Settings > Set up a default DMZ server,2,2,1,1752,57,58
e65eaa31-8579-448d-a22c-88a8fde64409,netgear-rax50.pdf,Manage Network Settings > Set up a guest WiFi network,2,2,1,4826,70,72
e65eaa31-8579-448d-a22c-88a8fde64409,netgear-rax50.pdf,Manage Network Settings > Set up the router as a WiFi access point,2,2,1,1633,74,75
e65eaa31-8579-448d-a22c-88a8fde64409,netgear-rax50.pdf,Manage Network Settings > Specify basic WiFi settings,2,2,1,3289,65,66
e65eaa31-8579-448d-a22c-88a8fde64409,netgear-rax50.pdf,Manage Network Settings > Specify the IP addresses that the router assigns,2,2,1,1797,60,61
e65eaa31-8579-448d-a22c-88a8fde64409,netgear-rax50.pdf,Manage Network Settings > Use the WPS Wizard for WiFi connections,2,2,1,1411,64,65
e65eaa31-8579-448d-a22c-88a8fde64409,netgear-rax50.pdf,Manage Network Settings > View or change the WAN settings,2,2,1,2491,56,57
e65eaa31-8579-448d-a22c-88a8fde64409,netgear-rax50.pdf,Manage Port Forwarding and Port Triggering,1,2,1,248,138,146
e65eaa31-8579-448d-a22c-88a8fde64409,netgear-rax50.pdf,Manage Port Forwarding and Port Triggering > Manage port forwarding to a local server,2,2,1,479,139,143
e65eaa31-8579-448d-a22c-88a8fde64409,netgear-rax50.pdf,Manage Port Forwarding and Port Triggering > Manage port forwarding to a local server > Add a custom port forwarding service,3,2,1,2022,140,141
e65eaa31-8579-448d-a22c-88a8fde64409,netgear-rax50.pdf,Manage Port Forwarding and Port Triggering > Manage port forwarding to a local server > Application example: Make a local web server public,3,2,1,934,142,142
e65eaa31-8579-448d-a22c-88a8fde64409,netgear-rax50.pdf,Manage Port Forwarding and Port Triggering > Manage port forwarding to a local server > Delete a port forwarding entry,3,2,1,747,142,142
e65eaa31-8579-448d-a22c-88a8fde64409,netgear-rax50.pdf,Manage Port Forwarding and Port Triggering > Manage port forwarding to a local server > Edit a port forwarding service,3,2,1,866,141,141
e65eaa31-8579-448d-a22c-88a8fde64409,netgear-rax50.pdf,Manage Port Forwarding and Port Triggering > Manage port forwarding to a local server > How the router implements the port forwarding rule,3,2,1,926,143,143
e65eaa31-8579-448d-a22c-88a8fde64409,netgear-rax50.pdf,Manage Port Forwarding and Port Triggering > Manage port forwarding to a local server > Set up port forwarding to a local server,3,2,1,1328,139,140
e65eaa31-8579-448d-a22c-88a8fde64409,netgear-rax50.pdf,Manage Port Forwarding and Port Triggering > Port triggering,2,2,1,1067,143,146
e65eaa31-8579-448d-a22c-88a8fde64409,netgear-rax50.pdf,Manage Port Forwarding and Port Triggering > Port triggering > Add a port triggering service,3,2,1,1809,144,145
e65eaa31-8579-448d-a22c-88a8fde64409,netgear-rax50.pdf,Manage Port Forwarding and Port Triggering > Port triggering > Application example: Port triggering for Internet relay chat,3,2,1,2611,145,146
e65eaa31-8579-448d-a22c-88a8fde64409,netgear-rax50.pdf,Manage Port Forwarding and Port Triggering > Port triggering > Enable port triggering,3,2,1,1105,145,145
e65eaa31-8579-448d-a22c-88a8fde64409,netgear-rax50.pdf,Manage Your Router,1,2,1,818,92,110
e65eaa31-8579-448d-a22c-88a8fde64409,netgear-rax50.pdf,Manage Your Router > Always use HTTPS to access the router,2,2,1,1339,97,97
e65eaa31-8579-448d-a22c-88a8fde64409,netgear-rax50.pdf,Manage Your Router > Change the admin password,2,2,1,1009,95,95
e65eaa31-8579-448d-a22c-88a8fde64409,netgear-rax50.pdf,Manage Your Router > Check the Internet connection status,2,2,1,1725,100,100
e65eaa31-8579-448d-a22c-88a8fde64409,netgear-rax50.pdf,Manage Your Router > Connect to your router with Anywhere Access,2,2,1,559,106,106
e65eaa31-8579-448d-a22c-88a8fde64409,netgear-rax50.pdf,Manage Your Router > Display the statistics of the Internet port,2,2,1,1712,98,99
e65eaa31-8579-448d-a22c-88a8fde64409,netgear-rax50.pdf,Manage Your Router > Enable admin password reset,2,2,1,940,95,96
e65eaa31-8579-448d-a22c-88a8fde64409,netgear-rax50.pdf,Manage Your Router > Manage the router configuration file,2,2,1,202,104,105
e65eaa31-8579-448d-a22c-88a8fde64409,netgear-rax50.pdf,Manage Your Router > Manage the router configuration file > Back up the settings,3,2,1,706,104,104
e65eaa31-8579-448d-a22c-88a8fde64409,netgear-rax50.pdf,Manage Your Router > Manage the router configuration file > Erase the settings,3,2,1,1000,104,105
e65eaa31-8579-448d-a22c-88a8fde64409,netgear-rax50.pdf,Manage Your Router > Manage the router configuration file > Restore the settings,3,2,1,760,105,105
e65eaa31-8579-448d-a22c-88a8fde64409,netgear-rax50.pdf,Manage Your Router > Monitor Internet traffic,2,2,1,2372,102,103
e65eaa31-8579-448d-a22c-88a8fde64409,netgear-rax50.pdf,Manage Your Router > Reset the admin password,2,2,1,1041,96,97
e65eaa31-8579-448d-a22c-88a8fde64409,netgear-rax50.pdf,Manage Your Router > Return the router to its factory default settings,2,2,1,939,109,110
e65eaa31-8579-448d-a22c-88a8fde64409,netgear-rax50.pdf,Manage Your Router > Return the router to its factory default settings > Erase the settings,3,2,1,1000,110,110
e65eaa31-8579-448d-a22c-88a8fde64409,netgear-rax50.pdf,Manage Your Router > Return the router to its factory default settings > Use the Reset button,3,2,1,723,109,110
e65eaa31-8579-448d-a22c-88a8fde64409,netgear-rax50.pdf,Manage Your Router > Set the NTP server,2,2,1,971,107,108
e65eaa31-8579-448d-a22c-88a8fde64409,netgear-rax50.pdf,Manage Your Router > Set your time zone,2,2,1,744,107,107
e65eaa31-8579-448d-a22c-88a8fde64409,netgear-rax50.pdf,Manage Your Router > Specify ReadyDLNA media server settings,2,2,1,1517,108,109
e65eaa31-8579-448d-a22c-88a8fde64409,netgear-rax50.pdf,Manage Your Router > Turn off the router LEDs,2,2,1,817,106,106
e65eaa31-8579-448d-a22c-88a8fde64409,netgear-rax50.pdf,Manage Your Router > Update the router firmware,2,2,1,137,93,94
e65eaa31-8579-448d-a22c-88a8fde64409,netgear-rax50.pdf,Manage Your Router > Update the router firmware > Check for new firmware and update the router,3,2,1,1577,93,94
e65eaa31-8579-448d-a22c-88a8fde64409,netgear-rax50.pdf,Manage Your Router > Update the router firmware > Manually upload firmware to the router,3,2,1,1519,94,94
e65eaa31-8579-448d-a22c-88a8fde64409,netgear-rax50.pdf,Manage Your Router > View and manage logs of router activity,2,2,1,1676,101,101
e65eaa31-8579-448d-a22c-88a8fde64409,netgear-rax50.pdf,Manage Your Router > View devices currently on the network,2,2,1,1096,102,102
e65eaa31-8579-448d-a22c-88a8fde64409,netgear-rax50.pdf,Manage Your Router > View information about the router and the Internet and WiFi settings,2,2,1,1252,98,98
e65eaa31-8579-448d-a22c-88a8fde64409,netgear-rax50.pdf,Optimize Performance,1,2,1,452,85,91
e65eaa31-8579-448d-a22c-88a8fde64409,netgear-rax50.pdf,Optimize Performance > Enable or disable AX WiFi,2,2,1,1008,90,91
e65eaa31-8579-448d-a22c-88a8fde64409,netgear-rax50.pdf,Optimize Performance > Improve network connections with Universal Plug and Play,2,2,1,2553,88,89
e65eaa31-8579-448d-a22c-88a8fde64409,netgear-rax50.pdf,Optimize Performance > Use Dynamic QoS to optimize Internet traffic management,2,2,1,340,86,88
e65eaa31-8579-448d-a22c-88a8fde64409,netgear-rax50.pdf,Optimize Performance > Use Dynamic QoS to optimize Internet traffic management > Enable Dynamic QoS,3,2,1,1261,86,87
e65eaa31-8579-448d-a22c-88a8fde64409,netgear-rax50.pdf,Optimize Performance > Use Dynamic QoS to optimize Internet traffic management > Enable or disable the automatic QoS database update,3,2,1,957,87,87
e65eaa31-8579-448d-a22c-88a8fde64409,netgear-rax50.pdf,Optimize Performance > Use Dynamic QoS to optimize Internet traffic management > Manually update the dynamic QoS database,3,2,1,1010,87,88
e65eaa31-8579-448d-a22c-88a8fde64409,netgear-rax50.pdf,Optimize Performance > Wi-Fi Multimedia Quality of Service,2,2,1,1522,89,90
e65eaa31-8579-448d-a22c-88a8fde64409,netgear-rax50.pdf,Share USB Storage Devices Attached to the Router,1,2,1,1046,111,118
e65eaa31-8579-448d-a22c-88a8fde64409,netgear-rax50.pdf,Share USB Storage Devices Attached to the Router > Access a storage device connected to the router from a Windows-based computer,2,2,1,685,113,113
e65eaa31-8579-448d-a22c-88a8fde64409,netgear-rax50.pdf,Share USB Storage Devices Attached to the Router > Access a storage device that is connected to the router from a Mac,2,2,1,1235,114,115
e65eaa31-8579-448d-a22c-88a8fde64409,netgear-rax50.pdf,Share USB Storage Devices Attached to the Router > Add a network folder on a USB storage device,2,2,1,1775,116,117
e65eaa31-8579-448d-a22c-88a8fde64409,netgear-rax50.pdf,Share USB Storage Devices Attached to the Router > Connect a USB storage device to the router,2,2,1,646,112,112
e65eaa31-8579-448d-a22c-88a8fde64409,netgear-rax50.pdf,Share USB Storage Devices Attached to the Router > Edit a network folder on a USB storage device,2,2,1,869,117,118
e65eaa31-8579-448d-a22c-88a8fde64409,netgear-rax50.pdf,Share USB Storage Devices Attached to the Router > Enable FTP access within your network,2,2,1,735,115,115
e65eaa31-8579-448d-a22c-88a8fde64409,netgear-rax50.pdf,Share USB Storage Devices Attached to the Router > Map a USB device to a Windows network drive,2,2,1,1170,113,114
e65eaa31-8579-448d-a22c-88a8fde64409,netgear-rax50.pdf,Share USB Storage Devices Attached to the Router > Safely remove a USB storage device,2,2,1,897,118,118
e65eaa31-8579-448d-a22c-88a8fde64409,netgear-rax50.pdf,Share USB Storage Devices Attached to the Router > USB device requirements,2,2,1,717,112,112
e65eaa31-8579-448d-a22c-88a8fde64409,netgear-rax50.pdf,Share USB Storage Devices Attached to the Router > View network folders on a storage device,2,2,1,1429,115,116
e65eaa31-8579-448d-a22c-88a8fde64409,netgear-rax50.pdf,Specify Your Internet Settings,1,2,1,444,23,41
e65eaa31-8579-448d-a22c-88a8fde64409,netgear-rax50.pdf,Specify Your Internet Settings > Manage the MTU size,2,2,1,90,40,41
e65eaa31-8579-448d-a22c-88a8fde64409,netgear-rax50.pdf,Specify Your Internet Settings > Manage the MTU size > Change the MTU size,3,2,1,612,41,41
e65eaa31-8579-448d-a22c-88a8fde64409,netgear-rax50.pdf,Specify Your Internet Settings > Manage the MTU size > MTU concepts,3,2,1,1951,40,41
e65eaa31-8579-448d-a22c-88a8fde64409,netgear-rax50.pdf,Specify Your Internet Settings > Manually set up the Internet connection,2,2,1,65,24,27
e65eaa31-8579-448d-a22c-88a8fde64409,netgear-rax50.pdf,Specify Your Internet Settings > Manually set up the Internet connection > Specify an Internet connection that uses a login,3,2,1,2772,26,27
e65eaa31-8579-448d-a22c-88a8fde64409,netgear-rax50.pdf,Specify Your Internet Settings > Manually set up the Internet connection > Specify an Internet connection without a login,3,2,1,2292,24,26
e65eaa31-8579-448d-a22c-88a8fde64409,netgear-rax50.pdf,Specify Your Internet Settings > Specify IPv6 Internet connections,2,2,1,1061,27,40
e65eaa31-8579-448d-a22c-88a8fde64409,netgear-rax50.pdf,Specify Your Internet Settings > Specify IPv6 Internet connections > Requirements for entering IPv6 addresses,3,2,1,376,28,28
e65eaa31-8579-448d-a22c-88a8fde64409,netgear-rax50.pdf,Specify Your Internet Settings > Specify IPv6 Internet connections > Set up an IPv6 6rd Internet connection,3,2,1,3715,38,40
e65eaa31-8579-448d-a22c-88a8fde64409,netgear-rax50.pdf,Specify Your Internet Settings > Specify IPv6 Internet connections > Set up an IPv6 6to4 tunnel Internet connection,3,2,1,2760,29,31
e65eaa31-8579-448d-a22c-88a8fde64409,netgear-rax50.pdf,Specify Your Internet Settings > Specify IPv6 Internet connections > Set up an IPv6 DHCP Internet connection,3,2,1,3212,33,34
e65eaa31-8579-448d-a22c-88a8fde64409,netgear-rax50.pdf,Specify Your Internet Settings > Specify IPv6 Internet connections > Set up an IPv6 PPPoE Internet connection,3,2,1,3535,35,36
e65eaa31-8579-448d-a22c-88a8fde64409,netgear-rax50.pdf,Specify Your Internet Settings > Specify IPv6 Internet connections > Set up an IPv6 fixed Internet connection,3,2,1,2133,32,33
e65eaa31-8579-448d-a22c-88a8fde64409,netgear-rax50.pdf,Specify Your Internet Settings > Specify IPv6 Internet connections > Set up an IPv6 pass-through Internet connection,3,2,1,883,31,31
e65eaa31-8579-448d-a22c-88a8fde64409,netgear-rax50.pdf,Specify Your Internet Settings > Specify IPv6 Internet connections > Use auto config for an IPv6 Internet connection,3,2,1,3237,36,38
e65eaa31-8579-448d-a22c-88a8fde64409,netgear-rax50.pdf,Specify Your Internet Settings > Specify IPv6 Internet connections > Use auto detect for an IPv6 Internet connection,3,2,1,2268,28,29
e65eaa31-8579-448d-a22c-88a8fde64409,netgear-rax50.pdf,Specify Your Internet Settings > Use the Internet Setup Wizard,2,2,1,1031,24,24
e65eaa31-8579-448d-a22c-88a8fde64409,netgear-rax50.pdf,Supplemental Information,1,2,1,149,157,160
e65eaa31-8579-448d-a22c-88a8fde64409,netgear-rax50.pdf,Supplemental Information > Factory settings,2,2,1,1542,158,159
e65eaa31-8579-448d-a22c-88a8fde64409,netgear-rax50.pdf,Supplemental Information > Technical specifications,2,2,1,1637,159,160
e65eaa31-8579-448d-a22c-88a8fde64409,netgear-rax50.pdf,Troubleshooting,1,2,1,572,147,156
e65eaa31-8579-448d-a22c-88a8fde64409,netgear-rax50.pdf,Troubleshooting > Changes are not saved,2,2,1,403,154,154
e65eaa31-8579-448d-a22c-88a8fde64409,netgear-rax50.pdf,Troubleshooting > Quick tips,2,2,1,69,148,149
e65eaa31-8579-448d-a22c-88a8fde64409,netgear-rax50.pdf,Troubleshooting > Quick tips > Check the WiFi settings,3,2,1,406,148,148
e65eaa31-8579-448d-a22c-88a8fde64409,netgear-rax50.pdf,Troubleshooting > Quick tips > Check the network settings,3,2,1,593,148,149
e65eaa31-8579-448d-a22c-88a8fde64409,netgear-rax50.pdf,Troubleshooting > Quick tips > Check the power adapter and Ethernet cable connections,3,2,1,515,148,148
e65eaa31-8579-448d-a22c-88a8fde64409,netgear-rax50.pdf,Troubleshooting > Quick tips > Sequence to restart your network,3,2,1,212,148,148
e65eaa31-8579-448d-a22c-88a8fde64409,netgear-rax50.pdf,Troubleshooting > Troubleshoot Internet browsing,2,2,1,1129,153,153
e65eaa31-8579-448d-a22c-88a8fde64409,netgear-rax50.pdf,Troubleshooting > Troubleshoot WiFi connectivity,2,2,1,1221,154,154
e65eaa31-8579-448d-a22c-88a8fde64409,netgear-rax50.pdf,Troubleshooting > Troubleshoot with the LEDs,2,2,1,50,149,150
e65eaa31-8579-448d-a22c-88a8fde64409,netgear-rax50.pdf,Troubleshooting > Troubleshoot with the LEDs > Internet or Ethernet LAN port LEDs are off,3,2,1,536,150,150
e65eaa31-8579-448d-a22c-88a8fde64409,netgear-rax50.pdf,Troubleshooting > Troubleshoot with the LEDs > LEDs never turn off,3,2,1,501,149,149
e65eaa31-8579-448d-a22c-88a8fde64409,netgear-rax50.pdf,Troubleshooting > Troubleshoot with the LEDs > Power LED is off or blinking,3,2,1,677,150,150
e65eaa31-8579-448d-a22c-88a8fde64409,netgear-rax50.pdf,Troubleshooting > Troubleshoot with the LEDs > Standard LED behavior when the router is powered on,3,2,1,395,149,149
e65eaa31-8579-448d-a22c-88a8fde64409,netgear-rax50.pdf,Troubleshooting > Troubleshoot with the LEDs > WiFi LED is off,3,2,1,316,150,150
e65eaa31-8579-448d-a22c-88a8fde64409,netgear-rax50.pdf,Troubleshooting > Troubleshoot your network using the ping utility,2,2,1,254,155,156
e65eaa31-8579-448d-a22c-88a8fde64409,netgear-rax50.pdf,Troubleshooting > Troubleshoot your network using the ping utility > Test the LAN path to your router,3,2,1,1401,155,155
e65eaa31-8579-448d-a22c-88a8fde64409,netgear-rax50.pdf,Troubleshooting > Troubleshoot your network using the ping utility > Test the path from a Windows-based computer to a remote device,3,2,1,1579,156,156
e65eaa31-8579-448d-a22c-88a8fde64409,netgear-rax50.pdf,Troubleshooting > You cannot access the Internet,2,2,1,2982,152,153
e65eaa31-8579-448d-a22c-88a8fde64409,netgear-rax50.pdf,Troubleshooting > You cannot log in to the router,2,2,1,2451,151,151
e65eaa31-8579-448d-a22c-88a8fde64409,netgear-rax50.pdf,Use Dynamic DNS to Access USB Storage Devices Through the Internet,1,2,1,397,119,126
e65eaa31-8579-448d-a22c-88a8fde64409,netgear-rax50.pdf,Use Dynamic DNS to Access USB Storage Devices Through the Internet > Access USB storage devices through the Internet,2,2,1,825,125,126
e65eaa31-8579-448d-a22c-88a8fde64409,netgear-rax50.pdf,Use Dynamic DNS to Access USB Storage Devices Through the Internet > Set up HTTPS access through the Internet,2,2,1,1569,124,125
e65eaa31-8579-448d-a22c-88a8fde64409,netgear-rax50.pdf,Use Dynamic DNS to Access USB Storage Devices Through the Internet > Set up and manage Dynamic DNS,2,2,1,967,120,122
e65eaa31-8579-448d-a22c-88a8fde64409,netgear-rax50.pdf,Use Dynamic DNS to Access USB Storage Devices Through the Internet > Set up and manage Dynamic DNS > Change the Dynamic DNS settings,3,2,1,673,122,122
e65eaa31-8579-448d-a22c-88a8fde64409,netgear-rax50.pdf,Use Dynamic DNS to Access USB Storage Devices Through the Internet > Set up and manage Dynamic DNS > Set up a new Dynamic DNS account,3,2,1,1270,120,121
e65eaa31-8579-448d-a22c-88a8fde64409,netgear-rax50.pdf,Use Dynamic DNS to Access USB Storage Devices Through the Internet > Set up and manage Dynamic DNS > Specify a DNS account that you already created,3,2,1,1583,121,122
e65eaa31-8579-448d-a22c-88a8fde64409,netgear-rax50.pdf,Use Dynamic DNS to Access USB Storage Devices Through the Internet > Your personal FTP server,2,2,1,444,122,124
e65eaa31-8579-448d-a22c-88a8fde64409,netgear-rax50.pdf,Use Dynamic DNS to Access USB Storage Devices Through the Internet > Your personal FTP server > Set up FTP access through the Internet,3,2,1,1568,123,124
e65eaa31-8579-448d-a22c-88a8fde64409,netgear-rax50.pdf,Use Dynamic DNS to Access USB Storage Devices Through the Internet > Your personal FTP server > Set up your personal FTP server,3,2,1,967,123,123
e65eaa31-8579-448d-a22c-88a8fde64409,netgear-rax50.pdf,Use OpenVPN to Access Your Network,1,2,1,494,127,137
e65eaa31-8579-448d-a22c-88a8fde64409,netgear-rax50.pdf,Use OpenVPN to Access Your Network > About VPN connections,2,2,1,1597,128,128
e65eaa31-8579-448d-a22c-88a8fde64409,netgear-rax50.pdf,Use OpenVPN to Access Your Network > Enable OpenVPN service in the router,2,2,1,2290,129,130
e65eaa31-8579-448d-a22c-88a8fde64409,netgear-rax50.pdf,Use OpenVPN to Access Your Network > Install OpenVPN software on a VPN client,2,2,1,1249,130,134
e65eaa31-8579-448d-a22c-88a8fde64409,netgear-rax50.pdf,Use OpenVPN to Access Your Network > Install OpenVPN software on a VPN client > Install OpenVPN software on a Mac computer,3,2,1,1672,132,133
e65eaa31-8579-448d-a22c-88a8fde64409,netgear-rax50.pdf,Use OpenVPN to Access Your Network > Install OpenVPN software on a VPN client > Install OpenVPN software on a Windows-based computer,3,2,1,2426,130,132
e65eaa31-8579-448d-a22c-88a8fde64409,netgear-rax50.pdf,Use OpenVPN to Access Your Network > Install OpenVPN software on a VPN client > Install OpenVPN software on an Android device,3,2,1,1535,134,134
e65eaa31-8579-448d-a22c-88a8fde64409,netgear-rax50.pdf,Use OpenVPN to Access Your Network > Install OpenVPN software on a VPN client > Install OpenVPN software on an iOS device,3,2,1,1641,133,134
e65eaa31-8579-448d-a22c-88a8fde64409,netgear-rax50.pdf,Use OpenVPN to Access Your Network > LAN IP addressing in VPN networks,2,2,1,717,135,135
e65eaa31-8579-448d-a22c-88a8fde64409,netgear-rax50.pdf,Use OpenVPN to Access Your Network > Use VPN to access your Internet service at home,2,2,1,565,135,137
e65eaa31-8579-448d-a22c-88a8fde64409,netgear-rax50.pdf,Use OpenVPN to Access Your Network > Use VPN to access your Internet service at home > Allow VPN client Internet access in the router,3,2,1,1321,135,136
e65eaa31-8579-448d-a22c-88a8fde64409,netgear-rax50.pdf,Use OpenVPN to Access Your Network > Use VPN to access your Internet service at home > Block VPN client Internet access in the router,3,2,1,1320,136,137
e65eaa31-8579-448d-a22c-88a8fde64409,netgear-rax50.pdf,Use OpenVPN to Access Your Network > Use VPN to remotely access a USB storage device attached to the router,2,2,1,418,137,137
e65eaa31-8579-448d-a22c-88a8fde64409,netgear-rax50.pdf,[ROOT],0,1,1,2082,1,2
57d18421-8c71-47bc-992e-0d0dfdcdbbea,netgear-raxe500.pdf,Connect to the network and access the router,1,2,1,376,19,24
57d18421-8c71-47bc-992e-0d0dfdcdbbea,netgear-raxe500.pdf,Connect to the network and access the router > Change the language,2,2,1,705,24,24
57d18421-8c71-47bc-992e-0d0dfdcdbbea,netgear-raxe500.pdf,Connect to the network and access the router > Connect to the network,2,2,1,211,20,21
57d18421-8c71-47bc-992e-0d0dfdcdbbea,netgear-raxe500.pdf,Connect to the network and access the router > Connect to the network > Connect to the network using a wired connection,3,2,1,450,20,20
57d18421-8c71-47bc-992e-0d0dfdcdbbea,netgear-raxe500.pdf,Connect to the network and access the router > Connect to the network > Find and connect to the WiFi network,3,2,1,361,20,20
57d18421-8c71-47bc-992e-0d0dfdcdbbea,netgear-raxe500.pdf,Connect to the network and access the router > Connect to the network > WiFi connection using WPS,3,2,1,545,20,21
57d18421-8c71-47bc-992e-0d0dfdcdbbea,netgear-raxe500.pdf,Connect to the network and access the router > Install and manage your router with the Nighthawk app,2,2,1,1187,21,22
57d18421-8c71-47bc-992e-0d0dfdcdbbea,netgear-raxe500.pdf,Connect to the network and access the router > Types of logins,2,2,1,978,21,21
57d18421-8c71-47bc-992e-0d0dfdcdbbea,netgear-raxe500.pdf,Connect to the network and access the router > Use a web browser to access the router,2,2,1,278,22,24
57d18421-8c71-47bc-992e-0d0dfdcdbbea,netgear-raxe500.pdf,Connect to the network and access the router > Use a web browser to access the router > Automatic Internet Setup,3,2,1,2974,22,23
57d18421-8c71-47bc-992e-0d0dfdcdbbea,netgear-raxe500.pdf,Connect to the network and access the router > Use a web browser to access the router > Log in to the router,3,2,1,822,24,24
57d18421-8c71-47bc-992e-0d0dfdcdbbea,netgear-raxe500.pdf,Control Access to the Internet,1,2,1,546,47,56
57d18421-8c71-47bc-992e-0d0dfdcdbbea,netgear-raxe500.pdf,Control Access to the Internet > Block services from the Internet,2,2,1,2210,52,53
57d18421-8c71-47bc-992e-0d0dfdcdbbea,netgear-raxe500.pdf,Control Access to the Internet > Delete keywords from the blocked list,2,2,1,830,51,51
57d18421-8c71-47bc-992e-0d0dfdcdbbea,netgear-raxe500.pdf,Control Access to the Internet > Enable access control to allow or block access to the Internet,2,2,1,2167,49,50
57d18421-8c71-47bc-992e-0d0dfdcdbbea,netgear-raxe500.pdf,Control Access to the Internet > Manage NETGEAR Armor,2,2,1,726,48,48
57d18421-8c71-47bc-992e-0d0dfdcdbbea,netgear-raxe500.pdf,Control Access to the Internet > Manage NETGEAR Armor > Activate Armor using the Nighthawk app,3,2,1,193,48,48
57d18421-8c71-47bc-992e-0d0dfdcdbbea,netgear-raxe500.pdf,Control Access to the Internet > Manage NETGEAR Armor > View or change your NETGEAR Armor settings using the Nighthawk app,3,2,1,210,48,48
57d18421-8c71-47bc-992e-0d0dfdcdbbea,netgear-raxe500.pdf,Control Access to the Internet > Manage network access control lists,2,2,1,992,54,54
57d18421-8c71-47bc-992e-0d0dfdcdbbea,netgear-raxe500.pdf,Control Access to the Internet > Prevent blocking on a trusted computer,2,2,1,980,53,53
57d18421-8c71-47bc-992e-0d0dfdcdbbea,netgear-raxe500.pdf,Control Access to the Internet > Schedule when to block Internet sites and services,2,2,1,1011,54,55
57d18421-8c71-47bc-992e-0d0dfdcdbbea,netgear-raxe500.pdf,Control Access to the Internet > Set up security event email notifications,2,2,1,2567,55,56
57d18421-8c71-47bc-992e-0d0dfdcdbbea,netgear-raxe500.pdf,Control Access to the Internet > Use keywords to block Internet sites,2,2,1,1692,50,51
57d18421-8c71-47bc-992e-0d0dfdcdbbea,netgear-raxe500.pdf,Hardware Setup,1,2,1,338,8,18
57d18421-8c71-47bc-992e-0d0dfdcdbbea,netgear-raxe500.pdf,Hardware Setup > Connect your router to a modem,2,2,1,1247,16,17
57d18421-8c71-47bc-992e-0d0dfdcdbbea,netgear-raxe500.pdf,Hardware Setup > Extend the antennas,2,2,1,117,14,14
57d18421-8c71-47bc-992e-0d0dfdcdbbea,netgear-raxe500.pdf,Hardware Setup > Position your router,2,2,1,1438,15,16
57d18421-8c71-47bc-992e-0d0dfdcdbbea,netgear-raxe500.pdf,Hardware Setup > Rear panel,2,2,1,2390,13,14
57d18421-8c71-47bc-992e-0d0dfdcdbbea,netgear-raxe500.pdf,Hardware Setup > Router label,2,2,1,150,15,15
57d18421-8c71-47bc-992e-0d0dfdcdbbea,netgear-raxe500.pdf,Hardware Setup > Top panel LEDs and buttons,2,2,1,3665,10,12
57d18421-8c71-47bc-992e-0d0dfdcdbbea,netgear-raxe500.pdf,Hardware Setup > Unpack your router,2,2,1,102,9,9
57d18421-8c71-47bc-992e-0d0dfdcdbbea,netgear-raxe500.pdf,Hardware Setup > Wall-Mount Your Router,2,2,1,477,18,18
57d18421-8c71-47bc-992e-0d0dfdcdbbea,netgear-raxe500.pdf,Manage Network Settings,1,2,1,1264,57,99
57d18421-8c71-47bc-992e-0d0dfdcdbbea,netgear-raxe500.pdf,Manage Network Settings > Change the LAN TCP/IP settings,2,2,1,2422,61,63
57d18421-8c71-47bc-992e-0d0dfdcdbbea,netgear-raxe500.pdf,Manage Network Settings > Change the Router’s Device Name,2,2,1,751,61,61
57d18421-8c71-47bc-992e-0d0dfdcdbbea,netgear-raxe500.pdf,Manage Network Settings > Change the Transmission Power Control,2,2,1,1072,81,82
57d18421-8c71-47bc-992e-0d0dfdcdbbea,netgear-raxe500.pdf,Manage Network Settings > Change the WiFi mode,2,2,1,185,69,72
57d18421-8c71-47bc-992e-0d0dfdcdbbea,netgear-raxe500.pdf,Manage Network Settings > Change the WiFi mode > Change the WiFi mode if AX WiFi is disabled,3,2,1,2595,71,72
57d18421-8c71-47bc-992e-0d0dfdcdbbea,netgear-raxe500.pdf,Manage Network Settings > Change the WiFi mode > Change the WiFi mode if AX WiFi is enabled,3,2,1,3719,69,71
57d18421-8c71-47bc-992e-0d0dfdcdbbea,netgear-raxe500.pdf,Manage Network Settings > Change the WiFi password or the WiFi security,2,2,1,3835,73,74
57d18421-8c71-47bc-992e-0d0dfdcdbbea,netgear-raxe500.pdf,Manage Network Settings > Control the WiFi radios,2,2,1,605,77,78
57d18421-8c71-47bc-992e-0d0dfdcdbbea,netgear-raxe500.pdf,Manage Network Settings > Control the WiFi radios > Enable or disable the WiFi radios,3,2,1,1037,78,78
57d18421-8c71-47bc-992e-0d0dfdcdbbea,netgear-raxe500.pdf,Manage Network Settings > Control the WiFi radios > Use the WiFi On/Off button,3,2,1,300,77,77
57d18421-8c71-47bc-992e-0d0dfdcdbbea,netgear-raxe500.pdf,Manage Network Settings > Disable the DHCP server feature in the router,2,2,1,1140,64,65
57d18421-8c71-47bc-992e-0d0dfdcdbbea,netgear-raxe500.pdf,Manage Network Settings > Enable or disable 20/40 MHz coexistence for the 2.4 GHz radio,2,2,1,1455,79,80
57d18421-8c71-47bc-992e-0d0dfdcdbbea,netgear-raxe500.pdf,Manage Network Settings > Enable or disable AX WiFi,2,2,1,1008,78,79
57d18421-8c71-47bc-992e-0d0dfdcdbbea,netgear-raxe500.pdf,Manage Network Settings > Enable or disable MU-MIMO,2,2,1,1188,92,92
57d18421-8c71-47bc-992e-0d0dfdcdbbea,netgear-raxe500.pdf,Manage Network Settings > Enable or disable OFDMA,2,2,1,2104,80,81
57d18421-8c71-47bc-992e-0d0dfdcdbbea,netgear-raxe500.pdf,Manage Network Settings > Enable or disable Smart Connect,2,2,1,1194,93,93
57d18421-8c71-47bc-992e-0d0dfdcdbbea,netgear-raxe500.pdf,Manage Network Settings > Enable or disable airtime fairness,2,2,1,1268,91,92
57d18421-8c71-47bc-992e-0d0dfdcdbbea,netgear-raxe500.pdf,Manage Network Settings > Enable or disable implicit beamforming,2,2,1,1056,90,91
57d18421-8c71-47bc-992e-0d0dfdcdbbea,netgear-raxe500.pdf,Manage Network Settings > Improve network connections with Universal Plug and Play,2,2,1,2553,94,95
57d18421-8c71-47bc-992e-0d0dfdcdbbea,netgear-raxe500.pdf,Manage Network Settings > Manage Ethernet Port Aggregation to a LAN Device,2,2,1,1001,96,99
57d18421-8c71-47bc-992e-0d0dfdcdbbea,netgear-raxe500.pdf,Manage Network Settings > Manage Ethernet Port Aggregation to a LAN Device > Set Up Ethernet Port Aggregation to a LAN Device,3,2,1,2221,97,98
57d18421-8c71-47bc-992e-0d0dfdcdbbea,netgear-raxe500.pdf,Manage Network Settings > Manage Ethernet Port Aggregation to a LAN Device > View or Change the Router Ethernet Port Aggregation Mode,3,2,1,2093,98,99
57d18421-8c71-47bc-992e-0d0dfdcdbbea,netgear-raxe500.pdf,Manage Network Settings > Manage custom static routes,2,2,1,1457,87,90
57d18421-8c71-47bc-992e-0d0dfdcdbbea,netgear-raxe500.pdf,Manage Network Settings > Manage custom static routes > Delete a static route,3,2,1,638,90,90
57d18421-8c71-47bc-992e-0d0dfdcdbbea,netgear-raxe500.pdf,Manage Network Settings > Manage custom static routes > Edit a static route,3,2,1,716,89,90
57d18421-8c71-47bc-992e-0d0dfdcdbbea,netgear-raxe500.pdf,Manage Network Settings > Manage custom static routes > Set up a static route,3,2,1,1816,88,89
57d18421-8c71-47bc-992e-0d0dfdcdbbea,netgear-raxe500.pdf,Manage Network Settings > Manage reserved LAN IP addresses,2,2,1,252,65,67
57d18421-8c71-47bc-992e-0d0dfdcdbbea,netgear-raxe500.pdf,Manage Network Settings > Manage reserved LAN IP addresses > Delete a reserved IP address entry,3,2,1,643,66,67
57d18421-8c71-47bc-992e-0d0dfdcdbbea,netgear-raxe500.pdf,Manage Network Settings > Manage reserved LAN IP addresses > Edit a reserved IP address,3,2,1,732,66,66
57d18421-8c71-47bc-992e-0d0dfdcdbbea,netgear-raxe500.pdf,Manage Network Settings > Manage reserved LAN IP addresses > Reserve an IP address,3,2,1,1177,65,66
57d18421-8c71-47bc-992e-0d0dfdcdbbea,netgear-raxe500.pdf,Manage Network Settings > Set Up the Router in Bridge Mode,2,2,1,2414,95,96
57d18421-8c71-47bc-992e-0d0dfdcdbbea,netgear-raxe500.pdf,Manage Network Settings > Set up a WiFi schedule,2,2,1,1087,82,82
57d18421-8c71-47bc-992e-0d0dfdcdbbea,netgear-raxe500.pdf,Manage Network Settings > Set up a bridge for a port group or VLAN tag group,2,2,1,485,84,87
57d18421-8c71-47bc-992e-0d0dfdcdbbea,netgear-raxe500.pdf,Manage Network Settings > Set up a bridge for a port group or VLAN tag group > Set up a bridge for a VLAN tag group,3,2,1,2282,85,86
57d18421-8c71-47bc-992e-0d0dfdcdbbea,netgear-raxe500.pdf,Manage Network Settings > Set up a bridge for a port group or VLAN tag group > Set up a bridge for a port group,3,2,1,1709,84,85
57d18421-8c71-47bc-992e-0d0dfdcdbbea,netgear-raxe500.pdf,Manage Network Settings > Set up a bridge for a port group or VLAN tag group > Set up an IPTV port,3,2,1,1992,86,87
57d18421-8c71-47bc-992e-0d0dfdcdbbea,netgear-raxe500.pdf,Manage Network Settings > Set up a default DMZ server,2,2,1,1752,60,61
57d18421-8c71-47bc-992e-0d0dfdcdbbea,netgear-raxe500.pdf,Manage Network Settings > Set up a guest WiFi network,2,2,1,5624,75,77
57d18421-8c71-47bc-992e-0d0dfdcdbbea,netgear-raxe500.pdf,Manage Network Settings > Set up the router as a WiFi access point,2,2,1,1644,83,83
57d18421-8c71-47bc-992e-0d0dfdcdbbea,netgear-raxe500.pdf,Manage Network Settings > Specify basic WiFi settings,2,2,1,3289,68,69
57d18421-8c71-47bc-992e-0d0dfdcdbbea,netgear-raxe500.pdf,Manage Network Settings > Specify the IP addresses that the router assigns,2,2,1,1797,63,64
57d18421-8c71-47bc-992e-0d0dfdcdbbea,netgear-raxe500.pdf,Manage Network Settings > Use the WPS Wizard for WiFi connections,2,2,1,1019,67,67
57d18421-8c71-47bc-992e-0d0dfdcdbbea,netgear-raxe500.pdf,Manage Network Settings > View or change the WAN settings,2,2,1,2491,59,60
57d18421-8c71-47bc-992e-0d0dfdcdbbea,netgear-raxe500.pdf,Manage Your Router,1,2,1,796,100,118
57d18421-8c71-47bc-992e-0d0dfdcdbbea,netgear-raxe500.pdf,Manage Your Router > Change the admin password,2,2,1,1009,103,103
57d18421-8c71-47bc-992e-0d0dfdcdbbea,netgear-raxe500.pdf,Manage Your Router > Check the Internet connection status,2,2,1,1725,107,108
57d18421-8c71-47bc-992e-0d0dfdcdbbea,netgear-raxe500.pdf,Manage Your Router > Connect to your router with Anywhere Access,2,2,1,560,113,113
57d18421-8c71-47bc-992e-0d0dfdcdbbea,netgear-raxe500.pdf,Manage Your Router > Disable LED blinking or turn off LEDs,2,2,1,1046,113,114
57d18421-8c71-47bc-992e-0d0dfdcdbbea,netgear-raxe500.pdf,Manage Your Router > Display the statistics of the Internet port,2,2,1,1712,106,107
57d18421-8c71-47bc-992e-0d0dfdcdbbea,netgear-raxe500.pdf,Manage Your Router > Enable admin password recovery,2,2,1,981,103,104
57d18421-8c71-47bc-992e-0d0dfdcdbbea,netgear-raxe500.pdf,Manage Your Router > Manage the router configuration file,2,2,1,202,111,113
57d18421-8c71-47bc-992e-0d0dfdcdbbea,netgear-raxe500.pdf,Manage Your Router > Manage the router configuration file > Back up the settings,3,2,1,706,111,111
57d18421-8c71-47bc-992e-0d0dfdcdbbea,netgear-raxe500.pdf,Manage Your Router > Manage the router configuration file > Erase the settings,3,2,1,1000,111,112
57d18421-8c71-47bc-992e-0d0dfdcdbbea,netgear-raxe500.pdf,Manage Your Router > Manage the router configuration file > Restore the settings,3,2,1,760,112,113
57d18421-8c71-47bc-992e-0d0dfdcdbbea,netgear-raxe500.pdf,Manage Your Router > Monitor Internet traffic,2,2,1,2372,109,111
57d18421-8c71-47bc-992e-0d0dfdcdbbea,netgear-raxe500.pdf,Manage Your Router > Recover the admin password,2,2,1,856,104,105
57d18421-8c71-47bc-992e-0d0dfdcdbbea,netgear-raxe500.pdf,Manage Your Router > Return the router to its factory default settings,2,2,1,953,117,118
57d18421-8c71-47bc-992e-0d0dfdcdbbea,netgear-raxe500.pdf,Manage Your Router > Return the router to its factory default settings > Erase the settings,3,2,1,1000,117,118
57d18421-8c71-47bc-992e-0d0dfdcdbbea,netgear-raxe500.pdf,Manage Your Router > Return the router to its factory default settings > Use the Reset button,3,2,1,723,117,117
57d18421-8c71-47bc-992e-0d0dfdcdbbea,netgear-raxe500.pdf,Manage Your Router > Set the NTP Server,2,2,1,971,114,115
57d18421-8c71-47bc-992e-0d0dfdcdbbea,netgear-raxe500.pdf,Manage Your Router > Set your time zone,2,2,1,744,114,114
57d18421-8c71-47bc-992e-0d0dfdcdbbea,netgear-raxe500.pdf,Manage Your Router > Specify ReadyDLNA Media Server Settings,2,2,1,1516,116,116
57d18421-8c71-47bc-992e-0d0dfdcdbbea,netgear-raxe500.pdf,Manage Your Router > Update the router firmware,2,2,1,137,101,102
57d18421-8c71-47bc-992e-0d0dfdcdbbea,netgear-raxe500.pdf,Manage Your Router > Update the router firmware > Check for new firmware and update the router,3,2,1,1577,101,102
57d18421-8c71-47bc-992e-0d0dfdcdbbea,netgear-raxe500.pdf,Manage Your Router > Update the router firmware > Manually upload firmware to the router,3,2,1,1509,102,102
57d18421-8c71-47bc-992e-0d0dfdcdbbea,netgear-raxe500.pdf,Manage Your Router > View and manage logs of router activity,2,2,1,1679,108,109
57d18421-8c71-47bc-992e-0d0dfdcdbbea,netgear-raxe500.pdf,Manage Your Router > View devices currently on the network,2,2,1,1096,109,109
57d18421-8c71-47bc-992e-0d0dfdcdbbea,netgear-raxe500.pdf,Manage Your Router > View information about the router and the Internet and WiFi settings,2,2,1,1252,105,105
57d18421-8c71-47bc-992e-0d0dfdcdbbea,netgear-raxe500.pdf,Manage port forwarding and port triggering,1,2,1,248,147,155
57d18421-8c71-47bc-992e-0d0dfdcdbbea,netgear-raxe500.pdf,Manage port forwarding and port triggering > Manage port forwarding to a local server,2,2,1,479,148,152
57d18421-8c71-47bc-992e-0d0dfdcdbbea,netgear-raxe500.pdf,Manage port forwarding and port triggering > Manage port forwarding to a local server > Add a custom port forwarding service,3,2,1,2022,149,150
57d18421-8c71-47bc-992e-0d0dfdcdbbea,netgear-raxe500.pdf,Manage port forwarding and port triggering > Manage port forwarding to a local server > Application xxample: Make a local web server public,3,2,1,938,151,151
57d18421-8c71-47bc-992e-0d0dfdcdbbea,netgear-raxe500.pdf,Manage port forwarding and port triggering > Manage port forwarding to a local server > Delete a port forwarding entry,3,2,1,747,151,151
57d18421-8c71-47bc-992e-0d0dfdcdbbea,netgear-raxe500.pdf,Manage port forwarding and port triggering > Manage port forwarding to a local server > Edit a port forwarding service,3,2,1,866,150,150
57d18421-8c71-47bc-992e-0d0dfdcdbbea,netgear-raxe500.pdf,Manage port forwarding and port triggering > Manage port forwarding to a local server > How the router implements the port forwarding rule,3,2,1,926,152,152
57d18421-8c71-47bc-992e-0d0dfdcdbbea,netgear-raxe500.pdf,Manage port forwarding and port triggering > Manage port forwarding to a local server > Set up port forwarding to a local server,3,2,1,1328,148,149
57d18421-8c71-47bc-992e-0d0dfdcdbbea,netgear-raxe500.pdf,Manage port forwarding and port triggering > Port triggering,2,2,1,1093,152,155
57d18421-8c71-47bc-992e-0d0dfdcdbbea,netgear-raxe500.pdf,Manage port forwarding and port triggering > Port triggering > Add a port triggering service,3,2,1,1485,153,153
57d18421-8c71-47bc-992e-0d0dfdcdbbea,netgear-raxe500.pdf,Manage port forwarding and port triggering > Port triggering > Application example: Port triggering for Internet relay chat,3,2,1,2611,154,155
57d18421-8c71-47bc-992e-0d0dfdcdbbea,netgear-raxe500.pdf,Manage port forwarding and port triggering > Port triggering > Enable port triggering,3,2,1,1087,154,154
57d18421-8c71-47bc-992e-0d0dfdcdbbea,netgear-raxe500.pdf,Share USB Storage Devices Attached to the Router,1,2,1,1046,119,127
57d18421-8c71-47bc-992e-0d0dfdcdbbea,netgear-raxe500.pdf,Share USB Storage Devices Attached to the Router > Access a storage device connected to the router from a Windows-based computer,2,2,1,685,121,121
57d18421-8c71-47bc-992e-0d0dfdcdbbea,netgear-raxe500.pdf,Share USB Storage Devices Attached to the Router > Access a storage device that is connected to the router from a Mac,2,2,1,1270,122,123
57d18421-8c71-47bc-992e-0d0dfdcdbbea,netgear-raxe500.pdf,Share USB Storage Devices Attached to the Router > Add a network folder on a USB storage device,2,2,1,1775,124,125
57d18421-8c71-47bc-992e-0d0dfdcdbbea,netgear-raxe500.pdf,Share USB Storage Devices Attached to the Router > Connect a USB storage device to the router,2,2,1,646,120,120
57d18421-8c71-47bc-992e-0d0dfdcdbbea,netgear-raxe500.pdf,Share USB Storage Devices Attached to the Router > Edit a network folder on a USB storage device,2,2,1,869,125,126
57d18421-8c71-47bc-992e-0d0dfdcdbbea,netgear-raxe500.pdf,Share USB Storage Devices Attached to the Router > Enable FTP access within your network,2,2,1,735,123,123
57d18421-8c71-47bc-992e-0d0dfdcdbbea,netgear-raxe500.pdf,Share USB Storage Devices Attached to the Router > Map a USB device to a Windows network drive,2,2,1,1170,121,122
57d18421-8c71-47bc-992e-0d0dfdcdbbea,netgear-raxe500.pdf,Share USB Storage Devices Attached to the Router > Safely remove a USB storage device,2,2,1,897,126,127
57d18421-8c71-47bc-992e-0d0dfdcdbbea,netgear-raxe500.pdf,Share USB Storage Devices Attached to the Router > USB device requirements,2,2,1,717,120,120
57d18421-8c71-47bc-992e-0d0dfdcdbbea,netgear-raxe500.pdf,Share USB Storage Devices Attached to the Router > View network folders on a storage device,2,2,1,1429,123,124
57d18421-8c71-47bc-992e-0d0dfdcdbbea,netgear-raxe500.pdf,Specify Your Internet Settings,1,2,1,485,25,46
57d18421-8c71-47bc-992e-0d0dfdcdbbea,netgear-raxe500.pdf,Specify Your Internet Settings > Manage a Multi-Gig Internet connection,2,2,1,1350,30,32
57d18421-8c71-47bc-992e-0d0dfdcdbbea,netgear-raxe500.pdf,Specify Your Internet Settings > Manage a Multi-Gig Internet connection > Get Multi-Gig Internet With Internet Port Aggregation,3,2,1,1623,31,32
57d18421-8c71-47bc-992e-0d0dfdcdbbea,netgear-raxe500.pdf,Specify Your Internet Settings > Manage a Multi-Gig Internet connection > Get Multi-Gig Internet With the Multi-Gig Port,3,2,1,1231,31,31
57d18421-8c71-47bc-992e-0d0dfdcdbbea,netgear-raxe500.pdf,Specify Your Internet Settings > Manage the MTU size,2,2,1,90,44,46
57d18421-8c71-47bc-992e-0d0dfdcdbbea,netgear-raxe500.pdf,Specify Your Internet Settings > Manage the MTU size > Change the MTU size,3,2,1,611,46,46
57d18421-8c71-47bc-992e-0d0dfdcdbbea,netgear-raxe500.pdf,Specify Your Internet Settings > Manage the MTU size > MTU concepts,3,2,1,2005,44,46
57d18421-8c71-47bc-992e-0d0dfdcdbbea,netgear-raxe500.pdf,Specify Your Internet Settings > Manually set up the Internet connection,2,2,1,65,26,30
57d18421-8c71-47bc-992e-0d0dfdcdbbea,netgear-raxe500.pdf,Specify Your Internet Settings > Manually set up the Internet connection > Specify an Internet connection that uses a login,3,2,1,3438,28,30
57d18421-8c71-47bc-992e-0d0dfdcdbbea,netgear-raxe500.pdf,Specify Your Internet Settings > Manually set up the Internet connection > Specify an Internet connection without a login,3,2,1,2963,26,28
57d18421-8c71-47bc-992e-0d0dfdcdbbea,netgear-raxe500.pdf,Specify Your Internet Settings > Specify IPv6 Internet connections,2,2,1,1017,32,44
57d18421-8c71-47bc-992e-0d0dfdcdbbea,netgear-raxe500.pdf,Specify Your Internet Settings > Specify IPv6 Internet connections > Requirements for entering IPv6 addresses,3,2,1,376,33,33
57d18421-8c71-47bc-992e-0d0dfdcdbbea,netgear-raxe500.pdf,Specify Your Internet Settings > Specify IPv6 Internet connections > Set up an IPv6 6rd Internet connection,3,2,1,3715,43,44
57d18421-8c71-47bc-992e-0d0dfdcdbbea,netgear-raxe500.pdf,Specify Your Internet Settings > Specify IPv6 Internet connections > Set up an IPv6 6to4 tunnel Internet connection,3,2,1,2348,35,36
57d18421-8c71-47bc-992e-0d0dfdcdbbea,netgear-raxe500.pdf,Specify Your Internet Settings > Specify IPv6 Internet connections > Set up an IPv6 DHCP Internet connection,3,2,1,2800,38,39
57d18421-8c71-47bc-992e-0d0dfdcdbbea,netgear-raxe500.pdf,Specify Your Internet Settings > Specify IPv6 Internet connections > Set up an IPv6 PPPoE Internet connection,3,2,1,3123,39,41
57d18421-8c71-47bc-992e-0d0dfdcdbbea,netgear-raxe500.pdf,Specify Your Internet Settings > Specify IPv6 Internet connections > Set up an IPv6 fixed Internet connection,3,2,1,2133,37,38
57d18421-8c71-47bc-992e-0d0dfdcdbbea,netgear-raxe500.pdf,Specify Your Internet Settings > Specify IPv6 Internet connections > Set up an IPv6 pass-through Internet connection,3,2,1,883,36,36
57d18421-8c71-47bc-992e-0d0dfdcdbbea,netgear-raxe500.pdf,Specify Your Internet Settings > Specify IPv6 Internet connections > Use auto config for an IPv6 Internet connection,3,2,1,2825,41,42
57d18421-8c71-47bc-992e-0d0dfdcdbbea,netgear-raxe500.pdf,Specify Your Internet Settings > Specify IPv6 Internet connections > Use auto detect for an IPv6 Internet connection,3,2,1,2268,33,34
57d18421-8c71-47bc-992e-0d0dfdcdbbea,netgear-raxe500.pdf,Specify Your Internet Settings > Use the Internet Setup Wizard,2,2,1,1031,26,26
57d18421-8c71-47bc-992e-0d0dfdcdbbea,netgear-raxe500.pdf,Supplemental Information,1,2,1,151,166,169
57d18421-8c71-47bc-992e-0d0dfdcdbbea,netgear-raxe500.pdf,Supplemental Information > Factory settings,2,2,1,1684,167,168
57d18421-8c71-47bc-992e-0d0dfdcdbbea,netgear-raxe500.pdf,Supplemental Information > Technical specifications,2,2,1,2014,168,169
57d18421-8c71-47bc-992e-0d0dfdcdbbea,netgear-raxe500.pdf,Troubleshooting,1,2,1,572,156,165
57d18421-8c71-47bc-992e-0d0dfdcdbbea,netgear-raxe500.pdf,Troubleshooting > Changes are not saved,2,2,1,403,162,162
57d18421-8c71-47bc-992e-0d0dfdcdbbea,netgear-raxe500.pdf,Troubleshooting > Quick tips,2,2,1,69,157,158
57d18421-8c71-47bc-992e-0d0dfdcdbbea,netgear-raxe500.pdf,Troubleshooting > Quick tips > Check the WiFi settings,3,2,1,406,157,157
57d18421-8c71-47bc-992e-0d0dfdcdbbea,netgear-raxe500.pdf,Troubleshooting > Quick tips > Check the network settings,3,2,1,593,157,158
57d18421-8c71-47bc-992e-0d0dfdcdbbea,netgear-raxe500.pdf,Troubleshooting > Quick tips > Check the power adapter and Ethernet cable connections,3,2,1,515,157,157
57d18421-8c71-47bc-992e-0d0dfdcdbbea,netgear-raxe500.pdf,Troubleshooting > Quick tips > Sequence to restart your network,3,2,1,212,157,157
57d18421-8c71-47bc-992e-0d0dfdcdbbea,netgear-raxe500.pdf,Troubleshooting > Troubleshoot Internet browsing,2,2,1,1129,162,162
57d18421-8c71-47bc-992e-0d0dfdcdbbea,netgear-raxe500.pdf,Troubleshooting > Troubleshoot WiFi connectivity,2,2,1,1221,163,163
57d18421-8c71-47bc-992e-0d0dfdcdbbea,netgear-raxe500.pdf,Troubleshooting > Troubleshoot with the LEDs,2,2,1,50,158,159
57d18421-8c71-47bc-992e-0d0dfdcdbbea,netgear-raxe500.pdf,Troubleshooting > Troubleshoot with the LEDs > Internet or Ethernet LAN port LEDs are off,3,2,1,536,159,159
57d18421-8c71-47bc-992e-0d0dfdcdbbea,netgear-raxe500.pdf,Troubleshooting > Troubleshoot with the LEDs > LEDs never turn off,3,2,1,501,158,159
57d18421-8c71-47bc-992e-0d0dfdcdbbea,netgear-raxe500.pdf,Troubleshooting > Troubleshoot with the LEDs > Power LED is off or blinking,3,2,1,677,158,158
57d18421-8c71-47bc-992e-0d0dfdcdbbea,netgear-raxe500.pdf,Troubleshooting > Troubleshoot with the LEDs > Standard LED behavior when the router is powered on,3,2,1,395,158,158
57d18421-8c71-47bc-992e-0d0dfdcdbbea,netgear-raxe500.pdf,Troubleshooting > Troubleshoot with the LEDs > WiFi LED is off,3,2,1,316,159,159
57d18421-8c71-47bc-992e-0d0dfdcdbbea,netgear-raxe500.pdf,Troubleshooting > Troubleshoot your network using the ping utility,2,2,1,254,163,165
57d18421-8c71-47bc-992e-0d0dfdcdbbea,netgear-raxe500.pdf,Troubleshooting > Troubleshoot your network using the ping utility > Test the LAN path to your router,3,2,1,1401,163,164
57d18421-8c71-47bc-992e-0d0dfdcdbbea,netgear-raxe500.pdf,Troubleshooting > Troubleshoot your network using the ping utility > Test the path from a Windows-based computer to a remote device,3,2,1,1579,164,165
57d18421-8c71-47bc-992e-0d0dfdcdbbea,netgear-raxe500.pdf,Troubleshooting > You cannot access the Internet,2,2,1,2982,160,162
57d18421-8c71-47bc-992e-0d0dfdcdbbea,netgear-raxe500.pdf,Troubleshooting > You cannot log in to the router,2,2,1,2465,159,160
57d18421-8c71-47bc-992e-0d0dfdcdbbea,netgear-raxe500.pdf,Use Dynamic DNS to Access USB Storage Devices Through the Internet,1,2,1,395,128,133
57d18421-8c71-47bc-992e-0d0dfdcdbbea,netgear-raxe500.pdf,Use Dynamic DNS to Access USB Storage Devices Through the Internet > Access USB storage devices through the Internet,2,2,1,646,133,133
57d18421-8c71-47bc-992e-0d0dfdcdbbea,netgear-raxe500.pdf,Use Dynamic DNS to Access USB Storage Devices Through the Internet > Set up FTP access through the Internet,2,2,1,1008,129,130
57d18421-8c71-47bc-992e-0d0dfdcdbbea,netgear-raxe500.pdf,Use Dynamic DNS to Access USB Storage Devices Through the Internet > Set up and manage Dynamic DNS,2,2,1,967,129,129
57d18421-8c71-47bc-992e-0d0dfdcdbbea,netgear-raxe500.pdf,Use Dynamic DNS to Access USB Storage Devices Through the Internet > Your personal FTP server,2,2,1,444,130,133
57d18421-8c71-47bc-992e-0d0dfdcdbbea,netgear-raxe500.pdf,Use Dynamic DNS to Access USB Storage Devices Through the Internet > Your personal FTP server > Change the Dynamic DNS settings,3,2,1,673,132,133
57d18421-8c71-47bc-992e-0d0dfdcdbbea,netgear-raxe500.pdf,Use Dynamic DNS to Access USB Storage Devices Through the Internet > Your personal FTP server > Set up a new Dynamic DNS account,3,2,1,1270,131,131
57d18421-8c71-47bc-992e-0d0dfdcdbbea,netgear-raxe500.pdf,Use Dynamic DNS to Access USB Storage Devices Through the Internet > Your personal FTP server > Set up your personal FTP server,3,2,1,967,130,131
57d18421-8c71-47bc-992e-0d0dfdcdbbea,netgear-raxe500.pdf,Use Dynamic DNS to Access USB Storage Devices Through the Internet > Your personal FTP server > Specify a DNS account that you already created,3,2,1,1583,131,132
57d18421-8c71-47bc-992e-0d0dfdcdbbea,netgear-raxe500.pdf,Use VPN to Access Your Network,1,2,1,437,134,146
57d18421-8c71-47bc-992e-0d0dfdcdbbea,netgear-raxe500.pdf,Use VPN to Access Your Network > Install OpenVPN software,2,2,1,157,136,141
57d18421-8c71-47bc-992e-0d0dfdcdbbea,netgear-raxe500.pdf,Use VPN to Access Your Network > Install OpenVPN software > Install OpenVPN Software on Your Windows Computer,3,2,1,2600,136,139
57d18421-8c71-47bc-992e-0d0dfdcdbbea,netgear-raxe500.pdf,Use VPN to Access Your Network > Install OpenVPN software > Install OpenVPN software on an Android device,3,2,1,1353,140,141
57d18421-8c71-47bc-992e-0d0dfdcdbbea,netgear-raxe500.pdf,Use VPN to Access Your Network > Install OpenVPN software > Install OpenVPN software on an iOS device,3,2,1,1349,140,140
57d18421-8c71-47bc-992e-0d0dfdcdbbea,netgear-raxe500.pdf,Use VPN to Access Your Network > Install OpenVPN software > Install OpenVPN software on your Mac computer,3,2,1,1424,139,139
57d18421-8c71-47bc-992e-0d0dfdcdbbea,netgear-raxe500.pdf,Use VPN to Access Your Network > Set up a VPN connection,2,2,1,855,135,135
57d18421-8c71-47bc-992e-0d0dfdcdbbea,netgear-raxe500.pdf,Use VPN to Access Your Network > Specify VPN service in the router,2,2,1,1223,135,136
57d18421-8c71-47bc-992e-0d0dfdcdbbea,netgear-raxe500.pdf,Use VPN to Access Your Network > Use VPN to access the router’s USB device and media,2,2,1,856,143,143
57d18421-8c71-47bc-992e-0d0dfdcdbbea,netgear-raxe500.pdf,Use VPN to Access Your Network > Use VPN to access your Internet service at home,2,2,1,563,143,146
57d18421-8c71-47bc-992e-0d0dfdcdbbea,netgear-raxe500.pdf,Use VPN to Access Your Network > Use VPN to access your Internet service at home > Block VPN client Internet access in the router,3,2,1,1454,144,145
57d18421-8c71-47bc-992e-0d0dfdcdbbea,netgear-raxe500.pdf,Use VPN to Access Your Network > Use VPN to access your Internet service at home > Set up VPN client Internet access in the router,3,2,1,1532,144,144
57d18421-8c71-47bc-992e-0d0dfdcdbbea,netgear-raxe500.pdf,Use VPN to Access Your Network > Use VPN to access your Internet service at home > Use a VPN tunnel to access your Internet service at home,3,2,1,396,145,146
57d18421-8c71-47bc-992e-0d0dfdcdbbea,netgear-raxe500.pdf,Use VPN to Access Your Network > Use a VPN tunnel on your Windows computer,2,2,1,1412,141,142
57d18421-8c71-47bc-992e-0d0dfdcdbbea,netgear-raxe500.pdf,[ROOT],0,1,1,1768,1,2
4431ab7b-17f3-4bc6-8ee4-691efbcdfdeb,netgear-rbk852.pdf,Connect to the Network and Access the Router,1,2,1,227,15,21
4431ab7b-17f3-4bc6-8ee4-691efbcdfdeb,netgear-rbk852.pdf,Connect to the Network and Access the Router > Change the language,2,2,1,633,21,21
4431ab7b-17f3-4bc6-8ee4-691efbcdfdeb,netgear-rbk852.pdf,Connect to the Network and Access the Router > Connect to the network,2,2,1,207,16,17
4431ab7b-17f3-4bc6-8ee4-691efbcdfdeb,netgear-rbk852.pdf,Connect to the Network and Access the Router > Connect to the network > WiFi connection,3,2,1,1057,16,16
4431ab7b-17f3-4bc6-8ee4-691efbcdfdeb,netgear-rbk852.pdf,Connect to the Network and Access the Router > Connect to the network > WiFi connection using WPS,3,2,1,554,17,17
4431ab7b-17f3-4bc6-8ee4-691efbcdfdeb,netgear-rbk852.pdf,Connect to the Network and Access the Router > Connect to the network > Wired connection,3,2,1,603,16,16
4431ab7b-17f3-4bc6-8ee4-691efbcdfdeb,netgear-rbk852.pdf,Connect to the Network and Access the Router > Router and satellite labels,2,2,1,299,17,18
4431ab7b-17f3-4bc6-8ee4-691efbcdfdeb,netgear-rbk852.pdf,Connect to the Network and Access the Router > Set up and manage with the NETGEAR Orbi app,2,2,1,961,18,19
4431ab7b-17f3-4bc6-8ee4-691efbcdfdeb,netgear-rbk852.pdf,Connect to the Network and Access the Router > Types of logins,2,2,1,963,17,17
4431ab7b-17f3-4bc6-8ee4-691efbcdfdeb,netgear-rbk852.pdf,Connect to the Network and Access the Router > Use a web browser to access the router,2,2,1,310,19,21
4431ab7b-17f3-4bc6-8ee4-691efbcdfdeb,netgear-rbk852.pdf,Connect to the Network and Access the Router > Use a web browser to access the router > Log in to the Orbi router web interface,3,2,1,564,20,21
4431ab7b-17f3-4bc6-8ee4-691efbcdfdeb,netgear-rbk852.pdf,Connect to the Network and Access the Router > Use a web browser to access the router > Use the automatic Internet setup option,3,2,1,2792,19,20
4431ab7b-17f3-4bc6-8ee4-691efbcdfdeb,netgear-rbk852.pdf,Control Access to the Internet,1,2,1,535,42,51
4431ab7b-17f3-4bc6-8ee4-691efbcdfdeb,netgear-rbk852.pdf,Control Access to the Internet > Allow or block access to your network,2,2,1,2095,43,44
4431ab7b-17f3-4bc6-8ee4-691efbcdfdeb,netgear-rbk852.pdf,Control Access to the Internet > Avoid blocking on a trusted computer,2,2,1,959,47,47
4431ab7b-17f3-4bc6-8ee4-691efbcdfdeb,netgear-rbk852.pdf,Control Access to the Internet > Block services from the Internet,2,2,1,2078,47,49
4431ab7b-17f3-4bc6-8ee4-691efbcdfdeb,netgear-rbk852.pdf,Control Access to the Internet > Delete keywords that are used to block Internet sites,2,2,1,825,46,47
4431ab7b-17f3-4bc6-8ee4-691efbcdfdeb,netgear-rbk852.pdf,Control Access to the Internet > Manage NETGEAR Armor,2,2,1,636,43,43
4431ab7b-17f3-4bc6-8ee4-691efbcdfdeb,netgear-rbk852.pdf,Control Access to the Internet > Manage network access control lists,2,2,1,1069,44,45
4431ab7b-17f3-4bc6-8ee4-691efbcdfdeb,netgear-rbk852.pdf,Control Access to the Internet > Schedule when to block Internet sites and services,2,2,1,1112,49,49
4431ab7b-17f3-4bc6-8ee4-691efbcdfdeb,netgear-rbk852.pdf,Control Access to the Internet > Set up security event email notifications,2,2,1,2423,49,51
4431ab7b-17f3-4bc6-8ee4-691efbcdfdeb,netgear-rbk852.pdf,Control Access to the Internet > Use keywords to block Internet sites,2,2,1,1396,45,46
4431ab7b-17f3-4bc6-8ee4-691efbcdfdeb,netgear-rbk852.pdf,Customize Internet Traffic Rules for Ports,1,2,1,255,123,131
4431ab7b-17f3-4bc6-8ee4-691efbcdfdeb,netgear-rbk852.pdf,Customize Internet Traffic Rules for Ports > Manage port forwarding to a local server,2,2,1,480,124,128
4431ab7b-17f3-4bc6-8ee4-691efbcdfdeb,netgear-rbk852.pdf,Customize Internet Traffic Rules for Ports > Manage port forwarding to a local server > Add a custom port forwarding service,3,2,1,1556,125,126
4431ab7b-17f3-4bc6-8ee4-691efbcdfdeb,netgear-rbk852.pdf,Customize Internet Traffic Rules for Ports > Manage port forwarding to a local server > Application example: Make a local web server public,3,2,1,935,128,128
4431ab7b-17f3-4bc6-8ee4-691efbcdfdeb,netgear-rbk852.pdf,Customize Internet Traffic Rules for Ports > Manage port forwarding to a local server > Delete a port forwarding entry,3,2,1,763,127,127
4431ab7b-17f3-4bc6-8ee4-691efbcdfdeb,netgear-rbk852.pdf,Customize Internet Traffic Rules for Ports > Manage port forwarding to a local server > Edit a port forwarding service,3,2,1,1434,126,126
4431ab7b-17f3-4bc6-8ee4-691efbcdfdeb,netgear-rbk852.pdf,Customize Internet Traffic Rules for Ports > Manage port forwarding to a local server > How the router implements the port forwarding rule,3,2,1,929,127,128
4431ab7b-17f3-4bc6-8ee4-691efbcdfdeb,netgear-rbk852.pdf,Customize Internet Traffic Rules for Ports > Manage port forwarding to a local server > Set up port forwarding to a local server,3,2,1,1336,124,125
4431ab7b-17f3-4bc6-8ee4-691efbcdfdeb,netgear-rbk852.pdf,Customize Internet Traffic Rules for Ports > Manage port triggering,2,2,1,866,128,131
4431ab7b-17f3-4bc6-8ee4-691efbcdfdeb,netgear-rbk852.pdf,Customize Internet Traffic Rules for Ports > Manage port triggering > Add a port triggering service,3,2,1,1696,129,130
4431ab7b-17f3-4bc6-8ee4-691efbcdfdeb,netgear-rbk852.pdf,Customize Internet Traffic Rules for Ports > Manage port triggering > Application example: Port triggering for Internet Relay Chat,3,2,1,2640,130,131
4431ab7b-17f3-4bc6-8ee4-691efbcdfdeb,netgear-rbk852.pdf,Customize Internet Traffic Rules for Ports > Manage port triggering > Disable port triggering or change the time-out period,3,2,1,1261,130,130
4431ab7b-17f3-4bc6-8ee4-691efbcdfdeb,netgear-rbk852.pdf,Mantain and Monitor Your Network,1,2,1,837,92,111
4431ab7b-17f3-4bc6-8ee4-691efbcdfdeb,netgear-rbk852.pdf,Mantain and Monitor Your Network > Always use HTTPS to access the router,2,2,1,1309,98,99
4431ab7b-17f3-4bc6-8ee4-691efbcdfdeb,netgear-rbk852.pdf,Mantain and Monitor Your Network > Change the NTP server,2,2,1,885,109,109
4431ab7b-17f3-4bc6-8ee4-691efbcdfdeb,netgear-rbk852.pdf,Mantain and Monitor Your Network > Change the admin password,2,2,1,1193,96,96
4431ab7b-17f3-4bc6-8ee4-691efbcdfdeb,netgear-rbk852.pdf,Mantain and Monitor Your Network > Check the Internet connection status,2,2,1,1456,100,101
4431ab7b-17f3-4bc6-8ee4-691efbcdfdeb,netgear-rbk852.pdf,Mantain and Monitor Your Network > Check your Internet bandwidth,2,2,1,637,106,107
4431ab7b-17f3-4bc6-8ee4-691efbcdfdeb,netgear-rbk852.pdf,Mantain and Monitor Your Network > Display Internet port statistics,2,2,1,1617,99,100
4431ab7b-17f3-4bc6-8ee4-691efbcdfdeb,netgear-rbk852.pdf,Mantain and Monitor Your Network > Enable admin password reset,2,2,1,921,97,97
4431ab7b-17f3-4bc6-8ee4-691efbcdfdeb,netgear-rbk852.pdf,Mantain and Monitor Your Network > Manage the router configuration file,2,2,1,202,109,111
4431ab7b-17f3-4bc6-8ee4-691efbcdfdeb,netgear-rbk852.pdf,Mantain and Monitor Your Network > Manage the router configuration file > Back up settings,3,2,1,661,110,110
4431ab7b-17f3-4bc6-8ee4-691efbcdfdeb,netgear-rbk852.pdf,Mantain and Monitor Your Network > Manage the router configuration file > Erase the current configuration settings,3,2,1,842,111,111
4431ab7b-17f3-4bc6-8ee4-691efbcdfdeb,netgear-rbk852.pdf,Mantain and Monitor Your Network > Manage the router configuration file > Restore configuration settings,3,2,1,735,110,111
4431ab7b-17f3-4bc6-8ee4-691efbcdfdeb,netgear-rbk852.pdf,Mantain and Monitor Your Network > Monitor Internet traffic,2,2,1,2637,107,108
4431ab7b-17f3-4bc6-8ee4-691efbcdfdeb,netgear-rbk852.pdf,Mantain and Monitor Your Network > Remotely access your router using the Orbi app,2,2,1,386,111,111
4431ab7b-17f3-4bc6-8ee4-691efbcdfdeb,netgear-rbk852.pdf,Mantain and Monitor Your Network > Reset the admin password,2,2,1,1004,97,98
4431ab7b-17f3-4bc6-8ee4-691efbcdfdeb,netgear-rbk852.pdf,Mantain and Monitor Your Network > Set the time zone,2,2,1,732,108,109
4431ab7b-17f3-4bc6-8ee4-691efbcdfdeb,netgear-rbk852.pdf,Mantain and Monitor Your Network > Update the router and satellite firmware,2,2,1,183,93,96
4431ab7b-17f3-4bc6-8ee4-691efbcdfdeb,netgear-rbk852.pdf,Mantain and Monitor Your Network > Update the router and satellite firmware > Check for firmware updates,3,2,1,1252,93,93
4431ab7b-17f3-4bc6-8ee4-691efbcdfdeb,netgear-rbk852.pdf,Mantain and Monitor Your Network > Update the router and satellite firmware > Manually update firmware,3,2,1,1006,94,94
4431ab7b-17f3-4bc6-8ee4-691efbcdfdeb,netgear-rbk852.pdf,Mantain and Monitor Your Network > Update the router and satellite firmware > Manually update router firmware,3,2,1,931,95,96
4431ab7b-17f3-4bc6-8ee4-691efbcdfdeb,netgear-rbk852.pdf,Mantain and Monitor Your Network > Update the router and satellite firmware > Manually update satellite firmware,3,2,1,1454,94,95
4431ab7b-17f3-4bc6-8ee4-691efbcdfdeb,netgear-rbk852.pdf,Mantain and Monitor Your Network > View and manage logs of router activity,2,2,1,1186,102,102
4431ab7b-17f3-4bc6-8ee4-691efbcdfdeb,netgear-rbk852.pdf,Mantain and Monitor Your Network > View devices connected to the network or edit device information,2,2,1,171,103,104
4431ab7b-17f3-4bc6-8ee4-691efbcdfdeb,netgear-rbk852.pdf,Mantain and Monitor Your Network > View devices connected to the network or edit device information > Edit device information on the Attached Devices page,3,2,1,965,104,104
4431ab7b-17f3-4bc6-8ee4-691efbcdfdeb,netgear-rbk852.pdf,Mantain and Monitor Your Network > View devices connected to the network or edit device information > View devices connected to the network,3,2,1,1400,103,103
4431ab7b-17f3-4bc6-8ee4-691efbcdfdeb,netgear-rbk852.pdf,Mantain and Monitor Your Network > View router status and usage information,2,2,1,503,99,99
4431ab7b-17f3-4bc6-8ee4-691efbcdfdeb,netgear-rbk852.pdf,Mantain and Monitor Your Network > View satellites connected to the network or edit satellite information,2,2,1,174,104,106
4431ab7b-17f3-4bc6-8ee4-691efbcdfdeb,netgear-rbk852.pdf,Mantain and Monitor Your Network > View satellites connected to the network or edit satellite information > Edit satellite information that displays on the Attached Devices page,3,2,1,922,105,106
4431ab7b-17f3-4bc6-8ee4-691efbcdfdeb,netgear-rbk852.pdf,Mantain and Monitor Your Network > View satellites connected to the network or edit satellite information > View satellites connected to the network,3,2,1,1552,105,105
4431ab7b-17f3-4bc6-8ee4-691efbcdfdeb,netgear-rbk852.pdf,Mantain and Monitor Your Network > View the satellite status,2,2,1,841,101,102
4431ab7b-17f3-4bc6-8ee4-691efbcdfdeb,netgear-rbk852.pdf,Overview,1,2,1,1032,8,14
4431ab7b-17f3-4bc6-8ee4-691efbcdfdeb,netgear-rbk852.pdf,Overview > Connect your router,2,2,1,1008,13,13
4431ab7b-17f3-4bc6-8ee4-691efbcdfdeb,netgear-rbk852.pdf,Overview > Orbi router overview,2,2,1,93,9,11
4431ab7b-17f3-4bc6-8ee4-691efbcdfdeb,netgear-rbk852.pdf,Overview > Orbi router overview > Orbi router LED behavior,3,2,1,886,10,11
4431ab7b-17f3-4bc6-8ee4-691efbcdfdeb,netgear-rbk852.pdf,Overview > Orbi router overview > Orbi router hardware features,3,2,1,1099,9,10
4431ab7b-17f3-4bc6-8ee4-691efbcdfdeb,netgear-rbk852.pdf,Overview > Orbi satellite overview,2,2,1,96,11,12
4431ab7b-17f3-4bc6-8ee4-691efbcdfdeb,netgear-rbk852.pdf,Overview > Orbi satellite overview > Orbi satellite LED behavior,3,2,1,988,12,12
4431ab7b-17f3-4bc6-8ee4-691efbcdfdeb,netgear-rbk852.pdf,Overview > Orbi satellite overview > Orbi satellite hardware features,3,2,1,249,11,12
4431ab7b-17f3-4bc6-8ee4-691efbcdfdeb,netgear-rbk852.pdf,Overview > Place your Orbi satellite,2,2,1,185,14,14
4431ab7b-17f3-4bc6-8ee4-691efbcdfdeb,netgear-rbk852.pdf,Overview > Sync your Orbi satellite with your Orbi router,2,2,1,1226,14,14
4431ab7b-17f3-4bc6-8ee4-691efbcdfdeb,netgear-rbk852.pdf,Specify Network Settings,1,2,1,677,66,91
4431ab7b-17f3-4bc6-8ee4-691efbcdfdeb,netgear-rbk852.pdf,Specify Network Settings > Change the LAN TCP/IP settings,2,2,1,2483,76,78
4431ab7b-17f3-4bc6-8ee4-691efbcdfdeb,netgear-rbk852.pdf,Specify Network Settings > Change the router’s device name,2,2,1,715,76,76
4431ab7b-17f3-4bc6-8ee4-691efbcdfdeb,netgear-rbk852.pdf,Specify Network Settings > Disable the DHCP server feature in the router,2,2,1,1086,79,79
4431ab7b-17f3-4bc6-8ee4-691efbcdfdeb,netgear-rbk852.pdf,Specify Network Settings > Generate a new backhaul password,2,2,1,976,86,87
4431ab7b-17f3-4bc6-8ee4-691efbcdfdeb,netgear-rbk852.pdf,Specify Network Settings > Improve network connections with Universal Plug and Play,2,2,1,2502,87,88
4431ab7b-17f3-4bc6-8ee4-691efbcdfdeb,netgear-rbk852.pdf,Specify Network Settings > Manage Dynamic DNS,2,2,1,967,72,74
4431ab7b-17f3-4bc6-8ee4-691efbcdfdeb,netgear-rbk852.pdf,Specify Network Settings > Manage Dynamic DNS > Change the Dynamic DNS settings,3,2,1,588,74,74
4431ab7b-17f3-4bc6-8ee4-691efbcdfdeb,netgear-rbk852.pdf,Specify Network Settings > Manage Dynamic DNS > Set up a new Dynamic DNS account,3,2,1,1445,72,73
4431ab7b-17f3-4bc6-8ee4-691efbcdfdeb,netgear-rbk852.pdf,Specify Network Settings > Manage Dynamic DNS > Specify a Dynamic DNS account that you already created,3,2,1,1473,73,74
4431ab7b-17f3-4bc6-8ee4-691efbcdfdeb,netgear-rbk852.pdf,Specify Network Settings > Manage custom static routes,2,2,1,1457,82,84
4431ab7b-17f3-4bc6-8ee4-691efbcdfdeb,netgear-rbk852.pdf,Specify Network Settings > Manage custom static routes > Delete a static route,3,2,1,611,84,84
4431ab7b-17f3-4bc6-8ee4-691efbcdfdeb,netgear-rbk852.pdf,Specify Network Settings > Manage custom static routes > Edit a static route,3,2,1,689,83,84
4431ab7b-17f3-4bc6-8ee4-691efbcdfdeb,netgear-rbk852.pdf,Specify Network Settings > Manage custom static routes > Set up a static route,3,2,1,1330,82,83
4431ab7b-17f3-4bc6-8ee4-691efbcdfdeb,netgear-rbk852.pdf,Specify Network Settings > Manage reserved LAN IP addresses,2,2,1,252,80,82
4431ab7b-17f3-4bc6-8ee4-691efbcdfdeb,netgear-rbk852.pdf,Specify Network Settings > Manage reserved LAN IP addresses > Delete a reserved IP address entry,3,2,1,598,81,82
4431ab7b-17f3-4bc6-8ee4-691efbcdfdeb,netgear-rbk852.pdf,Specify Network Settings > Manage reserved LAN IP addresses > Edit a reserved IP address,3,2,1,689,81,81
4431ab7b-17f3-4bc6-8ee4-691efbcdfdeb,netgear-rbk852.pdf,Specify Network Settings > Manage reserved LAN IP addresses > Reserve an IP address,3,2,1,1193,80,80
4431ab7b-17f3-4bc6-8ee4-691efbcdfdeb,netgear-rbk852.pdf,Specify Network Settings > Manage the WAN preference for Orbi router model RBR850 or RBR840,2,2,1,717,70,72
4431ab7b-17f3-4bc6-8ee4-691efbcdfdeb,netgear-rbk852.pdf,Specify Network Settings > Manage the WAN preference for Orbi router model RBR850 or RBR840 > Change the WAN preference back to the Internet port for Orbi router model RBR850 or RBR840,3,2,1,915,71,72
4431ab7b-17f3-4bc6-8ee4-691efbcdfdeb,netgear-rbk852.pdf,Specify Network Settings > Manage the WAN preference for Orbi router model RBR850 or RBR840 > Set up Internet port aggregation for Orbi router model RBR850 or RBR840,3,2,1,1421,70,71
4431ab7b-17f3-4bc6-8ee4-691efbcdfdeb,netgear-rbk852.pdf,Specify Network Settings > Manage the WAN preference for Orbi router model RBR860,2,2,1,705,68,70
4431ab7b-17f3-4bc6-8ee4-691efbcdfdeb,netgear-rbk852.pdf,Specify Network Settings > Manage the WAN preference for Orbi router model RBR860 > Change the WAN preference back to the Internet port for Orbi router model RBR860,3,2,1,894,69,70
4431ab7b-17f3-4bc6-8ee4-691efbcdfdeb,netgear-rbk852.pdf,Specify Network Settings > Manage the WAN preference for Orbi router model RBR860 > Set up Internet port aggregation for Orbi router model RBR860,3,2,1,1405,68,69
4431ab7b-17f3-4bc6-8ee4-691efbcdfdeb,netgear-rbk852.pdf,Specify Network Settings > Set up a bridge for a port group or VLAN tag group,2,2,1,555,88,91
4431ab7b-17f3-4bc6-8ee4-691efbcdfdeb,netgear-rbk852.pdf,Specify Network Settings > Set up a bridge for a port group or VLAN tag group > Set up a bridge for a VLAN tag group,3,2,1,2063,90,91
4431ab7b-17f3-4bc6-8ee4-691efbcdfdeb,netgear-rbk852.pdf,Specify Network Settings > Set up a bridge for a port group or VLAN tag group > Set up a bridge for a port group,3,2,1,1341,89,89
4431ab7b-17f3-4bc6-8ee4-691efbcdfdeb,netgear-rbk852.pdf,Specify Network Settings > Set up a default DMZ server,2,2,1,1718,75,75
4431ab7b-17f3-4bc6-8ee4-691efbcdfdeb,netgear-rbk852.pdf,Specify Network Settings > Set up router mode,2,2,1,718,86,86
4431ab7b-17f3-4bc6-8ee4-691efbcdfdeb,netgear-rbk852.pdf,Specify Network Settings > Use the router as a DHCP server,2,2,1,1932,78,79
4431ab7b-17f3-4bc6-8ee4-691efbcdfdeb,netgear-rbk852.pdf,Specify Network Settings > Use the router as a WiFi access point only,2,2,1,2119,85,86
4431ab7b-17f3-4bc6-8ee4-691efbcdfdeb,netgear-rbk852.pdf,Specify Network Settings > View or change WAN settings,2,2,1,2656,67,68
4431ab7b-17f3-4bc6-8ee4-691efbcdfdeb,netgear-rbk852.pdf,Specify WiFi Settings,1,2,1,350,52,65
4431ab7b-17f3-4bc6-8ee4-691efbcdfdeb,netgear-rbk852.pdf,Specify WiFi Settings > About the WiFi networks,2,2,1,1706,53,53
4431ab7b-17f3-4bc6-8ee4-691efbcdfdeb,netgear-rbk852.pdf,Specify WiFi Settings > Change the preamble mode for a radio,2,2,1,1425,63,64
4431ab7b-17f3-4bc6-8ee4-691efbcdfdeb,netgear-rbk852.pdf,Specify WiFi Settings > Change the radio transmission power control,2,2,1,1128,64,65
4431ab7b-17f3-4bc6-8ee4-691efbcdfdeb,netgear-rbk852.pdf,Specify WiFi Settings > Change your region,2,2,1,662,62,62
4431ab7b-17f3-4bc6-8ee4-691efbcdfdeb,netgear-rbk852.pdf,Specify WiFi Settings > Enable or disable 20/40 MHz coexistence for the 2.4 GHz radio,2,2,1,1489,62,63
4431ab7b-17f3-4bc6-8ee4-691efbcdfdeb,netgear-rbk852.pdf,Specify WiFi Settings > Manage the IoT WiFi settings,2,2,1,187,57,60
4431ab7b-17f3-4bc6-8ee4-691efbcdfdeb,netgear-rbk852.pdf,Specify WiFi Settings > Manage the IoT WiFi settings > Change the WiFi network name for the IoT network,3,2,1,922,59,59
4431ab7b-17f3-4bc6-8ee4-691efbcdfdeb,netgear-rbk852.pdf,Specify WiFi Settings > Manage the IoT WiFi settings > Change the WiFi password or security option for the IoT network,3,2,1,941,60,60
4431ab7b-17f3-4bc6-8ee4-691efbcdfdeb,netgear-rbk852.pdf,Specify WiFi Settings > Manage the IoT WiFi settings > Change the WiFi radio band for the IoT network,3,2,1,686,58,59
4431ab7b-17f3-4bc6-8ee4-691efbcdfdeb,netgear-rbk852.pdf,Specify WiFi Settings > Manage the IoT WiFi settings > Enable or disable the IoT network,3,2,1,722,58,58
4431ab7b-17f3-4bc6-8ee4-691efbcdfdeb,netgear-rbk852.pdf,Specify WiFi Settings > Manage the settings for the main WiFi network,2,2,1,711,53,57
4431ab7b-17f3-4bc6-8ee4-691efbcdfdeb,netgear-rbk852.pdf,Specify WiFi Settings > Manage the settings for the main WiFi network > Change the 2.4 GHz or 5 GHz WiFi channel,3,2,1,1474,55,56
4431ab7b-17f3-4bc6-8ee4-691efbcdfdeb,netgear-rbk852.pdf,Specify WiFi Settings > Manage the settings for the main WiFi network > Change the WiFi password or security option for the main WiFi network,3,2,1,1587,56,57
4431ab7b-17f3-4bc6-8ee4-691efbcdfdeb,netgear-rbk852.pdf,Specify WiFi Settings > Manage the settings for the main WiFi network > Change the name of the main WiFi network,3,2,1,985,55,55
4431ab7b-17f3-4bc6-8ee4-691efbcdfdeb,netgear-rbk852.pdf,Specify WiFi Settings > Manage the settings for the main WiFi network > Enable or disable the AX feature for the 2.4 GHz or 5 GHz radio band,3,2,1,1658,54,55
4431ab7b-17f3-4bc6-8ee4-691efbcdfdeb,netgear-rbk852.pdf,Specify WiFi Settings > Set up a guest WiFi network,2,2,1,1765,60,61
4431ab7b-17f3-4bc6-8ee4-691efbcdfdeb,netgear-rbk852.pdf,Specify Your Internet Settings,1,2,1,487,22,41
4431ab7b-17f3-4bc6-8ee4-691efbcdfdeb,netgear-rbk852.pdf,Specify Your Internet Settings > Change the MTU size,2,2,1,2598,40,41
4431ab7b-17f3-4bc6-8ee4-691efbcdfdeb,netgear-rbk852.pdf,Specify Your Internet Settings > Manage an IPv6 Internet connection,2,2,1,118,27,40
4431ab7b-17f3-4bc6-8ee4-691efbcdfdeb,netgear-rbk852.pdf,Specify Your Internet Settings > Manage an IPv6 Internet connection > Requirements for entering IPv6 addresses,3,2,1,376,27,27
4431ab7b-17f3-4bc6-8ee4-691efbcdfdeb,netgear-rbk852.pdf,Specify Your Internet Settings > Manage an IPv6 Internet connection > Set up an IPv6 6rd tunnel Internet connection,3,2,1,3828,32,34
4431ab7b-17f3-4bc6-8ee4-691efbcdfdeb,netgear-rbk852.pdf,Specify Your Internet Settings > Manage an IPv6 Internet connection > Set up an IPv6 6to4 tunnel Internet connection,3,2,1,2740,31,32
4431ab7b-17f3-4bc6-8ee4-691efbcdfdeb,netgear-rbk852.pdf,Specify Your Internet Settings > Manage an IPv6 Internet connection > Set up an IPv6 DHCP Internet connection,3,2,1,3203,36,38
4431ab7b-17f3-4bc6-8ee4-691efbcdfdeb,netgear-rbk852.pdf,Specify Your Internet Settings > Manage an IPv6 Internet connection > Set up an IPv6 PPPoE Internet connection,3,2,1,3525,38,40
4431ab7b-17f3-4bc6-8ee4-691efbcdfdeb,netgear-rbk852.pdf,Specify Your Internet Settings > Manage an IPv6 Internet connection > Set up an IPv6 fixed Internet connection,3,2,1,2099,35,36
4431ab7b-17f3-4bc6-8ee4-691efbcdfdeb,netgear-rbk852.pdf,Specify Your Internet Settings > Manage an IPv6 Internet connection > Set up an IPv6 pass-through Internet connection,3,2,1,856,34,35
4431ab7b-17f3-4bc6-8ee4-691efbcdfdeb,netgear-rbk852.pdf,Specify Your Internet Settings > Manage an IPv6 Internet connection > Specify IPv6 Internet connections,3,2,1,1535,27,28
4431ab7b-17f3-4bc6-8ee4-691efbcdfdeb,netgear-rbk852.pdf,Specify Your Internet Settings > Manage an IPv6 Internet connection > Use auto configuration for an IPv6 Internet connection,3,2,1,3124,29,31
4431ab7b-17f3-4bc6-8ee4-691efbcdfdeb,netgear-rbk852.pdf,Specify Your Internet Settings > Manage an IPv6 Internet connection > Use auto detection for an IPv6 Internet connection,3,2,1,2246,28,29
4431ab7b-17f3-4bc6-8ee4-691efbcdfdeb,netgear-rbk852.pdf,Specify Your Internet Settings > Manually set up the Internet connection,2,2,1,65,23,23
4431ab7b-17f3-4bc6-8ee4-691efbcdfdeb,netgear-rbk852.pdf,Specify Your Internet Settings > Specify an Internet connection that uses a login,2,2,1,2879,25,26
4431ab7b-17f3-4bc6-8ee4-691efbcdfdeb,netgear-rbk852.pdf,Specify Your Internet Settings > Specify an Internet connection without a login,2,2,1,2781,23,24
4431ab7b-17f3-4bc6-8ee4-691efbcdfdeb,netgear-rbk852.pdf,Supplemental Information,1,2,1,208,141,161
4431ab7b-17f3-4bc6-8ee4-691efbcdfdeb,netgear-rbk852.pdf,Supplemental Information > Factory settings for Orbi routers,2,2,1,265,142,147
4431ab7b-17f3-4bc6-8ee4-691efbcdfdeb,netgear-rbk852.pdf,Supplemental Information > Factory settings for Orbi routers > Factory settings for Orbi router model RBR840,3,2,1,1782,146,147
4431ab7b-17f3-4bc6-8ee4-691efbcdfdeb,netgear-rbk852.pdf,Supplemental Information > Factory settings for Orbi routers > Factory settings for Orbi router model RBR850,3,2,1,1782,144,145
4431ab7b-17f3-4bc6-8ee4-691efbcdfdeb,netgear-rbk852.pdf,Supplemental Information > Factory settings for Orbi routers > Factory settings for Orbi router model RBR860,3,2,1,1782,142,143
4431ab7b-17f3-4bc6-8ee4-691efbcdfdeb,netgear-rbk852.pdf,Supplemental Information > Factory settings for Orbi satellites,2,2,1,272,147,152
4431ab7b-17f3-4bc6-8ee4-691efbcdfdeb,netgear-rbk852.pdf,Supplemental Information > Factory settings for Orbi satellites > Factory settings for Orbi satellite model RBS840,3,2,1,1679,151,152
4431ab7b-17f3-4bc6-8ee4-691efbcdfdeb,netgear-rbk852.pdf,Supplemental Information > Factory settings for Orbi satellites > Factory settings for Orbi satellite model RBS850,3,2,1,1767,149,151
4431ab7b-17f3-4bc6-8ee4-691efbcdfdeb,netgear-rbk852.pdf,Supplemental Information > Factory settings for Orbi satellites > Factory settings for Orbi satellite model RBS860,3,2,1,1677,148,149
4431ab7b-17f3-4bc6-8ee4-691efbcdfdeb,netgear-rbk852.pdf,Supplemental Information > Technical specifications for Orbi routers,2,2,1,68,153,157
4431ab7b-17f3-4bc6-8ee4-691efbcdfdeb,netgear-rbk852.pdf,Supplemental Information > Technical specifications for Orbi routers > Technical specifications for Orbi router model RBR840,3,2,1,2195,156,157
4431ab7b-17f3-4bc6-8ee4-691efbcdfdeb,netgear-rbk852.pdf,Supplemental Information > Technical specifications for Orbi routers > Technical specifications for Orbi router model RBR850,3,2,1,2197,154,155
4431ab7b-17f3-4bc6-8ee4-691efbcdfdeb,netgear-rbk852.pdf,Supplemental Information > Technical specifications for Orbi routers > Technical specifications for Orbi router model RBR860,3,2,1,2196,153,154
4431ab7b-17f3-4bc6-8ee4-691efbcdfdeb,netgear-rbk852.pdf,Supplemental Information > Technical specifications for Orbi satellites,2,2,1,67,157,161
4431ab7b-17f3-4bc6-8ee4-691efbcdfdeb,netgear-rbk852.pdf,Supplemental Information > Technical specifications for Orbi satellites > Technical specifications for Orbi satellite model RBS840,3,2,1,2059,160,161
4431ab7b-17f3-4bc6-8ee4-691efbcdfdeb,netgear-rbk852.pdf,Supplemental Information > Technical specifications for Orbi satellites > Technical specifications for Orbi satellite model RBS850,3,2,1,2061,159,160
4431ab7b-17f3-4bc6-8ee4-691efbcdfdeb,netgear-rbk852.pdf,Supplemental Information > Technical specifications for Orbi satellites > Technical specifications for Orbi satellite model RBS860,3,2,1,2061,157,158
4431ab7b-17f3-4bc6-8ee4-691efbcdfdeb,netgear-rbk852.pdf,Troubleshooting,1,2,1,598,132,140
4431ab7b-17f3-4bc6-8ee4-691efbcdfdeb,netgear-rbk852.pdf,Troubleshooting > Quick tips,2,2,1,69,133,133
4431ab7b-17f3-4bc6-8ee4-691efbcdfdeb,netgear-rbk852.pdf,Troubleshooting > Quick tips > Network settings,3,2,1,462,133,133
4431ab7b-17f3-4bc6-8ee4-691efbcdfdeb,netgear-rbk852.pdf,Troubleshooting > Quick tips > Sequence to restart your network,3,2,1,209,133,133
4431ab7b-17f3-4bc6-8ee4-691efbcdfdeb,netgear-rbk852.pdf,Troubleshooting > Quick tips > WiFi settings,3,2,1,306,133,133
4431ab7b-17f3-4bc6-8ee4-691efbcdfdeb,netgear-rbk852.pdf,Troubleshooting > The router and satellite do not sync,2,2,1,1514,133,134
4431ab7b-17f3-4bc6-8ee4-691efbcdfdeb,netgear-rbk852.pdf,Troubleshooting > Troubleshoot Internet browsing,2,2,1,1499,136,136
4431ab7b-17f3-4bc6-8ee4-691efbcdfdeb,netgear-rbk852.pdf,Troubleshooting > Troubleshoot PPPoE,2,2,1,1128,137,137
4431ab7b-17f3-4bc6-8ee4-691efbcdfdeb,netgear-rbk852.pdf,Troubleshooting > Troubleshoot WiFi connectivity,2,2,1,814,137,138
4431ab7b-17f3-4bc6-8ee4-691efbcdfdeb,netgear-rbk852.pdf,Troubleshooting > Troubleshoot your network using the ping utility,2,2,1,254,138,140
4431ab7b-17f3-4bc6-8ee4-691efbcdfdeb,netgear-rbk852.pdf,Troubleshooting > Troubleshoot your network using the ping utility > Test the LAN path to your router,3,2,1,1306,138,139
4431ab7b-17f3-4bc6-8ee4-691efbcdfdeb,netgear-rbk852.pdf,Troubleshooting > Troubleshoot your network using the ping utility > Test the path from your computer to a remote device,3,2,1,1672,139,140
4431ab7b-17f3-4bc6-8ee4-691efbcdfdeb,netgear-rbk852.pdf,Troubleshooting > You cannot access the Internet,2,2,1,1861,135,136
4431ab7b-17f3-4bc6-8ee4-691efbcdfdeb,netgear-rbk852.pdf,Troubleshooting > You cannot log in to the router,2,2,1,304,134,134
4431ab7b-17f3-4bc6-8ee4-691efbcdfdeb,netgear-rbk852.pdf,Use OpenVPN to Access Your Network,1,2,1,421,112,122
4431ab7b-17f3-4bc6-8ee4-691efbcdfdeb,netgear-rbk852.pdf,Use OpenVPN to Access Your Network > About VPN connections,2,2,1,1585,113,113
4431ab7b-17f3-4bc6-8ee4-691efbcdfdeb,netgear-rbk852.pdf,Use OpenVPN to Access Your Network > Enable OpenVPN service in the router,2,2,1,2277,114,115
4431ab7b-17f3-4bc6-8ee4-691efbcdfdeb,netgear-rbk852.pdf,Use OpenVPN to Access Your Network > Install OpenVPN software on a VPN client,2,2,1,1249,115,120
4431ab7b-17f3-4bc6-8ee4-691efbcdfdeb,netgear-rbk852.pdf,Use OpenVPN to Access Your Network > Install OpenVPN software on a VPN client > Install OpenVPN software on a Mac computer,3,2,1,1650,117,118
4431ab7b-17f3-4bc6-8ee4-691efbcdfdeb,netgear-rbk852.pdf,Use OpenVPN to Access Your Network > Install OpenVPN software on a VPN client > Install OpenVPN software on a Windows-based computer,3,2,1,2413,116,117
4431ab7b-17f3-4bc6-8ee4-691efbcdfdeb,netgear-rbk852.pdf,Use OpenVPN to Access Your Network > Install OpenVPN software on a VPN client > Install OpenVPN software on an Android device,3,2,1,1508,119,120
4431ab7b-17f3-4bc6-8ee4-691efbcdfdeb,netgear-rbk852.pdf,Use OpenVPN to Access Your Network > Install OpenVPN software on a VPN client > Install OpenVPN software on an iOS device,3,2,1,1619,118,119
4431ab7b-17f3-4bc6-8ee4-691efbcdfdeb,netgear-rbk852.pdf,Use OpenVPN to Access Your Network > LAN IP addressing in VPN networks,2,2,1,717,113,114
4431ab7b-17f3-4bc6-8ee4-691efbcdfdeb,netgear-rbk852.pdf,Use OpenVPN to Access Your Network > Use VPN to access your Internet service at home,2,2,1,565,120,122
4431ab7b-17f3-4bc6-8ee4-691efbcdfdeb,netgear-rbk852.pdf,Use OpenVPN to Access Your Network > Use VPN to access your Internet service at home > Allow VPN client Internet access in the router,3,2,1,1292,120,121
4431ab7b-17f3-4bc6-8ee4-691efbcdfdeb,netgear-rbk852.pdf,Use OpenVPN to Access Your Network > Use VPN to access your Internet service at home > Block VPN client Internet access in the router,3,2,1,1299,121,122
4431ab7b-17f3-4bc6-8ee4-691efbcdfdeb,netgear-rbk852.pdf,[ROOT],0,1,1,2199,1,2
404fe683-4727-4c53-9c1d-9adf98a793c4,netgear-xr500.pdf,Connect to the Network and Access the Router,1,2,1,358,20,26
404fe683-4727-4c53-9c1d-9adf98a793c4,netgear-xr500.pdf,Connect to the Network and Access the Router > Connect to the router network,2,2,1,223,21,22
404fe683-4727-4c53-9c1d-9adf98a793c4,netgear-xr500.pdf,Connect to the Network and Access the Router > Connect to the router network > Connect to the router WiFi network,3,2,1,565,21,21
404fe683-4727-4c53-9c1d-9adf98a793c4,netgear-xr500.pdf,Connect to the Network and Access the Router > Connect to the router network > Connect to the router using a wired connection,3,2,1,459,21,21
404fe683-4727-4c53-9c1d-9adf98a793c4,netgear-xr500.pdf,Connect to the Network and Access the Router > Connect to the router network > WiFi connection using WPS,3,2,1,542,21,22
404fe683-4727-4c53-9c1d-9adf98a793c4,netgear-xr500.pdf,Connect to the Network and Access the Router > Manage your router with the NETGEAR Nighthawk app,2,2,1,753,26,26
404fe683-4727-4c53-9c1d-9adf98a793c4,netgear-xr500.pdf,Connect to the Network and Access the Router > Types of logins,2,2,1,708,22,22
404fe683-4727-4c53-9c1d-9adf98a793c4,netgear-xr500.pdf,Connect to the Network and Access the Router > Use a web browser to access the router,2,2,1,278,22,25
404fe683-4727-4c53-9c1d-9adf98a793c4,netgear-xr500.pdf,Connect to the Network and Access the Router > Use a web browser to access the router > Automatic Internet setup,3,2,1,3866,22,24
404fe683-4727-4c53-9c1d-9adf98a793c4,netgear-xr500.pdf,Connect to the Network and Access the Router > Use a web browser to access the router > Change the language,3,2,1,568,25,25
404fe683-4727-4c53-9c1d-9adf98a793c4,netgear-xr500.pdf,Connect to the Network and Access the Router > Use a web browser to access the router > Log in to the router,3,2,1,1292,24,25
404fe683-4727-4c53-9c1d-9adf98a793c4,netgear-xr500.pdf,Control Access to the Internet,1,2,1,406,71,80
404fe683-4727-4c53-9c1d-9adf98a793c4,netgear-xr500.pdf,Control Access to the Internet > Block access to Internet sites,2,2,1,184,72,74
404fe683-4727-4c53-9c1d-9adf98a793c4,netgear-xr500.pdf,Control Access to the Internet > Block access to Internet sites > Add keywords and block access to specific Internet sites,3,2,1,1612,72,73
404fe683-4727-4c53-9c1d-9adf98a793c4,netgear-xr500.pdf,Control Access to the Internet > Block access to Internet sites > Avoid blocking on a trusted computer,3,2,1,984,73,74
404fe683-4727-4c53-9c1d-9adf98a793c4,netgear-xr500.pdf,Control Access to the Internet > Block access to Internet sites > Delete keywords from the blocked list,3,2,1,844,73,73
404fe683-4727-4c53-9c1d-9adf98a793c4,netgear-xr500.pdf,Control Access to the Internet > Block services and applications with simple outbound firewall rules,2,2,1,930,74,77
404fe683-4727-4c53-9c1d-9adf98a793c4,netgear-xr500.pdf,Control Access to the Internet > Block services and applications with simple outbound firewall rules > Block a service or application from accessing the Internet,3,2,1,2337,75,76
404fe683-4727-4c53-9c1d-9adf98a793c4,netgear-xr500.pdf,Control Access to the Internet > Block services and applications with simple outbound firewall rules > Change an outbound firewall rule for a service or application,3,2,1,1039,76,77
404fe683-4727-4c53-9c1d-9adf98a793c4,netgear-xr500.pdf,Control Access to the Internet > Block services and applications with simple outbound firewall rules > Remove an outbound firewall rule for a service or application,3,2,1,827,77,77
404fe683-4727-4c53-9c1d-9adf98a793c4,netgear-xr500.pdf,Control Access to the Internet > Set up a schedule for keyword blocking and outbound firewall rules,2,2,1,1980,77,78
404fe683-4727-4c53-9c1d-9adf98a793c4,netgear-xr500.pdf,Control Access to the Internet > Set up email notifications for security events and log messages,2,2,1,3186,79,80
404fe683-4727-4c53-9c1d-9adf98a793c4,netgear-xr500.pdf,Customize Quality of Service Settings and Optimize Gaming,1,2,1,364,47,63
404fe683-4727-4c53-9c1d-9adf98a793c4,netgear-xr500.pdf,Customize Quality of Service Settings and Optimize Gaming > Improve response time by using the Geo Filter,2,2,1,360,48,54
404fe683-4727-4c53-9c1d-9adf98a793c4,netgear-xr500.pdf,Customize Quality of Service Settings and Optimize Gaming > Improve response time by using the Geo Filter > Add a device to the Geo Filter,3,2,1,1521,51,52
404fe683-4727-4c53-9c1d-9adf98a793c4,netgear-xr500.pdf,Customize Quality of Service Settings and Optimize Gaming > Improve response time by using the Geo Filter > Configure and use the Geo Filter,3,2,1,4274,48,50
404fe683-4727-4c53-9c1d-9adf98a793c4,netgear-xr500.pdf,Customize Quality of Service Settings and Optimize Gaming > Improve response time by using the Geo Filter > Manage the general Geo Filter map settings,3,2,1,2105,53,54
404fe683-4727-4c53-9c1d-9adf98a793c4,netgear-xr500.pdf,Customize Quality of Service Settings and Optimize Gaming > Improve response time by using the Geo Filter > Ping a device and allow or deny the device a connection,3,2,1,2048,50,51
404fe683-4727-4c53-9c1d-9adf98a793c4,netgear-xr500.pdf,Customize Quality of Service Settings and Optimize Gaming > Improve response time by using the Geo Filter > Remove a device from the Geo Filter,3,2,1,640,52,53
404fe683-4727-4c53-9c1d-9adf98a793c4,netgear-xr500.pdf,Customize Quality of Service Settings and Optimize Gaming > Manage bandwidth allocation,2,2,1,221,54,59
404fe683-4727-4c53-9c1d-9adf98a793c4,netgear-xr500.pdf,Customize Quality of Service Settings and Optimize Gaming > Manage bandwidth allocation > Allocate bandwidth to devices,3,2,1,4441,56,58
404fe683-4727-4c53-9c1d-9adf98a793c4,netgear-xr500.pdf,Customize Quality of Service Settings and Optimize Gaming > Manage bandwidth allocation > Disable Anti-Bufferbloat,3,2,1,904,55,56
404fe683-4727-4c53-9c1d-9adf98a793c4,netgear-xr500.pdf,Customize Quality of Service Settings and Optimize Gaming > Manage bandwidth allocation > Prevent network congestion with Anti-Bufferbloat,3,2,1,3431,54,55
404fe683-4727-4c53-9c1d-9adf98a793c4,netgear-xr500.pdf,Customize Quality of Service Settings and Optimize Gaming > Manage bandwidth allocation > Reset the bandwidth distribution,3,2,1,1298,58,59
404fe683-4727-4c53-9c1d-9adf98a793c4,netgear-xr500.pdf,Customize Quality of Service Settings and Optimize Gaming > Manage traffic prioritization,2,2,1,109,59,63
404fe683-4727-4c53-9c1d-9adf98a793c4,netgear-xr500.pdf,Customize Quality of Service Settings and Optimize Gaming > Manage traffic prioritization > Add a device for traffic prioritization,3,2,1,1351,61,62
404fe683-4727-4c53-9c1d-9adf98a793c4,netgear-xr500.pdf,Customize Quality of Service Settings and Optimize Gaming > Manage traffic prioritization > Disable automatic traffic prioritization,3,2,1,753,62,63
404fe683-4727-4c53-9c1d-9adf98a793c4,netgear-xr500.pdf,Customize Quality of Service Settings and Optimize Gaming > Manage traffic prioritization > Prioritize traffic for a device and view prioritization information,3,2,1,3232,59,61
404fe683-4727-4c53-9c1d-9adf98a793c4,netgear-xr500.pdf,Customize Quality of Service Settings and Optimize Gaming > Manage traffic prioritization > Stop traffic prioritization for a device,3,2,1,977,62,62
404fe683-4727-4c53-9c1d-9adf98a793c4,netgear-xr500.pdf,Hardware Setup,1,2,1,469,10,19
404fe683-4727-4c53-9c1d-9adf98a793c4,netgear-xr500.pdf,Hardware Setup > Attach the antennas,2,2,1,591,15,15
404fe683-4727-4c53-9c1d-9adf98a793c4,netgear-xr500.pdf,Hardware Setup > Cable your router,2,2,1,666,18,18
404fe683-4727-4c53-9c1d-9adf98a793c4,netgear-xr500.pdf,"Hardware Setup > LEDs, buttons, and borts on the front panel, top panel, and left side panel",2,2,1,2806,12,13
404fe683-4727-4c53-9c1d-9adf98a793c4,netgear-xr500.pdf,Hardware Setup > Position your router,2,2,1,1609,16,17
404fe683-4727-4c53-9c1d-9adf98a793c4,netgear-xr500.pdf,Hardware Setup > Rear panel,2,2,1,1169,14,14
404fe683-4727-4c53-9c1d-9adf98a793c4,netgear-xr500.pdf,Hardware Setup > Router Label,2,2,1,220,16,16
404fe683-4727-4c53-9c1d-9adf98a793c4,netgear-xr500.pdf,Hardware Setup > Turn the LEDs on or off using the LED On/Off switch,2,2,1,491,18,19
404fe683-4727-4c53-9c1d-9adf98a793c4,netgear-xr500.pdf,Hardware Setup > Unpack your router,2,2,1,142,11,11
404fe683-4727-4c53-9c1d-9adf98a793c4,netgear-xr500.pdf,Maintain the Router,1,2,1,851,119,139
404fe683-4727-4c53-9c1d-9adf98a793c4,netgear-xr500.pdf,Maintain the Router > Access your router using the Nighthawk app,2,2,1,462,128,128
404fe683-4727-4c53-9c1d-9adf98a793c4,netgear-xr500.pdf,Maintain the Router > Change the admin password,2,2,1,1234,123,123
404fe683-4727-4c53-9c1d-9adf98a793c4,netgear-xr500.pdf,"Maintain the Router > Check the Internet connection status, view details, and release and renew the connection",2,2,1,2063,136,137
404fe683-4727-4c53-9c1d-9adf98a793c4,netgear-xr500.pdf,Maintain the Router > Disable or enable LED blinking or turn off LEDs,2,2,1,1380,138,139
404fe683-4727-4c53-9c1d-9adf98a793c4,netgear-xr500.pdf,Maintain the Router > Display Internet port statistics,2,2,1,1622,135,136
404fe683-4727-4c53-9c1d-9adf98a793c4,netgear-xr500.pdf,Maintain the Router > Enable admin password reset,2,2,1,940,123,124
404fe683-4727-4c53-9c1d-9adf98a793c4,netgear-xr500.pdf,Maintain the Router > Manage remote access,2,2,1,526,127,128
404fe683-4727-4c53-9c1d-9adf98a793c4,netgear-xr500.pdf,Maintain the Router > Manage remote access > Set up remote management,3,2,1,1612,127,128
404fe683-4727-4c53-9c1d-9adf98a793c4,netgear-xr500.pdf,Maintain the Router > Manage remote access > Use remote access,3,2,1,370,128,128
404fe683-4727-4c53-9c1d-9adf98a793c4,netgear-xr500.pdf,Maintain the Router > Manage the router configuration file,2,2,1,202,125,127
404fe683-4727-4c53-9c1d-9adf98a793c4,netgear-xr500.pdf,Maintain the Router > Manage the router configuration file > Back up the configuration settings,3,2,1,700,125,125
404fe683-4727-4c53-9c1d-9adf98a793c4,netgear-xr500.pdf,Maintain the Router > Manage the router configuration file > Erase the current configuration settings,3,2,1,971,126,127
404fe683-4727-4c53-9c1d-9adf98a793c4,netgear-xr500.pdf,Maintain the Router > Manage the router configuration file > Restore the configuration settings,3,2,1,758,126,126
404fe683-4727-4c53-9c1d-9adf98a793c4,netgear-xr500.pdf,Maintain the Router > Monitor and meter Internet traffic,2,2,1,247,129,133
404fe683-4727-4c53-9c1d-9adf98a793c4,netgear-xr500.pdf,Maintain the Router > Monitor and meter Internet traffic > Restrict Internet traffic by connection time,3,2,1,2219,131,132
404fe683-4727-4c53-9c1d-9adf98a793c4,netgear-xr500.pdf,Maintain the Router > Monitor and meter Internet traffic > Restrict Internet traffic by volume,3,2,1,2355,129,131
404fe683-4727-4c53-9c1d-9adf98a793c4,netgear-xr500.pdf,Maintain the Router > Monitor and meter Internet traffic > Start the traffic meter without traffic volume restrictions,3,2,1,1188,129,129
404fe683-4727-4c53-9c1d-9adf98a793c4,netgear-xr500.pdf,Maintain the Router > Monitor and meter Internet traffic > Unblock the traffic meter after the traffic limit is reached,3,2,1,985,133,133
404fe683-4727-4c53-9c1d-9adf98a793c4,netgear-xr500.pdf,Maintain the Router > Monitor and meter Internet traffic > View the Internet traffic volume and statistics,3,2,1,1269,132,132
404fe683-4727-4c53-9c1d-9adf98a793c4,netgear-xr500.pdf,Maintain the Router > Reset the admin password,2,2,1,1041,124,125
404fe683-4727-4c53-9c1d-9adf98a793c4,netgear-xr500.pdf,Maintain the Router > Restart the router from its web interface,2,2,1,788,137,138
404fe683-4727-4c53-9c1d-9adf98a793c4,netgear-xr500.pdf,Maintain the Router > Update the router firmware,2,2,1,144,120,122
404fe683-4727-4c53-9c1d-9adf98a793c4,netgear-xr500.pdf,Maintain the Router > Update the router firmware > Check for new firmware and update the router,3,2,1,2504,120,121
404fe683-4727-4c53-9c1d-9adf98a793c4,netgear-xr500.pdf,Maintain the Router > Update the router firmware > Manually upload firmware to the router,3,2,1,2139,121,122
404fe683-4727-4c53-9c1d-9adf98a793c4,netgear-xr500.pdf,Maintain the Router > View and manage the router activity log,2,2,1,2743,133,135
404fe683-4727-4c53-9c1d-9adf98a793c4,netgear-xr500.pdf,Maintain the Router > View router notifications,2,2,1,581,138,138
404fe683-4727-4c53-9c1d-9adf98a793c4,netgear-xr500.pdf,Manage and Customize Internet Traffic Rules for Ports,1,2,1,315,188,198
404fe683-4727-4c53-9c1d-9adf98a793c4,netgear-xr500.pdf,Manage and Customize Internet Traffic Rules for Ports > Manage port forwarding to a local server for services and applications,2,2,1,538,189,193
404fe683-4727-4c53-9c1d-9adf98a793c4,netgear-xr500.pdf,Manage and Customize Internet Traffic Rules for Ports > Manage port forwarding to a local server for services and applications > Add a custom port forwarding service or application,3,2,1,1900,190,191
404fe683-4727-4c53-9c1d-9adf98a793c4,netgear-xr500.pdf,Manage and Customize Internet Traffic Rules for Ports > Manage port forwarding to a local server for services and applications > Application example: Make a local web server public,3,2,1,970,192,193
404fe683-4727-4c53-9c1d-9adf98a793c4,netgear-xr500.pdf,Manage and Customize Internet Traffic Rules for Ports > Manage port forwarding to a local server for services and applications > Change a port forwarding service or application,3,2,1,889,191,191
404fe683-4727-4c53-9c1d-9adf98a793c4,netgear-xr500.pdf,Manage and Customize Internet Traffic Rules for Ports > Manage port forwarding to a local server for services and applications > How the router implements a port forwarding rule,3,2,1,927,193,193
404fe683-4727-4c53-9c1d-9adf98a793c4,netgear-xr500.pdf,Manage and Customize Internet Traffic Rules for Ports > Manage port forwarding to a local server for services and applications > Remove a port forwarding service or application,3,2,1,702,192,192
404fe683-4727-4c53-9c1d-9adf98a793c4,netgear-xr500.pdf,Manage and Customize Internet Traffic Rules for Ports > Manage port forwarding to a local server for services and applications > Set up port forwarding to a local server,3,2,1,1624,189,190
404fe683-4727-4c53-9c1d-9adf98a793c4,netgear-xr500.pdf,Manage and Customize Internet Traffic Rules for Ports > Manage port triggering for services and applications,2,2,1,1175,193,198
404fe683-4727-4c53-9c1d-9adf98a793c4,netgear-xr500.pdf,Manage and Customize Internet Traffic Rules for Ports > Manage port triggering for services and applications > Add a port triggering service or application,3,2,1,1886,194,195
404fe683-4727-4c53-9c1d-9adf98a793c4,netgear-xr500.pdf,Manage and Customize Internet Traffic Rules for Ports > Manage port triggering for services and applications > Application example: Port triggering for Internet Relay Chat,3,2,1,2611,198,198
404fe683-4727-4c53-9c1d-9adf98a793c4,netgear-xr500.pdf,Manage and Customize Internet Traffic Rules for Ports > Manage port triggering for services and applications > Change a port triggering service or application,3,2,1,1119,196,196
404fe683-4727-4c53-9c1d-9adf98a793c4,netgear-xr500.pdf,Manage and Customize Internet Traffic Rules for Ports > Manage port triggering for services and applications > Disable port triggering,3,2,1,969,197,197
404fe683-4727-4c53-9c1d-9adf98a793c4,netgear-xr500.pdf,Manage and Customize Internet Traffic Rules for Ports > Manage port triggering for services and applications > Enable port triggering and specify the time-out value,3,2,1,1329,195,195
404fe683-4727-4c53-9c1d-9adf98a793c4,netgear-xr500.pdf,Manage and Customize Internet Traffic Rules for Ports > Manage port triggering for services and applications > Remove a port triggering service or application,3,2,1,840,196,197
404fe683-4727-4c53-9c1d-9adf98a793c4,netgear-xr500.pdf,Manage the Router’s Network Settings,1,2,1,710,81,99
404fe683-4727-4c53-9c1d-9adf98a793c4,netgear-xr500.pdf,Manage the Router’s Network Settings > Change the router’s LAN IP address and RIP settings,2,2,1,2513,85,86
404fe683-4727-4c53-9c1d-9adf98a793c4,netgear-xr500.pdf,Manage the Router’s Network Settings > Change the router’s device name,2,2,1,884,84,84
404fe683-4727-4c53-9c1d-9adf98a793c4,netgear-xr500.pdf,Manage the Router’s Network Settings > Disable the DHCP server in the router,2,2,1,1141,87,88
404fe683-4727-4c53-9c1d-9adf98a793c4,netgear-xr500.pdf,Manage the Router’s Network Settings > Improve network connections with Universal Plug and Play,2,2,1,2488,97,99
404fe683-4727-4c53-9c1d-9adf98a793c4,netgear-xr500.pdf,Manage the Router’s Network Settings > Manage custom static routes,2,2,1,1457,95,97
404fe683-4727-4c53-9c1d-9adf98a793c4,netgear-xr500.pdf,Manage the Router’s Network Settings > Manage custom static routes > Change a static route,3,2,1,715,96,97
404fe683-4727-4c53-9c1d-9adf98a793c4,netgear-xr500.pdf,Manage the Router’s Network Settings > Manage custom static routes > Delete a static route,3,2,1,635,97,97
404fe683-4727-4c53-9c1d-9adf98a793c4,netgear-xr500.pdf,Manage the Router’s Network Settings > Manage custom static routes > Set up a static route,3,2,1,1512,95,96
404fe683-4727-4c53-9c1d-9adf98a793c4,netgear-xr500.pdf,Manage the Router’s Network Settings > Manage reserved LAN IP addresses,2,2,1,252,88,91
404fe683-4727-4c53-9c1d-9adf98a793c4,netgear-xr500.pdf,Manage the Router’s Network Settings > Manage reserved LAN IP addresses > Change a reserved IP address,3,2,1,843,89,90
404fe683-4727-4c53-9c1d-9adf98a793c4,netgear-xr500.pdf,Manage the Router’s Network Settings > Manage reserved LAN IP addresses > Delete a reserved IP address entry,3,2,1,704,90,91
404fe683-4727-4c53-9c1d-9adf98a793c4,netgear-xr500.pdf,Manage the Router’s Network Settings > Manage reserved LAN IP addresses > Reserve a LAN IP address,3,2,1,1756,88,89
404fe683-4727-4c53-9c1d-9adf98a793c4,netgear-xr500.pdf,Manage the Router’s Network Settings > Set up a bridge to your ISP’s network using a port group or VLAN tag group,2,2,1,486,91,94
404fe683-4727-4c53-9c1d-9adf98a793c4,netgear-xr500.pdf,Manage the Router’s Network Settings > Set up a bridge to your ISP’s network using a port group or VLAN tag group > Set up a bridge to your ISP’s network using a VLAN tag group,3,2,1,2299,92,93
404fe683-4727-4c53-9c1d-9adf98a793c4,netgear-xr500.pdf,Manage the Router’s Network Settings > Set up a bridge to your ISP’s network using a port group or VLAN tag group > Set up a bridge to your ISP’s network using a port group,3,2,1,1820,91,92
404fe683-4727-4c53-9c1d-9adf98a793c4,netgear-xr500.pdf,Manage the Router’s Network Settings > Set up a bridge to your ISP’s network using a port group or VLAN tag group > Set up an IPTV port to lease an intranet port,3,2,1,1925,94,94
404fe683-4727-4c53-9c1d-9adf98a793c4,netgear-xr500.pdf,Manage the Router’s Network Settings > Set up a default DMZ server,2,2,1,1746,83,84
404fe683-4727-4c53-9c1d-9adf98a793c4,netgear-xr500.pdf,Manage the Router’s Network Settings > Specify the IP addresses that the router assigns,2,2,1,1992,86,87
404fe683-4727-4c53-9c1d-9adf98a793c4,netgear-xr500.pdf,Manage the Router’s Network Settings > View or change WAN settings,2,2,1,2800,82,83
404fe683-4727-4c53-9c1d-9adf98a793c4,netgear-xr500.pdf,Manage the Router’s WiFi Settings,1,2,1,672,100,118
404fe683-4727-4c53-9c1d-9adf98a793c4,netgear-xr500.pdf,Manage the Router’s WiFi Settings > Change the WiFi mode for download and upload speeds,2,2,1,1390,104,105
404fe683-4727-4c53-9c1d-9adf98a793c4,netgear-xr500.pdf,Manage the Router’s WiFi Settings > Change the WiFi password or security level,2,2,1,1991,103,104
404fe683-4727-4c53-9c1d-9adf98a793c4,netgear-xr500.pdf,Manage the Router’s WiFi Settings > Configure WEP legacy WiFi security,2,2,1,3319,108,110
404fe683-4727-4c53-9c1d-9adf98a793c4,netgear-xr500.pdf,Manage the Router’s WiFi Settings > Configure WPA/WPA2 enterprise WiFi security,2,2,1,3024,106,108
404fe683-4727-4c53-9c1d-9adf98a793c4,netgear-xr500.pdf,Manage the Router’s WiFi Settings > Control the WiFi radios,2,2,1,604,110,111
404fe683-4727-4c53-9c1d-9adf98a793c4,netgear-xr500.pdf,Manage the Router’s WiFi Settings > Control the WiFi radios > Enable or disable the WiFi radios using the router web interface,3,2,1,1169,110,111
404fe683-4727-4c53-9c1d-9adf98a793c4,netgear-xr500.pdf,Manage the Router’s WiFi Settings > Control the WiFi radios > Use the WiFi On/Off button,3,2,1,300,110,110
404fe683-4727-4c53-9c1d-9adf98a793c4,netgear-xr500.pdf,Manage the Router’s WiFi Settings > Disable Wi-Fi Multimedia Quality of Service,2,2,1,1452,116,117
404fe683-4727-4c53-9c1d-9adf98a793c4,netgear-xr500.pdf,Manage the Router’s WiFi Settings > Manage HT160 for 160 MHz WiFi support,2,2,1,1069,115,116
404fe683-4727-4c53-9c1d-9adf98a793c4,netgear-xr500.pdf,Manage the Router’s WiFi Settings > Manage MU-MIMO,2,2,1,1063,114,115
404fe683-4727-4c53-9c1d-9adf98a793c4,netgear-xr500.pdf,Manage the Router’s WiFi Settings > Manage implicit beamforming,2,2,1,1085,114,114
404fe683-4727-4c53-9c1d-9adf98a793c4,netgear-xr500.pdf,Manage the Router’s WiFi Settings > Set up a WiFi schedule,2,2,1,1103,112,113
404fe683-4727-4c53-9c1d-9adf98a793c4,netgear-xr500.pdf,Manage the Router’s WiFi Settings > Set up a guest WiFi network,2,2,1,2451,105,106
404fe683-4727-4c53-9c1d-9adf98a793c4,netgear-xr500.pdf,Manage the Router’s WiFi Settings > Specify WPS settings,2,2,1,1624,113,113
404fe683-4727-4c53-9c1d-9adf98a793c4,netgear-xr500.pdf,Manage the Router’s WiFi Settings > Specify basic WiFi settings,2,2,1,4986,101,103
404fe683-4727-4c53-9c1d-9adf98a793c4,netgear-xr500.pdf,Manage the Router’s WiFi Settings > Use the WPS Wizard for WiFi connections,2,2,1,1365,111,112
404fe683-4727-4c53-9c1d-9adf98a793c4,netgear-xr500.pdf,Manage the Router’s WiFi Settings > Use the router as a WiFi access point only,2,2,1,1944,117,118
404fe683-4727-4c53-9c1d-9adf98a793c4,netgear-xr500.pdf,Monitor Devices and the Network and View Router Information,1,2,1,448,64,70
404fe683-4727-4c53-9c1d-9adf98a793c4,netgear-xr500.pdf,Monitor Devices and the Network and View Router Information > Customize the dashboard,2,2,1,1819,69,70
404fe683-4727-4c53-9c1d-9adf98a793c4,netgear-xr500.pdf,Monitor Devices and the Network and View Router Information > View and manage devices currently on the network,2,2,1,2208,65,66
404fe683-4727-4c53-9c1d-9adf98a793c4,netgear-xr500.pdf,Monitor Devices and the Network and View Router Information > View network usage information,2,2,1,3949,66,68
404fe683-4727-4c53-9c1d-9adf98a793c4,netgear-xr500.pdf,Monitor Devices and the Network and View Router Information > View router system information,2,2,1,3130,68,69
404fe683-4727-4c53-9c1d-9adf98a793c4,netgear-xr500.pdf,Share USB Storage Devices Attached to the Router,1,2,1,1112,140,154
404fe683-4727-4c53-9c1d-9adf98a793c4,netgear-xr500.pdf,Share USB Storage Devices Attached to the Router > Access a storage device connected to the router from a Windows-based computer,2,2,1,685,142,142
404fe683-4727-4c53-9c1d-9adf98a793c4,netgear-xr500.pdf,Share USB Storage Devices Attached to the Router > Access a storage device that is connected to the router from a Mac,2,2,1,939,143,143
404fe683-4727-4c53-9c1d-9adf98a793c4,netgear-xr500.pdf,Share USB Storage Devices Attached to the Router > Approve USB devices,2,2,1,1575,152,153
404fe683-4727-4c53-9c1d-9adf98a793c4,netgear-xr500.pdf,Share USB Storage Devices Attached to the Router > Back up Mac computers with Time Machine,2,2,1,432,144,147
404fe683-4727-4c53-9c1d-9adf98a793c4,netgear-xr500.pdf,Share USB Storage Devices Attached to the Router > Back up Mac computers with Time Machine > Prepare to back up a large amount of data,3,2,1,1079,145,146
404fe683-4727-4c53-9c1d-9adf98a793c4,netgear-xr500.pdf,Share USB Storage Devices Attached to the Router > Back up Mac computers with Time Machine > Set up a USB hard drive on a Mac,3,2,1,1321,145,145
404fe683-4727-4c53-9c1d-9adf98a793c4,netgear-xr500.pdf,Share USB Storage Devices Attached to the Router > Back up Mac computers with Time Machine > Use Time Machine to back up onto a USB hard disk,3,2,1,1950,146,147
404fe683-4727-4c53-9c1d-9adf98a793c4,netgear-xr500.pdf,Share USB Storage Devices Attached to the Router > Back up Windows-based computers with ReadySHARE Vault,2,2,1,1033,144,144
404fe683-4727-4c53-9c1d-9adf98a793c4,netgear-xr500.pdf,Share USB Storage Devices Attached to the Router > Connect a USB storage device to the router,2,2,1,646,141,141
404fe683-4727-4c53-9c1d-9adf98a793c4,netgear-xr500.pdf,Share USB Storage Devices Attached to the Router > Manage access to a USB storage device,2,2,1,3619,147,149
404fe683-4727-4c53-9c1d-9adf98a793c4,netgear-xr500.pdf,Share USB Storage Devices Attached to the Router > Manage network folders on a USB storage device,2,2,1,157,150,152
404fe683-4727-4c53-9c1d-9adf98a793c4,netgear-xr500.pdf,Share USB Storage Devices Attached to the Router > Manage network folders on a USB storage device > Add a network folder on a USB storage device,3,2,1,1237,151,151
404fe683-4727-4c53-9c1d-9adf98a793c4,netgear-xr500.pdf,Share USB Storage Devices Attached to the Router > Manage network folders on a USB storage device > Change a network folder on a USB storage device,3,2,1,914,152,152
404fe683-4727-4c53-9c1d-9adf98a793c4,netgear-xr500.pdf,Share USB Storage Devices Attached to the Router > Manage network folders on a USB storage device > View network folders on a USB storage device,3,2,1,1336,150,150
404fe683-4727-4c53-9c1d-9adf98a793c4,netgear-xr500.pdf,Share USB Storage Devices Attached to the Router > Map a USB device to a Windows network drive,2,2,1,1170,142,143
404fe683-4727-4c53-9c1d-9adf98a793c4,netgear-xr500.pdf,Share USB Storage Devices Attached to the Router > Safely remove a USB storage device,2,2,1,895,153,154
404fe683-4727-4c53-9c1d-9adf98a793c4,netgear-xr500.pdf,Share USB Storage Devices Attached to the Router > USB device requirements,2,2,1,717,141,141
404fe683-4727-4c53-9c1d-9adf98a793c4,netgear-xr500.pdf,Share USB Storage Devices Attached to the Router > Use FTP within the network,2,2,1,687,149,149
404fe683-4727-4c53-9c1d-9adf98a793c4,netgear-xr500.pdf,Share a USB Printer,1,2,1,606,169,172
404fe683-4727-4c53-9c1d-9adf98a793c4,netgear-xr500.pdf,Share a USB Printer > Download the ReadySHARE printer utility,2,2,1,459,170,170
404fe683-4727-4c53-9c1d-9adf98a793c4,netgear-xr500.pdf,Share a USB Printer > Install the ReadySHARE printer utility,2,2,1,1421,170,171
404fe683-4727-4c53-9c1d-9adf98a793c4,netgear-xr500.pdf,Share a USB Printer > Install the printer driver and cable the printer,2,2,1,474,170,170
404fe683-4727-4c53-9c1d-9adf98a793c4,netgear-xr500.pdf,Share a USB Printer > Print using the NETGEAR USB Control Center,2,2,1,1222,171,172
404fe683-4727-4c53-9c1d-9adf98a793c4,netgear-xr500.pdf,Specify Your Internet Settings,1,2,1,482,27,46
404fe683-4727-4c53-9c1d-9adf98a793c4,netgear-xr500.pdf,Specify Your Internet Settings > Change the MTU size,2,2,1,2611,44,46
404fe683-4727-4c53-9c1d-9adf98a793c4,netgear-xr500.pdf,Specify Your Internet Settings > Manually set up the Internet connection,2,2,1,65,28,31
404fe683-4727-4c53-9c1d-9adf98a793c4,netgear-xr500.pdf,Specify Your Internet Settings > Manually set up the Internet connection > Specify an Internet connection that uses a login,3,2,1,2798,30,31
404fe683-4727-4c53-9c1d-9adf98a793c4,netgear-xr500.pdf,Specify Your Internet Settings > Manually set up the Internet connection > Specify an Internet connection without a login,3,2,1,2312,28,30
404fe683-4727-4c53-9c1d-9adf98a793c4,netgear-xr500.pdf,Specify Your Internet Settings > Specify IPv6 Internet connections,2,2,1,1561,31,44
404fe683-4727-4c53-9c1d-9adf98a793c4,netgear-xr500.pdf,Specify Your Internet Settings > Specify IPv6 Internet connections > Requirements for entering IPv6 addresses,3,2,1,376,32,32
404fe683-4727-4c53-9c1d-9adf98a793c4,netgear-xr500.pdf,Specify Your Internet Settings > Specify IPv6 Internet connections > Set up an IPv6 6rd Internet connection,3,2,1,3545,37,39
404fe683-4727-4c53-9c1d-9adf98a793c4,netgear-xr500.pdf,Specify Your Internet Settings > Specify IPv6 Internet connections > Set up an IPv6 6to4 tunnel Internet connection,3,2,1,2786,35,37
404fe683-4727-4c53-9c1d-9adf98a793c4,netgear-xr500.pdf,Specify Your Internet Settings > Specify IPv6 Internet connections > Set up an IPv6 DHCP Internet connection,3,2,1,3238,41,42
404fe683-4727-4c53-9c1d-9adf98a793c4,netgear-xr500.pdf,Specify Your Internet Settings > Specify IPv6 Internet connections > Set up an IPv6 PPPoE Internet connection,3,2,1,3801,42,44
404fe683-4727-4c53-9c1d-9adf98a793c4,netgear-xr500.pdf,Specify Your Internet Settings > Specify IPv6 Internet connections > Set up an IPv6 fixed Internet connection,3,2,1,2181,39,41
404fe683-4727-4c53-9c1d-9adf98a793c4,netgear-xr500.pdf,Specify Your Internet Settings > Specify IPv6 Internet connections > Set up an IPv6 pass through Internet connection,3,2,1,880,39,39
404fe683-4727-4c53-9c1d-9adf98a793c4,netgear-xr500.pdf,Specify Your Internet Settings > Specify IPv6 Internet connections > Use Auto Config for an IPv6 Internet connection,3,2,1,3261,34,35
404fe683-4727-4c53-9c1d-9adf98a793c4,netgear-xr500.pdf,Specify Your Internet Settings > Specify IPv6 Internet connections > Use Auto Detect for an IPv6 Internet connection,3,2,1,2265,33,34
404fe683-4727-4c53-9c1d-9adf98a793c4,netgear-xr500.pdf,Specify Your Internet Settings > Use the Internet Setup Wizard,2,2,1,1070,28,28
404fe683-4727-4c53-9c1d-9adf98a793c4,netgear-xr500.pdf,Supplemental Information,1,2,1,155,210,214
404fe683-4727-4c53-9c1d-9adf98a793c4,netgear-xr500.pdf,Supplemental Information > Factory settings,2,2,1,2003,211,212
404fe683-4727-4c53-9c1d-9adf98a793c4,netgear-xr500.pdf,Supplemental Information > Technical specifications,2,2,1,2283,213,214
404fe683-4727-4c53-9c1d-9adf98a793c4,netgear-xr500.pdf,Troubleshooting,1,2,1,536,199,209
404fe683-4727-4c53-9c1d-9adf98a793c4,netgear-xr500.pdf,Troubleshooting > Changes are not saved,2,2,1,403,206,206
404fe683-4727-4c53-9c1d-9adf98a793c4,netgear-xr500.pdf,Troubleshooting > Quick tips,2,2,1,69,200,200
404fe683-4727-4c53-9c1d-9adf98a793c4,netgear-xr500.pdf,Troubleshooting > Quick tips > Check the WiFi settings,3,2,1,183,200,200
404fe683-4727-4c53-9c1d-9adf98a793c4,netgear-xr500.pdf,Troubleshooting > Quick tips > Check the network settings,3,2,1,528,200,200
404fe683-4727-4c53-9c1d-9adf98a793c4,netgear-xr500.pdf,Troubleshooting > Quick tips > Check the power adapter and Ethernet cable connections,3,2,1,515,200,200
404fe683-4727-4c53-9c1d-9adf98a793c4,netgear-xr500.pdf,Troubleshooting > Quick tips > Sequence to restart your network,3,2,1,212,200,200
404fe683-4727-4c53-9c1d-9adf98a793c4,netgear-xr500.pdf,Troubleshooting > Troubleshoot Internet browsing,2,2,1,1581,205,206
404fe683-4727-4c53-9c1d-9adf98a793c4,netgear-xr500.pdf,Troubleshooting > Troubleshoot WiFi connectivity,2,2,1,1845,206,207
404fe683-4727-4c53-9c1d-9adf98a793c4,netgear-xr500.pdf,Troubleshooting > Troubleshoot with the LEDs,2,2,1,329,201,202
404fe683-4727-4c53-9c1d-9adf98a793c4,netgear-xr500.pdf,Troubleshooting > Troubleshoot with the LEDs > Internet or Ethernet port LEDs are off,3,2,1,818,202,202
404fe683-4727-4c53-9c1d-9adf98a793c4,netgear-xr500.pdf,Troubleshooting > Troubleshoot with the LEDs > LEDs never turn off,3,2,1,501,201,202
404fe683-4727-4c53-9c1d-9adf98a793c4,netgear-xr500.pdf,Troubleshooting > Troubleshoot with the LEDs > Power LED is off or blinking,3,2,1,677,201,201
404fe683-4727-4c53-9c1d-9adf98a793c4,netgear-xr500.pdf,Troubleshooting > Troubleshoot with the LEDs > Standard LED behavior when the router is powered on,3,2,1,355,201,201
404fe683-4727-4c53-9c1d-9adf98a793c4,netgear-xr500.pdf,Troubleshooting > Troubleshoot with the LEDs > WiFi LEDs are off,3,2,1,659,202,202
404fe683-4727-4c53-9c1d-9adf98a793c4,netgear-xr500.pdf,Troubleshooting > Troubleshoot your network using the ping utility,2,2,1,254,207,209
404fe683-4727-4c53-9c1d-9adf98a793c4,netgear-xr500.pdf,Troubleshooting > Troubleshoot your network using the ping utility > Test the LAN path to your router,3,2,1,1401,208,209
404fe683-4727-4c53-9c1d-9adf98a793c4,netgear-xr500.pdf,Troubleshooting > Troubleshoot your network using the ping utility > Test the path from a Windows-based computer to a remote device,3,2,1,1579,207,208
404fe683-4727-4c53-9c1d-9adf98a793c4,netgear-xr500.pdf,Troubleshooting > You cannot access the Internet,2,2,1,3301,203,205
404fe683-4727-4c53-9c1d-9adf98a793c4,netgear-xr500.pdf,Troubleshooting > You cannot log in to the router,2,2,1,1743,203,203
404fe683-4727-4c53-9c1d-9adf98a793c4,netgear-xr500.pdf,Use Dynamic DNS to Access USB Storage Devices Through the Internet,1,2,1,368,155,162
404fe683-4727-4c53-9c1d-9adf98a793c4,netgear-xr500.pdf,Use Dynamic DNS to Access USB Storage Devices Through the Internet > Access USB storage devices through the Internet,2,2,1,197,159,162
404fe683-4727-4c53-9c1d-9adf98a793c4,netgear-xr500.pdf,Use Dynamic DNS to Access USB Storage Devices Through the Internet > Access USB storage devices through the Internet > Access USB storage devices from a remote computer,3,2,1,525,160,161
404fe683-4727-4c53-9c1d-9adf98a793c4,netgear-xr500.pdf,Use Dynamic DNS to Access USB Storage Devices Through the Internet > Access USB storage devices through the Internet > Set up FTP access through the Internet,3,2,1,1091,161,161
404fe683-4727-4c53-9c1d-9adf98a793c4,netgear-xr500.pdf,Use Dynamic DNS to Access USB Storage Devices Through the Internet > Access USB storage devices through the Internet > Set up HTTPS access through the Internet,3,2,1,1567,159,160
404fe683-4727-4c53-9c1d-9adf98a793c4,netgear-xr500.pdf,Use Dynamic DNS to Access USB Storage Devices Through the Internet > Access USB storage devices through the Internet > Use FTP to access storage devices through the Internet,3,2,1,1360,162,162
404fe683-4727-4c53-9c1d-9adf98a793c4,netgear-xr500.pdf,Use Dynamic DNS to Access USB Storage Devices Through the Internet > Set up and manage Dynamic DNS,2,2,1,967,156,159
404fe683-4727-4c53-9c1d-9adf98a793c4,netgear-xr500.pdf,Use Dynamic DNS to Access USB Storage Devices Through the Internet > Set up and manage Dynamic DNS > Change the Dynamic DNS settings,3,2,1,670,159,159
404fe683-4727-4c53-9c1d-9adf98a793c4,netgear-xr500.pdf,Use Dynamic DNS to Access USB Storage Devices Through the Internet > Set up and manage Dynamic DNS > Set up a new Dynamic DNS account,3,2,1,1330,157,158
404fe683-4727-4c53-9c1d-9adf98a793c4,netgear-xr500.pdf,Use Dynamic DNS to Access USB Storage Devices Through the Internet > Set up and manage Dynamic DNS > Specify a DNS account that you already created,3,2,1,1500,158,159
404fe683-4727-4c53-9c1d-9adf98a793c4,netgear-xr500.pdf,Use Dynamic DNS to Access USB Storage Devices Through the Internet > Set up your personal FTP server,2,2,1,1595,156,156
404fe683-4727-4c53-9c1d-9adf98a793c4,netgear-xr500.pdf,Use OpenVPN to Access Your Network,1,2,1,494,173,183
404fe683-4727-4c53-9c1d-9adf98a793c4,netgear-xr500.pdf,Use OpenVPN to Access Your Network > About VPN connections,2,2,1,1597,174,174
404fe683-4727-4c53-9c1d-9adf98a793c4,netgear-xr500.pdf,Use OpenVPN to Access Your Network > Enable OpenVPN service in the router,2,2,1,2293,175,176
404fe683-4727-4c53-9c1d-9adf98a793c4,netgear-xr500.pdf,Use OpenVPN to Access Your Network > Install OpenVPN software on a VPN client,2,2,1,1249,176,180
404fe683-4727-4c53-9c1d-9adf98a793c4,netgear-xr500.pdf,Use OpenVPN to Access Your Network > Install OpenVPN software on a VPN client > Install OpenVPN software on a Mac computer,3,2,1,1672,178,179
404fe683-4727-4c53-9c1d-9adf98a793c4,netgear-xr500.pdf,Use OpenVPN to Access Your Network > Install OpenVPN software on a VPN client > Install OpenVPN software on a Windows-based computer,3,2,1,2429,176,178
404fe683-4727-4c53-9c1d-9adf98a793c4,netgear-xr500.pdf,Use OpenVPN to Access Your Network > Install OpenVPN software on a VPN client > Install OpenVPN software on an Android device,3,2,1,1538,180,180
404fe683-4727-4c53-9c1d-9adf98a793c4,netgear-xr500.pdf,Use OpenVPN to Access Your Network > Install OpenVPN software on a VPN client > Install OpenVPN software on an iOS device,3,2,1,1644,179,180
404fe683-4727-4c53-9c1d-9adf98a793c4,netgear-xr500.pdf,Use OpenVPN to Access Your Network > LAN IP addressing in VPN networks,2,2,1,738,181,181
404fe683-4727-4c53-9c1d-9adf98a793c4,netgear-xr500.pdf,Use OpenVPN to Access Your Network > Use VPN to access your Internet service at home,2,2,1,565,181,183
404fe683-4727-4c53-9c1d-9adf98a793c4,netgear-xr500.pdf,Use OpenVPN to Access Your Network > Use VPN to access your Internet service at home > Allow VPN client Internet access in the router,3,2,1,1324,182,182
404fe683-4727-4c53-9c1d-9adf98a793c4,netgear-xr500.pdf,Use OpenVPN to Access Your Network > Use VPN to access your Internet service at home > Block VPN client Internet access in the router,3,2,1,1315,182,183
404fe683-4727-4c53-9c1d-9adf98a793c4,netgear-xr500.pdf,Use OpenVPN to Access Your Network > Use VPN to remotely access a USB storage device attached to the router,2,2,1,418,181,181
404fe683-4727-4c53-9c1d-9adf98a793c4,netgear-xr500.pdf,Use VPN to Access An External Network,1,2,1,567,184,187
404fe683-4727-4c53-9c1d-9adf98a793c4,netgear-xr500.pdf,Use VPN to Access An External Network > Disconnect the router from the VPN server,2,2,1,791,187,187
404fe683-4727-4c53-9c1d-9adf98a793c4,netgear-xr500.pdf,Use VPN to Access An External Network > Enable the VPN client in the router and connect to a VPN server,2,2,1,2882,185,187
404fe683-4727-4c53-9c1d-9adf98a793c4,netgear-xr500.pdf,Use VPN to Access An External Network > Set up a VPN client connection,2,2,1,2163,185,185
404fe683-4727-4c53-9c1d-9adf98a793c4,netgear-xr500.pdf,Use the Router as a Media Server,1,2,1,320,163,168
404fe683-4727-4c53-9c1d-9adf98a793c4,netgear-xr500.pdf,Use the Router as a Media Server > Play music from a storage device with iTunes server,2,2,1,467,165,167
404fe683-4727-4c53-9c1d-9adf98a793c4,netgear-xr500.pdf,Use the Router as a Media Server > Play music from a storage device with iTunes server > Set up the router’s iTunes server with iTunes,3,2,1,1850,165,166
404fe683-4727-4c53-9c1d-9adf98a793c4,netgear-xr500.pdf,Use the Router as a Media Server > Play music from a storage device with iTunes server > Set up the router’s iTunes server with the iTunes Remote app,3,2,1,1978,166,167
404fe683-4727-4c53-9c1d-9adf98a793c4,netgear-xr500.pdf,Use the Router as a Media Server > Set up the router to work with TiVo,2,2,1,1184,167,168
404fe683-4727-4c53-9c1d-9adf98a793c4,netgear-xr500.pdf,Use the Router as a Media Server > Specify ReadyDLNA media server settings,2,2,1,2099,164,165
404fe683-4727-4c53-9c1d-9adf98a793c4,netgear-xr500.pdf,[ROOT],0,1,1,1808,1,2
