question_id,outline_frame_id,outline_id,heading_text,section_path,source_frame_id,block_id,block_role,document_id,filename,page_start,page_end,block_sequence,text_block_sequence,char_start,char_end,text_sha256,selection_method,selection_status,rejection_reason
Q-001,7b2e79c5-ed95-43f3-bb4b-e882e3bfeefa:OUTLINE:e271e0b47a14e4d5,7b2e79c5-ed95-43f3-bb4b-e882e3bfeefa:OUTLINE:e271e0b47a14e4d5,Rear Panel,Hardware Setup > Rear Panel,7b2e79c5-ed95-43f3-bb4b-e882e3bfeefa:724d26e2-ed75-5043-b025-de4c01da0714,724d26e2-ed75-5043-b025-de4c01da0714,outline_direct,7b2e79c5-ed95-43f3-bb4b-e882e3bfeefa,netgear-cm2000.pdf,6,8,7,3,3082,3903,789caa6c576f1a2a97ebc15ca27c23fc94df0dcbfa16d93b1562f82773e65561,deterministic_direct_block_materialization,selected,
Q-002,7b2e79c5-ed95-43f3-bb4b-e882e3bfeefa:OUTLINE:7cd40e7c102d4666,7b2e79c5-ed95-43f3-bb4b-e882e3bfeefa:OUTLINE:7cd40e7c102d4666,Label,Hardware Setup > Label,7b2e79c5-ed95-43f3-bb4b-e882e3bfeefa:b9899548-cfa5-5bb4-8284-7d82e663abd1,b9899548-cfa5-5bb4-8284-7d82e663abd1,outline_direct,7b2e79c5-ed95-43f3-bb4b-e882e3bfeefa,netgear-cm2000.pdf,8,8,9,4,3904,4014,51cf2eeb6cc7ea5ea235473e16e012fcbd1e3d215b491bddcaa153b1d075640d,deterministic_direct_block_materialization,selected,
Q-003,7b2e79c5-ed95-43f3-bb4b-e882e3bfeefa:OUTLINE:4b622d7b00d4e652,7b2e79c5-ed95-43f3-bb4b-e882e3bfeefa:OUTLINE:4b622d7b00d4e652,Connect Your Cable Modem to a Router After Installation and Activation,Hardware Setup > Install and Activate Your Cable Modem > Connect Your Cable Modem to a Router After Installation and Activation,7b2e79c5-ed95-43f3-bb4b-e882e3bfeefa:8fd1b794-0507-59d3-88fa-2209736ef6da,8fd1b794-0507-59d3-88fa-2209736ef6da,outline_direct,7b2e79c5-ed95-43f3-bb4b-e882e3bfeefa,netgear-cm2000.pdf,11,12,21,10,8022,8727,984c256bd82d3586119d6c2e8b6690ca7dc0c6c13f456eb6bddbaaf0d757f80f,deterministic_direct_block_materialization,selected,
Q-004,7b2e79c5-ed95-43f3-bb4b-e882e3bfeefa:OUTLINE:98f6c2f591f61009,7b2e79c5-ed95-43f3-bb4b-e882e3bfeefa:OUTLINE:98f6c2f591f61009,Change the admin password,Manage Your Network > Change the admin password,7b2e79c5-ed95-43f3-bb4b-e882e3bfeefa:0de5a970-8b6a-5e57-ba98-6f57671a841c,0de5a970-8b6a-5e57-ba98-6f57671a841c,outline_direct,7b2e79c5-ed95-43f3-bb4b-e882e3bfeefa,netgear-cm2000.pdf,14,15,27,13,9924,10888,6039810af018c96b45a71c1e749efbc27f6e466b7708794ed42b402081bf4715,deterministic_direct_block_materialization,selected,
Q-005,7b2e79c5-ed95-43f3-bb4b-e882e3bfeefa:OUTLINE:6a53389304868c8b,7b2e79c5-ed95-43f3-bb4b-e882e3bfeefa:OUTLINE:6a53389304868c8b,View cable modem initialization,Manage Your Network > View cable modem initialization,7b2e79c5-ed95-43f3-bb4b-e882e3bfeefa:eb2ebf98-481f-54be-b4a3-56ea1bdf5749,eb2ebf98-481f-54be-b4a3-56ea1bdf5749,outline_direct,7b2e79c5-ed95-43f3-bb4b-e882e3bfeefa,netgear-cm2000.pdf,15,15,29,14,10889,12112,3734cff333151c76cc7f7604c8704dd37bfeb3bd221a89cd39c083eaaebb47ce,deterministic_direct_block_materialization,selected,
Q-006,7b2e79c5-ed95-43f3-bb4b-e882e3bfeefa:OUTLINE:922aff4d97250b1a,7b2e79c5-ed95-43f3-bb4b-e882e3bfeefa:OUTLINE:922aff4d97250b1a,Use the factory reset software button,Manage Your Network > Reset the cable modem to factory default settings > Use the factory reset software button,7b2e79c5-ed95-43f3-bb4b-e882e3bfeefa:62f9a09d-d5a8-5805-8b92-4d0be62383ce,62f9a09d-d5a8-5805-8b92-4d0be62383ce,outline_direct,7b2e79c5-ed95-43f3-bb4b-e882e3bfeefa,netgear-cm2000.pdf,19,19,43,21,16014,17042,adc7d9b39498ad8cd3da2af0211c244ca8d6576d593d5f0e0e383024e126ad79,deterministic_direct_block_materialization,selected,
Q-007,7b2e79c5-ed95-43f3-bb4b-e882e3bfeefa:OUTLINE:25d276b399cc0e63,7b2e79c5-ed95-43f3-bb4b-e882e3bfeefa:OUTLINE:25d276b399cc0e63,Use the reset button on the back panel,Manage Your Network > Reset the cable modem to factory default settings > Use the reset button on the back panel,7b2e79c5-ed95-43f3-bb4b-e882e3bfeefa:c5c4c17f-c329-5b9c-837f-7d33e641682f,c5c4c17f-c329-5b9c-837f-7d33e641682f,outline_direct,7b2e79c5-ed95-43f3-bb4b-e882e3bfeefa,netgear-cm2000.pdf,19,19,41,20,15580,16013,19fa53194e51a55a84d3682a497a47bb958a84f02aa6c34153a96b4240ee7ce8,deterministic_direct_block_materialization,selected,
Q-008,7b2e79c5-ed95-43f3-bb4b-e882e3bfeefa:OUTLINE:a071a10fef9360ce,7b2e79c5-ed95-43f3-bb4b-e882e3bfeefa:OUTLINE:a071a10fef9360ce,Cannot log in to the cable modem,Troubleshooting > Cannot log in to the cable modem,7b2e79c5-ed95-43f3-bb4b-e882e3bfeefa:85bd9c8e-a264-5649-acbc-73648b7ce861,85bd9c8e-a264-5649-acbc-73648b7ce861,outline_direct,7b2e79c5-ed95-43f3-bb4b-e882e3bfeefa,netgear-cm2000.pdf,23,23,49,24,19004,20174,c7d88940b84daffef473841390cf3c7bfdfe0f719671563d0a18f6493381b87c,deterministic_direct_block_materialization,selected,
Q-009,7b2e79c5-ed95-43f3-bb4b-e882e3bfeefa:OUTLINE:b934612f8b7cd99e,7b2e79c5-ed95-43f3-bb4b-e882e3bfeefa:OUTLINE:b934612f8b7cd99e,Technical Specifications,Supplemental Information > Technical Specifications,7b2e79c5-ed95-43f3-bb4b-e882e3bfeefa:88695618-cf2a-5bf0-9a58-da1167d8f0c6,88695618-cf2a-5bf0-9a58-da1167d8f0c6,outline_direct,7b2e79c5-ed95-43f3-bb4b-e882e3bfeefa,netgear-cm2000.pdf,25,26,57,28,20895,21653,b9c799c102b46f52139fd22876a4182ecc7875f78e1798f1bffff2e394d4fe09,deterministic_direct_block_materialization,selected,
Q-010,398c0bb9-3253-4629-a5ed-18f51d9fb36b:OUTLINE:9238290c613deeba,398c0bb9-3253-4629-a5ed-18f51d9fb36b:OUTLINE:9238290c613deeba,Install the Nano SIM Card,Introduction and Hardware Overview > Install the Nano SIM Card,398c0bb9-3253-4629-a5ed-18f51d9fb36b:37f50132-32d9-5fb0-a62d-366e401ac417,37f50132-32d9-5fb0-a62d-366e401ac417,outline_direct,398c0bb9-3253-4629-a5ed-18f51d9fb36b,netgear-lm1200.pdf,10,10,13,6,5794,6159,0cc20936eeee2853c774dc301e4ac8234f84eb8d9af9d9a8ee0e5dc6f20c83a4,deterministic_direct_block_materialization,selected,
Q-011,398c0bb9-3253-4629-a5ed-18f51d9fb36b:OUTLINE:48e34928377b828f,398c0bb9-3253-4629-a5ed-18f51d9fb36b:OUTLINE:48e34928377b828f,Connect a Computer to the LAN Port of the Modem,"Get Started > Connect a Computer, Switch, Hub, Router, or WiFi Router to the Modem > Connect a Computer to the LAN Port of the Modem",398c0bb9-3253-4629-a5ed-18f51d9fb36b:36789817-932f-55f7-9c50-bb45d2df0cbe,36789817-932f-55f7-9c50-bb45d2df0cbe,outline_direct,398c0bb9-3253-4629-a5ed-18f51d9fb36b,netgear-lm1200.pdf,19,19,33,16,16538,16881,75df87898f76102c1891c61eab3ab38b60683591a879d8387d9804ee90b8df95,deterministic_direct_block_materialization,selected,
Q-012,398c0bb9-3253-4629-a5ed-18f51d9fb36b:OUTLINE:38b50e33ee1e7189,398c0bb9-3253-4629-a5ed-18f51d9fb36b:OUTLINE:38b50e33ee1e7189,Change the DHCP Server Settings,Manage the Modem LAN Settings > Change the DHCP Server Settings,398c0bb9-3253-4629-a5ed-18f51d9fb36b:fa675707-eec3-5dae-b80f-46a21238adcf,fa675707-eec3-5dae-b80f-46a21238adcf,outline_direct,398c0bb9-3253-4629-a5ed-18f51d9fb36b,netgear-lm1200.pdf,28,30,47,23,25629,29203,afc225317f967f6f6240eddb65ccfa054002c60e0f25df9807302e63f277382d,deterministic_direct_block_materialization,selected,
Q-013,398c0bb9-3253-4629-a5ed-18f51d9fb36b:OUTLINE:88b9a28663a8f104,398c0bb9-3253-4629-a5ed-18f51d9fb36b:OUTLINE:88b9a28663a8f104,Manually Connect to or Disconnect From the Mobile Broadband Network,Manage the Mobile Broadband Connection > Manually Connect to or Disconnect From the Mobile Broadband Network,398c0bb9-3253-4629-a5ed-18f51d9fb36b:cf1f57e0-473a-57f3-8d91-a52b0070e80b,cf1f57e0-473a-57f3-8d91-a52b0070e80b,outline_direct,398c0bb9-3253-4629-a5ed-18f51d9fb36b,netgear-lm1200.pdf,36,37,59,29,36196,37444,ec545eca3f07d66176a2e7666a88329560e11cfcfbbbb969a3306be2cdfcab49,deterministic_direct_block_materialization,selected,
Q-014,398c0bb9-3253-4629-a5ed-18f51d9fb36b:OUTLINE:86696f313ad41e44,398c0bb9-3253-4629-a5ed-18f51d9fb36b:OUTLINE:86696f313ad41e44,Remove a Service or Application for Port Forwarding,Secure Your Network > Manage Port Forwarding for Incoming Traffic > Remove a Service or Application for Port Forwarding,398c0bb9-3253-4629-a5ed-18f51d9fb36b:72dd6f50-8da8-5970-b90b-3a0719762e64,72dd6f50-8da8-5970-b90b-3a0719762e64,outline_direct,398c0bb9-3253-4629-a5ed-18f51d9fb36b,netgear-lm1200.pdf,46,47,79,39,49983,51094,194d6f1b7d155a382cb006a1a2aa086111e27c3e921af0697328eac0079856cb,deterministic_direct_block_materialization,selected,
Q-015,398c0bb9-3253-4629-a5ed-18f51d9fb36b:OUTLINE:f8bc4360594722fe,398c0bb9-3253-4629-a5ed-18f51d9fb36b:OUTLINE:f8bc4360594722fe,Disable SIM Card Security,Secure Your Network > Manage SIM Card Security > Disable SIM Card Security,398c0bb9-3253-4629-a5ed-18f51d9fb36b:eb06abbc-3f74-5ddc-bfd6-17572beb2155,eb06abbc-3f74-5ddc-bfd6-17572beb2155,outline_direct,398c0bb9-3253-4629-a5ed-18f51d9fb36b,netgear-lm1200.pdf,60,61,103,51,67664,69338,8380a54f0307d901294495fa249481c2d27c9bd910126e541e2e19659961c61b,deterministic_direct_block_materialization,selected,
Q-016,398c0bb9-3253-4629-a5ed-18f51d9fb36b:OUTLINE:65329abb6d0ed1e0,398c0bb9-3253-4629-a5ed-18f51d9fb36b:OUTLINE:65329abb6d0ed1e0,View Monthly Data and Session Data Usage,Manage the Modem and Monitor Usage and the Network > View Monthly Data and Session Data Usage,398c0bb9-3253-4629-a5ed-18f51d9fb36b:7e1a62c7-f256-5d08-a456-a62949c30491,7e1a62c7-f256-5d08-a456-a62949c30491,outline_direct,398c0bb9-3253-4629-a5ed-18f51d9fb36b,netgear-lm1200.pdf,69,70,123,61,79457,81168,b47c8d03a7055446990a0c2df6fbf3abceaca16a05fa217a3d2dc3a492a7a629,deterministic_direct_block_materialization,selected,
Q-017,398c0bb9-3253-4629-a5ed-18f51d9fb36b:OUTLINE:623d8b68d20208e6,398c0bb9-3253-4629-a5ed-18f51d9fb36b:OUTLINE:623d8b68d20208e6,How do I access the modem’s web pages?,Frequently Asked Questions > How do I access the modem’s web pages?,398c0bb9-3253-4629-a5ed-18f51d9fb36b:43434cb0-0be2-5d97-be19-dfb7256b7c44,43434cb0-0be2-5d97-be19-dfb7256b7c44,outline_direct,398c0bb9-3253-4629-a5ed-18f51d9fb36b,netgear-lm1200.pdf,84,84,155,77,97646,97764,43ffb188b5ea875b25a10b60be2e3de88275ebf211b64d9844788f2140b9e0e3,deterministic_direct_block_materialization,selected,
Q-018,398c0bb9-3253-4629-a5ed-18f51d9fb36b:OUTLINE:6359ba84b27768d6,398c0bb9-3253-4629-a5ed-18f51d9fb36b:OUTLINE:6359ba84b27768d6,Quick Tips for Troubleshooting,Alerts and Troubleshooting > Quick Tips for Troubleshooting,398c0bb9-3253-4629-a5ed-18f51d9fb36b:82ef2627-a58c-55ae-ab74-3f865a33e979,82ef2627-a58c-55ae-ab74-3f865a33e979,outline_direct,398c0bb9-3253-4629-a5ed-18f51d9fb36b,netgear-lm1200.pdf,91,92,173,86,105878,106951,44af55f2f50fd024a53f14f3c54e4e48a4d9f8046ecb4fc5e4b6ed626a0a8b71,deterministic_direct_block_materialization,selected,
Q-019,398c0bb9-3253-4629-a5ed-18f51d9fb36b:OUTLINE:540f7aed0e05d214,398c0bb9-3253-4629-a5ed-18f51d9fb36b:OUTLINE:540f7aed0e05d214,Obtain an Internet IP Address From Your Service Provider,Alerts and Troubleshooting > Troubleshoot the Mobile Broadband Internet Connection > Obtain an Internet IP Address From Your Service Provider,398c0bb9-3253-4629-a5ed-18f51d9fb36b:6f442d4b-b8ba-5fe7-b4e9-9e90463dc194,6f442d4b-b8ba-5fe7-b4e9-9e90463dc194,outline_direct,398c0bb9-3253-4629-a5ed-18f51d9fb36b,netgear-lm1200.pdf,95,96,187,93,112116,113014,031c51a6d94bb075206dfbf2328b9818af2ba34fdf411812cee0cf8204428a33,deterministic_direct_block_materialization,selected,
Q-020,d363d52d-99b4-4258-9e83-eca4fbdf4722:OUTLINE:d0ee27b3b2631033,d363d52d-99b4-4258-9e83-eca4fbdf4722:OUTLINE:d0ee27b3b2631033,Specify an Internet connection that uses a login and PPPoE service,Specify Your Internet Settings > Manually set up the Internet connection > Specify an Internet connection that uses a login and PPPoE service,d363d52d-99b4-4258-9e83-eca4fbdf4722:1190a45f-877b-5cd2-a8d9-5ab1c390c374,1190a45f-877b-5cd2-a8d9-5ab1c390c374,outline_direct,d363d52d-99b4-4258-9e83-eca4fbdf4722,netgear-r6350.pdf,27,28,49,24,19132,22311,af4ba9414270ebfdf3f0168379d0f1984e1c9b7c1755723625f15d2f029e757c,deterministic_direct_block_materialization,selected,
Q-021,d363d52d-99b4-4258-9e83-eca4fbdf4722:OUTLINE:d330686b16c734af,d363d52d-99b4-4258-9e83-eca4fbdf4722:OUTLINE:d330686b16c734af,Set up an IPv6 6to4 tunnel Internet connection,Specify Your Internet Settings > Specify IPv6 Internet connections > Set up an IPv6 6to4 tunnel Internet connection,d363d52d-99b4-4258-9e83-eca4fbdf4722:ad49e55f-a53b-5c41-8bf1-a36c022c9b3b,ad49e55f-a53b-5c41-8bf1-a36c022c9b3b,outline_direct,d363d52d-99b4-4258-9e83-eca4fbdf4722,netgear-r6350.pdf,34,35,61,30,31905,34453,0cebf279643f8a4126817eb3dcb1b875354b2e0b0d79d1afdd18146920a1eda4,deterministic_direct_block_materialization,selected,
Q-022,d363d52d-99b4-4258-9e83-eca4fbdf4722:OUTLINE:fac12b6c6fd62dc2,d363d52d-99b4-4258-9e83-eca4fbdf4722:OUTLINE:fac12b6c6fd62dc2,Change the MTU size,Specify Your Internet Settings > Manage the MTU size > Change the MTU size,d363d52d-99b4-4258-9e83-eca4fbdf4722:d4e1d4fc-7655-51fc-8d81-af75a4b11734,d4e1d4fc-7655-51fc-8d81-af75a4b11734,outline_direct,d363d52d-99b4-4258-9e83-eca4fbdf4722,netgear-r6350.pdf,43,43,77,38,48727,49776,9583428f5e0f6fb22bd55c13791c5f26cc0148c73f8b4ecc1de3e95a3fd2c78a,deterministic_direct_block_materialization,selected,
Q-023,d363d52d-99b4-4258-9e83-eca4fbdf4722:OUTLINE:f870b0410fe0711a,d363d52d-99b4-4258-9e83-eca4fbdf4722:OUTLINE:f870b0410fe0711a,Remove a QoS Rule,Optimize Performance > Manage Default and Custom QoS Rules > Remove a QoS Rule,d363d52d-99b4-4258-9e83-eca4fbdf4722:31b5dd16-326a-5e79-817f-c2585e0248a2,31b5dd16-326a-5e79-817f-c2585e0248a2,outline_direct,d363d52d-99b4-4258-9e83-eca4fbdf4722,netgear-r6350.pdf,49,49,91,45,56451,57231,07b5d5695e1f18376ec8bf7a5b1e7f2e4fd18fbcbfeb54a048695a89707ed3a4,deterministic_direct_block_materialization,selected,
Q-024,d363d52d-99b4-4258-9e83-eca4fbdf4722:OUTLINE:8ea5c049a8abf47b,d363d52d-99b4-4258-9e83-eca4fbdf4722:OUTLINE:8ea5c049a8abf47b,Manage Access to a Storage Device,Share USB Storage Devices Attached to the Router > Manage Access to a Storage Device,d363d52d-99b4-4258-9e83-eca4fbdf4722:0528f0b9-15e5-5482-9a68-0f02d2d61d68,0528f0b9-15e5-5482-9a68-0f02d2d61d68,outline_direct,d363d52d-99b4-4258-9e83-eca4fbdf4722,netgear-r6350.pdf,97,98,183,91,133906,137774,08f4d9f12033439bb5512ea34cac482ddded8096d4b370d4eb4da09eed587a66,deterministic_direct_block_materialization,selected,
Q-025,d363d52d-99b4-4258-9e83-eca4fbdf4722:OUTLINE:902cbde304aea84b,d363d52d-99b4-4258-9e83-eca4fbdf4722:OUTLINE:902cbde304aea84b,Edit a network folder on a USB storage device,Share USB Storage Devices Attached to the Router > Edit a network folder on a USB storage device,d363d52d-99b4-4258-9e83-eca4fbdf4722:12d6aaad-d982-5f95-8b7d-63ba7706aba5,12d6aaad-d982-5f95-8b7d-63ba7706aba5,outline_direct,d363d52d-99b4-4258-9e83-eca4fbdf4722,netgear-r6350.pdf,101,102,191,95,141687,142546,d883497ebd2be653dd851240c6f3129c31cec9f83c995900436babfc5cc11298,deterministic_direct_block_materialization,selected,
Q-026,d363d52d-99b4-4258-9e83-eca4fbdf4722:OUTLINE:c27c0cf701a42141,d363d52d-99b4-4258-9e83-eca4fbdf4722:OUTLINE:c27c0cf701a42141,Manage VPN Pass-Through,Manage the WAN and LAN Network Settings > Manage VPN Pass-Through,d363d52d-99b4-4258-9e83-eca4fbdf4722:3fbed70d-f242-5a78-90cc-f0f2674fe5f7,3fbed70d-f242-5a78-90cc-f0f2674fe5f7,outline_direct,d363d52d-99b4-4258-9e83-eca4fbdf4722,netgear-r6350.pdf,119,119,235,117,164353,165394,d1884c13ebbdbe7dd336d794edfa686b651c3b9c061a29316f4322604cff3235,deterministic_direct_block_materialization,selected,
Q-027,d363d52d-99b4-4258-9e83-eca4fbdf4722:OUTLINE:5283c300a58533cf,d363d52d-99b4-4258-9e83-eca4fbdf4722:OUTLINE:5283c300a58533cf,Set Up a Bridge for a Port Group,Manage the WAN and LAN Network Settings > Set Up a Bridge for a Port Group or VLAN Tag Group > Set Up a Bridge for a Port Group,d363d52d-99b4-4258-9e83-eca4fbdf4722:92de127d-5c3f-5d2a-a801-234fc3e5b014,92de127d-5c3f-5d2a-a801-234fc3e5b014,outline_direct,d363d52d-99b4-4258-9e83-eca4fbdf4722,netgear-r6350.pdf,131,131,267,133,181874,183553,2c5f83df71df05c8fe6eab446b60ae53faff568d503e9d54d550f319a6c874a4,deterministic_direct_block_materialization,selected,
Q-028,d363d52d-99b4-4258-9e83-eca4fbdf4722:OUTLINE:759d64cd684a03d3,d363d52d-99b4-4258-9e83-eca4fbdf4722:OUTLINE:759d64cd684a03d3,Check for new firmware and update the router,Manage Your Router > Update the router firmware > Check for new firmware and update the router,d363d52d-99b4-4258-9e83-eca4fbdf4722:2a3ade55-f893-5d78-8ead-3ff6b3d197c7,2a3ade55-f893-5d78-8ead-3ff6b3d197c7,outline_direct,d363d52d-99b4-4258-9e83-eca4fbdf4722,netgear-r6350.pdf,135,136,275,137,186574,188155,879abc1b8636e5f8701374ad42a5cc1a3b71293c1c94525ea670acd273e27a43,deterministic_direct_block_materialization,selected,
Q-029,d363d52d-99b4-4258-9e83-eca4fbdf4722:OUTLINE:c406dcd0d505ed73,d363d52d-99b4-4258-9e83-eca4fbdf4722:OUTLINE:c406dcd0d505ed73,Disable or Enable LED Blinking or Turn Off LEDs,Manage Your Router > Disable or Enable LED Blinking or Turn Off LEDs,d363d52d-99b4-4258-9e83-eca4fbdf4722:5a7fc3bd-5bd0-57b2-944d-5a981598dcf7,5a7fc3bd-5bd0-57b2-944d-5a981598dcf7,outline_direct,d363d52d-99b4-4258-9e83-eca4fbdf4722,netgear-r6350.pdf,140,141,291,145,194190,195377,4016cd50e600429929c1fde86ee2b44c38fff4926d1ae9fb5b518adfeaf4808c,deterministic_direct_block_materialization,selected,
Q-030,d363d52d-99b4-4258-9e83-eca4fbdf4722:OUTLINE:aaa110d73c5ebaf9,d363d52d-99b4-4258-9e83-eca4fbdf4722:OUTLINE:aaa110d73c5ebaf9,Install OpenVPN Software on an Android Device,Use VPN to Access Your Network > Install OpenVPN software > Install OpenVPN Software on an Android Device,d363d52d-99b4-4258-9e83-eca4fbdf4722:006d8e6b-77f6-54fa-826b-6d417979808f,006d8e6b-77f6-54fa-826b-6d417979808f,outline_direct,d363d52d-99b4-4258-9e83-eca4fbdf4722,netgear-r6350.pdf,172,172,367,183,242146,243494,41b93beec5f999e952be7421274d10496f460dd2e23f42086f032689753450bb,deterministic_direct_block_materialization,selected,
Q-031,d363d52d-99b4-4258-9e83-eca4fbdf4722:OUTLINE:6ca762548278f56e,d363d52d-99b4-4258-9e83-eca4fbdf4722:OUTLINE:6ca762548278f56e,Troubleshoot Internet browsing,Troubleshooting > Troubleshoot Internet browsing,d363d52d-99b4-4258-9e83-eca4fbdf4722:818e0932-f3ff-5602-b5b9-5f1d94d353ed,818e0932-f3ff-5602-b5b9-5f1d94d353ed,outline_direct,d363d52d-99b4-4258-9e83-eca4fbdf4722,netgear-r6350.pdf,194,195,435,217,278131,279260,f1122ce457d9b97cc66f71ff743505a86ddca8908189ac485db1629488e65b51,deterministic_direct_block_materialization,selected,
Q-032,8a56b2bf-5d68-4806-abb7-de39894bb404:OUTLINE:0cc5c443004437fd,8a56b2bf-5d68-4806-abb7-de39894bb404:OUTLINE:0cc5c443004437fd,Wired Connection,Connect to the Network and Access the Router > Connect to the Network > Wired Connection,8a56b2bf-5d68-4806-abb7-de39894bb404:cf6a9c70-f40a-521b-8ee5-c0a7ff8c1279,cf6a9c70-f40a-521b-8ee5-c0a7ff8c1279,outline_direct,8a56b2bf-5d68-4806-abb7-de39894bb404,netgear-r7000.pdf,19,19,23,11,8480,8936,7d84c41109d3a81e082038be3ca7df5b452afd13e15b0d4151115d602d7e945d,deterministic_direct_block_materialization,selected,
Q-033,8a56b2bf-5d68-4806-abb7-de39894bb404:OUTLINE:615f1a78bd39eb84,8a56b2bf-5d68-4806-abb7-de39894bb404:OUTLINE:615f1a78bd39eb84,Use the Internet Setup Wizard,Specify Your Internet Settings > Use the Internet Setup Wizard,8a56b2bf-5d68-4806-abb7-de39894bb404:9213a4bb-497e-56d3-be43-8791bb53a54e,9213a4bb-497e-56d3-be43-8791bb53a54e,outline_direct,8a56b2bf-5d68-4806-abb7-de39894bb404,netgear-r7000.pdf,25,25,43,21,16589,17620,490076e8ca9568d1e9b040b79181210488b9a5bfc87da5e85885186e54723667,deterministic_direct_block_materialization,selected,
Q-034,8a56b2bf-5d68-4806-abb7-de39894bb404:OUTLINE:f4bd6a547d16c31d,8a56b2bf-5d68-4806-abb7-de39894bb404:OUTLINE:f4bd6a547d16c31d,Add a QoS Rule by LAN pot,Optimize Performance > Optimize Internet Streaming With Dynamic QoS > Enable Advanced QoS and Manually Set Up QoS Rules > Add a QoS Rule by LAN pot,8a56b2bf-5d68-4806-abb7-de39894bb404:8aecb252-6293-553d-8e28-ef7b756f0c82,8aecb252-6293-553d-8e28-ef7b756f0c82,outline_direct,8a56b2bf-5d68-4806-abb7-de39894bb404,netgear-r7000.pdf,56,57,105,52,63107,64096,c44c35eb4d739ef5e16b291a77f1bc8db15ba6670ea29fbe989bc71dd3a320ef,deterministic_direct_block_materialization,selected,
Q-035,8a56b2bf-5d68-4806-abb7-de39894bb404:OUTLINE:08da0d3cf6f7d113,8a56b2bf-5d68-4806-abb7-de39894bb404:OUTLINE:08da0d3cf6f7d113,Improve Network Connections With Universal Plug-N-Play,Optimize Performance > Improve Network Connections With Universal Plug-N-Play,8a56b2bf-5d68-4806-abb7-de39894bb404:54a5ae0e-dabe-533f-8906-cd65b27661ec,54a5ae0e-dabe-533f-8906-cd65b27661ec,outline_direct,8a56b2bf-5d68-4806-abb7-de39894bb404,netgear-r7000.pdf,61,62,117,58,68463,70909,ae5b005cefb8ce9ecc9b7b1d9b87a0bc9c678d5ea45d68be44e0dd748c3d9bfc,deterministic_direct_block_materialization,selected,
Q-036,8a56b2bf-5d68-4806-abb7-de39894bb404:OUTLINE:2b84714e210fd033,8a56b2bf-5d68-4806-abb7-de39894bb404:OUTLINE:2b84714e210fd033,Check the Internet Connection Status,Manage Your Router > Check the Internet Connection Status,8a56b2bf-5d68-4806-abb7-de39894bb404:537310b8-39d1-57ca-81f0-ddddc2ad9916,537310b8-39d1-57ca-81f0-ddddc2ad9916,outline_direct,8a56b2bf-5d68-4806-abb7-de39894bb404,netgear-r7000.pdf,101,102,203,101,131021,132522,75fdc2d24deb32824657c250fcf695c0e6c7c095a90e73d9465a771c0e37915e,deterministic_direct_block_materialization,selected,
Q-037,8a56b2bf-5d68-4806-abb7-de39894bb404:OUTLINE:42bc10659811af2c,8a56b2bf-5d68-4806-abb7-de39894bb404:OUTLINE:42bc10659811af2c,Set Up Remote Management,Manage Your Router > Remote Access > Set Up Remote Management,8a56b2bf-5d68-4806-abb7-de39894bb404:79d677ad-2fef-50d3-92dd-c07a6df0f14e,79d677ad-2fef-50d3-92dd-c07a6df0f14e,outline_direct,8a56b2bf-5d68-4806-abb7-de39894bb404,netgear-r7000.pdf,107,108,221,110,140720,142335,101068f2956fab3a05aee09d60f8533c5698dacb21ef466f0bfddbcac6fcb516,deterministic_direct_block_materialization,selected,
Q-038,8a56b2bf-5d68-4806-abb7-de39894bb404:OUTLINE:f79ea7be006eeae3,8a56b2bf-5d68-4806-abb7-de39894bb404:OUTLINE:f79ea7be006eeae3,Change the NTP Server,Manage Your Router > Change the NTP Server,8a56b2bf-5d68-4806-abb7-de39894bb404:d4980606-c8d1-5aca-adbe-96e35254c9e1,d4980606-c8d1-5aca-adbe-96e35254c9e1,outline_direct,8a56b2bf-5d68-4806-abb7-de39894bb404,netgear-r7000.pdf,110,110,231,115,144949,145831,c557fad691fa55d518ea9650fc95eab829d60c3a93493fd523a2921de861340b,deterministic_direct_block_materialization,selected,
Q-039,8a56b2bf-5d68-4806-abb7-de39894bb404:OUTLINE:6cca2b13d46fd9ff,8a56b2bf-5d68-4806-abb7-de39894bb404:OUTLINE:6cca2b13d46fd9ff,Access USB Storage Devices Through the Internet,Use Dynamic DNS to Access USB Storage Devices Through the Internet > Access USB Storage Devices Through the Internet,8a56b2bf-5d68-4806-abb7-de39894bb404:af255485-98d7-59f8-94db-806fd6280e64,af255485-98d7-59f8-94db-806fd6280e64,outline_direct,8a56b2bf-5d68-4806-abb7-de39894bb404,netgear-r7000.pdf,135,135,297,148,177004,177650,5aa2bf27903b48145e7f56435e216ea3018781206ee1f15cfb2800938dde8299,deterministic_direct_block_materialization,selected,
Q-040,8a56b2bf-5d68-4806-abb7-de39894bb404:OUTLINE:0fc676a3a4479418,8a56b2bf-5d68-4806-abb7-de39894bb404:OUTLINE:0fc676a3a4479418,Create a ReadyCLOUD Account,Use Dynamic DNS to Access USB Storage Devices Through the Internet > Remotely Access a USB Device Using ReadyCLOUD > Create a ReadyCLOUD Account,8a56b2bf-5d68-4806-abb7-de39894bb404:89cf7641-ad76-514d-a38e-ff036b200250,89cf7641-ad76-514d-a38e-ff036b200250,outline_direct,8a56b2bf-5d68-4806-abb7-de39894bb404,netgear-r7000.pdf,135,136,301,150,178167,178662,3ba21fe862ba08ce5f58b86b67143d4e44cd868067e10a2e590d0b0bd4ae840f,deterministic_direct_block_materialization,selected,
Q-041,8a56b2bf-5d68-4806-abb7-de39894bb404:OUTLINE:fdf9a6339ff3dcd8,8a56b2bf-5d68-4806-abb7-de39894bb404:OUTLINE:fdf9a6339ff3dcd8,Install OpenVPN Software on an iOS Device,Use VPN to Access Your Network > Install OpenVPN Software > Install OpenVPN Software on an iOS Device,8a56b2bf-5d68-4806-abb7-de39894bb404:0cff8f5c-96b8-5d33-9c11-37f93f8300fb,0cff8f5c-96b8-5d33-9c11-37f93f8300fb,outline_direct,8a56b2bf-5d68-4806-abb7-de39894bb404,netgear-r7000.pdf,155,155,341,170,200060,201409,48beff9990e5a51b9cb1a0b2bbd0e84bb4d217336c81b0f34389b3ffc419d35b,deterministic_direct_block_materialization,selected,
Q-042,8a56b2bf-5d68-4806-abb7-de39894bb404:OUTLINE:59222463e26d1879,8a56b2bf-5d68-4806-abb7-de39894bb404:OUTLINE:59222463e26d1879,Sequence to Restart Your Network,Troubleshooting > Quick Tips > Sequence to Restart Your Network,8a56b2bf-5d68-4806-abb7-de39894bb404:f2289449-f54e-5af6-8243-762118ef305b,f2289449-f54e-5af6-8243-762118ef305b,outline_direct,8a56b2bf-5d68-4806-abb7-de39894bb404,netgear-r7000.pdf,172,172,385,192,223543,223755,98afe5eb6cdea22b384ba7f09eb55e3de3b3c2f392f5828bacb3af56db2abea5,deterministic_direct_block_materialization,selected,
Q-043,8a56b2bf-5d68-4806-abb7-de39894bb404:OUTLINE:2be192fda8a4722e,8a56b2bf-5d68-4806-abb7-de39894bb404:OUTLINE:2be192fda8a4722e,Troubleshoot WiFi Connectivity,Troubleshooting > Troubleshoot WiFi Connectivity,8a56b2bf-5d68-4806-abb7-de39894bb404:65aa662f-9473-5c74-b996-74e7f545f09c,65aa662f-9473-5c74-b996-74e7f545f09c,outline_direct,8a56b2bf-5d68-4806-abb7-de39894bb404,netgear-r7000.pdf,177,178,413,206,234257,235482,64eb4db8ca6bd036e46b064ea6e0567701e1326064c862194464c9ca76856518,deterministic_direct_block_materialization,selected,
Q-044,d69381d0-06ed-49bf-9fe1-6050d9374432:OUTLINE:89ac3ac6d4a7bbea,d69381d0-06ed-49bf-9fe1-6050d9374432:OUTLINE:89ac3ac6d4a7bbea,Unpack your router,Hardware Setup > Unpack your router,d69381d0-06ed-49bf-9fe1-6050d9374432:89d399fa-1c1b-5d37-b35a-194ce673ec69,89d399fa-1c1b-5d37-b35a-194ce673ec69,outline_direct,d69381d0-06ed-49bf-9fe1-6050d9374432,netgear-rax120.pdf,10,10,5,2,2181,2283,4eec15251824114638f10b21e81f7ea4ec639471fe8709cdc5ad4788d6e7b1f7,deterministic_direct_block_materialization,selected,
Q-045,d69381d0-06ed-49bf-9fe1-6050d9374432:OUTLINE:4bdaaa28252d41a2,d69381d0-06ed-49bf-9fe1-6050d9374432:OUTLINE:4bdaaa28252d41a2,Types of logins,Connect to the network and access the router > Types of logins,d69381d0-06ed-49bf-9fe1-6050d9374432:6af6a140-458c-5188-b116-2f8430c69437,6af6a140-458c-5188-b116-2f8430c69437,outline_direct,d69381d0-06ed-49bf-9fe1-6050d9374432,netgear-rax120.pdf,21,21,31,15,13475,14384,a61a2ac37a05f06d8c356a7685b31aa7904f78473aa9382fce8acc9081462b4a,deterministic_direct_block_materialization,selected,
Q-046,d69381d0-06ed-49bf-9fe1-6050d9374432:OUTLINE:7dcc6744e0e7954c,d69381d0-06ed-49bf-9fe1-6050d9374432:OUTLINE:7dcc6744e0e7954c,Set up an IPv6 pass-through Internet connection,Specify Your Internet Settings > Specify IPv6 Internet connections > Set up an IPv6 pass-through Internet connection,d69381d0-06ed-49bf-9fe1-6050d9374432:f02b327f-e424-5fbd-884a-afa982cfba97,f02b327f-e424-5fbd-884a-afa982cfba97,outline_direct,d69381d0-06ed-49bf-9fe1-6050d9374432,netgear-rax120.pdf,36,36,67,33,39196,40079,8b48ddb405c8956f7bed5e7a21dd494bb521bb4722a87dc134a07c19adc7d9e1,deterministic_direct_block_materialization,selected,
Q-047,d69381d0-06ed-49bf-9fe1-6050d9374432:OUTLINE:b393aec4e5f20ee4,d69381d0-06ed-49bf-9fe1-6050d9374432:OUTLINE:b393aec4e5f20ee4,View or change the WAN settings,Manage Network Settings > View or change the WAN settings,d69381d0-06ed-49bf-9fe1-6050d9374432:304579c0-2505-541b-9272-41a33abdc404,304579c0-2505-541b-9272-41a33abdc404,outline_direct,d69381d0-06ed-49bf-9fe1-6050d9374432,netgear-rax120.pdf,70,71,131,65,91466,93957,de3e6f6ba2dbf98fce62e5814aeec642ad1254b4cfeae8ec4e32280a94d3ac1f,deterministic_direct_block_materialization,selected,
Q-048,d69381d0-06ed-49bf-9fe1-6050d9374432:OUTLINE:43ec202019e41936,d69381d0-06ed-49bf-9fe1-6050d9374432:OUTLINE:43ec202019e41936,Reserve an IP address,Manage Network Settings > Manage reserved LAN IP addresses > Reserve an IP address,d69381d0-06ed-49bf-9fe1-6050d9374432:ebd82415-b17d-5082-8472-3811a168faaf,ebd82415-b17d-5082-8472-3811a168faaf,outline_direct,d69381d0-06ed-49bf-9fe1-6050d9374432,netgear-rax120.pdf,76,77,145,72,102078,103294,6b24153d7bcfc29a974972b8538b68c756ac22efe9bc98b56c8b1597fbe3f849,deterministic_direct_block_materialization,selected,
Q-049,d69381d0-06ed-49bf-9fe1-6050d9374432:OUTLINE:8d66e90b801f07f3,d69381d0-06ed-49bf-9fe1-6050d9374432:OUTLINE:8d66e90b801f07f3,Change the WiFi password or the WiFi security,Manage Network Settings > Change the WiFi password or the WiFi security,d69381d0-06ed-49bf-9fe1-6050d9374432:0f01b620-ac86-5a3e-bacb-6893a15e210e,0f01b620-ac86-5a3e-bacb-6893a15e210e,outline_direct,d69381d0-06ed-49bf-9fe1-6050d9374432,netgear-rax120.pdf,80,82,155,77,109078,111562,20aae0b70597a0b77e66f69e21f67e3559dfdcc1c2d833404eb72875d2bfb71b,deterministic_direct_block_materialization,selected,
Q-050,d69381d0-06ed-49bf-9fe1-6050d9374432:OUTLINE:30e6bc1f5ecbb7b4,d69381d0-06ed-49bf-9fe1-6050d9374432:OUTLINE:30e6bc1f5ecbb7b4,Connect a USB storage device to the router,Share USB Storage Devices Attached to the Router > Connect a USB storage device to the router,d69381d0-06ed-49bf-9fe1-6050d9374432:bb9735df-2bc3-50f1-9fb8-2235613d714e,bb9735df-2bc3-50f1-9fb8-2235613d714e,outline_direct,d69381d0-06ed-49bf-9fe1-6050d9374432,netgear-rax120.pdf,123,123,257,128,176032,176678,3e89f98dbb172928560e17e9486a19ef7508d75492c4a3e2bc439b3188de4497,deterministic_direct_block_materialization,selected,
Q-051,d69381d0-06ed-49bf-9fe1-6050d9374432:OUTLINE:7e8558c76cede228,d69381d0-06ed-49bf-9fe1-6050d9374432:OUTLINE:7e8558c76cede228,Add a network folder on a USB storage device,Share USB Storage Devices Attached to the Router > Add a network folder on a USB storage device,d69381d0-06ed-49bf-9fe1-6050d9374432:9d1e53fd-0a2d-51bd-bb64-2521b239e8f3,9d1e53fd-0a2d-51bd-bb64-2521b239e8f3,outline_direct,d69381d0-06ed-49bf-9fe1-6050d9374432,netgear-rax120.pdf,130,131,277,138,186716,188487,44c2955ba305cd7be7179d8d3c8f36bbeb6a516163be994af3082711449dbc12,deterministic_direct_block_materialization,selected,
Q-052,d69381d0-06ed-49bf-9fe1-6050d9374432:OUTLINE:6bfd2d1ed7baea6f,d69381d0-06ed-49bf-9fe1-6050d9374432:OUTLINE:6bfd2d1ed7baea6f,Change the Dynamic DNS settings,Use Dynamic DNS to Access USB Storage Devices Through the Internet > Set up and manage Dynamic DNS > Change the Dynamic DNS settings,d69381d0-06ed-49bf-9fe1-6050d9374432:d7d2bc93-72bb-53d6-945c-0708fde2888b,d7d2bc93-72bb-53d6-945c-0708fde2888b,outline_direct,d69381d0-06ed-49bf-9fe1-6050d9374432,netgear-rax120.pdf,136,136,291,145,194517,195190,d5d88f3162d188f4aca0bfb0ec3dd4d6e7a312c9915c46e9f6b2731f5a6f8eaa,deterministic_direct_block_materialization,selected,
Q-053,d69381d0-06ed-49bf-9fe1-6050d9374432:OUTLINE:0d5b6e0a7ba7bfe2,d69381d0-06ed-49bf-9fe1-6050d9374432:OUTLINE:0d5b6e0a7ba7bfe2,How the router implements the port forwarding rule,Manage port forwarding and port triggering > Manage port forwarding to a local server > How the router implements the port forwarding rule,d69381d0-06ed-49bf-9fe1-6050d9374432:cf516841-9648-5ad0-aaaa-b65b9c5d85aa,cf516841-9648-5ad0-aaaa-b65b9c5d85aa,outline_direct,d69381d0-06ed-49bf-9fe1-6050d9374432,netgear-rax120.pdf,158,158,349,174,227222,228148,91f5138674f47027b2022b484b12bd06dfc75dff15b6ae929ea036d31b8a49b9,deterministic_direct_block_materialization,selected,
Q-054,d69381d0-06ed-49bf-9fe1-6050d9374432:OUTLINE:392ff4fbd7ee9772,d69381d0-06ed-49bf-9fe1-6050d9374432:OUTLINE:392ff4fbd7ee9772,Troubleshoot WiFi connectivity,Troubleshooting > Troubleshoot WiFi connectivity,d69381d0-06ed-49bf-9fe1-6050d9374432:48b55cf6-5b08-527e-bd26-f4183bca41e2,48b55cf6-5b08-527e-bd26-f4183bca41e2,outline_direct,d69381d0-06ed-49bf-9fe1-6050d9374432,netgear-rax120.pdf,169,169,391,195,246583,247804,fe591b52ec0f74c1b1a0e0a7d75ffd28638b595c273b952a9c3bb0ddd70b369d,deterministic_direct_block_materialization,selected,
Q-055,d69381d0-06ed-49bf-9fe1-6050d9374432:OUTLINE:41c9cb735a542932,d69381d0-06ed-49bf-9fe1-6050d9374432:OUTLINE:41c9cb735a542932,Factory settings,Supplemental Information > Factory settings,d69381d0-06ed-49bf-9fe1-6050d9374432:7059c14f-c840-5863-9050-2518f69aa8d5,7059c14f-c840-5863-9050-2518f69aa8d5,outline_direct,d69381d0-06ed-49bf-9fe1-6050d9374432,netgear-rax120.pdf,173,174,401,200,251192,252750,a06d884dd476897551efcb47701047d2a3df5b386e2dbe79a1f41d7662a0e45d,deterministic_direct_block_materialization,selected,
Q-056,e65eaa31-8579-448d-a22c-88a8fde64409:OUTLINE:79aeb7edd70d3319,e65eaa31-8579-448d-a22c-88a8fde64409:OUTLINE:79aeb7edd70d3319,Position your router,Hardware Setup > Position your router,e65eaa31-8579-448d-a22c-88a8fde64409:f42f57b0-65cd-5982-935c-289c54636287,f42f57b0-65cd-5982-935c-289c54636287,outline_direct,e65eaa31-8579-448d-a22c-88a8fde64409,netgear-rax50.pdf,14,14,15,7,6007,7445,656252162a254a96b6a1ef5b58fe2a038a674740a3967be7e438e30caed4aff9,deterministic_direct_block_materialization,selected,
Q-057,e65eaa31-8579-448d-a22c-88a8fde64409:OUTLINE:41ba92c1cd759ea9,e65eaa31-8579-448d-a22c-88a8fde64409:OUTLINE:41ba92c1cd759ea9,Connect to the router WiFi network,Connect to the Network and Access the Router > Connect to the router network > Connect to the router WiFi network,e65eaa31-8579-448d-a22c-88a8fde64409:e00425b6-15d6-5234-b2e5-d0f194e4e777,e00425b6-15d6-5234-b2e5-d0f194e4e777,outline_direct,e65eaa31-8579-448d-a22c-88a8fde64409,netgear-rax50.pdf,18,18,27,13,9659,10224,f463ad5412fc27822db9bb5103460c3573e8859fc19fbfab8c994c4547bb34e7,deterministic_direct_block_materialization,selected,
Q-058,e65eaa31-8579-448d-a22c-88a8fde64409:OUTLINE:5c59851a56345ebf,e65eaa31-8579-448d-a22c-88a8fde64409:OUTLINE:5c59851a56345ebf,Use auto config for an IPv6 Internet connection,Specify Your Internet Settings > Specify IPv6 Internet connections > Use auto config for an IPv6 Internet connection,e65eaa31-8579-448d-a22c-88a8fde64409:e87e22a2-a89c-58a7-9ff2-ff82463e19a7,e87e22a2-a89c-58a7-9ff2-ff82463e19a7,outline_direct,e65eaa31-8579-448d-a22c-88a8fde64409,netgear-rax50.pdf,36,38,69,34,40579,43816,ed248d41872a98e942d8cb06cb1d2ee3c11b9178468a84e0d4cea24d54acc61b,deterministic_direct_block_materialization,selected,
Q-059,e65eaa31-8579-448d-a22c-88a8fde64409:OUTLINE:121e62ef30e6e2d8,e65eaa31-8579-448d-a22c-88a8fde64409:OUTLINE:121e62ef30e6e2d8,Manage allowed devices currently not on the network,Control Access to the Internet > Network access control list > Manage allowed devices currently not on the network,e65eaa31-8579-448d-a22c-88a8fde64409:03914fcb-62c9-5345-8ab2-2475379fe1be,03914fcb-62c9-5345-8ab2-2475379fe1be,outline_direct,e65eaa31-8579-448d-a22c-88a8fde64409,netgear-rax50.pdf,45,47,85,42,55925,58740,1d60d91dd796d9381014e6007ebc03aa51713e882d85cffd3e832dd796ae63bd,deterministic_direct_block_materialization,selected,
Q-060,e65eaa31-8579-448d-a22c-88a8fde64409:OUTLINE:f362300bbbc0324c,e65eaa31-8579-448d-a22c-88a8fde64409:OUTLINE:f362300bbbc0324c,Enable Dynamic QoS,Optimize Performance > Use Dynamic QoS to optimize Internet traffic management > Enable Dynamic QoS,e65eaa31-8579-448d-a22c-88a8fde64409:d2849132-6a3d-520c-8f2c-bd5e904e522d,d2849132-6a3d-520c-8f2c-bd5e904e522d,outline_direct,e65eaa31-8579-448d-a22c-88a8fde64409,netgear-rax50.pdf,86,87,169,84,121465,122726,405c9466625870a6798f5158d7a3a24d55c3f2633178586c0a390d47b0b0e18b,deterministic_direct_block_materialization,selected,
Q-061,e65eaa31-8579-448d-a22c-88a8fde64409:OUTLINE:41d86e3c0982faa9,e65eaa31-8579-448d-a22c-88a8fde64409:OUTLINE:41d86e3c0982faa9,Manually update the dynamic QoS database,Optimize Performance > Use Dynamic QoS to optimize Internet traffic management > Manually update the dynamic QoS database,e65eaa31-8579-448d-a22c-88a8fde64409:93ffa849-c75e-5120-be9a-d99bb0eed70b,93ffa849-c75e-5120-be9a-d99bb0eed70b,outline_direct,e65eaa31-8579-448d-a22c-88a8fde64409,netgear-rax50.pdf,87,88,173,86,123685,124695,2b7c940a1bcd46d1baad415206226694028b6cc58d4873087b8328f2575c104f,deterministic_direct_block_materialization,selected,
Q-062,e65eaa31-8579-448d-a22c-88a8fde64409:OUTLINE:5ae513b79530a608,e65eaa31-8579-448d-a22c-88a8fde64409:OUTLINE:5ae513b79530a608,Erase the settings,Manage Your Router > Manage the router configuration file > Erase the settings,e65eaa31-8579-448d-a22c-88a8fde64409:03a4fccb-bb0c-56ec-b67b-eee79c190813,03a4fccb-bb0c-56ec-b67b-eee79c190813,outline_direct,e65eaa31-8579-448d-a22c-88a8fde64409,netgear-rax50.pdf,104,105,213,106,148919,149919,724dfceea964b4b07aff6c7671a8491aa7c446be9defc5124106f4e7d5bac2a3,deterministic_direct_block_materialization,selected,
Q-063,e65eaa31-8579-448d-a22c-88a8fde64409:OUTLINE:8b9e84b41a8e2327,e65eaa31-8579-448d-a22c-88a8fde64409:OUTLINE:8b9e84b41a8e2327,About VPN connections,Use OpenVPN to Access Your Network > About VPN connections,e65eaa31-8579-448d-a22c-88a8fde64409:a13c3553-78f9-5ede-9cd9-390daad977b6,a13c3553-78f9-5ede-9cd9-390daad977b6,outline_direct,e65eaa31-8579-448d-a22c-88a8fde64409,netgear-rax50.pdf,128,128,277,138,179942,181539,c17c199f42b94399f85c8d042c4b8fe161ade874a339251398bce0c43df82ad7,deterministic_direct_block_materialization,selected,
Q-064,e65eaa31-8579-448d-a22c-88a8fde64409:OUTLINE:4961dff6fcaa17d5,e65eaa31-8579-448d-a22c-88a8fde64409:OUTLINE:4961dff6fcaa17d5,Block VPN client Internet access in the router,Use OpenVPN to Access Your Network > Use VPN to access your Internet service at home > Block VPN client Internet access in the router,e65eaa31-8579-448d-a22c-88a8fde64409:01143d51-a727-543c-b607-948530c2902c,01143d51-a727-543c-b607-948530c2902c,outline_direct,e65eaa31-8579-448d-a22c-88a8fde64409,netgear-rax50.pdf,136,137,297,148,194965,196285,8ac00ece19732affe7d4992a5982ffaea007a5d925a47dc9b91e9450681a4784,deterministic_direct_block_materialization,selected,
Q-065,e65eaa31-8579-448d-a22c-88a8fde64409:OUTLINE:4c371fdde86b5510,e65eaa31-8579-448d-a22c-88a8fde64409:OUTLINE:4c371fdde86b5510,Delete a port forwarding entry,Manage Port Forwarding and Port Triggering > Manage port forwarding to a local server > Delete a port forwarding entry,e65eaa31-8579-448d-a22c-88a8fde64409:af31b6ec-73a8-5529-8fa5-da1f467d1bef,af31b6ec-73a8-5529-8fa5-da1f467d1bef,outline_direct,e65eaa31-8579-448d-a22c-88a8fde64409,netgear-rax50.pdf,142,142,311,155,201653,202400,8059ec0db2acfbf963539f4d518842b2b0ed5e7568933e771949109412cd4e58,deterministic_direct_block_materialization,selected,
Q-066,e65eaa31-8579-448d-a22c-88a8fde64409:OUTLINE:3d0101989fca1bb6,e65eaa31-8579-448d-a22c-88a8fde64409:OUTLINE:3d0101989fca1bb6,Test the path from a Windows-based computer to a remote device,Troubleshooting > Troubleshoot your network using the ping utility > Test the path from a Windows-based computer to a remote device,e65eaa31-8579-448d-a22c-88a8fde64409:d6a2438e-ce2e-5744-b23d-64355bb7f3b2,d6a2438e-ce2e-5744-b23d-64355bb7f3b2,outline_direct,e65eaa31-8579-448d-a22c-88a8fde64409,netgear-rax50.pdf,156,156,363,181,225561,227140,f09bb1f822b1c91d93272fd14431f9ea6d745772f178746164921263e0b7cdd9,deterministic_direct_block_materialization,selected,
Q-067,57d18421-8c71-47bc-992e-0d0dfdcdbbea:OUTLINE:51a6513bbc2a11e3,57d18421-8c71-47bc-992e-0d0dfdcdbbea:OUTLINE:51a6513bbc2a11e3,Find and connect to the WiFi network,Connect to the network and access the router > Connect to the network > Find and connect to the WiFi network,57d18421-8c71-47bc-992e-0d0dfdcdbbea:a3662689-f8b9-5c28-8c0a-b2185487bec9,a3662689-f8b9-5c28-8c0a-b2185487bec9,outline_direct,57d18421-8c71-47bc-992e-0d0dfdcdbbea,netgear-raxe500.pdf,20,20,27,13,12742,13103,96aa664a8beef8102c72a7dd407a18a7ffa36934b209cba515906ee8d932d808,deterministic_direct_block_materialization,selected,
Q-068,57d18421-8c71-47bc-992e-0d0dfdcdbbea:OUTLINE:f3161081da6e6415,57d18421-8c71-47bc-992e-0d0dfdcdbbea:OUTLINE:f3161081da6e6415,Automatic Internet Setup,Connect to the network and access the router > Use a web browser to access the router > Automatic Internet Setup,57d18421-8c71-47bc-992e-0d0dfdcdbbea:feb09c00-0fd2-5b2c-ae97-969bd349df0e,feb09c00-0fd2-5b2c-ae97-969bd349df0e,outline_direct,57d18421-8c71-47bc-992e-0d0dfdcdbbea,netgear-raxe500.pdf,22,23,37,18,16096,19070,e564e7e856bc8b3c2f37cd954288bdde11b7a6063635fe4f233f57c3883be05f,deterministic_direct_block_materialization,selected,
Q-069,57d18421-8c71-47bc-992e-0d0dfdcdbbea:OUTLINE:88cdae4e848e09b9,57d18421-8c71-47bc-992e-0d0dfdcdbbea:OUTLINE:88cdae4e848e09b9,MTU concepts,Specify Your Internet Settings > Manage the MTU size > MTU concepts,57d18421-8c71-47bc-992e-0d0dfdcdbbea:eae4f314-abe4-5229-ac3e-d9cc4c571b27,eae4f314-abe4-5229-ac3e-d9cc4c571b27,outline_direct,57d18421-8c71-47bc-992e-0d0dfdcdbbea,netgear-raxe500.pdf,44,46,81,40,54383,56388,53cc2944c6e0e1e2cde13f2b1e5977a664edd3c6610ea9200b0f9b94b107192c,deterministic_direct_block_materialization,selected,
Q-070,57d18421-8c71-47bc-992e-0d0dfdcdbbea:OUTLINE:bbfec0ebd44bf9d9,57d18421-8c71-47bc-992e-0d0dfdcdbbea:OUTLINE:bbfec0ebd44bf9d9,Disable the DHCP server feature in the router,Manage Network Settings > Disable the DHCP server feature in the router,57d18421-8c71-47bc-992e-0d0dfdcdbbea:8dba79ed-9bf8-5cb2-833b-a493317e765e,8dba79ed-9bf8-5cb2-833b-a493317e765e,outline_direct,57d18421-8c71-47bc-992e-0d0dfdcdbbea,netgear-raxe500.pdf,64,65,121,60,81620,82760,dd3ef4f0647a01cdfeda5d20431dda5ccf6d4d999a4b3ca9d609a60a1123e782,deterministic_direct_block_materialization,selected,
Q-071,57d18421-8c71-47bc-992e-0d0dfdcdbbea:OUTLINE:9738f3c7fd6b99bc,57d18421-8c71-47bc-992e-0d0dfdcdbbea:OUTLINE:9738f3c7fd6b99bc,Enable or disable 20/40 MHz coexistence for the 2.4 GHz radio,Manage Network Settings > Enable or disable 20/40 MHz coexistence for the 2.4 GHz radio,57d18421-8c71-47bc-992e-0d0dfdcdbbea:33088b55-3bd9-50bd-8652-c3cd7fd2d88f,33088b55-3bd9-50bd-8652-c3cd7fd2d88f,outline_direct,57d18421-8c71-47bc-992e-0d0dfdcdbbea,netgear-raxe500.pdf,79,80,153,76,108796,110251,b2207e6f389c4c644f7f9927ab5a5b44cd0c1eae21ec61d948c367bda944ff98,deterministic_direct_block_materialization,selected,
Q-072,57d18421-8c71-47bc-992e-0d0dfdcdbbea:OUTLINE:fbc9501ac3f3021b,57d18421-8c71-47bc-992e-0d0dfdcdbbea:OUTLINE:fbc9501ac3f3021b,View or Change the Router Ethernet Port Aggregation Mode,Manage Network Settings > Manage Ethernet Port Aggregation to a LAN Device > View or Change the Router Ethernet Port Aggregation Mode,57d18421-8c71-47bc-992e-0d0dfdcdbbea:09ef238c-cabe-5ea4-9616-24e57ee8f002,09ef238c-cabe-5ea4-9616-24e57ee8f002,outline_direct,57d18421-8c71-47bc-992e-0d0dfdcdbbea,netgear-raxe500.pdf,98,99,195,97,140169,142262,4d977b7189ad52cbe684dcc161760ae0f9e45f31044462c95526340a2235b2a3,deterministic_direct_block_materialization,selected,
Q-073,57d18421-8c71-47bc-992e-0d0dfdcdbbea:OUTLINE:b501c092002a51d8,57d18421-8c71-47bc-992e-0d0dfdcdbbea:OUTLINE:b501c092002a51d8,Monitor Internet traffic,Manage Your Router > Monitor Internet traffic,57d18421-8c71-47bc-992e-0d0dfdcdbbea:04f1b52b-9f18-591e-ac0a-b16ee4a34dad,04f1b52b-9f18-591e-ac0a-b16ee4a34dad,outline_direct,57d18421-8c71-47bc-992e-0d0dfdcdbbea,netgear-raxe500.pdf,109,111,221,110,156604,158976,3abf5fdb1242114346646772a30a2b892452986f3c355e24bbc5f362c9d316da,deterministic_direct_block_materialization,selected,
Q-074,57d18421-8c71-47bc-992e-0d0dfdcdbbea:OUTLINE:536e38dc6e76c4f9,57d18421-8c71-47bc-992e-0d0dfdcdbbea:OUTLINE:536e38dc6e76c4f9,Set your time zone,Manage Your Router > Set your time zone,57d18421-8c71-47bc-992e-0d0dfdcdbbea:8533530e-9001-5a31-a453-6077909ff031,8533530e-9001-5a31-a453-6077909ff031,outline_direct,57d18421-8c71-47bc-992e-0d0dfdcdbbea,netgear-raxe500.pdf,114,114,235,117,163257,164001,409fbc2ed381a665d1eb7696dd6377ac354fc1b1dd96fa1d730be62c62988701,deterministic_direct_block_materialization,selected,
Q-075,57d18421-8c71-47bc-992e-0d0dfdcdbbea:OUTLINE:7e8558c76cede228,57d18421-8c71-47bc-992e-0d0dfdcdbbea:OUTLINE:7e8558c76cede228,Add a network folder on a USB storage device,Share USB Storage Devices Attached to the Router > Add a network folder on a USB storage device,57d18421-8c71-47bc-992e-0d0dfdcdbbea:b2cee766-ed4f-59bb-8d66-703a2aecba75,b2cee766-ed4f-59bb-8d66-703a2aecba75,outline_direct,57d18421-8c71-47bc-992e-0d0dfdcdbbea,netgear-raxe500.pdf,124,125,263,131,176876,178651,bdc2767dcfa89bea9c56a07199496813ee104b2ba9c5061ec5decc2714d62c31,deterministic_direct_block_materialization,selected,
Q-076,57d18421-8c71-47bc-992e-0d0dfdcdbbea:OUTLINE:7bbe03a0d66739df,57d18421-8c71-47bc-992e-0d0dfdcdbbea:OUTLINE:7bbe03a0d66739df,Set up VPN client Internet access in the router,Use VPN to Access Your Network > Use VPN to access your Internet service at home > Set up VPN client Internet access in the router,57d18421-8c71-47bc-992e-0d0dfdcdbbea:0fc19ad4-a3f3-5128-a97a-000311ce8919,0fc19ad4-a3f3-5128-a97a-000311ce8919,outline_direct,57d18421-8c71-47bc-992e-0d0dfdcdbbea,netgear-raxe500.pdf,144,144,309,154,200622,202154,b89312785f9d90182bdad7cd80b1feadde3928e5b85f1fb1f9bd96ff64b4805a,deterministic_direct_block_materialization,selected,
Q-077,57d18421-8c71-47bc-992e-0d0dfdcdbbea:OUTLINE:f67dde43cca3ccc5,57d18421-8c71-47bc-992e-0d0dfdcdbbea:OUTLINE:f67dde43cca3ccc5,Sequence to restart your network,Troubleshooting > Quick tips > Sequence to restart your network,57d18421-8c71-47bc-992e-0d0dfdcdbbea:494eba00-b9d1-5fec-898e-b212c6f28baf,494eba00-b9d1-5fec-898e-b212c6f28baf,outline_direct,57d18421-8c71-47bc-992e-0d0dfdcdbbea,netgear-raxe500.pdf,157,157,343,171,218492,218704,98afe5eb6cdea22b384ba7f09eb55e3de3b3c2f392f5828bacb3af56db2abea5,deterministic_direct_block_materialization,selected,
Q-078,4431ab7b-17f3-4bc6-8ee4-691efbcdfdeb:OUTLINE:0dde3e7827c5a595,4431ab7b-17f3-4bc6-8ee4-691efbcdfdeb:OUTLINE:0dde3e7827c5a595,Sync your Orbi satellite with your Orbi router,Overview > Sync your Orbi satellite with your Orbi router,4431ab7b-17f3-4bc6-8ee4-691efbcdfdeb:fd0ce992-9b7f-58e2-9140-f25a95a0b95b,fd0ce992-9b7f-58e2-9140-f25a95a0b95b,outline_direct,4431ab7b-17f3-4bc6-8ee4-691efbcdfdeb,netgear-rbk852.pdf,14,14,21,10,7845,9071,2207452adebd91d61e390c8286ca6fea8f9ed7873cbf1c728a3f8500543fd376,deterministic_direct_block_materialization,selected,
Q-079,4431ab7b-17f3-4bc6-8ee4-691efbcdfdeb:OUTLINE:e0e51a7e3dee3e59,4431ab7b-17f3-4bc6-8ee4-691efbcdfdeb:OUTLINE:e0e51a7e3dee3e59,Specify IPv6 Internet connections,Specify Your Internet Settings > Manage an IPv6 Internet connection > Specify IPv6 Internet connections,4431ab7b-17f3-4bc6-8ee4-691efbcdfdeb:bafbe93c-5d33-537b-82ee-2c89ca1550eb,bafbe93c-5d33-537b-82ee-2c89ca1550eb,outline_direct,4431ab7b-17f3-4bc6-8ee4-691efbcdfdeb,netgear-rbk852.pdf,27,28,59,29,24966,26501,723bef369cec09ef75da1f78a36ceb8b1809cb738373d57135712bfee9fe5062,deterministic_direct_block_materialization,selected,
Q-080,4431ab7b-17f3-4bc6-8ee4-691efbcdfdeb:OUTLINE:1903b33777805e3f,4431ab7b-17f3-4bc6-8ee4-691efbcdfdeb:OUTLINE:1903b33777805e3f,Set up an IPv6 PPPoE Internet connection,Specify Your Internet Settings > Manage an IPv6 Internet connection > Set up an IPv6 PPPoE Internet connection,4431ab7b-17f3-4bc6-8ee4-691efbcdfdeb:acfcfc10-9010-5a5e-9f6c-e4bbbf310479,acfcfc10-9010-5a5e-9f6c-e4bbbf310479,outline_direct,4431ab7b-17f3-4bc6-8ee4-691efbcdfdeb,netgear-rbk852.pdf,38,40,75,37,44605,48130,28151937de5f6cec1e7c316e6ebcd1399beaae5a7be83c5dd8776f4e43d02eb1,deterministic_direct_block_materialization,selected,
Q-081,4431ab7b-17f3-4bc6-8ee4-691efbcdfdeb:OUTLINE:2c0ec2920cd14051,4431ab7b-17f3-4bc6-8ee4-691efbcdfdeb:OUTLINE:2c0ec2920cd14051,Set up security event email notifications,Control Access to the Internet > Set up security event email notifications,4431ab7b-17f3-4bc6-8ee4-691efbcdfdeb:aee81160-3f45-597d-97ea-c7a1ad45d30a,aee81160-3f45-597d-97ea-c7a1ad45d30a,outline_direct,4431ab7b-17f3-4bc6-8ee4-691efbcdfdeb,netgear-rbk852.pdf,49,51,97,48,61444,63867,796336d7c33650af20167cb8d6d3804769ac9135e3ac88ef9ed9563548a41265,deterministic_direct_block_materialization,selected,
Q-082,4431ab7b-17f3-4bc6-8ee4-691efbcdfdeb:OUTLINE:55fef29c1f4c52fd,4431ab7b-17f3-4bc6-8ee4-691efbcdfdeb:OUTLINE:55fef29c1f4c52fd,Set up Internet port aggregation for Orbi router model RBR860,Specify Network Settings > Manage the WAN preference for Orbi router model RBR860 > Set up Internet port aggregation for Orbi router model RBR860,4431ab7b-17f3-4bc6-8ee4-691efbcdfdeb:a6546993-1d1a-5eb2-b616-d7c4995490a6,a6546993-1d1a-5eb2-b616-d7c4995490a6,outline_direct,4431ab7b-17f3-4bc6-8ee4-691efbcdfdeb,netgear-rbk852.pdf,68,69,139,69,86324,87729,d725dd82b4dc7f81b0ef9d2554434c6cdf0d8ecc1b3f4722b8ecf75d96e1fd4a,deterministic_direct_block_materialization,selected,
Q-083,4431ab7b-17f3-4bc6-8ee4-691efbcdfdeb:OUTLINE:2a664108b43fe7f3,4431ab7b-17f3-4bc6-8ee4-691efbcdfdeb:OUTLINE:2a664108b43fe7f3,Set up a static route,Specify Network Settings > Manage custom static routes > Set up a static route,4431ab7b-17f3-4bc6-8ee4-691efbcdfdeb:83b0f8da-6afa-5070-9d44-c12b3b247e8b,83b0f8da-6afa-5070-9d44-c12b3b247e8b,outline_direct,4431ab7b-17f3-4bc6-8ee4-691efbcdfdeb,netgear-rbk852.pdf,82,83,177,88,108291,109621,b9fa01bfe256c235fab3592c3e28de1896c9b2b3f68b153c635987b93da61b05,deterministic_direct_block_materialization,selected,
Q-084,4431ab7b-17f3-4bc6-8ee4-691efbcdfdeb:OUTLINE:3ca2cd659c51d159,4431ab7b-17f3-4bc6-8ee4-691efbcdfdeb:OUTLINE:3ca2cd659c51d159,Check your Internet bandwidth,Mantain and Monitor Your Network > Check your Internet bandwidth,4431ab7b-17f3-4bc6-8ee4-691efbcdfdeb:0121bbc3-46f8-588c-b9d6-e7e69974a9fe,0121bbc3-46f8-588c-b9d6-e7e69974a9fe,outline_direct,4431ab7b-17f3-4bc6-8ee4-691efbcdfdeb,netgear-rbk852.pdf,106,107,239,119,142103,142740,6fe8b1acca069da2bc4c599b138dfd57c4f9e0b419ad500d1bd4ecb809ffb6d3,deterministic_direct_block_materialization,selected,
Q-085,4431ab7b-17f3-4bc6-8ee4-691efbcdfdeb:OUTLINE:4961dff6fcaa17d5,4431ab7b-17f3-4bc6-8ee4-691efbcdfdeb:OUTLINE:4961dff6fcaa17d5,Block VPN client Internet access in the router,Use OpenVPN to Access Your Network > Use VPN to access your Internet service at home > Block VPN client Internet access in the router,4431ab7b-17f3-4bc6-8ee4-691efbcdfdeb:e8fbf22f-7fac-51cc-8b76-ef68177b1407,e8fbf22f-7fac-51cc-8b76-ef68177b1407,outline_direct,4431ab7b-17f3-4bc6-8ee4-691efbcdfdeb,netgear-rbk852.pdf,121,122,279,139,165136,166435,76e8cf7df6a9ac4c5017d1ad97e48e003e39e3be21c8c797c689f6b589df0fa6,deterministic_direct_block_materialization,selected,
Q-086,4431ab7b-17f3-4bc6-8ee4-691efbcdfdeb:OUTLINE:11e5a031343559ac,4431ab7b-17f3-4bc6-8ee4-691efbcdfdeb:OUTLINE:11e5a031343559ac,Set up port forwarding to a local server,Customize Internet Traffic Rules for Ports > Manage port forwarding to a local server > Set up port forwarding to a local server,4431ab7b-17f3-4bc6-8ee4-691efbcdfdeb:64c7ce15-7a5a-580d-adbe-160bed89ad0b,64c7ce15-7a5a-580d-adbe-160bed89ad0b,outline_direct,4431ab7b-17f3-4bc6-8ee4-691efbcdfdeb,netgear-rbk852.pdf,124,125,285,142,167173,168509,ca90a455a1d9e308a9ff320e4b32889d48bb358c5424fa6ff4cbba830d0fc270,deterministic_direct_block_materialization,selected,
Q-087,4431ab7b-17f3-4bc6-8ee4-691efbcdfdeb:OUTLINE:f67dde43cca3ccc5,4431ab7b-17f3-4bc6-8ee4-691efbcdfdeb:OUTLINE:f67dde43cca3ccc5,Sequence to restart your network,Troubleshooting > Quick tips > Sequence to restart your network,4431ab7b-17f3-4bc6-8ee4-691efbcdfdeb:594cc248-162e-5180-b1f6-243ea1c30a9e,594cc248-162e-5180-b1f6-243ea1c30a9e,outline_direct,4431ab7b-17f3-4bc6-8ee4-691efbcdfdeb,netgear-rbk852.pdf,133,133,309,154,181268,181477,891b21668113e31d1307effe63c2d35b213460d689e13214cd708d5e9a6e7fc8,deterministic_direct_block_materialization,selected,
Q-088,4431ab7b-17f3-4bc6-8ee4-691efbcdfdeb:OUTLINE:3d986da173d7e0d6,4431ab7b-17f3-4bc6-8ee4-691efbcdfdeb:OUTLINE:3d986da173d7e0d6,Test the path from your computer to a remote device,Troubleshooting > Troubleshoot your network using the ping utility > Test the path from your computer to a remote device,4431ab7b-17f3-4bc6-8ee4-691efbcdfdeb:8989f72f-c45f-5a19-b2ce-b190765e7b28,8989f72f-c45f-5a19-b2ce-b190765e7b28,outline_direct,4431ab7b-17f3-4bc6-8ee4-691efbcdfdeb,netgear-rbk852.pdf,139,140,331,165,190936,192608,30dcd5bbe2d62a48b46594b2e3eaa96936eb85843ce2e2403f8efb6530663696,deterministic_direct_block_materialization,selected,
Q-089,404fe683-4727-4c53-9c1d-9adf98a793c4:OUTLINE:89ac3ac6d4a7bbea,404fe683-4727-4c53-9c1d-9adf98a793c4:OUTLINE:89ac3ac6d4a7bbea,Unpack your router,Hardware Setup > Unpack your router,404fe683-4727-4c53-9c1d-9adf98a793c4:3252b308-2ca3-5fec-b98f-6d89b53b5bb2,3252b308-2ca3-5fec-b98f-6d89b53b5bb2,outline_direct,404fe683-4727-4c53-9c1d-9adf98a793c4,netgear-xr500.pdf,11,11,5,2,2279,2421,e76a8e94590dcd4c418f7fe26fb361a2ed812b34732bb67edff3fa059f1cdfc3,deterministic_direct_block_materialization,selected,
Q-090,404fe683-4727-4c53-9c1d-9adf98a793c4:OUTLINE:8c80cd632556e4e9,404fe683-4727-4c53-9c1d-9adf98a793c4:OUTLINE:8c80cd632556e4e9,Specify an Internet connection without a login,Specify Your Internet Settings > Manually set up the Internet connection > Specify an Internet connection without a login,404fe683-4727-4c53-9c1d-9adf98a793c4:cb248990-463a-5428-8ee2-082f71f0484e,cb248990-463a-5428-8ee2-082f71f0484e,outline_direct,404fe683-4727-4c53-9c1d-9adf98a793c4,netgear-xr500.pdf,28,30,49,24,21224,23536,b8bf094da58ea7f813153b2ab95e1a9c7f6ca4029fa9825896e24f1c28f5fbb7,deterministic_direct_block_materialization,selected,
Q-091,404fe683-4727-4c53-9c1d-9adf98a793c4:OUTLINE:404443cd868cae72,404fe683-4727-4c53-9c1d-9adf98a793c4:OUTLINE:404443cd868cae72,Prevent network congestion with Anti-Bufferbloat,Customize Quality of Service Settings and Optimize Gaming > Manage bandwidth allocation > Prevent network congestion with Anti-Bufferbloat,404fe683-4727-4c53-9c1d-9adf98a793c4:44b909e7-8fcd-5a49-bae0-e2be984df636,44b909e7-8fcd-5a49-bae0-e2be984df636,outline_direct,404fe683-4727-4c53-9c1d-9adf98a793c4,netgear-xr500.pdf,54,55,91,45,64393,67824,37468bdc6853bcca43bbf87ccdd55814a9f5a37c939f160c190d9dba1a7a6e68,deterministic_direct_block_materialization,selected,
Q-092,404fe683-4727-4c53-9c1d-9adf98a793c4:OUTLINE:74afed194cd3e540,404fe683-4727-4c53-9c1d-9adf98a793c4:OUTLINE:74afed194cd3e540,Prioritize traffic for a device and view prioritization information,Customize Quality of Service Settings and Optimize Gaming > Manage traffic prioritization > Prioritize traffic for a device and view prioritization information,404fe683-4727-4c53-9c1d-9adf98a793c4:d9934c94-0789-5258-8d3c-3482e84637b0,d9934c94-0789-5258-8d3c-3482e84637b0,outline_direct,404fe683-4727-4c53-9c1d-9adf98a793c4,netgear-xr500.pdf,59,61,101,50,74581,77813,0802d9a66a56ad617abe039dfb9e310abe8d1d885670001e5040bb56c653ee14,deterministic_direct_block_materialization,selected,
Q-093,404fe683-4727-4c53-9c1d-9adf98a793c4:OUTLINE:fb4e7790552c591a,404fe683-4727-4c53-9c1d-9adf98a793c4:OUTLINE:fb4e7790552c591a,Change a reserved IP address,Manage the Router’s Network Settings > Manage reserved LAN IP addresses > Change a reserved IP address,404fe683-4727-4c53-9c1d-9adf98a793c4:e3bace6b-5d07-5dcc-8041-f1933c6cd04f,e3bace6b-5d07-5dcc-8041-f1933c6cd04f,outline_direct,404fe683-4727-4c53-9c1d-9adf98a793c4,netgear-xr500.pdf,89,90,159,79,120600,121443,41b48503260423eae6fbc975a06cf22ce770a559e9fb3f93e712bd53d8ab08c2,deterministic_direct_block_materialization,selected,
Q-094,404fe683-4727-4c53-9c1d-9adf98a793c4:OUTLINE:2a1f86ae07dbb7ba,404fe683-4727-4c53-9c1d-9adf98a793c4:OUTLINE:2a1f86ae07dbb7ba,Configure WPA/WPA2 enterprise WiFi security,Manage the Router’s WiFi Settings > Configure WPA/WPA2 enterprise WiFi security,404fe683-4727-4c53-9c1d-9adf98a793c4:e8550a88-ca9e-5dc2-8bb3-4dd7ff222c8d,e8550a88-ca9e-5dc2-8bb3-4dd7ff222c8d,outline_direct,404fe683-4727-4c53-9c1d-9adf98a793c4,netgear-xr500.pdf,106,108,191,95,146990,150014,528c53d866cf65b0ede9543673cce46960505c1cf93fe7bb57133cd72ba9a10e,deterministic_direct_block_materialization,selected,
Q-095,404fe683-4727-4c53-9c1d-9adf98a793c4:OUTLINE:9605907c7bf37548,404fe683-4727-4c53-9c1d-9adf98a793c4:OUTLINE:9605907c7bf37548,Approve USB devices,Share USB Storage Devices Attached to the Router > Approve USB devices,404fe683-4727-4c53-9c1d-9adf98a793c4:dee55ef8-729a-51e5-9b1c-29cce4910ea6,dee55ef8-729a-51e5-9b1c-29cce4910ea6,outline_direct,404fe683-4727-4c53-9c1d-9adf98a793c4,netgear-xr500.pdf,152,153,305,152,217096,218671,e65f4ec05ae51294c7105def6a3021980815f506d573d38c812ab5dc21bcf5e7,deterministic_direct_block_materialization,selected,
Q-096,404fe683-4727-4c53-9c1d-9adf98a793c4:OUTLINE:6096909eb580ff0a,404fe683-4727-4c53-9c1d-9adf98a793c4:OUTLINE:6096909eb580ff0a,Set up FTP access through the Internet,Use Dynamic DNS to Access USB Storage Devices Through the Internet > Access USB storage devices through the Internet > Set up FTP access through the Internet,404fe683-4727-4c53-9c1d-9adf98a793c4:1d4788df-374d-52e0-a31b-c406a91abfcc,1d4788df-374d-52e0-a31b-c406a91abfcc,outline_direct,404fe683-4727-4c53-9c1d-9adf98a793c4,netgear-xr500.pdf,161,161,327,163,228296,229387,13019c4f96e9efebeef92adfc07923cd19e56c27538309324b327f2a38d37bf4,deterministic_direct_block_materialization,selected,
Q-097,404fe683-4727-4c53-9c1d-9adf98a793c4:OUTLINE:3dba8dc2dd4b2305,404fe683-4727-4c53-9c1d-9adf98a793c4:OUTLINE:3dba8dc2dd4b2305,Use FTP to access storage devices through the Internet,Use Dynamic DNS to Access USB Storage Devices Through the Internet > Access USB storage devices through the Internet > Use FTP to access storage devices through the Internet,404fe683-4727-4c53-9c1d-9adf98a793c4:9c7f8f5e-dadb-5ed0-b8be-baa2f11349a8,9c7f8f5e-dadb-5ed0-b8be-baa2f11349a8,outline_direct,404fe683-4727-4c53-9c1d-9adf98a793c4,netgear-xr500.pdf,162,162,329,164,229388,230748,722f8069b29e06421dd026ff485257c2501caf3454403012aca77b73cae7405e,deterministic_direct_block_materialization,selected,
Q-098,404fe683-4727-4c53-9c1d-9adf98a793c4:OUTLINE:65bda46f8a067355,404fe683-4727-4c53-9c1d-9adf98a793c4:OUTLINE:65bda46f8a067355,Install OpenVPN software on an Android device,Use OpenVPN to Access Your Network > Install OpenVPN software on a VPN client > Install OpenVPN software on an Android device,404fe683-4727-4c53-9c1d-9adf98a793c4:65a39d84-6b18-50df-b32a-a7d46fbe2cfc,65a39d84-6b18-50df-b32a-a7d46fbe2cfc,outline_direct,404fe683-4727-4c53-9c1d-9adf98a793c4,netgear-xr500.pdf,180,180,367,183,254225,255763,79a2fec16a09b4f0fc306fc21cc4c9b585bf73583509e398ce3457de11465b81,deterministic_direct_block_materialization,selected,
Q-099,404fe683-4727-4c53-9c1d-9adf98a793c4:OUTLINE:f34b65066a692479,404fe683-4727-4c53-9c1d-9adf98a793c4:OUTLINE:f34b65066a692479,Enable the VPN client in the router and connect to a VPN server,Use VPN to Access An External Network > Enable the VPN client in the router and connect to a VPN server,404fe683-4727-4c53-9c1d-9adf98a793c4:36995834-66ad-5975-9724-aa9f228f5502,36995834-66ad-5975-9724-aa9f228f5502,outline_direct,404fe683-4727-4c53-9c1d-9adf98a793c4,netgear-xr500.pdf,185,187,383,191,262861,265743,622c0b2e33eb07787a6152277ba7512e591c309e52349bd12104775d102049cf,deterministic_direct_block_materialization,selected,
Q-100,404fe683-4727-4c53-9c1d-9adf98a793c4:OUTLINE:dd5db5544af2935a,404fe683-4727-4c53-9c1d-9adf98a793c4:OUTLINE:dd5db5544af2935a,Add a port triggering service or application,Manage and Customize Internet Traffic Rules for Ports > Manage port triggering for services and applications > Add a port triggering service or application,404fe683-4727-4c53-9c1d-9adf98a793c4:75118c37-2376-50c5-b907-2ae6d10da16e,75118c37-2376-50c5-b907-2ae6d10da16e,outline_direct,404fe683-4727-4c53-9c1d-9adf98a793c4,netgear-xr500.pdf,194,195,405,202,275585,277471,e014f3afa17b843e8ada2f2db5c99d03405b80090e28509347937b2eecc8e863,deterministic_direct_block_materialization,selected,
Q-101,7b2e79c5-ed95-43f3-bb4b-e882e3bfeefa:OUTLINE:e271e0b47a14e4d5,7b2e79c5-ed95-43f3-bb4b-e882e3bfeefa:OUTLINE:e271e0b47a14e4d5,Rear Panel,Hardware Setup > Rear Panel,7b2e79c5-ed95-43f3-bb4b-e882e3bfeefa:724d26e2-ed75-5043-b025-de4c01da0714,724d26e2-ed75-5043-b025-de4c01da0714,outline_direct,7b2e79c5-ed95-43f3-bb4b-e882e3bfeefa,netgear-cm2000.pdf,6,8,7,3,3082,3903,789caa6c576f1a2a97ebc15ca27c23fc94df0dcbfa16d93b1562f82773e65561,deterministic_direct_block_materialization,selected,
Q-102,7b2e79c5-ed95-43f3-bb4b-e882e3bfeefa:OUTLINE:7cd40e7c102d4666,7b2e79c5-ed95-43f3-bb4b-e882e3bfeefa:OUTLINE:7cd40e7c102d4666,Label,Hardware Setup > Label,7b2e79c5-ed95-43f3-bb4b-e882e3bfeefa:b9899548-cfa5-5bb4-8284-7d82e663abd1,b9899548-cfa5-5bb4-8284-7d82e663abd1,outline_direct,7b2e79c5-ed95-43f3-bb4b-e882e3bfeefa,netgear-cm2000.pdf,8,8,9,4,3904,4014,51cf2eeb6cc7ea5ea235473e16e012fcbd1e3d215b491bddcaa153b1d075640d,deterministic_direct_block_materialization,selected,
Q-103,7b2e79c5-ed95-43f3-bb4b-e882e3bfeefa:OUTLINE:4b622d7b00d4e652,7b2e79c5-ed95-43f3-bb4b-e882e3bfeefa:OUTLINE:4b622d7b00d4e652,Connect Your Cable Modem to a Router After Installation and Activation,Hardware Setup > Install and Activate Your Cable Modem > Connect Your Cable Modem to a Router After Installation and Activation,7b2e79c5-ed95-43f3-bb4b-e882e3bfeefa:8fd1b794-0507-59d3-88fa-2209736ef6da,8fd1b794-0507-59d3-88fa-2209736ef6da,outline_direct,7b2e79c5-ed95-43f3-bb4b-e882e3bfeefa,netgear-cm2000.pdf,11,12,21,10,8022,8727,984c256bd82d3586119d6c2e8b6690ca7dc0c6c13f456eb6bddbaaf0d757f80f,deterministic_direct_block_materialization,selected,
Q-104,7b2e79c5-ed95-43f3-bb4b-e882e3bfeefa:OUTLINE:98f6c2f591f61009,7b2e79c5-ed95-43f3-bb4b-e882e3bfeefa:OUTLINE:98f6c2f591f61009,Change the admin password,Manage Your Network > Change the admin password,7b2e79c5-ed95-43f3-bb4b-e882e3bfeefa:0de5a970-8b6a-5e57-ba98-6f57671a841c,0de5a970-8b6a-5e57-ba98-6f57671a841c,outline_direct,7b2e79c5-ed95-43f3-bb4b-e882e3bfeefa,netgear-cm2000.pdf,14,15,27,13,9924,10888,6039810af018c96b45a71c1e749efbc27f6e466b7708794ed42b402081bf4715,deterministic_direct_block_materialization,selected,
Q-105,7b2e79c5-ed95-43f3-bb4b-e882e3bfeefa:OUTLINE:6a53389304868c8b,7b2e79c5-ed95-43f3-bb4b-e882e3bfeefa:OUTLINE:6a53389304868c8b,View cable modem initialization,Manage Your Network > View cable modem initialization,7b2e79c5-ed95-43f3-bb4b-e882e3bfeefa:eb2ebf98-481f-54be-b4a3-56ea1bdf5749,eb2ebf98-481f-54be-b4a3-56ea1bdf5749,outline_direct,7b2e79c5-ed95-43f3-bb4b-e882e3bfeefa,netgear-cm2000.pdf,15,15,29,14,10889,12112,3734cff333151c76cc7f7604c8704dd37bfeb3bd221a89cd39c083eaaebb47ce,deterministic_direct_block_materialization,selected,
Q-106,7b2e79c5-ed95-43f3-bb4b-e882e3bfeefa:OUTLINE:922aff4d97250b1a,7b2e79c5-ed95-43f3-bb4b-e882e3bfeefa:OUTLINE:922aff4d97250b1a,Use the factory reset software button,Manage Your Network > Reset the cable modem to factory default settings > Use the factory reset software button,7b2e79c5-ed95-43f3-bb4b-e882e3bfeefa:62f9a09d-d5a8-5805-8b92-4d0be62383ce,62f9a09d-d5a8-5805-8b92-4d0be62383ce,outline_direct,7b2e79c5-ed95-43f3-bb4b-e882e3bfeefa,netgear-cm2000.pdf,19,19,43,21,16014,17042,adc7d9b39498ad8cd3da2af0211c244ca8d6576d593d5f0e0e383024e126ad79,deterministic_direct_block_materialization,selected,
Q-107,7b2e79c5-ed95-43f3-bb4b-e882e3bfeefa:OUTLINE:25d276b399cc0e63,7b2e79c5-ed95-43f3-bb4b-e882e3bfeefa:OUTLINE:25d276b399cc0e63,Use the reset button on the back panel,Manage Your Network > Reset the cable modem to factory default settings > Use the reset button on the back panel,7b2e79c5-ed95-43f3-bb4b-e882e3bfeefa:c5c4c17f-c329-5b9c-837f-7d33e641682f,c5c4c17f-c329-5b9c-837f-7d33e641682f,outline_direct,7b2e79c5-ed95-43f3-bb4b-e882e3bfeefa,netgear-cm2000.pdf,19,19,41,20,15580,16013,19fa53194e51a55a84d3682a497a47bb958a84f02aa6c34153a96b4240ee7ce8,deterministic_direct_block_materialization,selected,
Q-108,7b2e79c5-ed95-43f3-bb4b-e882e3bfeefa:OUTLINE:a071a10fef9360ce,7b2e79c5-ed95-43f3-bb4b-e882e3bfeefa:OUTLINE:a071a10fef9360ce,Cannot log in to the cable modem,Troubleshooting > Cannot log in to the cable modem,7b2e79c5-ed95-43f3-bb4b-e882e3bfeefa:85bd9c8e-a264-5649-acbc-73648b7ce861,85bd9c8e-a264-5649-acbc-73648b7ce861,outline_direct,7b2e79c5-ed95-43f3-bb4b-e882e3bfeefa,netgear-cm2000.pdf,23,23,49,24,19004,20174,c7d88940b84daffef473841390cf3c7bfdfe0f719671563d0a18f6493381b87c,deterministic_direct_block_materialization,selected,
Q-109,7b2e79c5-ed95-43f3-bb4b-e882e3bfeefa:OUTLINE:b934612f8b7cd99e,7b2e79c5-ed95-43f3-bb4b-e882e3bfeefa:OUTLINE:b934612f8b7cd99e,Technical Specifications,Supplemental Information > Technical Specifications,7b2e79c5-ed95-43f3-bb4b-e882e3bfeefa:88695618-cf2a-5bf0-9a58-da1167d8f0c6,88695618-cf2a-5bf0-9a58-da1167d8f0c6,outline_direct,7b2e79c5-ed95-43f3-bb4b-e882e3bfeefa,netgear-cm2000.pdf,25,26,57,28,20895,21653,b9c799c102b46f52139fd22876a4182ecc7875f78e1798f1bffff2e394d4fe09,deterministic_direct_block_materialization,selected,
Q-110,398c0bb9-3253-4629-a5ed-18f51d9fb36b:OUTLINE:9238290c613deeba,398c0bb9-3253-4629-a5ed-18f51d9fb36b:OUTLINE:9238290c613deeba,Install the Nano SIM Card,Introduction and Hardware Overview > Install the Nano SIM Card,398c0bb9-3253-4629-a5ed-18f51d9fb36b:37f50132-32d9-5fb0-a62d-366e401ac417,37f50132-32d9-5fb0-a62d-366e401ac417,outline_direct,398c0bb9-3253-4629-a5ed-18f51d9fb36b,netgear-lm1200.pdf,10,10,13,6,5794,6159,0cc20936eeee2853c774dc301e4ac8234f84eb8d9af9d9a8ee0e5dc6f20c83a4,deterministic_direct_block_materialization,selected,
Q-111,398c0bb9-3253-4629-a5ed-18f51d9fb36b:OUTLINE:48e34928377b828f,398c0bb9-3253-4629-a5ed-18f51d9fb36b:OUTLINE:48e34928377b828f,Connect a Computer to the LAN Port of the Modem,"Get Started > Connect a Computer, Switch, Hub, Router, or WiFi Router to the Modem > Connect a Computer to the LAN Port of the Modem",398c0bb9-3253-4629-a5ed-18f51d9fb36b:36789817-932f-55f7-9c50-bb45d2df0cbe,36789817-932f-55f7-9c50-bb45d2df0cbe,outline_direct,398c0bb9-3253-4629-a5ed-18f51d9fb36b,netgear-lm1200.pdf,19,19,33,16,16538,16881,75df87898f76102c1891c61eab3ab38b60683591a879d8387d9804ee90b8df95,deterministic_direct_block_materialization,selected,
Q-112,398c0bb9-3253-4629-a5ed-18f51d9fb36b:OUTLINE:38b50e33ee1e7189,398c0bb9-3253-4629-a5ed-18f51d9fb36b:OUTLINE:38b50e33ee1e7189,Change the DHCP Server Settings,Manage the Modem LAN Settings > Change the DHCP Server Settings,398c0bb9-3253-4629-a5ed-18f51d9fb36b:fa675707-eec3-5dae-b80f-46a21238adcf,fa675707-eec3-5dae-b80f-46a21238adcf,outline_direct,398c0bb9-3253-4629-a5ed-18f51d9fb36b,netgear-lm1200.pdf,28,30,47,23,25629,29203,afc225317f967f6f6240eddb65ccfa054002c60e0f25df9807302e63f277382d,deterministic_direct_block_materialization,selected,
Q-113,398c0bb9-3253-4629-a5ed-18f51d9fb36b:OUTLINE:88b9a28663a8f104,398c0bb9-3253-4629-a5ed-18f51d9fb36b:OUTLINE:88b9a28663a8f104,Manually Connect to or Disconnect From the Mobile Broadband Network,Manage the Mobile Broadband Connection > Manually Connect to or Disconnect From the Mobile Broadband Network,398c0bb9-3253-4629-a5ed-18f51d9fb36b:cf1f57e0-473a-57f3-8d91-a52b0070e80b,cf1f57e0-473a-57f3-8d91-a52b0070e80b,outline_direct,398c0bb9-3253-4629-a5ed-18f51d9fb36b,netgear-lm1200.pdf,36,37,59,29,36196,37444,ec545eca3f07d66176a2e7666a88329560e11cfcfbbbb969a3306be2cdfcab49,deterministic_direct_block_materialization,selected,
Q-114,398c0bb9-3253-4629-a5ed-18f51d9fb36b:OUTLINE:86696f313ad41e44,398c0bb9-3253-4629-a5ed-18f51d9fb36b:OUTLINE:86696f313ad41e44,Remove a Service or Application for Port Forwarding,Secure Your Network > Manage Port Forwarding for Incoming Traffic > Remove a Service or Application for Port Forwarding,398c0bb9-3253-4629-a5ed-18f51d9fb36b:72dd6f50-8da8-5970-b90b-3a0719762e64,72dd6f50-8da8-5970-b90b-3a0719762e64,outline_direct,398c0bb9-3253-4629-a5ed-18f51d9fb36b,netgear-lm1200.pdf,46,47,79,39,49983,51094,194d6f1b7d155a382cb006a1a2aa086111e27c3e921af0697328eac0079856cb,deterministic_direct_block_materialization,selected,
Q-115,398c0bb9-3253-4629-a5ed-18f51d9fb36b:OUTLINE:f8bc4360594722fe,398c0bb9-3253-4629-a5ed-18f51d9fb36b:OUTLINE:f8bc4360594722fe,Disable SIM Card Security,Secure Your Network > Manage SIM Card Security > Disable SIM Card Security,398c0bb9-3253-4629-a5ed-18f51d9fb36b:eb06abbc-3f74-5ddc-bfd6-17572beb2155,eb06abbc-3f74-5ddc-bfd6-17572beb2155,outline_direct,398c0bb9-3253-4629-a5ed-18f51d9fb36b,netgear-lm1200.pdf,60,61,103,51,67664,69338,8380a54f0307d901294495fa249481c2d27c9bd910126e541e2e19659961c61b,deterministic_direct_block_materialization,selected,
Q-116,398c0bb9-3253-4629-a5ed-18f51d9fb36b:OUTLINE:65329abb6d0ed1e0,398c0bb9-3253-4629-a5ed-18f51d9fb36b:OUTLINE:65329abb6d0ed1e0,View Monthly Data and Session Data Usage,Manage the Modem and Monitor Usage and the Network > View Monthly Data and Session Data Usage,398c0bb9-3253-4629-a5ed-18f51d9fb36b:7e1a62c7-f256-5d08-a456-a62949c30491,7e1a62c7-f256-5d08-a456-a62949c30491,outline_direct,398c0bb9-3253-4629-a5ed-18f51d9fb36b,netgear-lm1200.pdf,69,70,123,61,79457,81168,b47c8d03a7055446990a0c2df6fbf3abceaca16a05fa217a3d2dc3a492a7a629,deterministic_direct_block_materialization,selected,
Q-117,398c0bb9-3253-4629-a5ed-18f51d9fb36b:OUTLINE:623d8b68d20208e6,398c0bb9-3253-4629-a5ed-18f51d9fb36b:OUTLINE:623d8b68d20208e6,How do I access the modem’s web pages?,Frequently Asked Questions > How do I access the modem’s web pages?,398c0bb9-3253-4629-a5ed-18f51d9fb36b:43434cb0-0be2-5d97-be19-dfb7256b7c44,43434cb0-0be2-5d97-be19-dfb7256b7c44,outline_direct,398c0bb9-3253-4629-a5ed-18f51d9fb36b,netgear-lm1200.pdf,84,84,155,77,97646,97764,43ffb188b5ea875b25a10b60be2e3de88275ebf211b64d9844788f2140b9e0e3,deterministic_direct_block_materialization,selected,
Q-118,398c0bb9-3253-4629-a5ed-18f51d9fb36b:OUTLINE:6359ba84b27768d6,398c0bb9-3253-4629-a5ed-18f51d9fb36b:OUTLINE:6359ba84b27768d6,Quick Tips for Troubleshooting,Alerts and Troubleshooting > Quick Tips for Troubleshooting,398c0bb9-3253-4629-a5ed-18f51d9fb36b:82ef2627-a58c-55ae-ab74-3f865a33e979,82ef2627-a58c-55ae-ab74-3f865a33e979,outline_direct,398c0bb9-3253-4629-a5ed-18f51d9fb36b,netgear-lm1200.pdf,91,92,173,86,105878,106951,44af55f2f50fd024a53f14f3c54e4e48a4d9f8046ecb4fc5e4b6ed626a0a8b71,deterministic_direct_block_materialization,selected,
Q-119,398c0bb9-3253-4629-a5ed-18f51d9fb36b:OUTLINE:540f7aed0e05d214,398c0bb9-3253-4629-a5ed-18f51d9fb36b:OUTLINE:540f7aed0e05d214,Obtain an Internet IP Address From Your Service Provider,Alerts and Troubleshooting > Troubleshoot the Mobile Broadband Internet Connection > Obtain an Internet IP Address From Your Service Provider,398c0bb9-3253-4629-a5ed-18f51d9fb36b:6f442d4b-b8ba-5fe7-b4e9-9e90463dc194,6f442d4b-b8ba-5fe7-b4e9-9e90463dc194,outline_direct,398c0bb9-3253-4629-a5ed-18f51d9fb36b,netgear-lm1200.pdf,95,96,187,93,112116,113014,031c51a6d94bb075206dfbf2328b9818af2ba34fdf411812cee0cf8204428a33,deterministic_direct_block_materialization,selected,
Q-120,d363d52d-99b4-4258-9e83-eca4fbdf4722:OUTLINE:d0ee27b3b2631033,d363d52d-99b4-4258-9e83-eca4fbdf4722:OUTLINE:d0ee27b3b2631033,Specify an Internet connection that uses a login and PPPoE service,Specify Your Internet Settings > Manually set up the Internet connection > Specify an Internet connection that uses a login and PPPoE service,d363d52d-99b4-4258-9e83-eca4fbdf4722:1190a45f-877b-5cd2-a8d9-5ab1c390c374,1190a45f-877b-5cd2-a8d9-5ab1c390c374,outline_direct,d363d52d-99b4-4258-9e83-eca4fbdf4722,netgear-r6350.pdf,27,28,49,24,19132,22311,af4ba9414270ebfdf3f0168379d0f1984e1c9b7c1755723625f15d2f029e757c,deterministic_direct_block_materialization,selected,
Q-121,d363d52d-99b4-4258-9e83-eca4fbdf4722:OUTLINE:d330686b16c734af,d363d52d-99b4-4258-9e83-eca4fbdf4722:OUTLINE:d330686b16c734af,Set up an IPv6 6to4 tunnel Internet connection,Specify Your Internet Settings > Specify IPv6 Internet connections > Set up an IPv6 6to4 tunnel Internet connection,d363d52d-99b4-4258-9e83-eca4fbdf4722:ad49e55f-a53b-5c41-8bf1-a36c022c9b3b,ad49e55f-a53b-5c41-8bf1-a36c022c9b3b,outline_direct,d363d52d-99b4-4258-9e83-eca4fbdf4722,netgear-r6350.pdf,34,35,61,30,31905,34453,0cebf279643f8a4126817eb3dcb1b875354b2e0b0d79d1afdd18146920a1eda4,deterministic_direct_block_materialization,selected,
Q-122,d363d52d-99b4-4258-9e83-eca4fbdf4722:OUTLINE:fac12b6c6fd62dc2,d363d52d-99b4-4258-9e83-eca4fbdf4722:OUTLINE:fac12b6c6fd62dc2,Change the MTU size,Specify Your Internet Settings > Manage the MTU size > Change the MTU size,d363d52d-99b4-4258-9e83-eca4fbdf4722:d4e1d4fc-7655-51fc-8d81-af75a4b11734,d4e1d4fc-7655-51fc-8d81-af75a4b11734,outline_direct,d363d52d-99b4-4258-9e83-eca4fbdf4722,netgear-r6350.pdf,43,43,77,38,48727,49776,9583428f5e0f6fb22bd55c13791c5f26cc0148c73f8b4ecc1de3e95a3fd2c78a,deterministic_direct_block_materialization,selected,
Q-123,d363d52d-99b4-4258-9e83-eca4fbdf4722:OUTLINE:f870b0410fe0711a,d363d52d-99b4-4258-9e83-eca4fbdf4722:OUTLINE:f870b0410fe0711a,Remove a QoS Rule,Optimize Performance > Manage Default and Custom QoS Rules > Remove a QoS Rule,d363d52d-99b4-4258-9e83-eca4fbdf4722:31b5dd16-326a-5e79-817f-c2585e0248a2,31b5dd16-326a-5e79-817f-c2585e0248a2,outline_direct,d363d52d-99b4-4258-9e83-eca4fbdf4722,netgear-r6350.pdf,49,49,91,45,56451,57231,07b5d5695e1f18376ec8bf7a5b1e7f2e4fd18fbcbfeb54a048695a89707ed3a4,deterministic_direct_block_materialization,selected,
Q-124,d363d52d-99b4-4258-9e83-eca4fbdf4722:OUTLINE:8ea5c049a8abf47b,d363d52d-99b4-4258-9e83-eca4fbdf4722:OUTLINE:8ea5c049a8abf47b,Manage Access to a Storage Device,Share USB Storage Devices Attached to the Router > Manage Access to a Storage Device,d363d52d-99b4-4258-9e83-eca4fbdf4722:0528f0b9-15e5-5482-9a68-0f02d2d61d68,0528f0b9-15e5-5482-9a68-0f02d2d61d68,outline_direct,d363d52d-99b4-4258-9e83-eca4fbdf4722,netgear-r6350.pdf,97,98,183,91,133906,137774,08f4d9f12033439bb5512ea34cac482ddded8096d4b370d4eb4da09eed587a66,deterministic_direct_block_materialization,selected,
Q-125,d363d52d-99b4-4258-9e83-eca4fbdf4722:OUTLINE:902cbde304aea84b,d363d52d-99b4-4258-9e83-eca4fbdf4722:OUTLINE:902cbde304aea84b,Edit a network folder on a USB storage device,Share USB Storage Devices Attached to the Router > Edit a network folder on a USB storage device,d363d52d-99b4-4258-9e83-eca4fbdf4722:12d6aaad-d982-5f95-8b7d-63ba7706aba5,12d6aaad-d982-5f95-8b7d-63ba7706aba5,outline_direct,d363d52d-99b4-4258-9e83-eca4fbdf4722,netgear-r6350.pdf,101,102,191,95,141687,142546,d883497ebd2be653dd851240c6f3129c31cec9f83c995900436babfc5cc11298,deterministic_direct_block_materialization,selected,
Q-126,d363d52d-99b4-4258-9e83-eca4fbdf4722:OUTLINE:c27c0cf701a42141,d363d52d-99b4-4258-9e83-eca4fbdf4722:OUTLINE:c27c0cf701a42141,Manage VPN Pass-Through,Manage the WAN and LAN Network Settings > Manage VPN Pass-Through,d363d52d-99b4-4258-9e83-eca4fbdf4722:3fbed70d-f242-5a78-90cc-f0f2674fe5f7,3fbed70d-f242-5a78-90cc-f0f2674fe5f7,outline_direct,d363d52d-99b4-4258-9e83-eca4fbdf4722,netgear-r6350.pdf,119,119,235,117,164353,165394,d1884c13ebbdbe7dd336d794edfa686b651c3b9c061a29316f4322604cff3235,deterministic_direct_block_materialization,selected,
Q-127,d363d52d-99b4-4258-9e83-eca4fbdf4722:OUTLINE:5283c300a58533cf,d363d52d-99b4-4258-9e83-eca4fbdf4722:OUTLINE:5283c300a58533cf,Set Up a Bridge for a Port Group,Manage the WAN and LAN Network Settings > Set Up a Bridge for a Port Group or VLAN Tag Group > Set Up a Bridge for a Port Group,d363d52d-99b4-4258-9e83-eca4fbdf4722:92de127d-5c3f-5d2a-a801-234fc3e5b014,92de127d-5c3f-5d2a-a801-234fc3e5b014,outline_direct,d363d52d-99b4-4258-9e83-eca4fbdf4722,netgear-r6350.pdf,131,131,267,133,181874,183553,2c5f83df71df05c8fe6eab446b60ae53faff568d503e9d54d550f319a6c874a4,deterministic_direct_block_materialization,selected,
Q-128,d363d52d-99b4-4258-9e83-eca4fbdf4722:OUTLINE:759d64cd684a03d3,d363d52d-99b4-4258-9e83-eca4fbdf4722:OUTLINE:759d64cd684a03d3,Check for new firmware and update the router,Manage Your Router > Update the router firmware > Check for new firmware and update the router,d363d52d-99b4-4258-9e83-eca4fbdf4722:2a3ade55-f893-5d78-8ead-3ff6b3d197c7,2a3ade55-f893-5d78-8ead-3ff6b3d197c7,outline_direct,d363d52d-99b4-4258-9e83-eca4fbdf4722,netgear-r6350.pdf,135,136,275,137,186574,188155,879abc1b8636e5f8701374ad42a5cc1a3b71293c1c94525ea670acd273e27a43,deterministic_direct_block_materialization,selected,
Q-129,d363d52d-99b4-4258-9e83-eca4fbdf4722:OUTLINE:c406dcd0d505ed73,d363d52d-99b4-4258-9e83-eca4fbdf4722:OUTLINE:c406dcd0d505ed73,Disable or Enable LED Blinking or Turn Off LEDs,Manage Your Router > Disable or Enable LED Blinking or Turn Off LEDs,d363d52d-99b4-4258-9e83-eca4fbdf4722:5a7fc3bd-5bd0-57b2-944d-5a981598dcf7,5a7fc3bd-5bd0-57b2-944d-5a981598dcf7,outline_direct,d363d52d-99b4-4258-9e83-eca4fbdf4722,netgear-r6350.pdf,140,141,291,145,194190,195377,4016cd50e600429929c1fde86ee2b44c38fff4926d1ae9fb5b518adfeaf4808c,deterministic_direct_block_materialization,selected,
Q-130,d363d52d-99b4-4258-9e83-eca4fbdf4722:OUTLINE:aaa110d73c5ebaf9,d363d52d-99b4-4258-9e83-eca4fbdf4722:OUTLINE:aaa110d73c5ebaf9,Install OpenVPN Software on an Android Device,Use VPN to Access Your Network > Install OpenVPN software > Install OpenVPN Software on an Android Device,d363d52d-99b4-4258-9e83-eca4fbdf4722:006d8e6b-77f6-54fa-826b-6d417979808f,006d8e6b-77f6-54fa-826b-6d417979808f,outline_direct,d363d52d-99b4-4258-9e83-eca4fbdf4722,netgear-r6350.pdf,172,172,367,183,242146,243494,41b93beec5f999e952be7421274d10496f460dd2e23f42086f032689753450bb,deterministic_direct_block_materialization,selected,
Q-131,d363d52d-99b4-4258-9e83-eca4fbdf4722:OUTLINE:6ca762548278f56e,d363d52d-99b4-4258-9e83-eca4fbdf4722:OUTLINE:6ca762548278f56e,Troubleshoot Internet browsing,Troubleshooting > Troubleshoot Internet browsing,d363d52d-99b4-4258-9e83-eca4fbdf4722:818e0932-f3ff-5602-b5b9-5f1d94d353ed,818e0932-f3ff-5602-b5b9-5f1d94d353ed,outline_direct,d363d52d-99b4-4258-9e83-eca4fbdf4722,netgear-r6350.pdf,194,195,435,217,278131,279260,f1122ce457d9b97cc66f71ff743505a86ddca8908189ac485db1629488e65b51,deterministic_direct_block_materialization,selected,
Q-132,8a56b2bf-5d68-4806-abb7-de39894bb404:OUTLINE:0cc5c443004437fd,8a56b2bf-5d68-4806-abb7-de39894bb404:OUTLINE:0cc5c443004437fd,Wired Connection,Connect to the Network and Access the Router > Connect to the Network > Wired Connection,8a56b2bf-5d68-4806-abb7-de39894bb404:cf6a9c70-f40a-521b-8ee5-c0a7ff8c1279,cf6a9c70-f40a-521b-8ee5-c0a7ff8c1279,outline_direct,8a56b2bf-5d68-4806-abb7-de39894bb404,netgear-r7000.pdf,19,19,23,11,8480,8936,7d84c41109d3a81e082038be3ca7df5b452afd13e15b0d4151115d602d7e945d,deterministic_direct_block_materialization,selected,
Q-133,8a56b2bf-5d68-4806-abb7-de39894bb404:OUTLINE:615f1a78bd39eb84,8a56b2bf-5d68-4806-abb7-de39894bb404:OUTLINE:615f1a78bd39eb84,Use the Internet Setup Wizard,Specify Your Internet Settings > Use the Internet Setup Wizard,8a56b2bf-5d68-4806-abb7-de39894bb404:9213a4bb-497e-56d3-be43-8791bb53a54e,9213a4bb-497e-56d3-be43-8791bb53a54e,outline_direct,8a56b2bf-5d68-4806-abb7-de39894bb404,netgear-r7000.pdf,25,25,43,21,16589,17620,490076e8ca9568d1e9b040b79181210488b9a5bfc87da5e85885186e54723667,deterministic_direct_block_materialization,selected,
Q-134,8a56b2bf-5d68-4806-abb7-de39894bb404:OUTLINE:f4bd6a547d16c31d,8a56b2bf-5d68-4806-abb7-de39894bb404:OUTLINE:f4bd6a547d16c31d,Add a QoS Rule by LAN pot,Optimize Performance > Optimize Internet Streaming With Dynamic QoS > Enable Advanced QoS and Manually Set Up QoS Rules > Add a QoS Rule by LAN pot,8a56b2bf-5d68-4806-abb7-de39894bb404:8aecb252-6293-553d-8e28-ef7b756f0c82,8aecb252-6293-553d-8e28-ef7b756f0c82,outline_direct,8a56b2bf-5d68-4806-abb7-de39894bb404,netgear-r7000.pdf,56,57,105,52,63107,64096,c44c35eb4d739ef5e16b291a77f1bc8db15ba6670ea29fbe989bc71dd3a320ef,deterministic_direct_block_materialization,selected,
Q-135,8a56b2bf-5d68-4806-abb7-de39894bb404:OUTLINE:08da0d3cf6f7d113,8a56b2bf-5d68-4806-abb7-de39894bb404:OUTLINE:08da0d3cf6f7d113,Improve Network Connections With Universal Plug-N-Play,Optimize Performance > Improve Network Connections With Universal Plug-N-Play,8a56b2bf-5d68-4806-abb7-de39894bb404:54a5ae0e-dabe-533f-8906-cd65b27661ec,54a5ae0e-dabe-533f-8906-cd65b27661ec,outline_direct,8a56b2bf-5d68-4806-abb7-de39894bb404,netgear-r7000.pdf,61,62,117,58,68463,70909,ae5b005cefb8ce9ecc9b7b1d9b87a0bc9c678d5ea45d68be44e0dd748c3d9bfc,deterministic_direct_block_materialization,selected,
Q-136,8a56b2bf-5d68-4806-abb7-de39894bb404:OUTLINE:2b84714e210fd033,8a56b2bf-5d68-4806-abb7-de39894bb404:OUTLINE:2b84714e210fd033,Check the Internet Connection Status,Manage Your Router > Check the Internet Connection Status,8a56b2bf-5d68-4806-abb7-de39894bb404:537310b8-39d1-57ca-81f0-ddddc2ad9916,537310b8-39d1-57ca-81f0-ddddc2ad9916,outline_direct,8a56b2bf-5d68-4806-abb7-de39894bb404,netgear-r7000.pdf,101,102,203,101,131021,132522,75fdc2d24deb32824657c250fcf695c0e6c7c095a90e73d9465a771c0e37915e,deterministic_direct_block_materialization,selected,
Q-137,8a56b2bf-5d68-4806-abb7-de39894bb404:OUTLINE:42bc10659811af2c,8a56b2bf-5d68-4806-abb7-de39894bb404:OUTLINE:42bc10659811af2c,Set Up Remote Management,Manage Your Router > Remote Access > Set Up Remote Management,8a56b2bf-5d68-4806-abb7-de39894bb404:79d677ad-2fef-50d3-92dd-c07a6df0f14e,79d677ad-2fef-50d3-92dd-c07a6df0f14e,outline_direct,8a56b2bf-5d68-4806-abb7-de39894bb404,netgear-r7000.pdf,107,108,221,110,140720,142335,101068f2956fab3a05aee09d60f8533c5698dacb21ef466f0bfddbcac6fcb516,deterministic_direct_block_materialization,selected,
Q-138,8a56b2bf-5d68-4806-abb7-de39894bb404:OUTLINE:f79ea7be006eeae3,8a56b2bf-5d68-4806-abb7-de39894bb404:OUTLINE:f79ea7be006eeae3,Change the NTP Server,Manage Your Router > Change the NTP Server,8a56b2bf-5d68-4806-abb7-de39894bb404:d4980606-c8d1-5aca-adbe-96e35254c9e1,d4980606-c8d1-5aca-adbe-96e35254c9e1,outline_direct,8a56b2bf-5d68-4806-abb7-de39894bb404,netgear-r7000.pdf,110,110,231,115,144949,145831,c557fad691fa55d518ea9650fc95eab829d60c3a93493fd523a2921de861340b,deterministic_direct_block_materialization,selected,
Q-139,8a56b2bf-5d68-4806-abb7-de39894bb404:OUTLINE:6cca2b13d46fd9ff,8a56b2bf-5d68-4806-abb7-de39894bb404:OUTLINE:6cca2b13d46fd9ff,Access USB Storage Devices Through the Internet,Use Dynamic DNS to Access USB Storage Devices Through the Internet > Access USB Storage Devices Through the Internet,8a56b2bf-5d68-4806-abb7-de39894bb404:af255485-98d7-59f8-94db-806fd6280e64,af255485-98d7-59f8-94db-806fd6280e64,outline_direct,8a56b2bf-5d68-4806-abb7-de39894bb404,netgear-r7000.pdf,135,135,297,148,177004,177650,5aa2bf27903b48145e7f56435e216ea3018781206ee1f15cfb2800938dde8299,deterministic_direct_block_materialization,selected,
Q-140,8a56b2bf-5d68-4806-abb7-de39894bb404:OUTLINE:0fc676a3a4479418,8a56b2bf-5d68-4806-abb7-de39894bb404:OUTLINE:0fc676a3a4479418,Create a ReadyCLOUD Account,Use Dynamic DNS to Access USB Storage Devices Through the Internet > Remotely Access a USB Device Using ReadyCLOUD > Create a ReadyCLOUD Account,8a56b2bf-5d68-4806-abb7-de39894bb404:89cf7641-ad76-514d-a38e-ff036b200250,89cf7641-ad76-514d-a38e-ff036b200250,outline_direct,8a56b2bf-5d68-4806-abb7-de39894bb404,netgear-r7000.pdf,135,136,301,150,178167,178662,3ba21fe862ba08ce5f58b86b67143d4e44cd868067e10a2e590d0b0bd4ae840f,deterministic_direct_block_materialization,selected,
Q-141,8a56b2bf-5d68-4806-abb7-de39894bb404:OUTLINE:fdf9a6339ff3dcd8,8a56b2bf-5d68-4806-abb7-de39894bb404:OUTLINE:fdf9a6339ff3dcd8,Install OpenVPN Software on an iOS Device,Use VPN to Access Your Network > Install OpenVPN Software > Install OpenVPN Software on an iOS Device,8a56b2bf-5d68-4806-abb7-de39894bb404:0cff8f5c-96b8-5d33-9c11-37f93f8300fb,0cff8f5c-96b8-5d33-9c11-37f93f8300fb,outline_direct,8a56b2bf-5d68-4806-abb7-de39894bb404,netgear-r7000.pdf,155,155,341,170,200060,201409,48beff9990e5a51b9cb1a0b2bbd0e84bb4d217336c81b0f34389b3ffc419d35b,deterministic_direct_block_materialization,selected,
Q-142,8a56b2bf-5d68-4806-abb7-de39894bb404:OUTLINE:59222463e26d1879,8a56b2bf-5d68-4806-abb7-de39894bb404:OUTLINE:59222463e26d1879,Sequence to Restart Your Network,Troubleshooting > Quick Tips > Sequence to Restart Your Network,8a56b2bf-5d68-4806-abb7-de39894bb404:f2289449-f54e-5af6-8243-762118ef305b,f2289449-f54e-5af6-8243-762118ef305b,outline_direct,8a56b2bf-5d68-4806-abb7-de39894bb404,netgear-r7000.pdf,172,172,385,192,223543,223755,98afe5eb6cdea22b384ba7f09eb55e3de3b3c2f392f5828bacb3af56db2abea5,deterministic_direct_block_materialization,selected,
Q-143,8a56b2bf-5d68-4806-abb7-de39894bb404:OUTLINE:2be192fda8a4722e,8a56b2bf-5d68-4806-abb7-de39894bb404:OUTLINE:2be192fda8a4722e,Troubleshoot WiFi Connectivity,Troubleshooting > Troubleshoot WiFi Connectivity,8a56b2bf-5d68-4806-abb7-de39894bb404:65aa662f-9473-5c74-b996-74e7f545f09c,65aa662f-9473-5c74-b996-74e7f545f09c,outline_direct,8a56b2bf-5d68-4806-abb7-de39894bb404,netgear-r7000.pdf,177,178,413,206,234257,235482,64eb4db8ca6bd036e46b064ea6e0567701e1326064c862194464c9ca76856518,deterministic_direct_block_materialization,selected,
Q-144,d69381d0-06ed-49bf-9fe1-6050d9374432:OUTLINE:89ac3ac6d4a7bbea,d69381d0-06ed-49bf-9fe1-6050d9374432:OUTLINE:89ac3ac6d4a7bbea,Unpack your router,Hardware Setup > Unpack your router,d69381d0-06ed-49bf-9fe1-6050d9374432:89d399fa-1c1b-5d37-b35a-194ce673ec69,89d399fa-1c1b-5d37-b35a-194ce673ec69,outline_direct,d69381d0-06ed-49bf-9fe1-6050d9374432,netgear-rax120.pdf,10,10,5,2,2181,2283,4eec15251824114638f10b21e81f7ea4ec639471fe8709cdc5ad4788d6e7b1f7,deterministic_direct_block_materialization,selected,
Q-145,d69381d0-06ed-49bf-9fe1-6050d9374432:OUTLINE:4bdaaa28252d41a2,d69381d0-06ed-49bf-9fe1-6050d9374432:OUTLINE:4bdaaa28252d41a2,Types of logins,Connect to the network and access the router > Types of logins,d69381d0-06ed-49bf-9fe1-6050d9374432:6af6a140-458c-5188-b116-2f8430c69437,6af6a140-458c-5188-b116-2f8430c69437,outline_direct,d69381d0-06ed-49bf-9fe1-6050d9374432,netgear-rax120.pdf,21,21,31,15,13475,14384,a61a2ac37a05f06d8c356a7685b31aa7904f78473aa9382fce8acc9081462b4a,deterministic_direct_block_materialization,selected,
Q-146,d69381d0-06ed-49bf-9fe1-6050d9374432:OUTLINE:7dcc6744e0e7954c,d69381d0-06ed-49bf-9fe1-6050d9374432:OUTLINE:7dcc6744e0e7954c,Set up an IPv6 pass-through Internet connection,Specify Your Internet Settings > Specify IPv6 Internet connections > Set up an IPv6 pass-through Internet connection,d69381d0-06ed-49bf-9fe1-6050d9374432:f02b327f-e424-5fbd-884a-afa982cfba97,f02b327f-e424-5fbd-884a-afa982cfba97,outline_direct,d69381d0-06ed-49bf-9fe1-6050d9374432,netgear-rax120.pdf,36,36,67,33,39196,40079,8b48ddb405c8956f7bed5e7a21dd494bb521bb4722a87dc134a07c19adc7d9e1,deterministic_direct_block_materialization,selected,
Q-147,d69381d0-06ed-49bf-9fe1-6050d9374432:OUTLINE:b393aec4e5f20ee4,d69381d0-06ed-49bf-9fe1-6050d9374432:OUTLINE:b393aec4e5f20ee4,View or change the WAN settings,Manage Network Settings > View or change the WAN settings,d69381d0-06ed-49bf-9fe1-6050d9374432:304579c0-2505-541b-9272-41a33abdc404,304579c0-2505-541b-9272-41a33abdc404,outline_direct,d69381d0-06ed-49bf-9fe1-6050d9374432,netgear-rax120.pdf,70,71,131,65,91466,93957,de3e6f6ba2dbf98fce62e5814aeec642ad1254b4cfeae8ec4e32280a94d3ac1f,deterministic_direct_block_materialization,selected,
Q-148,d69381d0-06ed-49bf-9fe1-6050d9374432:OUTLINE:43ec202019e41936,d69381d0-06ed-49bf-9fe1-6050d9374432:OUTLINE:43ec202019e41936,Reserve an IP address,Manage Network Settings > Manage reserved LAN IP addresses > Reserve an IP address,d69381d0-06ed-49bf-9fe1-6050d9374432:ebd82415-b17d-5082-8472-3811a168faaf,ebd82415-b17d-5082-8472-3811a168faaf,outline_direct,d69381d0-06ed-49bf-9fe1-6050d9374432,netgear-rax120.pdf,76,77,145,72,102078,103294,6b24153d7bcfc29a974972b8538b68c756ac22efe9bc98b56c8b1597fbe3f849,deterministic_direct_block_materialization,selected,
Q-149,d69381d0-06ed-49bf-9fe1-6050d9374432:OUTLINE:8d66e90b801f07f3,d69381d0-06ed-49bf-9fe1-6050d9374432:OUTLINE:8d66e90b801f07f3,Change the WiFi password or the WiFi security,Manage Network Settings > Change the WiFi password or the WiFi security,d69381d0-06ed-49bf-9fe1-6050d9374432:0f01b620-ac86-5a3e-bacb-6893a15e210e,0f01b620-ac86-5a3e-bacb-6893a15e210e,outline_direct,d69381d0-06ed-49bf-9fe1-6050d9374432,netgear-rax120.pdf,80,82,155,77,109078,111562,20aae0b70597a0b77e66f69e21f67e3559dfdcc1c2d833404eb72875d2bfb71b,deterministic_direct_block_materialization,selected,
Q-150,d69381d0-06ed-49bf-9fe1-6050d9374432:OUTLINE:30e6bc1f5ecbb7b4,d69381d0-06ed-49bf-9fe1-6050d9374432:OUTLINE:30e6bc1f5ecbb7b4,Connect a USB storage device to the router,Share USB Storage Devices Attached to the Router > Connect a USB storage device to the router,d69381d0-06ed-49bf-9fe1-6050d9374432:bb9735df-2bc3-50f1-9fb8-2235613d714e,bb9735df-2bc3-50f1-9fb8-2235613d714e,outline_direct,d69381d0-06ed-49bf-9fe1-6050d9374432,netgear-rax120.pdf,123,123,257,128,176032,176678,3e89f98dbb172928560e17e9486a19ef7508d75492c4a3e2bc439b3188de4497,deterministic_direct_block_materialization,selected,
Q-151,d69381d0-06ed-49bf-9fe1-6050d9374432:OUTLINE:7e8558c76cede228,d69381d0-06ed-49bf-9fe1-6050d9374432:OUTLINE:7e8558c76cede228,Add a network folder on a USB storage device,Share USB Storage Devices Attached to the Router > Add a network folder on a USB storage device,d69381d0-06ed-49bf-9fe1-6050d9374432:9d1e53fd-0a2d-51bd-bb64-2521b239e8f3,9d1e53fd-0a2d-51bd-bb64-2521b239e8f3,outline_direct,d69381d0-06ed-49bf-9fe1-6050d9374432,netgear-rax120.pdf,130,131,277,138,186716,188487,44c2955ba305cd7be7179d8d3c8f36bbeb6a516163be994af3082711449dbc12,deterministic_direct_block_materialization,selected,
Q-152,d69381d0-06ed-49bf-9fe1-6050d9374432:OUTLINE:6bfd2d1ed7baea6f,d69381d0-06ed-49bf-9fe1-6050d9374432:OUTLINE:6bfd2d1ed7baea6f,Change the Dynamic DNS settings,Use Dynamic DNS to Access USB Storage Devices Through the Internet > Set up and manage Dynamic DNS > Change the Dynamic DNS settings,d69381d0-06ed-49bf-9fe1-6050d9374432:d7d2bc93-72bb-53d6-945c-0708fde2888b,d7d2bc93-72bb-53d6-945c-0708fde2888b,outline_direct,d69381d0-06ed-49bf-9fe1-6050d9374432,netgear-rax120.pdf,136,136,291,145,194517,195190,d5d88f3162d188f4aca0bfb0ec3dd4d6e7a312c9915c46e9f6b2731f5a6f8eaa,deterministic_direct_block_materialization,selected,
Q-153,d69381d0-06ed-49bf-9fe1-6050d9374432:OUTLINE:0d5b6e0a7ba7bfe2,d69381d0-06ed-49bf-9fe1-6050d9374432:OUTLINE:0d5b6e0a7ba7bfe2,How the router implements the port forwarding rule,Manage port forwarding and port triggering > Manage port forwarding to a local server > How the router implements the port forwarding rule,d69381d0-06ed-49bf-9fe1-6050d9374432:cf516841-9648-5ad0-aaaa-b65b9c5d85aa,cf516841-9648-5ad0-aaaa-b65b9c5d85aa,outline_direct,d69381d0-06ed-49bf-9fe1-6050d9374432,netgear-rax120.pdf,158,158,349,174,227222,228148,91f5138674f47027b2022b484b12bd06dfc75dff15b6ae929ea036d31b8a49b9,deterministic_direct_block_materialization,selected,
Q-154,d69381d0-06ed-49bf-9fe1-6050d9374432:OUTLINE:392ff4fbd7ee9772,d69381d0-06ed-49bf-9fe1-6050d9374432:OUTLINE:392ff4fbd7ee9772,Troubleshoot WiFi connectivity,Troubleshooting > Troubleshoot WiFi connectivity,d69381d0-06ed-49bf-9fe1-6050d9374432:48b55cf6-5b08-527e-bd26-f4183bca41e2,48b55cf6-5b08-527e-bd26-f4183bca41e2,outline_direct,d69381d0-06ed-49bf-9fe1-6050d9374432,netgear-rax120.pdf,169,169,391,195,246583,247804,fe591b52ec0f74c1b1a0e0a7d75ffd28638b595c273b952a9c3bb0ddd70b369d,deterministic_direct_block_materialization,selected,
Q-155,d69381d0-06ed-49bf-9fe1-6050d9374432:OUTLINE:41c9cb735a542932,d69381d0-06ed-49bf-9fe1-6050d9374432:OUTLINE:41c9cb735a542932,Factory settings,Supplemental Information > Factory settings,d69381d0-06ed-49bf-9fe1-6050d9374432:7059c14f-c840-5863-9050-2518f69aa8d5,7059c14f-c840-5863-9050-2518f69aa8d5,outline_direct,d69381d0-06ed-49bf-9fe1-6050d9374432,netgear-rax120.pdf,173,174,401,200,251192,252750,a06d884dd476897551efcb47701047d2a3df5b386e2dbe79a1f41d7662a0e45d,deterministic_direct_block_materialization,selected,
Q-156,e65eaa31-8579-448d-a22c-88a8fde64409:OUTLINE:79aeb7edd70d3319,e65eaa31-8579-448d-a22c-88a8fde64409:OUTLINE:79aeb7edd70d3319,Position your router,Hardware Setup > Position your router,e65eaa31-8579-448d-a22c-88a8fde64409:f42f57b0-65cd-5982-935c-289c54636287,f42f57b0-65cd-5982-935c-289c54636287,outline_direct,e65eaa31-8579-448d-a22c-88a8fde64409,netgear-rax50.pdf,14,14,15,7,6007,7445,656252162a254a96b6a1ef5b58fe2a038a674740a3967be7e438e30caed4aff9,deterministic_direct_block_materialization,selected,
Q-157,e65eaa31-8579-448d-a22c-88a8fde64409:OUTLINE:41ba92c1cd759ea9,e65eaa31-8579-448d-a22c-88a8fde64409:OUTLINE:41ba92c1cd759ea9,Connect to the router WiFi network,Connect to the Network and Access the Router > Connect to the router network > Connect to the router WiFi network,e65eaa31-8579-448d-a22c-88a8fde64409:e00425b6-15d6-5234-b2e5-d0f194e4e777,e00425b6-15d6-5234-b2e5-d0f194e4e777,outline_direct,e65eaa31-8579-448d-a22c-88a8fde64409,netgear-rax50.pdf,18,18,27,13,9659,10224,f463ad5412fc27822db9bb5103460c3573e8859fc19fbfab8c994c4547bb34e7,deterministic_direct_block_materialization,selected,
Q-158,e65eaa31-8579-448d-a22c-88a8fde64409:OUTLINE:5c59851a56345ebf,e65eaa31-8579-448d-a22c-88a8fde64409:OUTLINE:5c59851a56345ebf,Use auto config for an IPv6 Internet connection,Specify Your Internet Settings > Specify IPv6 Internet connections > Use auto config for an IPv6 Internet connection,e65eaa31-8579-448d-a22c-88a8fde64409:e87e22a2-a89c-58a7-9ff2-ff82463e19a7,e87e22a2-a89c-58a7-9ff2-ff82463e19a7,outline_direct,e65eaa31-8579-448d-a22c-88a8fde64409,netgear-rax50.pdf,36,38,69,34,40579,43816,ed248d41872a98e942d8cb06cb1d2ee3c11b9178468a84e0d4cea24d54acc61b,deterministic_direct_block_materialization,selected,
Q-159,e65eaa31-8579-448d-a22c-88a8fde64409:OUTLINE:121e62ef30e6e2d8,e65eaa31-8579-448d-a22c-88a8fde64409:OUTLINE:121e62ef30e6e2d8,Manage allowed devices currently not on the network,Control Access to the Internet > Network access control list > Manage allowed devices currently not on the network,e65eaa31-8579-448d-a22c-88a8fde64409:03914fcb-62c9-5345-8ab2-2475379fe1be,03914fcb-62c9-5345-8ab2-2475379fe1be,outline_direct,e65eaa31-8579-448d-a22c-88a8fde64409,netgear-rax50.pdf,45,47,85,42,55925,58740,1d60d91dd796d9381014e6007ebc03aa51713e882d85cffd3e832dd796ae63bd,deterministic_direct_block_materialization,selected,
Q-160,e65eaa31-8579-448d-a22c-88a8fde64409:OUTLINE:f362300bbbc0324c,e65eaa31-8579-448d-a22c-88a8fde64409:OUTLINE:f362300bbbc0324c,Enable Dynamic QoS,Optimize Performance > Use Dynamic QoS to optimize Internet traffic management > Enable Dynamic QoS,e65eaa31-8579-448d-a22c-88a8fde64409:d2849132-6a3d-520c-8f2c-bd5e904e522d,d2849132-6a3d-520c-8f2c-bd5e904e522d,outline_direct,e65eaa31-8579-448d-a22c-88a8fde64409,netgear-rax50.pdf,86,87,169,84,121465,122726,405c9466625870a6798f5158d7a3a24d55c3f2633178586c0a390d47b0b0e18b,deterministic_direct_block_materialization,selected,
Q-161,e65eaa31-8579-448d-a22c-88a8fde64409:OUTLINE:41d86e3c0982faa9,e65eaa31-8579-448d-a22c-88a8fde64409:OUTLINE:41d86e3c0982faa9,Manually update the dynamic QoS database,Optimize Performance > Use Dynamic QoS to optimize Internet traffic management > Manually update the dynamic QoS database,e65eaa31-8579-448d-a22c-88a8fde64409:93ffa849-c75e-5120-be9a-d99bb0eed70b,93ffa849-c75e-5120-be9a-d99bb0eed70b,outline_direct,e65eaa31-8579-448d-a22c-88a8fde64409,netgear-rax50.pdf,87,88,173,86,123685,124695,2b7c940a1bcd46d1baad415206226694028b6cc58d4873087b8328f2575c104f,deterministic_direct_block_materialization,selected,
Q-162,e65eaa31-8579-448d-a22c-88a8fde64409:OUTLINE:5ae513b79530a608,e65eaa31-8579-448d-a22c-88a8fde64409:OUTLINE:5ae513b79530a608,Erase the settings,Manage Your Router > Manage the router configuration file > Erase the settings,e65eaa31-8579-448d-a22c-88a8fde64409:03a4fccb-bb0c-56ec-b67b-eee79c190813,03a4fccb-bb0c-56ec-b67b-eee79c190813,outline_direct,e65eaa31-8579-448d-a22c-88a8fde64409,netgear-rax50.pdf,104,105,213,106,148919,149919,724dfceea964b4b07aff6c7671a8491aa7c446be9defc5124106f4e7d5bac2a3,deterministic_direct_block_materialization,selected,
Q-163,e65eaa31-8579-448d-a22c-88a8fde64409:OUTLINE:8b9e84b41a8e2327,e65eaa31-8579-448d-a22c-88a8fde64409:OUTLINE:8b9e84b41a8e2327,About VPN connections,Use OpenVPN to Access Your Network > About VPN connections,e65eaa31-8579-448d-a22c-88a8fde64409:a13c3553-78f9-5ede-9cd9-390daad977b6,a13c3553-78f9-5ede-9cd9-390daad977b6,outline_direct,e65eaa31-8579-448d-a22c-88a8fde64409,netgear-rax50.pdf,128,128,277,138,179942,181539,c17c199f42b94399f85c8d042c4b8fe161ade874a339251398bce0c43df82ad7,deterministic_direct_block_materialization,selected,
Q-164,e65eaa31-8579-448d-a22c-88a8fde64409:OUTLINE:4961dff6fcaa17d5,e65eaa31-8579-448d-a22c-88a8fde64409:OUTLINE:4961dff6fcaa17d5,Block VPN client Internet access in the router,Use OpenVPN to Access Your Network > Use VPN to access your Internet service at home > Block VPN client Internet access in the router,e65eaa31-8579-448d-a22c-88a8fde64409:01143d51-a727-543c-b607-948530c2902c,01143d51-a727-543c-b607-948530c2902c,outline_direct,e65eaa31-8579-448d-a22c-88a8fde64409,netgear-rax50.pdf,136,137,297,148,194965,196285,8ac00ece19732affe7d4992a5982ffaea007a5d925a47dc9b91e9450681a4784,deterministic_direct_block_materialization,selected,
Q-165,e65eaa31-8579-448d-a22c-88a8fde64409:OUTLINE:4c371fdde86b5510,e65eaa31-8579-448d-a22c-88a8fde64409:OUTLINE:4c371fdde86b5510,Delete a port forwarding entry,Manage Port Forwarding and Port Triggering > Manage port forwarding to a local server > Delete a port forwarding entry,e65eaa31-8579-448d-a22c-88a8fde64409:af31b6ec-73a8-5529-8fa5-da1f467d1bef,af31b6ec-73a8-5529-8fa5-da1f467d1bef,outline_direct,e65eaa31-8579-448d-a22c-88a8fde64409,netgear-rax50.pdf,142,142,311,155,201653,202400,8059ec0db2acfbf963539f4d518842b2b0ed5e7568933e771949109412cd4e58,deterministic_direct_block_materialization,selected,
Q-166,e65eaa31-8579-448d-a22c-88a8fde64409:OUTLINE:3d0101989fca1bb6,e65eaa31-8579-448d-a22c-88a8fde64409:OUTLINE:3d0101989fca1bb6,Test the path from a Windows-based computer to a remote device,Troubleshooting > Troubleshoot your network using the ping utility > Test the path from a Windows-based computer to a remote device,e65eaa31-8579-448d-a22c-88a8fde64409:d6a2438e-ce2e-5744-b23d-64355bb7f3b2,d6a2438e-ce2e-5744-b23d-64355bb7f3b2,outline_direct,e65eaa31-8579-448d-a22c-88a8fde64409,netgear-rax50.pdf,156,156,363,181,225561,227140,f09bb1f822b1c91d93272fd14431f9ea6d745772f178746164921263e0b7cdd9,deterministic_direct_block_materialization,selected,
Q-167,57d18421-8c71-47bc-992e-0d0dfdcdbbea:OUTLINE:51a6513bbc2a11e3,57d18421-8c71-47bc-992e-0d0dfdcdbbea:OUTLINE:51a6513bbc2a11e3,Find and connect to the WiFi network,Connect to the network and access the router > Connect to the network > Find and connect to the WiFi network,57d18421-8c71-47bc-992e-0d0dfdcdbbea:a3662689-f8b9-5c28-8c0a-b2185487bec9,a3662689-f8b9-5c28-8c0a-b2185487bec9,outline_direct,57d18421-8c71-47bc-992e-0d0dfdcdbbea,netgear-raxe500.pdf,20,20,27,13,12742,13103,96aa664a8beef8102c72a7dd407a18a7ffa36934b209cba515906ee8d932d808,deterministic_direct_block_materialization,selected,
Q-168,57d18421-8c71-47bc-992e-0d0dfdcdbbea:OUTLINE:f3161081da6e6415,57d18421-8c71-47bc-992e-0d0dfdcdbbea:OUTLINE:f3161081da6e6415,Automatic Internet Setup,Connect to the network and access the router > Use a web browser to access the router > Automatic Internet Setup,57d18421-8c71-47bc-992e-0d0dfdcdbbea:feb09c00-0fd2-5b2c-ae97-969bd349df0e,feb09c00-0fd2-5b2c-ae97-969bd349df0e,outline_direct,57d18421-8c71-47bc-992e-0d0dfdcdbbea,netgear-raxe500.pdf,22,23,37,18,16096,19070,e564e7e856bc8b3c2f37cd954288bdde11b7a6063635fe4f233f57c3883be05f,deterministic_direct_block_materialization,selected,
Q-169,57d18421-8c71-47bc-992e-0d0dfdcdbbea:OUTLINE:88cdae4e848e09b9,57d18421-8c71-47bc-992e-0d0dfdcdbbea:OUTLINE:88cdae4e848e09b9,MTU concepts,Specify Your Internet Settings > Manage the MTU size > MTU concepts,57d18421-8c71-47bc-992e-0d0dfdcdbbea:eae4f314-abe4-5229-ac3e-d9cc4c571b27,eae4f314-abe4-5229-ac3e-d9cc4c571b27,outline_direct,57d18421-8c71-47bc-992e-0d0dfdcdbbea,netgear-raxe500.pdf,44,46,81,40,54383,56388,53cc2944c6e0e1e2cde13f2b1e5977a664edd3c6610ea9200b0f9b94b107192c,deterministic_direct_block_materialization,selected,
Q-170,57d18421-8c71-47bc-992e-0d0dfdcdbbea:OUTLINE:bbfec0ebd44bf9d9,57d18421-8c71-47bc-992e-0d0dfdcdbbea:OUTLINE:bbfec0ebd44bf9d9,Disable the DHCP server feature in the router,Manage Network Settings > Disable the DHCP server feature in the router,57d18421-8c71-47bc-992e-0d0dfdcdbbea:8dba79ed-9bf8-5cb2-833b-a493317e765e,8dba79ed-9bf8-5cb2-833b-a493317e765e,outline_direct,57d18421-8c71-47bc-992e-0d0dfdcdbbea,netgear-raxe500.pdf,64,65,121,60,81620,82760,dd3ef4f0647a01cdfeda5d20431dda5ccf6d4d999a4b3ca9d609a60a1123e782,deterministic_direct_block_materialization,selected,
Q-171,57d18421-8c71-47bc-992e-0d0dfdcdbbea:OUTLINE:9738f3c7fd6b99bc,57d18421-8c71-47bc-992e-0d0dfdcdbbea:OUTLINE:9738f3c7fd6b99bc,Enable or disable 20/40 MHz coexistence for the 2.4 GHz radio,Manage Network Settings > Enable or disable 20/40 MHz coexistence for the 2.4 GHz radio,57d18421-8c71-47bc-992e-0d0dfdcdbbea:33088b55-3bd9-50bd-8652-c3cd7fd2d88f,33088b55-3bd9-50bd-8652-c3cd7fd2d88f,outline_direct,57d18421-8c71-47bc-992e-0d0dfdcdbbea,netgear-raxe500.pdf,79,80,153,76,108796,110251,b2207e6f389c4c644f7f9927ab5a5b44cd0c1eae21ec61d948c367bda944ff98,deterministic_direct_block_materialization,selected,
Q-172,57d18421-8c71-47bc-992e-0d0dfdcdbbea:OUTLINE:fbc9501ac3f3021b,57d18421-8c71-47bc-992e-0d0dfdcdbbea:OUTLINE:fbc9501ac3f3021b,View or Change the Router Ethernet Port Aggregation Mode,Manage Network Settings > Manage Ethernet Port Aggregation to a LAN Device > View or Change the Router Ethernet Port Aggregation Mode,57d18421-8c71-47bc-992e-0d0dfdcdbbea:09ef238c-cabe-5ea4-9616-24e57ee8f002,09ef238c-cabe-5ea4-9616-24e57ee8f002,outline_direct,57d18421-8c71-47bc-992e-0d0dfdcdbbea,netgear-raxe500.pdf,98,99,195,97,140169,142262,4d977b7189ad52cbe684dcc161760ae0f9e45f31044462c95526340a2235b2a3,deterministic_direct_block_materialization,selected,
Q-173,57d18421-8c71-47bc-992e-0d0dfdcdbbea:OUTLINE:b501c092002a51d8,57d18421-8c71-47bc-992e-0d0dfdcdbbea:OUTLINE:b501c092002a51d8,Monitor Internet traffic,Manage Your Router > Monitor Internet traffic,57d18421-8c71-47bc-992e-0d0dfdcdbbea:04f1b52b-9f18-591e-ac0a-b16ee4a34dad,04f1b52b-9f18-591e-ac0a-b16ee4a34dad,outline_direct,57d18421-8c71-47bc-992e-0d0dfdcdbbea,netgear-raxe500.pdf,109,111,221,110,156604,158976,3abf5fdb1242114346646772a30a2b892452986f3c355e24bbc5f362c9d316da,deterministic_direct_block_materialization,selected,
Q-174,57d18421-8c71-47bc-992e-0d0dfdcdbbea:OUTLINE:536e38dc6e76c4f9,57d18421-8c71-47bc-992e-0d0dfdcdbbea:OUTLINE:536e38dc6e76c4f9,Set your time zone,Manage Your Router > Set your time zone,57d18421-8c71-47bc-992e-0d0dfdcdbbea:8533530e-9001-5a31-a453-6077909ff031,8533530e-9001-5a31-a453-6077909ff031,outline_direct,57d18421-8c71-47bc-992e-0d0dfdcdbbea,netgear-raxe500.pdf,114,114,235,117,163257,164001,409fbc2ed381a665d1eb7696dd6377ac354fc1b1dd96fa1d730be62c62988701,deterministic_direct_block_materialization,selected,
Q-175,57d18421-8c71-47bc-992e-0d0dfdcdbbea:OUTLINE:7e8558c76cede228,57d18421-8c71-47bc-992e-0d0dfdcdbbea:OUTLINE:7e8558c76cede228,Add a network folder on a USB storage device,Share USB Storage Devices Attached to the Router > Add a network folder on a USB storage device,57d18421-8c71-47bc-992e-0d0dfdcdbbea:b2cee766-ed4f-59bb-8d66-703a2aecba75,b2cee766-ed4f-59bb-8d66-703a2aecba75,outline_direct,57d18421-8c71-47bc-992e-0d0dfdcdbbea,netgear-raxe500.pdf,124,125,263,131,176876,178651,bdc2767dcfa89bea9c56a07199496813ee104b2ba9c5061ec5decc2714d62c31,deterministic_direct_block_materialization,selected,
Q-176,57d18421-8c71-47bc-992e-0d0dfdcdbbea:OUTLINE:7bbe03a0d66739df,57d18421-8c71-47bc-992e-0d0dfdcdbbea:OUTLINE:7bbe03a0d66739df,Set up VPN client Internet access in the router,Use VPN to Access Your Network > Use VPN to access your Internet service at home > Set up VPN client Internet access in the router,57d18421-8c71-47bc-992e-0d0dfdcdbbea:0fc19ad4-a3f3-5128-a97a-000311ce8919,0fc19ad4-a3f3-5128-a97a-000311ce8919,outline_direct,57d18421-8c71-47bc-992e-0d0dfdcdbbea,netgear-raxe500.pdf,144,144,309,154,200622,202154,b89312785f9d90182bdad7cd80b1feadde3928e5b85f1fb1f9bd96ff64b4805a,deterministic_direct_block_materialization,selected,
Q-177,57d18421-8c71-47bc-992e-0d0dfdcdbbea:OUTLINE:f67dde43cca3ccc5,57d18421-8c71-47bc-992e-0d0dfdcdbbea:OUTLINE:f67dde43cca3ccc5,Sequence to restart your network,Troubleshooting > Quick tips > Sequence to restart your network,57d18421-8c71-47bc-992e-0d0dfdcdbbea:494eba00-b9d1-5fec-898e-b212c6f28baf,494eba00-b9d1-5fec-898e-b212c6f28baf,outline_direct,57d18421-8c71-47bc-992e-0d0dfdcdbbea,netgear-raxe500.pdf,157,157,343,171,218492,218704,98afe5eb6cdea22b384ba7f09eb55e3de3b3c2f392f5828bacb3af56db2abea5,deterministic_direct_block_materialization,selected,
Q-178,4431ab7b-17f3-4bc6-8ee4-691efbcdfdeb:OUTLINE:0dde3e7827c5a595,4431ab7b-17f3-4bc6-8ee4-691efbcdfdeb:OUTLINE:0dde3e7827c5a595,Sync your Orbi satellite with your Orbi router,Overview > Sync your Orbi satellite with your Orbi router,4431ab7b-17f3-4bc6-8ee4-691efbcdfdeb:fd0ce992-9b7f-58e2-9140-f25a95a0b95b,fd0ce992-9b7f-58e2-9140-f25a95a0b95b,outline_direct,4431ab7b-17f3-4bc6-8ee4-691efbcdfdeb,netgear-rbk852.pdf,14,14,21,10,7845,9071,2207452adebd91d61e390c8286ca6fea8f9ed7873cbf1c728a3f8500543fd376,deterministic_direct_block_materialization,selected,
Q-179,4431ab7b-17f3-4bc6-8ee4-691efbcdfdeb:OUTLINE:e0e51a7e3dee3e59,4431ab7b-17f3-4bc6-8ee4-691efbcdfdeb:OUTLINE:e0e51a7e3dee3e59,Specify IPv6 Internet connections,Specify Your Internet Settings > Manage an IPv6 Internet connection > Specify IPv6 Internet connections,4431ab7b-17f3-4bc6-8ee4-691efbcdfdeb:bafbe93c-5d33-537b-82ee-2c89ca1550eb,bafbe93c-5d33-537b-82ee-2c89ca1550eb,outline_direct,4431ab7b-17f3-4bc6-8ee4-691efbcdfdeb,netgear-rbk852.pdf,27,28,59,29,24966,26501,723bef369cec09ef75da1f78a36ceb8b1809cb738373d57135712bfee9fe5062,deterministic_direct_block_materialization,selected,
Q-180,4431ab7b-17f3-4bc6-8ee4-691efbcdfdeb:OUTLINE:1903b33777805e3f,4431ab7b-17f3-4bc6-8ee4-691efbcdfdeb:OUTLINE:1903b33777805e3f,Set up an IPv6 PPPoE Internet connection,Specify Your Internet Settings > Manage an IPv6 Internet connection > Set up an IPv6 PPPoE Internet connection,4431ab7b-17f3-4bc6-8ee4-691efbcdfdeb:acfcfc10-9010-5a5e-9f6c-e4bbbf310479,acfcfc10-9010-5a5e-9f6c-e4bbbf310479,outline_direct,4431ab7b-17f3-4bc6-8ee4-691efbcdfdeb,netgear-rbk852.pdf,38,40,75,37,44605,48130,28151937de5f6cec1e7c316e6ebcd1399beaae5a7be83c5dd8776f4e43d02eb1,deterministic_direct_block_materialization,selected,
Q-181,4431ab7b-17f3-4bc6-8ee4-691efbcdfdeb:OUTLINE:2c0ec2920cd14051,4431ab7b-17f3-4bc6-8ee4-691efbcdfdeb:OUTLINE:2c0ec2920cd14051,Set up security event email notifications,Control Access to the Internet > Set up security event email notifications,4431ab7b-17f3-4bc6-8ee4-691efbcdfdeb:aee81160-3f45-597d-97ea-c7a1ad45d30a,aee81160-3f45-597d-97ea-c7a1ad45d30a,outline_direct,4431ab7b-17f3-4bc6-8ee4-691efbcdfdeb,netgear-rbk852.pdf,49,51,97,48,61444,63867,796336d7c33650af20167cb8d6d3804769ac9135e3ac88ef9ed9563548a41265,deterministic_direct_block_materialization,selected,
Q-182,4431ab7b-17f3-4bc6-8ee4-691efbcdfdeb:OUTLINE:55fef29c1f4c52fd,4431ab7b-17f3-4bc6-8ee4-691efbcdfdeb:OUTLINE:55fef29c1f4c52fd,Set up Internet port aggregation for Orbi router model RBR860,Specify Network Settings > Manage the WAN preference for Orbi router model RBR860 > Set up Internet port aggregation for Orbi router model RBR860,4431ab7b-17f3-4bc6-8ee4-691efbcdfdeb:a6546993-1d1a-5eb2-b616-d7c4995490a6,a6546993-1d1a-5eb2-b616-d7c4995490a6,outline_direct,4431ab7b-17f3-4bc6-8ee4-691efbcdfdeb,netgear-rbk852.pdf,68,69,139,69,86324,87729,d725dd82b4dc7f81b0ef9d2554434c6cdf0d8ecc1b3f4722b8ecf75d96e1fd4a,deterministic_direct_block_materialization,selected,
Q-183,4431ab7b-17f3-4bc6-8ee4-691efbcdfdeb:OUTLINE:2a664108b43fe7f3,4431ab7b-17f3-4bc6-8ee4-691efbcdfdeb:OUTLINE:2a664108b43fe7f3,Set up a static route,Specify Network Settings > Manage custom static routes > Set up a static route,4431ab7b-17f3-4bc6-8ee4-691efbcdfdeb:83b0f8da-6afa-5070-9d44-c12b3b247e8b,83b0f8da-6afa-5070-9d44-c12b3b247e8b,outline_direct,4431ab7b-17f3-4bc6-8ee4-691efbcdfdeb,netgear-rbk852.pdf,82,83,177,88,108291,109621,b9fa01bfe256c235fab3592c3e28de1896c9b2b3f68b153c635987b93da61b05,deterministic_direct_block_materialization,selected,
Q-184,4431ab7b-17f3-4bc6-8ee4-691efbcdfdeb:OUTLINE:3ca2cd659c51d159,4431ab7b-17f3-4bc6-8ee4-691efbcdfdeb:OUTLINE:3ca2cd659c51d159,Check your Internet bandwidth,Mantain and Monitor Your Network > Check your Internet bandwidth,4431ab7b-17f3-4bc6-8ee4-691efbcdfdeb:0121bbc3-46f8-588c-b9d6-e7e69974a9fe,0121bbc3-46f8-588c-b9d6-e7e69974a9fe,outline_direct,4431ab7b-17f3-4bc6-8ee4-691efbcdfdeb,netgear-rbk852.pdf,106,107,239,119,142103,142740,6fe8b1acca069da2bc4c599b138dfd57c4f9e0b419ad500d1bd4ecb809ffb6d3,deterministic_direct_block_materialization,selected,
Q-185,4431ab7b-17f3-4bc6-8ee4-691efbcdfdeb:OUTLINE:4961dff6fcaa17d5,4431ab7b-17f3-4bc6-8ee4-691efbcdfdeb:OUTLINE:4961dff6fcaa17d5,Block VPN client Internet access in the router,Use OpenVPN to Access Your Network > Use VPN to access your Internet service at home > Block VPN client Internet access in the router,4431ab7b-17f3-4bc6-8ee4-691efbcdfdeb:e8fbf22f-7fac-51cc-8b76-ef68177b1407,e8fbf22f-7fac-51cc-8b76-ef68177b1407,outline_direct,4431ab7b-17f3-4bc6-8ee4-691efbcdfdeb,netgear-rbk852.pdf,121,122,279,139,165136,166435,76e8cf7df6a9ac4c5017d1ad97e48e003e39e3be21c8c797c689f6b589df0fa6,deterministic_direct_block_materialization,selected,
Q-186,4431ab7b-17f3-4bc6-8ee4-691efbcdfdeb:OUTLINE:11e5a031343559ac,4431ab7b-17f3-4bc6-8ee4-691efbcdfdeb:OUTLINE:11e5a031343559ac,Set up port forwarding to a local server,Customize Internet Traffic Rules for Ports > Manage port forwarding to a local server > Set up port forwarding to a local server,4431ab7b-17f3-4bc6-8ee4-691efbcdfdeb:64c7ce15-7a5a-580d-adbe-160bed89ad0b,64c7ce15-7a5a-580d-adbe-160bed89ad0b,outline_direct,4431ab7b-17f3-4bc6-8ee4-691efbcdfdeb,netgear-rbk852.pdf,124,125,285,142,167173,168509,ca90a455a1d9e308a9ff320e4b32889d48bb358c5424fa6ff4cbba830d0fc270,deterministic_direct_block_materialization,selected,
Q-187,4431ab7b-17f3-4bc6-8ee4-691efbcdfdeb:OUTLINE:f67dde43cca3ccc5,4431ab7b-17f3-4bc6-8ee4-691efbcdfdeb:OUTLINE:f67dde43cca3ccc5,Sequence to restart your network,Troubleshooting > Quick tips > Sequence to restart your network,4431ab7b-17f3-4bc6-8ee4-691efbcdfdeb:594cc248-162e-5180-b1f6-243ea1c30a9e,594cc248-162e-5180-b1f6-243ea1c30a9e,outline_direct,4431ab7b-17f3-4bc6-8ee4-691efbcdfdeb,netgear-rbk852.pdf,133,133,309,154,181268,181477,891b21668113e31d1307effe63c2d35b213460d689e13214cd708d5e9a6e7fc8,deterministic_direct_block_materialization,selected,
Q-188,4431ab7b-17f3-4bc6-8ee4-691efbcdfdeb:OUTLINE:3d986da173d7e0d6,4431ab7b-17f3-4bc6-8ee4-691efbcdfdeb:OUTLINE:3d986da173d7e0d6,Test the path from your computer to a remote device,Troubleshooting > Troubleshoot your network using the ping utility > Test the path from your computer to a remote device,4431ab7b-17f3-4bc6-8ee4-691efbcdfdeb:8989f72f-c45f-5a19-b2ce-b190765e7b28,8989f72f-c45f-5a19-b2ce-b190765e7b28,outline_direct,4431ab7b-17f3-4bc6-8ee4-691efbcdfdeb,netgear-rbk852.pdf,139,140,331,165,190936,192608,30dcd5bbe2d62a48b46594b2e3eaa96936eb85843ce2e2403f8efb6530663696,deterministic_direct_block_materialization,selected,
Q-189,404fe683-4727-4c53-9c1d-9adf98a793c4:OUTLINE:89ac3ac6d4a7bbea,404fe683-4727-4c53-9c1d-9adf98a793c4:OUTLINE:89ac3ac6d4a7bbea,Unpack your router,Hardware Setup > Unpack your router,404fe683-4727-4c53-9c1d-9adf98a793c4:3252b308-2ca3-5fec-b98f-6d89b53b5bb2,3252b308-2ca3-5fec-b98f-6d89b53b5bb2,outline_direct,404fe683-4727-4c53-9c1d-9adf98a793c4,netgear-xr500.pdf,11,11,5,2,2279,2421,e76a8e94590dcd4c418f7fe26fb361a2ed812b34732bb67edff3fa059f1cdfc3,deterministic_direct_block_materialization,selected,
Q-190,404fe683-4727-4c53-9c1d-9adf98a793c4:OUTLINE:8c80cd632556e4e9,404fe683-4727-4c53-9c1d-9adf98a793c4:OUTLINE:8c80cd632556e4e9,Specify an Internet connection without a login,Specify Your Internet Settings > Manually set up the Internet connection > Specify an Internet connection without a login,404fe683-4727-4c53-9c1d-9adf98a793c4:cb248990-463a-5428-8ee2-082f71f0484e,cb248990-463a-5428-8ee2-082f71f0484e,outline_direct,404fe683-4727-4c53-9c1d-9adf98a793c4,netgear-xr500.pdf,28,30,49,24,21224,23536,b8bf094da58ea7f813153b2ab95e1a9c7f6ca4029fa9825896e24f1c28f5fbb7,deterministic_direct_block_materialization,selected,
Q-191,404fe683-4727-4c53-9c1d-9adf98a793c4:OUTLINE:404443cd868cae72,404fe683-4727-4c53-9c1d-9adf98a793c4:OUTLINE:404443cd868cae72,Prevent network congestion with Anti-Bufferbloat,Customize Quality of Service Settings and Optimize Gaming > Manage bandwidth allocation > Prevent network congestion with Anti-Bufferbloat,404fe683-4727-4c53-9c1d-9adf98a793c4:44b909e7-8fcd-5a49-bae0-e2be984df636,44b909e7-8fcd-5a49-bae0-e2be984df636,outline_direct,404fe683-4727-4c53-9c1d-9adf98a793c4,netgear-xr500.pdf,54,55,91,45,64393,67824,37468bdc6853bcca43bbf87ccdd55814a9f5a37c939f160c190d9dba1a7a6e68,deterministic_direct_block_materialization,selected,
Q-192,404fe683-4727-4c53-9c1d-9adf98a793c4:OUTLINE:74afed194cd3e540,404fe683-4727-4c53-9c1d-9adf98a793c4:OUTLINE:74afed194cd3e540,Prioritize traffic for a device and view prioritization information,Customize Quality of Service Settings and Optimize Gaming > Manage traffic prioritization > Prioritize traffic for a device and view prioritization information,404fe683-4727-4c53-9c1d-9adf98a793c4:d9934c94-0789-5258-8d3c-3482e84637b0,d9934c94-0789-5258-8d3c-3482e84637b0,outline_direct,404fe683-4727-4c53-9c1d-9adf98a793c4,netgear-xr500.pdf,59,61,101,50,74581,77813,0802d9a66a56ad617abe039dfb9e310abe8d1d885670001e5040bb56c653ee14,deterministic_direct_block_materialization,selected,
Q-193,404fe683-4727-4c53-9c1d-9adf98a793c4:OUTLINE:fb4e7790552c591a,404fe683-4727-4c53-9c1d-9adf98a793c4:OUTLINE:fb4e7790552c591a,Change a reserved IP address,Manage the Router’s Network Settings > Manage reserved LAN IP addresses > Change a reserved IP address,404fe683-4727-4c53-9c1d-9adf98a793c4:e3bace6b-5d07-5dcc-8041-f1933c6cd04f,e3bace6b-5d07-5dcc-8041-f1933c6cd04f,outline_direct,404fe683-4727-4c53-9c1d-9adf98a793c4,netgear-xr500.pdf,89,90,159,79,120600,121443,41b48503260423eae6fbc975a06cf22ce770a559e9fb3f93e712bd53d8ab08c2,deterministic_direct_block_materialization,selected,
Q-194,404fe683-4727-4c53-9c1d-9adf98a793c4:OUTLINE:2a1f86ae07dbb7ba,404fe683-4727-4c53-9c1d-9adf98a793c4:OUTLINE:2a1f86ae07dbb7ba,Configure WPA/WPA2 enterprise WiFi security,Manage the Router’s WiFi Settings > Configure WPA/WPA2 enterprise WiFi security,404fe683-4727-4c53-9c1d-9adf98a793c4:e8550a88-ca9e-5dc2-8bb3-4dd7ff222c8d,e8550a88-ca9e-5dc2-8bb3-4dd7ff222c8d,outline_direct,404fe683-4727-4c53-9c1d-9adf98a793c4,netgear-xr500.pdf,106,108,191,95,146990,150014,528c53d866cf65b0ede9543673cce46960505c1cf93fe7bb57133cd72ba9a10e,deterministic_direct_block_materialization,selected,
Q-195,404fe683-4727-4c53-9c1d-9adf98a793c4:OUTLINE:9605907c7bf37548,404fe683-4727-4c53-9c1d-9adf98a793c4:OUTLINE:9605907c7bf37548,Approve USB devices,Share USB Storage Devices Attached to the Router > Approve USB devices,404fe683-4727-4c53-9c1d-9adf98a793c4:dee55ef8-729a-51e5-9b1c-29cce4910ea6,dee55ef8-729a-51e5-9b1c-29cce4910ea6,outline_direct,404fe683-4727-4c53-9c1d-9adf98a793c4,netgear-xr500.pdf,152,153,305,152,217096,218671,e65f4ec05ae51294c7105def6a3021980815f506d573d38c812ab5dc21bcf5e7,deterministic_direct_block_materialization,selected,
Q-196,404fe683-4727-4c53-9c1d-9adf98a793c4:OUTLINE:6096909eb580ff0a,404fe683-4727-4c53-9c1d-9adf98a793c4:OUTLINE:6096909eb580ff0a,Set up FTP access through the Internet,Use Dynamic DNS to Access USB Storage Devices Through the Internet > Access USB storage devices through the Internet > Set up FTP access through the Internet,404fe683-4727-4c53-9c1d-9adf98a793c4:1d4788df-374d-52e0-a31b-c406a91abfcc,1d4788df-374d-52e0-a31b-c406a91abfcc,outline_direct,404fe683-4727-4c53-9c1d-9adf98a793c4,netgear-xr500.pdf,161,161,327,163,228296,229387,13019c4f96e9efebeef92adfc07923cd19e56c27538309324b327f2a38d37bf4,deterministic_direct_block_materialization,selected,
Q-197,404fe683-4727-4c53-9c1d-9adf98a793c4:OUTLINE:3dba8dc2dd4b2305,404fe683-4727-4c53-9c1d-9adf98a793c4:OUTLINE:3dba8dc2dd4b2305,Use FTP to access storage devices through the Internet,Use Dynamic DNS to Access USB Storage Devices Through the Internet > Access USB storage devices through the Internet > Use FTP to access storage devices through the Internet,404fe683-4727-4c53-9c1d-9adf98a793c4:9c7f8f5e-dadb-5ed0-b8be-baa2f11349a8,9c7f8f5e-dadb-5ed0-b8be-baa2f11349a8,outline_direct,404fe683-4727-4c53-9c1d-9adf98a793c4,netgear-xr500.pdf,162,162,329,164,229388,230748,722f8069b29e06421dd026ff485257c2501caf3454403012aca77b73cae7405e,deterministic_direct_block_materialization,selected,
Q-198,404fe683-4727-4c53-9c1d-9adf98a793c4:OUTLINE:65bda46f8a067355,404fe683-4727-4c53-9c1d-9adf98a793c4:OUTLINE:65bda46f8a067355,Install OpenVPN software on an Android device,Use OpenVPN to Access Your Network > Install OpenVPN software on a VPN client > Install OpenVPN software on an Android device,404fe683-4727-4c53-9c1d-9adf98a793c4:65a39d84-6b18-50df-b32a-a7d46fbe2cfc,65a39d84-6b18-50df-b32a-a7d46fbe2cfc,outline_direct,404fe683-4727-4c53-9c1d-9adf98a793c4,netgear-xr500.pdf,180,180,367,183,254225,255763,79a2fec16a09b4f0fc306fc21cc4c9b585bf73583509e398ce3457de11465b81,deterministic_direct_block_materialization,selected,
Q-199,404fe683-4727-4c53-9c1d-9adf98a793c4:OUTLINE:f34b65066a692479,404fe683-4727-4c53-9c1d-9adf98a793c4:OUTLINE:f34b65066a692479,Enable the VPN client in the router and connect to a VPN server,Use VPN to Access An External Network > Enable the VPN client in the router and connect to a VPN server,404fe683-4727-4c53-9c1d-9adf98a793c4:36995834-66ad-5975-9724-aa9f228f5502,36995834-66ad-5975-9724-aa9f228f5502,outline_direct,404fe683-4727-4c53-9c1d-9adf98a793c4,netgear-xr500.pdf,185,187,383,191,262861,265743,622c0b2e33eb07787a6152277ba7512e591c309e52349bd12104775d102049cf,deterministic_direct_block_materialization,selected,
Q-200,404fe683-4727-4c53-9c1d-9adf98a793c4:OUTLINE:dd5db5544af2935a,404fe683-4727-4c53-9c1d-9adf98a793c4:OUTLINE:dd5db5544af2935a,Add a port triggering service or application,Manage and Customize Internet Traffic Rules for Ports > Manage port triggering for services and applications > Add a port triggering service or application,404fe683-4727-4c53-9c1d-9adf98a793c4:75118c37-2376-50c5-b907-2ae6d10da16e,75118c37-2376-50c5-b907-2ae6d10da16e,outline_direct,404fe683-4727-4c53-9c1d-9adf98a793c4,netgear-xr500.pdf,194,195,405,202,275585,277471,e014f3afa17b843e8ada2f2db5c99d03405b80090e28509347937b2eecc8e863,deterministic_direct_block_materialization,selected,
